time,theta_deg,sin_theta,cos_theta,theta_dot,x,x_dot,u
0,20,0.342020143325669,0.939692620785908,0,0,0,1080
2.67126551547615e-08,19.9999999998462,0.342020143323147,0.939692620786826,-0.000100475379421536,5.83298328027437e-11,0.00218360295765457,1079.99732873065
1.60275930928569e-07,19.9999999944639,0.342020143234873,0.939692620818955,-0.000703328071567628,2.09987398093809e-09,0.0152852207038764,1079.98397226895
8.28092309797606e-07,19.9999998522175,0.342020140901927,0.939692621668078,-0.00371759194791496,5.6054969352189e-08,0.0807933094762143,1079.9171870864
4.16717420414279e-06,19.9999962576114,0.342020081947762,0.939692643125637,-0.0187889108475361,1.41951482941746e-06,0.408333758562294,1079.58318933283
2.08625836758687e-05,19.9999062001964,0.342018604939939,0.939693180711097,-0.0941455440179605,3.55789342653071e-05,2.04603663622263,1077.91140578937
0.000104339631034498,19.9976537835578,0.341981663376089,0.939706625449945,-0.470932881719222,0.000889934450140626,10.23461589633,1069.50777318315
0.000327791589987374,19.9768428164968,0.341640320682476,0.939830778004197,-1.62549434536569,0.00878346576392194,35.3254066367169,1046.6500283553
0.000673846959737955,19.9021379291446,0.340414635795809,0.940275425466393,-3.76773882331626,0.0371158754637795,81.8724752639387,1010.23059687844
0.00113665923211565,19.7216628491965,0.337451193077245,0.941343025836355,-6.80596550889339,0.105543860219565,147.852571852163,959.656739056737
0.00172062277283601,19.3632058378637,0.331555345392224,0.943435770437947,-10.713434381364,0.24137773477216,232.606772650621,892.971712917032
0.00244208918083831,18.7221261481593,0.320978754780776,0.947086394675471,-15.5086241423037,0.4840604393497,336.374226001066,806.559534096917
0.0033348090394737,17.6353239155929,0.302957493054888,0.953004069981812,-21.2477375660749,0.894775248826905,460.071326412545,694.353905223901
0.00446606539226778,15.8185683101284,0.272592066562352,0.962129702923294,-28.0293383025891,1.57952330912415,605.298753554836,545.716035045422
0.00599671979496521,12.6594329205794,0.219155442456641,0.975689956923629,-36.0220530295649,2.76544271462764,774.779338440848,338.009809983382
0.00796696022063586,7.64023581120751,0.132952436107615,0.991122419145612,-44.4623479570025,4.63987962767679,951.374709719053,71.3356275961691
0.00993720064630651,1.94747776038044,0.0339833545760208,0.999422398994419,-50.4290594243223,6.75703144988345,1074.56521276382,-177.288503144566
0.0120911350713424,-4.44723876056947,-0.077541043942167,0.99698916067546,-51.8162747783701,9.13279866094414,1102.98957268444,-406.206146265056
0.0144440052913996,-10.9004472401968,-0.189103107971179,0.981957236622675,-47.8690810598044,11.537136805819,1021.87452770619,-583.364801875702
0.0165072252042969,-15.6281668468559,-0.26939328288065,0.963030248298975,-39.9929608722229,13.3071191497597,857.873817946658,-668.224261417979
0.0185704451171942,-19.2548778952773,-0.329771019401168,0.944060948648505,-30.6792545078348,14.6691447827794,660.145641531232,-690.382856674888
0.0208808678964456,-21.9367246818698,-0.373582417979559,0.927596990603433,-20.2590871594654,15.6727678214918,434.389345415679,-652.36569532995
0.0235462896317391,-23.2959069455323,-0.395479890245245,0.918474635693119,-8.89998206344168,16.1630660361932,183.947706364494,-546.818414489884
0.0263479248423312,-22.9503389387149,-0.3899331351317,0.920843173470034,2.15277830808041,15.9889490798508,-62.1483324039126,-390.702896127353
0.0291495600529233,-21.1263370649354,-0.360425619422627,0.93278795707482,11.3629490876048,15.2408698601882,-267.015211985598,-213.616029039061
0.0318817291445977,-18.3267533123675,-0.314435740175538,0.9492787605863,17.8839422188557,14.1189337157536,-410.639351661444,-42.294794182067
0.0351267752140908,-14.3322164458496,-0.24754383477237,0.968876694872051,21.4843854047116,12.5318991386662,-489.063804673615,133.684524333453
0.0372999805495359,-11.6419559035353,-0.201795179423911,0.979427743920536,21.6058296167653,11.4615899200264,-492.502572666703,222.530037437692
0.0394731858849811,-9.22083069020458,-0.160240064454413,0.987078072770156,19.4443690554514,10.4879529164273,-448.018872270826,281.472027444108
0.0423696864053132,-6.74670336389962,-0.117480258930383,0.993075218078495,14.9082203350112,9.46014435315722,-354.844943425828,309.480851580978
0.0458869238565693,-5.25131406042285,-0.0915244571076367,0.995802828752335,7.42044496752795,8.75114838752009,-201.577509469519,270.860004038583
0.0494256791284755,-5.45669745815514,-0.0950934327130853,0.99546835160885,-1.01295971151762,8.64751962525962,-29.2839584254854,173.251526796655
0.0517956362360913,-6.37953548291739,-0.111113977833028,0.993807669486466,-6.79614071619451,8.85800731051946,88.8149766860536,91.3738146962409
0.0541655933437071,-7.71941128925667,-0.134321913822066,0.990937749541906,-9.86737030526279,9.21710814855962,151.522083199817,8.59127342930438
0.0578221486586762,-10.1097216431407,-0.175533768830332,0.984473410509507,-11.4093134729834,9.885519095437,182.797985891547,-99.8621311597407
0.0605391066805449,-11.7604919103334,-0.203821028945889,0.979008165522351,-10.6042773295126,10.335301459666,165.54630605578,-153.419564417924
0.0632560647024135,-13.0435780386439,-0.225692075840525,0.974198689643337,-8.24233475285069,10.6499549227909,115.810940247246,-179.226613030267
0.0665402721748891,-13.9100729398705,-0.240398696512781,0.970674233053992,-4.60482143862509,10.778112963942,39.0225167639955,-174.794752543968
0.070004486478127,-13.9404977741392,-0.240914103748569,0.970546441245871,-0.153285416512756,10.5868200207362,-55.2197198155506,-136.474589184717
0.0732497814086867,-13.2290550114923,-0.22884454805663,0.973462979688882,3.82616030695596,10.1338746636094,-139.569859386757,-81.6084445026056
0.0762939440795108,-12.0823954216864,-0.209318121433799,0.977847597552617,6.57421675703761,9.53164484521641,-197.831024000431,-25.1459615920541
0.0793381067503349,-10.6846289373721,-0.18540299761832,0.982662571015169,8.01390397402976,8.83608084842917,-228.491073572929,26.1316833064805
0.0825178525087081,-9.19607084587461,-0.159813492791826,0.987147226872302,8.17053996704612,8.09731416091748,-232.335143640428,65.8569667040335
0.085522749783626,-7.96073708421138,-0.13849447015435,0.990363206978463,7.17516757795313,7.45940001504314,-212.291498680858,85.7896854467755
0.0885276470585438,-7.02773925967904,-0.122349861800505,0.992487033324566,5.41911501865863,6.92881086391465,-176.574805254532,87.6511355582516
0.0917845974620902,-6.42682642153992,-0.111934211434893,0.993715619435686,3.22016188260386,6.49952973830677,-131.804624700594,71.9920800915527
0.0955209142129007,-6.23332380521979,-0.108577545668766,0.9940879823117,0.903900282350772,6.18309769210837,-84.690904787384,39.1846913984907
0.0981468701360233,-6.33588088082489,-0.110356747153403,0.993892040594812,-0.681640778797717,6.04515646061071,-52.52991121558,12.5806912741416
0.100772826059146,-6.54765419373109,-0.114029550667957,0.993477358360252,-1.40754136256567,5.94554430787533,-37.9336727849312,-12.479688011785
0.104429750052108,-6.86901658182606,-0.11959997519374,0.992822162289731,-1.53375672426447,5.81498655444368,-35.7015222856502,-39.0305355655389
0.109447229519836,-7.0494053695603,-0.12272515700703,0.992440696383215,-0.627482045495825,5.53993503688686,-54.8186633001469,-52.3840531980349
0.111463023899496,-6.97590333330812,-0.121451901303524,0.992597317984367,0.636400494249497,5.37626516164729,-81.1937352792821,-50.0585319282924
0.113478818279156,-6.80828010286912,-0.118547465537061,0.992948386581467,1.45132723035137,5.17838458515264,-98.1650601327895,-44.0665022755626
0.116770958418058,-6.34515570358031,-0.110517633168207,0.993874163442685,2.45525563094819,4.78637751998866,-119.073626463141,-28.6392486014612
0.12124096232246,-5.43528945287387,-0.0947214791113572,0.995503812848026,3.55260580689128,4.15168690901888,-141.98882697727,-3.38747226975485
0.125580865202434,-4.42645958856723,-0.0771794658094339,0.997017216530071,4.05709602531533,3.4888470348211,-152.731499420487,17.1065963673412
0.12747307849958,-4.00014482629747,-0.069758995282297,0.997563873933496,3.93221856261486,3.2042075758535,-150.426730113837,23.0601224620319
0.129365291796726,-3.60232297847499,-0.0628309830969584,0.99802418185286,3.66940719174871,2.92948051204597,-145.188211192631,26.7845541737491
0.13257116907463,-3.01989851608468,-0.0526827717464886,0.998611298534674,3.17080899600579,2.49616508783726,-135.162823354235,27.9519145599647
0.136909281625719,-2.4451670623603,-0.0426632631024138,0.999089508493335,2.31228583033113,1.98497537232781,-117.836895536786,20.8317014074958
0.140806220640177,-2.11858306368347,-0.0369678245940782,0.999316456356434,1.46267776839521,1.59262288490441,-100.682224168187,9.47593820508828
0.143326238719182,-1.97296834838904,-0.0344279889155679,0.999407181072474,1.00850713826818,1.36194247909734,-91.5391868530142,1.65214584311772
0.145846256798188,-1.85214457271721,-0.0323203913485045,0.999477559679596,0.83680856011814,1.13986966329937,-88.1235010367885,-5.32076203512661
0.148923179426974,-1.70542041788637,-0.0297608064521109,0.999557049096909,0.832266489266494,0.868733743286117,-88.1191868383948,-11.5753029130125
0.152830087380255,-1.47020723732939,-0.0256571411753309,0.999670801367485,1.05076559107554,0.506663432493109,-92.6743898557734,-14.8634405975437
0.156226077906428,-1.19063177520807,-0.0207789490961067,0.999784094329601,1.43684509252765,0.164902755100368,-100.63652261654,-13.5038593488437
0.1596220684326,-0.834533357289635,-0.0145648398022859,0.999893927095036,1.83012579273115,-0.204313312964562,-108.721171398859,-9.15288043487116
0.162546207923228,-0.4766721987971,-0.00831940335099583,0.999965393165125,2.13596358884937,-0.540589267651236,-114.999970338131,-4.0980571534157
0.165523143903978,-0.081608775883505,-0.00142434135608385,0.999998985625336,2.3161927326036,-0.893941372659759,-118.696575033304,1.21354912889348
0.168699136061028,0.350167460750094,0.00611153707757745,0.999981324382885,2.37277568346594,-1.27459477693222,-119.853382958618,6.0320344224674
0.171875128218078,0.768045067915214,0.0134045137836455,0.999910155469092,2.29639739481016,-1.65024464850733,-118.277959453163,9.20682969605517
0.175343440473935,1.18558849857839,0.0206909462378495,0.999785919456652,2.10116826212479,-2.04651690139434,-114.255068071749,10.3982667531793
0.178705158209778,1.5389001272561,0.0268556448684517,0.999639322125085,1.83431557630859,-2.41209456868636,-108.747282198676,9.42625567748956
0.182066875945621,1.84042589642218,0.0321159680430375,0.99948414924733,1.56545488499694,-2.75895087770384,-103.178296416517,6.93191322912526
0.185011443365429,2.06869656232976,0.0360977221409288,0.999348264848764,1.35302546615415,-3.04972332920301,-98.748783791877,4.12587904559439
0.188092533734883,2.28311179202927,0.0398372734155744,0.999206180748905,1.21458681049295,-3.34495079147446,-95.8191506481893,1.21013815199546
0.191237761259009,2.48977202439149,0.0434410447248292,0.999055992241283,1.1467855536651,-3.64159207334251,-94.31472909118,-1.1904933169323
0.194382988783135,2.69707097898477,0.0470553863383051,0.998892281788458,1.15032990963049,-3.93803900079351,-94.2529356547602,-2.63375077572633
0.197811766816464,2.9350928111621,0.0512046312727191,0.998688182435451,1.21158751681846,-4.2649742476006,-95.3503678654838,-2.9620782926614
0.201097845331696,3.18058021558755,0.0554830911013443,0.998459626926317,1.30385304536661,-4.5839350983437,-97.0642817159148,-2.17890521251597
0.204383923846928,3.44270275985707,0.0600503489317291,0.998195349414721,1.39220697862256,-4.90823269750632,-98.6883294660803,-0.649334653284662
0.207453752853318,3.69805011104699,0.0644983471689584,0.997917813856669,1.45175904105245,-5.21434620528088,-99.7167943678467,1.07529254530019
0.210782071651373,3.97855174122209,0.0693830380108656,0.997590093192782,1.47091588901516,-5.54686106941867,-99.9047520123678,2.85594631938855
0.213706150176118,4.22100634986994,0.0736038375731156,0.997287558878837,1.44716743128766,-5.83695015996847,-99.2070110617334,4.06900476006685
0.216630228700864,4.4539007748901,0.0776569674198647,0.99698013792209,1.39010443520652,-6.1230110684993,-97.8294208277906,4.79817589568027
0.220154941216544,4.71631930135187,0.0822223730846472,0.99661400821197,1.29941584870085,-6.46042712669422,-95.7286748050586,4.97631788865509
0.223542561795132,4.94698408178143,0.0862339242943386,0.996274917028828,1.1884034216617,-6.77608398648382,-93.1795200987879,4.51882808871926
0.22693018237372,5.15728215029508,0.0898900564069642,0.995951694490829,1.08347249079405,-7.08349654569614,-90.7458648572922,3.65572935256402
0.230066377994423,5.33688337369393,0.0930115524064577,0.995665029575178,0.999501647227391,-7.36180090579769,-88.7394773031351,2.7211636618782
0.233380024952171,5.51553917371162,0.096115710140404,0.995370167457417,0.940997027701539,-7.65090521181756,-87.2465623846442,1.81922007362038
0.236240208346489,5.66441572315864,0.0987017386373172,0.995117061852509,0.90846830731943,-7.89770697147837,-86.2887883871917,1.24806009628858
0.239100391740806,5.81134745083931,0.101253331701043,0.9948606750794,0.896600696572924,-8.14301799271976,-85.7675845992159,0.939898559289198
0.24262169856633,5.99239532512552,0.104396462822517,0.994535760317419,0.897360459226841,-8.44396319952563,-85.4640682329788,0.936690255030889
0.246083062206753,6.17190605810575,0.107511878925032,0.994203799977655,0.905150009835593,-8.7390940433466,-85.2643277274688,1.27482798889291
0.249544425847176,6.35236812564015,0.110642741680797,0.993860243552058,0.909946940173762,-9.03329459851878,-84.9955640997653,1.82131210081979
0.252656268737813,6.51362219104951,0.113439434346649,0.993544913295374,0.90442045840036,-9.29631932509388,-84.5237808651982,2.3607819819116
0.255866025415131,6.6766579775814,0.116266114527502,0.993218098210397,0.886519309599967,-9.5653053654368,-83.8026266114545,2.85229038507058
0.258791919163025,6.82039154429137,0.118757356814938,0.992923305297207,0.857387246727545,-9.80772451908866,-82.8530269858136,3.17365976615446
0.261717812910919,6.95794399163369,0.121140766066584,0.992635338277255,0.82051615921733,-10.0469256056091,-81.7531691615938,3.34024453837395
0.265197258519777,7.11216858409323,0.123812227251777,0.992305664794349,0.773607990627266,-10.3266955129278,-80.4064609047199,3.3337574594785
0.268604296952803,7.25295265833409,0.126250090564047,0.991998444874068,0.721196921659709,-10.5955414331075,-78.9089778306048,3.15296835892995
0.27201133538583,7.38420383363777,0.128522192793899,0.991706633011723,0.672362581518163,-10.8595210234411,-77.4806611439158,2.87019312534311
0.275132702611158,7.497196077987,0.130477673061237,0.991451247834469,0.631802204210183,-11.0974710670061,-76.2326334543568,2.58850521914454
0.278403950342988,7.60966470793065,0.132423587578167,0.991193217013175,0.600060912117374,-11.34336314921,-75.1676737323689,2.33342879678753
0.281300564793986,7.70537040038723,0.134079070843263,0.990970636679921,0.576666130244979,-11.5585321231671,-74.2829180745645,2.1786311281052
0.284197179244984,7.79833989769464,0.135686866200587,0.990751772312654,0.560179429947754,-11.7716058579578,-73.5595773601687,2.1076422711706
0.287696730647886,7.9077811862147,0.137579063204048,0.990490788128742,0.545815906780553,-12.0264931906676,-72.8342874170684,2.13077805103505
0.291165524522774,8.01350463442882,0.139406503607651,0.990235238088349,0.531949240701779,-12.276504588685,-72.074446344958,2.24754781911221
0.294634318397663,8.11626627143367,0.141182293965574,0.989983615960698,0.517046839668864,-12.523791066301,-71.2888936428745,2.41603529916848
0.297709347401705,8.20433444156616,0.142703810142916,0.989765438157291,0.499858548650432,-12.7405121748296,-70.4777445168056,2.56909188572294
0.3,8.26774480812101,0.14379911541078,0.989606898928598,0.483146015726092,-12.9002959428982,-69.7546926965549,2.66793489563827
0.304293657232603,8.38076349768516,0.145750881743508,0.989321323166033,0.459409809009777,-13.1956813271489,-68.7957534215078,2.79086952602903
0.30705407152063,8.44894888031314,0.146928129424937,0.989147170437084,0.431116239961641,-13.3825731292216,-67.7042583366481,2.81658911123426
0.309814485808656,8.51344468094229,0.148041483536386,0.988981152071336,0.407788091653974,-13.5670283841048,-66.8215838772015,2.80211625014333
0.313677250188412,8.59750136505115,0.14949222422242,0.988762901254408,0.379796889423774,-13.82103697767,-65.7582416614415,2.72803252754449
0.31645658605949,8.65373533045722,0.150462591061922,0.988615703239096,0.353130349592438,-14.0009065380639,-64.7167412422866,2.65259229522214
0.319235921930567,8.70669125455826,0.151376259903803,0.988476215160252,0.332545355031548,-14.1784439332799,-63.8776324457336,2.57237299077136
0.323383107647527,8.78031489648627,0.152646301765019,0.988280884444024,0.309842637067897,-14.4392563289294,-62.8890079802683,2.46969722980759
0.327389248787995,8.8461096815328,0.15378107902196,0.988104943685053,0.286643827423873,-14.6868088941785,-61.7932710229448,2.40962152736466
0.329945510698021,8.88569490502723,0.154463716545401,0.987998461674401,0.270274529540824,-14.8426267806199,-60.9553683956367,2.39549001960628
0.332501772608048,8.92357524655214,0.155116884763808,0.987896124124987,0.258634171559832,-14.9968291220696,-60.3233732994651,2.4000255491438
0.336112743347267,8.97423966971266,0.155990382018083,0.987758574104954,0.244881795404959,-15.2119151994153,-59.5646137504186,2.42913528785232
0.341092094136021,9.03859048913991,0.157099668317147,0.987582753096996,0.225558255083871,-15.5032088888026,-58.5003350326747,2.48950835222859
0.343206930998406,9.0639038316518,0.157535968188236,0.987513249899461,0.208905556440531,-15.6250322688169,-57.6041500794345,2.51418514654613
0.345321767860791,9.08794462592202,0.157950305995116,0.987447062295518,0.198403490251626,-15.7456976488804,-57.0565901368746,2.53392521523563
0.348803350527264,9.12467665824411,0.158583320773319,0.987345598244357,0.184138929442378,-15.9417909554715,-56.3230362097916,2.55271975036738
0.353492932362024,9.16843764756853,0.159337382698084,0.987224188558467,0.162865981350399,-16.2008444328739,-55.2402083021971,2.54868309431988
0.35685973651736,9.195722668784,0.159807494056467,0.98714819801456,0.141443765278613,-16.3831931035962,-54.1607596727435,2.52292062023695
0.359382092692588,9.21400584892158,0.160122486574239,0.987097152915194,0.126509370195114,-16.5178493956467,-53.3851219636976,2.49672527611565
0.361904448867817,9.2305347513402,0.16040724141435,0.987050919102879,0.114370750562142,-16.6508615262192,-52.7332863926242,2.46878685275311
0.365352895963527,9.25040401489087,0.160749525296211,0.986995233077163,0.100562386280207,-16.8300854003988,-51.9723426821665,2.43037133739561
0.370032143705605,9.27271105045967,0.161133781158695,0.986932573466649,0.0832038050761886,-17.0685621099068,-50.9647538777518,2.38741521674632
0.372331305887493,9.28187619719982,0.16129165079202,0.986906785560209,0.0695740336649966,-17.1838073950283,-50.1249046410623,2.37383524586782
0.374630468069381,9.28989625207078,0.161429792834586,0.986884198873091,0.0608814657754594,-17.2977928112685,-49.5769359543806,2.36381399319916
0.3783725682377,9.30063737182866,0.161614799110206,0.986853918626545,0.0500969767493574,-17.4806678756398,-48.8696336670986,2.35638766763477
0.38332747142046,9.31062389488438,0.161786803030725,0.986825734547441,0.0351768141010511,-17.7178250088125,-47.8631215233087,2.35971732837626
0.385857751766976,9.31378136263345,0.161841184983114,0.98681681726816,0.0217794871318377,-17.83670987061,-46.9848576112057,2.35825959503152
0.388388032113492,9.31573353817766,0.161874807604028,0.986811302460181,0.0134656584082523,-17.9541306505702,-46.4062332547189,2.35856374212148
0.391743130787784,9.31638426029418,0.161886015049788,0.98680946394494,0.00338506987463688,-18.1075414997384,-45.7246907054337,2.35574207982205
0.395936222976346,9.31408054084401,0.161846337787834,0.986815972177521,-0.00958898293658157,-18.2956001236848,-44.8496277900521,2.34405237222546
0.398987822948458,9.31030565952343,0.161781321946613,0.986826633137354,-0.0215900211424543,-18.4299290823936,-44.0191899122918,2.33255866376045
0.402039422920571,9.30475542638582,0.161685727447172,0.986842300238432,-0.0317439518251792,-18.5621210825269,-43.3189151072765,2.31669163339826
0.405097307951592,9.29746787855102,0.161560207985797,0.986862857339147,-0.0415946652093562,-18.6924625096407,-42.6246983753858,2.29764587073851
0.408506530088834,9.28740441683386,0.161386872368387,0.986891218639192,-0.0515192422324223,-18.8353111782734,-41.9006632252537,2.27531663552095
0.411269192060919,9.27781433032321,0.1612216856526,0.986918217521257,-0.0605859807871236,-18.9491840525168,-41.2185332096566,2.25741003431931
0.414031854033004,9.26701500854134,0.161035664770888,0.986948587653784,-0.0682254014354295,-19.0613984739291,-40.6182234910004,2.2414233157719
0.417962027018612,9.24964091682322,0.160736379913106,0.986997373944039,-0.0771556636654676,-19.2182064158858,-39.8984834843061,2.22139584912343
0.422876932546534,9.22477187896613,0.160307961938599,0.98706704804643,-0.088312296125221,-19.4097008759033,-38.9619818589693,2.2014064042509
0.424871037236285,9.21374270429825,0.160117953091887,0.987097888305747,-0.0965322496463581,-19.4859589920459,-38.2417816549907,2.19564336970074
0.426865141926037,9.20216380638323,0.159918467317605,0.987130226368734,-0.101343672379875,-19.5613864930337,-37.8252462748841,2.18955391901655
0.430160634466559,9.18186993099387,0.159568820758916,0.987186806760306,-0.107478605755784,-19.684237659609,-37.2785448805449,2.17978822852695
0.434612031281378,9.15224118702347,0.159058306258241,0.987269190854379,-0.116170082566496,-19.84664828855,-36.4853181366078,2.16739191789058
0.438742968670086,9.12251049836936,0.158545992458237,0.987351593038383,-0.125612750103167,-19.9937608815617,-35.612399600599,2.15499430175182
0.440803399518456,9.1067871940941,0.158275034082042,0.987395064594881,-0.13318740064161,-20.0658106821082,-34.9683177203045,2.14221769244503
0.442863830366826,9.09061539988229,0.157996334482564,0.987439698558891,-0.136986424550197,-20.1370315847883,-34.5660242547775,2.13252343909111
0.446235383230276,9.06308008798021,0.15752177065519,0.987515514698202,-0.142540210021506,-20.251750057159,-34.025411143421,2.11626326026305
0.450740900253445,9.02421573581776,0.156851891923884,0.987622136244373,-0.150551180564003,-20.4015325189409,-33.244233905172,2.09100275340951
0.454608800755658,8.98907141511361,0.156246070730164,0.987718160904913,-0.158583218289462,-20.5269542690419,-32.4263124217509,2.0679115387111
0.456988888952298,8.96681651341649,0.155862408172002,0.987778775697688,-0.163196183179582,-20.6027511766209,-31.8462600192825,2.0616191825211
0.459368977148937,8.9439043548448,0.155467390291649,0.987841024940706,-0.168015877050116,-20.6774348672596,-31.3785391415869,2.05058009462629
0.462530125708646,8.91262440591499,0.15492806709908,0.987925753295734,-0.17270244924241,-20.7749701417612,-30.8543786093351,2.03605749509468
0.466619848860627,8.87080503884931,0.154206953068418,0.988038569907752,-0.178468228599462,-20.8983902252931,-30.1781022688746,2.01903346506022
0.470941141528703,8.82500862644982,0.153417166460183,0.988161511614032,-0.184967379755855,-21.0254381925526,-29.4004542201115,2.00144972672121
0.472993000875668,8.80268270933992,0.153032107055152,0.988221217243518,-0.18990617591384,-21.0845583997539,-28.812992122856,1.99161021917672
0.475044860222633,8.78003341195056,0.15264144650528,0.988281634357725,-0.192656876453166,-21.1429228676966,-28.4446728909999,1.98308829484649
0.478371134547191,8.74260034368401,0.151995739647294,0.988381148711909,-0.196415035750837,-21.235925862434,-27.9601096189511,1.96921293123808
0.482863334867815,8.69065344869182,0.151099567111631,0.988518548545589,-0.201826341011304,-21.358380133137,-27.2593076806396,1.94827977804587
0.487024122805208,8.64118425468227,0.150246023673339,0.988648639492489,-0.20750884850805,-21.4686141268312,-26.4935380877261,1.92719769926854
0.488972718899154,8.61768704598631,0.14984056262782,0.988710172796547,-0.210461089420702,-21.5192327286053,-25.9769594793591,1.92243938197282
0.4909213149931,8.59386667973097,0.149429499545926,0.988772382636901,-0.213355564797745,-21.5691707685113,-25.627701944571,1.91421235750852
0.494269777193809,8.5523232585554,0.148712531649927,0.988880469485706,-0.216538051975901,-21.6534510944876,-25.1698603491739,1.89899697535959
0.49877127369383,8.49538843025855,0.147729807656293,0.989027756905657,-0.22074885825927,-21.7637583861582,-24.5045823472313,1.88091294648679
0.501678204151423,8.45790328743247,0.147082715394383,0.989124195858243,-0.225061855603285,-21.8331546366028,-23.872690267973,1.86598250825525
0.504585134609016,8.41993665663516,0.146427247209745,0.989221441980801,-0.227952722973203,-21.9011455163852,-23.3892350623086,1.85156839248669
0.508377599860431,8.36969848159455,0.145559820340536,0.989349452267717,-0.231200948861611,-21.9877514296787,-22.8363103026795,1.83278449822594
0.511666297138813,8.32553325738317,0.14479715834112,0.989461360001661,-0.234387209317525,-22.0609568562312,-22.2597035712827,1.81730068727041
0.514429954512739,8.28805830598644,0.144149959042992,0.98955585456704,-0.236665114521269,-22.1211448301552,-21.7783776280996,1.80757167836174
0.518350761887531,8.23424319844524,0.143220454453867,0.989690811024346,-0.239555459915604,-22.2044294979726,-21.2417137227639,1.79264034931103
0.520775621958681,8.20057575722482,0.142638879820359,0.989774797599733,-0.242326436485564,-22.2547065708315,-20.7340099566971,1.78177461524186
0.523200482029832,8.16665235530501,0.142052833883679,0.989859077033502,-0.24416875184763,-22.3040606842567,-20.3533861654359,1.77099189834972
0.526816838816973,8.11561294848849,0.14117100553311,0.989985225746713,-0.24632682825448,-22.3759688858226,-19.8841557397094,1.75560558838601
0.532092396581642,8.0401997064083,0.139867855792376,0.990170178765268,-0.249491984092725,-22.477248465893,-19.1978904578881,1.7320666674738
0.534102949715346,8.01119778988939,0.139366634611288,0.990240850074932,-0.251761032403508,-22.5147363243797,-18.6455447798401,1.7237036490261
0.53611350284905,7.98204304478426,0.138862736202925,0.990311638068662,-0.253087713094571,-22.5516113757081,-18.3407494734995,1.71501036075567
0.539429098097399,7.93365395556702,0.138026320146344,0.990428561253591,-0.254720152980863,-22.6110973154688,-17.9412549798805,1.70037137949264
0.543915240108816,7.86758591239145,0.136884160625037,0.990587061580142,-0.257037089068724,-22.6889806140401,-17.3608633817253,1.67916848972837
0.548229187867698,7.80348085437036,0.135775762462745,0.990739593600488,-0.25935509472649,-22.7610962411852,-16.716852214225,1.65869884943753
0.55012403935814,7.775225068354,0.135287156302863,0.990806431821819,-0.260261292883386,-22.7919450697344,-16.2803410741234,1.65361228843664
0.552018890848582,7.74683169534412,0.134796137811277,0.990873352770758,-0.261528593279727,-22.8222637403855,-16.0005524464544,1.64617582635503
0.555176249056612,7.69930412721582,0.133974149648637,0.990984826940314,-0.262723610895678,-22.8716424700286,-15.6392548420893,1.63311183906609
0.559455460299405,7.63453517870952,0.132853823916369,0.991135642316832,-0.264168170335986,-22.9363310998055,-15.1169517246671,1.61692105915727
0.563376946219576,7.57485439242679,0.131821359157429,0.991273488634639,-0.265620288333713,-22.9933807910417,-14.5479780872484,1.60378416245768
0.565946365871628,7.53545493827411,0.131139678633263,0.991363901243113,-0.267628605511646,-23.0295661101091,-14.0830708749925,1.58839053815109
0.56851578552368,7.49600838290616,0.13045712105224,0.991453952317888,-0.267948549856838,-23.064878103029,-13.7431785001143,1.57725224903037
0.571563238267524,7.4490791764776,0.129645008019511,0.991560473141009,-0.2687717370453,-23.1056042188821,-13.3639860159965,1.56456960424786
0.57538786514151,7.38995933714726,0.128621811542309,0.991693717634419,-0.269787323982535,-23.1549525537741,-12.9027841193259,1.54838311974541
0.578827422635019,7.33662762874253,0.127698673651473,0.991813010979214,-0.270620249591045,-23.1976841445456,-12.4235721752498,1.53515815596478
0.582266980128528,7.28315351580987,0.126772959746197,0.99193176009098,-0.271342850648521,-23.2388709056698,-11.9744360144714,1.52300178639515
0.58518763298765,7.23758522645635,0.125984019857691,0.992032271017681,-0.272307844198688,-23.2726216593212,-11.5558935893484,1.51022390424706
0.588119157451789,7.19174934194031,0.125190366608792,0.992132739157597,-0.272891156173239,-23.3053946377802,-11.1795002429307,1.49728004534618
0.591294471066099,7.14201351394618,0.12432909480256,0.992241037342024,-0.273375817365224,-23.3396619043606,-10.7917738978442,1.48376462443287
0.59446978468041,7.09219530162554,0.123466302436083,0.99234876538582,-0.273828647518222,-23.37266070396,-10.3922961973614,1.47065745635351
0.597960142463517,7.03734908166402,0.122516323015414,0.992466498474776,-0.274254726903507,-23.4074839825977,-9.97699399364674,1.45651886355503
0.602102510910032,6.97219048843101,0.121387579384766,0.992605186149613,-0.274536657607205,-23.4468755210414,-9.50942412590384,1.44161166154426
0.604355823337354,6.93668420689776,0.120772437175375,0.992680219616932,-0.275018018088032,-23.4674155526211,-9.11548320182847,1.4323823810327
0.606609135764676,6.90115768715816,0.120156897921556,0.992754914307589,-0.2751747754605,-23.4873425450646,-8.84342188941353,1.42322088707247
0.610082983149936,6.84636411007935,0.119207443472418,0.992869369766623,-0.27529370836163,-23.5168751502611,-8.50141123693234,1.40975343187239
0.614867805937251,6.77086488597733,0.117899026417339,0.993025588577577,-0.275393698336045,-23.5552190774294,-8.01365669591135,1.39250372848751
0.61727413817555,6.7328406434327,0.117239980830443,0.993103613373185,-0.27579243523323,-23.573473651815,-7.58605735944313,1.38153933552164
0.619680470413849,6.69484189122823,0.116581325464398,0.993181148911398,-0.275607552050402,-23.5910669868108,-7.31126596560951,1.3721601276853
0.623436305012676,6.63553269791429,0.11555318095887,0.993301294859866,-0.275608702351633,-23.6171961473399,-6.95695186824432,1.35741991194502
0.628259178817055,6.55935304108635,0.11423239987941,0.993454054709019,-0.275683314267871,-23.6483832416366,-6.46649602739154,1.33607493458736
0.630805474787141,6.5192383943668,0.11353682230527,0.993533789048375,-0.274961226721382,-23.6638266700284,-6.06505629088805,1.32945404823011
0.633351770757226,6.47909201365354,0.112840638751809,0.99361309887002,-0.275178743727094,-23.6785321432475,-5.77524113136366,1.32009561032814
0.636682597944929,6.42661006860215,0.111930459093253,0.993716042100143,-0.275001579901586,-23.6966912011657,-5.45181628913124,1.30775335241832
0.640850515508067,6.36102212865413,0.110792853910224,0.993843520642172,-0.274651665814506,-23.7177188443973,-5.04511975420392,1.29311199255139
0.643831336692323,6.31413177543284,0.109979464254969,0.993933859691977,-0.274552212476589,-23.7315975826617,-4.65601168484871,1.28055534061248
0.64681215787658,6.2673138299668,0.109167257140305,0.994023395081053,-0.274128250871682,-23.7445380748291,-4.34125073848511,1.26903072735937
0.649981645296022,6.21760742844324,0.10830486074752,0.994117728007332,-0.273716298914091,-23.7572748268042,-4.01855262050542,1.25733395837156
0.653627361285107,6.1605284541119,0.107314451145895,0.994225129724277,-0.273256621943623,-23.7706329307527,-3.66405501374887,1.24416350181518
0.656340964718279,6.11812333912282,0.106578586978234,0.994304281795931,-0.272740249072122,-23.7796903967864,-3.33780018223069,1.23502866598685
0.65905456815145,6.07576697849183,0.105843510575266,0.994382799161924,-0.272426671906487,-23.7879912606885,-3.05898194283346,1.22513965557031
0.662815317223638,6.0171842829285,0.104826737872701,0.994490500219569,-0.271876932666142,-23.7982680516217,-2.73264467687656,1.21185307761424
0.667725177189023,5.94090039700155,0.103502575753685,0.994629185582422,-0.27116964333557,-23.8095580071869,-2.29944553301911,1.19414646259315
0.669770558574046,5.90919438440523,0.102952157692586,0.99468630895697,-0.270548229555909,-23.8135595844873,-1.95639665528934,1.18654977335037
0.671815939959069,5.87753866102456,0.102402581203486,0.99474303785594,-0.270119110371748,-23.8171545039636,-1.7575790523317,1.17929977736902
0.675166145066093,5.82578773069739,0.101504063644787,0.994835124562656,-0.269602635159764,-23.8221668169488,-1.49612122990202,1.16729120869532
0.67969905743279,5.75595063016423,0.100291396600406,0.994958107544202,-0.268897178181711,-23.827228262984,-1.11659913666086,1.1495289050695
0.683993836377157,5.69002128676618,0.0991464479660426,0.995072852536796,-0.267926273011808,-23.8302349324532,-0.700075488896328,1.13267247397816
0.685874344905989,5.66129959982356,0.0986476174457363,0.995122428433949,-0.266570449530028,-23.831035050398,-0.425479561802323,1.12935695703538
0.687754853434821,5.63258180371962,0.0981488297163731,0.995171747602044,-0.266534338050331,-23.8314927786714,-0.243406645812409,1.12356642634452
0.690878538642811,5.5849719976865,0.097321860081452,0.995252960583532,-0.266015240392484,-23.8315312337664,-0.0123108099654523,1.11315804332072
0.69511755153458,5.52060772814154,0.0962037631586161,0.995361660882174,-0.26500707897871,-23.8301759647978,0.319713339695906,1.10038406168835
0.699043716376838,5.46125697643201,0.0951726503958732,0.995460781053993,-0.263836612185882,-23.827495085515,0.682823923732914,1.09023693332782
0.701631993212838,5.42213529976968,0.0944929255844753,0.995525533080135,-0.263805655238058,-23.824937987781,0.987953722099161,1.0769283625149
0.704220270048837,5.38319351281086,0.0938162825393718,0.995589526426676,-0.262592621310228,-23.8218215795177,1.20404750373208,1.06776726480273
0.707263680231804,5.33754854740278,0.0930231115447916,0.995663949693131,-0.261763904776476,-23.8174171943459,1.44718749920816,1.05756327962066
0.711074899234469,5.28059376923016,0.0920333275882583,0.995755927229676,-0.260821643458438,-23.8107792158278,1.74169432758669,1.04459624786063
0.714442133602244,5.23049721982305,0.0911626535928737,0.995836015913215,-0.259664055288189,-23.8038983860709,2.04346624122428,1.03450296542051
0.717809367970019,5.1806012973786,0.0902953972024637,0.995915027120311,-0.258624151116282,-23.7960713248668,2.32447770165614,1.0250116887728
0.720814606266337,5.13619916708286,0.0895235725012279,0.995984703681044,-0.257870854870167,-23.7882803692346,2.59245852208073,1.01475710884157
0.723924853226182,5.09040548014337,0.0887275026064089,0.996055937325424,-0.256973360649681,-23.7794360778763,2.84359778258244,1.00385897647413
0.727009207756474,5.04516501235369,0.0879409941236502,0.996125685620316,-0.256000116172591,-23.7698922725016,3.0942634126515,0.993231566920013
0.730093562286766,5.00010698638631,0.0871576029066963,0.996194535347167,-0.254967741177711,-23.7595899825848,3.34017695294386,0.983253432891461
0.733550766837033,4.94981173701487,0.0862830922433377,0.996270660008076,-0.253909679592345,-23.7471472863796,3.59906277579528,0.972292183505759
0.73694324072412,4.90069212573442,0.0854289588556809,0.996344264292636,-0.25270612911913,-23.7340342108128,3.86534311044708,0.962600854820989
0.740335714611207,4.85179951964511,0.0845787104731116,0.996416801210571,-0.251538253363475,-23.7200344436268,4.12671332246597,0.953565940762402
0.743332358273135,4.808755921992,0.0838301260623465,0.99648005999336,-0.250697976037346,-23.7069224713961,4.37555268828307,0.943620441982688
0.746455308876489,4.76407764254433,0.0830530623633267,0.996545126340034,-0.249694337031944,-23.6925336992443,4.60742867221283,0.933057213426361
0.749536636896814,4.72018405694411,0.0822895972130934,0.996608459822867,-0.248622536833602,-23.6776229680931,4.83905999388929,0.922845148666273
0.75261796491714,4.67648936184226,0.0815295435062466,0.996670925398982,-0.247495979055739,-23.6620144033401,5.06553169607721,0.913337242889524
0.756055692607785,4.6279668334054,0.0806854558075933,0.996739613550661,-0.246348157511202,-23.6437825818614,5.30345132581266,0.902982977348591
0.759360321996331,4.58156316922484,0.0798781732850979,0.996804633532888,-0.245079441509448,-23.6254578493612,5.54517022805331,0.894002530186867
0.762664951384877,4.53538213892119,0.079074711895371,0.99686869242577,-0.243903607937284,-23.606354356507,5.78082762335247,0.885187515111941
0.765769731338568,4.49217242751922,0.0783228992281999,0.996928043269167,-0.24290021967726,-23.5876956858288,6.00965960761125,0.875653673979173
0.769127408710587,4.44565758217356,0.0775135302330111,0.996991300178099,-0.241785351118871,-23.5667580264474,6.23575676323495,0.864933142317078
0.772004395172064,4.40598795003753,0.0768232291360326,0.997044728918975,-0.240656570025542,-23.5482000729951,6.4504834141014,0.855781046497787
0.77488138163354,4.3665068903908,0.0761361728705416,0.99709742913149,-0.239512591469752,-23.5290839575494,6.64449266678361,0.847533819101555
0.778417231933539,4.3182185864637,0.0752958022941233,0.997161241804396,-0.238355649200354,-23.5048252481138,6.86078520789105,0.837268243954023
0.78185118845066,4.27158999367985,0.0744842652247897,0.997222188999986,-0.236992654272831,-23.4804749966957,7.09101914852687,0.828187285093071
0.78528514496778,4.22522243413339,0.0736772223319525,0.997282140073434,-0.235665936992976,-23.4553540976577,7.31543888596557,0.819739137296416
0.788410008843144,4.18321761069527,0.0729460726513218,0.997335886491982,-0.234609410187104,-23.4318191219211,7.53152030785311,0.810516199216162
0.791668110460275,4.13963248201648,0.0721873742200732,0.997391088291454,-0.233480747300979,-23.4066100784788,7.73734106685964,0.800260330833247
0.7945561317031,4.10119444262158,0.0715182379217341,0.997439292210092,-0.232294117336877,-23.3837043129941,7.93130090080625,0.791441601375547
0.797444152945925,4.06295374877296,0.0708525051090847,0.997486803180757,-0.231101491224743,-23.3602824323229,8.11000983090362,0.78355665933203
0.800949513068103,4.01677962946792,0.070048617138324,0.997543578615495,-0.229902316165151,-23.3311597667706,8.30803812938629,0.773880709365159
0.804339786356822,3.9723916061918,0.0692757820716727,0.997597547119257,-0.228511712373739,-23.3022844989241,8.51709151077782,0.765370547736506
0.807730059645542,3.92826212974953,0.0685074073192241,0.997650607749225,-0.227180700641916,-23.2727186644772,8.72078205176586,0.757275136584145
0.810900856489785,3.88719399871978,0.0677922996615144,0.997699455801497,-0.226054881255095,-23.2444391063021,8.91875435869224,0.748457157395276
0.814269328146156,3.84379440178445,0.0670365570088436,0.997750519931912,-0.22486929914562,-23.2137443702212,9.11236287911536,0.738368897777052
0.817065914026993,3.80795808902566,0.0664124892512041,0.997792253563566,-0.223651865548364,-23.187762038508,9.29073263626586,0.730223981530441
0.81986249990783,3.77231213885576,0.0657917107686596,0.997833378272211,-0.222463826242471,-23.1613370667751,9.44901135131692,0.723027348649017
0.82340973777253,3.72734278552559,0.0650085278086063,0.997884708426859,-0.221260402612015,-23.1271794423183,9.62935832319215,0.713650905845272
0.826902682241854,3.68335031291549,0.064242319377678,0.997934328701532,-0.219818408189031,-23.0928619099371,9.82481476089662,0.705252232335157
0.830395626711178,3.63964488104514,0.0634810727757185,0.997983042641128,-0.218384143762635,-23.0578764364913,10.0160405505903,0.69770302825771
0.833523363952084,3.60070763760653,0.0628028457595689,0.998025952851177,-0.217276275886102,-23.0259735096045,10.2000022475155,0.689231906541959
0.836734203094481,3.56094952735859,0.0621102905777348,0.998069292085649,-0.216114821522786,-22.992671178673,10.3718465655062,0.679798836640136
0.839631901413647,3.52527462404631,0.0614888361998168,0.998107771246568,-0.21487555105772,-22.9621497041976,10.5330062393192,0.671683296461583
0.842529599732813,3.48980511163748,0.0608709360840424,0.998145645254365,-0.213638449356998,-22.9311941343054,10.6828132133088,0.664511534517544
0.846021051838847,3.44731580598243,0.0601307162828934,0.998190511355075,-0.212398239484774,-22.8933174157992,10.8484141714913,0.655781055251806
0.849379119610453,3.40672280575734,0.0594235017329209,0.998232862333132,-0.210978918645183,-22.8563054951154,11.0217908634054,0.648208632229492
0.852737187382058,3.36638757770555,0.0587207485660845,0.998274448079204,-0.209639168095154,-22.8187271077724,11.1904791382514,0.640910754633907
0.855939765747021,3.32813560983421,0.0580542647621401,0.998313428910444,-0.20846415251719,-22.7823594165376,11.3557537366504,0.632883552393223
0.859387860172786,3.2871939668837,0.0573408886979311,0.998354657665968,-0.207235180487785,-22.7426365085367,11.5202494758019,0.623463178454003
0.862122717956371,3.25491570904837,0.0567784446754636,0.998386802907688,-0.205993115772086,-22.7107229754696,11.6691746308072,0.61620943287452
0.864857575739956,3.22282244434074,0.0562192062658984,0.998418449772856,-0.204812528177621,-22.6784582054471,11.7976043274354,0.609889026549417
0.868429250736773,3.18115570577705,0.0554931198253521,0.998459069592765,-0.203608048647218,-22.6357875193575,11.9469677749433,0.601304437716334
0.872015917655048,3.13961747922914,0.0547692436285348,0.998499038533517,-0.202131626721891,-22.5923461191325,12.1119137112219,0.593507616114992
0.875602584573323,3.09839265135766,0.0540508004890198,0.998538187034675,-0.200606578843186,-22.5483243654713,12.2737222787297,0.587065242809625
0.878675738513853,3.06325574563577,0.0534384321335073,0.998571146173928,-0.199552220837989,-22.5101278920449,12.4290791042438,0.57923134942286
0.881730304863078,3.02852859324786,0.0528331852387582,0.998603351955884,-0.198425268832263,-22.4717415336545,12.5668766043234,0.570763822141547
0.885486876410247,2.98608655067528,0.0520934519988144,0.998642214338472,-0.197188679853875,-22.4239647666209,12.7181837038379,0.55929059030724
0.888506863993017,2.95224233058855,0.0515035519062412,0.998672811355672,-0.195594537094582,-22.3851302951105,12.8591493991635,0.552535275235169
0.891111581097628,2.92325138064604,0.0509982293458729,0.998698743667772,-0.194258151444443,-22.3513361914945,12.9741934569859,0.548670637068421
0.895151390008123,2.87855008640058,0.0502190443597859,0.998738227757199,-0.193124175368642,-22.2983455144424,13.1171246527358,0.540675133880023
0.897670037214768,2.85085096971296,0.0497362077161936,0.998762388980488,-0.191944622024697,-22.2649606623372,13.2550728093701,0.535024101136542
0.900188684421412,2.82328785379634,0.0492557302287316,0.998786199864433,-0.191002187041036,-22.2313144506951,13.3588426172966,0.529070639330564
0.903893637243028,2.78301189068575,0.0485536231899232,0.998820577318635,-0.189732015368853,-22.181359860406,13.4831920119705,0.521040627125698
0.907706097030444,2.7418729468962,0.0478364475532987,0.998855181838429,-0.188332483477046,-22.1293815568405,13.6337971975658,0.512151523369877
0.910681895105414,2.70998666315354,0.0472805566515539,0.998881649127022,-0.187015591620798,-22.0884151917663,13.7665137358342,0.505246858097297
0.913657693180383,2.67830998807937,0.046728305471758,0.998907636104429,-0.185786220099764,-22.047112402036,13.8795673260634,0.499103832495066
0.917353818182737,2.63923576637917,0.0460470658004272,0.998939271292891,-0.184510486222309,-21.9953428651651,14.0064356151264,0.491388124640103
0.920222613408522,2.60912525081163,0.045522089272092,0.998963332354248,-0.183187573446544,-21.9548125345916,14.1279970801789,0.485980621712637
0.923091408634307,2.57918284010961,0.0450000311829164,0.998986985497577,-0.182164850261,-21.9139742685976,14.2353367110013,0.479900756348412
0.926770416615586,2.54105370506863,0.0443352164600012,0.999016710861958,-0.180885431830814,-21.8611668706508,14.3537057314167,0.472424416485999
0.930322894510955,2.50449947661635,0.0436978431685173,0.999044793041043,-0.179590601492599,-21.8097103574372,14.4846821652739,0.464299835145234
0.933875372406324,2.4681948855646,0.0430648050434726,0.999072280951968,-0.178364135148885,-21.7578013829991,14.6120471307579,0.454805447871874
0.936851801254998,2.43804117350202,0.0425390057881006,0.999094806805921,-0.176816441429482,-21.7139925594454,14.718585856076,0.449657438715088
0.939792089790083,2.40844942719723,0.0420229942412896,0.999116643818426,-0.175653987107186,-21.6704221602712,14.8184093684431,0.444992019832447
0.942980962948496,2.37655732839374,0.0414668573261596,0.999139879968512,-0.174551354613706,-21.6228368937351,14.9222826284459,0.439416165305852
0.946169836106909,2.34487618926596,0.0409143864215844,0.999162655919318,-0.173396733295383,-21.5749128432903,15.0285220088852,0.433407205983429
0.949518569554085,2.3118331309348,0.0403381523916078,0.999186085502411,-0.172217398579089,-21.5242273995173,15.1357056548604,0.426616705288481
0.952788033178461,2.27978842585733,0.0397793157110817,0.999208489776562,-0.171063414580472,-21.4743903285422,15.2431948174979,0.419136553939072
0.956057496802837,2.24797367071684,0.039224476882798,0.999230424083089,-0.169835878820394,-21.4242177750872,15.3458056792165,0.411722855364719
0.959120636206089,2.21840001414977,0.0387087112242011,0.999250536990279,-0.168506101420481,-21.3769210189897,15.4406149610126,0.406205401019306
0.962467190254035,2.18632480635936,0.0381493067665064,0.999272050241192,-0.167281919306689,-21.324924434795,15.5373507941954,0.400555973355001
0.965385521355519,2.1585491092917,0.0376648778304628,0.999290426741904,-0.166114587073656,-21.2793083049242,15.6308959760125,0.395743858446699
0.968303852457004,2.13093859932896,0.0371833211081008,0.999308461202732,-0.165126673515352,-21.233436165771,15.7186205259168,0.390147516868788
0.971836365006166,2.09776057757622,0.0366046496338657,0.99932982524549,-0.163924603472656,-21.1775811486247,15.8116967367918,0.383564604833117
0.975204257674199,2.06635768240859,0.0360569275600128,0.99934973756685,-0.162737940117817,-21.1239930426153,15.911464910389,0.376499968569725
0.978572150342232,2.03518762443395,0.0355132558673282,0.999369205377923,-0.161531317449232,-21.0700864589787,16.0060277895197,0.369199747102263
0.981736310744502,2.00614318039719,0.0350066499114208,0.999387079395156,-0.160207168223568,-21.0191659989888,16.0928820022238,0.363666828335232
0.985116115063463,1.97536336726643,0.0344697650701321,0.999405741076171,-0.158946800341799,-20.9644823062101,16.1795440262491,0.358547887876589
0.987916381874399,1.95003769541488,0.0340280080302689,0.999420879644553,-0.157847944118411,-20.9189450723322,16.2617482377139,0.354206714596072
0.990716648685334,1.92485750719501,0.0335887820777976,0.999435737663273,-0.156941184672981,-20.8731977872967,16.3367593605338,0.348994844133501
0.994268601076618,1.89315639347544,0.0330358003538513,0.99945416898174,-0.155770334172647,-20.8148838098786,16.4174434210197,0.342740882028344
0.997671356417443,1.86301628993193,0.0325100388946573,0.999471408981301,-0.154593554645259,-20.7587172662661,16.5061951233057,0.336076363934796
1,1.84253881845784,0.0321528264442929,0.999482964212819,-0.153479606060472,-20.7201198807675,16.575050723816,0.332177897191181
1.00343963968503,1.81248589977036,0.0316285708612407,0.999499691598389,-0.152493408891994,-20.662864423274,16.6457718646364,0.326059798005275
1.00813196402956,1.77185519982508,0.0309197782649879,0.999521869351564,-0.151127552011865,-20.5842968376212,16.7438522753129,0.316688662276226
1.01059695210877,1.75073092604559,0.030551264323409,0.999533201173548,-0.149569944234152,-20.5428331344264,16.8210562739087,0.314093027640746
1.01306194018798,1.72970064678716,0.030184385995376,0.999544347611491,-0.148904418146982,-20.5012207455599,16.8813752965112,0.309985232536484
1.01678087776587,1.69820643986426,0.0296349543188114,0.999560788287797,-0.147805010058815,-20.4381834865783,16.9503406984382,0.304023665207738
1.02154918067383,1.65826544865348,0.0289381515468181,0.999581203997481,-0.146194949564685,-20.356928328681,17.0406871093877,0.298452162747532
1.02394752966375,1.6382778020479,0.0285894456471498,0.999591238255712,-0.145454328981612,-20.3158500701813,17.1277235600037,0.291916793877853
1.02634587865367,1.61844835425184,0.0282434962569792,0.999601072888171,-0.144303082807473,-20.2746667621002,17.1715243503402,0.28781893994459
1.02989983743433,1.58927273202011,0.0277344850859504,0.99961532518115,-0.143279846697329,-20.2134215014029,17.2329687757315,0.281799986236338
1.03447152290043,1.55207412191099,0.0270854908083843,0.999633120793658,-0.14201288089132,-20.1342513627237,17.3174946671707,0.272360052646838
1.03732310040482,1.52914595544573,0.026685463468878,0.999643879608859,-0.140333550692234,-20.084684715216,17.3821849244799,0.270176399351589
1.0401746779092,1.50634239079545,0.026287605816478,0.999654421177858,-0.139570916002471,-20.0349495241157,17.4412903117193,0.26624343235946
1.04326407596025,1.48180402074081,0.0258594760710974,0.999665587832915,-0.13862744244949,-19.9808892914584,17.4986297537405,0.261443785135073
1.04688480083308,1.45327893245305,0.0253617826661734,0.999678338256858,-0.137501944370242,-19.917306761867,17.5607183159863,0.255842607936257
1.05,1.42891945422516,0.0249367640431832,0.999689030548527,-0.136477020043999,-19.8624054397191,17.6236956952414,0.250069533624458
1.05334928045045,1.40293936827126,0.0244834644606736,0.99970023505449,-0.135383717952311,-19.8031886692707,17.6804454940505,0.244068021863829
1.05658706691473,1.37804651041362,0.0240491300703486,0.999710777846703,-0.134184985526057,-19.745766101154,17.735131315824,0.23935842326895
1.06017187494735,1.35073573358231,0.02357260224083,0.999722127605264,-0.132967504158317,-19.6819897087184,17.7907413326626,0.235191881938698
1.06278114874064,1.33099951851202,0.0232282346307525,0.999730188158754,-0.132014484545092,-19.63543227689,17.8430611414222,0.231732209515646
1.06539042253393,1.31137737176831,0.0228858546110288,0.999738084529505,-0.13125148762386,-19.5887602960893,17.8869618515123,0.227546890177909
1.0689957473391,1.28448409571597,0.0224165988303526,0.999748716476735,-0.13018971635732,-19.5240989948405,17.9349447672627,0.222351261369185
1.07276813517708,1.2565896189117,0.0219298680670955,0.999759511525927,-0.129056312411723,-19.4562226807839,17.9929309954378,0.216256489905181
1.07574090494297,1.23479411735013,0.0215495547077967,0.999767781383205,-0.127962571719109,-19.4025841036103,18.043300153569,0.211521809570878
1.07871367470887,1.21317447552842,0.0211723068736995,0.999775841587326,-0.12693008964892,-19.3488212793793,18.0850952023817,0.207543387103521
1.08241590036491,1.18647318296654,0.0207063835852528,0.999785599855699,-0.12587711097056,-19.281689391847,18.132845960596,0.202484324375386
1.08528552284106,1.16595786062404,0.0203483991116658,0.999792949891923,-0.124775967905139,-19.2295275338584,18.1772544723385,0.199124168408394
1.08815514531721,1.14557836656501,0.0199927822062582,0.99980012435469,-0.123949848517134,-19.1772496353839,18.2176920166083,0.195072587080615
1.09182704162071,1.11972271415399,0.0195416041182061,0.999809044622265,-0.122897333564015,-19.1101997995973,18.2602748674399,0.190191847031255
1.09534900752912,1.09513209921903,0.0191124970914798,0.999817339545043,-0.121860122121322,-19.0457192916452,18.3081011085956,0.184596546460416
1.09887097343752,1.07074087048166,0.0186868658822945,0.999825385276598,-0.12087205303674,-18.9810771699317,18.3539884810457,0.1778542159389
1.1,1.06301031807423,0.0185519656797508,0.999827897475069,-0.119504356222712,-18.9603381281122,18.3689582767369,0.17793702557066
1.10333207616074,1.04023274059984,0.0181544889199567,0.999835193685467,-0.119308114034252,-18.8990100844319,18.4053547163446,0.173183580314805
1.10693634534738,1.01582673347441,0.0177285923059514,0.999842836157188,-0.118183509484584,-18.8325323830914,18.4441554995548,0.168718672179496
1.10956895968251,0.998155549294485,0.0174202195935016,0.999848256461606,-0.117153637944449,-18.7838882271562,18.4775093282269,0.166142333830597
1.11220157401765,0.980587462022406,0.017113644340987,0.99985355086501,-0.116470142277585,-18.735162326181,18.5085602265734,0.162621592374156
1.11590534313175,0.956081721502783,0.0166859995681523,0.999860779017965,-0.115478542136686,-18.6664892553861,18.5414016585228,0.158063589329026
1.12081573072874,0.923954931712788,0.0161253567782651,0.999869977981524,-0.114190224062023,-18.5752275420981,18.5854398426665,0.152063110663962
1.12290782513461,0.910380521786308,0.0158884689852646,0.999873770309685,-0.113244481973274,-18.5362687560348,18.6219063317256,0.148731007278746
1.12499991954049,0.896891844088698,0.0156530764268042,0.999877483093992,-0.112529261061317,-18.4972722580931,18.639932228768,0.146085501164392
1.12845339003198,0.874784750977788,0.015267280980495,0.999883448273579,-0.111725744806706,-18.4328098215862,18.6659873497005,0.141570977815251
1.13310981798123,0.845258870171893,0.0147520152033895,0.999891183103161,-0.110669345736958,-18.3457113334057,18.7050007280125,0.133526952190048
1.13742339934241,0.818252390116444,0.0142807128768135,0.999898025420458,-0.109271613741533,-18.264868491807,18.7414667371806,0.127000503579992
1.13925443665453,0.806938173196799,0.0140832623990838,0.999900825942352,-0.107846157052688,-18.2305260610375,18.7557241690436,0.127582475293462
1.14108547396666,0.795645449976332,0.0138861864718342,0.999903582264445,-0.107641280933231,-18.196144967132,18.776839596791,0.126142254206019
1.14403446657444,0.777558933903768,0.0135705469656511,0.999907915887785,-0.107043081372413,-18.1407124443086,18.7971047052634,0.122952074348166
1.14805377617014,0.753150422802321,0.0131445760915399,0.999913606327754,-0.105990562330717,-18.0650614093841,18.8218979213003,0.11927493619919
1.15207283917318,0.729035706168814,0.0127237300977758,0.999919050069754,-0.104721225599486,-17.9893107386991,18.8478435465469,0.117203985881312
1.15473934245919,0.713081361051627,0.0124452962967772,0.999922554301125,-0.104427342638575,-17.938957241012,18.883718595593,0.110423611742054
1.15740584574519,0.697302032671604,0.0121699159229526,0.999925943831056,-0.103281790587085,-17.8885792068614,18.8929203331616,0.106889029240377
1.16047185213703,0.679308630178995,0.0118558944677647,0.999929716413293,-0.102427743780425,-17.8306019815833,18.9096883269239,0.1033242090481
1.16425979811975,0.657282788461284,0.0114714971613545,0.999934200211632,-0.101485992738841,-17.7588951700429,18.9302624344801,0.0987648695706289
1.1673938953393,0.639253540387559,0.0111568475632672,0.999937760439344,-0.100402035579046,-17.6995128433569,18.9471871885637,0.0962125934143638
1.17052799255884,0.621371582035052,0.0108447673999147,0.999941193780935,-0.0995818023796577,-17.6400754262172,18.9647649629231,0.0932601472875421
1.17380020686535,0.602857220693699,0.0105216492774766,0.999944645916204,-0.0987516507302235,-17.5779625783697,18.9819009482441,0.0897090891037826
1.1775199258029,0.582002049797374,0.0101576773387118,0.99994840946475,-0.097854543399236,-17.5072892464247,18.9996430191651,0.0850672696328454
1.1801445304328,0.567412783106002,0.00990305940948762,0.999950963504877,-0.097016798764571,-17.4573842729003,19.0142823630517,0.0815724561765396
1.18276913506271,0.552946379414802,0.00965058510222605,0.999953432019304,-0.0961997751803481,-17.4074560938369,19.0231239000865,0.0789889943804769
1.18639647014602,0.533119251985251,0.009304551991234,0.999956711719184,-0.0954002447829142,-17.3384049863258,19.0363189297478,0.0750052963340826
1.19036983387884,0.511645277073507,0.00892977600489076,0.999960128755393,-0.0943260146573583,-17.262716113948,19.0490671047132,0.0713875874476964
1.19314110474884,0.49680988682733,0.00867085962654889,0.999962407390066,-0.0934323701147101,-17.2098942660619,19.0605142420067,0.0689158672553056
1.19591237561884,0.482077979898728,0.00841374872758391,0.999964603789729,-0.0927806385816705,-17.1570439176769,19.0707985123717,0.0657724471039502
1.19961498995093,0.462583648116361,0.00807352001528382,0.999967408606182,-0.0918919024673228,-17.0864006046619,19.0793063168256,0.0620490087805707
1.20272261407699,0.446368542087362,0.00779052193057167,0.999969653423567,-0.0910686033078845,-17.0270774566372,19.089550607872,0.0583187932495512
1.20583023820305,0.430303935167919,0.00751014985282538,0.99997179842693,-0.0902233579125162,-16.9677340498085,19.0960696730205,0.054982435584277
1.20945305312425,0.411754969935968,0.00718641807877503,0.999974177364194,-0.0893615940026578,-16.8985265310131,19.1032443833413,0.0510536466240583
1.21372941541928,0.390141796997521,0.00680920628768518,0.999976817086142,-0.0882107276125166,-16.8168157043724,19.1075547401073,0.0482081064396707
1.21591413778563,0.379183877948417,0.00661795883151945,0.999978101070671,-0.0875405358226274,-16.7750532843349,19.1156646174667,0.0458922076942072
1.21809886015197,0.368296298211582,0.006427938760522,0.99997934058824,-0.0869786096888646,-16.7332849042033,19.118392696026,0.0435692181044074
1.22152018024599,0.351394511044177,0.00613295274393534,0.999981193268474,-0.0862216417745786,-16.6678674192693,19.1205391884856,0.0404681938763105
1.22620262213124,0.328560186817966,0.00573442562234747,0.999983558046222,-0.0851124584099389,-16.5783289960517,19.1221643347221,0.0376618899990018
1.22893636540551,0.315321459341571,0.00550336988715776,0.999984856345277,-0.0845212443362198,-16.5260292932607,19.1311683446125,0.0332348082333236
1.23167010867979,0.302219312258322,0.00527469760255931,0.999986088685838,-0.0836492613755292,-16.4737378308017,19.1281540410322,0.0304783168581728
1.23502472671253,0.286286628803707,0.00499662348567053,0.999987516798956,-0.0828940231784388,-16.4095691529799,19.1284602883186,0.0272019650742208
1.23911169726914,0.267084686613801,0.00466149028093395,0.999989135195158,-0.0820013526766274,-16.3313918228044,19.1284299930053,0.0230201997609494
1.24153508639357,0.25583217329869,0.00446509891960157,0.999990031396133,-0.0810408054132309,-16.2850472120464,19.1238832801657,0.0218731322956165
1.24395847551799,0.244642370099722,0.0042698018740752,0.999990884354431,-0.080589166016987,-16.2386991884912,19.125291554737,0.0197281374280873
1.2479304397699,0.226482646850342,0.0039528575921429,0.99999218742791,-0.0797960258077903,-16.1627457408932,19.1223895234079,0.0165464712053929
1.25305024496356,0.203454499814637,0.00355094343729568,0.999993695380478,-0.0785023982756966,-16.0648882586387,19.1135167360949,0.0159028569859869
1.25520682371001,0.193764214611645,0.00338181707135054,0.999994281640298,-0.0784239307409972,-16.0236439961893,19.1248580730792,0.0103491195305367
1.25736340245647,0.184196791587345,0.00321483494714227,0.999994832404779,-0.0774296013904603,-15.9824280051203,19.1117487069669,0.00809919158945682
1.26093568717276,0.168493656129694,0.0029407648294995,0.99999567594176,-0.0767216049080552,-15.9141750385854,19.106250468649,0.00483407238388356
1.26561585960116,0.148118931022837,0.00258516015141383,0.999996658467913,-0.0759813965710329,-15.8247699198592,19.1029540244229,-0.00255527255280996
1.2694879831825,0.131485957910158,0.00229486087139548,0.999997366803324,-0.0749718182061475,-15.7508382506946,19.0933134264883,-0.00850750672417089
1.27156655903766,0.122767387111703,0.00214269347960033,0.999997704429691,-0.0732077042672222,-15.7112118670108,19.0641989733231,-0.0045489973187296
1.27364513489282,0.114015674238515,0.00198994760101162,0.999998020052313,-0.0734859901539751,-15.6715646182685,19.0742371243901,-0.00549977830843607
1.2769134158726,0.100352501604381,0.00175148067010975,0.999998466156555,-0.0729641515551745,-15.6092426030832,19.0687445696149,-0.00785682636953311
1.28130035901018,0.0822624975329544,0.00143575093959175,0.999998969309089,-0.0719704183172801,-15.5256495396939,19.0549685208499,-0.00921281596245471
1.28522806293652,0.0662971160665601,0.00115710270173325,0.999999330556445,-0.0709443680458085,-15.4508662261682,19.0399569132796,-0.00912650015038796
1.28758547749088,0.0566822574115786,0.000989291857925211,0.99999951065069,-0.071184315178491,-15.4059609661986,19.0485207138361,-0.0159871844569299
1.28994289204523,0.0472225696185584,0.000824189227785766,0.999999660356001,-0.0700354962576171,-15.3611055002548,19.0273984102511,-0.0182286370805969
1.29317999890844,0.034353800923901,0.000599586900771043,0.999999820247758,-0.0693836792822396,-15.2995476357788,19.0163213873635,-0.0208915558869729
1.29739450560041,0.0177788343833626,0.000310299192176896,0.999999951857204,-0.0686409491509944,-15.2194581166444,19.0032962308121,-0.0252472661475358
1.3,0.00767981380992399,0.000134038036521945,0.999999991016902,-0.067649794319626,-15.1699947298066,18.9842614306431,-0.025890544586253
1.30406982472064,-0.00793922259204383,-0.000138565573836464,0.999999990399791,-0.0669816588957729,-15.0927861737939,18.970978190097,-0.0275242097776296
1.30682047768681,-0.0184052818138299,-0.000321232761884072,0.999999948404755,-0.0664086656423674,-15.0406367201207,18.958936046983,-0.0298895235705516
1.30957113065298,-0.0287821456117211,-0.000502343185585361,0.999999873825654,-0.0658427077248028,-14.9885213737706,18.9465363282846,-0.0324166541167648
1.31368008524734,-0.0441020704250169,-0.000769726259855227,0.999999703760699,-0.0650732742380175,-14.9107426911216,18.9290684194484,-0.0355779170701092
1.31646177390826,-0.0543632910212459,-0.00094881827817731,0.999999549871836,-0.0643825052003098,-14.8581340351925,18.9124889022072,-0.0380038843232802
1.31924346256919,-0.0645197273605188,-0.0011260814369403,0.999999365970098,-0.0637250519368186,-14.8055698436094,18.8965042427376,-0.039739940338773
1.32300828186279,-0.078126961603839,-0.00136357229201082,0.99999907033487,-0.0630816570771127,-14.7344911361898,18.8797129095666,-0.0424636959593805
1.32630192887296,-0.0898791682469052,-0.00156868677149669,0.99999876961015,-0.0622758600610513,-14.6723775356848,18.858608804492,-0.0440117211704232
1.32959557588314,-0.101504748010049,-0.00177159113248104,0.999998430731198,-0.061604854343273,-14.610325657897,18.8398688736524,-0.0455458842455947
1.33294087940033,-0.113194536203244,-0.00197561606685465,0.999998048468674,-0.0609885745145852,-14.5473618950242,18.8215396747208,-0.0476620802913561
1.33661976135192,-0.12592292877359,-0.00219776794157904,0.999997584905121,-0.0603858350885751,-14.4781899776663,18.8024291804448,-0.0511304985051728
1.33916330749053,-0.134626784585585,-0.00234967849029471,0.999997239501686,-0.059724075467783,-14.4304163099569,18.7823082837897,-0.0532747363420176
1.34170685362914,-0.143242752981363,-0.00250005506479963,0.999996874857453,-0.0591210100227464,-14.3826888054219,18.7641591439733,-0.0546179743340449
1.34530479237233,-0.155315259761784,-0.00271075934154812,0.999996325885147,-0.0585626958453553,-14.3152447536581,18.7451917827939,-0.057030847802543
1.35043912833085,-0.172269409420653,-0.00300666386478405,0.999995479975987,-0.0576327174173624,-14.219158179379,18.7145085665157,-0.0593988621442301
1.35247726437612,-0.178934728482041,-0.00312299508167175,0.999995123438969,-0.05707752609887,-14.1810596503048,18.6928292458809,-0.0610604826943031
1.3545154004214,-0.185546538938142,-0.00323839235985373,0.999994756393714,-0.0566193126530295,-14.1429928743473,18.6772497576175,-0.0624105912483741
1.3578578763521,-0.196283427171881,-0.00342578537037317,0.999994131980081,-0.0560644429405964,-14.0806311824462,18.6573346207704,-0.0642561426897874
1.36238976648933,-0.210617297660531,-0.00367595702711926,0.999993243647143,-0.0552028462751687,-13.9962180865877,18.626465625255,-0.0651974089599792
1.3667969658564,-0.224360602553096,-0.00391582121893173,0.9999923331427,-0.054425929145197,-13.9142682839061,18.5945304163038,-0.0668017383743789
1.36865052070271,-0.230120849560071,-0.00401635570418336,0.999991934410902,-0.054239169776913,-13.8798313820368,18.5788415906888,-0.070079287374877
1.37050407554902,-0.235818001594465,-0.00411578894315698,0.999991530104818,-0.0536450600233286,-13.845430451699,18.5594348105178,-0.0717576578198198
1.3734906426974,-0.244908846713484,-0.00427445272592281,0.999990864485218,-0.05312627214878,-13.7900623411142,18.5390476201667,-0.0737705877844794
1.37755824947196,-0.257151592446535,-0.00448812689720029,0.999989928307758,-0.052531189559162,-13.7147625148444,18.5120712112276,-0.0772039934393201
1.38160864684289,-0.269197196060831,-0.00469836012249929,0.999988962645168,-0.0519048933243194,-13.6399053100109,18.4814471218587,-0.0821397764405494
1.38415971556515,-0.276595370236938,-0.00482748115581177,0.999988347644956,-0.0506150606147419,-13.5928634918939,18.4400434636265,-0.0797558655284334
1.3867107842874,-0.283989839031195,-0.00495653743831857,0.999987716292867,-0.0505897100184312,-13.5458538017801,18.4274495249111,-0.0808047392644271
1.38989469356197,-0.29312929644334,-0.00511604903885268,0.99998691293548,-0.0500999274575722,-13.4872587245394,18.4035009127015,-0.082372711002229
1.39392595777962,-0.304544010720841,-0.00531527067606086,0.999985873849046,-0.049419818836179,-13.4131983844573,18.3714924360296,-0.0838822442792262
1.39700003625916,-0.313168202779484,-0.00546578903575164,0.999985062463543,-0.0489644450358593,-13.3568082623016,18.3437483886431,-0.0866801292246282
1.40007411473871,-0.321685120525155,-0.00561443501116209,0.999984238935547,-0.0483553877275874,-13.3005069447285,18.3148601923061,-0.0888340505807452
1.40327222157326,-0.330434444721086,-0.00576713705286576,0.999983369926827,-0.0477484094319469,-13.2420288600832,18.2852192470468,-0.0904847999332103
1.40690163337851,-0.340232761295936,-0.00593814700912814,0.999982369049624,-0.0471186226750392,-13.1757810000022,18.2530568686795,-0.0919361276905013
1.40963694888852,-0.347522991012671,-0.00606538322916448,0.999981605393961,-0.0465169415806998,-13.1259372378706,18.2223081575939,-0.0925350281705666
1.41237226439853,-0.354756221327889,-0.0061916245428485,0.999980831709049,-0.0461532441481659,-13.0761582529155,18.1986263642788,-0.0940150349556887
1.4160077573097,-0.364250490121929,-0.00635732753130334,0.999979791989148,-0.0455801330311704,-13.0101102066414,18.1675629379079,-0.0956223128142701
1.41983504660423,-0.374122625879021,-0.00652962522738264,0.999978681769962,-0.0450191401552937,-12.9407105164229,18.1328571941923,-0.0980934371956486
1.42265404215869,-0.38130258794958,-0.00665493648261272,0.99997785566502,-0.0444534146573015,-12.8896864185407,18.1000987396012,-0.0998615347612963
1.42547303771315,-0.388393368488598,-0.00677869115774902,0.999977024409155,-0.0439012636065891,-12.838745899998,18.0704501154946,-0.100888788514895
1.42915088907758,-0.397538397753585,-0.00693829827443682,0.999975929718838,-0.0433978578930666,-12.7724027652165,18.0385578990738,-0.102592703164969
1.43200927171625,-0.404548622075486,-0.00706064677288443,0.999975073322905,-0.0428044496441508,-12.7209396815446,18.0042668101057,-0.103390702692439
1.43486765435492,-0.411491514483934,-0.00718182003236549,0.99997421039796,-0.0423933207891429,-12.6695571190166,17.9760966334377,-0.104661398958342
1.43885304195646,-0.421037558378024,-0.007348425531604,0.999972999956602,-0.0418051926561449,-12.5980594321057,17.9399581820429,-0.105995080724605
1.44258871084843,-0.429873004697037,-0.0075026289091574,0.999971854883652,-0.041279790476389,-12.5311855665036,17.9014434993841,-0.108294985843661
1.4453389024032,-0.436296513234226,-0.00761473707988869,0.999971007469319,-0.0407649326497458,-12.4820475250053,17.8671341685875,-0.110036080261574
1.44808909395796,-0.442636252267139,-0.00772538314488598,0.999970158782383,-0.0402333138031033,-12.4329957573675,17.8357640407918,-0.110938341494466
1.45169707018783,-0.45085770296448,-0.007868870166863,0.999969039961887,-0.0397706012503764,-12.3687657911057,17.8022143632981,-0.112514542569628
1.45509806002663,-0.458487299107077,-0.00800202754730244,0.99996798326503,-0.0391537698133108,-12.308355331895,17.7626109086,-0.113252140173782
1.45849904986543,-0.466008668036019,-0.00813329592712346,0.999966924201677,-0.0385983664430995,-12.2480741353563,17.7246035406874,-0.113661165525719
1.46176524741939,-0.473155143479093,-0.00825802126439927,0.99996590196106,-0.038187992102173,-12.190296224951,17.6896557697206,-0.11504971421905
1.46525269812414,-0.480704020655509,-0.00838976946138978,0.999964805264858,-0.037779103623588,-12.1287288903655,17.6539655461128,-0.117648780551611
1.46790866086106,-0.486374764330581,-0.00848873908496936,0.999963970005293,-0.0372645093212303,-12.081935509176,17.6182370855718,-0.119266077706846
1.47056462359798,-0.49196893033644,-0.00858637214221169,0.999963136427256,-0.0367612897381038,-12.0352280869506,17.5858725637136,-0.120006131929165
1.47414502930112,-0.499423588971783,-0.00871647561070957,0.999962010804874,-0.0363389930042083,-11.9723884729156,17.550975851635,-0.121463053668838
1.47787424057699,-0.507058445719663,-0.00884972385890799,0.999960840427074,-0.0357323246958608,-11.9070998086449,17.5073653491616,-0.122229600578978
1.48160345185285,-0.514533370488815,-0.00898018072294771,0.999959677364134,-0.0349838180005934,-11.8419887238138,17.4597468511526,-0.120671970518657
1.48458904567341,-0.520502010153126,-0.00908434888753437,0.999958736451305,-0.0348916899847539,-11.7899548203601,17.4283263501751,-0.123019709901752
1.48741893456397,-0.526100287827962,-0.00918205319008747,0.999957844061046,-0.0345272841603712,-11.7407289071908,17.3949985575027,-0.12576366275503
1.49124573261862,-0.533564670562704,-0.00931232567515488,0.999956639355187,-0.0340436191013906,-11.6743143137592,17.3551341051342,-0.129372453332532
1.4944683487558,-0.539744312290098,-0.00942017603885214,0.999955629157313,-0.0334681793131593,-11.6185268202923,17.311243751083,-0.131737188980702
1.49710832384128,-0.544678443295675,-0.00950628901451083,0.999954814213709,-0.03262031988327,-11.5729426150435,17.2669073657275,-0.130131065582691
1.50068530171363,-0.551319582255577,-0.00962219345385246,0.999953705624984,-0.0324043774015029,-11.5112987796203,17.2334964383115,-0.130376019848566
1.50346529771396,-0.556417842495497,-0.00971117072361281,0.999952845469814,-0.0320077537160392,-11.4634955067523,17.1954466345686,-0.130917767527123
1.50624529371429,-0.561467841987609,-0.00979930564798073,0.99995198565172,-0.0317047644496389,-11.4157830040019,17.1627954661791,-0.132167235694691
1.50991339234992,-0.568029597035142,-0.00991382431495007,0.999950856836201,-0.0312216877639515,-11.3529780477017,17.1219376955295,-0.133357117668809
1.5128908906156,-0.573288294886041,-0.0100056013544928,0.999949942717902,-0.0308250697989139,-11.3021176961787,17.0815721739455,-0.134846135495444
1.51586838888128,-0.578469698059712,-0.0100960293319028,0.999949033797088,-0.0303719892287399,-11.2513718284647,17.0431225095615,-0.135873095564208
1.51969478312267,-0.585033729490333,-0.0102105873871762,0.999947870593867,-0.0299404487466058,-11.1863207660833,17.0006168412039,-0.137486178223908
1.52329014476684,-0.59107625831579,-0.0103160438556767,0.999946788203836,-0.0293327997537826,-11.1253754886307,16.9510840589499,-0.13775317206452
1.52610005239952,-0.595733306401154,-0.0103973203189251,0.999945946404197,-0.028926510454642,-11.0778587499014,16.9104272954269,-0.138063935978017
1.5289099600322,-0.600345954595485,-0.0104778218317385,0.999945106118162,-0.0286507276221241,-11.0304383142817,16.876154599608,-0.139183565542106
1.53250771830996,-0.606158937853789,-0.0105792719055627,0.999944037937098,-0.0281996980863885,-10.9698735871244,16.8340178748524,-0.140238136541513
1.53566066016712,-0.611185817967443,-0.0106670025639536,0.999943105909681,-0.0278265864265971,-10.9169312546501,16.7914077939983,-0.141776125399439
1.53881360202428,-0.616133401867853,-0.0107533492402599,0.999942181068544,-0.0273876376390262,-10.864121120523,16.7494792227588,-0.142978618760655
1.54235229164259,-0.621598424821076,-0.0108487263205073,0.999941150836999,-0.0269542272759195,-10.8050060671157,16.7053513541913,-0.144241498203895
1.54648034399172,-0.627827979506349,-0.0109574460979124,0.999939965385428,-0.0263383869669273,-10.7362657485167,16.6519977910677,-0.144087817676365
1.5487458983261,-0.631210964047712,-0.011016486752872,0.999939316668578,-0.0260617094434041,-10.698630230897,16.6120569471833,-0.144737755822683
1.55101145266048,-0.634560193135673,-0.0110749382617569,0.999938670990625,-0.0258016654473581,-10.6610621748071,16.5822798949419,-0.145597950162612
1.55450537684633,-0.639643317288893,-0.0111636500298766,0.999937684517396,-0.0253918654332935,-10.603263510981,16.542621062059,-0.146350765586729
1.55931344183251,-0.646475550102286,-0.0112828874772734,0.999936346199184,-0.0248010287296969,-10.5240021313768,16.4850890809467,-0.146106976275463
1.56167275485826,-0.649812947201052,-0.0113411323181769,0.999935687290809,-0.0246887832112347,-10.4852074390077,16.4432154384846,-0.148379682206352
1.564032067884,-0.653082596727102,-0.0113981947792166,0.999935038467887,-0.0241876126623388,-10.4464987542101,16.4067609406841,-0.149046192390424
1.56782275873657,-0.65825880223273,-0.0114885306926692,0.999934004653569,-0.0238325498825209,-10.3844636550423,16.3651169616816,-0.150243191095916
1.57271376636606,-0.664848898418764,-0.0116035419021816,0.999932676641445,-0.0235163968618483,-10.3046926441549,16.3097293912097,-0.154802413066965
1.57530018813202,-0.668170715258883,-0.0116615146204737,0.99993200222653,-0.0224157721571842,-10.2626766775923,16.2448240714445,-0.151892355752006
1.57788660989799,-0.671505529969612,-0.0117197141396263,0.999931321791895,-0.0225034823832861,-10.2207325955735,16.2170310235816,-0.152080991280599
1.58112181657639,-0.675619795922907,-0.0117915166649275,0.999930477650692,-0.0221956413687618,-10.1683957281973,16.1772871345695,-0.15261166792307
1.58513168636687,-0.680615345966948,-0.0118786993546449,0.999929445761871,-0.0217435479884411,-10.1037319199722,16.1261615972254,-0.152794233470115
1.58820541799949,-0.684407027306283,-0.0119448719830527,0.999928657471776,-0.0215299614499836,-10.0543045635189,16.0805699264088,-0.154727163755061
1.5912791496321,-0.688125132264254,-0.0120097605016648,0.999927880225715,-0.0211121793336599,-10.0050140540373,16.0360484820938,-0.155993455736889
1.59443337229054,-0.691865024742623,-0.0120750292059465,0.999927094177208,-0.0206939853290147,-9.95457535928169,15.9908478942554,-0.156610139533239
1.59800175104997,-0.696013216816686,-0.0121474235055808,0.999926217329147,-0.0202892166382532,-9.89768546380275,15.9427850332622,-0.156957619531509
1.60078960247791,-0.69918996503082,-0.0122028641118653,0.999925542281758,-0.0198879736874928,-9.85336765049165,15.8967629576512,-0.156751327583299
1.60357745390585,-0.702333768580075,-0.0122577297309643,0.999924871208754,-0.019681724219765,-9.80915457086862,15.8591950704164,-0.1573893778056
1.60721110729696,-0.706353241724273,-0.0123278774707925,0.999924008831204,-0.0193064756075559,-9.75169585647933,15.812932111217,-0.157912461340905
1.61095439017737,-0.710425127992759,-0.0123989398612258,0.999923130190675,-0.0189854265419893,-9.69269501184728,15.76179159232,-0.159296760211074
1.61381114765483,-0.713473028674943,-0.0124521316566765,0.99992246920309,-0.0186210774269453,-9.64780319280155,15.7142562502551,-0.16026892010638
1.6166679051323,-0.716457792776559,-0.012504221561839,0.999921819165445,-0.0182353459750998,-9.60303349314244,15.671508699026,-0.160489694946032
1.62033324545893,-0.720221710958366,-0.0125699091639435,0.999920995570955,-0.0179226918087045,-9.54576207194486,15.6251305728645,-0.161095036307935
1.62307781227693,-0.72297952474517,-0.012618038277386,0.99992038938609,-0.0175375328524871,-9.50300778904365,15.5777890415072,-0.161088461700708
1.62582237909494,-0.725701946554969,-0.0126655497046172,0.999919788708414,-0.0173124676351034,-9.4603593113919,15.5392382404237,-0.161571541898333
1.62995540868575,-0.729709611987059,-0.0127354910201491,0.999918900345661,-0.0169238945842275,-9.39634456280371,15.4885773696254,-0.161824827360961
1.63384632416471,-0.733408671540752,-0.0128000465261462,0.999918076048697,-0.0165926936188516,-9.33630103559989,15.4317223102011,-0.162932958537964
1.63652715513359,-0.735910309798044,-0.0128437047612661,0.999917516222216,-0.0162866755832244,-9.29505844070902,15.3842578549837,-0.16393759050802
1.63920798610247,-0.738355544165079,-0.0128863786200519,0.999916967175805,-0.0159194634734848,-9.25392643436919,15.3430062608575,-0.164095326265084
1.64282890038122,-0.741601987157126,-0.0129430350137926,0.999916235414063,-0.0156482906878265,-9.19853497828648,15.2976435835126,-0.164745844262063
1.64650049158285,-0.74480426049999,-0.0129989205253095,0.999915510463347,-0.0152223410266879,-9.14257009576247,15.2426780244904,-0.164630925228117
1.65017208278448,-0.747896854818592,-0.0130528918992326,0.999914807377642,-0.0147009703215588,-9.0868160830557,15.1852452097602,-0.162633683247742
1.65319158074533,-0.750442103036114,-0.0130973110635063,0.99991422654291,-0.0147120356602881,-9.0410928824719,15.1426499294082,-0.164040029166274
1.65610340397476,-0.752860640894617,-0.0131395188799185,0.999913672795609,-0.0144965698083829,-8.99712387317288,15.1001643419521,-0.166025463784615
1.65991546966218,-0.755965533731528,-0.0131937047854015,0.999912959288975,-0.0142155480438033,-8.93974809357652,15.0510994041033,-0.169029804163539
1.66306175166635,-0.758443375511341,-0.0132369475062455,0.999912387772407,-0.0137452705586769,-8.89256484625965,14.9965092939325,-0.17017264821992
1.66568137735271,-0.760411040104334,-0.0132712867153568,0.999911932596526,-0.0131095926801502,-8.8534115599085,14.9461377459479,-0.168132384406267
1.66942106196115,-0.763201611503373,-0.0133199870692292,0.999911285037066,-0.0130237343585752,-8.79767908744972,14.9029873623396,-0.167610485842836
1.67210356887275,-0.765167396772675,-0.0133542934429599,0.999910827447448,-0.0127900603678775,-8.75782698406408,14.856291036352,-0.167677357849155
1.67478607578434,-0.767106772957101,-0.0133881389167991,0.999910374851839,-0.0126182339761095,-8.71807852114665,14.8176553602342,-0.168350133195026
1.67848432802538,-0.769709193613392,-0.0134335556411008,0.999909765720306,-0.012281695788668,-8.66345943079981,14.7688926517119,-0.168711136109702
1.68175242698018,-0.771962663591728,-0.0134728825524607,0.999909236598866,-0.0120346633503779,-8.61535963769743,14.7179732828011,-0.169668242139593
1.68502052593499,-0.774159950540753,-0.0135112289536488,0.999908719179987,-0.0117346177095375,-8.56742095361416,14.6686758100657,-0.170515491559858
1.68849908293498,-0.77643450507313,-0.0135509237848894,0.999908182017017,-0.0114123372439123,-8.51657347448924,14.6174057590477,-0.171132530708537
1.69240876629823,-0.778887759107699,-0.0135937372013421,0.999907600885652,-0.010951618408187,-8.45965271880448,14.5589170263537,-0.17017569148016
1.69476540168817,-0.780344925033237,-0.0136191671901657,0.999907254841691,-0.01079180226903,-8.42544873493481,14.5139057215063,-0.170287481622552
1.69712203707812,-0.781781685749995,-0.0136442410652552,0.999906913010283,-0.0106406808527533,-8.39132619150894,14.4793477902582,-0.170810026740146
1.70066222609946,-0.783877971449216,-0.0136808247378469,0.999906413137996,-0.0103347836212574,-8.34022835204431,14.4336472308775,-0.17098965948674
1.70558911580009,-0.786681543733253,-0.0137297517092716,0.999905742516764,-0.00993153290358738,-8.26943581422458,14.3686061838884,-0.170431949761607
1.70777776418789,-0.787919341156339,-0.0137513533102668,0.999905445670808,-0.00987076801642853,-8.23809548481615,14.3194903224586,-0.171844744797529
1.70996641257569,-0.789113622013608,-0.0137721954695278,0.99990515881855,-0.00952374683344396,-8.20683523697693,14.2829008137628,-0.172083958010262
1.71371221082069,-0.79110845154371,-0.0138070085024667,0.999904678715033,-0.00929477271308381,-8.15350203113802,14.2381416057739,-0.17262468639081
1.71866342803063,-0.79371041751292,-0.013852417032588,0.99990405066804,-0.00917206239636809,-8.08330990573318,14.1767412796802,-0.176845278913436
1.72164082214079,-0.795112571863697,-0.0138768868903875,0.999903711369366,-0.00821933850098751,-8.04131824204927,14.103495247969,-0.173551918224233
1.72461821625094,-0.796508580444295,-0.0139012494863163,0.999903372962967,-0.00818331239201168,-7.9994494126115,14.0622396259055,-0.172047093136063
1.72734173085052,-0.797788613238139,-0.0139235881109074,0.999903062148585,-0.00820292528981316,-7.96125544933631,14.0237776882345,-0.172702335033782
1.73036623394614,-0.7991673217731,-0.0139476487776186,0.999902726815752,-0.00795601875735935,-7.91897441878124,13.9794965382412,-0.173228288416128
1.73477086976394,-0.801110227586615,-0.0139815555745511,0.999902253274647,-0.00769873036152721,-7.85764679196114,13.9234273517569,-0.174341732681723
1.73720685009131,-0.802137004311837,-0.0139994744551597,0.99990200255574,-0.00735664173335765,-7.82386078776429,13.8695718587159,-0.174421072169971
1.73964283041868,-0.803133970013858,-0.014016873081881,0.999901758808837,-0.00714305195088305,-7.79016686030971,13.8317732191946,-0.174242596431775
1.74336404150456,-0.804619791223595,-0.0140428030017338,0.999901394980452,-0.0069688259030114,-7.73886664761708,13.7858916112639,-0.174608729707954
1.7486867777304,-0.806629290912677,-0.0140778719206688,0.999900901850871,-0.00658916474613781,-7.66586074495926,13.7158595805364,-0.174547399161388
1.75066300893873,-0.807351746543211,-0.0140904798994504,0.999900724260265,-0.00638044242964311,-7.63886296881071,13.6612437020523,-0.174701468795558
1.75263924014705,-0.808054390949349,-0.0141027421392845,0.999900551387063,-0.00620547753024881,-7.61192621131934,13.6303674275985,-0.174773559504593
1.75591742125368,-0.809180427628954,-0.0141223932296487,0.999900274032099,-0.00599510732265878,-7.56737659755645,13.5897353788321,-0.174716116015299
1.76035113224345,-0.810606140364822,-0.0141472741251832,0.999899922309641,-0.0056123147146742,-7.50739505744973,13.528518264958,-0.173172523037733
1.76458988990377,-0.811885168044952,-0.01416959513184,0.999899606247447,-0.00526645919189197,-7.45033585326245,13.4613037025922,-0.171029911986605
1.76645426662682,-0.812502264435213,-0.014180364413553,0.999899453577758,-0.00577692463065879,-7.42529856669022,13.4293065680732,-0.17445397810373
1.76831864334987,-0.813058133893583,-0.0141900651896688,0.999899315956318,-0.00520375101227142,-7.40033139873887,13.3916968832808,-0.175212477193186
1.77161819212372,-0.813991333402624,-0.014206350951915,0.999899084704367,-0.00493625193234041,-7.3562814129753,13.3503059911347,-0.175607035180382
1.77605564202948,-0.81522143055044,-0.0142278180274128,0.999898779474292,-0.00483819441452692,-7.29728817455844,13.2944009892459,-0.178398110034579
1.77900991424697,-0.81593887009186,-0.0142403384410276,0.999898601239688,-0.00423849979282747,-7.25820132484423,13.2306188586294,-0.177114041996247
1.78196418646446,-0.816624037644428,-0.0142522956571593,0.999898430876107,-0.00404784286612159,-7.21924784453712,13.1854742689356,-0.175866722018188
1.78564407745608,-0.81742550860211,-0.014266282542055,0.999898231412792,-0.00380128300063812,-7.17091586214581,13.1340799228374,-0.174019889403342
1.78884539421017,-0.818102944776744,-0.014278104829517,0.999898062665629,-0.00369332141356411,-7.12903066777125,13.0837394709796,-0.1735307282824
1.7916722828742,-0.818711428518809,-0.0142887237908765,0.999897910975129,-0.00375679625414402,-7.0921600561111,13.0428241229794,-0.175372165005339
1.79484878148904,-0.819339503919157,-0.0142996846546064,0.999897754282296,-0.00345096441586146,-7.05088296694409,12.994524529042,-0.176351604007999
1.79802528010388,-0.819923380174502,-0.0143098741750023,0.999897608508539,-0.00320811192310603,-7.00976310778097,12.9450266312164,-0.176950177576255
1.8012756289243,-0.820470927460687,-0.0143194296987984,0.999897471710526,-0.0029401468833819,-6.96785159107662,12.8944673386892,-0.17691774783465
1.80500893022389,-0.821038837377062,-0.0143293405797403,0.999897329728683,-0.00265499543167266,-6.91991743413617,12.8396164932416,-0.176132484456861
1.80760370673404,-0.821406313706898,-0.0143357535928309,0.999897237804428,-0.00247176273321358,-6.88672656030176,12.7914191086059,-0.175630812983677
1.81019848324418,-0.821764344578243,-0.0143420017679375,0.999897148203398,-0.00240822957365586,-6.85363371151288,12.7536412710387,-0.17591734500049
1.81382694758471,-0.822215851832355,-0.0143498812451712,0.999897035153245,-0.00217179705829423,-6.80753388357581,12.705051947778,-0.175798694169742
1.817749926397,-0.822666073748565,-0.0143577382904478,0.999896922363092,-0.00200303268982495,-6.75791419334212,12.6484726550647,-0.176360423186779
1.82058717554638,-0.822958200153299,-0.0143628363323075,0.999896849146196,-0.00179701088137786,-6.72217427575486,12.5966792853033,-0.176759844362624
1.82342442469576,-0.823210196336744,-0.0143672340415979,0.999896785966429,-0.00155015047040419,-6.68656202663955,12.551682013216,-0.176454749733586
1.82713013955632,-0.82350555134464,-0.0143723884266972,0.999896711891239,-0.0013910723150616,-6.64023191557616,12.5023410615006,-0.176420946469942
1.8298715512852,-0.823686286577939,-0.0143755425257065,0.999896666549645,-0.00115065710932855,-6.60609584523706,12.4520041916767,-0.17592426943436
1.83261296301408,-0.823851295919552,-0.0143784221843588,0.999896625144564,-0.00105053767639626,-6.57207132779886,12.4113124197263,-0.175910699244843
1.83677061331029,-0.824046134369292,-0.0143818224051994,0.999896576243916,-0.000817907282999234,-6.52069139631692,12.3579252273325,-0.175416776277462
1.84068140181762,-0.824195272154995,-0.0143844250813439,0.99989653880543,-0.000665580712121,-6.47259684319568,12.2979171671013,-0.175813341524625
1.84334337944548,-0.824273316396036,-0.0143857870693715,0.99989651921106,-0.000511698127784544,-6.43999182779436,12.2484182662046,-0.176364310848543
1.84600535707334,-0.824313541121749,-0.0143864890506232,0.999896509111216,-0.000263733961189338,-6.40750024157072,12.2058073980727,-0.176062599410443
1.84962604791378,-0.824341309857166,-0.0143869736563262,0.999896502138602,-0.000133857289536612,-6.3634768512654,12.1588371516325,-0.176101699458818
1.85337743402022,-0.82431312014668,-0.0143864817039826,0.999896509216919,0.00013115239253185,-6.31807972964565,12.1014260680363,-0.175381965499165
1.8563306946238,-0.824261977583721,-0.0143855891902418,0.999896522057983,0.000302244275518952,-6.28249105376377,12.0506384837028,-0.174852698351294
1.85928395522738,-0.824197931132312,-0.0143844714844514,0.999896538137878,0.000378504169237082,-6.24703002396665,12.0074163973771,-0.175048180481326
1.86297429857619,-0.82407777721628,-0.0143823746199438,0.999896568301088,0.000568261878559863,-6.20290574747305,11.9566859565677,-0.175098795846367
1.86585898359589,-0.823965325066302,-0.0143804121626493,0.999896596526877,0.000680372468624367,-6.16855483891347,11.908027505604,-0.175669526452302
1.86874366861559,-0.823815630809736,-0.0143777997751097,0.999896634094558,0.000905699454384231,-6.13433453925356,11.8627508467001,-0.175545090372418
1.87243024205477,-0.823593882506908,-0.0143739299370576,0.999896689732577,0.0010498198554548,-6.09078326468733,11.8134835192288,-0.175632999909865
1.87595708253241,-0.823326620123912,-0.0143692658102532,0.999896756770455,0.0013226026466416,-6.04931792067253,11.7570795383657,-0.174717334478311
1.87948392301006,-0.823000547429651,-0.0143635753554664,0.999896838530359,0.00161363751827598,-6.00804879087567,11.7014449784286,-0.172517283650476
1.8824722302665,-0.82274564686904,-0.0143591269602268,0.999896902421915,0.00148875388842978,-5.97321081730512,11.65809623342,-0.173234035939554
1.8854493829601,-0.822474068681079,-0.0143543875151846,0.99989697047199,0.001592102940066,-5.93863421656017,11.6139829909234,-0.174344099875979
1.88860802183659,-0.822150148290334,-0.0143487346200975,0.999897051608215,0.00178984605518806,-5.90209899069042,11.5667625513547,-0.175035329697788
1.89176666071307,-0.821788743626033,-0.0143424275678557,0.999897142095856,0.00199696817862882,-5.86571749912545,11.5180914905605,-0.175174449091272
1.89513617155344,-0.821365391747124,-0.0143350394432879,0.999897248043097,0.00219286553197841,-5.8270753207841,11.4681863843182,-0.174878556740708
1.89839943359938,-0.820910093537305,-0.0143270938065092,0.999897361924242,0.00243512556695967,-5.78981988564986,11.4166237984286,-0.173693240959559
1.90166269564533,-0.820428088008181,-0.0143186820859577,0.999897482416733,0.00257796749926918,-5.75272358372264,11.3678587269201,-0.17255706790741
1.90475673075894,-0.819969139436883,-0.0143106727430146,0.999897597079642,0.00258890522322439,-5.7176898382858,11.3229954252149,-0.172736679040987
1.90815351043251,-0.819444474510357,-0.014301516549694,0.999897728082417,0.00269582702371703,-5.67939024486006,11.2752657241074,-0.173336341635699
1.91102078438855,-0.818979473439695,-0.0142934015795331,0.999897844117731,0.00283049329529666,-5.64719480560321,11.2285884608369,-0.173907827525881
1.91388805834459,-0.818477861618309,-0.0142846476954874,0.999897969214967,0.00305334543693281,-5.61512763599877,11.1838527103042,-0.17361677908234
1.91744050012989,-0.817832057801208,-0.01427337744168,0.999898130159471,0.00317286070021154,-5.57556604551319,11.1364500466376,-0.173468358610739
1.92084845793672,-0.817168063840564,-0.0142617897404526,0.999898295504797,0.003400535301042,-5.53779533699396,11.0830915933077,-0.172501919736065
1.92425641574355,-0.816468031988293,-0.0142495731213089,0.999898469678727,0.00358509740539488,-5.50019990022523,11.0316614523147,-0.17109882128685
1.92741708361488,-0.81582017857892,-0.0142382670933555,0.999898630737225,0.00357746385388246,-5.46547707274454,10.9859146529037,-0.171192473610021
1.9307541161017,-0.815125065108613,-0.0142261363033899,0.999898803402563,0.00363557105894547,-5.42897206731605,10.9393617151622,-0.172078166549171
1.93357022947623,-0.814513488360057,-0.014215463354864,0.999898955195777,0.00379034025671048,-5.39829535666617,10.8932796979535,-0.172609996435427
1.93638634285075,-0.813866630037671,-0.0142041746872152,0.999899115621899,0.00400900319628045,-5.36774176040861,10.8495618585225,-0.172225900963522
1.93992654319366,-0.813032951961158,-0.014189625726286,0.999899322192863,0.0041100576033815,-5.32949615759733,10.8032312035518,-0.172024278666346
1.94336648753476,-0.81218134741095,-0.0141747639177979,0.999899532987127,0.00432079762119277,-5.29251549553437,10.7503664001307,-0.17105935183851
1.94680643187587,-0.811293637909091,-0.0141592720190695,0.999899752483163,0.00450398380680996,-5.25571218272317,10.6988105509144,-0.16956387788979
1.94997842025827,-0.810479077800497,-0.0141450566869832,0.999899953681028,0.0044819697100043,-5.22191989101797,10.6533466177733,-0.169627594058591
1.95330512097067,-0.80961730164182,-0.0141300173587795,0.999900166321339,0.00452124572794371,-5.18663202086526,10.6074676393745,-0.170564947381167
1.95610821146506,-0.808866424258651,-0.0141169133833,0.999900351413344,0.00467529772630277,-5.15702619473851,10.5618517083197,-0.171058914847792
1.95891130195945,-0.808081786068963,-0.0141032202267693,0.999900544643934,0.00488550757613952,-5.12754116221628,10.5187586990945,-0.170631353057069
1.96245094050821,-0.807072965430666,-0.0140856147340182,0.999900792807749,0.00497430499126128,-5.09047021896347,10.4730872212377,-0.170393580205443
1.9658947634898,-0.806052281993455,-0.0140678022124896,0.999901043574268,0.00517282296306457,-5.05458281262687,10.4208045908382,-0.169406397738983
1.96933858647139,-0.80499749088793,-0.0140493944541406,0.999901302387127,0.00534568060279874,-5.01887117192774,10.3697666488768,-0.167885509273135
1.97251788116927,-0.804029186918008,-0.0140324960276985,0.999901539680399,0.00531567345629982,-4.98604576598879,10.3247446551088,-0.167907431658798
1.97585171004755,-0.803008729034263,-0.0140146874291373,0.999901789445475,0.0053423107782538,-4.95177606269166,10.2793828202832,-0.168832143735373
1.97864364648746,-0.802130644133983,-0.0139993634599934,0.99990200410976,0.00548919108719226,-4.92320258406289,10.2342869344621,-0.169293766225692
1.98143558292736,-0.801220298069508,-0.0139834764790806,0.999902226412942,0.00569086599915453,-4.89474760274638,10.1918442375008,-0.16883371808296
1.98497830760808,-0.800049396999033,-0.0139630423953758,0.999902511971575,0.0057684637494189,-4.85880017937862,10.1468295189169,-0.168568677900913
1.9884356281712,-0.798869520600075,-0.0139424516720328,0.999902799296698,0.00595626802677807,-4.82389828114129,10.0950714867752,-0.167557530121127
1.99189294873431,-0.797656349624427,-0.0139212798991052,0.999903094287627,0.0061243461600245,-4.78917167473705,10.0443698437286,-0.165957512233175
1.99506599753007,-0.796551350831307,-0.0139019958982576,0.999903362585628,0.00607802413762643,-4.75744103894526,10.0000465905697,-0.16597655378092
1.99837834444408,-0.795394755169566,-0.0138818114437766,0.999903643013185,0.0060942899206347,-4.72446496253634,9.95550202471347,-0.166897863456775
2,-0.794809873179832,-0.0138716043102204,0.999903784668235,0.00629487342067959,-4.70838167762965,9.91781815069234,-0.166773697356585
2.00316479753182,-0.793660569748999,-0.0138515471084542,0.99990406271937,0.00633820292478446,-4.6770996046781,9.88438364131325,-0.166794658471895
2.0072243146508,-0.792177977815957,-0.0138256734756084,0.999904420808782,0.00637418440091142,-4.63717593372722,9.8345861787729,-0.167776488890437
2.0111515855086,-0.790720021143775,-0.0138002297589759,0.999904772295142,0.00647934537809425,-4.59877392094763,9.77829494579805,-0.169002390426837
2.01352947774597,-0.789751302567086,-0.0137833240383619,0.999905005477247,0.00711021652823376,-4.57565424015801,9.72276221198839,-0.165728764868927
2.01590736998333,-0.788825493460294,-0.0137671671543659,0.999905228063412,0.00679526889594853,-4.55259573420123,9.69703571695554,-0.165318653431932
2.01932024103424,-0.787480600189256,-0.013743696559472,0.999905550942128,0.00687773294607506,-4.51964013808996,9.65626758811059,-0.164779847097348
2.02377427535642,-0.785672194634372,-0.0137121369025483,0.999905984231301,0.00708630173477442,-4.47688583456407,9.59900630152325,-0.162766811865615
2.02676677656755,-0.784493058005222,-0.0136915590179637,0.999906266212817,0.00687712888235999,-4.44829792377624,9.55318269597062,-0.164335394588252
2.02975927777868,-0.783278772586489,-0.0136703677228009,0.999906556157286,0.00708212866782977,-4.41984276390512,9.50882150533426,-0.164812120838336
2.03279488720525,-0.782016239458509,-0.0136483344185538,0.999906857146004,0.00725895756084761,-4.39111130142324,9.4648086906178,-0.16442915883185
2.03622464315503,-0.780569597909597,-0.0136230881078135,0.999907201429416,0.00736164861126118,-4.35880489340464,9.41944805742637,-0.16385230548262
2.03911583573772,-0.779327080402392,-0.0136014040955292,0.999907496624878,0.00750071843855896,-4.33170174526971,9.3743835319758,-0.162875866940245
2.0420070283204,-0.778083401103063,-0.0135796998016204,0.999907791625457,0.00750773184123307,-4.30471051712069,9.33567286753564,-0.162526873047565
2.04573892415037,-0.776454313726294,-0.0135512694793628,0.999908177332048,0.00761889930019593,-4.27004378110843,9.2893096677411,-0.161807378842241
2.05038425731536,-0.774421236993541,-0.0135157888461316,0.999908657554212,0.00763860882995394,-4.22715226663224,9.23324828439969,-0.16207713249961
2.05246781419742,-0.773489314725269,-0.0134995252180856,0.999908877257766,0.00780641608303855,-4.20801436186948,9.18520868212467,-0.161840718136788
2.05455137107947,-0.772551359459917,-0.0134831563003771,0.999909098116514,0.00785695257844463,-4.18893607859699,9.15659343731236,-0.161525503361141
2.05790131617677,-0.771036821774339,-0.013456725029281,0.99990945417647,0.00789077686084574,-4.15838462063037,9.11998766524797,-0.161346351839725
2.06245402576716,-0.768980579896168,-0.0134208400791572,0.999909936470065,0.00788282017092779,-4.11710058682136,9.06801389137151,-0.162595795297655
2.06581659405714,-0.767390417415487,-0.013393089002647,0.999910308561206,0.00825368246416124,-4.08680938198648,9.00835380061205,-0.160697325108155
2.06844806947834,-0.766141450427813,-0.0133712923684296,0.999910600274043,0.00828378863356109,-4.06320934174442,8.96836810708984,-0.159488892020611
2.07107954489954,-0.764904247015566,-0.013349701022686,0.999910888770897,0.00820576657744255,-4.03969592841144,8.93544858658436,-0.159437549893661
2.0745522302774,-0.763249741434136,-0.0133208270204622,0.99991127384758,0.00831534295410015,-4.00881242704668,8.89326213128235,-0.158967986704376
2.07941079681272,-0.760925713898796,-0.0132802686760206,0.999911813343503,0.00834853904001425,-3.96587154343478,8.83817959467301,-0.159152086632014
2.08156463077064,-0.759874317958435,-0.0132619199711378,0.999912056872343,0.00851984008979489,-3.94694150586804,8.78899577991616,-0.158750734703533
2.08371846472855,-0.758818185474735,-0.0132434886007627,0.999912301159297,0.00855822200690248,-3.92807349007812,8.76019979190901,-0.158339623933752
2.08720664258258,-0.757104126521494,-0.0132135752461296,0.999912696903692,0.0085763896106442,-3.89764541927896,8.72319935293135,-0.158123745639294
2.09194743975791,-0.754782322986083,-0.0131730556568077,0.999913231537948,0.00854774308596403,-3.85654044432069,8.6704774404178,-0.15957261752725
2.09474137707178,-0.753338694714274,-0.013147861772335,0.999913563129742,0.00901812162815356,-3.83247849375813,8.61220129853574,-0.157045651638295
2.09753531438565,-0.751919193974415,-0.0131230889481276,0.99991388856064,0.00886740068290965,-3.80850861939377,8.57924558484193,-0.156310440025772
2.10073797392705,-0.750286663185544,-0.0130945983589749,0.999914262071412,0.00889668009905131,-3.78115770647794,8.54006258308033,-0.155796160291083
2.10455140091618,-0.748326447842889,-0.0130603890728248,0.999914709481397,0.00897151351655809,-3.74876839792508,8.49349119443925,-0.155127614718065
2.10732311575017,-0.746911322491039,-0.0130356925786817,0.999915031749695,0.00891094437832783,-3.7253403668832,8.45254019447868,-0.155744512620351
2.11009483058415,-0.745470541567906,-0.0130105483402974,0.999915359233913,0.00907249569843393,-3.70201967769738,8.41381259712685,-0.155444886552047
2.1137427833295,-0.743565785855458,-0.0129773068883051,0.999915791207403,0.00911312754002992,-3.67147888779711,8.37203550380142,-0.155287098108578
2.1183335970387,-0.741143315991261,-0.0129350303619121,0.999916338995186,0.00920971266507629,-3.63329410509046,8.31765023054028,-0.154908795285945
2.12052348725543,-0.739965890711842,-0.0129144821305895,0.999916604598253,0.00938400823250144,-3.61518138136103,8.27106472783076,-0.153863656288493
2.12271337747216,-0.738797685146973,-0.0128940947948111,0.999916867704222,0.0093105276654038,-3.59712611957077,8.24482508406604,-0.153648564907152
2.12625401939263,-0.73689274477204,-0.0128608500700334,0.99991729584775,0.00939024118889702,-3.56806814671562,8.2069787083337,-0.153017581315889
2.13102444144095,-0.734267818548877,-0.012815040240312,0.999917884000301,0.00960367966440834,-3.52918810985175,8.15022999433213,-0.150093745262152
2.1338893689878,-0.732752057455833,-0.012788587386464,0.999918222672564,0.00923409800585745,-3.50595425198817,8.10975408057842,-0.152202259090212
2.13675429653464,-0.731194515674513,-0.0127614053724745,0.999918569951033,0.00948862820330293,-3.48283819970031,8.06863416609317,-0.152513728315517
2.13980987642381,-0.729511928333067,-0.0127320410692463,0.999918944280091,0.00961083988172994,-3.45830465419159,8.02909640677329,-0.152160538203077
2.14335715629601,-0.727546557124798,-0.0126977416435437,0.999919380428819,0.00967000063261728,-3.42997369345907,7.98667197212033,-0.151705832542496
2.14644577723563,-0.725810127937195,-0.0126674376744552,0.999919764792538,0.00981227775886548,-3.40544247860914,7.94244918023274,-0.150459529411173
2.14953439817525,-0.724074781339081,-0.0126371525869741,0.999920147999076,0.00980616022246427,-3.38102939469808,7.90420203330606,-0.149733750770145
2.15292105495198,-0.722166517241516,-0.0126038497479813,0.99992056833107,0.00983432739004383,-3.35439840623428,7.86350380905411,-0.149173826753181
2.15689728584937,-0.719930498026919,-0.0125648269408529,0.999921059446168,0.00981479658491905,-3.32331063804334,7.81840114247856,-0.149413436184754
2.15933471751909,-0.71855088049627,-0.0125407499696838,0.999921361703108,0.00987878701472995,-3.30435335802997,7.77756367447187,-0.149524520455936
2.1617721491888,-0.717154235384358,-0.0125163758271672,0.999921667100055,0.0100007134508136,-3.28547520389886,7.74510086403097,-0.148955702394248
2.16538716849386,-0.715083895897465,-0.0124802444088234,0.999922118717001,0.00999558719637255,-3.25761038499964,7.7080691824183,-0.148652031196473
2.17042040305611,-0.712189197842576,-0.0124297263157274,0.99992274796792,0.0100376827831325,-3.21908447257995,7.65430498882554,-0.148625253387261
2.17254859884227,-0.71093935254133,-0.0124079140822937,0.999923018871016,0.0102499571652061,-3.20289678547103,7.60629600630651,-0.147437208785191
2.17467679462843,-0.709701177258146,-0.0123863055075701,0.999923286775477,0.0101542515725687,-3.18676006393686,7.58234822148108,-0.147134425938263
2.17824064787798,-0.707616299634836,-0.0123499203117892,0.99992373682611,0.0102102910754105,-3.15986492157849,7.54664697874158,-0.146457659925762
2.18301675356852,-0.704760578160677,-0.0123000823553155,0.99992435112565,0.0104356447435014,-3.12408441873782,7.49156429085825,-0.143034025213633
2.18627309252801,-0.702882532266271,-0.0122673067439779,0.999924753761626,0.0100659313323072,-3.09982265610242,7.4506256680345,-0.14490312409189
2.18882523587317,-0.70139195127126,-0.012241293151271,0.999925072563932,0.0101936069461017,-3.08090342558678,7.41307519092608,-0.145727298858861
2.19137737921832,-0.699871804847035,-0.0122147635746922,0.999925396992603,0.0103957954656196,-3.06207290650845,7.37831560836612,-0.145184238211813
2.19481015745608,-0.697827250100826,-0.0121790820170138,0.999925832230182,0.010395140491761,-3.03686776667269,7.34248998623583,-0.144836670318297
2.19951799027435,-0.695010153090318,-0.0121299180307835,0.999926429837999,0.0104437901853082,-3.00253401761803,7.2928989579788,-0.14442095801937
2.20180097442862,-0.693625487119879,-0.0121057528249879,0.999926722689488,0.0105856977496987,-2.98598604311952,7.24839656356807,-0.143424310969127
2.20408395858289,-0.692251248737338,-0.0120817695945806,0.999927012758163,0.0105059793944323,-2.96949624044079,7.22291595755224,-0.143217525300674
2.20775870172208,-0.690024983642684,-0.0120429167655133,0.999927481448419,0.0105737066380501,-2.94308860526419,7.186253345165,-0.14251329119887
2.21270051672403,-0.68697810881319,-0.0119897426072309,0.999928120452772,0.0107608232298829,-2.90784568537812,7.13157410225503,-0.13939249119008
2.21511391672067,-0.685554547316891,-0.011964898554225,0.999928418039305,0.0102949512097691,-2.8907158839677,7.09778794824181,-0.141682994075634
2.21752731671731,-0.684082761302828,-0.0119392128772126,0.999928725057878,0.0106437026046224,-2.87367158133968,7.06236125456385,-0.141545721864802
2.22108215729797,-0.681908535822543,-0.011901268180012,0.999929177399933,0.0106748509393387,-2.8486924388465,7.0267968215053,-0.14132352023405
2.22563465248015,-0.679145257102521,-0.0118530432700294,0.999929750215103,0.0105938194077584,-2.81691079481269,6.98114830702627,-0.142772432727436
2.2284770557907,-0.677346927661132,-0.0118216586993222,0.999930121751314,0.0110423350800777,-2.79721576128505,6.92900738419499,-0.140047282207479
2.23131945910125,-0.675577855665161,-0.0117907847202276,0.999930486281762,0.0108626847287824,-2.77760399193782,6.8997138000982,-0.139120235167035
2.23442299620296,-0.673651164066761,-0.0117571599390505,0.999930882206449,0.0108350926573607,-2.75629541641973,6.86590004235619,-0.138643617527512
2.23807339538448,-0.671378947104408,-0.0117175050035532,0.999931347681675,0.0108639262011253,-2.73137640495421,6.82637986323619,-0.13809808009644
2.24098996409681,-0.669574740406276,-0.0116860178122968,0.999931716162504,0.0107967102355004,-2.71157288168442,6.79000744472923,-0.138545876518739
2.24390653280914,-0.667752513065779,-0.0116542161112705,0.99993208731735,0.010904549128939,-2.69187325727786,6.75438378094151,-0.138254598239377
2.24747194256683,-0.665521630487556,-0.0116152825004959,0.999932540330813,0.0109205529971303,-2.66792432098676,6.71702214294627,-0.138021530730459
2.25185405232727,-0.662755290994252,-0.0115670040116599,0.99993309997129,0.0110179194556081,-2.63869659816373,6.66978337396294,-0.136932128255623
2.25409777699712,-0.661335442144404,-0.0115422246286524,0.999933386306619,0.0110445981378556,-2.62381704078804,6.63163247061111,-0.136258551296666
2.25634150166697,-0.659922037401094,-0.0115175577019732,0.999933670732505,0.0109944712760614,-2.60899217957456,6.60725507575883,-0.13611235258986
2.2598748613342,-0.657683330528257,-0.0114784874789439,0.99993411999251,0.0110582588804698,-2.5857662027109,6.57334068735728,-0.135444369850453
2.26468202125412,-0.654599154011278,-0.0114246619736633,0.999934736419726,0.0111976792598222,-2.55440634560091,6.52357267749935,-0.132890481374973
2.26722403153547,-0.653021844613808,-0.011397134523686,0.999935050553109,0.0108297132039435,-2.53790903838842,6.48986643898199,-0.134668812165262
2.26976604181683,-0.651405230033655,-0.0113689211045584,0.999935371728052,0.0110995802677961,-2.52149793737981,6.45595382875298,-0.134459532487119
2.27328048128099,-0.649167324469252,-0.0113298647997527,0.999935815021954,0.0111138122724181,-2.49892852171637,6.42191049057694,-0.134224726273803
2.27772060515829,-0.646352410367215,-0.0112807384202347,0.999936370445987,0.0110648983224481,-2.47060618145137,6.37872749673227,-0.134984633659333
2.28029550273864,-0.644668885258629,-0.0112513572288152,0.999936701476903,0.0114113494878764,-2.45429976463885,6.33284093976071,-0.132810754717402
2.28287040031898,-0.643014915522493,-0.0112224918337596,0.999937025855649,0.0112110158649507,-2.43805599626357,6.30851048183629,-0.132361856652207
2.28639915655009,-0.640742129336137,-0.0111828267208281,0.99993747023828,0.0112412418279434,-2.41591546447119,6.27431603158044,-0.131625969908673
2.29087673889167,-0.637836523989278,-0.011132117497437,0.999938036060247,0.0113258397495876,-2.3880259397995,6.22870168410855,-0.129801755478812
2.29325573936387,-0.636330441631251,-0.0111058330264304,0.999938328334697,0.0110492184683834,-2.37328355512815,6.1968817760169,-0.131052670976968
2.29563473983608,-0.634794764334188,-0.0110790320503251,0.999938625641008,0.0112663386977105,-2.35861333961552,6.16654585992111,-0.130781200547376
2.2994098322669,-0.632357974585831,-0.0110365046462821,0.999939095927943,0.01126595045472,-2.33546018402209,6.13313608016151,-0.130526631079578
2.3,-0.631973029760235,-0.0110297865005752,0.999939170054735,0.0113841443175974,-2.33185598375851,6.10707780423078,-0.130292437598361
2.30295083866549,-0.630059295650505,-0.0109963875649851,0.999939537902428,0.0113191417792926,-2.31388754192079,6.08926609504671,-0.129790086124923
2.30833943956164,-0.626559118190738,-0.0109353016170337,0.999940207801719,0.0113368242062043,-2.28131897049347,6.04397543165566,-0.128947680645858
2.31070536070193,-0.625017222553795,-0.0109083920665676,0.999940501721238,0.0113744939036815,-2.26711969904267,6.00158272776268,-0.128372077950504
2.31307128184221,-0.623480931992934,-0.010881580329442,0.999940793852083,0.0113331455126482,-2.25297831831341,5.97711415163192,-0.128203410980768
2.31694506296751,-0.620953082284404,-0.0108374636305902,0.999941272966596,0.0113892083683583,-2.22995762007536,5.94269461630741,-0.127422868772173
2.32221702453935,-0.617475171957648,-0.0107767661891594,0.99994192896913,0.0115139280633619,-2.19889747048744,5.89157359450479,-0.124518190179252
2.32417745104513,-0.61623103493616,-0.0107550531602205,0.999942162743186,0.0110763077865601,-2.18740501120845,5.86222398295357,-0.126300317749125
2.32613787755091,-0.614955865646445,-0.0107327985421533,0.999942401858954,0.0113525819816408,-2.175964126604,5.83591609822159,-0.126374631084312
2.32964839914704,-0.612663889578781,-0.0106927983088903,0.999942830397981,0.0113950385041798,-2.1555810782817,5.80627344516772,-0.12612215962143
2.33432913508796,-0.609663888532346,-0.0106404413918276,0.999943388901085,0.0111862528637463,-2.12858448101176,5.76759672211521,-0.12898157675532
2.33815513112794,-0.60722102528614,-0.0105978077890182,0.999943841658154,0.011143766584385,-2.10668421738329,5.72406855617586,-0.132112395704343
2.34039952292247,-0.605626274402746,-0.0105699756943442,0.999944136246531,0.0124014237318596,-2.09396551025793,5.66688363250467,-0.125144255155883
2.342643914717,-0.604140459819454,-0.0105440447829192,0.999944410014685,0.0115542912854017,-2.08126027593165,5.6608807594221,-0.124147411174039
2.34584664417836,-0.602032047749115,-0.0105072480888132,0.999944797345134,0.0114898036378695,-2.06321596696645,5.63404095878924,-0.123458380984468
2.35006835721494,-0.59923011909255,-0.0104583478953745,0.999945309984151,0.0115836581120604,-2.03960017205268,5.59388918884606,-0.121443429243453
2.3541944539096,-0.596483151680306,-0.0104104068796221,0.999945810246036,0.0116196079095146,-2.01669892170099,5.55034262317338,-0.119030237542597
2.35618508729928,-0.595225283164931,-0.0103884541196436,0.999946038554583,0.01102862398685,-2.00568846490992,5.53113237632967,-0.121674247304134
2.35817572068896,-0.593922437665986,-0.0103657164003847,0.99994627451854,0.011422969050573,-1.9947343764713,5.50281558392753,-0.121844456545029
2.36170831033448,-0.591599584836267,-0.0103251771400672,0.999946693937745,0.0114764051265813,-1.97539815161371,5.47366855421388,-0.121591473490162
2.36641068282954,-0.588571204957421,-0.0102723247432848,0.999947238280285,0.0112401133560741,-1.94983225509806,5.43680802456404,-0.124764198511147
2.36934900015542,-0.586590101515559,-0.0102377497835983,0.99994759286643,0.0117675438178536,-1.93400191589684,5.38755261787903,-0.122072039642825
2.3722873174813,-0.584618644081576,-0.0102033431575056,0.99994794453932,0.0117102475565992,-1.91825482642355,5.35922016814698,-0.119894647702501
2.37554376157231,-0.58244817599184,-0.0101654633076735,0.999948330342993,0.0116328772786123,-1.90089861034075,5.32980625422974,-0.118287223955471
2.37862495069921,-0.580416342099571,-0.0101300029423347,0.999948690203847,0.011509254970456,-1.88456605621783,5.3007308056229,-0.11795530896209
2.3818329843937,-0.578310721908196,-0.0100932548160016,0.99994906180626,0.0114556169404289,-1.8676578463906,5.27058361522724,-0.118172250494463
2.38470018291484,-0.576429364552992,-0.0100604206029118,0.999949392688096,0.0114522520895348,-1.8526320640479,5.2405796919464,-0.118434084813244
2.38756738143599,-0.574535610812236,-0.0100273700321093,0.999949724661315,0.0115277117208191,-1.83769179985796,5.21075331189755,-0.118044132886233
2.39131515295289,-0.57206529680618,-0.00998425707746576,0.999950156063097,0.0115041999677488,-1.81828314832172,5.17871792576955,-0.117821656789783
2.39506222703329,-0.569576286073732,-0.00994081780095181,0.999950588849993,0.0115934276895787,-1.79902241309129,5.14020668316577,-0.11660023690387
2.39782910459627,-0.567739581566848,-0.00990876283876882,0.999950907004441,0.0115858184186889,-1.78488755049011,5.10859706636255,-0.115725834247648
2.40059598215924,-0.565917083312708,-0.00987695580019403,0.999951221682398,0.0114962062551228,-1.77082203151608,5.08353501515984,-0.115627890614028
2.40423157850968,-0.563514578982269,-0.00983502622601704,0.999951634959978,0.0115336266234424,-1.75245582042707,5.05177399211853,-0.115079127893768
2.40748284242967,-0.561378760886544,-0.00979775096410472,0.999952000886065,0.0114654051198229,-1.73613465184633,5.01994577567587,-0.115267327426624
2.41073410634965,-0.559240447997575,-0.00976043214829551,0.999952365847633,0.0114787975596002,-1.71991594119485,4.98843251444,-0.115318039677456
2.41417096998987,-0.556973961656601,-0.00972087637586284,0.999952751165016,0.011509810467473,-1.70288355372667,4.95579378502613,-0.115032938561037
2.41804807583572,-0.554390020976591,-0.00967578022429114,0.999953188542869,0.0116319425714644,-1.68381420714835,4.9184487957023,-0.113264123751539
2.42044649457817,-0.552803719261906,-0.00964809532876582,0.999953456045094,0.0115435171353806,-1.67208483994204,4.89045845027558,-0.112711584742879
2.42284491332062,-0.55122648007983,-0.00962056858955777,0.999953721259146,0.0114775690881059,-1.66040667995432,4.86910804232231,-0.112675304696789
2.4264117537699,-0.548870265626885,-0.00957944678450049,0.999954116046983,0.0115294476082555,-1.64314344763996,4.83992277194277,-0.112030269164431
2.43140030578915,-0.545568303016182,-0.00952181929358778,0.999954666451105,0.0115524743677491,-1.61920194664497,4.79928863177662,-0.110621882922914
2.43356702784535,-0.544157167759141,-0.00949719145079404,0.999954900660298,0.0113669200698126,-1.60886750144726,4.76962200487755,-0.111317995131508
2.43573374990155,-0.542729242166321,-0.00947227056874492,0.999955137038794,0.0115021689085053,-1.59858275367022,4.74668532016595,-0.111034342597627
2.43936636477153,-0.540340044395621,-0.00943057306369872,0.999955531157106,0.0114791600740916,-1.58143596280155,4.72023362849892,-0.110747440501384
2.44421659507335,-0.537202980047298,-0.00937582338262807,0.999956046001972,0.0112885571030627,-1.55871307068968,4.68490993166109,-0.113129245036656
2.44722816340516,-0.535167390972337,-0.00934029720672851,0.999956378472626,0.0117970863222399,-1.54474427248701,4.63837996140598,-0.109827958557566
2.45023973173697,-0.533158299539363,-0.00930523347011462,0.999956705377821,0.0116435214531315,-1.53084912696108,4.61392337645345,-0.107863447702068
2.45301810376673,-0.531340299679449,-0.00927350475582137,0.999957000130277,0.0114203868367822,-1.51809070910041,4.59204804973178,-0.107902412730048
2.45608130624644,-0.529334629755946,-0.00923850071150718,0.999957324141687,0.0114277603603247,-1.50410615788281,4.56533686891727,-0.107831622727969
2.46062014327579,-0.526383190350116,-0.00918699056230096,0.99995779871173,0.0113492365933788,-1.48353379085241,4.53251943116323,-0.108642530192675
2.46292375742463,-0.5248590412029,-0.00916039026075744,0.99995804274493,0.0115476894964425,-1.47317300165258,4.49762352999364,-0.107688708468228
2.46522737157346,-0.523341917359382,-0.00913391256229736,0.999958284950579,0.0114944624052078,-1.46285738575212,4.47801377920252,-0.107016758163082
2.46884543227541,-0.520974248023,-0.0090925906528091,0.999958661543176,0.0114214848568419,-1.44674618561981,4.45299331867569,-0.10667486761387
2.47390962379208,-0.51767859632224,-0.0090350730424089,0.999959182894541,0.0113581749402338,-1.42438475844967,4.41559666464509,-0.107074636457416
2.47603794324956,-0.51626415328344,-0.00901038735918844,0.999959405635867,0.0115991459939231,-1.41506530907296,4.37878314929169,-0.105494759768321
2.47816626270703,-0.514871593848709,-0.00898608359599952,0.999959624335706,0.0114196894081662,-1.40577810415506,4.36363295240761,-0.105106866813717
2.48182205603737,-0.512479822386736,-0.00894434098666879,0.9999599985821,0.0114186670838972,-1.38991860216904,4.33818341272199,-0.104372533958265
2.48667942328266,-0.509245782603531,-0.00888789858795875,0.999960501849293,0.0116204189444671,-1.36904769338284,4.29675330940544,-0.100160682418108
2.49081086441657,-0.506529304464673,-0.00884048896307174,0.999960922113906,0.0114757746860681,-1.35144565293554,4.26050859174062,-0.0979596635121964
2.49261051335117,-0.5054287377633,-0.00882128119949328,0.999961091742073,0.010673477591946,-1.34379513902025,4.25111463031104,-0.101764713732034
2.49441016228577,-0.504277049455821,-0.00880118122687562,0.999961268854455,0.0111692633689845,-1.33619082527372,4.2254428629641,-0.102576449348383
2.49732399572581,-0.502390344396945,-0.00876825328220467,0.999961558128301,0.0113009943666948,-1.32394565489481,4.20242633316924,-0.102572147895617
2.50129877966079,-0.499829633448757,-0.00872356215430104,0.999961949007731,0.0112440922497574,-1.30735497937301,4.17398172912239,-0.103102265643447
2.5052534200957,-0.497312910074807,-0.00867963870805616,0.999962331226481,0.0111072321138485,-1.29097148651373,4.14285271415924,-0.105162345364982
2.50868959842619,-0.495016393149146,-0.00863955842924574,0.99996267831862,0.0116646395575045,-1.27688303283808,4.1000356560681,-0.100945343013949
2.51093766726663,-0.493556911781211,-0.00861408662188964,0.999962898067559,0.0113309498284707,-1.26770474700204,4.08274233908292,-0.100269796719253
2.51318573610707,-0.492108444634609,-0.00858880703628068,0.999963115516614,0.0112454389120124,-1.25856523881054,4.06549302543229,-0.100203822885877
2.5165230436011,-0.48995089727224,-0.00855115211389243,0.999963438230381,0.0112834389125076,-1.24507848903058,4.04120681241172,-0.0996185507381724
2.52111638009809,-0.486967127072835,-0.00849907739223137,0.999963882189492,0.0113374263210732,-1.22667358185712,4.00687108064417,-0.0977888388024142
2.52381334108754,-0.485258916527184,-0.00846926456693236,0.999964135135703,0.0110546272101968,-1.21593367868583,3.98222414535471,-0.0989613318045166
2.526510302077,-0.483526280634031,-0.00843902544655147,0.999964390790748,0.0112126950267286,-1.20526287525158,3.95660281182026,-0.0987189673637396
2.5300073033469,-0.481284338099542,-0.00839989755459629,0.999964720238205,0.0111893808001137,-1.19151456818516,3.9314561263584,-0.098497536920874
2.53434051271623,-0.478517780744709,-0.00835161371353798,0.999965124666045,0.0111431344925991,-1.17461436156686,3.90015925330066,-0.0986407167301633
2.53657837081548,-0.477063656576081,-0.00832623534148563,0.999965336301733,0.0113408685224283,-1.16595564940109,3.86919625006355,-0.0971852806448017
2.53881622891472,-0.475630720518264,-0.00830122675362496,0.999965544223592,0.0111756202003628,-1.15733029483438,3.85429021153093,-0.0968260709774771
2.54277769133084,-0.473094076461546,-0.0082569554802164,0.999965910762061,0.0111758704464094,-1.14216157704249,3.82907022673353,-0.0960181553142825
2.54793048575939,-0.469707877048989,-0.00819785715163761,0.99996639700448,0.0114695685414418,-1.12265205070883,3.78620311836366,-0.0899066403302844
2.55061778946134,-0.468092374410979,-0.00816966225573944,0.99996662775246,0.0104922417542232,-1.11250866072749,3.77456034238378,-0.09467296321902
2.5533050931633,-0.46640104887756,-0.00814014403802509,0.999966868478671,0.0109846904388724,-1.10245009774416,3.74299450263449,-0.0952648481355163
2.55623990405814,-0.464538471354798,-0.00810763700042697,0.999967132571001,0.0110767308391215,-1.09153647182756,3.71868113744544,-0.0949334066438108
2.55975899574018,-0.462310088875063,-0.00806874566133983,0.999967447141882,0.0110518891745766,-1.07853857764612,3.69353667247798,-0.0946197875871735
2.56425713275666,-0.459437513580122,-0.00801861138637857,0.999967850418919,0.0111459247960855,-1.06207577788488,3.65991513840537,-0.0927087859654843
2.56642806631329,-0.458075744959491,-0.00799484480214587,0.999968040717597,0.0109479841093354,-1.05417857748783,3.63769788023084,-0.0928485280574001
2.56859899986991,-0.456710472042729,-0.00797101705383459,0.999968230938927,0.0109761570146167,-1.04631957627541,3.6201021392069,-0.0927977976537402
2.5720369222555,-0.454541101798325,-0.0079331555975314,0.999968532026016,0.0110132368369738,-1.03395186838955,3.59743661977288,-0.0921806247908283
2.57673990164022,-0.45155340334969,-0.00788101205268704,0.999968944342286,0.0110876894665669,-1.01718918226889,3.56426952989429,-0.08989891046571
2.57945719877369,-0.44988383072132,-0.00785187341482656,0.999969173566804,0.0107237221529069,-1.00756184664396,3.54298229160862,-0.0914768209761334
2.58217449590716,-0.448184959702481,-0.00782222343256514,0.999969405942287,0.0109119067179713,-0.998001787522929,3.51822368016843,-0.0913480592761715
2.58553524701239,-0.44608612751411,-0.00778559301589842,0.999969691811402,0.0108998051289462,-0.986255409466841,3.49516452967951,-0.0911204055142876
2.58964224847622,-0.443531232779296,-0.00774100303449073,0.999970037987149,0.0108573920796207,-0.972014258595407,3.46753002083287,-0.0911234048799554
2.59211737808031,-0.441968779165286,-0.00771373388870455,0.999970248712178,0.0110175887069155,-0.963501636033627,3.43926336128833,-0.0897126056852169
2.5945925076844,-0.440428385927742,-0.00768684975201084,0.999970455734013,0.0108620307099095,-0.955027512031808,3.42370920206503,-0.0893888233727629
2.59847291240001,-0.43801203138182,-0.00764467764844605,0.999970779024893,0.0108682845766483,-0.94183552483103,3.39964209086079,-0.088583046852339
2.60347579904548,-0.434861219164046,-0.00758968719652357,0.999971197909349,0.0109920634244254,-0.925006626549425,3.36383761499854,-0.0851314428969943
2.60557080952956,-0.433616423608265,-0.00756796203951941,0.999971362565233,0.0103702492792664,-0.91798823079232,3.35005280901507,-0.0876577001477146
2.60766582001364,-0.432328612517226,-0.00754548613759787,0.999971532414272,0.0107286067793676,-0.911017708612996,3.32720157359419,-0.087728210812722
2.61133295251094,-0.430072193882058,-0.00750610531837832,0.999971828794666,0.0107391632334067,-0.898895330891723,3.3056830453213,-0.0875021784514121
2.61513929565665,-0.427745639066184,-0.00746550041435727,0.99997213276349,0.0106679929293516,-0.886411939257697,3.27962854533859,-0.0878243658867182
2.61894563880236,-0.425422281401254,-0.00742495129729922,0.999972434669193,0.0106533329766045,-0.874033479758976,3.25206084287772,-0.0880617697954893
2.62162516987764,-0.423746237302737,-0.00739569961255336,0.999972651439649,0.0109170176071446,-0.865397182175469,3.2230630438193,-0.0858318746322784
2.62430470095292,-0.422105822689406,-0.00736706975643233,0.999972862773387,0.0106849427366442,-0.856800288460363,3.20835753479772,-0.0853764644026151
2.62766022369402,-0.420054888328223,-0.00733127516576739,0.999973125841112,0.0106676545226624,-0.846106520821604,3.18691556096225,-0.0847864013122495
2.63189152481581,-0.417470440345547,-0.00728616924389625,0.99997345551657,0.0106603442643007,-0.832736446921348,3.15980203616307,-0.0837737831197296
2.63426500335272,-0.416045678285849,-0.00726130311272293,0.999973636391033,0.0104769386419744,-0.825283914579313,3.13991983755015,-0.0844297778210654
2.63663848188963,-0.414605610265367,-0.00723616984464301,0.999973818580256,0.0105894904964447,-0.817876941474945,3.12072470392739,-0.0841218562391259
2.64059836032549,-0.412213877560119,-0.00719442732072329,0.99997411977287,0.0105416393988644,-0.80560430783003,3.09924505100081,-0.083913795605258
2.64575372896001,-0.409174967016603,-0.00714138968863202,0.999974499951531,0.0102881090408791,-0.789765602319237,3.07227409592478,-0.0872415284529406
2.6479589364299,-0.407776280718072,-0.00711697862789372,0.999974673986902,0.0110700156085995,-0.783082645773317,3.0305341502636,-0.0830808775783836
2.65016414389979,-0.406443314748241,-0.00709371457017992,0.999974839290268,0.0105498667623085,-0.776410256738408,3.02574207915243,-0.0823975199875993
2.65371398291941,-0.404308800071085,-0.00705646119356225,0.999975102867778,0.0104946474594071,-0.765736379340127,3.00686237863051,-0.0816977716266376
2.65834002136574,-0.401483275788035,-0.00700714771096218,0.999975449639118,0.0106602447010405,-0.751972927840728,2.97521338378157,-0.0780008838487876
2.66227261849852,-0.399098837584171,-0.00696553242913365,0.999975740384725,0.0105823953134773,-0.740382075654903,2.947378486649,-0.0752656961413956
2.66424328800644,-0.398010710273726,-0.00694654148435466,0.999975872489635,0.00963703156306278,-0.734575588338501,2.94645413301417,-0.0797202472315444
2.66621395751435,-0.396853031474882,-0.00692633666372146,0.999976012642514,0.0102530163678874,-0.728820293375086,2.92047699540623,-0.080231119051613
2.66950244087163,-0.394907236520329,-0.00689237694583154,0.999976247287923,0.0103271097451437,-0.719280017489869,2.90111727769941,-0.0801003364014217
2.67394016691212,-0.392328326762684,-0.00684736754160289,0.999976556504076,0.0101426870365535,-0.706504786462595,2.87877866066922,-0.0820425654457513
2.67699684090653,-0.3905042846698,-0.00681553274425893,0.999976773986982,0.0104150917873725,-0.697799224417662,2.84805054803772,-0.0805907248802755
2.68005351490093,-0.388676187014263,-0.00678362715871475,0.999976990936577,0.010438248630878,-0.689157549508235,2.82714968140176,-0.0786796134746837
2.68347426695168,-0.386634756155175,-0.00674799828427936,0.999977232000387,0.010415747594188,-0.679558692757266,2.8060662125068,-0.0765127810471053
2.68648157750867,-0.38487978985516,-0.00671736903830435,0.999977438222085,0.0101851603339218,-0.67116983222397,2.78948927100546,-0.0764871188073166
2.68944321687209,-0.383167794705382,-0.00668748975731317,0.999977638490354,0.0100889907497901,-0.662960800320488,2.77178646558481,-0.0771470584256031
2.69243244963001,-0.381435816640423,-0.00665726171041629,0.999977840187731,0.0101125346381247,-0.654735051405449,2.75179271110709,-0.0773974519088625
2.69542168238792,-0.379698477963421,-0.00662694009916057,0.999978041591375,0.010143833749853,-0.646569545473052,2.73163938497904,-0.0771497657434788
2.6991371824101,-0.377548729404192,-0.00658942072793991,0.999978289531563,0.0100982883123587,-0.636497608741112,2.71078903830308,-0.0770656994897825
2.70365903188995,-0.374909007375583,-0.00654334988046741,0.999978592057021,0.0101887161308712,-0.624368459133929,2.68234262578871,-0.0753656844034982
2.7057557104505,-0.373706050089866,-0.006522354763102,0.999978729217949,0.0100137263725671,-0.618781552337997,2.66464631300191,-0.0753709415719073
2.70785238901106,-0.372501297549213,-0.0065013283104141,0.99997886614178,0.010028670537174,-0.613223403696592,2.65093025987447,-0.0752665781824147
2.71119182200369,-0.370578647055023,-0.00646777243445132,0.999979083741123,0.0100485865602624,-0.604429989463776,2.63320577241776,-0.0746987565200561
2.71574193866696,-0.367941542692675,-0.00642174723647016,0.999979380368631,0.0101153788458382,-0.592568567887434,2.60683900087814,-0.0725328549508257
2.71896140943332,-0.36613374130395,-0.00639019579741588,0.999979582490398,0.00980039538952741,-0.584234088996379,2.58877296794757,-0.0738042531341458
2.72218088019968,-0.364334327729586,-0.00635879074401794,0.999979782685767,0.00975492363709789,-0.575961582692459,2.56952365909118,-0.0752956095658459
2.72498288048947,-0.362728291910109,-0.00633076069527238,0.99997996053372,0.0100037866009388,-0.568828599891384,2.54567525459,-0.0742575555029954
2.72790807634256,-0.361057504887505,-0.00630160054230636,0.999980144718187,0.00996881443452553,-0.561431916403652,2.52861136799999,-0.0732576707718939
2.73160077696328,-0.358955631360166,-0.00626491665294513,0.9999803752171,0.00993435896391236,-0.552167399215015,2.50887308238076,-0.0720852716899665
2.73529347758401,-0.356823776685315,-0.0062277094955635,0.999980607629187,0.0100760627713294,-0.542997325063143,2.48329748163101,-0.0689442144055334
2.73829085391039,-0.355164643709688,-0.00619875272135474,0.999980787547791,0.00966089339476948,-0.535589857783332,2.47131706974387,-0.0699324956627341
2.74123857771631,-0.353542544925577,-0.00617044229822207,0.999980962639712,0.00960434777451234,-0.528354973609534,2.45439690083945,-0.0712257827692473
2.74480738268245,-0.351583710632217,-0.00613625483755385,0.999981173011056,0.00957970756163047,-0.519664259930835,2.43518874277426,-0.0727592285199965
2.74790445440435,-0.3498595019761,-0.00610616228330207,0.999981357217308,0.00971663582338929,-0.512193073921216,2.41233871233372,-0.0725603156352832
2.75073310974421,-0.34825949777473,-0.00607823746017126,0.999981527344069,0.00987230256235484,-0.505428560221482,2.39142379929755,-0.0707894332781474
2.75410012059479,-0.346375373901398,-0.00604535389924358,0.999981726681159,0.0097665753287759,-0.497431511017528,2.37511833457856,-0.0695036120383441
2.75746713144538,-0.344491941941159,-0.00601248240772197,0.999981924864293,0.0097629887167531,-0.489501428002476,2.35522942068034,-0.0679447391899015
2.76057551607789,-0.34278697298254,-0.00598272562095978,0.999982103336927,0.00957324317622137,-0.482227804705872,2.3400010476645,-0.0680454717022172
2.76394225797363,-0.340955521349922,-0.00595076132889293,0.999982294063053,0.0094943010394124,-0.474408156641247,2.32261584248712,-0.068691388892625
2.76676985105325,-0.339417458608619,-0.00592391754311681,0.99998245344653,0.00949367825640821,-0.467891830657153,2.30454871001518,-0.0690441038826484
2.76959744413288,-0.337867025532822,-0.00589685785375932,0.999982613382579,0.0095700340333547,-0.461426350967001,2.28656652781618,-0.0685139656326594
2.77315208410677,-0.335928944283009,-0.00586303253952976,0.999982812277011,0.00951598452413116,-0.453360085637913,2.26922146499653,-0.068136602749596
2.77650846133632,-0.334090868289011,-0.00583095260991151,0.999982999851328,0.00955806686886016,-0.445813291969037,2.24849388276097,-0.0670365841131318
2.77986483856586,-0.33225533175201,-0.00579891699543288,0.999983186139487,0.00954486159341855,-0.438330014578989,2.22956982432443,-0.065761519720333
2.78312410346477,-0.330496145454627,-0.00576821391590499,0.999983363715727,0.00942040429287884,-0.431116308366334,2.2132923945746,-0.0654724294051916
2.78665220464429,-0.328617274804815,-0.00573542197929614,0.999983552332097,0.00929465380661302,-0.423366272897761,2.19665907360222,-0.0661963040192117
2.78930208582948,-0.327204159896911,-0.0057107588753595,0.999983693483583,0.00930740139965669,-0.417592138090322,2.17901649316058,-0.0664701502369738
2.79195196701466,-0.32577902215061,-0.00568588593322571,0.999983835219927,0.00938658914461506,-0.411861603285329,2.16256292434035,-0.0658893442256328
2.79554151168434,-0.323863228913905,-0.00565244957078564,0.999984024779321,0.00931508111610111,-0.404156166080687,2.14663360222997,-0.0655849644215768
2.7992897216951,-0.321855902305503,-0.00561741566852757,0.999984222196134,0.00934698386135738,-0.396188790336395,2.12564816844071,-0.0645388477440552
2.8022595709215,-0.320271827518968,-0.00558976878197532,0.999984377120445,0.00930933475582465,-0.389928637429623,2.10790260028292,-0.0637574550516218
2.80522942014789,-0.318705679191866,-0.00556243476205067,0.999984529540091,0.00920398404052612,-0.383710460522707,2.09376854947548,-0.0637047174689455
2.80892755966374,-0.31675891633985,-0.00552845786296955,0.999984717960058,0.00918770678543091,-0.376033417959306,2.07592021082805,-0.0634852852907247
2.81180057874587,-0.315260644129087,-0.00550230847753539,0.999984862186132,0.0091018480634455,-0.370115435320045,2.05984801008252,-0.0638408529301361
2.814673597828,-0.313753226535302,-0.00547599947368688,0.999985006602481,0.00915740531542387,-0.364245244042047,2.04321346645536,-0.0634780642638731
2.81834535779944,-0.311837638938108,-0.00544256666123013,0.999985189124388,0.00910552730611873,-0.356803668538958,2.0267053295925,-0.063271845299337
2.8218617735987,-0.309991507593298,-0.00541034606524154,0.99998536397062,0.00916304334600469,-0.349748510868161,2.00634909906891,-0.0621113377354181
2.82537818939796,-0.308130390070099,-0.00537786390926328,0.999985539185329,0.00923742537877051,-0.342764291377857,1.98617566550942,-0.0597921461123667
2.82839079692309,-0.3065863655745,-0.0053509159858287,0.999985683746579,0.00894517820686345,-0.336814672576856,1.9749067050286,-0.0602169190867164
2.8314108073074,-0.30505157794864,-0.00532412927001288,0.999985826723317,0.00886986929889515,-0.330893604842613,1.96061171345821,-0.061113025336757
2.83452334462972,-0.303466480843247,-0.00529646449663204,0.999985973633548,0.00888829934809408,-0.324842125950451,1.94422693304192,-0.0616097870693939
2.83763588195205,-0.301874284409904,-0.00526867581426991,0.999986120431261,0.00892810823537036,-0.318843490261476,1.92724940065792,-0.061464769784293
2.84102785310419,-0.300138885779749,-0.00523838781231723,0.999986279552439,0.00892944502539051,-0.312363395312027,1.91042159817537,-0.06098973613629
2.8442900845504,-0.298459567115865,-0.0052090785723378,0.999986432658177,0.00898453722806003,-0.306190579718215,1.89220651434595,-0.0596722893069201
2.8475523159966,-0.296787421554167,-0.00517989452045468,0.999986584256387,0.00894616035235662,-0.300069578882834,1.87632328861987,-0.0584298966115917
2.8506861026957,-0.29520748757767,-0.00515231983857463,0.99998672671205,0.00879927464811608,-0.294231119174595,1.86306863511665,-0.0583661448656564
2.85414025023065,-0.293481573392296,-0.00512219735092969,0.999986881461101,0.00872078706450707,-0.287847763539777,1.84802634231422,-0.0588120254936814
2.85694580398758,-0.292084480634389,-0.00509781380070883,0.999987006062805,0.00869128546227552,-0.28270546544109,1.83289950726619,-0.0592195593739657
2.85975135774451,-0.290675223075403,-0.00507321793435764,0.999987131147092,0.00876696244089461,-0.27760684250232,1.81733211355298,-0.0587458148749964
2.86332411014031,-0.288892242988783,-0.00504209945936142,0.99998728853573,0.00871005587894385,-0.271166483347222,1.80263238019919,-0.0584466369425489
2.86680295053697,-0.287147680271286,-0.00501165148064428,0.999987441595862,0.00875244620509137,-0.264959069477747,1.78433419234638,-0.0573606116588471
2.87028179093363,-0.285396074807054,-0.00498108057968684,0.999987594341179,0.00878777956474454,-0.258813642234314,1.76651600611908,-0.0555435838708356
2.8734130617367,-0.283857329227887,-0.00495422473435535,0.999987727753337,0.00857676591900889,-0.253319307656298,1.7546660520791,-0.0556308900939003
2.87664256364914,-0.282290352428367,-0.0049268761636845,0.999987862871979,0.00846845897460827,-0.247695386527631,1.74142059089399,-0.056519531159835
2.87952754409901,-0.280888500121916,-0.00490240952079636,0.999987983118242,0.00848079867417645,-0.242714772383447,1.72639441782486,-0.0569852712259171
2.88241252454888,-0.27947420967113,-0.00487772579098461,0.999988103824795,0.00855604582931382,-0.23777859497385,1.71099163248224,-0.0565445435294897
2.88591422349718,-0.277766758850983,-0.00484792550470931,0.999988248740104,0.00851033714416186,-0.231837424408973,1.6966537251165,-0.056185054554069
2.88926410596859,-0.276125297516751,-0.00481927693455794,0.999988387217486,0.00855221192715874,-0.226211255188302,1.67951242131518,-0.055083755512525
2.89261398843999,-0.274486721535695,-0.00479067871878622,0.999988524632865,0.00853717888840718,-0.220637096492277,1.66398634686649,-0.0538080384275677
2.89583637791408,-0.272935897357329,-0.00476361203960624,0.999988653935801,0.00839966374321808,-0.215315812087552,1.65134737669475,-0.0536338550638813
2.89932498448468,-0.271280052432516,-0.00473471241968118,0.999988791186333,0.00828409430973276,-0.209601376273537,1.63802816349939,-0.0543501238995634
2.90202248205034,-0.269999367691732,-0.00471236050363479,0.999988896767601,0.00828625971393781,-0.205221677410285,1.62361550164626,-0.0546977431105983
2.90471997961599,-0.26870643796929,-0.0046897948723376,0.999989002851559,0.00836548693901265,-0.200879958823168,1.60953568314388,-0.0541654469513807
2.90830402881287,-0.267002732169193,-0.00466005992157489,0.999989141861814,0.00829655902127435,-0.195158013071105,1.59650312753975,-0.0538947509926903
2.91194031880629,-0.265267085220528,-0.00462976749445787,0.999989282569042,0.0083306760355272,-0.189415182724868,1.57931032910769,-0.0528738769332775
2.9155766087997,-0.263509010271018,-0.00459908362477315,0.999989424158982,0.00843832489194437,-0.183740364653293,1.56060657479098,-0.0502624150170697
2.91862514999003,-0.262091912182504,-0.00457435085747328,0.999989537602386,0.00811306980098229,-0.179008567612619,1.55215125703119,-0.0508020425631444
2.92160826914612,-0.260722563397685,-0.00455045146131345,0.999989646642153,0.00801162932242734,-0.174412514158733,1.54068718458423,-0.0520325061840746
2.92535574021579,-0.259021851303969,-0.00452076874096829,0.999989781272784,0.00792081516096341,-0.168688152141061,1.52752667365926,-0.0542534574086798
2.92843174259468,-0.257595058063105,-0.00449586675424008,0.999989893539994,0.00809565037047989,-0.164046972409172,1.50883489679253,-0.0541861220897201
2.93107325673563,-0.256332500104119,-0.00447383118247262,0.999989992367199,0.00834210691508381,-0.160107925866873,1.49120781949423,-0.0518841140591452
2.9350586730192,-0.254469555009858,-0.00444131697982819,0.999990137303106,0.00815837628124768,-0.154207809923459,1.48042651598147,-0.0503185631343601
2.9375821135758,-0.25331111216741,-0.00442109853653523,0.999990226896108,0.00801233131644923,-0.150500333888856,1.46921472942912,-0.0501608492771898
2.94010555413241,-0.25216120760952,-0.00440102911116982,0.999990315424486,0.00795327655582117,-0.146817431029057,1.45947676483161,-0.0503142302063652
2.94380820015781,-0.250467126224187,-0.0043714620976263,0.999990445113917,0.00798545088240698,-0.141465645965362,1.44539473311077,-0.0498530734261695
2.94755199009041,-0.248774832447327,-0.00434192627962063,0.999990573793665,0.00788935780291881,-0.136106816912346,1.43139149084124,-0.0500901584317267
2.95129578002301,-0.247130171954774,-0.00431322180774008,0.999990698015555,0.00766729469049136,-0.130790726381307,1.41997564680447,-0.0524970385368332
2.95433572898547,-0.245739194878009,-0.00428894490248757,0.999990802433514,0.00798603203839241,-0.126537440330976,1.39913074293336,-0.0512218232286182
2.95720727581026,-0.244414500686131,-0.00426582483876325,0.99999090132783,0.00805150556166282,-0.12255929909355,1.38536526832502,-0.0491646099610725
2.96091254940826,-0.242713782943563,-0.00423614198271045,0.999991027510298,0.00801104789423579,-0.117474032538943,1.37244023149625,-0.0466425316702858
2.96405784288155,-0.241299420433581,-0.00421145692029477,0.999991131775982,0.0078483241152495,-0.113191654131807,1.36151950318871,-0.0457180950412532
2.96675751798651,-0.240136046038679,-0.00419115238587033,0.999991217082269,0.00752116933890385,-0.109530597539933,1.35611006863257,-0.0474383499861631
2.97059076349457,-0.238460793187968,-0.00416191396283555,0.999991339198578,0.0076276559867925,-0.104392042406907,1.34052335605212,-0.0482523172902012
2.97319173511903,-0.237313686893669,-0.00414189335369293,0.999991422322935,0.00769742411549127,-0.100943253771336,1.32596165338035,-0.0480681189855147
2.9757927067435,-0.236162326346505,-0.00412179849280114,0.999991505352513,0.00772597141643472,-0.0975234552060254,1.31481579158511,-0.0474372335511329
2.97950173212033,-0.23453881657665,-0.00409346314092881,0.999991621744659,0.00763963252968925,-0.0926875124133456,1.3038311419733,-0.0471870832722711
2.98294707894306,-0.233024601984289,-0.0040670353307047,0.99999172957761,0.00767064437288448,-0.0882470215254864,1.28883712332176,-0.0462776711900212
2.9863924257658,-0.231509366526236,-0.00404058970031792,0.999991836784118,0.00767581583121862,-0.0838542391787124,1.27498988426579,-0.0449663469714698
2.98970746263469,-0.230075134895822,-0.00401555783920978,0.999991937615119,0.00755106660256371,-0.0796635837694523,1.2641353852147,-0.0446437656977964
2.99320633949315,-0.228593843422209,-0.00398970463291458,0.999992041096799,0.00738906067350592,-0.0752759213949597,1.2540202333466,-0.0457015997511964
2.99581342776036,-0.22748386212323,-0.00397033195805082,0.99999211820101,0.00743082946074032,-0.0720399583064329,1.24121731098398,-0.0459895878902653
2.99842051602757,-0.226362475909136,-0.00395076022993086,0.999992195716349,0.00750718027792174,-0.0688345143244621,1.22951110719344,-0.0454480147386097
3,-0.22568497918536,-0.0039389357734357,0.999992242362396,0.00748633649202458,-0.0669046683578411,1.22182054411845,-0.0451226328983212
3.00570868325455,-0.223287700349441,-0.00389709568580769,0.999992406293776,0.00732925736276772,-0.059991558497433,1.21098150872054,-0.0461327219424625
3.00870664085849,-0.221993723824214,-0.00387451170550445,0.999992494051352,0.00753317884785241,-0.0564235019474152,1.19016244437012,-0.0444114087455864
3.01170459846243,-0.220719464976868,-0.0038522718590716,0.999992579973234,0.00741838789837142,-0.0528825827895969,1.18111048440786,-0.043481957599477
3.01489340459128,-0.219379221223681,-0.0038288803653142,0.999992669810708,0.00733555610695468,-0.0491481307009695,1.17111292995756,-0.0430286733330687
3.01841483517561,-0.217911399724438,-0.00380326223385434,0.999992767572036,0.00727497458201382,-0.045064147407228,1.15975118518921,-0.0428461233591166
3.02128732444838,-0.216733394197689,-0.00378270230670273,0.999992845556036,0.00715758114168669,-0.0417601706238954,1.1502137935397,-0.0434994670416089
3.02415981372115,-0.215544406345685,-0.00376195070157331,0.999992923838423,0.00722430993229963,-0.0384907074495343,1.13819856713009,-0.0433321165859145
3.02772726969849,-0.214076625756817,-0.00373633327764341,0.999993019882458,0.00718091663507467,-0.0344694384175581,1.12720915338983,-0.0432759144327174
3.03216415287802,-0.212246588879545,-0.0037043933297478,0.999993138711491,0.00719878519422225,-0.0295347838648361,1.11218942510939,-0.0425366535717542
3.03440096866435,-0.211325608443197,-0.00368831929859851,0.999993198127243,0.00718617110046088,-0.0270735984128469,1.10030761899876,-0.0419287970817012
3.03663778445067,-0.210416676555968,-0.00367245555193048,0.999993256512372,0.00709215940154457,-0.0246262259382615,1.09413233291206,-0.0418888856473942
3.0401775262488,-0.208975571325604,-0.00364730368924634,0.999993348565778,0.00710561181349997,-0.0207910402684437,1.08346480860259,-0.041410989435933
3.04498444460518,-0.206997603077834,-0.00361278185827753,0.999993473882327,0.00718174428273827,-0.0156620670898288,1.06699818851968,-0.0390400552084312
3.04756223939454,-0.206001934538222,-0.00359540427686703,0.999993536513155,0.00674130242891602,-0.0129222076436563,1.06286949507492,-0.0410399300234594
3.0501400341839,-0.204971952501768,-0.0035774278147059,0.999993600984642,0.00697362639056215,-0.0102179811516786,1.04904645751505,-0.0410005782359186
3.05359871244794,-0.203595903159693,-0.00355341137566992,0.999993686613868,0.00694386405893403,-0.0066241711703872,1.03907033465703,-0.0409621289978205
3.05793765519645,-0.20189310380989,-0.00352369210658054,0.999993791777698,0.0068494693010384,-0.00216627313814087,1.02741573019797,-0.0417345359698232
3.06054243432103,-0.200833743901612,-0.00350520290240202,0.999993856757437,0.00709822886270621,0.000465433283346034,1.01033765076343,-0.039912362307462
3.06314721344561,-0.199806437363802,-0.00348727313047512,0.99999391944457,0.0068834556231079,0.00308521623411448,1.00576011457007,-0.0396348633069287
3.06669797937159,-0.198408639773102,-0.00346287710754787,0.999994004223094,0.00687067825442151,0.00662000818575325,0.99550125953851,-0.0391037146910157
3.07120001349069,-0.196632143155489,-0.00343187157666378,0.999994111111401,0.00688704579033244,0.0110387654263128,0.981502388400836,-0.0376570840139016
3.07334066947216,-0.195824764000378,-0.0034177802347377,0.999994159372077,0.00658276000005022,0.0131291277514117,0.976505493269441,-0.0388427136101153
3.07548132545362,-0.194997661902141,-0.00340334466383098,0.999994208605779,0.0067435659860357,0.0151971168892204,0.966053936604615,-0.0388077079988082
3.07950146151659,-0.193451369087175,-0.00337635691807132,0.999994300090736,0.00671318094670481,0.0190419945912147,0.956404868335085,-0.0387610565825074
3.08332132612471,-0.191999355008908,-0.00335101463498829,0.999994385334696,0.00663437819162492,0.0226518800949559,0.945029699761862,-0.0392397784834434
3.08714119073283,-0.190544243892394,-0.00332561829653755,0.999994470116183,0.00664852882784376,0.0262127179981237,0.93218955865606,-0.0391885755328173
3.08941640582481,-0.189656234853986,-0.00331011970033696,0.999994521538778,0.00681196321276363,0.0283034390437426,0.9189113824835,-0.0377616043539654
3.09169162091679,-0.188792542502392,-0.00329504550728568,0.999994571322817,0.00662542865188289,0.030386004017166,0.91532663472744,-0.0375283159572158
3.09562802177392,-0.187300903537186,-0.00326901163630833,0.999994656767186,0.00661365855225538,0.0339505787754789,0.905541607088283,-0.0369458051933265
3.10073815666173,-0.185292205273531,-0.00323395342325187,0.999994770758956,0.00686056222576433,0.0384782641951238,0.886020725293556,-0.0316245962164403
3.10333863148663,-0.18440995313248,-0.0032185552986959,0.999994820437481,0.00592130504271137,0.040800242843294,0.892905643976122,-0.0362063647207964
3.10593910631153,-0.183454737944553,-0.00320188373450686,0.999994873957137,0.00641100230417338,0.04307492736708,0.874718917486248,-0.0366830734543071
3.10902282055675,-0.182314925964184,-0.00318199036393826,0.999994937455847,0.00645113986872801,0.0457422786546109,0.864980045301805,-0.0366122872628296
3.11280212639546,-0.180929208547136,-0.00315780515401959,0.999995014120875,0.00639941101935745,0.04897483829837,0.855331582497193,-0.0367805774154943
3.11626428877587,-0.179639955892144,-0.00313530356169313,0.999995084923709,0.00649932072712162,0.05189026193588,0.84208171575162,-0.0355381453552558
3.11972645115628,-0.178332040803888,-0.00311247624845019,0.99999515623407,0.00659340092068203,0.0547621927966518,0.82951940007738,-0.032950748816974
3.12259093813729,-0.17731173408243,-0.00309466862254433,0.999995211501593,0.00621671935943506,0.0571326504826699,0.827533063244666,-0.0338529051704937
3.12545091058839,-0.17629602016433,-0.00307694115481816,0.999995266205361,0.006198504507394,0.059475587019376,0.819216470355912,-0.0347206185718307
3.12869036951051,-0.175139530390729,-0.0030567566954273,0.999995328108339,0.00623084126091149,0.0620974666190883,0.8093572608096,-0.0351198349984618
3.13192982843263,-0.173984245003151,-0.0030365932551957,0.999995389540073,0.00622435236815017,0.0646883178808029,0.799779013718435,-0.0353107616665499
3.13540431683395,-0.172745298624292,-0.00301496966061587,0.999995454968644,0.0062235618799564,0.0674324717316457,0.789800837961219,-0.0352191725188659
3.13947015990155,-0.171264985320254,-0.00298913343592293,0.999995532530672,0.00635448557332473,0.0705875309548329,0.775991392368906,-0.0331263866237237
3.14173382253607,-0.170473309033303,-0.00297531613954938,0.999995573737139,0.00610398281377519,0.0723346407080376,0.771806596338998,-0.0333894007524139
3.14399748517058,-0.169681097877019,-0.00296148950741781,0.999995614780334,0.00610810676350937,0.0740666078429492,0.765117163884593,-0.0335545143257403
3.1474733282554,-0.168457281450348,-0.00294012997432512,0.999995677808526,0.00614516408370158,0.0766944650133011,0.756034465948747,-0.0331628852674664
3.15228959255278,-0.166752102799656,-0.00291036911987083,0.999995764866825,0.00617926674113246,0.0802748569880287,0.743396074978211,-0.031540190559787
3.1545054297507,-0.166007980130748,-0.0028973817840179,0.99999580258059,0.00586116643557384,0.0819141836636109,0.739822707695934,-0.032816145085526
3.15672126694863,-0.165242268721942,-0.00288401765465089,0.999995841212436,0.00603121258920754,0.0835318816196384,0.730061738083686,-0.0327708517204636
3.16069550889325,-0.163876762777262,-0.0028601851782585,0.999995909662008,0.0059967598908969,0.086401367507024,0.722020935658151,-0.0327713804068225
3.16467588983922,-0.162529135292034,-0.00283666473696886,0.999995976658491,0.00590911699831496,0.0892379909523829,0.712651247170316,-0.0334388085749712
3.16865627078519,-0.161170286728381,-0.00281294845012068,0.999996043652682,0.00595831951606269,0.0920265557886372,0.700577375408532,-0.0331507775878834
3.1709204624308,-0.160378729502155,-0.00279913322469513,0.999996082418921,0.00610163889719721,0.0935866629769354,0.689034954845602,-0.0316955542505552
3.17318465407642,-0.159613342622271,-0.00278577475567332,0.999996119721977,0.0058999074267454,0.0951420044067639,0.686930116026387,-0.0315653818654951
3.17673609248614,-0.158413031649603,-0.00276482545783208,0.999996177862789,0.00589884325841833,0.0975534843926022,0.679015009590555,-0.031119884910301
3.18149753550862,-0.156778165613538,-0.00273629177061214,0.999996256346666,0.00599267806496174,0.100723856001663,0.665842601517111,-0.0285994566911537
3.1842265697547,-0.155913831827531,-0.00272120635637409,0.999996297511129,0.00552776881554401,0.102539341847974,0.665248466161943,-0.03082336421746
3.18695560400079,-0.155014868695948,-0.00270551654763118,0.999996340083408,0.00574923767361287,0.104322637320513,0.653452947722786,-0.0309954282559012
3.19019371332937,-0.153948356520907,-0.0026869024663227,0.999996390271053,0.00574846216672804,0.106413017837634,0.645555879991671,-0.0309462802223429
3.194110432342,-0.152668224891039,-0.00266456003450422,0.99999645005361,0.00570439485907821,0.108908095361769,0.637032556098027,-0.0310703000270074
3.19690264880897,-0.151735694880336,-0.00264828437286953,0.999996493288792,0.00582896034492736,0.110655248957926,0.625722832317889,-0.0298203556629388
3.19969486527594,-0.150825512006738,-0.00263239874030301,0.999996535232434,0.0056892752146819,0.112390101410595,0.621317320197394,-0.0295715513685459
3.20325426706273,-0.149667481021721,-0.00261218735626605,0.999996588232788,0.005678328758404,0.114573247049646,0.613346222152199,-0.0290886173632395
3.2076930663246,-0.148235882775911,-0.00258720133774486,0.999996653189018,0.0056290229589376,0.117254780471435,0.604112342909337,-0.0286431317408695
3.20997004580707,-0.147520335935589,-0.0025747127310247,0.999996685421683,0.00548474345595965,0.118617594815473,0.598518499848404,-0.029324851720398
3.21224702528955,-0.14679109490025,-0.00256198511589601,0.999996718110748,0.00558971093294891,0.119962448645186,0.590630631528491,-0.0290892537971701
3.2158647799924,-0.1456442458844,-0.00254196888972552,0.999996769191863,0.0055327939547847,0.122076637552867,0.58439255320782,-0.0290612496254587
3.22073386848248,-0.144146954816266,-0.00251583631429048,0.999996835278812,0.00536705361854147,0.124887083063398,0.577201567862333,-0.0310238683175125
3.22324147277787,-0.143313286931775,-0.00250128611061966,0.999996871779004,0.00580245036237277,0.12628937839338,0.559217151030694,-0.0283894048712334
3.22574907707327,-0.142524957094705,-0.00248752720217581,0.999996906099423,0.00548689092367793,0.127692373521513,0.55949622143722,-0.0280480717760555
3.22923317377195,-0.141434404908319,-0.00246849353429756,0.999996953265194,0.00546303043897404,0.129617961688398,0.552679312146992,-0.0275798171444745
3.2336448911027,-0.14004118772708,-0.00244417738064728,0.999997012994005,0.0055117373088484,0.132009712070465,0.542135908254383,-0.0258582359503796
3.23636224909643,-0.139238566189214,-0.00243016903376788,0.999997047134874,0.00515515015522729,0.133479382320283,0.540845281780727,-0.0275699497987194
3.23907960709016,-0.138408052828899,-0.00241567388369614,0.999997082255587,0.00533429627334192,0.134921535846672,0.530719003427797,-0.0275960336147637
3.24243730994075,-0.137385916736129,-0.0023978342951419,0.999997125191214,0.00531304913392399,0.136680837166511,0.523959801722778,-0.0275833873968767
3.24657213032847,-0.136138582172507,-0.00237606426215113,0.999997177155327,0.00526506425135617,0.138814958088929,0.51613388788505,-0.0278186784539257
3.24888984640033,-0.135420865228597,-0.00236353777355688,0.999997206840696,0.00540468434449599,0.139987171276203,0.505762203362433,-0.0267237345025555
3.2512075624722,-0.134722446724093,-0.00235134810496892,0.999997235577224,0.00525935968103627,0.141153796618016,0.503351275842266,-0.0265533091736342
3.25531715902219,-0.133485130309144,-0.00232975291879088,0.999997286121986,0.00525483342880466,0.143192333191041,0.496042993083311,-0.0259919031405671
3.26060549805153,-0.131800221838402,-0.00230034579718611,0.999997354201107,0.0055607630762784,0.145725883142354,0.479082361636926,-0.0195968480876044
3.2629235767146,-0.13122126749202,-0.00229024116424065,0.999997377394266,0.00435906672370186,0.146873244647369,0.49496228203851,-0.025241906110656
3.26524165537766,-0.130549480485743,-0.00227851629970162,0.999997404178367,0.00505802297328643,0.147975521767847,0.47551325071114,-0.025727092113393
3.26858989213949,-0.129572148880309,-0.00226145868925097,0.999997442899029,0.00509451858156812,0.149543982956509,0.468443930412636,-0.0257968174057197
3.27287542764796,-0.12835547086047,-0.00224022370565999,0.999997490695726,0.0049550487543196,0.151527445636109,0.462827265269414,-0.0273345258888074
3.27690997255625,-0.127206138036223,-0.00222016411356201,0.999997535432617,0.00497197142189323,0.153356482306167,0.453343985910337,-0.0282804339646267
3.27887977870268,-0.126589834000949,-0.00220940760533512,0.999997559256038,0.00546070720123838,0.154216976305993,0.436841971168507,-0.025464339294308
3.28084958484911,-0.126015585926049,-0.00219938511005647,0.999997581349644,0.00508807409724386,0.155084020105697,0.440167069878585,-0.0249071793416921
3.2842806264485,-0.125028730009628,-0.00218216126640531,0.999997619083269,0.00502001636685873,0.156579048084197,0.435735893952298,-0.0244621138490291
3.28887568318995,-0.123664323956508,-0.00215834794452543,0.999997670764363,0.00518239040364973,0.158526648256446,0.423846816663715,-0.0211297393200706
3.29271807750222,-0.122512970883417,-0.00213825308891836,0.999997713934251,0.00522978651987851,0.160117177670275,0.413942267389481,-0.0172681082865616
3.29502603795629,-0.121979423082811,-0.00212894094427667,0.99999773380266,0.00403480303179213,0.1611138219496,0.431829010574434,-0.0234211281489791
3.29733399841036,-0.121343626429278,-0.00211784422431591,0.999997757365406,0.00480803081255837,0.162062981019484,0.411254477177347,-0.0238920788957648
3.3,-0.120600601939561,-0.00210487602945267,0.999997784745997,0.00486429708778078,0.163142562990686,0.404944233865855,-0.023796564753161
3.30429315610151,-0.119419190782654,-0.00208425656017631,0.999997827934937,0.00480288021686393,0.164855627950205,0.399022285473886,-0.0240950986779031
3.30940376487585,-0.11809485682834,-0.00206114262192796,0.99999787584329,0.00452274649054358,0.166874966219842,0.39512675667388,-0.0284483076253885
3.31117745200253,-0.117535751924616,-0.00205138442112394,0.999997895908765,0.0055016588254313,0.167528056334509,0.368210438495072,-0.0242761092981614
3.31295113912921,-0.117034421708037,-0.00204263457653699,0.999997913819817,0.00493314902467142,0.168195365069954,0.376226858394912,-0.0232503980954428
3.31629610051707,-0.116118414953445,-0.00202664727579095,0.999997946348301,0.0047795271706783,0.169447172843711,0.374236838218939,-0.0227402976974005
3.31986113749531,-0.115140380235801,-0.0020095773845305,0.999997980797329,0.00478814837709798,0.170756238570027,0.36719555345515,-0.0218097676000317
3.32342617447356,-0.114167887097495,-0.00199260421129769,0.999998014762258,0.00476101855887115,0.172042224911608,0.360721739894211,-0.0208613546083087
3.32699320414621,-0.113234891939022,-0.00197632040594101,0.99999804707692,0.00456509726997375,0.173318308018576,0.357743900129026,-0.0217412511979074
3.32949245374305,-0.112585357332512,-0.00196498391046435,0.999998069417252,0.00453596851775192,0.174199176942286,0.352453362331431,-0.0224782215218169
3.33199170333988,-0.111919101895118,-0.00195335558173942,0.999998092199166,0.00465273698815233,0.175062063752019,0.345258357078088,-0.0221408566212079
3.33554451944632,-0.110985071950366,-0.00193705371473322,0.999998123909693,0.00458844402855043,0.176272780973661,0.34077677689167,-0.0221046517023519
3.34042473387934,-0.109715262380866,-0.0019148913979768,0.999998166593786,0.00454126722612202,0.177901489512228,0.333737084900996,-0.0223624310626442
3.34261550846445,-0.109129664600508,-0.00190467080725587,0.999998186112913,0.00466529483640566,0.178612521973592,0.324557563429072,-0.0213624522263613
3.34480628304955,-0.108561877398096,-0.00189476106900491,0.999998204938635,0.00452340290970293,0.179320923454478,0.323356627241502,-0.0212653830268955
3.34842976166261,-0.10762238241071,-0.00187836381734917,0.999998235873129,0.00452528704786521,0.180472908876504,0.317922511775095,-0.0208611427869194
3.35328082132473,-0.106326661549073,-0.00185574926154346,0.999998278095857,0.00466178459912692,0.18196384912527,0.307343210063286,-0.0177844447173976
3.35612577945827,-0.105655269428118,-0.00184403127851098,0.999998299772877,0.00411886661687672,0.182849735269158,0.311388112691841,-0.0205039678897341
3.3589707375918,-0.104947827781422,-0.00183168411336319,0.999998322465247,0.00434002379685046,0.183708163617783,0.301736724526028,-0.0211198825463719
3.36197558383421,-0.104189507676211,-0.00181844895278562,0.999998346620336,0.00440461226707388,0.184595097855578,0.295167927488338,-0.0209679787488492
3.36546858524445,-0.103312472376883,-0.00180314182425222,0.999998374338459,0.0043822351702002,0.185607484806809,0.28983296378421,-0.0207772639403631
3.36872989471924,-0.102482519449561,-0.0017886564363936,0.999998400352797,0.0044415935777563,0.186529297644966,0.282651139145728,-0.0197506361003791
3.37199120419404,-0.101659004620942,-0.00177428341400275,0.999998425957945,0.00440713931305092,0.187434742439396,0.277632282807795,-0.0188191172543198
3.37521034966095,-0.100866804764249,-0.00176045693976395,0.999998450394481,0.00429508264700122,0.188317677960403,0.274276366222358,-0.0187694282920594
3.37877798208941,-0.100008071168588,-0.00174546923415009,0.999998476667416,0.00420102937797769,0.18928213405421,0.270335050806893,-0.0194688167738603
3.38146312452305,-0.0993636474309764,-0.00173422193517399,0.999998496236009,0.00418872230329722,0.189994315177637,0.265230296353281,-0.0199588052547399
3.3841482669567,-0.0987062358857531,-0.00172274795630949,0.999998516068639,0.00427314240801535,0.190689616662487,0.25894398603904,-0.0195754192351963
3.38774922615806,-0.0978374943030846,-0.00170758557764546,0.999998542074685,0.00421065613873455,0.191607542562357,0.25491149678195,-0.019499151467293
3.39144477833131,-0.0969372051841989,-0.00169187259099926,0.999998568782544,0.00425187052104811,0.192523903833126,0.247963288788684,-0.0186655842488203
3.39514033050456,-0.0960038508436789,-0.00167558250776033,0.999998596210645,0.00440803040145692,0.193405845128708,0.2386493964191,-0.01574775051046
3.39813469641237,-0.0953150277500174,-0.00166356029356804,0.999998616282618,0.0040149505165104,0.194127955201053,0.241156256308935,-0.0167456924705082
3.40099851929606,-0.0946692191765457,-0.00165228882311447,0.999998634969891,0.0039358181013508,0.194809510258662,0.237987852352975,-0.0182487448133519
3.40485064404041,-0.093810180594783,-0.00163729579174187,0.999998659630347,0.00389215112397643,0.195708753336089,0.233440798807478,-0.0204843836935748
3.40804808906207,-0.0930840423607079,-0.00162462230558867,0.999998680300311,0.00396363437786784,0.196432411737821,0.226323954540996,-0.021459343293471
3.41065846317732,-0.0924291435846833,-0.00161319218065823,0.999998698804648,0.00437873630531966,0.196989047589742,0.213239875720932,-0.018737759648594
3.41425607532751,-0.0915803835383547,-0.00159837854238942,0.999998722592202,0.00411763601783799,0.197757693242447,0.213654396476913,-0.0176431841365053
3.41703401094032,-0.09093516104711,-0.00158711729979338,0.999998740528545,0.00405382213620147,0.198340932811686,0.209954315193331,-0.0171152239844669
3.41981194655312,-0.0903061927508788,-0.00157613974586401,0.999998757890979,0.00395169981956444,0.198917940465382,0.207710953067517,-0.0173098401946291
3.42348098454782,-0.0894719451266335,-0.001561579395963,0.999998780734152,0.00396844291094055,0.199660519838008,0.202390755751154,-0.0171293253582349
3.42650892881735,-0.0887978580441553,-0.0015498143711655,0.999998799036986,0.00388548730992594,0.200262929738615,0.198950128200867,-0.0175498961164167
3.42953687308687,-0.0881193586212185,-0.00153797233637584,0.999998817319847,0.00391092036346588,0.200849836443383,0.193830088180385,-0.0175443507491747
3.4332829922867,-0.0872892463257116,-0.00152348416063194,0.999998839497333,0.00386752047786673,0.201560136134826,0.189609474112565,-0.017775291594248
3.43685058703945,-0.0864799791869004,-0.00150935980077138,0.999998860915847,0.0039590752536001,0.202210438968512,0.182280465903994,-0.0167297164243025
3.4396572355284,-0.085850745814202,-0.0014983776190732,0.999998877431625,0.00391292110865729,0.202711426484785,0.178500271139722,-0.0160809128211917
3.44246388401736,-0.0852395918834931,-0.00148771098263483,0.999998893357404,0.00380049313953965,0.20320726709345,0.176666444200589,-0.0162514051421069
3.4460621993856,-0.0844535739775564,-0.00147399239723863,0.999998913672616,0.00381250641877954,0.203825285673317,0.171752199743592,-0.016101550147051
3.4492041644734,-0.083782684662975,-0.00146228318240201,0.999998930863376,0.00372672105790033,0.204355103927634,0.168626397656072,-0.0165905753840608
3.4523461295612,-0.0831092170395997,-0.00145052896743466,0.999998947982304,0.00374104329775059,0.204869849611167,0.163829218068772,-0.0167455363337988
3.4559038662335,-0.0823504490894699,-0.00143728598225135,0.999998967103969,0.00372231005500572,0.205437124087429,0.159448134730643,-0.0168877532045942
3.46006993695377,-0.0814360370194279,-0.00142132649721128,0.999998989914984,0.00383082823452417,0.206069522686609,0.151797374947163,-0.0154053062913111
3.46231408285399,-0.0809634167218058,-0.00141307772518973,0.999999001605173,0.00367568806664435,0.206407229522252,0.150483458143059,-0.0154061159727275
3.46455822875421,-0.0804943804623771,-0.00140489150627729,0.999999013139441,0.00364781409152288,0.206739231101464,0.147941174046915,-0.0155652762221773
3.46803444399573,-0.079760992344457,-0.00139209148144169,0.999999031040184,0.0036821762933024,0.207237388595382,0.14330455950185,-0.0152615577744006
3.47281064086902,-0.0787371705577697,-0.00137422243740345,0.9999990557559,0.00374127398962102,0.207889212689332,0.136473456024163,-0.0135425734769324
3.47527222209377,-0.0782594802156517,-0.00136588517595326,0.999999067178408,0.00338695680284423,0.208230890445722,0.138804177150094,-0.0152114364245171
3.47773380331853,-0.0777529610267206,-0.00135704475657517,0.99999907921434,0.00359136130974463,0.208554199297968,0.131341939479425,-0.0151915269399472
3.4814126900828,-0.077003192428697,-0.00134395883784511,0.999999096886913,0.00355703545720308,0.209024949584443,0.127959982635623,-0.0153140257591109
3.48612388999983,-0.0760845666811956,-0.00132792580826522,0.999999118306135,0.00340317629688162,0.209616542513972,0.125571603826579,-0.0173568102377606
3.48859840505338,-0.0755376600518092,-0.00131838049523714,0.999999130936057,0.00385745132973864,0.209892772534896,0.111629961809266,-0.014737862316233
3.49107292010693,-0.0750363341704529,-0.00130963071553578,0.999999142433327,0.0035359604066971,0.21017729617011,0.114981573785662,-0.0144680232858018
3.49456770093469,-0.074331781806113,-0.00129733396747193,0.999999158461934,0.00351860649250189,0.210566982921331,0.111505347667351,-0.0140838904101549
3.49902649971426,-0.0734163526406328,-0.00128135672774607,0.999999179062131,0.00358330882291799,0.211035742750914,0.105131416051433,-0.0123318014052901
3.50176603741431,-0.0729116577510622,-0.00127254814738678,0.999999190310279,0.00321535547432748,0.211331879010451,0.108097165273751,-0.0141976578275495
3.50450557511436,-0.0723774685582185,-0.00126322479463695,0.999999202131241,0.00340326042730159,0.211608160250223,0.100849584864886,-0.0143339338128313
3.5078162158715,-0.071733525520336,-0.00125198587731825,0.999999216265374,0.00339478881304254,0.211930209345961,0.0972769682254486,-0.0143827187997393
3.51185909186013,-0.0709554526676493,-0.00123840595474652,0.999999233175052,0.00335897839507631,0.212308201801965,0.0934959313784284,-0.0146247652621914
3.51427147926183,-0.0704731067366075,-0.00122998743652799,0.999999243565167,0.00348970676282391,0.212517856242956,0.0869074514494282,-0.0136101757059952
3.51668386666354,-0.070009565464261,-0.0012218971211863,0.999999253483434,0.00335365763211043,0.212727178515722,0.0867697587123161,-0.0135118116502668
3.52073706730331,-0.0692293827420815,-0.00120828037396937,0.999999270029002,0.00335950733245211,0.21306271271731,0.0827825295139035,-0.0130338526374326
3.52594971118843,-0.0681609304751713,-0.00118963237741489,0.999999292387153,0.00357745711561262,0.213442491248513,0.0728571794991944,-0.00836867444140679
3.52806837150032,-0.0678401654253579,-0.00118403397511321,0.999999299031527,0.00264242748737442,0.213628118410457,0.0876153486717986,-0.0125448939210225
3.53018703181222,-0.0674526676427892,-0.00117727086767691,0.999999307016412,0.00319216445978657,0.213784800392343,0.0739533284339366,-0.0129845990062103
3.53372517459,-0.0667981238473334,-0.00116584693118774,0.999999320400236,0.00322879687076198,0.214032278399605,0.0699457378645688,-0.0131080877438631
3.53837672891932,-0.0660040414781352,-0.00115198758862048,0.999999336462078,0.00297950983549543,0.214359509492587,0.0703487629756318,-0.0164833313365016
3.54217865750464,-0.0653619493789323,-0.00114078097475226,0.999999349309172,0.00294761486983683,0.214611291146453,0.0662247194328713,-0.0194557541364569
3.54440636151554,-0.0648422034809083,-0.00113170970341379,0.999999359616369,0.00407202983424381,0.214700270542087,0.039942198424484,-0.013186152180684
3.54663406552644,-0.064426140366008,-0.00112444803678316,0.999999367808106,0.00325971099193544,0.214820616377334,0.0540223632305158,-0.0124747806160168
3.54986247846283,-0.0638382856251947,-0.00111418804245979,0.99999937929231,0.00317803234988362,0.214990693191802,0.0526812454969171,-0.0121224089074569
3.55413017823677,-0.0630439988091711,-0.0011003251308132,0.99999939464212,0.00324833537482216,0.215191945818209,0.0471571659366118,-0.0104373431831879
3.55824780147847,-0.0622763902757717,-0.00108692784255079,0.999999409293758,0.00325364791478589,0.215367035365795,0.0425219932248659,-0.00832007128677506
3.56025076049433,-0.0619786984671963,-0.00108173214338942,0.999999414927614,0.00259401324475509,0.215472572481361,0.0526906016198491,-0.0114021379081375
3.5622537195102,-0.0616340370013344,-0.00107571666950533,0.999999421416656,0.00300329529280993,0.215557149348236,0.04222595979522,-0.0118040484523312
3.56574884480328,-0.0610256093734142,-0.00106509761022159,0.999999432783379,0.00303825027054544,0.215692123321439,0.0386177781580389,-0.011928281374578
3.57040955414737,-0.0602802808174615,-0.00105208918019993,0.999999446554025,0.00279108529413538,0.215875753888897,0.0393997037578008,-0.0152935170796024
3.57341456191644,-0.0597247665497206,-0.00104239363250272,0.99999945670761,0.00322646520707005,0.215955602272516,0.0265717727721945,-0.0132755593596263
3.57641956968551,-0.0591732120519062,-0.00103276719569349,0.999999466695818,0.00320346659004536,0.21602763325108,0.023970313589654,-0.011275154539339
3.57959089399028,-0.0586108093339932,-0.00102295142172895,0.999999476785058,0.00309516725709219,0.216100731553865,0.0230497721961036,-0.010035484962274
3.58256143321157,-0.0581137636593419,-0.00101427634267403,0.999999485621618,0.00292037334275491,0.216170625294431,0.0235289741557704,-0.0103035980683365
3.58578895433586,-0.0575795250219595,-0.00100495212421257,0.999999495035487,0.00288897356659473,0.216238681386601,0.0210861802446644,-0.0107403490997726
3.58876863162396,-0.0570914910807,-0.000996434329340936,0.99999950355919,0.00285863142645231,0.21629423657175,0.0186446986626125,-0.0112754806936436
3.59174830891207,-0.0565958478995504,-0.000987783728172155,0.999999512141534,0.00290320212214021,0.216338410708276,0.0148251411999208,-0.0112501144563698
3.5954261210552,-0.0559914689599817,-0.000977235330838339,0.99999952250544,0.00286811887466296,0.216383714389902,0.0123181064890434,-0.0114058570552963
3.59895656293105,-0.0553942097120487,-0.000966811195398486,0.999999532637947,0.00295264466346918,0.216408928790955,0.00714199580092012,-0.0104256996219448
3.6024870048069,-0.054771850058632,-0.000955948975334563,0.999999543080674,0.00307673245040372,0.216413398272718,0.00126598367019138,-0.00786790881332045
3.60538690787247,-0.0543231533343602,-0.000948117743702118,0.999999550536271,0.00270051619118997,0.216430546256851,0.00591329563277308,-0.00892979155793644
3.60824813485476,-0.0538840471402082,-0.000940453898265117,0.999999557773135,0.00267851830745818,0.216441080427012,0.00368169677766565,-0.0100598258538588
3.61153696847143,-0.0533705174119279,-0.000931491117625685,0.999999566162055,0.00272521678200193,0.216440735328438,-0.000104930383828474,-0.0107184759966734
3.6148258020881,-0.0528568162524062,-0.000922525344873093,0.999999574473403,0.00272612653906267,0.21643045030056,-0.00312725697835022,-0.011197449207827
3.61815875451901,-0.0523257525624482,-0.000913256538850166,0.99999958298116,0.0027809607606744,0.216406324152437,-0.00723867160505637,-0.0109432710551111
3.62214534477099,-0.0516593867066401,-0.000901626265431986,0.999999593534956,0.00291734978305205,0.216353332924424,-0.0132923688325922,-0.00877336252471796
3.62445416494597,-0.0513111955231966,-0.000895549185307992,0.999999598995748,0.00263211602330816,0.216329623348733,-0.0102691305055144,-0.0093070758734619
3.62676298512095,-0.0509595232233175,-0.000889411348231511,0.999999604473649,0.00265843117080364,0.216299992955598,-0.0128335647169848,-0.00962745074697099
3.6302770666822,-0.0504135802956533,-0.000879882850344335,0.99999961290301,0.00271151976686882,0.2162421800689,-0.0164517771399107,-0.00938687582435715
3.63521193066373,-0.0496409939875166,-0.000866398680651622,0.999999624676593,0.00273243090048145,0.216140926173883,-0.020518072108267,-0.00832803101580883
3.63741580639775,-0.0493259224926824,-0.00086089964773843,0.99999962942583,0.00249516562079736,0.216099656192722,-0.0187260926392783,-0.00941950594016257
3.63961968213177,-0.0489923311739513,-0.000855077383013525,0.999999634421268,0.00264183083376807,0.216047699511814,-0.0235751408784775,-0.00939147291902612
3.64336457077427,-0.0484324077126563,-0.000845304878586711,0.999999642729767,0.00260955902609851,0.21595255050351,-0.025407700305084,-0.009518862719032
3.64832005811676,-0.0477603394104492,-0.000833575078047736,0.999999652576234,0.00236703352488237,0.215833285924001,-0.024067174682384,-0.0130715646512542
3.65117546258288,-0.0472708188286665,-0.00082503133507733,0.99999965966159,0.00299213159107563,0.215719072285605,-0.0399991103717255,-0.00943115200063106
3.65403086704901,-0.0468305339277448,-0.000817346916500449,0.999999665971953,0.00269118482480101,0.215615773143107,-0.0361767111185992,-0.00828225117745958
3.6569136549285,-0.0464104561752815,-0.000810015179032691,0.999999671937651,0.00254328108807573,0.215513540246199,-0.0354632047799849,-0.00830914033302022
3.6602363991446,-0.0459287745038943,-0.000801608250649947,0.999999678712055,0.00253011684483541,0.215388408788758,-0.0376590701249316,-0.00831747138907755
3.66385357878374,-0.0454207605792995,-0.000792741737837102,0.999999685780219,0.00245122347096597,0.215248138571593,-0.0387788916115394,-0.00900057484708393
3.66747075842287,-0.044949548642575,-0.000784517540624049,0.999999692266067,0.00227364980205974,0.21511078630732,-0.0379721987778574,-0.0114693088634648
3.67042205474765,-0.0445046971723559,-0.000776753420152104,0.999999698327017,0.00263075001058845,0.214969790560901,-0.0477741747705358,-0.0101249710195595
3.67332636713034,-0.044066560533899,-0.000769106495521647,0.999999704237556,0.00263295606914344,0.214824435955498,-0.0500478551375458,-0.00861986862423518
3.67726895780597,-0.0434616394735016,-0.000758548634383007,0.999999712301943,0.00267790016444,0.214613339038759,-0.0535426916224887,-0.00585046512751877
3.6798300172884,-0.0431320617581004,-0.000752796419750438,0.999999716648735,0.00224602993972467,0.21449253988087,-0.0471676502312863,-0.00725998765573173
3.68239107677083,-0.042789621004429,-0.000746819702785962,0.999999721130127,0.00233368989887987,0.214362321802933,-0.0508453938029522,-0.00791643093413393
3.6864165417093,-0.0422354943280027,-0.000737148370471458,0.999999728306103,0.00240253861966541,0.214142303487836,-0.0546566218959898,-0.00788700615646723
3.68935252152095,-0.0418429787897291,-0.000730297683807393,0.999999733332611,0.00233335681700934,0.213978574803139,-0.0557662842391012,-0.00835448624135561
3.69228850133259,-0.0414415937062993,-0.000723292194383423,0.999999738424167,0.00238608291734468,0.213805519494012,-0.0589429492807029,-0.00821379916164036
3.69602891328968,-0.0409383461777463,-0.000714508870327369,0.999999744738505,0.00234822432035772,0.213579086620438,-0.060536881010005,-0.00828412351297951
3.69923216750728,-0.0404928849272284,-0.000706734106778861,0.99999975026342,0.00242714595327722,0.213372224983009,-0.0645785889522089,-0.00739247945360509
3.70243542172489,-0.0400549903356902,-0.000699091406267941,0.999999755635573,0.00238591815691715,0.213160941939247,-0.0659588747595894,-0.00674280907105182
3.70575291349037,-0.0396141173392947,-0.000691396722757393,0.999999760985257,0.00231942862686924,0.212939201204359,-0.0668398749910271,-0.00658172494995074
3.70948254677538,-0.0391392941442461,-0.000683109496596079,0.999999766680681,0.00222199543095358,0.212688407589726,-0.0672435050492435,-0.00730270771469232
3.71204772818581,-0.038813842759755,-0.000677429299695844,0.999999770544746,0.00221434561760248,0.212510899557419,-0.0691990171085223,-0.00780146107058242
3.71461290959624,-0.0384752501244268,-0.000671519744730547,0.999999774530591,0.00230375765450713,0.212324347725467,-0.0727246155743863,-0.00747176119408929
3.71822842727881,-0.0380106645917618,-0.000663411199334655,0.999999779942766,0.00224270710698766,0.212058559755493,-0.0735131157718358,-0.00751467377794252
3.72336012062707,-0.0373343721839452,-0.000651607672663526,0.999999787703698,0.00230012364761612,0.211660733960541,-0.0775232984425315,-0.00646942644333377
3.7253876183857,-0.037087678163559,-0.000647302050670846,0.999999790500006,0.00212361413588993,0.211506193048769,-0.0762224821772188,-0.00688328042158247
3.72741511614434,-0.0368334224818706,-0.000642864452806798,0.999999793362626,0.00218870712357964,0.211346352752402,-0.0788362382577241,-0.00693110036000895
3.73073631307467,-0.0364123517098101,-0.000635515382951728,0.999999798060079,0.00221277795641959,0.211077301607276,-0.0810102956161518,-0.00666386914905458
3.73524046036613,-0.0358190097622359,-0.000625159614433714,0.999999804587709,0.00229916339436831,0.210693521381412,-0.0852059670855764,-0.00484112353047571
3.73963598832191,-0.0352582118873369,-0.0006153718469614,0.999999810658727,0.0022267562517255,0.210313477780859,-0.0864614226949271,-0.00354700869569034
3.74150527015987,-0.0350689210063035,-0.000612068098465551,0.999999812686304,0.00176738951341918,0.210165803148914,-0.0790007311615112,-0.00585671900645661
3.74337455199783,-0.0348509000432562,-0.000608262915530346,0.999999815008096,0.00203563933820779,0.21000581381605,-0.0855886627770071,-0.00640281964739141
3.74640336416891,-0.0344880713323216,-0.000601930361063089,0.999999818839904,0.00209077198217564,0.209738760449632,-0.0881709895936282,-0.00662059597599017
3.75052618693043,-0.0340141059828769,-0.000593658106653015,0.999999823785011,0.0020064544043456,0.209373639949992,-0.0885608042743131,-0.00777776265160361
3.75456070433209,-0.0335825357960798,-0.000586125787250497,0.999999828228266,0.00186696944471103,0.209018232699894,-0.0880916389037265,-0.0104823377990434
3.75707709842713,-0.033209913308979,-0.000579622299088386,0.999999832018981,0.00258444783339073,0.208755035520735,-0.104592988704745,-0.00641810278340661
3.75959349252217,-0.0329065952563511,-0.000574328401270467,0.99999983507343,0.00210376375844088,0.208512886510057,-0.0962285721285805,-0.00601137368755601
3.76278828200952,-0.0325287154723984,-0.000567733155939056,0.999999838839519,0.00206437589481568,0.20820288585213,-0.0970332033311763,-0.00577564065530584
3.76685652445932,-0.0320417924923746,-0.000559234748083226,0.999999843628236,0.00208896330784203,0.207797874695968,-0.0995543311785158,-0.00495450600178765
3.76998454006697,-0.0317033947977003,-0.000553328595043838,0.999999846913721,0.00188814721345419,0.207493083579432,-0.0974391290731232,-0.00611127519011841
3.77311255567462,-0.0313586632091899,-0.000547311894699797,0.999999850224834,0.00192348824616576,0.207180731057441,-0.0998564461209691,-0.00681127248074853
3.77622507382709,-0.0310017767782914,-0.000541083052347276,0.999999853614555,0.00200122311573227,0.206859786099965,-0.103114244400714,-0.00663718058507769
3.77967546922203,-0.0306024288486646,-0.000534113117121476,0.999999857361579,0.00202003986071968,0.206496675852807,-0.105237286048582,-0.00609512900686661
3.78253390750059,-0.0302674452071488,-0.000528266550461556,0.999999860467216,0.00204537125346195,0.206189661038034,-0.10740648733825,-0.00527768245684332
3.78539234577915,-0.0299493439755899,-0.000522714637382764,0.999999863384695,0.00194228921680334,0.205884416394942,-0.106787208029263,-0.00526174637121403
3.78900150710058,-0.0295463055156429,-0.000515680290192647,0.99999986703691,0.00194902569094796,0.20549253022443,-0.108580951531707,-0.00501544706660175
3.79263472655569,-0.029161156935168,-0.000508958180236169,0.999999870480777,0.0018501802386908,0.205098694344694,-0.108398593754507,-0.00569103539233817
3.7962679460108,-0.0288180005080282,-0.000502968971499826,0.999999873511099,0.00164845795222909,0.20471320508118,-0.106101287928633,-0.00846261930949685
3.79917855870638,-0.0284766715513949,-0.000497011658118822,0.999999876489698,0.00204675604373377,0.204376070658312,-0.115829365885491,-0.00703521250732511
3.80198201222815,-0.0281478108033157,-0.000491271955985025,0.999999879325925,0.00204736864370494,0.20404741362947,-0.117232915149263,-0.00551785039627416
3.80530307062545,-0.0277774400065312,-0.000484807766897742,0.999999882480708,0.00194642462848042,0.203660011837556,-0.116650099326398,-0.00462048989451032
3.80862412902275,-0.0274122186389529,-0.000478433452274164,0.999999885550709,0.00191936262489723,0.203269195718497,-0.117678183369746,-0.00384529720842562
3.81189087557849,-0.0270745975913805,-0.000472540854036123,0.999999888352564,0.00180381269364979,0.202887409325897,-0.116870527323254,-0.00409948350128415
3.81580897520529,-0.0267046528843285,-0.000466084101558815,0.999999891382799,0.00164792981378194,0.202435423215015,-0.115358503849657,-0.00606361348197315
3.81815720773772,-0.0264494935091363,-0.000461630730823485,0.999999893448528,0.00189647794796145,0.202149274362733,-0.121857119484766,-0.00545870416394255
3.82050544027015,-0.0261993516766606,-0.00045726493271061,0.999999895454385,0.00185918494586087,0.201862414960181,-0.122159708883047,-0.00499752682659042
3.82405002817662,-0.0258384159133151,-0.000450965415901587,0.999999898315092,0.0017772213935178,0.201430653721715,-0.121808585330433,-0.00505203759884357
3.82908331504006,-0.0253358081287129,-0.000442193256088882,0.999999902232557,0.00174282947216431,0.200811556550275,-0.123000573628626,-0.00547246761880152
3.83124563959145,-0.0251040776311555,-0.000438148796321032,0.999999904012812,0.00187042234573954,0.200536583431886,-0.127165516486155,-0.00460205274730487
3.83340796414284,-0.0248878419427024,-0.000434374771956354,0.999999905659274,0.0017453553498239,0.200265111447858,-0.125546363451256,-0.00456620798232984
3.83701614945198,-0.0245248290093008,-0.00042803900163022,0.999999908391302,0.00175594388102243,0.199806912148788,-0.126988848912165,-0.00428041943807233
3.84184875355055,-0.0239957557553133,-0.000418804932191701,0.999999912301211,0.00191078558846693,0.199169429106689,-0.131912945711415,-0.0013206942632247
3.84481956770732,-0.0237576675736322,-0.000414649509872101,0.999999914032888,0.00139874878102267,0.198803752265049,-0.123089773490826,-0.00404863045116623
3.84779038186408,-0.023492376863978,-0.000410019313907299,0.999999915942078,0.00155856142932163,0.198424811381018,-0.127554557112787,-0.0052363042511538
3.85064194314537,-0.0232124652725448,-0.000405133935428074,0.999999917933244,0.00171322949188088,0.198048758755159,-0.131876045704075,-0.00492074763647668
3.8538300681872,-0.0229022049926521,-0.00039971887244427,0.999999920112408,0.001698510363061,0.197625456423953,-0.132774695362393,-0.0045876036085831
3.8574524162284,-0.0225437890630061,-0.00039346333487231,0.999999922593299,0.00172692905065417,0.197137571841552,-0.134687384219247,-0.00375117710365556
3.86107476426959,-0.022158037740057,-0.000386730704705209,0.999999925219678,0.00185863716098508,0.196634901159352,-0.138769294524801,-0.00127755664185294
3.86406875766059,-0.0219003312529327,-0.000382232878333594,0.999999926949011,0.00150228344444325,0.196237398596681,-0.132766680069114,-0.00236733726260693
3.86704385280807,-0.021651656350369,-0.000377892682830249,0.999999928598558,0.00145884269297821,0.19584170536978,-0.133001872977632,-0.00377213585020334
3.87077355180179,-0.0213531443033608,-0.000372682665119987,0.999999930553813,0.00139690041634146,0.195345726711277,-0.132980881121278,-0.00608614528843919
3.87388464812303,-0.0210746751936673,-0.000367822462623878,0.999999932353316,0.00156221547885693,0.194917645203362,-0.137598281671092,-0.00636715566336828
3.87657495030274,-0.0207936022692014,-0.000362916814981184,0.999999934145691,0.00182345611847398,0.194530333098291,-0.143966022847551,-0.00433388926173345
3.88069378829217,-0.0203913024634193,-0.000355895359243657,0.999999936669245,0.00170471774054784,0.193942347564217,-0.142755198330689,-0.00260936632502287
3.88308919470646,-0.0201885764013336,-0.000352357122202517,0.999999937922227,0.00147709267283169,0.19360876891648,-0.139257641520501,-0.00310550393042532
3.88548460112075,-0.0199839280756345,-0.000348785335329864,0.999999939174393,0.00149109857552268,0.193272522606221,-0.140371299105678,-0.00348116470757526
3.88912431290586,-0.0196608224029161,-0.000343146077846551,0.999999941125383,0.00154936933300102,0.192753539553303,-0.142589051979666,-0.0032864009933161
3.89439822677861,-0.0192111790634833,-0.000335298321565334,0.999999943787516,0.0014880327821247,0.192000236766651,-0.142835625462832,-0.0036114173783961
3.89641550862289,-0.0190329651255256,-0.000332187901748254,0.999999944825597,0.00154188667246711,0.191707453062385,-0.145137728322885,-0.00348424825873114
3.89843279046718,-0.0188585443730397,-0.000329143685499997,0.999999945832216,0.00150906846423831,0.191414693303329,-0.145125858285711,-0.00341891559511685
3.90177610863695,-0.0185764330728429,-0.000324219914717222,0.999999947440722,0.00147271985359553,0.190929081198375,-0.145248546591932,-0.00355818342949071
3.90629816858116,-0.0182284083134968,-0.000318145737101482,0.999999949391644,0.00134323250996047,0.190278546922372,-0.143857950586376,-0.00536435431769211
3.91060236992794,-0.017897454965391,-0.000312369511793587,0.999999951212643,0.00134199706973871,0.18965354481518,-0.145207451240608,-0.00709019039739524
3.91248581676265,-0.017687323111628,-0.000308702019258938,0.99999995235153,0.00194722391091834,0.189355043401473,-0.158486774463983,-0.00400154680858513
3.91436926359735,-0.0175196420302225,-0.000305775432433237,0.999999953250691,0.00155384633635647,0.189070565243217,-0.151041246832155,-0.00330950867876401
3.91747746334221,-0.0172585223347096,-0.000301218034214626,0.999999954633847,0.00146625017779209,0.188604325160332,-0.150003256276103,-0.00296777060342809
3.921699615606,-0.0168847231402449,-0.000294694007819521,0.99999995657772,0.00154518981720635,0.187959633326201,-0.152692701222356,-0.0013171606301686
3.92565622443762,-0.0165095079502262,-0.000288145267628288,0.999999958486152,0.00165513972899821,0.18734193719675,-0.156117563230971,0.00181518756729847
3.92819054559837,-0.0163902850498366,-0.000286064435558473,0.999999959083569,0.000821060956207729,0.186987015223194,-0.140046170569861,-0.00268233787200317
3.93072486675911,-0.016196363722575,-0.000282679870044772,0.999999960046045,0.00133549200590012,0.186603725506747,-0.151239599141887,-0.00308066225609666
3.93384262402046,-0.01595238055829,-0.000278421560676152,0.999999961240717,0.00136582459096049,0.18612783063442,-0.152640129565324,-0.00316873148469104
3.93779593117551,-0.0156529774912615,-0.000273195991564696,0.999999962681974,0.0013218222377563,0.185524132318054,-0.152707162051984,-0.00367923456872522
3.94105909419996,-0.0153791392856412,-0.000268416613434125,0.99999996397626,0.00146464588805936,0.185013172549133,-0.156584199162693,-0.0025435875108685
3.9443222572244,-0.0151059742405918,-0.000263648984165369,0.999999965244606,0.00146104543406236,0.184499648674387,-0.15736997229327,-0.00131740692323381
3.94735649559034,-0.0148806779531303,-0.000259716822291283,0.999999966273586,0.00129593048880559,0.18402988402864,-0.154821272785043,-0.0016095907135291
3.95058813305504,-0.014648942166268,-0.000255672269950131,0.999999967315845,0.00125154894991396,0.183529899180669,-0.154715636711266,-0.00226763521164788
3.95359302439774,-0.0144366263771203,-0.0002519666604949,0.9999999682564,0.00123319253576371,0.183063768201462,-0.155124071404245,-0.00297264021269601
3.95659791574044,-0.0142132834720058,-0.000248068591561516,0.999999969230986,0.00129724126787078,0.182591485705652,-0.157171239138989,-0.00299778801513045
3.96012092425466,-0.0139538923434812,-0.000243541362455071,0.999999970343802,0.00128504635312232,0.182035852519271,-0.15771553890318,-0.0030455208908285
3.96355507083862,-0.0136847453150058,-0.000238843860772856,0.999999971476805,0.0013678804046377,0.181485586537573,-0.160233690742247,-0.00209970521153515
3.96698921742258,-0.0134037267260607,-0.0002339391612735,0.999999972636234,0.00142821499213412,0.180928335152357,-0.162267792475289,-0.000383059323361648
3.9699976392854,-0.0131996348188037,-0.000230377085611186,0.999999973463199,0.00118403466027767,0.180452902767486,-0.158033815252926,-0.0010235299553411
3.97310060174879,-0.0129968958057111,-0.000226838622402942,0.999999974272119,0.00114035001791216,0.179963146145984,-0.157835174379288,-0.00202532218322939
3.97617494741497,-0.0127930716177297,-0.000223281219317557,0.999999975072748,0.00115712530787086,0.179474742200852,-0.158864356244944,-0.00278251541538094
3.97924929308115,-0.0125780259896643,-0.000219527965157793,0.999999975903736,0.00122083027066418,0.178980279625773,-0.160835061755766,-0.00285097132936759
3.982680384139,-0.0123363577643517,-0.000215310059028332,0.999999976820789,0.00122931923345701,0.178425447729972,-0.161707132351265,-0.00273200557169003
3.98593936395577,-0.0120927711553107,-0.000211058670783408,0.999999977727118,0.00130451508771647,0.177891153468403,-0.163945250234535,-0.00175409575114021
3.98919834377253,-0.0118530553855056,-0.000206874841422709,0.9999999786014,0.00128378501472362,0.177356036414257,-0.164197719603367,-0.000869015501786703
3.99236505119669,-0.0116410175010391,-0.000203174082277586,0.999999979360146,0.00116864576584087,0.176841431586303,-0.162504696211282,-0.00102688583256273
3.99586572469459,-0.0114199631172467,-0.000199315955532571,0.999999980136575,0.00110210987270391,0.176274974530962,-0.161813735465978,-0.00180402172507315
3.99859527716279,-0.0112481971486368,-0.000196318073896107,0.999999980729607,0.00109830520938666,0.175831842008919,-0.162346218731939,-0.00240267006607819
4,-0.0111469438617417,-0.00019455087069507,0.999999981074979,0.00125804406960436,0.175598658271336,-0.165999819612855,-0.00198930702120399
4.00392207765901,-0.0108971077630536,-0.000190190408263312,0.999999981913804,0.00111177362906865,0.174957301200141,-0.163524827133884,-0.00248464837617593
4.00840236988808,-0.0106574526393771,-0.000186007637359882,0.999999982700579,0.000933593338015908,0.174237425552869,-0.16067604755808,-0.00539340984127964
4.01086723502043,-0.010434153252272,-0.000182110327903231,0.999999983417914,0.00158114513915253,0.173807299463941,-0.17450288994864,-0.0019319950650039
4.01333210015277,-0.0102701523961671,-0.000179247973034833,0.999999983935082,0.00116126228472335,0.173397177323676,-0.166387253762261,-0.00162545949822261
4.01668025293231,-0.0100516586905348,-0.000175434538536635,0.999999984611361,0.00113896671067872,0.172839900578317,-0.166443045480004,-0.00136807715487133
4.02095719883788,-0.00975834762533829,-0.000170315294792925,0.99999998549635,0.00119693910871099,0.172120178990437,-0.16827932916882,-0.000111787185243101
4.0239729522136,-0.00959887174579575,-0.000167531915657107,0.999999985966529,0.000922946550582244,0.171627680062558,-0.163308754569914,-0.00168273179374633
4.02698870558932,-0.00942341404793764,-0.000164469601173708,0.999999986474875,0.00101543930954175,0.171128003411473,-0.165688830892705,-0.00232973502240667
4.03007580210277,-0.00923132794348961,-0.000161117066248186,0.999999987020645,0.00108598320633801,0.170610551694586,-0.167617602699876,-0.0022385684169595
4.03357149778128,-0.00901194957754204,-0.00015728819150328,0.999999987630212,0.00109531124719258,0.170022133440568,-0.168326510123746,-0.00193685645117992
4.03632246488506,-0.0088326681051513,-0.000154159139560179,0.99999998811748,0.00113743707685207,0.169555385146008,-0.169666985082761,-0.00124462832166965
4.03907343198884,-0.00866736293636288,-0.000151274020127901,0.999999988558085,0.0010487655275691,0.169092462726685,-0.16827624681013,-0.00124204087701775
4.04293455724863,-0.00843050208092554,-0.000147140018377449,0.999999989174907,0.00107067280088578,0.168439113898348,-0.169212026126514,-0.000870791878094232
4.04690369459152,-0.00820516605813909,-0.000143207162897923,0.999999989745854,0.000990859015756675,0.167771699180264,-0.168151076777618,-0.00130389668579377
4.04954641522848,-0.00805926484865874,-0.000140660706435499,0.999999990107283,0.000963573846003228,0.16732756105397,-0.168060944498175,-0.00179057080633736
4.05218913586545,-0.00790026539539259,-0.000137885642494048,0.999999990493775,0.00105007844171911,0.166877802543744,-0.170187686104575,-0.00149510319525245
4.05584090773328,-0.0076915648544793,-0.000134243130938138,0.999999990989391,0.000997464168482783,0.166258681612588,-0.169539870935306,-0.00157547586472716
4.05957662461138,-0.00746604400948786,-0.000130307049695594,0.999999991510036,0.00105363479230837,0.165619238126124,-0.171170221761727,-0.000906525751356458
4.06255552448181,-0.00728879222643259,-0.000127213422501896,0.999999991908373,0.00103851332837821,0.165108975753056,-0.171292220370697,-0.000401827625943967
4.06553442435223,-0.00712650083997228,-0.00012438090348295,0.999999992264695,0.000950860775642841,0.164602924650789,-0.169878520352698,-0.000631373926728879
4.06922206442716,-0.00692507795070604,-0.000120865410902806,0.999999992695776,0.000953317714078752,0.16397479076497,-0.1703349223503,-0.000782143102116124
4.07209233149663,-0.00677903923312727,-0.000118316554463894,0.999999993000596,0.000888020659906748,0.163488584087101,-0.169394229213355,-0.00142313351933028
4.0749625985661,-0.00662081483008019,-0.000115555017692601,0.999999993323519,0.000962118410355425,0.162997088833826,-0.171236766955322,-0.00134035452702365
4.0786325580284,-0.00642511466963975,-0.000112139405568371,0.999999993712377,0.000930694788718961,0.16236965096329,-0.170965885858515,-0.00149163311580322
4.08215958259478,-0.00622092209726553,-0.000108575572894028,0.999999994105672,0.00101043602871831,0.161759524867964,-0.172986063420656,-0.000675179375628221
4.08568660716116,-0.00599590973827148,-0.000104648366394223,0.99999999452436,0.00111346162982764,0.161140668822404,-0.175461223451178,0.00137335536657931
4.08869032893096,-0.0058528871119487,-0.000102152150673386,0.999999994782469,0.000831040930383067,0.160629902662247,-0.170044431309597,0.000613842820801323
4.09169008609168,-0.00571931465186439,-9.98208714668143e-05,0.999999995017897,0.000777155980817982,0.160122197931034,-0.169248610474477,-0.000593373310502521
4.09482105621487,-0.00557247589427142,-9.72580516897223e-05,0.999999995270436,0.000818538564312089,0.159588705510532,-0.170392050869703,-0.00139115257291611
4.09795202633805,-0.00541556443121381,-9.45194300378367e-05,0.999999995533039,0.000874687894399882,0.159050697657262,-0.171834234152248,-0.00157929604587787
4.10133309855692,-0.0052407841378896,-9.14689384649192e-05,0.999999995816717,0.00090222609534569,0.158466799611523,-0.17269611766357,-0.00141315290034521
4.10459153786618,-0.00505787675876404,-8.82766024858783e-05,0.999999996103621,0.000979713196700458,0.157897966551164,-0.174572243448596,-0.000385605548773829
4.10784997717545,-0.00487833780505791,-8.5143056619902e-05,0.99999999637533,0.000961670781728993,0.157329411163658,-0.174487026929984,0.000557465075757147
4.11097321360731,-0.00472929095231093,-8.25416983088759e-05,0.999999996593434,0.000832904705396864,0.156791805263882,-0.172131028663232,0.000307837814239043
4.11441662028451,-0.00457554397370865,-7.985830732612e-05,0.999999996811325,0.000779283785843463,0.156201932831491,-0.171304898807954,-0.000449273701655376
4.11723689082405,-0.0044513107810804,-7.76900290812206e-05,0.99999999698213,0.00076881923958271,0.155718714177313,-0.171337695232612,-0.0011277633638888
4.12005716136359,-0.00431198693500054,-7.52583692476965e-05,0.999999997168089,0.000862208006835812,0.155229524123361,-0.173455009756811,-0.000928902410011884
4.12362619100822,-0.00414259206864203,-7.23018711018126e-05,0.99999999738622,0.000828375902784534,0.154612080627287,-0.173000383172369,-0.000961069985074531
4.12708671485861,-0.00396506540558098,-6.92034463290752e-05,0.999999997605442,0.000895362931870276,0.154007823998271,-0.174614207310615,-0.000190587780362669
4.130547238709,-0.00377733333915131,-6.59269036657849e-05,0.999999997826822,0.000946834298049801,0.15339912401846,-0.175898218341213,0.00122984451738995
4.13368688813762,-0.00363914251462032,-6.35150187867256e-05,0.999999997982921,0.00076820197252853,0.152857616991221,-0.172473723436507,0.000887366502699259
4.13694486578073,-0.0035118799069578,-6.12938672726663e-05,0.999999998121531,0.000681757753334227,0.152300786906759,-0.170912800963659,-0.000267883848552577
4.13981053384172,-0.00339502124769155,-5.92542989127091e-05,0.999999998244464,0.000711725266241896,0.151808728846796,-0.171707975066118,-0.00098741705472693
4.1426762019027,-0.00326239700397836,-5.69395691958536e-05,0.999999998378943,0.000807745234795385,0.151310588358564,-0.173830491749887,-0.000795827557022614
4.14618892357096,-0.00310524085310038,-5.41966769275073e-05,0.99999999853136,0.000780845319275678,0.150701273481925,-0.173459480762104,-0.000769233548777538
4.14956068288833,-0.00294181333035282,-5.1344328571157e-05,0.99999999868188,0.000845952540451093,0.150111320947265,-0.17496875640553,1.57389836445386e-05
4.15293244220571,-0.00277540686342596,-4.8439987830288e-05,0.999999998826784,0.000861372497591588,0.149519735368763,-0.175453086302508,0.00105390257391247
4.1561444817301,-0.00263963220161158,-4.60702729434917e-05,0.999999998938765,0.000737760189887371,0.148963756404203,-0.173092192775627,0.000908064419812317
4.15959591769983,-0.00251211977936413,-4.384476134033e-05,0.999999999038818,0.000644807443896077,0.148372353925119,-0.171349688730061,-0.000152962600100365
4.16231546236623,-0.00240767136949968,-4.20217926914032e-05,0.999999999117084,0.00067032127588622,0.147904584293672,-0.172002922852142,-0.000762668750131486
4.16503500703262,-0.00228783058638354,-3.99301764496144e-05,0.99999999920279,0.000769105309940775,0.147431037185072,-0.174127350968403,-0.00047984487267607
4.16861054594341,-0.00213947681525855,-3.73409146876665e-05,0.999999999302828,0.000724159861907026,0.146811275366583,-0.173333820146392,-0.000520746902153021
4.17219897194064,-0.00197815317904935,-3.45252860763452e-05,0.999999999404002,0.000784641682819928,0.146184388138584,-0.174696992074856,0.000187813667295896
4.17578739793787,-0.00179492412243653,-3.13273357548632e-05,0.999999999509299,0.000891184693703299,0.145549273214903,-0.176989834588052,0.00217218061195124
4.17887044587145,-0.00168281268379104,-2.93706220222531e-05,0.999999999568683,0.000634668605764704,0.145019395395954,-0.171868174081086,0.00154091708750933
4.18193998308421,-0.00158636983297903,-2.7687376736259e-05,0.999999999616705,0.000548371031203116,0.144496960308425,-0.170199952408756,0.000139281469412609
4.18565073830155,-0.00149141099119164,-2.60300322937867e-05,0.999999999661219,0.000446632651845975,0.143872742265094,-0.168218598848728,-0.00262380230249074
4.18864923465518,-0.0013677473173394,-2.3871694020625e-05,0.999999999715071,0.000719806869605354,0.143351398466097,-0.17386841186743,-0.00233264211644158
4.19128264805155,-0.00123032087540182,-2.14731501301304e-05,0.999999999769452,0.000910811760288762,0.142883113231746,-0.177824429311813,-0.000449584357158979
4.19547626053613,-0.00104265837699614,-1.81978216510786e-05,0.99999999983442,0.000781027930392789,0.142148182042819,-0.175250143314527,0.00092378923243875
4.19789341355541,-0.000957819797545756,-1.67171091071803e-05,0.999999999860269,0.000612585356537425,0.141732724357201,-0.171878934557685,0.000596817000508992
4.20031056657469,-0.000873622058702009,-1.52475813418104e-05,0.999999999883756,0.000607958103534787,0.141317397553537,-0.171824787404984,0.000229542574685986
4.20398087872453,-0.00073342541602228,-1.28006883270484e-05,0.999999999918071,0.00066667163857233,0.140682191247256,-0.173066017371303,0.000395915280781652
4.20929760941827,-0.000550562280595453,-9.60912453353167e-06,0.999999999953832,0.000600286901399672,0.139768944749799,-0.171768432531761,-0.000161437266753547
4.21128533708988,-0.000470405028455087,-8.21011656438665e-06,0.999999999966297,0.000703822756595919,0.139423248953487,-0.173915069578144,0.000130341121616084
4.2132730647615,-0.000397344566111461,-6.93497094349768e-06,0.999999999975953,0.000641509216344111,0.13908004588539,-0.172661010357412,0.000171161641453057
4.21656118507449,-0.000282533049899619,-4.93113196642979e-06,0.999999999987842,0.000609417778657902,0.138514409381477,-0.172024272250272,-2.20839886629076e-06
4.22101107071427,-0.000155835630173264,-2.71984483844033e-06,0.999999999996301,0.000496931226331396,0.137759042452369,-0.169749739713938,-0.0016798930220226
4.22529614297638,-3.996356499432e-05,-6.97495789985576e-07,0.999999999999757,0.000471952145670066,0.137033793428845,-0.169250126756352,-0.00368145764202274
4.2271991495493,8.21510804491519e-05,1.43380683790795e-06,0.999999999998972,0.00111996598342341,0.136686582986965,-0.182453621980184,-0.000503914742698747
4.22910215612221,0.000159076809252913,2.77641408502675e-06,0.999999999996146,0.000705518975200635,0.136355448665571,-0.1740058737089,0.000135057630748326
4.2323134369944,0.000274227564898593,4.7861739071886e-06,0.999999999988546,0.00062584367489595,0.135801905089456,-0.172374699736958,0.000434303401264498
4.23665795254388,0.000458996357886513,8.01099769969621e-06,0.999999999967912,0.000742274657749178,0.135042793212175,-0.174728774390523,0.00248816905202968
4.24055236866035,0.000649258108212133,1.13316916833288e-05,0.999999999935796,0.000852680834425101,0.134353679420984,-0.1769491935587,0.00583466449779658
4.24304837241886,0.000636642770624201,1.11115125061827e-05,0.999999999938267,-8.82126785305214e-05,0.133959939606846,-0.157748085433056,0.000699175281012772
4.24554437617736,0.000709587580505786,1.23846396107697e-05,0.99999999992331,0.000510066180924874,0.133535838776887,-0.169911935634682,0.000221379598507349
4.24864513910793,0.000807577800612034,1.40948915862276e-05,0.999999999900667,0.000551558443488114,0.133006467491888,-0.17072291460275,9.46975549719412e-05
4.2526001324337,0.000923169829289451,1.61123530754778e-05,0.999999999870196,0.000510104903675719,0.13233479660131,-0.169828577510294,-0.000498663257027708
4.25600771622813,0.00105072945241871,1.83386884913557e-05,0.999999999831846,0.000653347225048175,0.131746346062068,-0.172688501513762,0.000556553043361926
4.25941530002255,0.00119598904920328,2.08739467248779e-05,0.999999999782139,0.000744004663408616,0.131151809160351,-0.174474624127816,0.00264720445142614
4.26229711312721,0.00126793562930682,2.2129651432944e-05,0.999999999755139,0.000435734262686949,0.130667286435465,-0.168131210210799,0.00176054760246101
4.26520566541703,0.00133897061813618,2.3369445871813e-05,0.999999999726935,0.000426258260347625,0.130179008869991,-0.167876495527545,0.000803945776972299
4.26832019786448,0.0014230410410739,2.4836751555194e-05,0.999999999691568,0.000471115876479876,0.12965351963684,-0.168721707677128,0.000253719014371413
4.27143473031194,0.00151282912578027,2.64038492618652e-05,0.999999999651418,0.000503156648268871,0.129126234071342,-0.16929846594754,5.82914054002744e-05
4.27508774238866,0.00161517724185733,2.81901608699574e-05,0.999999999602657,0.000488996907548686,0.128509161790079,-0.168921500477416,-0.000268003046875329
4.27854505949322,0.00173586195629661,3.0296506492851e-05,0.999999999541061,0.000609242820399179,0.12791701803157,-0.171272619953971,0.00076299079737302
4.28200237659778,0.00187906639155472,3.27958953903198e-05,0.999999999462215,0.000722927293946764,0.127317219821069,-0.173486606048023,0.0030867979072962
4.28486539888502,0.00193932092517456,3.38475353906557e-05,0.999999999427172,0.000367318132872148,0.126841552539477,-0.166141662156284,0.00195794253745634
4.28774038193181,0.00200108873587253,3.49255870584465e-05,0.999999999390102,0.000374976704516903,0.126363719551046,-0.166203758649638,0.000908865488242039
4.29101068937073,0.00208040566640317,3.63099286479036e-05,0.999999999340795,0.000423306253674916,0.125817305508005,-0.16708338688222,0.000250691219362408
4.29428099680965,0.00216210502988405,3.77358515364512e-05,0.999999999288003,0.000436021051890766,0.125270426329046,-0.167225616909985,-0.000233709819374844
4.29769859244938,0.00225538047542132,3.93638151711313e-05,0.999999999225245,0.000476347645393217,0.124696534899298,-0.167922566109503,-0.000264984545490513
4.3,0.00233370381548825,4.07308153353622e-05,0.9999999991705,0.000593984392272868,0.1243048150577,-0.170208810470058,0.000602917607015134
4.30370203667712,0.00244053277778103,4.25953324622415e-05,0.999999999092819,0.000503646314478394,0.123681956885361,-0.168247434226634,0.00100514301486707
4.30716936168722,0.00254427329481344,4.4405946050465e-05,0.999999999014056,0.00052219321369221,0.123097795563847,-0.168476078767555,0.00165300647852124
4.31063668669731,0.002636412115852,4.601407184485e-05,0.999999998941353,0.000463794363478072,0.122518280302631,-0.167136123533015,0.00175249434721128
4.31382555323563,0.00269502602552839,4.70370775550624e-05,0.999999998893757,0.000320805433224582,0.121995071707652,-0.164073531674273,0.000483425122667025
4.31701441977395,0.00275873156442412,4.81489489592907e-05,0.999999998840839,0.000348672919398808,0.12147052227197,-0.164494007315499,-0.000479472117141427
4.32003565428763,0.0028426254925336,4.96131742254832e-05,0.999999998769266,0.000484644691204517,0.120965623033334,-0.167116864430382,-8.77438374045775e-05
4.3233774568762,0.00293775914541531,5.12735696956059e-05,0.99999999868551,0.000496856240974029,0.120406840683686,-0.167209861994401,0.000527977742468481
4.32634786524429,0.00302490388401552,5.27945323079102e-05,0.999999998606369,0.000512038220301611,0.119909711977493,-0.167360391094401,0.00128050830624334
4.32931827361238,0.00309757649276102,5.40629086047222e-05,0.999999998538601,0.000427004014751003,0.119418185607352,-0.165474341986731,0.00129957263129382
4.33285803781318,0.00318451511755703,5.55802738522883e-05,0.999999998455417,0.000428662804573324,0.118832935880574,-0.16533579458348,0.00139575293813391
4.33624924880468,0.00324929876870003,5.67109618644149e-05,0.999999998391933,0.000333417182459165,0.118279467205832,-0.163206794307252,0.000549389723299171
4.33964045979617,0.00330471262488996,5.76781161045738e-05,0.999999998336617,0.000285194358052731,0.117729971502965,-0.162035244709268,-0.000761627880539031
4.34272705409806,0.00338515052506375,5.90820223036044e-05,0.999999998254657,0.000454839886331231,0.117219734961732,-0.165307290601863,-0.000312994634760005
4.34597459479125,0.00347879526620104,6.07164313606958e-05,0.999999998156757,0.000503275929213736,0.116680287723006,-0.166109462417991,0.000699923428543345
4.34890716240236,0.0035596069126795,6.21268606630419e-05,0.999999998070127,0.000480953721122171,0.116195034225898,-0.165470523260703,0.0014802353125877
4.35183973001348,0.00362385860460967,6.32482642349969e-05,0.999999997999829,0.000382396494426647,0.115716192458051,-0.16328413572879,0.00140911828530998
4.3553393122646,0.00370142587067661,6.46020684168694e-05,0.999999997913286,0.000386847368483211,0.115145145980189,-0.163175612654426,0.0014220158337511
4.35867352631062,0.00375939976981685,6.56139038349409e-05,0.999999997847408,0.000303470444984247,0.114607467977324,-0.161260793531855,0.000627131804509386
4.36200774035663,0.00381400664851594,6.65669736603957e-05,0.999999997784419,0.000285845423954116,0.114071703893587,-0.160686769458505,-0.000312457003874608
4.36520456797869,0.00388610972313216,6.78254097104186e-05,0.999999997699857,0.000393651520081417,0.11355167900094,-0.162669043853847,-0.000117837292102907
4.36867025476515,0.00397823046637271,6.94332199855641e-05,0.999999997589514,0.000463922557922769,0.112983728873242,-0.163878089017665,0.000889903403285756
4.37140436659765,0.00404690664301645,7.06318453827392e-05,0.999999997505571,0.000438396625136641,0.112537666741558,-0.163146995811003,0.00155037515383942
4.37413847843015,0.00409858000172528,7.15337156254938e-05,0.999999997441464,0.000329858579415957,0.11209816785931,-0.160746490696922,0.00131644207300198
4.37771684875375,0.0041726933087131,7.28272368486029e-05,0.999999997348097,0.000361483331657274,0.111521443780766,-0.161169478390955,0.00140252147323953
4.38129066488877,0.00423143232511834,7.38524260815001e-05,0.99999999727291,0.000286861214154432,0.110951799128059,-0.159393945067827,0.000727534340020937
4.38486448102378,0.00426695073542992,7.44723392848066e-05,0.999999997226935,0.000173459736481146,0.11039133891747,-0.156824019316052,-0.00115329388379012
4.38795086727811,0.00433943750880615,7.57374721408006e-05,0.999999997131918,0.000409907495469253,0.10989320644379,-0.161396673207008,-0.00051628862595542
4.39103658363966,0.00442508553903588,7.72323122617846e-05,0.999999997017585,0.000484438603618951,0.109391208009608,-0.162684568301969,0.000887646219845412
4.39475879214918,0.00454997699269575,7.94120793290651e-05,0.999999996846861,0.000585611222045574,0.108778949747146,-0.164487900367727,0.00378205662813631
4.39774767058921,0.00459900984497565,8.02678640402657e-05,0.999999996778535,0.00028632302420404,0.10830631484844,-0.158131188065815,0.0034595185747872
4.40036661570421,0.00461217777819366,8.04976878298602e-05,0.999999996760061,8.77543362864184e-05,0.107903346636912,-0.153866611873709,0.00157406551128291
4.40455627214364,0.00466391600458243,8.14006902265279e-05,0.999999996686964,0.000215531371767752,0.107248916415332,-0.156201404826705,0.000305284652202246
4.4069823377141,0.0047140675728002,8.22760002140354e-05,0.99999999661533,0.000360794036688155,0.106863421482074,-0.158897161705098,0.000606295665343405
4.40940840328457,0.00476459892980099,8.31579387661826e-05,0.999999996542379,0.000363526264871281,0.106478267620483,-0.158756575370402,0.000993227661197214
4.4130843444429,0.00482683844903806,8.42442232979226e-05,0.999999996451455,0.000295511948846832,0.105900698889548,-0.157121321059685,0.000864532212923253
4.41730546327701,0.0049077950411086,8.56571823756489e-05,0.999999996331424,0.000334735679888302,0.105235476659799,-0.157593817158918,0.00126630388379844
4.41997238270013,0.00496022549837091,8.65722664798093e-05,0.999999996252621,0.000343124017779177,0.104815500804769,-0.157476019481383,0.00167024363192448
4.42263930212325,0.00500002555759642,8.72669085531592e-05,0.999999996192243,0.000260466090558503,0.104400619404401,-0.155565780042652,0.00140622409757649
4.42636625572477,0.00506427021991681,8.83881894331572e-05,0.999999996093764,0.000300857215894656,0.103818785566599,-0.156115127798863,0.00154275337464397
4.42988514923979,0.00510971157979528,8.91812907764944e-05,0.999999996023349,0.000225383730163597,0.103275948153315,-0.154263665827647,0.000906482363731025
4.4334040427548,0.00513927379999006,8.96972488510291e-05,0.999999995977202,0.000146625089505115,0.102739842087479,-0.152350749901359,-0.000548052723623203
4.43658360499707,0.00519549046153178,9.06784146854211e-05,0.999999995888713,0.000308585196207593,0.102245882537805,-0.155354577780741,-0.000259892684946826
4.43982139853781,0.00527136433070296,9.20026635131613e-05,0.999999995767755,0.000408997305294623,0.101737180620305,-0.157113760064835,0.00108232945568203
4.44266014837578,0.00532882734518451,9.30055823096945e-05,0.999999995674981,0.000353295942957184,0.101295174333058,-0.155704557455479,0.00183760401397769
4.44549889821374,0.00536839006344134,9.36960820013064e-05,0.999999995610522,0.000243240769364483,0.100860267471834,-0.153203658669395,0.00165378744313051
4.44900744664049,0.00542112630430408,9.46165030354059e-05,0.999999995523859,0.00026233670630363,0.100322402123073,-0.153301389446751,0.0016699206158048
4.45242352926349,0.00545772669373142,9.52553003355464e-05,0.999999995463214,0.000186997029497386,0.0998050519898455,-0.151445439212571,0.000936122914096237
4.4558396118865,0.00548589640213471,9.57469544942686e-05,0.99999999541626,0.000143923381025239,0.0992917914512293,-0.150248280050377,-0.000222198732994741
4.45902423902833,0.00553671998960019,9.66339934291126e-05,0.999999995330936,0.000278537768926328,0.0988055629906676,-0.152679870800231,3.89117002272676e-05
4.46239598924688,0.00560616087033927,9.78459654277643e-05,0.999999995213083,0.000359448928841682,0.0982862576265438,-0.154016558304305,0.00119585640539517
4.46516795059331,0.0056568934191589,9.87314154383186e-05,0.999999995126054,0.000319430866513748,0.0978624070684255,-0.152906373916387,0.00187521469522607
4.46793991193974,0.00569037956007699,9.93158588482606e-05,0.99999999506818,0.000210841112038239,0.0974454324587924,-0.150425838430533,0.00164340941613172
4.4714944154536,0.00573920356158998,0.000100167998424422,0.999999994983186,0.000239735191448478,0.0969097450796016,-0.150706667499805,0.00169681676845505
4.47498114548189,0.00577230870309505,0.000100745792140109,0.999999994925143,0.000165712204246886,0.0963907350906668,-0.148852932324411,0.000999056650418339
4.47846787551018,0.00579150726334601,0.000101080870226425,0.999999994891329,9.61009557100833e-05,0.0958778731800158,-0.147089653196422,-0.00041777221496081
4.48162276798813,0.00583930194135856,0.000101915044718377,0.999999994806662,0.000264406632581265,0.0954040455125818,-0.15018821425657,-5.07212957610997e-05
4.48488171214383,0.00590438372501855,0.00010305093612035,0.999999994690252,0.000348545833763577,0.0949100524154311,-0.151580718646752,0.0012160452678061
4.48772606471852,0.00595316902329437,0.000103902400197272,0.999999994602146,0.000299352509621381,0.0944826319535154,-0.150269859552371,0.00195264504014436
4.4905704172932,0.00598440142068651,0.000104447508362098,0.999999994545359,0.000191645780004597,0.0940622767166858,-0.147785911131597,0.00176605029448963
4.49408727858975,0.00602692326976854,0.000105189654628539,0.999999994467568,0.000211025174989221,0.0935422902027357,-0.147855280633317,0.00177841545811961
4.49747044662404,0.00605326852010032,0.000105649465986535,0.999999994419095,0.000135911475839378,0.0930484515044007,-0.145969308450225,0.00104469675411655
4.50085361465832,0.00607386025239879,0.00010600885951182,0.999999994381061,0.000106229877929727,0.0925578460309297,-0.145013628794033,2.55613336678992e-05
4.50407102817776,0.0061143598043854,0.000106715710035571,0.999999994305879,0.000219695268723486,0.0920849467603412,-0.146981190863541,0.000199891986374393
4.50751917099524,0.00617465216591044,0.000107768010251934,0.999999994193028,0.000305178839194503,0.0915733355591868,-0.148372972999039,0.00132699008739025
4.51023317993875,0.0062159872476861,0.000108489443521283,0.99999999411502,0.000265818311060496,0.0911737103922888,-0.147245338986032,0.00195736274741498
4.51294718888226,0.00624059050999681,0.0001089188514528,0.999999994068342,0.000158219056381817,0.0907808179482261,-0.144764609196469,0.00169635121676211
4.5165220957027,0.00628026254994714,0.000109611259166783,0.999999993992686,0.000193685528852638,0.0902619146577013,-0.145151556834361,0.00177219729744318
4.52011763315835,0.00630542277423302,0.000110050387918463,0.999999993944456,0.0001221316033401,0.0897466434258555,-0.143308542380825,0.00110171674293335
4.52371317061401,0.00630560397463986,0.000110053550462149,0.999999993944108,8.79574679521847e-07,0.0892416522119651,-0.140449437703924,-0.000883751353128442
4.52679317428575,0.00635004956509901,0.000110829272348923,0.999999993858436,0.000251857456736832,0.0887944327513195,-0.145200950488653,-0.000204296666447914
4.52985283475355,0.00640762543371328,0.00011183416081971,0.99999999374656,0.000328431369293975,0.0883464189334652,-0.146425991566372,0.00124094536964798
4.53356209631751,0.0064956554202487,0.000113370573915499,0.999999993573557,0.000414209965794865,0.0877981812167693,-0.147802387953367,0.00399892777588444
4.53656793863671,0.00651963442670606,0.000113789086526838,0.999999993526022,0.000139233056692594,0.0873718661611294,-0.141828815476158,0.00378195678744461
4.53920639313954,0.00650977360477394,0.000113616982718282,0.999999993545591,-6.52290230827743e-05,0.0870094747534228,-0.137349879377103,0.00192249824661365
4.5433897405449,0.0065224237608646,0.000113837769591527,0.999999993520481,5.27775614309944e-05,0.0864264225084585,-0.13937456980459,0.000577051670805385
4.54580957321962,0.00655185711198967,0.000114351478475212,0.99999999346187,0.000212291077971254,0.0860821872055077,-0.142255828903362,0.000926709779631874
4.54822940589435,0.00658094646038038,0.000114859183378555,0.999999993403684,0.00020980992280168,0.0857387321493129,-0.1419333905942,0.00131753990157024
4.55190034241952,0.00661077998791814,0.000115379876658123,0.999999993343742,0.000141842082925723,0.0852240482788451,-0.140205058556235,0.00118408606673577
4.55613512276527,0.00665488787172053,0.000116149704451403,0.999999993254623,0.000181786948929277,0.0846287596933317,-0.140571301675989,0.00157124636949087
4.55879399778476,0.0066841574920099,0.0001166605556928,0.999999993195157,0.000192130597005407,0.0842554808368669,-0.140389771511728,0.00197020260837531
4.56145287280425,0.00670099359737422,0.000116954401162616,0.999999993160834,0.000110514962029383,0.0838874313962181,-0.138422993916803,0.00170313286834929
4.56518109225159,0.00673354648627211,0.000117522556251015,0.999999993094224,0.000152393146468408,0.0833695439957507,-0.138910117224346,0.00183763806757858
4.56872966570374,0.006749515256766,0.0001178012638717,0.999999993061431,7.85407506344708e-05,0.0828834378636069,-0.136986352036399,0.00119829323892929
4.5722782391559,0.00674687024363398,0.000117755099684108,0.999999993066868,-1.30092242797407e-05,0.0824054074087737,-0.134710598858567,-0.000419392279790296
4.57543076634633,0.00677815315620092,0.000118301089504211,0.999999993002426,0.000173191154564373,0.0819699934586795,-0.138115842875433,-4.69763255031078e-05
4.5786053159956,0.0068276156498668,0.000119164372868843,0.999999992899926,0.000271938846795038,0.081526320337055,-0.139759389722023,0.00133261691343547
4.58149709431913,0.0068629323430449,0.000119780765441318,0.999999992826284,0.000213153467490786,0.0811266565403496,-0.138206927361557,0.0021173130275808
4.58438887264265,0.00688068824720255,0.000120090664428309,0.999999992789116,0.000107165541251257,0.0807342186483312,-0.13570815190967,0.00197634139058901
4.58787100976597,0.00690440372391783,0.000120504577577675,0.999999992739323,0.00011886756256394,0.0802621394940347,-0.135571672676485,0.00195772140976094
4.5912298411183,0.00691277944187364,0.00012065076143216,0.999999992721697,4.35222374133025e-05,0.0798132898968365,-0.133632668662197,0.00118777281354067
4.59458867247063,0.00691693634761272,0.000120723313123474,0.999999992712941,2.16002782609509e-05,0.0793672766906762,-0.132788210950484,0.000206187533451915
4.597797088765,0.00694148808658674,0.000121151821802527,0.999999992661118,0.000133557694161675,0.0789351690386077,-0.134679422002269,0.000387691538187056
4.60126004148426,0.00698376277237644,0.000121889654254355,0.999999992571456,0.000213064548404774,0.0784645469770385,-0.135901959894401,0.00145569145549931
4.60397824277382,0.00701186484449402,0.000122380127935782,0.999999992511552,0.000180440531379369,0.0780979493706274,-0.134867718523597,0.00208679902807686
4.60669644406338,0.00702336591832178,0.000122580859540085,0.999999992486966,7.38472189606513e-05,0.0777381410445637,-0.132370007859771,0.0018290580421212
4.61027511118127,0.00704580972602653,0.000122972577878265,0.999999992438872,0.000109459284205112,0.0772631896821943,-0.132717390783678,0.0019039579228975
4.61386487301667,0.00705366603933351,0.000123109696411503,0.999999992422001,3.81971118315065e-05,0.0767935286776628,-0.130833471987081,0.00122791705852835
4.61745463485206,0.00703727356310338,0.000122823593730895,0.999999992457182,-7.96996279669059e-05,0.0763340485395567,-0.127997387897864,-0.000732754948078226
4.62053687161038,0.0070669422259716,0.000123341409578687,0.999999992393448,0.000168000024760498,0.0759252191160294,-0.132640499606113,-7.17416031661561e-05
4.62360374106794,0.00711005024447422,0.000124093786429811,0.999999992300366,0.00024532405675932,0.0755147413453859,-0.1338425962771,0.00135837401102382
4.62731637027,0.00718161411517501,0.000125342811589297,0.99999999214459,0.00033642604774777,0.0750124738822628,-0.135286190941185,0.00414895567393353
4.63031718903431,0.00719119006126287,0.000125509943376209,0.999999992123627,5.56953956081353e-05,0.0746249000294967,-0.129156034804781,0.003897784146377
4.63295012835161,0.00716915469114033,0.000125125353618695,0.999999992171823,-0.000146068600216975,0.0742965718077765,-0.124700261628993,0.00202824759964887
4.63713496887789,0.00716334707908221,0.000125023991667395,0.999999992184501,-2.42212221603345e-05,0.0737660800846669,-0.126765098879453,0.000700150225339154
4.63955697318815,0.00718166679736233,0.000125343731066915,0.999999992144475,0.000132014381919653,0.0734523264012203,-0.129542991363551,0.00103147726733111
4.64197897749841,0.00719997799622736,0.000125663321774581,0.999999992104365,0.000131952989855713,0.0731392980631622,-0.129243509902944,0.00141791234366892
4.64565164629097,0.00721364520633118,0.000125901859588567,0.999999992074361,6.49494493913258e-05,0.0726710239191284,-0.127502415949561,0.00128091920150893
4.64987990749235,0.00723934206935792,0.00012635035445225,0.999999992017794,0.000106070757195617,0.0721304314466705,-0.127852194250022,0.00166838422520305
4.65254295738683,0.00725715323697333,0.000126661217968276,0.999999991978468,0.000116732142029372,0.0717905126411662,-0.127642672489598,0.00206497947290947
4.6552060072813,0.00726259637353572,0.000126756218622163,0.999999991966431,3.5673629264892e-05,0.0714558720464852,-0.125660655241507,0.00179490519310057
4.65893377909943,0.00727926682988844,0.000127047172970985,0.999999991929508,7.80504723357985e-05,0.0709856990108977,-0.126127096433685,0.00192420129461883
4.66246648640713,0.00728023156242647,0.000127064010730039,0.999999991927369,4.76624801414973e-06,0.0705470006135653,-0.124181925962707,0.00128047544681368
4.66599919371482,0.00726435847578018,0.000126786973107839,0.999999991962532,-7.84207692011894e-05,0.0701158466698797,-0.122046324852987,-0.000254252476306342
4.66916617763281,0.00728175192795224,0.000127090546114084,0.999999991923996,9.58555573858891e-05,0.0697194065861106,-0.125179064382837,6.6526297593017e-05
4.67237438085884,0.00731792862265734,0.000127721948544052,0.999999991843552,0.000196808740160043,0.0693124867062096,-0.126837313982852,0.0014202060767023
4.6752376752411,0.00734106381274014,0.000128125733780767,0.999999991791898,0.000141021210575099,0.0689536582239712,-0.125320150265138,0.00218501091572098
4.67810096962337,0.00734660196575789,0.000128222392784613,0.999999991779509,3.37579695744502e-05,0.068602116412274,-0.122775294735643,0.00201514384348372
4.68159758488092,0.00735678220309803,0.00012840007144337,0.999999991756711,5.08144726063438e-05,0.0681729999153948,-0.122723395418606,0.0020099449090612
4.68498538447662,0.00735227618339596,0.000128321426564057,0.999999991766806,-2.32141476315783e-05,0.0677638147873797,-0.120781975573155,0.00125448973766193
4.68837318407233,0.00734173203405787,0.000128137396442798,0.999999991790404,-5.43214312337121e-05,0.0673582225462402,-0.119721438556685,0.000183286272099483
4.69157083205925,0.00735445570214587,0.000128359466342039,0.999999991761924,6.94478885651989e-05,0.0669686587942385,-0.121828216737634,0.000396099763833181
4.69498911506743,0.0073840818358616,0.000128876539915737,0.999999991695419,0.000151267047443997,0.0665479441976993,-0.123077754396636,0.00150461886282798
4.6977323473236,0.00740230479070728,0.000129194590474589,0.999999991654379,0.000115940077907794,0.0662133564294045,-0.121968443445653,0.00215438699766278
4.70047557957977,0.0074037475820848,0.000129219771934336,0.999999991651125,9.17948522237629e-06,0.0658856883121192,-0.119445998984774,0.00190333865165345
4.70404307236299,0.00741252059739838,0.000129372889935606,0.999999991631328,4.29203398168032e-05,0.0654585382849959,-0.119733956893267,0.0019632394354716
4.70758181068076,0.00740674473420351,0.000129272082106553,0.999999991644364,-2.84869410628315e-05,0.0650415739162055,-0.117828539820637,0.00127159445552196
4.71112054899854,0.00738245207109088,0.000128848095154691,0.999999991699084,-0.000119813028633352,0.0646327836421153,-0.115518650259382,-0.000405313288893906
4.71423952243829,0.00739791119411164,0.00012911790774863,0.999999991664283,8.65068591939893e-05,0.0642606899951925,-0.119300037050526,9.10772289004144e-05
4.71740118398797,0.00742855790781622,0.000129652793803214,0.999999991595076,0.000169178784843642,0.0638794395995703,-0.120585454714852,0.00143101735172869
4.72032186516866,0.00744758420575806,0.000129984865343966,0.999999991551967,0.000113696608088008,0.0635316797320131,-0.119068068728916,0.00221169661913248
4.72324254634934,0.00744957508137347,0.000130019612678159,0.99999999154745,1.18969967404417e-05,0.0631910639721941,-0.116622027104979,0.00208958832262986
4.72671862829748,0.00745357701939476,0.000130089459672501,0.999999991538366,2.00935984750577e-05,0.0627865115571775,-0.116381725474844,0.00204893808495392
4.73002419499292,0.0074432170289373,0.000129908643730071,0.999999991561872,-5.47004373585381e-05,0.0624082701426987,-0.114425588508463,0.00126420152742488
4.73332976168835,0.00743228849257942,0.000129717904789809,0.999999991586633,-5.77023425763784e-05,0.0620316241023693,-0.113942955938492,0.000454629691114348
4.73657739839576,0.00743785331504879,0.000129815029263371,0.999999991574029,2.99062004557944e-05,0.0616571387298004,-0.115310118189662,0.000542693379890432
4.7401489594954,0.00746084592365178,0.000130216325983723,0.999999991521854,0.000112358913245386,0.0612408552925555,-0.116555037316138,0.00155503857237997
4.74279608622942,0.00747321821382671,0.000130432263181454,0.999999991493712,8.15741825991927e-05,0.0609350311643475,-0.115530595598925,0.00212095151150896
4.74544321296345,0.00746998925797898,0.000130375907270989,0.999999991501061,-2.12894646183717e-05,0.0606356504322103,-0.113096486197206,0.00183986946144193
4.74904296093575,0.00747433129025552,0.000130451690029798,0.999999991491178,2.10522403336848e-05,0.0602268624885627,-0.113560156653639,0.00193830818638979
4.7528022200115,0.00746460408223011,0.000130281918224171,0.999999991513311,-4.5160975513812e-05,0.0598068005509302,-0.111740619406237,0.00130783697266953
4.75576172353128,0.00745797582704967,0.000130166233348591,0.999999991528376,-3.90892850059774e-05,0.0594770086817421,-0.111434862970542,0.000854791847886078
4.75872122705107,0.00746452544763251,0.000130280545791549,0.99999999151349,3.86255475497333e-05,0.0591436504145297,-0.112639929293511,0.00112819892975025
4.76241835680055,0.00746914939106629,0.000130361248828209,0.999999991502972,2.18285650798855e-05,0.0587300453337751,-0.111871940878638,0.00129360269274241
4.76529810302628,0.00748197927325742,0.000130585172513181,0.999999991473756,7.77581319066333e-05,0.0584058122255397,-0.11259086142314,0.00195526545130041
4.76817784925202,0.00748150244579936,0.000130576850304145,0.999999991474843,-2.88991058753016e-06,0.0580873725004798,-0.110579092773564,0.00191296293842631
4.77185727248265,0.0074852952410724,0.000130643047068949,0.999999991466197,1.79910712139996e-05,0.0576804836626646,-0.110584951040156,0.00211295258054925
4.77537653957886,0.0074702294971202,0.00013038010023496,0.999999991500515,-7.47163625377995e-05,0.0572995746153904,-0.108235333340756,0.00132444711940066
4.77889580667508,0.00743270908543361,0.000129725245519863,0.99999999158568,-0.000186077016245457,0.0569282359334551,-0.105515913337301,-0.00066675976597079
4.78189796392221,0.00744710841232549,0.000129976561182079,0.999999991553047,8.37116925086504e-05,0.0565962089217895,-0.110596142817993,0.000113006026040408
4.7849007351051,0.00746903462345499,0.000130359245755534,0.999999991503233,0.000127443802204298,0.056262591729592,-0.111103101727579,0.00133186750490499
4.7880326463867,0.00748312977340579,0.000130605252528643,0.999999991471134,7.85484495200724e-05,0.0559189759604894,-0.109714400635116,0.00215719061071385
4.79116455766829,0.00748557813481579,0.000130647984496162,0.999999991465552,1.36440543939872e-05,0.055580756782182,-0.107991302402123,0.0023784901625951
4.79454744637554,0.00748104684794423,0.000130568898621575,0.999999991475881,-2.33782078291961e-05,0.0552193952862287,-0.106820391453853,0.00224994055759758
4.79780934634407,0.00746022968352856,0.000130205570564681,0.999999991523255,-0.000111385408347216,0.0548781927477265,-0.104602391794363,0.00125042329088649
4.8010712463126,0.00744071642847233,0.000129865000019048,0.999999991567541,-0.000104408642753706,0.0545378862093806,-0.104327705211397,0.000319999320462696
4.80418907894841,0.00744393117468589,0.000129921107924618,0.999999991560253,1.79958043284187e-05,0.0542061040423302,-0.106414360809633,0.000609943671331631
4.80762099051274,0.00745596483217596,0.000130131134867101,0.999999991532944,6.11982390344494e-05,0.0538393136014442,-0.106876425575258,0.001400027663774
4.81045088720033,0.00746611896806546,0.000130308357969565,0.999999991509866,6.26252911434696e-05,0.0535379134077263,-0.106505723349833,0.00210865652799998
4.81328078388793,0.00745990928890795,0.000130199978623693,0.999999991523983,-3.82979870841698e-05,0.0532433547756641,-0.104088122139961,0.00194192788832157
4.81684602211082,0.00745690154159111,0.000130147483530391,0.999999991530816,-1.47241475786512e-05,0.0528719974588924,-0.10416058999595,0.00200222643246415
4.8202941567604,0.00743870803112059,0.000129829946872868,0.999999991572092,-9.20894026703007e-05,0.0525198151604292,-0.102137049232124,0.00125598838319272
4.82374229140998,0.00740941586403523,0.000129318702116475,0.999999991638337,-0.000148267052374579,0.0521730949591932,-0.100552976165898,-8.55161890976688e-05
4.82688814922207,0.00741201439872247,0.000129364055102116,0.999999991632471,1.44167310567268e-05,0.0518476620770517,-0.103448058233947,0.000259957185316337
4.83016645814793,0.00742928182858997,0.000129665428604133,0.999999991593438,9.19295622714419e-05,0.0515046897727647,-0.104618665306807,0.00142223557941373
4.83301813178592,0.00743835438465079,0.000129823774577633,0.999999991572894,5.55273831913825e-05,0.0512095786757555,-0.103486981496883,0.00215641632283721
4.8358698054239,0.00743036035039261,0.000129684252360485,0.999999991590997,-4.89264326969421e-05,0.050921570850522,-0.100996068202636,0.0019772641520723
4.83939015019887,0.00742460687316682,0.000129583835240301,0.999999991604015,-2.85247972705376e-05,0.0505659912632899,-0.101007034810915,0.00198732976599236
4.84277870582179,0.00740468294310903,0.000129236097063767,0.999999991649016,-0.000102621357930054,0.0502303254671115,-0.0990586649686722,0.001236778560782
4.84616726144471,0.00737888370369084,0.000128785815395156,0.999999991707107,-0.000132883069503769,0.0498982055844275,-0.0980122269316039,0.000170451392083083
4.84937080505816,0.00737692225863206,0.000128751581721068,0.999999991711515,-1.06861895773453e-05,0.0495775806997376,-0.100084445032604,0.000364851525685592
4.8527931691901,0.0073914125705517,0.000129004485371606,0.999999991678921,7.38973536680041e-05,0.0492305925995803,-0.101388422382928,0.0014746784030655
4.85553070750383,0.0073975167483036,0.000129111023370616,0.999999991665172,3.89174461461715e-05,0.0489560562563922,-0.100285845064159,0.00212026968787027
4.85826824581757,0.00738695019178602,0.000128926602170321,0.999999991688966,-6.73675326861787e-05,0.0486883960865692,-0.0977740360675599,0.00186480605649358
4.86183649277178,0.00738034239532415,0.000128811274366718,0.999999991703828,-3.23205781553689e-05,0.0483383871427506,-0.0980898879225936,0.00192403319860582
4.86538897435839,0.00735945576483485,0.000128446733898048,0.999999991750718,-0.00010261572447268,0.0479966093910006,-0.0962081698152205,0.00123220451472078
4.868941455945,0.0073187697254336,0.000127736628556725,0.999999991841677,-0.000199889944489668,0.0476634640275347,-0.0937782097792265,-0.000522857005505677
4.8720499043644,0.00732204523938125,0.00012779379705934,0.999999991834373,1.83913307760624e-05,0.0473594371249722,-0.0978066422670443,1.47003734882988e-05
4.87518525752539,0.00734007566269788,0.000128108487309168,0.999999991794108,0.000100368359239096,0.0470487729653443,-0.0990842637739486,0.00137449760454882
4.8781279710643,0.00734734320961593,0.000128235329930389,0.99999999177785,4.31039652980154e-05,0.0467617541750175,-0.0975354163876643,0.00216549051530432
4.8810706846032,0.00733788742930576,0.000128070295431987,0.999999991799,-5.60824210633402e-05,0.0464817700782142,-0.0951448698969642,0.00206566210627579
4.88453440630509,0.00732769452542696,0.000127892395700419,0.999999991821768,-5.13608621983887e-05,0.046153273017181,-0.0948393344806034,0.00200783592633647
4.88782264442429,0.00730399596964691,0.000127478777877462,0.999999991874581,-0.000125787066305924,0.0458477961536197,-0.0928998608031805,0.00120577872940408
4.89111088254349,0.00728086099964595,0.000127074996481865,0.999999991925973,-0.000122795668753252,0.0455434717039115,-0.0925493953529,0.000431963487797223
4.89436122334762,0.00727363939130735,0.000126948955640084,0.999999991941981,-3.87777314421405e-05,0.0452384180066122,-0.0938528344201761,0.000508644041091182
4.89795509462142,0.0072823498913645,0.00012710098254435,0.99999999192267,4.23017114165314e-05,0.0448967204490371,-0.0950778510255255,0.0014897800346008
4.90059355982071,0.00728457046683325,0.000127139738897255,0.999999991917743,1.46889764660212e-05,0.0446483706206465,-0.0941266265166561,0.00204741368693365
4.90323202501999,0.00727141727158939,0.000126910172334944,0.999999991946904,-8.70076149668194e-05,0.044406354974413,-0.0917259194091111,0.00176484235255895
4.90683575052598,0.00726243672898897,0.000126753432299212,0.999999991966784,-4.3493888958132e-05,0.0440740034184549,-0.0922244370182545,0.00186526014053473
4.91062134786486,0.00723896163948698,0.000126343714698483,0.999999992018633,-0.00010823063504483,0.0437316095474918,-0.0904464580654795,0.0012409626949292
4.91356079218751,0.00722183595506536,0.000126044815121048,0.999999992056352,-0.000101685742951958,0.0434665807841209,-0.0901628791974926,0.00079562340460505
4.91650023651016,0.00721789985901781,0.000125976117285889,0.999999992065009,-2.33710280460716e-05,0.0431979313601458,-0.0913946292177945,0.00107218215144903
4.92019894459709,0.00720879893545695,0.000125817276206038,0.999999992085006,-4.29450168481017e-05,0.0428628827018277,-0.0905853207238194,0.00120479919996409
4.9230880645833,0.00721125571434503,0.000125860155086289,0.999999992079611,1.4841502185796e-05,0.0425989442663442,-0.0913559965465179,0.00185159387306851
4.92597718456952,0.00720103701924171,0.00012568180521289,0.999999992102042,-6.17315568965507e-05,0.0423405430239656,-0.0894394291726001,0.00182356150580113
4.92967501946125,0.00719254034103526,0.000125533510203874,0.999999992120669,-4.01031994469781e-05,0.0420096807425125,-0.0894745955783817,0.00204403488092094
4.93320155641726,0.00716537378293897,0.000125059364322382,0.999999992180078,-0.000134450848276817,0.0417024910908613,-0.0871080199876993,0.00124717276324195
4.93672809337327,0.00711418085163431,0.000124165879124305,0.999999992291417,-0.000253360510937446,0.0414053723817027,-0.0842522601819166,-0.000844706305449461
4.93971088577475,0.00711998370229353,0.000124267157973529,0.999999992278837,3.39543744159471e-05,0.0411377920144662,-0.0897080088789993,1.18410894112478e-06
4.94267979814617,0.00713236021473271,0.000124483168863836,0.99999999225197,7.2757584244433e-05,0.0408701903516569,-0.0901345776944205,0.00122826932035122
4.94584825453919,0.00713613692414307,0.000124549084877427,0.999999992243763,2.08038255622129e-05,0.0405891448658757,-0.0887010742517266,0.00204853737529207
4.94901671093222,0.00712985674942718,0.000124439475151883,0.999999992257408,-3.45940460579398e-05,0.0403129004089123,-0.0871858162767939,0.00234556397277286
4.95238253252728,0.00711433571522411,0.000124168582003818,0.999999992291082,-8.048351420511e-05,0.0400239347054596,-0.0858529471307879,0.00219780503687285
4.9556472898693,0.00708243411457015,0.000123611794040023,0.999999992360062,-0.000170544977692973,0.0397509525071803,-0.083614850869832,0.00115071917185848
4.95891204721132,0.00705150326966493,0.00012307194896011,0.999999992426648,-0.00016535534726316,0.0394789182415982,-0.083324497683406,0.000147475663281046
4.96199594434622,0.00704654461856378,0.000122985404172592,0.999999992437295,-2.80634484183741e-05,0.0392145124233386,-0.085737560850514,0.000500946502095485
4.96537707417003,0.00704803517105714,0.000123011419221078,0.999999992434095,7.69418804911328e-06,0.0389234805551932,-0.0860753308243989,0.00127109937953403
4.96826037075516,0.00704998274546656,0.000123045410806693,0.999999992429913,1.17891395728424e-05,0.0386761494864769,-0.0857806546826859,0.00199924631224798
4.97114366734028,0.00703606669950835,0.000122802529987698,0.999999992459769,-8.42371964378539e-05,0.0384354618281089,-0.08347655236362,0.0018774581920902
4.97469038976388,0.00702244497029573,0.000122564785964912,0.999999992488937,-6.70320358293338e-05,0.0381395217929957,-0.0834404274617908,0.0019214224662332
4.97808106555112,0.0069939348649984,0.000122067190761106,0.9999999925498,-0.000146753992051013,0.0378635223762366,-0.081399530381938,0.00113872804283289
4.98147174133837,0.00695876773148051,0.00012145340849728,0.999999992624535,-0.00018102063036661,0.0375912678577636,-0.0802950607950623,-7.90077759235328e-06
4.98463891662296,0.00695084739537311,0.000121315172555359,0.999999992641314,-4.36464453392019e-05,0.0373293354894817,-0.0827022014083274,0.000251991628682138
4.98800211178223,0.00695692707676011,0.000121421283012253,0.999999992628436,3.15504907239449e-05,0.0370473491728148,-0.0838447676430344,0.00131570334219452
4.99080247489954,0.00695771640727441,0.000121435059428513,0.999999992626763,4.91951071483703e-06,0.0368151012194276,-0.0829349422407548,0.00201408287718566
4.99360283801685,0.00694162641540971,0.00012115423609592,0.999999992660826,-0.000100281043169814,0.0365897885936781,-0.0804583606878257,0.00180138945954004
4.99715154610097,0.00692692227691929,0.000120897600467473,0.999999992691885,-7.23180448329836e-05,0.0363035803133801,-0.0806514014433265,0.00184042269322386
5,0.00690593769968406,0.000120531350505248,0.999999992736097,-0.000128578512370881,0.0360781931468238,-0.079126141600284,0.00137479629208941
5.00393702272005,0.00686965602089091,0.000119898115756732,0.999999992812221,-0.000160841020770899,0.0357708387544888,-0.0780677212680404,0.000357089632684375
5.00788038044544,0.00680214596558315,0.000118719843021794,0.999999992952799,-0.000298799354605726,0.0354759071061883,-0.0747920094598752,-0.002369142423209
5.01124215424657,0.00684690381123661,0.000119501014789005,0.999999992859754,0.000232368927525319,0.0351895318856587,-0.0851857493901114,0.000777910997493622
5.01356856286219,0.00685287346723655,0.000119605204940671,0.999999992847297,4.47858350036356e-05,0.0350010246624254,-0.0810292834918928,0.00173679023326581
5.01589497147782,0.00683848340093315,0.000119354050905889,0.999999992877305,-0.000107957834615953,0.0348203920372028,-0.077644410362627,0.00154321218322782
5.01929455782193,0.00682549470979343,0.000119127355481588,0.999999992904337,-6.66832381842329e-05,0.0345547124594994,-0.0781505603359726,0.001679867609141
5.02394847215256,0.00682553041853943,0.000119127978716773,0.999999992904262,1.33916343350099e-07,0.0341868574402126,-0.0790420693535394,0.00286714872017953
5.02643277196981,0.006786707993466,0.000118450399580413,0.999999992984751,-0.000272744511928392,0.0340053388721185,-0.0730662888728414,0.00137543311944273
5.02891707178706,0.00677432546138196,0.000118234283627326,0.999999993010327,-8.69927023701466e-05,0.0338151343726741,-0.0765626186193864,0.0013245397237592
5.03265299952317,0.00675145502624396,0.000117835119235585,0.999999993057442,-0.000106844784673931,0.0335319604268111,-0.075797490172533,0.00103684696556758
5.03743902369334,0.00668735765097395,0.00011671640900293,0.99999999318864,-0.000233745213265262,0.0331839255601229,-0.0727189947885678,-0.00124676945324423
5.03976003213277,0.00672196614226349,0.000117320441120945,0.999999993117957,0.000260245551841978,0.03299273308063,-0.0823747454961957,0.00125280395345036
5.0420810405722,0.00671393056591806,0.000117180193857386,0.999999993134401,-6.04251419944712e-05,0.0328173262857762,-0.0755735273830774,0.00142939538502288
5.04570725700052,0.00670112536652683,0.000116956700968166,0.999999993160565,-6.163252943386e-05,0.0325446080540289,-0.0752073785828503,0.00168094750331284
5.05040617926267,0.00672957149256547,0.000117453179523567,0.999999993102375,0.000105657963914364,0.0321774378644228,-0.0781392347268501,0.00446256436288292
5.0534076781749,0.00666344963208976,0.000116299135358604,0.999999993237256,-0.000384489285717633,0.0319742009325915,-0.0677118125890873,0.00171321803298365
5.05640917708713,0.00662328601430967,0.000115598147993541,0.999999993318534,-0.000233545768388841,0.0317627587431161,-0.0704455326016757,0.000333646452939925
5.05922500049754,0.00661638114491843,0.000115477635289048,0.999999993332458,-4.27983888662566e-05,0.0315543833745747,-0.0740015754437346,0.000692906703818958
5.06234990863608,0.00660701235173796,0.000115314119002199,0.999999993351327,-5.23267503198625e-05,0.0313247951383928,-0.0734703952896101,0.00101730679456547
5.06604917185926,0.00660267519410746,0.000115238421321872,0.999999993360053,-2.04629074124392e-05,0.0310520355060539,-0.0737335020199991,0.00176311044805022
5.069003162522,0.0065945957997226,0.000115097409289224,0.999999993376293,-4.7736113509588e-05,0.0308369786607159,-0.0728021412018672,0.00214361616476953
5.07195715318474,0.00657340885025691,0.000114727627265036,0.999999993418786,-0.000125180499482915,0.0306275660762274,-0.0708914172037448,0.00181797958483828
5.075705160894,0.00654991104115639,0.000114317513131916,0.999999993465753,-0.000109421902947598,0.0303620719933196,-0.0708360557135679,0.00159806909116069
5.07856598853424,0.0065233248954914,0.000113853497357667,0.999999993518691,-0.000162196341625758,0.0301635579082231,-0.069390438733266,0.000944019034938803
5.08142681617448,0.00651037225377862,0.00011362743111441,0.999999993544403,-7.90212739626266e-05,0.0299611101459734,-0.0707654524173819,0.00102935874150344
5.08509220184864,0.00648863246161572,0.000113248000164909,0.999999993587445,-0.000103517333691905,0.0297048907568419,-0.0699024364441414,0.000868497258371792
5.08854419577406,0.00648527090612953,0.000113189329954063,0.999999993594088,-1.69960354769311e-05,0.0294588682993348,-0.0712696669874962,0.00163919522734461
5.09199618969947,0.00649467179195722,0.000113353406363307,0.999999993575503,4.75309093359585e-05,0.0292096286353538,-0.0722016519629259,0.00311500859156557
5.09509323205155,0.00646974636975613,0.000112918375681233,0.99999999362472,-0.00014046649525703,0.0289990027901018,-0.0680087067943587,0.00267171025936561
5.0982838600004,0.00643178289204987,0.000112255788003951,0.999999993699319,-0.000207666858092682,0.0287874877078408,-0.066292618773318,0.00154743856378899
5.1012329463292,0.00640165971520805,0.000111730039390198,0.999999993758199,-0.000178275085376743,0.0285912148489894,-0.0665537854672633,0.000754750221549107
5.104182032658,0.00638737852801136,0.000111480785654074,0.999999993786017,-8.45189695675751e-05,0.0283902625433755,-0.0681405300521142,0.00081694214160858
5.1076600511712,0.00636938017418608,0.00011116665512183,0.999999993820987,-9.03188217652929e-05,0.028154903104483,-0.0676705537935613,0.000833898019770428
5.11098960293763,0.0063669200304518,0.00011112371751386,0.99999999382576,-1.28959124974406e-05,0.0279255750472204,-0.0688765555698396,0.00165119185802305
5.11431915470405,0.00636656289000386,0.00011111748423719,0.999999993826452,-1.87210686179864e-06,0.0276967060110211,-0.0687386928497189,0.00259943674621617
5.11750971187562,0.00634533303463779,0.00011074695336361,0.999999993867556,-0.000116133595461538,0.0274859489609916,-0.0660565032049829,0.00240135731054453
5.12097385263573,0.00630779348019037,0.000110091764542765,0.999999993939902,-0.000189134584940596,0.0272635206578168,-0.0642087947857372,0.00141566247926143
5.12371387060523,0.00628113631315759,0.000109626509211596,0.999999993991014,-0.0001698001031944,0.0270874253324995,-0.0642679454212648,0.000759638433753883
5.12645388857473,0.00627082346820091,0.000109446516112934,0.99999999401073,-6.56904815023231e-05,0.0269063258707357,-0.0660942606141524,0.000997380745612644
5.13003204220375,0.00625000706744376,0.000109083201383476,0.999999994050428,-0.000101536929180573,0.0266736580840521,-0.0650245380177696,0.000921713282723439
5.13359363388524,0.0062434873499528,0.000108969410847635,0.999999994062834,-3.19493492498606e-05,0.026438378632902,-0.0660601978528723,0.00160886483542788
5.13715522556672,0.00625775237466071,0.000109218382495185,0.999999994035672,6.99046020142018e-05,0.0261970615915775,-0.0677553922250419,0.00342970034911752
5.14025004453328,0.00622914527451836,0.000108719094411218,0.999999994090079,-0.000161330304721497,0.026003049429405,-0.0626893412084251,0.00283970049156673
5.14335749440813,0.00618613612822768,0.000107968443204379,0.999999994171408,-0.00024156502646068,0.0258143484176365,-0.0607253598185194,0.00146499794562113
5.14632807863523,0.00615474811558822,0.00010742061904134,0.999999994230405,-0.000184416304785502,0.0256314546981345,-0.0615682658762844,0.000654097000154681
5.14929866286233,0.00613949769404327,0.000107154448974595,0.999999994258962,-8.96019260616298e-05,0.0254437532069621,-0.0631867258500673,0.000712447870755896
5.15274758893604,0.00612170446549387,0.000106843898553626,0.999999994292191,-9.00426440318168e-05,0.0252270229321162,-0.0628399305216094,0.000780073409796283
5.15602055350577,0.00611868183026412,0.000106791143617081,0.999999994297826,-1.61183953330658e-05,0.0250175742766963,-0.063993560259449,0.00159769574698437
5.15929351807549,0.00611401291921208,0.000106709655747205,0.999999994306525,-2.48972662565713e-05,0.0248098318341321,-0.063472255240927,0.00234253590105786
5.16253880732735,0.00609380344645315,0.000106356933909471,0.999999994344101,-0.000108687334891127,0.0246104900668138,-0.0614249614896724,0.00225556253809336
5.16614183962406,0.00605513666622438,0.000105682071287126,0.99999999441565,-0.000187304073503338,0.0243962286058055,-0.0594669831864003,0.00130292425206006
5.16878340843093,0.00603014280049604,0.000105245846039792,0.999999994461656,-0.000165138704177012,0.0242388041247097,-0.0595950711889324,0.000733666312813581
5.1714249772378,0.0060204153130176,0.000105076069356285,0.99999999447951,-6.42711573530829e-05,0.024076671810764,-0.0613772821378112,0.0010066929822205
5.17503114574827,0.00599798912481822,0.000104684658535687,0.999999994520561,-0.000108539249237712,0.0238597492198372,-0.0601532042379606,0.000897437365952797
5.17881283495662,0.00598826633623608,0.000104514963863381,0.999999994538311,-4.48727179533443e-05,0.0236287979443256,-0.0610709296262202,0.00151560646209634
5.18175349056945,0.00597938847925259,0.000104360016029343,0.999999994554494,-5.26915951011721e-05,0.0234506904138849,-0.0605672863098331,0.00195648089031035
5.18469414618227,0.00595712096908123,0.00010397137466274,0.999999994594977,-0.000132161470053274,0.0232782277024911,-0.0586477078925937,0.00167441377750293
5.18839177666389,0.00593296915001977,0.000103549845902041,0.999999994638715,-0.000113999699284327,0.0230612510895109,-0.0586799070537696,0.00153249028702193
5.19128060477681,0.00590435371930775,0.000103050412421905,0.999999994690306,-0.000172884458084356,0.0228961664717639,-0.0571458775995266,0.000878939624417062
5.19416943288973,0.0058882702705649,0.000102769703287753,0.999999994719194,-9.71705912106641e-05,0.0227274693004025,-0.0583964032359518,0.000901424856358239
5.1978663227166,0.00586287240322919,0.000102326426882091,0.999999994764651,-0.000119905225406014,0.0225145245894729,-0.0576010432827945,0.000674121024429212
5.20139293100113,0.00585744280760094,0.000102231662561821,0.999999994774344,-2.68712352263858e-05,0.0223059831752841,-0.059133705068295,0.00146333008843307
5.20491953928566,0.00587578879934188,0.000102551860520566,0.999999994741558,9.07948755827893e-05,0.0220902320984787,-0.0611780666857518,0.0035466888541312
5.20790266740582,0.00584205117637447,0.000101963027921067,0.99999999480177,-0.000197387634341975,0.0219262170285168,-0.054980900368809,0.00269514755061305
5.21087208264022,0.00580168909957834,0.000101258576791668,0.99999999487335,-0.00023723564319174,0.0217662463535218,-0.0538727871878482,0.00146146331090549
5.21403992760099,0.00576787945283395,0.00010066848714005,0.999999994932928,-0.000186274789938647,0.0215932606028945,-0.0546067603590119,0.000634204100928307
5.21720777256176,0.00574397770482987,0.000100251322942502,0.999999994974836,-0.000131687063230446,0.0214177436960444,-0.0554057755425752,0.000331739148355832
5.22057380239406,0.00572721126580898,9.99586933792186e-05,0.99999999500413,-8.69361174227377e-05,0.0212292608383414,-0.0559955992944961,0.000472164025171164
5.22383831378883,0.00572759672437187,9.99654209002375e-05,0.999999995003457,2.0608048920678e-06,0.0210416059235479,-0.0574833082506967,0.00151129650219377
5.2271028251836,0.00572680714850694,9.99516402017689e-05,0.999999995004835,-4.22136634582415e-06,0.0208554125211664,-0.0570356111115847,0.00250520403047795
5.23018753763454,0.00570170567212189,9.9513536793917e-05,0.999999995048528,-0.000142024067720539,0.0206890915622678,-0.0539178161801835,0.00214669416152321
5.23357007164208,0.00566703853577893,9.89084811254724e-05,0.999999995108556,-0.000178876448861882,0.0205103166580181,-0.0528523597549917,0.00136900114119041
5.23645201382031,0.00563668216435655,9.83786624977713e-05,0.999999995160819,-0.000183840825912682,0.0203591657975067,-0.0524475687448002,0.000634940033088505
5.23933395599854,0.00562207194407239,9.81236660506018e-05,0.999999995185873,-8.8480764925194e-05,0.0202032177444671,-0.0541121380635268,0.000751574925514722
5.24288120384517,0.00560037783769022,9.77450324677707e-05,0.999999995222954,-0.000106740098526398,0.0200136868796561,-0.0534303981581156,0.000699282232673737
5.24627320994177,0.00559493379262309,9.76500159571759e-05,0.999999995232237,-2.80118927686263e-05,0.019828139009304,-0.0547015144042476,0.00147345955942354
5.24966521603836,0.00559606985866119,9.76698440499661e-05,0.999999995230301,5.84553574497793e-06,0.0196413516368886,-0.0550669329878223,0.00261659484173894
5.25283198466916,0.00557195735087642,9.72490014002078e-05,0.999999995271316,-0.000132893400441052,0.0194769098783577,-0.0519273043605371,0.00234794377336598
5.25619330627234,0.00553170592961214,9.6546481573837e-05,0.999999995339388,-0.000209001075352302,0.0193086203571744,-0.0500664741583483,0.0012743689521845
5.25899470709432,0.00550234646963865,9.60340623330676e-05,0.999999995388729,-0.000182915361173513,0.019167692002156,-0.0503063874017863,0.000568917299306915
5.2617961079163,0.00548976250306776,9.58144306844552e-05,0.999999995409797,-7.84006515238363e-05,0.0190215382212195,-0.0521716777512066,0.000774695842880261
5.26534423960925,0.00546801292074855,9.5434828863787e-05,0.999999995446097,-0.000106986396011905,0.0188395523953797,-0.0512906063215461,0.000728168578996533
5.26880548090982,0.00546103328286435,9.53130112026648e-05,0.999999995457715,-3.51947902782547e-05,0.0186580967265222,-0.0524250270639263,0.00144745248858779
5.2722667222104,0.00546531427949538,9.53877286888033e-05,0.999999995450591,2.15869048094899e-05,0.0184737549008333,-0.0532588772872448,0.00278641639471905
5.27542588324966,0.00543985894995675,9.49434493781859e-05,0.999999995492871,-0.000140632056140038,0.0183169168570938,-0.049645472893022,0.00245119769860646
5.27871432574416,0.00539738515760173,9.42021418590976e-05,0.999999995562978,-0.000225428154405625,0.0181603250115652,-0.0476188486770345,0.00123814867406245
5.28154441892697,0.00536742337570186,9.36792101174878e-05,0.999999995612103,-0.000184775450891368,0.0180240143936129,-0.0481647101871387,0.000514878965046754
5.28437451210977,0.00535443935682587,9.34525962389527e-05,0.999999995633306,-8.0072939260087e-05,0.0178824032223056,-0.0500376355689516,0.000712017409012129
5.28790111962608,0.00533322433456733,9.30823242512678e-05,0.99999999566784,-0.000104993818445361,0.0177087593199374,-0.0492382272666162,0.000691491362780121
5.29130588428691,0.00532667973512257,9.29680994432266e-05,0.999999995678466,-3.35485180075427e-05,0.017537236719076,-0.0503772266067477,0.00142180658503911
5.29471064894774,0.00532675021534701,9.29693295551953e-05,0.999999995678352,3.61291336272755e-07,0.0173644172277188,-0.0507581311992782,0.00252157689151136
5.29791367084983,0.00530336564919986,9.25611918835334e-05,0.999999995716213,-0.000127422692037107,0.0172111379507472,-0.0478545828461642,0.00231233031128455
5.3,0.00527133614998223,9.2002171666801e-05,0.9999999957678,-0.000267944403244228,0.0171177702180806,-0.0447521584305662,0.00125113557420187
5.30402693192279,0.00524258104074785,9.15003003360029e-05,0.999999995813847,-0.00012462871052529,0.0169269057859336,-0.0473969850512693,0.00100995368214971
5.3070584958099,0.00521570712374766,9.10312620033953e-05,0.999999995856655,-0.000154718274800309,0.016786038100956,-0.0464670019247996,0.000529895777842175
5.31009005969702,0.00519951017496268,9.07485719194882e-05,0.999999995882348,-9.32489288042003e-05,0.0166421953212826,-0.0474483748420472,0.00062332043655584
5.31386253217876,0.0051772028116128,9.03592349831903e-05,0.999999995917604,-0.000103204712500525,0.0164651065320638,-0.0469423673932494,0.00061703947997075
5.31657655179684,0.00517262247826541,9.02792930857657e-05,0.999999995924825,-2.94551657688594e-05,0.0163344071333264,-0.0481571311667599,0.00125248917890197
5.31929057141493,0.00515552379213829,8.99808647162943e-05,0.999999995951722,-0.000109958074250671,0.0162088113672161,-0.0462766611093168,0.00120993554082804
5.32320536820983,0.00513819651454368,8.96784466730815e-05,0.999999995978888,-7.72499979634931e-05,0.0160261822738566,-0.0466509765201182,0.00153967384805809
5.32724651586336,0.0051059259700207,8.91152194219948e-05,0.999999996029239,-0.000139373094384269,0.0158441856715877,-0.0450358704685089,0.00113804004002371
5.32984914606861,0.00508077258132998,8.86762099730424e-05,0.999999996068265,-0.00016867914996231,0.0157292836794293,-0.0441484126046228,0.000590560221347979
5.33245177627385,0.00507002294530412,8.84885934317362e-05,0.999999996084884,-7.20872837271423e-05,0.0156098493316635,-0.0458898646166171,0.000838495664458958
5.33610622877047,0.00504560982423117,8.80625040899854e-05,0.999999996122498,-0.000116594577109888,0.015446453744347,-0.0447113726250002,0.000692903345128171
5.3400298381732,0.00503295174065777,8.78415788554914e-05,0.999999996141928,-5.63066331716836e-05,0.0152674890322928,-0.0456122650561668,0.00124748659732459
5.3428576954676,0.00502336339301783,8.76742306199932e-05,0.999999996156615,-5.91784587127705e-05,0.015139491671705,-0.0452630197573627,0.00165712644802046
5.34568555276201,0.00500086136474137,8.72814961396946e-05,0.99999999619097,-0.000138880587283524,0.0150167727774247,-0.043396424042705,0.00136281990817937
5.34938624073407,0.0049785201183469,8.68915678325905e-05,0.999999996224928,-0.000105366437680365,0.0148546812513444,-0.0438003763905529,0.00135897284462419
5.3521649182193,0.00495303143032812,8.644670630632e-05,0.999999996263483,-0.000160098295072349,0.0147368393748944,-0.0424093393624542,0.000872603251397937
5.35494359570454,0.0049365868668758,8.61596945310927e-05,0.999999996288254,-0.000103290784130832,0.0146164359903509,-0.0433311836956502,0.00087392697978066
5.35905280214653,0.0049038069003301,8.55875761882861e-05,0.999999996337383,-0.00013922842597272,0.0144425840476936,-0.0423079115423856,0.000421084547776996
5.3629056793026,0.00489110453114579,8.5365878024026e-05,0.999999996356333,-5.7540937873085e-05,0.0142744539350555,-0.0436375482081585,0.000939534303683954
5.36559572081239,0.00488537401696312,8.52658616840702e-05,0.999999996364866,-3.71802219244379e-05,0.0141566884751913,-0.0437783058126833,0.00151704487866453
5.36828576232217,0.00486430499519737,8.48981378854144e-05,0.999999996396153,-0.000136698187983029,0.0140449817394804,-0.0415260267563007,0.0012536132051317
5.37190164076344,0.00484440260497196,8.4550775648211e-05,0.999999996425583,-9.60657953779195e-05,0.0138927827616811,-0.0420918402737929,0.0013455190168786
5.37553774087416,0.00481014781512157,8.39529167828648e-05,0.999999996475954,-0.000164423104222154,0.0137458890496444,-0.0403986984856163,0.000678832690657582
5.37917384098489,0.00474649562218075,8.28419764437964e-05,0.999999996568603,-0.000305530735981311,0.0136105399760312,-0.0372236928279167,-0.00157968620961099
5.38222384537669,0.00474416687781898,8.28013321873856e-05,0.99999999657197,-1.33259665656437e-05,0.0134796841815968,-0.0429034773805911,-0.000766571259200158
5.38520451418039,0.00475480409137452,8.29869865865297e-05,0.99999999655658,6.22861552252744e-05,0.0133479456875914,-0.0441976290160688,0.000746636782685365
5.38896479035969,0.00478157284237955,8.34541894265962e-05,0.999999996517699,0.000124246948736266,0.0131780347097078,-0.0451857708799916,0.00335552795713302
5.39204308524984,0.00476723927761341,8.32040215287477e-05,0.999999996538545,-8.12683344657306e-05,0.0130526843937147,-0.0407206978103663,0.00360680000062934
5.3946738850927,0.0047123048350998,8.22452346374184e-05,0.999999996617861,-0.000364446918002401,0.0129613430392772,-0.0347199938777496,0.00150106968530355
5.39862264167631,0.00466726799517562,8.1459193498681e-05,0.9999999966822,-0.000199060419331373,0.0128119799998043,-0.037825334712428,0.000374503267434833
5.40117408170403,0.00465292823809347,8.12089175244891e-05,0.999999996702556,-9.80920469619048e-05,0.0127108857579066,-0.0396224252968143,0.000374650249532121
5.40372552173175,0.00464513337034009,8.1072871417883e-05,0.999999996713595,-5.33213030977804e-05,0.0126079837225595,-0.0403309637809008,0.000755975449473954
5.40743308250868,0.00462129691073101,8.06568467170461e-05,0.999999996747236,-0.000112209813197284,0.0124638258751559,-0.0388821265724177,0.000643433988427684
5.4110843172285,0.00461111895788408,8.04792079293309e-05,0.999999996761548,-4.86517033066552e-05,0.0123181932836048,-0.0398858475902445,0.00123943425960537
5.41473555194833,0.00462813821285713,8.07762499638815e-05,0.999999996737599,8.1353859258485e-05,0.0121639392078065,-0.0422470993061288,0.00330602697094574
5.41785333241954,0.00459845520944836,8.02581838241972e-05,0.999999996779312,-0.000166165047907259,0.0120487750352952,-0.0369378708906843,0.00272795163481301
5.42089827096937,0.00455055365003281,7.94221438982209e-05,0.999999996846062,-0.000274567093870641,0.0119437603708192,-0.034488270537337,0.00112435342018609
5.42450922723724,0.00448209494879651,7.82273141637203e-05,0.999999996940244,-0.000330890115962419,0.0118243040207888,-0.0330816385379992,-0.00139945689726016
5.42748611758308,0.00447162721662241,7.80446177726229e-05,0.999999996954519,-6.13715556942359e-05,0.0117102344790406,-0.0383183552285752,-0.00106460510426695
5.43018508892854,0.00448477594722276,7.82741064133559e-05,0.999999996936582,8.50281874313764e-05,0.0115993542639093,-0.0410823980468554,0.000482097375422043
5.43450244645964,0.00449132930317964,7.83884840515076e-05,0.999999996927623,2.64925102169016e-05,0.0114282999802642,-0.0396201339390987,0.00212422028790469
5.43684708736839,0.0044637572839809,7.7907261536536e-05,0.999999996965229,-0.000205243589602499,0.0113470745767416,-0.0346430036341272,0.00144002096217897
5.43919172827714,0.00444242038191143,7.75348623443729e-05,0.999999996994173,-0.000158829947860145,0.0112640504921325,-0.0354101492894672,0.00103805474717261
5.44281768687206,0.0044238519918817,7.72107828025297e-05,0.999999997019247,-8.93776181746731e-05,0.0111313453643377,-0.0365986329741601,0.00117833351861845
5.4479772857493,0.00440023404532895,7.67985718738464e-05,0.99999999705099,-7.98920496946225e-05,0.0109432273639268,-0.0364598110989731,0.00162322193702122
5.45006633684491,0.00437637424914472,7.63821398727982e-05,0.999999997082884,-0.000199340266566673,0.0108727143714795,-0.033753598749028,0.000905083251739845
5.45215538794052,0.00436397624138753,7.61657538173768e-05,0.999999997099389,-0.000103581026096447,0.0107984524417993,-0.0355481633916717,0.000876786895317123
5.45565759923937,0.00433971704405352,7.57423509512287e-05,0.999999997131548,-0.000120895865851525,0.0106759219236489,-0.0349866149397103,0.000664108758464741
5.46036535135558,0.00426491452536266,7.44368007149692e-05,0.999999997229581,-0.000277319240204909,0.0105276549137051,-0.0314942261792658,-0.00190656255089711
5.46463144130846,0.00421868260627041,7.36299015095052e-05,0.999999997289319,-0.000189142567687761,0.0103870457578041,-0.0329597259912395,-0.00333401796082323
5.46645542158099,0.00426206539176693,7.43870739530322e-05,0.999999997233282,0.00041512096211038,0.0103048799110836,-0.0450475522998737,-0.000202274411679715
5.46827940185351,0.00426640371970932,7.44627920594486e-05,0.999999997227646,4.15125688400554e-05,0.0102368424471251,-0.037301644641336,0.000632299182554547
5.47122169337037,0.00425584261060489,7.42784659334237e-05,0.999999997241355,-6.26471325082313e-05,0.0101338468696626,-0.0350052253055946,0.000976750949938439
5.47523277782259,0.00425295406481597,7.42280512989514e-05,0.999999997245098,-1.25688290066837e-05,0.00999035972283761,-0.0357726566305023,0.00205725193650478
5.47923320449077,0.00427802975455131,7.46657046458287e-05,0.999999997212516,0.000109401667469922,0.00983847206040764,-0.0379678656874417,0.00468810838754395
5.48194593191349,0.00419411744790084,7.32011586158378e-05,0.999999997320795,-0.000539879540319745,0.00977202112591401,-0.0244959865620675,0.000998574062097248
5.48465865933622,0.00416857044776892,7.27552793507158e-05,0.999999997353335,-0.000164365672191804,0.00968534123876414,-0.0319530397428519,0.000440122026235765
5.4876704786277,0.00415113948317998,7.24510516276419e-05,0.999999997375423,-0.000101011280701968,0.00958583257616259,-0.0330393868194308,0.000419914149255286
5.49134880686839,0.00412730558302691,7.20350715974649e-05,0.999999997405474,-0.000113089426512198,0.00946608375223803,-0.0325552305528572,0.000253338196059234
5.49454847005567,0.00412552825724571,7.20040514107827e-05,0.999999997407708,-9.69482878257791e-06,0.00935595639926279,-0.0344184204803341,0.00113234337499774
5.49774813324295,0.00411873969992433,7.18855687343709e-05,0.999999997416232,-3.70297340012105e-05,0.00924833319824188,-0.0336357906197028,0.00175270616277257
5.50100661084148,0.00409981150716931,7.15552094501934e-05,0.999999997439926,-0.000101384550004502,0.0091437433190892,-0.0320977744943583,0.00174335196344545
5.50466125588581,0.00406448965274441,7.09387267941335e-05,0.999999997483848,-0.000168684687608999,0.009032331844732,-0.0304848960722038,0.000989000464160743
5.50730214239185,0.00403823908295858,7.04805679219914e-05,0.999999997516245,-0.000173486771294386,0.0089526610692158,-0.030168193647871,0.000352193331590389
5.50994302889789,0.00402796370585667,7.03012287601234e-05,0.999999997528869,-6.7908697288686e-05,0.00886779212837519,-0.0321365347002141,0.000591642859068747
5.51355752026277,0.00400531921473494,6.99060078335817e-05,0.999999997556575,-0.000109343442165296,0.00875546650234108,-0.0310764682205309,0.000463397797540227
5.51742212875766,0.00399500999874726,6.9726078071736e-05,0.999999997569137,-4.65583415557006e-05,0.00863141609422101,-0.0320990879888687,0.00105578894538342
5.52028276714618,0.00398632975772143,6.9574579286336e-05,0.999999997579689,-5.29597821155603e-05,0.00854062275798015,-0.0317388372487759,0.0014696141332314
5.5231434055347,0.0039646304516686,6.91958549512279e-05,0.999999997605967,-0.000132391545026998,0.00845501603763076,-0.0299257398953028,0.00117392296570097
5.52684234027407,0.00394294528415875,6.88173773802358e-05,0.999999997632084,-0.000102320694621944,0.00834287767677048,-0.0303163934380423,0.00113275320903684
5.52967536361502,0.00391725275054323,6.83689580765205e-05,0.999999997662843,-0.000158282954569371,0.00826084482492622,-0.0289559392816836,0.000595084037002263
5.53250838695597,0.00390163286420382,6.8096339631745e-05,0.999999997681444,-9.62288031549653e-05,0.00817576841671136,-0.0300302531874697,0.000598626362785263
5.53644874226922,0.00387264749342887,6.7590449477975e-05,0.999999997715766,-0.000128386938414695,0.00806091207175354,-0.0291487279260344,0.000211036462372827
5.54014084744216,0.00386528132501269,6.74618855861495e-05,0.999999997724447,-3.48212973620194e-05,0.00794718925314574,-0.0308016194775225,0.000892837750238434
5.54296336847432,0.00385908997438755,6.73538261328409e-05,0.999999997731731,-3.82847292625682e-05,0.0078610585221997,-0.0305155320242768,0.0014193897757978
5.54578588950648,0.00383814736828773,6.69883087032753e-05,0.999999997756283,-0.000129500338961358,0.00778069840553646,-0.0284710426415384,0.00114198032732322
5.54939803622764,0.00381791705536374,6.6635223134831e-05,0.999999997779873,-9.77495092223637e-05,0.00767628166136769,-0.0289071159698889,0.00113564507497916
5.55250998987331,0.003789042743092,6.61312713175505e-05,0.999999997813327,-0.000161940657146727,0.00759107710981767,-0.0273797624422897,0.000504193006834377
5.55562194351899,0.00376734925190665,6.57526484709371e-05,0.999999997838295,-0.000121667251683745,0.00750394764876261,-0.0279983158412809,0.000250300668486079
5.55920456768732,0.00374211088457772,6.53121558641652e-05,0.999999997867161,-0.000122952502696678,0.00740450907613322,-0.0277557923905156,-6.29487860696661e-05
5.56343356502924,0.00374437756020053,6.53517168167735e-05,0.999999997864577,9.35468847439362e-06,0.00727679015675626,-0.0302007565980258,0.001209763624671
5.56565154177504,0.00372827046839332,6.50705950324145e-05,0.999999997882909,-0.00012674694876228,0.00721641478364839,-0.0272209225015589,0.00107934147283177
5.56786951852085,0.00371146827710846,6.47773414735619e-05,0.999999997901948,-0.00013221669705289,0.00715659960662294,-0.0269683517370232,0.000838903853920983
5.57132595143999,0.00369554436626428,6.44994168001175e-05,0.999999997919913,-8.04079467263346e-05,0.00706035860887949,-0.0278440230130389,0.000994478489002994
5.57606427556356,0.00369859833293446,6.45527185736473e-05,0.999999997916473,1.12490771527339e-05,0.00692080095125345,-0.0294529572030724,0.00257295043421811
5.5786462327737,0.0036503606283528,6.37108118068244e-05,0.999999997970466,-0.000326073091083071,0.00686309492121811,-0.0223497236161533,0.000710749293038259
5.58122818998384,0.00363438399340597,6.34319669241764e-05,0.999999997988193,-0.000107997484279175,0.00679433229324325,-0.0266319781384597,0.000591220874085311
5.58476227000108,0.00361053886687018,6.30157909564041e-05,0.999999998014505,-0.00011776076562328,0.00670158835506966,-0.0262427386253765,0.00033020693779561
5.58921267033253,0.0035640784244777,6.22049032663115e-05,0.999999998065275,-0.000182205561587998,0.00659174128983706,-0.0246825132688637,-0.000923360650425122
5.59164790843069,0.00358144806191746,6.25080606289236e-05,0.999999998046371,0.000124487771208223,0.00651693138940813,-0.0307197478905231,0.000741608461703257
5.59408314652885,0.00356930020262151,6.2296040487553e-05,0.999999998059602,-8.70634136117524e-05,0.00645298238883803,-0.026259855501757,0.000797430804230734
5.59778352503718,0.00355443193807877,6.20365403177261e-05,0.999999998075734,-7.01280071064165e-05,0.00635522676672068,-0.0264177358876564,0.00106054353523543
5.60255828368451,0.00357252904596402,6.23523944348014e-05,0.999999998056089,6.61508027976314e-05,0.0062170577878288,-0.0289373744511586,0.00344672818530884
5.60500899428034,0.00351105652961914,6.12794966271472e-05,0.999999998122412,-0.000437790496981952,0.00617184010093251,-0.0184508472658365,0.000808780173554825
5.60745970487616,0.00349480317272935,6.09958220354489e-05,0.999999998139755,-0.000115751975248328,0.00611090165298813,-0.0248656238922091,0.000621533503276166
5.61096213291121,0.00347165247556612,6.05917661465651e-05,0.999999998164319,-0.000115364508731305,0.0060244075872786,-0.0246954583631449,0.00037078914610374
5.61543814045391,0.00341681928498126,5.96347464332148e-05,0.999999998221848,-0.000213811014827347,0.00592391162635336,-0.0224521428899639,-0.00133711129973759
5.61823748545963,0.00344038816245163,6.00461009453355e-05,0.999999998197233,0.000146946700751689,0.00584108504674948,-0.0295878426683602,0.000727123788105593
5.62103683046536,0.00343208435109529,5.99011720969635e-05,0.999999998205925,-5.17724140240395e-05,0.00577005495136115,-0.0253738268212923,0.00108245395391346
5.62425448456789,0.00341746536387499,5.96460226371181e-05,0.999999998221176,-7.92967336359735e-05,0.00569078263949369,-0.0246366791896831,0.00120792091661548
5.62811062910982,0.00340054925083607,5.9350780768472e-05,0.999999998238742,-7.65640047872641e-05,0.00559636065763845,-0.0244861106290309,0.00140217957415079
5.63069906280673,0.00337167820036007,5.88468858800362e-05,0.999999998268522,-0.000194671739097874,0.00553969313910328,-0.0218925903348285,0.000558853864733958
5.63328749650363,0.00335863353541193,5.86192135272644e-05,0.999999998281894,-8.79575758254179e-05,0.00547778413851598,-0.0239175531756359,0.000573937211707044
5.63720793982911,0.00333216533374676,5.81572562619128e-05,0.999999998308867,-0.000117832915256568,0.00538713673850015,-0.0231217218284387,0.000239654435741697
5.64223554150583,0.0032738063997141,5.71387007167811e-05,0.999999998367584,-0.000202592729559124,0.00528085778411238,-0.0211390959788501,-0.00162037998480546
5.64422677707444,0.00329761355303062,5.75542139269984e-05,0.999999998343756,0.00020867104698824,0.00522247587760907,-0.029319437350296,0.00031079000737045
5.64621801264304,0.00329266958702834,5.74679254422945e-05,0.999999998348719,-4.33341419805567e-05,0.00517454270479468,-0.0240720754340664,0.000609937884346743
5.64968064292125,0.00327925938087796,5.72338731919843e-05,0.999999998362142,-6.75937746423549e-05,0.00509343341837623,-0.0234241833235396,0.000841258286197842
5.65431412001529,0.00331163506516119,5.77989354793781e-05,0.999999998329641,0.000121952105699366,0.00496805317237939,-0.0270596451546063,0.00385002702966208
5.65823853368214,0.00335370702081032,5.85332296269663e-05,0.999999998286931,0.000187109262979705,0.0048575854077836,-0.0281488583961305,0.00732517421224922
5.66038908984407,0.00323451271756807,5.64528965892071e-05,0.999999998406535,-0.00096734653017682,0.00484799968345621,-0.0044573234110578,0.00139580348908508
5.66253964600601,0.0032113611711048,5.60488258771338e-05,0.999999998429265,-0.000187891262671819,0.00480451299139057,-0.0202211375993644,0.000717875288924504
5.66581060656315,0.00319009705407998,5.56776970231003e-05,0.999999998449997,-0.000113461733374475,0.0047338967064125,-0.0215888524928685,0.000464070644353862
5.67016580468155,0.00313234665126027,5.46697623510777e-05,0.999999998505609,-0.000231432565443628,0.00465124937111298,-0.0189767108298316,-0.0014602850320645
5.67416327953562,0.00306409233683959,5.3478499837487e-05,0.999999998570025,-0.000298003754574718,0.00458171882512567,-0.0173936168520049,-0.00415486311491736
5.67639063286546,0.00313274625206932,5.46767367008787e-05,0.999999998505227,0.000537964430291409,0.00450541107435251,-0.0342593829864973,0.000215694433303253
5.6786179861953,0.00312890710646148,5.46097309696585e-05,0.999999998508889,-3.00831172237535e-05,0.00445515088445935,-0.0225649829418026,0.000623499680912342
5.68197924681623,0.00311636278903548,5.43907913284846e-05,0.999999998520821,-6.5136169488273e-05,0.00438220748595365,-0.0217012028319155,0.000849778188168131
5.68641685155493,0.00313076587292245,5.46421725643797e-05,0.999999998507117,5.66479556135523e-05,0.00427581528806952,-0.0239751406780788,0.00281614762759539
5.6905532203,0.00314100388318529,5.48208595520516e-05,0.999999998497337,4.31989986754613e-05,0.00417871764212914,-0.0234741271691726,0.00462413734349107
5.69245552985987,0.00307387572274193,5.3649252133231e-05,0.999999998560879,-0.000615886838431098,0.00415991136882061,-0.00988602155258213,0.0013833799693817
5.69435783941973,0.00305321806253166,5.32887079473191e-05,0.999999998580157,-0.000189529713793033,0.0041247686043196,-0.018473735948355,0.000756274098840583
5.69765479358557,0.00303180319542714,5.2914948007995e-05,0.999999998600004,-0.000113365221671519,0.0040591921636015,-0.0198900067818899,0.00047797847273625
5.70209602480767,0.00296291694828471,5.17126561876625e-05,0.999999998662901,-0.000270711377510929,0.00398598733491202,-0.0164830032548857,-0.00204460483311405
5.70591384761075,0.00288070647469916,5.02778127458365e-05,0.999999998736071,-0.000375827668725764,0.00393204823887049,-0.0141282345524081,-0.00554925141311151
5.70897084892668,0.00298658297085423,5.21257062017951e-05,0.999999998641455,0.000604479117738971,0.00382833271240964,-0.033927210276403,0.000915100481914843
5.71148191163471,0.00298378851728105,5.20769337862152e-05,0.999999998643996,-1.94230177885085e-05,0.00377541951847065,-0.0210720320802174,0.00149658350789897
5.7138522930192,0.00295970398492178,5.16565793983082e-05,0.999999998665799,-0.000177336183630091,0.00373339149173096,-0.0177304913946697,0.000836265698191755
5.71708832869674,0.00294399501902769,5.13824062217368e-05,0.999999998679924,-8.47250167350529e-05,0.00367036677967312,-0.0194759014850003,0.000835402595551975
5.72177145884039,0.00292295464009789,5.10151823340258e-05,0.999999998698726,-7.84141966864691e-05,0.0035794888154336,-0.0194053894408201,0.000961855205320468
5.72417280085594,0.0029008634402312,5.06296181611338e-05,0.999999998718321,-0.000160561956978124,0.00353733427206551,-0.0175545770220089,0.000354430902949791
5.72657414287148,0.0028920654017311,5.04760634217861e-05,0.999999998726083,-6.39453849346913e-05,0.0034907390946415,-0.0194038071721345,0.000490744847834103
5.73034503420626,0.00286986937334569,5.00886696460843e-05,0.999999998745563,-0.000102732680896521,0.0034211257969668,-0.0184607010635983,0.000262201469528336
5.73544327819475,0.00281252575891699,4.90878347705399e-05,0.999999998795192,-0.000196309725277019,0.0033378413744845,-0.0163359036308152,-0.00160778278345976
5.73745343433229,0.0028362120581006,4.95012386784041e-05,0.999999998774814,0.000205657610693017,0.00328888895469156,-0.0243525459931898,0.000252552256864358
5.73946359046983,0.00283154401266853,4.94197659160815e-05,0.999999998778843,-4.05305642187178e-05,0.00325021660559045,-0.0192384802249371,0.000523342873264729
5.74312601325856,0.00281872990619032,4.91961175676074e-05,0.999999998789871,-6.10656829228865e-05,0.00318179262768579,-0.0186827086471958,0.000758825649831775
5.74693096454921,0.00281572589853229,4.9143687743283e-05,0.999999998792449,-1.37793680872015e-05,0.00310772411169059,-0.0194663506408624,0.00155898022546478
5.75073591583986,0.00281163237235384,4.90722422335387e-05,0.999999998795957,-1.87769840854486e-05,0.00303473637936767,-0.0191823039896124,0.00233075931376853
5.75345546743212,0.00276342052417839,4.82307867454014e-05,0.999999998836896,-0.0003094096436806,0.00299909660635533,-0.0131050181631894,0.000404573077078328
5.75617501902439,0.0027480801053584,4.79630459286673e-05,0.999999998849773,-9.8450354023591e-05,0.00295211674008121,-0.0172748575198077,0.00024657898662815
5.75948034911362,0.00273023987918726,4.76516752430362e-05,0.999999998864659,-9.42025993111e-05,0.00289520077065246,-0.0172194509753027,0.00010536746743996
5.7636085605426,0.00270547344777371,4.72194194713867e-05,0.999999998885163,-0.00010470776014552,0.00282571762837263,-0.0168312944904023,-0.000233545779363068
5.76606118726131,0.00271027067641582,4.7303146906069e-05,0.999999998881206,3.41378629438877e-05,0.00277787400707593,-0.0195070945495867,0.000655511758231817
5.76851381398002,0.00269816744761992,4.70919057136938e-05,0.999999998891176,-8.61285539291941e-05,0.00273631954431341,-0.0169428402803981,0.000616366541310708
5.77242914754412,0.00268556526435582,4.68719561230382e-05,0.99999999890151,-5.61764629493374e-05,0.00266816795077962,-0.0174063313937205,0.000902883012738534
5.77754502298937,0.00271297631474929,4.73503692033035e-05,0.999999998878971,9.35153886987708e-05,0.00256457384976534,-0.0202495354163983,0.00372437893958368
5.77946929096684,0.00265683699143378,4.6370553172682e-05,0.999999998924886,-0.000509188971166784,0.00254954808460513,-0.00780856166403524,0.00109381568247192
5.78139355894431,0.00263967243604554,4.60709751668362e-05,0.999999998938733,-0.000155684140500894,0.00252082953716286,-0.0149244012676617,0.000627250420874173
5.78506174382554,0.00261843309451124,4.57002787264974e-05,0.999999998955742,-0.000101057185701148,0.00246246377992757,-0.0159113455632725,0.000379990401050995
5.78865435744469,0.00258962631527898,4.51975055825187e-05,0.999999998978593,-0.00013994634486099,0.00240873250686681,-0.0149560400189797,-0.00030089635409429
5.79224697106384,0.00256349137454494,4.47413648173572e-05,0.999999998999105,-0.000126966274132892,0.00235462641450793,-0.0150603705531959,-0.000860126532122434
5.79605302425276,0.00257757561599831,4.4987181203117e-05,0.999999998988077,6.45856412945812e-05,0.00228307373316863,-0.0187997060965243,0.000739898945485176
5.79838293230872,0.00256931948692271,4.48430845674234e-05,0.999999998994549,-6.18464902380407e-05,0.00224559011684148,-0.0160880238304523,0.000922528991279804
5.80071284036469,0.00255342187779644,4.45656189452522e-05,0.999999999006953,-0.00011908865748495,0.00221106177718208,-0.0148196146929354,0.000635717704091252
5.8042068028707,0.00254053915999492,4.43407731032326e-05,0.999999999016948,-6.43526774701513e-05,0.00215582953455903,-0.0158079093659712,0.000776128519553109
5.80904541162714,0.00253936869149691,4.43203445741714e-05,0.999999999017854,-4.22198406804931e-06,0.00207428716918494,-0.0168524403353657,0.00191059654187076
5.81117819444795,0.00250703749002706,4.37560586579442e-05,0.999999999042704,-0.000264577298386048,0.00204997934065892,-0.0113972357095292,0.00063143186950105
5.81331097726876,0.00249552870038138,4.35551923858991e-05,0.999999999051473,-9.41803686134728e-05,0.00201846149096482,-0.0147778054973787,0.000507313326062552
5.81728094301498,0.00247319657724742,4.3165423308617e-05,0.999999999068373,-9.81794560870141e-05,0.0019606345433781,-0.0145661074385086,0.000240407351712826
5.82115136098,0.00244109881408906,4.26052116594935e-05,0.999999999092398,-0.000144741899893601,0.00190857333124791,-0.0134510568627898,-0.000586945365785635
5.82502177894501,0.00241981132181308,4.22336748301191e-05,0.999999999108158,-9.59939812875517e-05,0.00185329837669322,-0.0142813915846596,-0.000880818052669746
5.82721585641211,0.00243347992379999,4.24722369387213e-05,0.999999999098055,0.000108730029998541,0.00181309015777968,-0.0183257972959428,0.000404245884601433
5.8294099338792,0.0024255743113075,4.23342579714646e-05,0.999999999103905,-6.28870080706399e-05,0.00178075497725281,-0.0147374835263674,0.000493658906169276
5.83334105501699,0.0024136790437005,4.21266463865019e-05,0.999999999112673,-5.28123092295825e-05,0.0017225123301931,-0.0148157853747707,0.000757752719279498
5.8373712369438,0.00241471323749251,4.214469647326e-05,0.999999999111912,4.47872753685417e-06,0.0016587585703851,-0.015819077392992,0.00174610055981051
5.84140141887061,0.00239624309736888,4.1822331715082e-05,0.999999999125446,-7.9987644309008e-05,0.00160260647013568,-0.0139328946606414,0.00175628976916231
5.84362302104454,0.00236345058827332,4.12499944618681e-05,0.999999999149219,-0.000257623646764441,0.00157997628258321,-0.0101864266330059,0.000425461479579109
5.84584462321846,0.00235431387670515,4.10905287623335e-05,0.999999999155784,-7.17795929176904e-05,0.00154913328650658,-0.0138832219551138,0.000425899010748276
5.84935486046211,0.00233578496174532,4.07671381897334e-05,0.99999999916902,-9.21278393521711e-05,0.00150226065190579,-0.0133531244036516,0.000223393896546585
5.85407047236644,0.0022755078840922,3.9715104722058e-05,0.999999999211355,-0.000223095854763052,0.0014526531665425,-0.010519840557222,-0.00197918379931671
5.85699120811873,0.00230659589668741,4.02576928993121e-05,0.999999999189659,0.000185771060344716,0.00139803745056307,-0.0186993006596983,0.000342362306564626
5.85991194387101,0.0023086919387001,4.02942757336641e-05,0.999999999188186,1.25252119617657e-05,0.00135406951764751,-0.0150537181876955,0.00112157888718637
5.86292425433478,0.00229517504771161,4.00583614814722e-05,0.999999999197664,-7.83167124437726e-05,0.00131465012384746,-0.0130860992829844,0.00107708417938632
5.86636801718312,0.00227835324597056,3.97647656552069e-05,0.999999999209382,-8.52543683837027e-05,0.00127050592038318,-0.0128185956490797,0.000949255577311666
5.86951374115983,0.00225024539070093,3.92741910354609e-05,0.999999999228769,-0.000155949671287588,0.00123511624591083,-0.0112500889252812,0.000134848394608576
5.87265946513654,0.00222982845048583,3.8917848205797e-05,0.999999999242701,-0.000113278479795046,0.00119737350510049,-0.0119981095257573,-0.000278376227222523
5.876031309072,0.00221432919694305,3.86473352000774e-05,0.999999999253192,-8.0227024471081e-05,0.00115506874897493,-0.012546475143949,-0.000385096155131111
5.87994664571176,0.00221606358315221,3.86776059499059e-05,0.999999999252021,7.7313275041766e-06,0.00109947170588284,-0.0141998117166875,0.000511753878997348
5.88239536859655,0.0022119375159107,3.86055924914366e-05,0.999999999254804,-2.94085782308368e-05,0.00106684938583706,-0.0133221771431981,0.000870177219206134
5.88484409148134,0.00219661728194199,3.83382039667045e-05,0.999999999265091,-0.000109195093732657,0.0010384340994619,-0.0116041249712886,0.000587766239283139
5.88845284959558,0.00218479166294121,3.81318079792054e-05,0.999999999272983,-5.71930789254241e-05,0.000993143757596701,-0.0125501184705588,0.000735409705967545
5.89351380613485,0.00216935374457234,3.78623654742091e-05,0.999999999283221,-5.32394426033316e-05,0.00093003851480793,-0.0124690347168603,0.00109075270686985
5.89562754394956,0.00214980224273454,3.75211273936721e-05,0.999999999296083,-0.000161438224932443,0.000908622462450846,-0.0101318395347061,0.000408550764696121
5.89774128176427,0.00214162023607886,3.73783244382106e-05,0.99999999930143,-6.75594459103531e-05,0.000883327828288215,-0.0119667794116169,0.000407238380228241
5.90126105471041,0.00212378946471207,3.70671187699053e-05,0.999999999313014,-8.84164044906051e-05,0.000843066652335321,-0.0114385719104578,0.000198079578600985
5.90599453576021,0.00205798799993412,3.59186665576598e-05,0.999999999354925,-0.000242623177515085,0.00080450678370412,-0.00814619689516172,-0.00235364229305603
5.90926128729394,0.00208546630414074,3.63982534386165e-05,0.999999999337584,0.000146808496550673,0.000752444680654017,-0.0159369644470004,-0.000225941120830539
5.91184042627814,0.00209502237571977,3.65650383511158e-05,0.999999999331499,6.46668960579411e-05,0.000715928902107733,-0.0141581274874993,0.000867515548007231
5.91441956526234,0.00208066858619897,3.63145174640058e-05,0.999999999340628,-9.71335351878941e-05,0.000688153772843501,-0.0107691479344017,0.000647894770176906
5.91785829387555,0.00206899929371391,3.61108498888968e-05,0.999999999348003,-5.92275803503852e-05,0.000648832988757886,-0.0114346866264679,0.000742262432171521
5.92259588704323,0.0020488508530233,3.575919325993e-05,0.99999999936064,-7.42268524856523e-05,0.000596791716895159,-0.0109847490109185,0.000713754346098437
5.92485014927673,0.00203211275148412,3.54670582777234e-05,0.999999999371044,-0.000129592279926653,0.000574848056312527,-0.00973429810273557,0.000218129587427323
5.92710441151023,0.00202591770959602,3.53589343995449e-05,0.999999999374873,-4.79641971725536e-05,0.000549332239619955,-0.0113189212476628,0.000339241435626654
5.93073410474994,0.00200825225913438,3.50506141253325e-05,0.999999999385727,-8.49438930625343e-05,0.000511353342082079,-0.0104633904381784,0.000133972132343451
5.93563875333424,0.00194736404983215,3.39879143979983e-05,0.999999999422411,-0.000216671940853753,0.000473919329685497,-0.00763235362393885,-0.00218140252525005
5.93811055481009,0.00198384665014441,3.46246558927616e-05,0.999999999400567,0.000257602198784911,0.000431477994564914,-0.0171702038109811,0.000311253858246941
5.94058235628594,0.00197758830932462,3.45154272398096e-05,0.999999999404343,-4.41898971598517e-05,0.000404444452363701,-0.0109367772717045,0.000486534243345448
5.9441014317314,0.00196902264382742,3.43659281743477e-05,0.999999999409491,-4.24824837850971e-05,0.000366190838191889,-0.0108703592078658,0.000737739766581868
5.94857856764843,0.00198308462528263,3.46113560499494e-05,0.999999999401027,5.48180533930795e-05,0.000309247238913782,-0.0127187559934328,0.00242295980524175
5.95132142573319,0.00193445504164079,3.37626097020215e-05,0.999999999430043,-0.000309438666601311,0.000295049762329046,-0.00517616156068534,0.000346679293043786
5.95406428381795,0.00191940187274245,3.34998823420352e-05,0.999999999438879,-9.57859838228089e-05,0.0002691604630317,-0.00943880379419446,7.15391146514687e-05
5.9573468116925,0.00190422159509207,3.32349365158165e-05,0.999999999447719,-8.07139608531089e-05,0.000237495032887167,-0.0096466599385131,-9.84583267215622e-05
5.96134403944705,0.00188309230134284,3.28661607714728e-05,0.999999999459908,-9.22578765058589e-05,0.000200351480857717,-0.00929232816097777,-0.000470743360465344
5.96387560331444,0.00189113093695912,3.30064614302689e-05,0.999999999455287,5.54205488075568e-05,0.000169478404246248,-0.012195258831567,0.000477822040943611
5.96640716718183,0.00188153676899563,3.28390116104074e-05,0.9999999994608,-6.61448135317347e-05,0.000145083372830588,-0.00963634839709079,0.000464819757467986
5.97031194374741,0.00187313903488422,3.2692443500535e-05,0.999999999465602,-3.75355945442122e-05,0.000105583182670963,-0.0101158643769464,0.000777792119988407
5.97533291087965,0.00189728757461858,3.31139150282201e-05,0.999999999451734,8.39422997228245e-05,4.30788907043483e-05,-0.0124486558705442,0.00315045291826458
5.97722406052906,0.00185022578257852,3.22925318056715e-05,0.999999999478596,-0.000434330103512757,3.9714707465894e-05,-0.00177890905645559,0.000900814636591564
5.97911521017848,0.00183555356572815,3.20364533131984e-05,0.999999999486833,-0.000135408899388282,2.49446335778158e-05,-0.00781010317859277,0.000463991779826561
5.98275082427388,0.00181782965123818,3.17271126491637e-05,0.999999999496695,-8.50862209450534e-05,-6.86273155672857e-06,-0.0087488287535294,0.000213850439838546
5.9863660925557,0.0017919999257895,3.12762988954218e-05,0.999999999510897,-0.000124697178417273,-3.51656548362918e-05,-0.00782872004874839,-0.000484078533841741
5.98998136083753,0.00176829263762811,3.0862528660486e-05,0.999999999523752,-0.000114450769038384,-6.38190873141752e-05,-0.00792567252115044,-0.0010911501605203
5.99378828508842,0.00178912554714392,3.12261315241319e-05,0.999999999512464,9.55109268948846e-05,-0.000109844967670254,-0.0120900436475271,0.00067533999315004
5.99609569185487,0.00178126424810244,3.10889259724408e-05,0.999999999516739,-5.94630967339468e-05,-0.000130239241702773,-0.00883861238906913,0.000762242485202236
5.99840309862131,0.00176753984108724,3.08493898822565e-05,0.999999999524158,-0.000103811817570549,-0.000148387110325785,-0.00786504958160227,0.000470889520777365
6,0.00176005421511659,3.07187410625578e-05,0.99999999952818,-8.18139563934683e-05,-0.000161568420125439,-0.00825430422665757,0.00036951430359709
6.00531937062717,0.00175639682116571,3.06549074961025e-05,0.999999999530138,-1.20002103555882e-05,-0.000212490632790429,-0.00957297699937191,0.00116427887842823
6.00955200097542,0.00177628235457792,3.1001975527496e-05,0.999999999519439,8.19981909598062e-05,-0.000260513336800981,-0.0113458299117371,0.00307564800682041
6.01199317153186,0.00171862409217553,2.99956490080634e-05,0.999999999550131,-0.000412231139379655,-0.000263385576839975,-0.00117658310740266,0.000387084854891528
6.0144343420883,0.00170774569458295,2.98057851528168e-05,0.999999999555808,-7.77757436204959e-05,-0.000282719115559333,-0.00791978203586242,0.000239010503678215
6.01786770346249,0.00169205045075438,2.95318514712256e-05,0.999999999563935,-7.97858576062084e-05,-0.000309474964644336,-0.00779290210641229,2.29746511254195e-05
6.02231369000623,0.00165085363612476,2.88128314149109e-05,0.99999999958491,-0.000161723399193198,-0.000336190510171548,-0.0060089128170745,-0.00140751817833544
6.02510688821815,0.00167508100408755,2.92356787547756e-05,0.999999999572638,0.000151384652273321,-0.000370503711363249,-0.0122845564790927,0.000409344217118981
6.02790008643008,0.00167059050841653,2.91573048203031e-05,0.999999999574926,-2.80588517389571e-05,-0.000394380280042528,-0.00854811111411215,0.00068454624194916
6.03119070745414,0.0016624744150321,2.90156522684054e-05,0.999999999579046,-4.30473612493485e-05,-0.000421218940922736,-0.00815610812790039,0.000846632714425708
6.03516102545877,0.00165347401562924,2.88585656648967e-05,0.999999999583592,-3.95652447464859e-05,-0.000453475292671665,-0.00812437485141951,0.00110176498560935
6.03752938250888,0.00163093951501809,2.84652644341012e-05,0.999999999594864,-0.000166065007359349,-0.000466401313713794,-0.00545780081660176,0.000290293997870433
6.039897739559,0.00162310775449839,2.83285744268597e-05,0.999999999598746,-5.77151182883841e-05,-0.000484399440966706,-0.00759941464570488,0.000285105812695872
6.04404275833146,0.00160333814688037,2.79835296822347e-05,0.999999999608461,-8.32432284878265e-05,-0.000513368245585479,-0.00698882350335294,-4.39566990684103e-05
6.04937829267592,0.00148252203802119,2.58748907939592e-05,0.999999999665245,-0.000395206694007667,-0.000516044867063714,-0.000501659497518254,-0.00570153141673598
6.05,0.00152567536894416,2.6628058501508e-05,0.999999999645473,0.00121145059522029,-0.000536659288411992,-0.0331577585623805,-0.00322012195022749
6.05278715539681,0.00158338092114321,2.76352103836922e-05,0.999999999618148,0.000361354764685419,-0.000580668052796101,-0.0157898495485844,0.000382011858348043
6.05555171202057,0.00158415194321211,2.7648667257395e-05,0.999999999617776,4.86764264195339e-06,-0.000604030531368058,-0.00845071443687036,0.000927115220800587
6.0584460565678,0.00157114123998994,2.74215876482543e-05,0.999999999624028,-7.84563155910125e-05,-0.000623355312578413,-0.00667673834092602,0.000739278104902357
6.06201485572986,0.0015591710399147,2.72126682448967e-05,0.999999999629735,-5.85405325288094e-05,-0.000648323116633294,-0.00699613593286475,0.000722316825148752
6.0651581049905,0.00153596510184541,2.68076482197215e-05,0.999999999640675,-0.000128853931628928,-0.000665530053583543,-0.00547425149055902,1.54408374325931e-05
6.06830135425114,0.00151972065478719,2.65241291334905e-05,0.999999999648235,-9.01993646772333e-05,-0.00068495211643589,-0.00617897635277003,-0.000327886959400206
6.07177329487804,0.00150493147779432,2.62660093013947e-05,0.999999999655048,-7.43445409710167e-05,-0.000707225884359968,-0.00641536544475462,-0.000545088657407192
6.07581995751278,0.00151337574439008,2.64133895563557e-05,0.999999999651166,3.64201981522056e-05,-0.00074192457222113,-0.00857464310548836,0.000525739692151069
6.07815788537257,0.00150783622616967,2.6316706724469e-05,0.999999999653715,-4.13540698081046e-05,-0.000758072994976415,-0.00690715185570358,0.000684942260024343
6.08049581323237,0.00149527631507688,2.60974949222172e-05,0.99999999965946,-9.37632876090236e-05,-0.000771584620590243,-0.00577931673863226,0.000413365740954341
6.08404879070892,0.00148706786837298,2.59542305008083e-05,0.999999999663189,-4.03223556588379e-05,-0.000795720259761984,-0.00679307407125945,0.000568274318476734
6.08896412906951,0.00149336786779033,2.60641862334775e-05,0.999999999660329,2.23699213848865e-05,-0.000834861904465659,-0.00796316384189143,0.0017843137501007
6.0911071893168,0.00146217101432875,2.55196984244919e-05,0.999999999674372,-0.000254070229642398,-0.000839665997483905,-0.00224169760244433,0.000410280346713675
6.09325024956409,0.0014535214754993,2.53687354931878e-05,0.999999999678214,-7.04426912606795e-05,-0.000852373756598069,-0.00592972555495231,0.00029010297234605
6.09709239602524,0.00143701539397826,2.50806500241348e-05,0.99999999968548,-7.49803455067169e-05,-0.00087451557900705,-0.00576287828505412,3.53280413338862e-05
6.10107158170449,0.00140757801477949,2.45668708341163e-05,0.999999999698234,-0.000129116666471637,-0.000892673741759733,-0.00456328611337714,-0.000904170147904142
6.10505076738375,0.00138967704966615,2.42544400536969e-05,0.999999999705861,-7.85162607870883e-05,-0.000914547582600456,-0.0054970646267583,-0.0012880914681392
6.107282191868,0.00141047475357467,2.46174284636472e-05,0.999999999696991,0.000162671160337303,-0.000937611496551197,-0.0103359598827974,0.000247706164659885
6.10951361635225,0.00140471504725632,2.45169026244744e-05,0.999999999699461,-4.50500744759704e-05,-0.000951110613682498,-0.00604955140832976,0.000307484511111806
6.11316742574623,0.00139808556633003,2.44011963546472e-05,0.999999999702291,-3.16672977119391e-05,-0.000973952857294507,-0.00625162430466205,0.000536237561617677
6.11800804904109,0.00144001709877903,2.51330396560646e-05,0.999999999684165,0.000151187823770393,-0.00102176058238177,-0.00987635727366942,0.0035876568132212
6.12092259274506,0.00137543233426052,2.40058228689316e-05,0.99999999971186,-0.000386755836235718,-0.00101833104542351,0.00117669772925218,0.000585958305887951
6.12383713644903,0.00134708423201179,2.3511055148139e-05,0.999999999723615,-0.000169758209581456,-0.00102758956222278,-0.00317666082230095,-0.000494987777958428
6.12672547587122,0.00134188526403967,2.34203160393446e-05,0.999999999725744,-3.14156667744895e-05,-0.00104471158343513,-0.00592798099862003,-0.000335402369172341
6.13000891145569,0.00133582951583797,2.33146232945821e-05,0.999999999728214,-3.2189681226428e-05,-0.00106388930519948,-0.00584074859123186,-0.000157123777504903
6.13354706811849,0.00134050004398436,2.33961393885214e-05,0.99999999972631,2.30391420534004e-05,-0.00108825908715758,-0.00688770574075966,0.000630948848519987
6.13708522478129,0.00136584751588956,2.38385362302006e-05,0.999999999715862,0.00012503596758544,-0.00111969661580647,-0.00888528452665287,0.00254227495588714
6.14012263671082,0.00134140751749864,2.34119777892159e-05,0.99999999972594,-0.000140434834326477,-0.00113002799487184,-0.00340137567939042,0.00172524003867927
6.14321287617097,0.00130829628744853,2.28340778056108e-05,0.999999999739302,-0.000187008156232039,-0.00113739353566526,-0.00238348545100759,0.000429378352545882
6.14697540093285,0.00124336323682054,2.17007822790692e-05,0.999999999764538,-0.000301206131134792,-0.00113731821273709,2.00192511512507e-05,-0.00246062610065111
6.14999617740577,0.00123930831933755,2.16300106181109e-05,0.999999999766071,-2.34283011700226e-05,-0.00115412899513345,-0.00556505340499508,-0.00226686690861829
6.15261168892118,0.00126998003819122,2.21653330992252e-05,0.999999999754349,0.000204672194363829,-0.00118067860431949,-0.0101508286350957,-0.000232132271357502
6.15683237393718,0.00128626109093226,2.24494910751765e-05,0.99999999974801,6.73250846592003e-05,-0.0012113946374445,-0.00727749950744127,0.00121621742966317
6.15921334879374,0.00127032058748801,2.2171276805718e-05,0.999999999754217,-0.000116848890176512,-0.00121961561759026,-0.00345277906782514,0.000772465897922068
6.16159432365031,0.00125637937048022,2.19279566672562e-05,0.999999999759582,-0.000102193493497036,-0.00122842558684684,-0.00370015215922437,0.000387337095816244
6.16523565556388,0.00124890213648592,2.17974543151447e-05,0.999999999762435,-3.58391806185318e-05,-0.00124658740314985,-0.00498768492795428,0.000528491544247342
6.17044500617418,0.00123456067932667,2.1547148668241e-05,0.99999999976786,-4.80492993633051e-05,-0.00127078315291629,-0.00464467677000237,0.000639852169721151
6.1725000206184,0.00122334219436674,2.13513491686497e-05,0.99999999977206,-9.52788921690346e-05,-0.0012781937081408,-0.00360608425179888,0.000237908243652902
6.17455503506261,0.00121790380569761,2.12564313803918e-05,0.999999999774082,-4.61883801092122e-05,-0.00128757096445689,-0.00456310968639259,0.000230447991246664
6.17798242675838,0.00120484475778141,2.10285079971294e-05,0.999999999778901,-6.65005355515521e-05,-0.00130159613773871,-0.00409208358039372,2.66611315285366e-05
6.18260524936419,0.00115102900457839,2.00892459144945e-05,0.999999999798211,-0.000203179347970607,-0.00130725377266612,-0.00122384858988394,-0.0022097354768987
6.18688428068535,0.00111229504690192,1.94132108208438e-05,0.999999999811564,-0.00015798788161231,-0.00131604212533751,-0.00205381826207659,-0.00391261019217335
6.18873687950115,0.00116279933000945,2.02946768472559e-05,0.999999999794063,0.00047579973552188,-0.00134365514431735,-0.0149050181530588,-0.000727472747374317
6.19058947831695,0.00117142412566302,2.04452079286912e-05,0.999999999790997,8.12540093315146e-05,-0.00135630587681289,-0.00682864114326633,3.13809269783293e-05
6.1936147200602,0.00116933435953112,2.04087346291004e-05,0.999999999791742,-1.20563256406944e-05,-0.00137106416424998,-0.0048783828499148,0.000348922620867405
6.19773295110442,0.00118321319368495,2.06509659813719e-05,0.999999999786769,5.88192720907525e-05,-0.00139680847919423,-0.00625130418080545,0.00167149598838576
6.20170586636463,0.0012250302615844,2.13808114995862e-05,0.999999999771431,0.000183705282034428,-0.00143143599327701,-0.00871589546084717,0.00453470366190234
6.20433492226564,0.00114196793467555,1.99311004109684e-05,0.999999999801376,-0.000551418890852217,-0.00141479914462326,0.00632806957331047,0.000413009824137825
6.20696397816666,0.00112646040598011,1.96604429764384e-05,0.999999999806733,-0.000102948527826392,-0.00142205257448229,-0.0027589485093231,-7.48694503222378e-05
6.21002025260545,0.00111722953359678,1.94993338605487e-05,0.999999999809888,-5.27142176356768e-05,-0.00143344470053747,-0.00372745520186322,-0.000154781937350103
6.21382449429395,0.00110155780001314,1.92258105100702e-05,0.999999999815184,-7.18995723528276e-05,-0.00144588671254946,-0.00327056297437664,-0.000487528638872725
6.21704205169971,0.00111148538639282,1.93990795791393e-05,0.999999999811838,5.3851119731744e-05,-0.00146443888416781,-0.00576591783106371,0.000479510317374611
6.22025960910547,0.00111791092345172,1.95112263570049e-05,0.999999999809656,3.4854631555618e-05,-0.00148154948968012,-0.00531788663091873,0.00127034803592571
6.22343138331917,0.0011076049259911,1.93313527686487e-05,0.999999999813149,-5.6710716548828e-05,-0.00149230827887244,-0.00339204132054569,0.00116124036730188
6.22691997787766,0.00108575345175853,1.89499725969455e-05,0.999999999820449,-0.000109322010735109,-0.00150018509905438,-0.00225787779287389,0.000478579421498991
6.2297077261146,0.00106535185662656,1.85938975892966e-05,0.999999999827134,-0.000127728538392532,-0.00150527210862915,-0.00182477366762983,-0.000262027593082368
6.23249547435155,0.00106151154777859,1.85268715556176e-05,0.999999999828378,-2.404307275751e-05,-0.00151610598873473,-0.00388624767545169,-0.000106303195213553
6.23607667200487,0.00105087624245325,1.83412504607671e-05,0.999999999831799,-5.18321279223881e-05,-0.00152778732669719,-0.00326185234474426,-0.000210851707112866
6.2396807916899,0.00105565617526662,1.84246760263703e-05,0.999999999830266,2.31472794767975e-05,-0.00154481532987208,-0.00472459425961578,0.00050630945391795
6.24328491137494,0.00108946952608592,1.90148303291957e-05,0.999999999819218,0.000163744368806345,-0.00157193527562635,-0.00752470731392856,0.00279337349438769
6.24629245372592,0.00106422633849897,1.85742535921826e-05,0.999999999827499,-0.000146490617811968,-0.00157537651197012,-0.0011442021232543,0.00186232578580073
6.24924718086754,0.00103056401490206,1.7986735211643e-05,0.999999999838239,-0.000198840147491707,-0.00157544981865388,-2.48099672983888e-05,0.000443550312989127
6.25316572514078,0.000966607958542918,1.68704914517545e-05,0.999999999857693,-0.000284861847212612,-0.00156844196821172,0.00178838108070565,-0.00245093912190354
6.25630504269733,0.000944894425754462,1.64915188124089e-05,0.999999999864015,-0.000120718160100624,-0.001573135178293,-0.00149497780863033,-0.0032638989889425
6.2588432475314,0.00099146813221959,1.73043833349667e-05,0.999999999850279,0.000320251743186244,-0.00159961194672949,-0.0104312969864045,-0.000449292793996669
6.26248720691901,0.000998496662493279,1.74270543298002e-05,0.999999999848149,3.36642047298602e-05,-0.00161615042984675,-0.0045386024809926,0.000367738351602059
6.26525773852199,0.000999654323194315,1.74472593206511e-05,0.999999999847797,7.29282092732177e-06,-0.00162708439828945,-0.00394652363139494,0.000801810402405285
6.26802827012497,0.000987417172976329,1.72336807583183e-05,0.9999999998515,-7.70893795743422e-05,-0.00163312490976493,-0.00218027163775413,0.00050170818124755
6.27169534929761,0.000979353091083924,1.70929359781661e-05,0.999999999853916,-3.83806221647146e-05,-0.0016438143820509,-0.0029149826831505,0.000536584036786198
6.27485518462957,0.000960554853438738,1.67648448377322e-05,0.99999999985947,-0.000103831720964006,-0.0016486314006296,-0.0015244524073683,-7.96695859254766e-05
6.27801501996154,0.000947526734404102,1.65374612652676e-05,0.999999999863256,-7.19605766148274e-05,-0.00165533549173302,-0.00212165837744792,-0.000395304343884418
6.28156927153806,0.000933966688114103,1.63007938108162e-05,0.999999999867142,-6.65871420150401e-05,-0.00166306991955529,-0.00217610589901843,-0.000699874132795532
6.28570241699992,0.000950361705121213,1.6586940838472e-05,0.999999999862437,6.92322664021892e-05,-0.00168324479394531,-0.00488123986348434,0.000603022566297112
6.28795784931387,0.000942614941971057,1.64517343151481e-05,0.99999999986467,-5.99470542770451e-05,-0.00168820041083578,-0.00219719158044513,0.000539555723082673
6.29021328162782,0.000932474922175127,1.62747575835154e-05,0.999999999867566,-7.84668777519901e-05,-0.00169222378745548,-0.00178386050196149,0.00028049518956379
6.29369656311074,0.000927509396943667,1.6188092819147e-05,0.999999999868973,-2.48802070130533e-05,-0.0017020819681962,-0.00283014186165014,0.000435434770148548
6.29848646919532,0.000943733815244323,1.64712623376765e-05,0.999999999864349,5.91179688217024e-05,-0.00172352363307986,-0.0044764269914759,0.00192189993866076
6.3,0.000917624331144295,1.6015565874194e-05,0.999999999871751,-0.000301081723698507,-0.00171911568185939,0.00291236306975393,0.000665586382187967
6.30307455282637,0.000900210425298363,1.57116358815885e-05,0.999999999876572,-9.88533974881905e-05,-0.00172272088641965,-0.00117259476868913,9.62134092618713e-05
6.30703553660476,0.000858055651448926,1.49758962825688e-05,0.999999999887861,-0.000185746683215756,-0.00172013727573935,0.000652264898029986,-0.00169094188916527
6.31057518029201,0.000820331734349299,1.43174897225016e-05,0.999999999897505,-0.000186009276162167,-0.00171760681947114,0.000714890110921653,-0.00334228687956113
6.31357868059415,0.000868794462060428,1.51633238854663e-05,0.999999999885037,0.000281616140492426,-0.00174392973103325,-0.0087640782134578,-0.000407091915217947
6.31630240863347,0.000882495681179348,1.54024552706008e-05,0.999999999881382,8.77956175175508e-05,-0.00175692603720935,-0.00477151389142596,0.000669835461001334
6.3190261366728,0.00087330603032139,1.52420656060395e-05,0.99999999988384,-5.88860790300723e-05,-0.00176167070830842,-0.00174197681654201,0.000502255484160173
6.3224435981485,0.000866867340602297,1.512968927094e-05,0.999999999885546,-3.28829851957082e-05,-0.0017692790031236,-0.00222630009709426,0.000555064512838573
6.32713482742962,0.000838788555799647,1.46396220262291e-05,0.999999999892841,-0.000104464568964486,-0.00177260050007959,-0.000708022728577337,-0.000330351412228436
6.32933706628205,0.000839433545485782,1.46508792198923e-05,0.999999999892676,5.11170423318276e-06,-0.0017789668986954,-0.0028908756235844,-0.000124616399814177
6.33153930513448,0.000839006612961684,1.46434278416638e-05,0.999999999892785,-3.38354680334749e-06,-0.00178488156505109,-0.0026857515247072,8.90728262542685e-05
6.33506193451487,0.000828356728979183,1.44575523012334e-05,0.99999999989549,-5.27661358543927e-05,-0.00179065285042657,-0.00163834589231095,-8.84861449520322e-05
6.33987070616266,0.000784160665894358,1.36861854840605e-05,0.999999999906344,-0.000160408285888083,-0.0017876987189477,0.000614321430761671,-0.00196389585004581
6.34242681142279,0.000817778278218682,1.42729235057216e-05,0.999999999898142,0.000229543763658891,-0.00180630587212636,-0.00727949410726578,0.000148619026514073
6.34498291668292,0.000815034907023148,1.422504264576e-05,0.999999999898824,-1.87319594045243e-05,-0.00181189030068585,-0.00218474123370112,0.000293891146858902
6.34848673164548,0.000812487758775902,1.41805865223137e-05,0.999999999899456,-1.26879198604448e-05,-0.00181982930176981,-0.00226581630844749,0.000544082271967154
6.35290328724334,0.000826982682626231,1.44335706683019e-05,0.999999999895836,5.72808697657548e-05,-0.00183589212461878,-0.00363695701165133,0.00184062304393092
6.3554680228646,0.000789666613977288,1.37822824065424e-05,0.999999999905024,-0.000253939726349729,-0.0018288334571553,0.00275220081358432,9.06015555637335e-05
6.35803275848587,0.00078324864894104,1.36702677853926e-05,0.999999999906562,-4.36749192515278e-05,-0.00183267419162195,-0.00149751671665529,1.26447419823716e-05
6.36158834083627,0.000771542927367886,1.34659644026381e-05,0.999999999909334,-5.74598933844459e-05,-0.00183685370818887,-0.00117548017596975,-0.000237335699180126
6.36611210350884,0.000739389006045261,1.29047726081799e-05,0.999999999916733,-0.000124054207774628,-0.00183578956722579,0.000235233596475597,-0.00152865471158659
6.36845926967838,0.000764713586833558,1.33467699245849e-05,0.999999999910932,0.000188311045966798,-0.00185007021056028,-0.00608420635907269,0.00011630125052106
6.37080643584792,0.00076134862801274,1.32880403139728e-05,0.999999999911714,-2.50214967221163e-05,-0.00185407576749771,-0.00170655021762634,0.000191239463975251
6.37458890318109,0.000759001291938731,1.32470715708341e-05,0.999999999912258,-1.08312219336216e-05,-0.0018614737958812,-0.00195587370143494,0.000461741810765067
6.37948869595371,0.000811535009012887,1.41639579020031e-05,0.999999999899691,0.000187127573308656,-0.00189054739746674,-0.00593363902000407,0.0038385491324764
6.38207931825173,0.000742134692740606,1.29526938812378e-05,0.999999999916114,-0.000467557166400081,-0.00187123626372516,0.00745424516584691,0.000355805349208371
6.38466994054975,0.00072995008614713,1.2740032378139e-05,0.999999999918846,-8.20889649867607e-05,-0.0018721883330105,-0.000367506018174108,-4.73058804222378e-05
6.38790437475743,0.000720205582990355,1.25699587140959e-05,0.999999999920998,-5.25821992771021e-05,-0.00187520340071236,-0.000932177780802161,-0.000243590726141651
6.3919096700695,0.000700110253946735,1.22192290580401e-05,0.999999999925345,-8.75664910464964e-05,-0.00187590152055404,-0.000174299218231742,-0.000933812003855033
6.39497789437403,0.000717945530367466,1.25305133545613e-05,0.999999999921493,0.000101454217700232,-0.00188811999505898,-0.00398226247243027,0.000331791766575312
6.39804611867856,0.000723086760849347,1.26202447540669e-05,0.999999999920365,2.92453844981935e-05,-0.00189570886678406,-0.00247337579390175,0.000926924290378652
6.40120889031874,0.000716449224137826,1.2504397884238e-05,0.99999999992182,-3.66282751389139e-05,-0.00189916682695231,-0.00109333222933998,0.000898623882873938
6.40479564706346,0.00070249759846769,1.22608960803071e-05,0.999999999924835,-6.78891325172265e-05,-0.00190065812523997,-0.000415779043240734,0.000527046282098364
6.40757119313494,0.000683441006703252,1.19282958098335e-05,0.999999999928858,-0.000119832372417054,-0.00189876940206518,0.000680487055935939,-0.000237797668596272
6.41034673920642,0.000680353291344652,1.18744050104654e-05,0.999999999929499,-1.94162870959993e-05,-0.00190246872957077,-0.00133282871562054,-0.000139368520715704
6.41398282068336,0.000670599142906148,1.1704163004497e-05,0.999999999931506,-4.68201846024719e-05,-0.00190514795325442,-0.000736843687535484,-0.000315243391486892
6.41774548922864,0.000676639327560929,1.18095841141441e-05,0.999999999930267,2.8017644495083e-05,-0.00191349665774721,-0.00221882538744083,0.000352998510234372
6.42059322760469,0.000679416607227958,1.18580567885791e-05,0.999999999929693,1.7021463364071e-05,-0.00191906867725135,-0.0019566472647233,0.000795519732735345
6.42344096598073,0.000668647466330794,1.16700998223254e-05,0.999999999931904,-6.60021889116012e-05,-0.00191973056457679,-0.000232425608690654,0.000499529793000738
6.42710908679334,0.000661308287328588,1.15420069843523e-05,0.999999999933391,-3.49205613788666e-05,-0.00192277102958409,-0.000828889004104382,0.00046696066376681
6.42986025800235,0.000647658424284024,1.13037719317939e-05,0.999999999936112,-8.65940483071075e-05,-0.00192205563917845,0.000260031219902722,-1.25796376267285e-05
6.43261142921135,0.000643144299820242,1.12249855970611e-05,0.999999999937,-2.86373797747885e-05,-0.00192450499872554,-0.000890297026615518,1.92774692796662e-07
6.43674866928256,0.000627828800155393,1.09576797013378e-05,0.999999999939965,-6.46097135141527e-05,-0.00192499857090292,-0.000119299863892621,-0.000440485475882338
6.44063848247302,0.000630614723577476,1.10063032377587e-05,0.999999999939431,1.25002240578149e-05,-0.00193140399785342,-0.00164671839928091,3.9390077681648e-05
6.44331405596118,0.000636435855574252,1.11079011572894e-05,0.999999999938307,3.79723898396303e-05,-0.00193710332886963,-0.00213013435864768,0.000626109382253952
6.44598962944933,0.000626905695757605,1.09415684902577e-05,0.999999999940141,-6.21671083892523e-05,-0.00193726644577296,-6.09652114043489e-05,0.000369626459991121
6.44960937074641,0.000622571436906686,1.086592140268e-05,0.999999999940966,-2.08984790276115e-05,-0.00194040980108703,-0.000868392256818212,0.000474570592449414
6.453302704078,0.000603917936817718,1.05403564091251e-05,0.99999999994445,-8.81493665325569e-05,-0.00193841349624058,0.000540515752902391,-0.000176490037688613
6.45699603740959,0.000547359842315206,9.55323144145201e-06,0.999999999954368,-0.000267272103299977,-0.00192279456208879,0.00422895329218682,-0.00287613487252086
6.45999743125363,0.000563503932795738,9.83499897506392e-06,0.999999999951636,9.38788936964168e-05,-0.00193208548654794,-0.00309553658798057,-0.0017777488854921
6.46286945546913,0.000589262993976462,1.02845794048675e-05,0.999999999947114,0.000156537827013984,-0.00194455627433403,-0.00434215969307377,-0.000141923858764044
6.46671181503584,0.000628697669176375,1.09728443265216e-05,0.999999999939798,0.000179125589301134,-0.00196287805945296,-0.00476836818648842,0.00228774538096819
6.4698983129717,0.000642092758151821,1.12066327327264e-05,0.999999999937206,7.33684474066495e-05,-0.0019710926436821,-0.00257793489732781,0.00332874401515609
6.47251095885895,0.000590189730879274,1.03007540151204e-05,0.999999999946947,-0.000346728472496121,-0.00195538787852373,0.00601105769252018,0.000782371073449035
6.47613514395194,0.000566492561434483,9.8871603849269e-06,0.999999999951122,-0.000114120449039552,-0.00195066872338452,0.00130212862150457,-0.000151723539127558
6.4788956675654,0.000555482468035639,9.69499800417419e-06,0.999999999953003,-6.96108447778901e-05,-0.00194949171421847,0.000426371707275634,-0.000527729197200682
6.48165619117885,0.000557358910330741,9.72774810044584e-06,0.999999999952685,1.18637261835309e-05,-0.00195282354709682,-0.00120695684764507,-0.000198253830490288
6.48533209136137,0.000551250040978011,9.62112821667153e-06,0.999999999953717,-2.90051085408806e-05,-0.00195408511286714,-0.000343199136995347,-0.000221591178765848
6.48840293546702,0.000556889982726411,9.71956376979718e-06,0.999999999952765,3.20548845019592e-05,-0.00195886084379987,-0.00155518507889809,0.000343736125704063
6.49147377957267,0.000555187986583255,9.68985833324427e-06,0.999999999953053,-9.67337824138311e-06,-0.00196093633050942,-0.000675868470733469,0.000517914914702999
6.4951689233841,0.000556322247459929,9.70965492011786e-06,0.999999999952861,5.35746046291819e-06,-0.00196444841020439,-0.000950458188964426,0.000900608349810911
6.49958358596646,0.000520051604754704,9.07661278312515e-06,0.999999999958808,-0.000143395361527824,-0.00195509677872971,0.00211831171697185,-0.000560571078840616
6.50169645760009,0.000526563300534909,9.19026331437321e-06,0.99999999995777,5.37896053142707e-05,-0.00195904812730981,-0.00187013187039122,-0.000145287567775775
6.50380932923373,0.00052713173185055,9.20018431240217e-06,0.999999999957678,4.69550438912834e-06,-0.00196084469921382,-0.000850298652987878,4.31006073456977e-05
6.50714932354062,0.000519018223002588,9.05857686912144e-06,0.999999999958971,-4.23975103772803e-05,-0.00196039727992766,0.000133958098443355,-0.00012005938965954
6.5117101374409,0.000483534054058181,8.43926128873134e-06,0.999999999964389,-0.000135790583425526,-0.0019509459148239,0.00207229790787626,-0.00167377213064583
6.51480276359283,0.000510952525756993,8.91780389572246e-06,0.999999999960236,0.000154736648886387,-0.00196274052027775,-0.0038137831326482,3.86649160354711e-05
6.51789538974477,0.000526767996045977,9.19383592500524e-06,0.999999999957737,8.92548972080611e-05,-0.00197032479697148,-0.00245237423507574,0.00114780210795963
6.52085014134577,0.000517541278529671,9.03279932520097e-06,0.999999999959204,-5.45008926491515e-05,-0.00196883819326231,0.000503123074258935,0.000904830822022793
6.52407324725653,0.000504853981233501,8.81136421421224e-06,0.99999999996118,-6.87023998368578e-05,-0.00196619831595787,0.000819047644582485,0.000489502035181701
6.52723889192277,0.000486931140819379,8.49855163768803e-06,0.999999999963887,-9.88148100990369e-05,-0.00196157700395884,0.00145983282593342,-0.000222872382137014
6.53040453658902,0.000475541176696325,8.29975926206372e-06,0.999999999965557,-6.2796806524462e-05,-0.00195919450699771,0.000752610356600776,-0.000594412045261253
6.53385196414836,0.000467637475991448,8.16181366167609e-06,0.999999999966692,-4.00140678862487e-05,-0.00195810511106779,0.000316002558767624,-0.000764218122608734
6.53788073304929,0.000485559983395408,8.47462042607742e-06,0.99999999996409,7.76432632658523e-05,-0.00196636653417699,-0.00205060734739391,0.000443155034820364
6.54022129772945,0.000482149878497428,8.41510286777141e-06,0.999999999964593,-2.54287176135038e-05,-0.0019661887377223,7.59630597691194e-05,0.000503552780824212
6.54256186240962,0.000473187057395045,8.25867212927303e-06,0.999999999965897,-6.68346146676922e-05,-0.00196399200893852,0.000938546497942666,0.000211961256157589
6.54611317741839,0.00047093638127216,8.21939042053401e-06,0.999999999966221,-1.10611727327302e-05,-0.00196461076117745,-0.000174231865494539,0.00036345446154774
6.55104388004672,0.000483709689843088,8.44232671146217e-06,0.999999999964364,4.52138990608198e-05,-0.00197095701080289,-0.0012870882922401,0.00148546067771705
6.55321250289083,0.000457173939521444,7.97919049887796e-06,0.999999999968166,-0.000213562360027631,-0.00196225295945484,0.00401363075725875,0.000167838251398875
6.55538112573495,0.000452667730314479,7.90054231143522e-06,0.999999999968791,-3.62664202576851e-05,-0.00196134650536029,0.000417986049075156,7.84157775689633e-05
6.55916473041774,0.000442818577181724,7.72864216074078e-06,0.999999999970134,-4.54329046270322e-05,-0.00195897107645102,0.000627821643225073,-0.000169097470823849
6.5641470412082,0.000355529578586792,6.20516173452763e-06,0.999999999980748,-0.000305777879045455,-0.00192924528881502,0.0059662652303745,-0.00451686427612139
6.56734466657223,0.000414748448740827,7.23872599800314e-06,0.9999999999738,0.000323228691867859,-0.00195105268148579,-0.00681987105684161,-0.00115354294984554
6.56977998229941,0.000438834984076991,7.65911534500549e-06,0.999999999970669,0.00017262211315015,-0.00196013581751854,-0.00372975706244773,0.00037323991894791
6.57221529802659,0.000432755028492879,7.5530001016908e-06,0.999999999971476,-4.35735055349639e-05,-0.00195844687284889,0.000693521850491987,0.000235388971410439
6.57561452263948,0.000430684513205052,7.51686279270636e-06,0.999999999971748,-1.06310447531134e-05,-0.00195829838036913,4.36842211599386e-05,0.00037049759702248
6.58021783967535,0.000440896803805405,7.69510088784784e-06,0.999999999970393,3.87194915661027e-05,-0.0019625922424551,-0.000932775659921644,0.00128655721933302
6.58239956464986,0.000417888180335088,7.29352465195044e-06,0.999999999973402,-0.000184063637993162,-0.00195467029667506,0.00363104693423422,0.000170663342801266
6.58458128962437,0.000413415436576636,7.21546054676948e-06,0.999999999973969,-3.57809101032913e-05,-0.00195330634288848,0.000625172192881533,7.78909298846454e-05
6.58871419988756,0.000402618257916664,7.02701422923168e-06,0.999999999975311,-4.55965180810274e-05,-0.00194980371923507,0.000847495694404619,-0.000210948950957781
6.59258467476975,0.000382598563891432,6.67760465325775e-06,0.999999999977705,-9.0275634545386e-05,-0.00194289165137962,0.00178584490684775,-0.00102604439525231
6.59645514965195,0.000378558689981861,6.60709555217188e-06,0.999999999978173,-1.82171705626581e-05,-0.00194155951750104,0.000344178406818146,-0.00102987559160859
6.59881780183805,0.000397553274503755,6.93861359211967e-06,0.999999999975928,0.000140316057482077,-0.00194832788631387,-0.00286473347733352,0.000197018787042614
6.60118045402415,0.000393539422252819,6.86855865465392e-06,0.999999999976411,-2.96509735455275e-05,-0.00194687603045494,0.000614502577850052,0.000151362172722501
6.60484115827395,0.000393057506576022,6.86014763937704e-06,0.999999999976469,-2.29764949668823e-06,-0.00194659306535772,7.72979945701092e-05,0.000373812157211016
6.60970897925327,0.000427070472696477,7.45378588653306e-06,0.999999999972221,0.000121951536363615,-0.00195840324577005,-0.00242617394158533,0.00257814321398177
6.61208954347384,0.000380170730131693,6.63523096046018e-06,0.999999999977987,-0.000343849125774395,-0.00194152786736467,0.00708881460099144,0.000178481251746328
6.61447010769441,0.000374452892890452,6.53543587450953e-06,0.999999999978644,-4.19207703327027e-05,-0.00193926148021827,0.000952037809696055,1.84747629113296e-05
6.61808250767142,0.000365192380932602,6.37380945042811e-06,0.999999999979687,-4.47421174602463e-05,-0.00193554510973107,0.00102878156097143,-0.000242079971310624
6.62273343774208,0.000314893929312345,5.49593586101503e-06,0.999999999984897,-0.00018875226591075,-0.00191699075409166,0.00398938607064508,-0.00267221229422198
6.62555046423029,0.000360403123914327,6.29022114673664e-06,0.999999999980217,0.000281958756532795,-0.00193270592891974,-0.00557863935389223,-4.08660353881169e-05
6.6283674907185,0.000367596109618661,6.41576243032361e-06,0.999999999979419,4.45651768327213e-05,-0.00193474517618374,-0.00072390063513358,0.000541897309061826
6.63144562115624,0.000364758054746315,6.36622902844993e-06,0.999999999979736,-1.60920412167722e-05,-0.00193311328570065,0.000530156377742267,0.000594448916958888
6.63507552199361,0.000361585197313433,6.31085221955088e-06,0.999999999980087,-1.5255736005215e-05,-0.00193117678481613,0.0005334858915659,0.000668961121186848
6.63812239961884,0.000341507229131941,5.96042556767977e-06,0.999999999982237,-0.000115011725110352,-0.00192329697219454,0.00258619268340064,-0.000219323965096744
6.64116927724407,0.000332803461868668,5.808516171611e-06,0.999999999983131,-4.98573998553667e-05,-0.00191940715322949,0.00127665743213378,-0.000505122123014078
6.6445755237113,0.000326120107480185,5.69186963245628e-06,0.999999999983801,-3.42448910491303e-05,-0.00191607758564771,0.000977488744227368,-0.000663244840116694
6.64860818945447,0.000334349267184709,5.83549556397028e-06,0.999999999982974,3.56156301224714e-05,-0.00191778938678976,-0.000424483766090555,-2.63000567069418e-05
6.65102762500361,0.00033922520365895,5.92059670956241e-06,0.999999999982473,3.51739667641779e-05,-0.00191874935589676,-0.000396773994389919,0.000432507849316028
6.65344706055275,0.000331839041466155,5.79168386021401e-06,0.999999999983228,-5.32822002207546e-05,-0.00191531539490441,0.00141932319444181,0.000192812704181862
6.65706373761719,0.000330809048494177,5.7737070915809e-06,0.999999999983332,-4.97052081597453e-06,-0.00191368112388348,0.000451870872576132,0.000359214916456429
6.66206938563128,0.000340090120267021,5.93569235212816e-06,0.999999999982384,3.23604976006778e-05,-0.00191510650935318,-0.000284755433401095,0.00124080630112995
6.66420975710395,0.000317879001544019,5.54803519986681e-06,0.99999999998461,-0.000181116762775668,-0.00190636412432634,0.00408451763559006,0.000103790833811791
6.66635012857663,0.000314646852966519,5.49162356527664e-06,0.999999999984921,-2.63560018955985e-05,-0.00190434617274798,0.000942804370233574,4.568710996953e-05
6.6699684643639,0.000306511296960287,5.34963132648958e-06,0.999999999985691,-3.92424161650647e-05,-0.00189992851392819,0.00122090902544997,-0.000177801555520054
6.6747946814917,0.000242842842679905,4.23840716965427e-06,0.999999999991018,-0.000230247443789408,-0.00187514419592562,0.00513535080297637,-0.0033366782580666
6.67807147429101,0.000285804417231003,4.98822809740392e-06,0.999999999987559,0.000228827690269302,-0.00188889963974776,-0.00419783753950889,-0.000885685375696746
6.68055532878587,0.000306329587435428,5.3464598969986e-06,0.999999999985708,0.000144224148532644,-0.00189500697029636,-0.00245881172236393,0.000408688336309941
6.68303918328072,0.000300171025576167,5.23897271536826e-06,0.999999999986277,-4.32743471304336e-05,-0.00189159312689522,0.00137441360120282,0.000232236352934752
6.68646844378375,0.000298852401283379,5.21595837986264e-06,0.999999999986397,-6.71116571214665e-06,-0.00188938343480973,0.000644364020620737,0.000359425324018808
6.69113620151397,0.00030547069004871,5.33146930966381e-06,0.999999999985788,2.47465563722169e-05,-0.00188927278013712,2.37061730731224e-05,0.0010288973292712
6.69343860362523,0.000284534087501397,4.9660566610366e-06,0.999999999987669,-0.000158709309222677,-0.00188057202814605,0.00377898888664465,-9.98032560334922e-06
6.6957410057365,0.000282587378199591,4.93208017414131e-06,0.999999999987837,-1.47569734797562e-05,-0.00187859867386595,0.000857084985479145,5.27300297726099e-06
6.69954083732116,0.000274019464242473,4.78254186556379e-06,0.999999999988564,-3.93539306276254e-05,-0.00187338118722245,0.0013730836557516,-0.000245518691408565
6.70456019305624,0.000207574858890441,3.6228647319929e-06,0.999999999993437,-0.000231041032911259,-0.00184677851180918,0.00530001793404552,-0.00359487983273042
6.70699628066149,0.00026808978076654,4.67904936530881e-06,0.999999999989053,0.000433557738665527,-0.00186681413268504,-0.00822450753932156,-0.000175189485816522
6.70943236826674,0.000270988865857407,4.72964794543936e-06,0.999999999988815,2.07704271480148e-05,-0.00186633187524907,0.000197963913503816,0.000124761620229013
6.71285647060006,0.00027213223581479,4.74960351576386e-06,0.999999999988721,5.82797135779111e-06,-0.0018645653338085,0.000515913739896084,0.000370890392946571
6.71721022867863,0.000296528758791929,5.17540316774814e-06,0.999999999986608,9.78004850766029e-05,-0.00187040133919848,-0.00134045238267059,0.00193385918202606
6.72028272387119,0.000258988910585764,4.52020921585939e-06,0.999999999989784,-0.000213244907097967,-0.00185499512069211,0.00501423681432585,8.85482359821287e-05
6.72335521906375,0.000235961837507795,4.11831097355524e-06,0.99999999999152,-0.000130805165547876,-0.00184470850653979,0.00334796753375581,-0.00100010886720544
6.72629274741392,0.000238560275289362,4.16366226825141e-06,0.999999999991332,1.54385896203517e-05,-0.00184358880496095,0.000381171326830791,-0.000724409985774493
6.72952887364309,0.000242879381301079,4.23904488889788e-06,0.999999999991015,2.32940915492794e-05,-0.00184283001793991,0.000234473863907675,-0.000335633790259589
6.73268898381388,0.000252764643869309,4.41157526813603e-06,0.999999999990269,5.4596317822799e-05,-0.0018440614083097,-0.000389666911354529,0.000356726719316553
6.73584909398468,0.000256120372495097,4.47014378145888e-06,0.999999999990009,1.85336934973728e-05,-0.00184292842510494,0.000358526489117205,0.000705366044812051
6.73931985115526,0.000256199604029763,4.4715266326102e-06,0.999999999990003,3.98429242774818e-07,-0.00184035348441018,0.000741895951864668,0.000898412462511153
6.74338530243466,0.000227724138714058,3.97453600681813e-06,0.999999999992102,-0.000122247345163369,-0.00182711406639437,0.00325656787056377,-0.000356344649055585
6.74569985839042,0.000226829213291112,3.95891661162804e-06,0.999999999992163,-6.74833336879696e-06,-0.00182499441991476,0.000915789689308981,-0.000357359504603406
6.74801441434618,0.000230222763021492,4.01814522775288e-06,0.999999999991927,2.55896237798331e-05,-0.00182437810158459,0.000266279295875615,-7.1933976366564e-05
6.75154799780019,0.000224162071452717,3.91236620493072e-06,0.999999999992347,-2.99353402005549e-05,-0.00181939814298841,0.00140932247985302,-0.000226192361642761
6.75643960866726,0.000197321367372518,3.44390754518095e-06,0.99999999999407,-9.57677690403831e-05,-0.00180586211264456,0.0027671927942957,-0.00148703230229502
6.75853430309286,0.000219851175089941,3.83712686968859e-06,0.999999999992638,0.000187721569172275,-0.00181213712083064,-0.00299566758253158,-0.000127175978358196
6.76062899751846,0.000220665150469689,3.85133342009526e-06,0.999999999992584,6.78215888348412e-06,-0.00181067264467543,0.000699135939503304,2.47776694677321e-05
6.7645789147755,0.000221980604380235,3.87429242199235e-06,0.999999999992495,5.81252730202616e-06,-0.00180778813968202,0.000730269726097607,0.000280845264338839
6.76837703035642,0.000232758593280099,4.06240381503691e-06,0.999999999991748,4.95275588744806e-05,-0.00180834289979964,-0.000146061936714157,0.00104409783842386
6.77217514593734,0.000235729078264366,4.11424855839297e-06,0.999999999991536,1.36501226073688e-05,-0.00180606797365065,0.000598961801060722,0.00142045513362938
6.77468803085634,0.000206371223262571,3.60185732729239e-06,0.999999999993513,-0.000203905569741733,-0.00179339478484912,0.00504328260546226,-6.75577526283885e-05
6.77720091577534,0.000204161199636182,3.56328513846529e-06,0.999999999993652,-1.53497633479681e-05,-0.00179035375436929,0.0012101749892484,-7.91696008274677e-05
6.78083578625364,0.000196501740455954,3.42960235684902e-06,0.999999999994119,-3.67778666159606e-05,-0.00178432836189234,0.00165766359844881,-0.000325945033784696
6.78554542104061,0.00016420678042543,2.86594897251921e-06,0.999999999995893,-0.000119680911541587,-0.00176849752280235,0.00336137297392616,-0.0019031496379912
6.78774868901394,0.000194834609809858,3.40050543801392e-06,0.999999999994218,0.00024261981382541,-0.00177733054760516,-0.00400905605206559,-0.000111688120276522
6.78995195698727,0.000195621605734257,3.41424110809438e-06,0.999999999994171,6.23422581673876e-06,-0.00177553484735205,0.00081501672735828,3.78065664773046e-05
6.79378893686885,0.000197357793640393,3.44454330348957e-06,0.999999999994068,7.89740794338759e-06,-0.00177249907352868,0.000791188360913862,0.000300271348114947
6.79878043995119,0.000283762161250512,4.95258400637626e-06,0.999999999987736,0.000302121560985333,-0.00179840273342306,-0.00518955101640993,0.00518407244136326
6.80277449355076,0.000293803571119842,5.1278396701361e-06,0.999999999986853,4.38791466846999e-05,-0.00179805351399368,8.74348379841222e-05,0.00620406605880309
6.80455552406818,0.00021188681822059,3.69812261951557e-06,0.999999999993162,-0.000802747081901281,-0.00176715856880036,0.0173466680616534,0.0016071316384791
6.8063365545856,0.000188503417870072,3.29000529308955e-06,0.999999999994588,-0.000229146734116682,-0.00175706907763202,0.00566497377201821,0.000384471227604207
6.80920447701569,0.00017812974304052,3.10895051178353e-06,0.999999999995167,-6.3130989669467e-05,-0.00175050295018496,0.00228950664012566,-5.24875895603859e-05
6.81312128922175,0.00015661546262636,2.73345548236071e-06,0.999999999996264,-9.58675090021013e-05,-0.00173888177458153,0.00296699841402403,-0.00103803204220542
6.81706966256348,0.000107727095905695,1.88019251716498e-06,0.999999999998232,-0.000216104935209722,-0.00171744662249512,0.00542885645080027,-0.00353692520849718
6.82051198986489,0.000167207241215202,2.9183168923775e-06,0.999999999995742,0.000301576312859819,-0.00173503272814836,-0.00510878371328705,-0.000272736897780455
6.82278453366457,0.000175424171582379,3.0617293816912e-06,0.999999999995313,6.31065897760348e-05,-0.00173558014943531,-0.000240884812439588,0.000351482099210044
6.82505707746424,0.000169415792744919,2.95686338827085e-06,0.999999999995628,-4.61447622860757e-05,-0.0017310539651983,0.00199168184905923,0.000137396731339259
6.82842342909865,0.000169354786383283,2.95579862639564e-06,0.999999999995632,-3.16295500543571e-07,-0.00172746581732573,0.00106588623597628,0.000274220778862295
6.83304562517511,0.000188428832179171,3.28870352720844e-06,0.999999999994592,7.20231022889515e-05,-0.00172930020488046,-0.000396864937010588,0.00151663220102079
6.83567830089231,0.000157616868873911,2.75093331853045e-06,0.999999999996216,-0.000204267546195618,-0.00171549719040753,0.00524296037782961,-4.98543030584241e-05
6.83831097660951,0.000154141722206859,2.69028056720091e-06,0.999999999996381,-2.30384437147318e-05,-0.00171139724570207,0.00155732993573051,-0.000140530711265221
6.84187014664552,0.000146660677242965,2.55971170109167e-06,0.999999999996724,-3.66852004227531e-05,-0.0017048350501694,0.00184374319469789,-0.000404324309257727
6.84633565665406,0.000124547394134842,2.17376210243036e-06,0.999999999997637,-8.64290076438635e-05,-0.00169202839963891,0.00286790321956062,-0.00146597533212815
6.84847802422968,0.000147390778357087,2.57245436940552e-06,0.999999999996691,0.000186098908289241,-0.00169776247902394,-0.00267651520229253,-0.000113478210753099
6.85062039180529,0.000148173929443915,2.58612293441121e-06,0.999999999996656,6.38012130192328e-06,-0.00169563952099437,0.00099094014199147,1.86066760238569e-05
6.85463454362582,0.00015034759900062,2.62406062502594e-06,0.999999999996557,9.45098549110508e-06,-0.00169188173509625,0.000936134472767881,0.000287154238052011
6.85846337500579,0.000162134017284595,2.8297724310978e-06,0.999999999995996,5.37270476701188e-05,-0.001691714355015,4.3715709741125e-05,0.00107223781772306
6.86229220638576,0.000163199209916676,2.84836354969553e-06,0.999999999995943,4.85555950440959e-06,-0.00168769808799053,0.00104895374747347,0.00131833453362241
6.86454954116362,0.00013903421183601,2.42660476945127e-06,0.999999999997056,-0.000186839269204427,-0.00167649676522627,0.00496218942538041,6.74058223700417e-05
6.86680687594149,0.000136410785540258,2.38081734290712e-06,0.999999999997166,-2.02838440240658e-05,-0.00167294420715276,0.00157378431783931,3.67717541743465e-06
6.87074640139128,0.000128498332724494,2.24271898936372e-06,0.999999999997485,-3.50545656586771e-05,-0.00166552996272439,0.00188201460375245,-0.000274402207599308
6.87586410405331,3.06815785475841e-05,5.35494565364576e-07,0.999999999999857,-0.000333591952629005,-0.00162471371804813,0.00797550138641247,-0.00538729650725953
6.87852874925002,0.000119694629465115,2.08906538111936e-06,0.999999999997818,0.000583031023295796,-0.00165320759528736,-0.0106933100415911,-0.000496293298034665
6.88119339444672,0.000133009457514135,2.32145296991107e-06,0.999999999997305,8.7211456549438e-05,-0.00165476461074643,-0.00058432374448714,0.000335486967655044
6.884180467399,0.000132678286356557,2.31567294282373e-06,0.999999999997319,-1.93501370060403e-06,-0.00165106576277875,0.00123828511280849,0.000432169007997747
6.88778569920149,0.000134488535075288,2.3472677432455e-06,0.999999999997245,8.76359750296494e-06,-0.00164736199939186,0.00102733016621408,0.000667494799774692
6.89137631088405,0.000115887588521451,2.02261998189434e-06,0.999999999997955,-9.04157258020017e-05,-0.0016363896993284,0.00305583032460669,-0.000184948375781641
6.89421770997482,0.000105459682626943,1.84061868994738e-06,0.999999999998306,-6.40534068368479e-05,-0.00162921455346631,0.00252521579435543,-0.000665739962929288
6.8970591090656,0.000109428480619941,1.90988728227161e-06,0.999999999998176,2.43783397232831e-05,-0.00162714300631715,0.000729058848468745,-0.000363918325546756
6.90068525377389,0.000108082798705402,1.88640070217841e-06,0.999999999998221,-6.47701125648827e-06,-0.00162219611407802,0.00136422912958133,-0.00032295933851295
6.90349433233231,0.000115380103596117,2.01376269904303e-06,0.999999999997972,4.53394215277804e-05,-0.00162131204463495,0.000314718661185109,0.00017071058447095
6.90630341089073,0.000113584819573401,1.98242908183826e-06,0.999999999998035,-1.1154411154117e-05,-0.00161717912434762,0.00147127259041822,0.000173788546717789
6.9103628048567,0.000119213831239085,2.0806738690374e-06,0.999999999997835,2.4201836043203e-05,-0.00161410484525983,0.000757324643420643,0.00061885104304205
6.91416607073991,0.000105492801444296,1.84119672235456e-06,0.999999999998305,-6.29661859142192e-05,-0.00160444142304019,0.00254082215558493,3.68724853151216e-05
6.91688351825328,9.3743804126368e-05,1.63613803534904e-06,0.999999999998662,-7.54600359333758e-05,-0.00159682923316285,0.00280122793168944,-0.000529455775233483
6.91960096576665,9.72246081809987e-05,1.69688952671903e-06,0.99999999999856,2.23560863903403e-05,-0.00159462009657503,0.000812945448604927,-0.000263063596057525
6.92321358384832,9.37199935595318e-05,1.63572246256098e-06,0.999999999998662,-1.69315058429483e-05,-0.00158877112520861,0.00161903949827884,-0.000341788565308423
6.9267417876693,0.000104380413876679,1.82178189674143e-06,0.999999999998341,5.27348882380925e-05,-0.00158804571895189,0.000205602140217245,0.000333715627614605
6.93026999149028,0.000131531577433403,2.29565909655274e-06,0.999999999997365,0.000134311174709958,-0.00159316406168276,-0.00145069360801313,0.00190727491395745
6.93341542885829,0.00012168939809199,2.12388066147373e-06,0.999999999997745,-5.46119394481812e-05,-0.00158560104092196,0.00240444169632504,0.00150414307894748
6.93661585737898,9.46835494762813e-05,1.65253968583531e-06,0.999999999998635,-0.000147274332981331,-0.00157184663093185,0.00429767760822629,0.00016848101959034
6.9394957859354,7.9141045954025e-05,1.38127182536943e-06,0.999999999999046,-9.41925659444261e-05,-0.00156257093938233,0.00322080613035785,-0.000592876592332718
6.94237571449183,8.06998152124738e-05,1.40847748120821e-06,0.999999999999008,9.44664261830998e-06,-0.00155936421155731,0.00111347478320852,-0.000431202878165016
6.94586971696311,7.92171492934361e-05,1.38260007921392e-06,0.999999999999044,-7.40623459972575e-06,-0.00155425691436494,0.00146173256440103,-0.000414033005348441
6.94921937679965,9.16197386289596e-05,1.5990660988913e-06,0.999999999998721,6.46232842261407e-05,-0.00155425985554121,-8.78052223092432e-07,0.000347012336853626
6.95256903663619,0.000106945287519884,1.86654738671289e-06,0.999999999998258,7.98532689511172e-05,-0.00155528588994185,-0.000306310028692155,0.00127757034752406
6.95579778927734,0.000102279081479397,1.78510672773008e-06,0.999999999998407,-2.52235671277059e-05,-0.00154934658716977,0.00183950380601342,0.00114197748505087
6.95929727679377,7.98959928220307e-05,1.39444813389374e-06,0.999999999999028,-0.000111633086845843,-0.00153673117683763,0.00360493079999149,7.01980012925584e-05
6.96198371577532,6.77657297477034e-05,1.18273510411381e-06,0.999999999999301,-7.88080545412713e-05,-0.00152883253925886,0.00294018871561949,-0.000530255186321353
6.96467015475687,7.1585815059584e-05,1.24940817051316e-06,0.99999999999922,2.48183810826125e-05,-0.00152659671172169,0.000832264403741167,-0.000256799314618991
6.96825657462839,6.8258281267818e-05,1.19133174987551e-06,0.99999999999929,-1.61934248409964e-05,-0.00152060001187849,0.00167205738815673,-0.000339195666116667
6.97191385706903,7.88715360059174e-05,1.37656798940808e-06,0.999999999999053,5.06486011237802e-05,-0.00151944919194442,0.000314665315776929,0.000321003844040094
6.97557113950966,0.000121634101863889,2.12291556022944e-06,0.999999999997747,0.000204071625021378,-0.00152971517364463,-0.00280699723547502,0.00271864137853729
6.97860608466988,0.000102355081853152,1.78643318448484e-06,0.999999999998404,-0.000110869342930885,-0.00151874522825124,0.00361454484818075,0.00180265417491525
6.98155429331762,7.1648322991986e-05,1.25049913974218e-06,0.999999999999218,-0.000181782943060957,-0.00150381840773383,0.0050630136129848,0.000240884666148805
6.98531577215983,2.28134762052672e-05,3.98170273607284e-07,0.999999999999921,-0.000226594087562004,-0.00148132470777818,0.00598001501515976,-0.00225440926556677
6.98842345314981,1.39541640193702e-05,2.43546106501333e-07,0.99999999999997,-4.97554824979285e-05,-0.00147392713110229,0.00238041700539759,-0.00268683488193292
6.99106814880695,5.24762713589833e-05,9.15883714384129e-07,0.999999999999581,0.000254221163811181,-0.00148400438900701,-0.00381036580807952,-0.000556488222986724
6.99496790945288,7.23374850006614e-05,1.26252728587322e-06,0.999999999999203,8.88884223832266e-05,-0.00148571239112843,-0.000437976141741578,0.000577154920958413
6.99753919408596,7.08080021659528e-05,1.23583277455484e-06,0.999999999999236,-1.03817799768129e-05,-0.00148162835027358,0.00158832701845194,0.000600379982369525
7,6.14724372105637e-05,1.07289642854961e-06,0.999999999999424,-6.62125952622826e-05,-0.00147491410346398,0.00272847475344948,0.000171962000577806
7.0037294700268,6.18880600282455e-05,1.08015041516457e-06,0.999999999999417,1.94504488917845e-06,-0.00146990643299423,0.0013427297803093,0.000296701687327336
7.00755180359496,4.9336188850064e-05,8.61078935819225e-07,0.999999999999629,-5.73135430068282e-05,-0.00146014461529055,0.00255388953622157,-0.000262406737066915
7.01054038379191,3.93913621559251e-05,6.87508966466331e-07,0.999999999999764,-5.80777352169166e-05,-0.00145245615525611,0.00257261292244715,-0.000733382537803395
7.01352896398886,4.2794390628423e-05,7.46903017850517e-07,0.999999999999721,1.98736682538513e-05,-0.00144950652871807,0.000986965831149417,-0.000484667631758146
7.01722914908785,4.49012157273425e-05,7.83674052590306e-07,0.999999999999693,9.93762035034768e-06,-0.00144509448012055,0.00119238591569846,-0.000296037615262678
7.02008831052279,5.59232307811797e-05,9.76044505484071e-07,0.999999999999524,6.72821235425884e-05,-0.0014450179309367,2.67732989530928e-05,0.000378018351435888
7.02294747195773,5.33356458473082e-05,9.30882628713034e-07,0.999999999999567,-1.57954973158082e-05,-0.00144009447116213,0.00172199432826694,0.000317556241292171
7.02661908677331,5.50078300424137e-05,9.60067748617424e-07,0.999999999999539,7.9488512195116e-06,-0.0014355386812117,0.00124081369622516,0.000506066759771542
7.0301611175312,3.88015537981051e-05,6.77214868666593e-07,0.999999999999771,-7.98561331859083e-05,-0.00142479634603284,0.00303281815238983,-0.000264213114701185
7.0337031482891,-1.7284501830588e-06,-3.01671466510748e-08,1,-0.000199710861838594,-0.00140539414569757,0.0054777052096549,-0.00235635776244355
7.03670023844349,1.30420639911226e-05,2.2762695790088e-07,0.999999999999974,8.60147981116132e-05,-0.00140641934554943,-0.000342065069466988,-0.0015223730357882
7.03967879801712,3.54862871672954e-05,6.19352550377476e-07,0.999999999999808,0.000131515110842092,-0.00141019332408718,-0.00126704819710897,-0.000253770266808462
7.04282649687153,4.95676952550784e-05,8.65119484826181e-07,0.999999999999626,7.8078286969748e-05,-0.00141074755342058,-0.000176074446454483,0.000579038309070988
7.04597419572594,5.27134934516693e-05,9.20024020959969e-07,0.999999999999577,1.74427537935949e-05,-0.0014074060647366,0.00106156555583314,0.000832025183409467
7.04934371810493,4.82092718158671e-05,8.41410523175687e-07,0.999999999999646,-2.33307540185787e-05,-0.00140102260093927,0.00189447140554186,0.00068192782752929
7.0525994040129,2.78176775829829e-05,4.8551006408125e-07,0.999999999999882,-0.00010931658309645,-0.00138914394777291,0.00364858696512707,-0.000332977041671314
7.05585508992087,9.43235720929633e-06,1.64625689526444e-07,0.999999999999986,-9.85612198551816e-05,-0.00137797263666271,0.00343132336041857,-0.00125651992391885
7.05896828285422,1.39760203478092e-05,2.43927571394991e-07,0.99999999999997,2.54728452641249e-05,-0.0013751529384771,0.000905725486974008,-0.000960426388357166
7.06240080520803,2.74064014526856e-05,4.78331941472703e-07,0.999999999999886,6.82892479396145e-05,-0.00137503262022141,3.50524317949078e-05,-0.000182844809782961
7.06523520562593,3.91832988030945e-05,6.83877575906699e-07,0.999999999999766,7.25182063676156e-05,-0.00137517270322733,-4.94224475231959e-05,0.000527992931176134
7.06806960604384,3.48582048165969e-05,6.08390445384124e-07,0.999999999999815,-2.66324863790443e-05,-0.00136958232372907,0.00197233230102009,0.000366739145406288
7.07163477198053,3.44149877300381e-05,6.00654847922579e-07,0.99999999999982,-2.16977206640842e-06,-0.00136432230034923,0.00147539370487689,0.000428474903295785
7.07507841136658,1.89528440817822e-05,3.30789531844214e-07,0.999999999999945,-7.83663112844202e-05,-0.00135388939122165,0.0030296172037776,-0.000319533190897197
7.07852205075263,-6.97776577074258e-06,-1.21784987132417e-07,0.999999999999993,-0.000131423319413218,-0.00133972844563801,0.00411220339766424,-0.00164492429645779
7.08166903762254,-1.42886537738284e-06,-2.49384054030818e-08,1,3.07743837940117e-05,-0.00133718413418165,0.000808491284373664,-0.00130438423620592
7.08495293766164,1.91364609063129e-05,3.33994249994333e-07,0.999999999999944,0.000109300725090222,-0.00133977955141676,-0.000790345992328428,-0.000149351501243046
7.0878016281801,3.13903293479069e-05,5.47864600406353e-07,0.99999999999985,7.50767235071801e-05,-0.00134004102956568,-9.17888929071422e-05,0.000584113323862692
7.09065031869856,2.67770920605199e-05,4.67348420565688e-07,0.999999999999891,-2.82642776808788e-05,-0.00133430113445385,0.00201492407639182,0.0004043491022873
7.09417256302257,2.55452629330239e-05,4.45848946468916e-07,0.999999999999901,-6.1039133345293e-06,-0.00132879089159545,0.00156441244601975,0.000418187962086259
7.09756554522223,1.02307140357662e-05,1.78559644754116e-07,0.999999999999984,-7.877710108267e-05,-0.0013184548410304,0.00304630262017496,-0.000329433029088487
7.1009585274219,-1.10146584604657e-05,-1.92242056117776e-07,0.999999999999982,-0.000109284894246825,-0.00130600635235012,0.00366889301143564,-0.00141011645499894
7.10415920947166,-7.99850720624538e-06,-1.39600285993475e-07,0.99999999999999,1.64470476310556e-05,-0.00130246077932955,0.00110775546131728,-0.00120653156754577
7.1075730476824,1.20025905235214e-05,2.09484723404117e-07,0.999999999999978,0.000102255873843006,-0.00130464539265296,-0.00063992878061209,-8.98137565355221e-05
7.11031634589765,2.27257972885057e-05,3.96639987825214e-07,0.999999999999921,6.82227194188369e-05,-0.00130449635937022,5.43263149114179e-05,0.000562052248515322
7.1130596441129,1.68950651559314e-05,2.94874514309967e-07,0.999999999999956,-3.709603022726e-05,-0.00129845863641897,0.00220089923789164,0.000310619040199484
7.11662562538571,1.65997007704136e-05,2.89719433289553e-07,0.999999999999958,-1.44562762000731e-06,-0.00129319862619411,0.00147505267763435,0.000369231715183582
7.12016732604048,2.27427766279069e-06,3.96936333202589e-08,0.999999999999999,-7.05948425180463e-05,-0.0012829819519416,0.00288468034099756,-0.000323573155737175
7.12370902669525,-3.04632433618194e-05,-5.31683897500029e-07,0.999999999999859,-0.000161328578136989,-0.00126621545861563,0.00473402327308759,-0.00201967802322347
7.12682488764713,-2.15518595874238e-05,-3.76150909728043e-07,0.999999999999929,4.99165367691157e-05,-0.00126487577870717,0.000429954972045203,-0.00151190787246253
7.12997995066593,2.64398473599946e-06,4.61462390156635e-08,0.999999999999999,0.000133847452880141,-0.00126891394905387,-0.00127990164463692,-0.000168426163709337
7.13290655173658,1.60101637803548e-05,2.79430071750729e-07,0.999999999999961,7.97115244285479e-05,-0.00126943041585031,-0.000176473247967772,0.000614957902312437
7.13583315280722,1.26837609215366e-05,2.21373389616602e-07,0.999999999999975,-1.98375797496035e-05,-0.00126400974521542,0.00185220687892028,0.00049878201577268
7.13930613076546,1.0523163596912e-05,1.83663852492123e-07,0.999999999999983,-1.08579834303155e-05,-0.00125821191922105,0.00166941053587781,0.000453947101621347
7.14260663020919,-5.32466382047144e-06,-9.29329152290468e-08,0.999999999999996,-8.3804518812116e-05,-0.00124779576696907,0.00315593213377978,-0.000335008888556399
7.14590712965292,-2.10889232338835e-05,-3.68071146131589e-07,0.999999999999932,-8.33626048401586e-05,-0.00123740918944553,0.00314697145102674,-0.0011330358842793
7.14915596523974,-2.0213115876641e-05,-3.52785424134518e-07,0.999999999999938,4.70498478256937e-06,-0.00123301531339578,0.00135244641728626,-0.00104858286089649
7.15273457307621,-2.05451733665485e-06,-3.58580920639319e-08,0.999999999999999,8.85616269099128e-05,-0.00123429050366197,-0.000356336968021265,-4.43010202218567e-05
7.15537860498044,7.05669064088937e-06,1.23162485978188e-07,0.999999999999992,6.01432145307098e-05,-0.00123370157269037,0.000222739737237371,0.000519063791781685
7.15802263688467,8.36978530998947e-07,1.4608031134437e-08,1,-4.10564088391294e-05,-0.00122766083842376,0.00228466769139461,0.000237839750324814
7.1616236133542,1.4943090902014e-06,2.60806136664954e-08,1,3.18596431527504e-06,-0.00122268087155296,0.00138294901756266,0.000337752949002163
7.16539193713447,-1.16316774007312e-05,-2.03011068172574e-07,0.999999999999979,-6.07940546505453e-05,-0.00121255781034477,0.00268635653368783,-0.000289650691270381
7.16834461062408,-2.05971073020958e-05,-3.5948733880813e-07,0.999999999999935,-5.2994776153434e-05,-0.0012050962636189,0.0025270476915731,-0.000739119233571909
7.17129728411368,-1.61521577771352e-05,-2.81908334512614e-07,0.99999999999996,2.6274156139768e-05,-0.00120240493908718,0.000911487349074477,-0.000463668667195873
7.17499500251538,-1.4031943603159e-05,-2.44903616329279e-07,0.99999999999997,1.00074462582901e-05,-0.00119781051372921,0.00124250277031773,-0.000308506905139557
7.17787834712837,-2.78088891812712e-06,-4.85356677535412e-08,0.999999999999999,6.81042244103817e-05,-0.00119764256859715,5.82466387478188e-05,0.000349478672252167
7.18076169174137,-4.41498791706799e-06,-7.70560755886028e-08,0.999999999999997,-9.89143222996734e-06,-0.00119289353745476,0.00164705638063223,0.000313239108456002
7.18444665115641,-1.7518235680364e-06,-3.057508917627e-08,1,1.26137037554678e-05,-0.00118851620231715,0.00118789236042595,0.000520953018399894
7.18796770978105,-1.77090316595577e-05,-3.09080909799192e-07,0.999999999999952,-7.90971836350419e-05,-0.00117775601531405,0.00305595224339688,-0.000269530326583304
7.19148876840569,-5.62532122529728e-05,-9.81803768637435e-07,0.999999999999518,-0.000191056988977884,-0.00115896574688291,0.00533653949969531,-0.0022888305695513
7.19448482305854,-4.1603745676271e-05,-7.2612234321322e-07,0.999999999999736,8.5339372958914e-05,-0.00115985336341695,-0.000296261796558273,-0.00148811945204543
7.19747731850333,-1.95271432694979e-05,-3.40812943561383e-07,0.999999999999942,0.000128758558453887,-0.00116338953374573,-0.00118167943578081,-0.000266735715070052
7.2006206325783,-5.05101075449431e-06,-8.81567682195685e-08,0.999999999999996,8.03789151564064e-05,-0.00116400762032438,-0.00019663532307018,0.000558576156443097
7.20376394665327,-1.50770434091167e-06,-2.63144048955197e-08,1,1.96742552125248e-05,-0.0011607402028317,0.00103948171094235,0.000804193944328721
7.20714155197168,-5.12873137105212e-06,-8.95132488751824e-08,0.999999999999996,-1.87111394085104e-05,-0.00115459052853746,0.0018207202187656,0.000671230289266343
7.21040401300474,-2.49432905860883e-05,-4.35342547008933e-07,0.999999999999905,-0.000106002583518796,-0.00114285084283051,0.00359841407697844,-0.000341402617713555
7.2136664740378,-4.32801128759553e-05,-7.5538047032014e-07,0.999999999999715,-9.80970868519717e-05,-0.00113164012297561,0.00343627701336163,-0.00129103752081271
7.21677405200849,-3.79595831821094e-05,-6.62519709212426e-07,0.999999999999781,2.98820373884596e-05,-0.00112906877866541,0.000827443216053625,-0.000981020594647157
7.22019088301112,-2.38430149125195e-05,-4.16139113825561e-07,0.999999999999913,7.21079255009853e-05,-0.00112918525616568,-3.40893360491223e-05,-0.00019629626708431
7.22303676764917,-1.14899764895009e-05,-2.00537920718529e-07,0.99999999999998,7.57589363336698e-05,-0.0011294969806014,-0.000109535162302408,0.000520355088722099
7.22588265228722,-1.52005769313139e-05,-2.65300115654121e-07,0.999999999999965,-2.27564371618226e-05,-0.00112409887564736,0.00189681088329116,0.000367770612231184
7.22944257051273,-1.51562167185924e-05,-2.64525883885246e-07,0.999999999999965,2.17485829681814e-07,-0.00111901724297583,0.00142745769694971,0.000425158879535186
7.23287213250596,-3.01902566289187e-05,-5.26919380196651e-07,0.999999999999861,-7.65093317542331e-05,-0.00110876453590892,0.00298950918139608,-0.000329751139950805
7.23630169449919,-5.45723842352269e-05,-9.52467785568012e-07,0.999999999999546,-0.000124082435661473,-0.0010951921739865,0.00395746219173869,-0.00160166338915997
7.23945544276009,-4.9000534673217e-05,-8.55220665285176e-07,0.999999999999634,3.08354098798784e-05,-0.00109267122291263,0.000799350761481594,-0.00128570050235513
7.24276233111233,-2.83302904127472e-05,-4.94456845748602e-07,0.999999999999878,0.000109094647629236,-0.00109530581706825,-0.000796698852514011,-0.000153085184937053
7.24559564619534,-1.58363909719059e-05,-2.76397164092859e-07,0.999999999999962,7.69627363236327e-05,-0.00109571174083345,-0.000143268134077845,0.000570227696288601
7.24842896127835,-2.02111869601719e-05,-3.52751758191136e-07,0.999999999999938,-2.69488538553442e-05,-0.0010901222375204,0.00197277858243044,0.000379459914678803
7.25195941442311,-2.07365671662532e-05,-3.61921372612062e-07,0.999999999999934,-2.59729106858e-06,-0.00108491455309105,0.00147507535600087,0.000402187197094775
7.25537233519576,-3.53986907976729e-05,-6.17823705314771e-07,0.999999999999809,-7.49804492251668e-05,-0.0010748521761686,0.00294831834454026,-0.000337328619973841
7.2587852559684,-5.7447421370896e-05,-1.00264664970252e-06,0.999999999999497,-0.000112754725357943,-0.00106216868990718,0.00371631429685769,-0.00148800694348523
7.26197497712613,-5.33392652542338e-05,-9.30945799280856e-07,0.999999999999567,2.24787205138362e-05,-0.00105910969214737,0.000959017296040702,-0.00125238858557072
7.26535343348648,-3.23542626906061e-05,-5.64688411006206e-07,0.999999999999841,0.000108409684545018,-0.00106179106054142,-0.000793666724697621,-0.000108912892786864
7.26811979665634,-2.08508677852204e-05,-3.63916294750106e-07,0.999999999999934,7.25761962290545e-05,-0.00106197103031459,-6.50564521424966e-05,0.000561948503063973
7.27088615982619,-2.60815325668428e-05,-4.55208617257519e-07,0.999999999999896,-3.30008451176183e-05,-0.00105620394583049,0.00208471705629495,0.000321489525331987
7.27444225267806,-2.60626677808577e-05,-4.54879364629395e-07,0.999999999999897,9.25883102156668e-08,-0.00105119471853841,0.00140863231100768,0.00036931422732545
7.27794250806582,-4.00564839040525e-05,-6.99117530897772e-07,0.999999999999756,-6.97772417185836e-05,-0.00104128776258705,0.00283035231829339,-0.000334681698076334
7.28144276345357,-6.84396578836485e-05,-1.19449736900788e-06,0.999999999999287,-0.000141526769687375,-0.00102627053845157,0.00429032241132797,-0.00182591743714975
7.28458687862994,-6.11924811593888e-05,-1.06801027369573e-06,0.99999999999943,4.02297906460015e-05,-0.00102443199041299,0.000584758488621856,-0.00142895030285788
7.28781854778907,-3.77303970937713e-05,-6.58519657371162e-07,0.999999999999783,0.000126711800051868,-0.00102824322272603,-0.00117933864061702,-0.000151081862077992
7.2906846004175,-2.47145295581704e-05,-4.31349913871519e-07,0.999999999999907,7.92622372827835e-05,-0.00102885735345174,-0.000214277546622557,0.000593877107380938
7.29355065304593,-2.87083196301321e-05,-5.01054700260705e-07,0.999999999999874,-2.43208326664061e-05,-0.00102342731724085,0.00189460450133802,0.000418892104378838
7.2970567319425,-2.96752608198798e-05,-5.17931007694951e-07,0.999999999999866,-4.8134420051891e-06,-0.00101818536809484,0.00149510301982704,0.000411606807261446
7.3,-4.0236493154482e-05,-7.02259285001813e-07,0.999999999999753,-6.26270776924611e-05,-0.00101032369979218,0.00267106772100473,-0.000128846617359409
7.30379192132158,-6.09817684670161e-05,-1.06433264343809e-06,0.999999999999434,-9.54854617831771e-05,-0.000997664638114125,0.00333842941466506,-0.00120395107487483
7.30752123455823,-9.0063761964374e-05,-1.57190918301012e-06,0.999999999998765,-0.000136104560642368,-0.000982137374532791,0.00416357184178708,-0.00276362134144647
7.31092651626978,-4.25539227416996e-05,-7.42706061481883e-07,0.999999999999724,0.000243504999518141,-0.000994307834278483,-0.00357399498092375,-0.000231636080874761
7.31333111310681,-3.20531651314219e-05,-5.59433267228723e-07,0.999999999999844,7.62176808313682e-05,-0.000994709417851684,-0.000167006612924132,0.000416944654767482
7.31573570994385,-3.77917201008221e-05,-6.59589945751421e-07,0.999999999999783,-4.1652170950305e-05,-0.000989339942684575,0.00223300433753041,0.000143183311388499
7.31919449365293,-3.60972802778832e-05,-6.30016391864234e-07,0.999999999999801,8.55027558083144e-06,-0.00098516178824779,0.0012079837272872,0.000268762224458297
7.32399032733502,-2.34440184352154e-05,-4.09175311592746e-07,0.999999999999916,4.60485277244971e-05,-0.000983046645531529,0.000441037545601884,0.00104764355919884
7.32624971548154,-4.31830680723437e-05,-7.53686718975166e-07,0.999999999999716,-0.000152479956979947,-0.000972916331001969,0.00448365392425378,-3.98384261585411e-05
7.32850910362806,-4.35285766031626e-05,-7.59716980431683e-07,0.999999999999711,-2.66897985890756e-06,-0.000969686592977281,0.00142947462553593,-4.70193401543042e-05
7.33229630087945,-4.87410854210656e-05,-8.50692421593299e-07,0.999999999999638,-2.40218386111912e-05,-0.000962633417723075,0.00186237335581527,-0.000294068714649548
7.33729866460982,-0.000115744530928069,-2.02012315586983e-06,0.99999999999796,-0.000233775630343932,-0.000931953357122639,0.00613311271512484,-0.00389567758941295
7.33988826880351,-4.885710797587e-05,-8.5271739718121e-07,0.999999999999636,0.000450804706579333,-0.000952201595108101,-0.00781904741846447,-0.000258936091600946
7.34247787299719,-4.14186411134911e-05,-7.22891659132247e-07,0.999999999999739,5.01334290258311e-05,-0.000951312681438597,0.000343262368694165,0.000177503272622023
7.34569908975632,-3.83213617375289e-05,-6.68833936167604e-07,0.999999999999776,1.67817713015957e-05,-0.000948025147334992,0.00102058766901767,0.000374177787069776
7.34967890780298,-2.66601698594727e-05,-4.65307743188736e-07,0.999999999999892,5.11395723605283e-05,-0.000946760745430679,0.000317703445104372,0.00104975596345948
7.35280137593966,-5.04529581509959e-05,-8.80570237105675e-07,0.999999999999612,-0.000132991747470185,-0.000934062132830675,0.00406685097946485,-0.000198549107541674
7.35592384407634,-6.4797177440156e-05,-1.13092409232947e-06,0.999999999999361,-8.01781937445552e-05,-0.000924731647400212,0.00298817634705599,-0.000954915602180618
7.35903300080755,-6.27893783093385e-05,-1.09588138677805e-06,0.999999999999399,1.12708070325557e-05,-0.000921242410711468,0.00112224535151872,-0.000837180997548157
7.36249494119333,-5.43420270079748e-05,-9.48447293496701e-07,0.99999999999955,4.25871265395828e-05,-0.000919575651861853,0.000481452209998721,-0.000374935383721219
7.36535306115983,-4.0949386904379e-05,-7.14701628154402e-07,0.999999999999745,8.17830140378718e-05,-0.000920489586606496,-0.000319767803785164,0.000377278150266784
7.36821118112633,-4.24918650016418e-05,-7.41622949591528e-07,0.999999999999725,-9.41924123292794e-06,-0.000916098803617719,0.00153624866703919,0.000324095956405926
7.37181685454542,-4.0162613428903e-05,-7.00969840539989e-07,0.999999999999754,1.12747618340497e-05,-0.000912089751542599,0.00111187331994617,0.000483983334301723
7.37543505601278,-5.50824679658282e-05,-9.61370426127857e-07,0.999999999999538,-7.19696202482272e-05,-0.000901940422236634,0.00280507578074466,-0.000274255422665589
7.37905325748015,-0.000105885954044695,-1.84805852969428e-06,0.999999999998292,-0.000245063220377459,-0.0008790407231833,0.00632902818150702,-0.00297325799756655
7.38198034866602,-8.20958800833993e-05,-1.43284340977727e-06,0.999999999998973,0.00014185247180599,-0.000883600750840002,-0.00155787003791,-0.00171226283675498
7.38481649768163,-5.5855838881378e-05,-9.74868294943359e-07,0.999999999999525,0.000161477803992171,-0.000889160169253928,-0.00196019968744245,-0.000287385287290759
7.38810420915328,-4.06885392803129e-05,-7.10148978268444e-07,0.999999999999748,8.05178066741391e-05,-0.000890189815435114,-0.000313180213672358,0.000547604201551984
7.39139192062493,-3.00823027899056e-05,-5.25035230265704e-07,0.999999999999862,5.6304742553832e-05,-0.000889606806701944,0.000177329652616126,0.00115007253808686
7.39467707525749,-3.62463875425432e-05,-6.32618804571193e-07,0.9999999999998,-3.27484049729372e-05,-0.000883072549646475,0.00198902571913168,0.000858298918385813
7.39870522099664,-8.06611204588364e-05,-1.40780213035399e-06,0.999999999999009,-0.000192441727777881,-0.000861965734540609,0.00523983402604429,-0.001424663916246
7.40099107118415,-6.33646975719744e-05,-1.10592260216118e-06,0.999999999999388,0.000132064441424345,-0.000865110195435392,-0.00137561985118993,-0.000559155346499842
7.40327692137165,-5.56669434582983e-05,-9.71571447868672e-07,0.999999999999528,5.87751354077254e-05,-0.000864845373907392,0.000115852530251804,-0.00014325865453097
7.40677385757864,-5.84374493846162e-05,-1.01992589822891e-06,0.99999999999948,-1.38276615580346e-05,-0.000859276022624084,0.00159263736987241,-0.000273137818948903
7.41168275762985,-7.55599435989875e-05,-1.31876979842316e-06,0.99999999999913,-6.08779761406743e-05,-0.000846770904934347,0.00254743782910334,-0.001223681304467
7.41389388681819,-5.46552878417484e-05,-9.5391472646359e-07,0.999999999999545,0.00016500848249119,-0.000851322403071802,-0.002058449665202,-3.66490798390881e-05
7.41610501600653,-5.41973357055995e-05,-9.45921953871255e-07,0.999999999999553,3.61479222222308e-06,-0.000848607060312885,0.0012280344238758,9.58152013764919e-06
7.4198917307713,-4.99948379984762e-05,-8.72574532074471e-07,0.999999999999619,1.93696716951664e-05,-0.000845183210916656,0.000904174095203492,0.000256416896879718
7.42488486020277,2.33267787607153e-05,4.07129093258753e-07,0.999999999999917,0.000256292900653992,-0.000864794256885746,-0.00392760617128632,0.00425757442313475
7.42771348615518,-4.82073149596403e-05,-8.41376369591541e-07,0.999999999999646,-0.000441382312068607,-0.000835702219071651,0.0102848656215379,0.000432858601477887
7.43054211210758,-6.77870805110262e-05,-1.18310774523161e-06,0.9999999999993,-0.000120811793920481,-0.00082509488912367,0.00374999385795683,-0.000623422827060646
7.43342510242066,-6.62234834982503e-05,-1.15581782918434e-06,0.999999999999332,9.46583688592598e-06,-0.000821944778149438,0.00109265402660003,-0.000536561982393027
7.43676956337035,-6.50930292030482e-05,-1.13608767968977e-06,0.999999999999355,5.89935113352007e-06,-0.000818057419605473,0.00116232738322785,-0.000467114511971778
7.44041556915565,-5.05426922599235e-05,-8.82136392757804e-07,0.999999999999611,6.96519155170351e-05,-0.00081856836640627,-0.00014013877949905,0.00031598939560227
7.44406157494095,2.58375296694295e-06,4.50949963313267e-08,0.999999999999999,0.000254314294516085,-0.00083281136846411,-0.00390646721277247,0.00318420036602592
7.44697928014588,-2.56838748443818e-05,-4.48268180704594e-07,0.9999999999999,-0.000169092880323052,-0.000819045735056881,0.00471796581229266,0.00171865131407944
7.4498145282629,-5.35596149192999e-05,-9.34791626441923e-07,0.999999999999563,-0.000171598190231747,-0.000805532639839844,0.00476610676009236,0.000238387551423538
7.45386789256699,-0.000104453957823238,-1.82306548075378e-06,0.999999999998338,-0.000219144835665396,-0.000782300489419272,0.00573157226383654,-0.00243471251804727
7.45637581808142,-7.51876771624727e-05,-1.31227252341132e-06,0.999999999999139,0.000203671502365207,-0.000789541890091814,-0.00288740659596508,-0.000899170921279502
7.45888374359584,-6.25646395222725e-05,-1.09195895498681e-06,0.999999999999404,8.78469345111828e-05,-0.000790870397061514,-0.00052972345552464,-0.000216016758031806
7.4628048208268,-6.29265072878158e-05,-1.09827473895237e-06,0.999999999999397,-1.61072674511559e-06,-0.000785812686116371,0.00128987792059076,-0.000228183085966522
7.46582285376725,-5.36597760899748e-05,-9.36539768652852e-07,0.999999999999561,5.35895311584086e-05,-0.000785324976616721,0.000161598468032893,0.000287053565934397
7.46884088670771,-5.29797925160997e-05,-9.24671816429259e-07,0.999999999999572,3.93234681587325e-06,-0.000781792738740827,0.00117037750931968,0.000343160017858786
7.47262873903027,-4.76995724377991e-05,-8.32514590833036e-07,0.999999999999653,2.43296775450772e-05,-0.000778946994529698,0.000751281720826272,0.000655400810374521
7.47591689770239,-6.54221218278246e-05,-1.14183142953614e-06,0.999999999999348,-9.40699247044597e-05,-0.000768555674143033,0.00316022474059772,-0.000274716069268812
7.47920505637452,-8.44828455314264e-05,-1.47450381597664e-06,0.999999999998913,-0.000101172850708459,-0.000757699673124563,0.00330154414703142,-0.00129234679915457
7.48232865072118,-8.01749014878552e-05,-1.39931600842472e-06,0.999999999999021,2.40709257373205e-05,-0.000755368940713185,0.000746170005676267,-0.00106656983978467
7.48568464139309,-6.53624321795758e-05,-1.14078964864484e-06,0.999999999999349,7.70342903346318e-05,-0.000756497907551583,-0.00033640344946382,-0.000275123015245794
7.48856108478266,-5.16297395006499e-05,-9.01108946233192e-07,0.999999999999594,8.33253674593444e-05,-0.000757843477142116,-0.000467789352438789,0.00048709736461876
7.49143752817223,-5.39049221757654e-05,-9.40818374998273e-07,0.999999999999557,-1.38050444201712e-05,-0.000753504716988534,0.00150837668814102,0.000385583706688593
7.49497676032545,-5.31222370025118e-05,-9.27157941718461e-07,0.99999999999957,3.85971665276643e-06,-0.000749452097620798,0.00114505610038617,0.000450250435766677
7.49844463440777,-6.81451933089624e-05,-1.18935799264912e-06,0.999999999999293,-7.56082962377353e-05,-0.000739878512187932,0.00276064966767089,-0.000333042534151795
7.50191250849008,-9.71599635083865e-05,-1.69576126433807e-06,0.999999999998562,-0.000146027006652872,-0.000725341717360457,0.00419184620964437,-0.00188330416202268
7.50499755220764,-8.72418120883007e-05,-1.52265686634645e-06,0.999999999998841,5.61108411548603e-05,-0.000725127449200312,6.945384887915e-05,-0.00136474901564602
7.50817654551035,-6.56600549425997e-05,-1.14598414578849e-06,0.999999999999343,0.000118488050993139,-0.000728957803014182,-0.00120489521340126,-0.000207498690985031
7.51113226201641,-5.14434323868843e-05,-8.97857273678096e-07,0.999999999999597,8.39481295321818e-05,-0.000730448450068422,-0.000504326802380537,0.000577382714643927
7.51408797852246,-5.31228432951742e-05,-9.27168523521651e-07,0.99999999999957,-9.91680013409381e-06,-0.000726295235674386,0.0014051463953095,0.00050760555702244
7.51756268303552,-5.42204369112532e-05,-9.46325145971092e-07,0.999999999999552,-5.51316590444243e-06,-0.000721736582446106,0.00131195421398763,0.00047090016475402
7.52085836026931,-6.97364015866823e-05,-1.2171298161803e-06,0.999999999999259,-8.21696577058706e-05,-0.000712277037826983,0.00287028854711334,-0.000346627355476188
7.5241540375031,-8.50853690108053e-05,-1.48501983451236e-06,0.999999999998897,-8.1285271380902e-05,-0.000702888714564859,0.00284867800944647,-0.00116879208967228
7.52738061726832,-8.27564599337768e-05,-1.44437270313867e-06,0.999999999998957,1.25975907404806e-05,-0.000699881184225891,0.000932110952714743,-0.00105153261951691
7.5309302563045,-6.45352373350531e-05,-1.12635237505241e-06,0.999999999999366,8.95923007509317e-05,-0.000702154656850089,-0.0006404799476865,-9.09500877558354e-05
7.53360747832068,-5.39903276997177e-05,-9.42308982590631e-07,0.999999999999556,6.874416516427e-05,-0.000702740875890961,-0.000218965419128128,0.000510473429466308
7.53628470033686,-5.92554714819851e-05,-1.03420307718206e-06,0.999999999999465,-3.43244206255643e-05,-0.000697712381721538,0.00187825071623799,0.000244599521805225
7.5398817771146,-5.78196418570636e-05,-1.00914312272952e-06,0.999999999999491,6.96675550759513e-06,-0.0006939950645742,0.00103342724579685,0.000338086263600548
7.54357586759944,-7.04265745397354e-05,-1.22917560661928e-06,0.999999999999245,-5.95633714963826e-05,-0.000685184345974428,0.00238508467400137,-0.000314131717274711
7.54726995808428,-0.000120889561252373,-2.10992087514371e-06,0.999999999997774,-0.000238420058236152,-0.000662925684383463,0.00602547817447866,-0.00301042568630327
7.55027255612231,-9.97533877977525e-05,-1.74102505708864e-06,0.999999999998484,0.000122858875342086,-0.000666948935722793,-0.00133992338913952,-0.00190553488422519
7.55314861583533,-6.92995326434391e-05,-1.20950501472101e-06,0.999999999999269,0.000184808416863649,-0.000674442331852557,-0.00260543830013184,-0.000266725988531778
7.55697166566593,-2.43704682005102e-05,-4.25344910351468e-07,0.99999999999991,0.000205113754493009,-0.00068599920065097,-0.00302294485044057,0.00212790561049992
7.56015275136981,-7.21070588803747e-06,-1.25850559139195e-07,0.999999999999992,9.4148469765154e-05,-0.000688434780267452,-0.000765644136374409,0.00309708251763795
7.56277932359737,-5.32245637296543e-05,-9.28943880019886e-07,0.999999999999569,-0.000305757181338663,-0.000669051271189618,0.00737977386437543,0.000643865545628744
7.5664445499967,-7.19834998973923e-05,-1.25634908031817e-06,0.999999999999211,-8.93274151791947e-05,-0.000658179570590776,0.00296617436806539,-0.000330412870182717
7.56917032119831,-7.75109989771369e-05,-1.35282213866058e-06,0.999999999999085,-3.53929406421361e-05,-0.000653100080306176,0.00186350574164361,-0.00064734928832313
7.57189609239991,-7.09525075035807e-05,-1.23835486848315e-06,0.999999999999233,4.19944528396472e-05,-0.000652327072370499,0.000283592377534054,-0.000298253025044324
7.57558282030655,-7.15957969242735e-05,-1.24958238691748e-06,0.999999999999219,-3.04538840908915e-06,-0.000647911296955029,0.00119774920398136,-0.000334551551318411
7.57872644736981,-6.09935778738123e-05,-1.06453875646939e-06,0.999999999999433,5.88630988105304e-05,-0.000648123697938802,-6.75655793447776e-05,0.000240855531626863
7.58187007443307,-5.625372480003e-05,-9.81812714271155e-07,0.999999999999518,2.63154758925023e-05,-0.000646262332624912,0.000592107548520349,0.000507606926881371
7.58548710624078,-5.00340480744234e-05,-8.73258876999706e-07,0.999999999999619,3.00118558648257e-05,-0.000644406880007641,0.000512976582986175,0.000861297121312134
7.58972133045574,-7.90215767838791e-05,-1.37918669499576e-06,0.999999999999049,-0.000119485363153363,-0.000629354727567763,0.00355487845606345,-0.000590251235459886
7.59191160572576,-7.26113542202746e-05,-1.26730720547533e-06,0.999999999999197,5.10801044288455e-05,-0.000629189714394785,7.53390111446601e-05,-0.000334340996252636
7.59410188099578,-6.79892761908201e-05,-1.18663672557732e-06,0.999999999999296,3.68312061055881e-05,-0.000628393787549202,0.000363391239666563,-9.65493192965851e-05
7.59752125287592,-7.09829396466667e-05,-1.23888600957844e-06,0.999999999999233,-1.52803748268912e-05,-0.000623531133687208,0.00142208979673398,-0.000253501169171978
7.60220688368186,-9.9580914006668e-05,-1.73801482156082e-06,0.99999999999849,-0.000106523290599438,-0.000608177916189088,0.00327665967166115,-0.00181225731686977
7.60490831706795,-6.55423013995684e-05,-1.14392895875671e-06,0.999999999999346,0.000219915051714328,-0.000617306545591247,-0.00337917990099805,3.37393142835383e-05
7.60760975045404,-6.22486694420868e-05,-1.08644423674978e-06,0.99999999999941,2.12793409243259e-05,-0.000615509438574858,0.000665242025083065,0.000225379275537405
7.61101217658294,-5.82131144582628e-05,-1.01601051513683e-06,0.999999999999484,2.07010288966662e-05,-0.000613217830412443,0.000673521797564992,0.00045109225957372
7.61519403013196,-4.72788059865428e-05,-8.25170830876684e-07,0.999999999999659,4.56351907170134e-05,-0.000612543938127264,0.000161146792272814,0.00107809586238088
7.61757897770408,-6.7653262711387e-05,-1.18077218403013e-06,0.999999999999303,-0.000149102377473842,-0.000602705176152922,0.00412535776021031,-4.06100033472979e-05
7.6199639252762,-6.79857973224818e-05,-1.18657600787057e-06,0.999999999999296,-2.43352261000992e-06,-0.000600000495153212,0.00113406308437411,-6.21339935762678e-05
7.62391748101592,-7.36710075671061e-05,-1.2858016453073e-06,0.999999999999173,-2.50978218012167e-05,-0.000593705410067645,0.00159225909535406,-0.00036337805161386
7.62902046906177,-0.000148169239356062,-2.58604107693596e-06,0.999999999996656,-0.000254799623269847,-0.000561722404280901,0.00626750552802133,-0.00443485404563507
7.63129543238247,-7.43379233218669e-05,-1.29744152106129e-06,0.999999999999158,0.000566426519560724,-0.000585541911032178,-0.0104702816676004,-0.000408755642144964
7.63357039570318,-6.73292119326418e-05,-1.17511643099738e-06,0.99999999999931,5.377013728112e-05,-0.000585602965915217,-2.68377439245223e-05,-1.72274709076565e-05
7.63706904067892,-6.25868206866955e-05,-1.09234608933792e-06,0.999999999999403,2.3657828168751e-05,-0.000583561898599566,0.000583387948707081,0.000239939498928041
7.64159663069103,-1.60374379974617e-05,-2.79906096640149e-07,0.999999999999961,0.000179442041025203,-0.000595313585972975,-0.00259557233362164,0.00275569740552568
7.64564412614254,5.15931843265373e-06,9.00470938086409e-08,0.999999999999996,9.14029910301947e-05,-0.000598577341826061,-0.000806364304096118,0.00407342552140959
7.64755856412821,-5.36290550953779e-05,-9.3600358614765e-07,0.999999999999562,-0.00053595399152918,-0.000575656007958172,0.0119728787453168,0.000760361335553423
7.64947300211388,-6.50029742744704e-05,-1.13451592467844e-06,0.999999999999356,-0.00010369222717921,-0.00056960056294299,0.00316304056882444,0.000127146957906145
7.65268398523688,-7.01942101469668e-05,-1.22512008290108e-06,0.999999999999249,-2.82169524884022e-05,-0.000564391644714586,0.00162221912382414,-0.000149075189889041
7.65703098027434,-0.000107916479716617,-1.88349788821552e-06,0.999999999998226,-0.000151455844702234,-0.000546442741084709,0.00412903706472955,-0.00216727133000083
7.66093214312782,-0.000168534966144819,-2.94149006396003e-06,0.999999999995674,-0.000271199182265882,-0.000520835139464875,0.00656409449737374,-0.00550498739205614
7.66341860550426,-7.34459756764838e-05,-1.28187409789396e-06,0.999999999999178,0.000667460719209536,-0.000552080129969828,-0.0125660419401219,-0.000348825399486164
7.66590506788071,-6.47656013090194e-05,-1.1303729848761e-06,0.999999999999361,6.09303862600704e-05,-0.000552602242812873,-0.000209982201215299,0.000138543529597757
7.66901576087595,-6.20385828274407e-05,-1.08277753360984e-06,0.999999999999414,1.53005942209843e-05,-0.000550373385825506,0.000716514612909468,0.000290211561961259
7.67298954234051,-5.0171593920986e-05,-8.75659504894666e-07,0.999999999999617,5.21211421822238e-05,-0.000550523828199541,-3.7858743712196e-05,0.00094140291951592
7.67640139085863,-7.00133069146652e-05,-1.22196272586992e-06,0.999999999999253,-0.000101500174798588,-0.000539987547346709,0.00308814438767589,-0.000104962135707738
7.67981323937675,-0.00011014255185149,-1.92235017635589e-06,0.999999999998152,-0.00020528093400608,-0.000522249861087258,0.00519884929393846,-0.00226068369490276
7.68267850565433,-9.16869628294167e-05,-1.60023938252629e-06,0.99999999999872,0.000112419148038804,-0.000525913062631961,-0.00127848555415719,-0.00129982189976511
7.68556138354338,-7.3280014797496e-05,-1.27897753412612e-06,0.999999999999182,0.000111437896700434,-0.000529550617598497,-0.00126177906471373,-0.000316875641946309
7.68867543764065,-6.32083776925262e-05,-1.10319430557849e-06,0.999999999999391,5.64483541574364e-05,-0.00053000137428621,-0.000144749151310305,0.000224961891875829
7.69178949173791,-5.93785420884264e-05,-1.03635106447688e-06,0.999999999999463,2.14650224478709e-05,-0.000528243536213295,0.000564485400063931,0.000436815845758126
7.6954774718586,-5.21934976807387e-05,-9.10948382660789e-07,0.999999999999585,3.40030796567455e-05,-0.0005271184704375,0.000305062863404469,0.00083536313194652
7.69896070111404,-7.12443225599524e-05,-1.24344800202372e-06,0.999999999999227,-9.54572883319515e-05,-0.000516881711222679,0.0029388703596883,-0.000167867955358478
7.70244393036948,-0.000119152916264232,-2.07961070216245e-06,0.999999999997838,-0.00024005388070086,-0.000496396217734348,0.0058811786379892,-0.0027398485794088
7.70527361266917,-9.38942076061633e-05,-1.63876307127792e-06,0.999999999998657,0.000155794037703261,-0.000502589192796839,-0.00218857610381977,-0.00141910750236623
7.70808275921568,-7.29758670784015e-05,-1.2736691550155e-06,0.999999999999189,0.000129966133919145,-0.000507267839616323,-0.00166550471540508,-0.000300763092457727
7.71131285980212,-6.22049123586202e-05,-1.08568053157222e-06,0.999999999999411,5.81989998183951e-05,-0.000507935291169821,-0.00020663491295007,0.000275569474366935
7.71454296038856,-5.50871389122179e-05,-9.61451949521541e-07,0.999999999999538,3.84596636316521e-05,-0.000507315593880397,0.000191850771467154,0.000663615201036145
7.71808786799776,-4.99681604360949e-05,-8.7210892077451e-07,0.99999999999962,2.52032037492309e-05,-0.000505691830357278,0.000458055244909894,0.000953070795827445
7.72217695412496,-8.25538524338458e-05,-1.44083653517565e-06,0.999999999998962,-0.000139084283556426,-0.000490147845767984,0.00380133460283808,-0.00071234765330568
7.72442018742653,-7.53424680027115e-05,-1.31497413322541e-06,0.999999999999135,5.61075844685255e-05,-0.000490551617195667,-0.000179995289567184,-0.000409144271002421
7.7266634207281,-6.96432599418608e-05,-1.21550418780745e-06,0.999999999999261,4.43422203782841e-05,-0.000490423045946787,5.73151480898794e-05,-0.000116858094400279
7.73012039794297,-7.23429445571143e-05,-1.26262257310902e-06,0.999999999999203,-1.36299380565549e-05,-0.000486152590857844,0.00123531479194397,-0.000265285650356186
7.73488762015536,-9.75928715518309e-05,-1.70331693505453e-06,0.999999999998549,-9.24425886421982e-05,-0.000472630651192205,0.00283643997766528,-0.00166389059363346
7.73731231272814,-6.74968821517806e-05,-1.17804282837889e-06,0.999999999999306,0.000216635342794637,-0.000481033554203176,-0.00346555398622372,-1.89016330886319e-05
7.73973700530092,-6.63256732123095e-05,-1.15760137615635e-06,0.99999999999933,8.43053360744623e-06,-0.000479156624961347,0.000774089574446744,5.08785715713109e-05
7.74348424952111,-6.10854534818482e-05,-1.06614228833188e-06,0.999999999999432,2.4407026190558e-05,-0.000477489262490433,0.000444956979833669,0.000330805116080057
7.74830054446216,-1.11183453620182e-05,-1.94051733941058e-07,0.999999999999981,0.000181070836621295,-0.000490744689622556,-0.00275220419313223,0.00306259429651433
7.75076417089211,-6.51904659751599e-05,-1.13778827217563e-06,0.999999999999353,-0.000383068036111099,-0.00046921588062639,0.00873866619321252,0.000122201514679088
7.75322779732207,-6.9210096569773e-05,-1.20794406076548e-06,0.99999999999927,-2.84766341750667e-05,-0.000465494527054423,0.0015105186105806,-0.000107716171152969
7.75667320018196,-7.36173152246805e-05,-1.28486453714887e-06,0.999999999999175,-2.23255391347291e-05,-0.000460733680971843,0.0013817966363234,-0.000348630496073836
7.76105925159636,-0.000100944112272411,-1.76180711965548e-06,0.999999999998448,-0.000108740764173826,-0.000446969822511238,0.00313809783793865,-0.00184548835718529
7.76394866247022,-6.58757918669961e-05,-1.14974946543733e-06,0.999999999999339,0.000211827836517449,-0.000456788444907149,-0.00339813990621899,3.89146264393955e-05
7.76683807334407,-5.72512527331467e-05,-9.99222861084645e-07,0.999999999999501,5.20959499788675e-05,-0.000457212207665408,-0.000146660608947381,0.000512714926233011
7.76999305462975,-5.6192938903003e-05,-9.80751800229255e-07,0.999999999999519,5.8545706560143e-06,-0.000454713166297539,0.000792093879990624,0.000575522251004063
7.77368919094067,-5.67517708292261e-05,-9.90505257307106e-07,0.99999999999951,-2.63882504793551e-06,-0.000451160303277948,0.000961237010953289,0.00056172458178843
7.77624823385457,-6.91333968477984e-05,-1.20660539808166e-06,0.999999999999272,-8.44456885038096e-05,-0.000444444026009933,0.00262452701810774,-0.000120471844124031
7.77880727676847,-6.85246680358833e-05,-1.19598107606199e-06,0.999999999999285,4.15167794255538e-06,-0.000442355074588253,0.000816301833133389,-9.53150240678848e-05
7.78289013915387,-7.50788785057961e-05,-1.31037362863057e-06,0.999999999999141,-2.8017734072473e-05,-0.000436361417905434,0.00146800360067257,-0.000454155735050613
7.78813040129497,-0.000121859416327864,-2.12684803947816e-06,0.999999999997738,-0.000155807932669114,-0.000415052258559192,0.00406643003202394,-0.00312809088537245
7.79001836911748,-7.82486887003567e-05,-1.36569725318888e-06,0.999999999999067,0.000403158770617549,-0.000428885235376695,-0.00732691344234816,-0.000654353425200666
7.79190633693999,-6.89712463576794e-05,-1.20377533814536e-06,0.999999999999275,8.57651878981679e-05,-0.000430512685317246,-0.000862011481945227,-0.00013792883043459
7.79522037425424,-6.38914449642349e-05,-1.11511607848242e-06,0.999999999999378,2.67526437563003e-05,-0.000429394431421275,0.000337429482512172,0.000129676104740074
7.7996727209176,-1.68268318683934e-05,-2.9368361878297e-07,0.999999999999957,0.000184494272752666,-0.000442222706764378,-0.00288123911120109,0.00264491902089987
7.80351215690634,4.54821307659293e-05,7.93812932687993e-07,0.999999999999685,0.000283243829213397,-0.000461028241342706,-0.00489799403700664,0.00608168371037283
7.80596041575217,-5.92300820183108e-05,-1.03375994744563e-06,0.999999999999466,-0.000746478618160732,-0.000421659334981703,0.0160803692910501,0.000398625910800619
7.808408674598,-6.87275124644009e-05,-1.19952137920895e-06,0.999999999999281,-6.77058441127897e-05,-0.000416159052070569,0.00224661004309449,-0.000135461598518675
7.81151415350263,-7.16426102912195e-05,-1.25039943430463e-06,0.999999999999218,-1.6383320144227e-05,-0.000412439557219877,0.0011977202115736,-0.000299771668160488
7.81550448900793,-8.46589074273485e-05,-1.47757667574778e-06,0.999999999998908,-5.69318647872026e-05,-0.000404379372868839,0.00201992647994902,-0.00101553998346215
7.81906155416532,-6.63899848627659e-05,-1.1587238262042e-06,0.999999999999329,8.96393052799781e-05,-0.000407833256565467,-0.000970992530022873,-6.71719512885299e-05
7.82177327533033,-5.51393058210526e-05,-9.62362433841295e-07,0.999999999999537,7.24120882693004e-05,-0.000409523770498058,-0.000623409941405117,0.000559855350826244
7.82448499649535,-6.0430361983744e-05,-1.05470878478815e-06,0.999999999999444,-3.40545156847961e-05,-0.000405339813994458,0.00154291545811358,0.000281785049655425
7.82804523716019,-5.9372143890376e-05,-1.03623939485471e-06,0.999999999999463,5.18768018013002e-06,-0.000402706140191473,0.000739746003409041,0.00034066447320849
7.83164143634407,-7.20899891809028e-05,-1.25820766893351e-06,0.999999999999208,-6.17230199800582e-05,-0.000395157248710517,0.00209913052502556,-0.000335514829408216
7.83523763552795,-0.000108885690111076,-1.90041380074336e-06,0.999999999998194,-0.000178579132849259,-0.000379059981107577,0.00447618910406635,-0.00231807037303782
7.83832099530106,-9.57756997487069e-05,-1.67160130401566e-06,0.999999999998603,7.420882205305e-05,-0.000381152244834296,-0.000678566200729266,-0.00164907581852422
7.8413868609844,-6.86059583134178e-05,-1.19739985905483e-06,0.999999999999283,0.000154671304596783,-0.000388269737555803,-0.00232152789999055,-0.000204089913169836
7.84507983290427,-1.7325414677559e-05,-3.02385530396752e-07,0.999999999999954,0.000242356115366627,-0.000403455399264598,-0.00411204364351588,0.00252337478929172
7.84807753161134,-2.31261438247636e-05,-4.03627353031868e-07,0.999999999999919,-3.37731815397282e-05,-0.000398926208255821,0.00151088933591021,0.00225013567808014
7.85072584053886,-5.6773979359277e-05,-9.90892869278523e-07,0.999999999999509,-0.000221751137166619,-0.000384789492925367,0.0053380159631431,0.000446074681397915
7.85495824598242,-8.46473245480772e-05,-1.47737451636763e-06,0.999999999998909,-0.000114942118276937,-0.000371424243633209,0.00315783765766066,-0.00099990267864937
7.85734816138558,-7.50704958832041e-05,-1.31022732426639e-06,0.999999999999142,6.99385391968802e-05,-0.000372889945428722,-0.000613286057561805,-0.000545075783329605
7.85973807678875,-6.75735580809144e-05,-1.1793810757993e-06,0.999999999999305,5.47493222119752e-05,-0.000373622056942048,-0.00030633365195975,-0.000155706398998138
7.86339231098102,-7.00364328177115e-05,-1.22236634902057e-06,0.999999999999253,-1.17631413203248e-05,-0.000369801114129288,0.00104562067227039,-0.000297935636348646
7.86864580423696,-6.52636860062801e-05,-1.13906620279709e-06,0.999999999999351,1.58561441245538e-05,-0.000367291148926892,0.000477770709909728,-0.000176507799809531
7.87067462342446,-6.40124897391504e-05,-1.11722870834703e-06,0.999999999999376,1.07636474382175e-05,-0.000366118620519128,0.000577936375499267,-3.93584939365277e-06
7.87270344261195,-6.43059025737635e-05,-1.12234972837863e-06,0.99999999999937,-2.52413820964195e-06,-0.000364401827716038,0.000846202960654638,-6.99556450493274e-06
7.87607818886243,-6.04862355378796e-05,-1.05568396227261e-06,0.999999999999443,1.97543048152126e-05,-0.000363088309528338,0.000389219837642825,0.000192260970086646
7.88063716019181,-2.27614789511603e-05,-3.97262750321123e-07,0.999999999999921,0.000144423196458578,-0.0003729149884625,-0.00215545969127735,0.00222115459562198
7.88491528012099,8.74571865843884e-06,1.52641586042859e-07,0.999999999999988,0.000128538784668847,-0.000380771273986005,-0.0018363873976333,0.00411691530707369
7.88678916485193,-4.81015687643151e-05,-8.39530750311661e-07,0.999999999999648,-0.00052947351561728,-0.000359095212846417,0.011567446375778,0.000873541484705092
7.88866304958288,-6.07309406021282e-05,-1.05995487134005e-06,0.999999999999438,-0.000117629498436336,-0.000353147702301881,0.00317389348785588,0.000163166436827634
7.89176094191181,-6.6218344761788e-05,-1.15572814131368e-06,0.999999999999332,-3.09156225602689e-05,-0.000348797249740831,0.00140432658695584,-0.000137930844540889
7.89596976603694,-9.54485258446438e-05,-1.66589104216317e-06,0.999999999998612,-0.000121212691640831,-0.00033515945193712,0.00324028693009034,-0.00171208424235349
7.89991138278575,-0.000150963781225822,-2.63481503364794e-06,0.999999999996529,-0.000245818924881831,-0.000312397438311101,0.00577479117748568,-0.00477076986317679
7.90248620976471,-6.73716874109092e-05,-1.17585776794451e-06,0.999999999999309,0.000566623418826363,-0.000340162733958171,-0.0107833636488677,-0.000252238473578428
7.90506103674367,-5.87467393141041e-05,-1.02532402584173e-06,0.999999999999474,5.84636339966853e-05,-0.000341274131048524,-0.000431639523522538,0.000225724776544455
7.90813561410686,-5.67230307950924e-05,-9.90003649084337e-07,0.99999999999951,1.14878803117147e-05,-0.000339667754382097,0.000522470725784937,0.00033346579731363
7.91200386975611,-4.86101864902665e-05,-8.48407804263514e-07,0.99999999999964,3.66045726187473e-05,-0.00033964093336008,6.93362188257964e-06,0.000774497696339159
7.91528011317263,-6.74982643338782e-05,-1.17806695200736e-06,0.999999999999306,-0.000100621079032797,-0.000330469872385724,0.00279926116848354,-0.000237736727750809
7.91855635658914,-8.78812912454702e-05,-1.53381788313692e-06,0.999999999998824,-0.00010858501213201,-0.000320778802703535,0.00295798219183987,-0.00134693987981013
7.92162834366388,-8.19381381798317e-05,-1.43009029419165e-06,0.999999999998977,3.37656332601468e-05,-0.000320613121915072,5.39327752468685e-05,-0.00105302772881545
7.92491099810971,-6.77318852720624e-05,-1.18214440658027e-06,0.999999999999301,7.55321316034935e-05,-0.000323240963903468,-0.0008005234884621,-0.000311312614141992
7.92786768234007,-5.34568096880387e-05,-9.32997336668143e-07,0.999999999999565,8.42657012047187e-05,-0.000326143786043992,-0.000981782941416912,0.000457955970263361
7.93082436657043,-5.35789397972309e-05,-9.35128909189366e-07,0.999999999999563,-7.20933435953561e-07,-0.000323935750821321,0.000746794398941332,0.000454528121075068
7.93434425970616,-5.23523136948479e-05,-9.13720245011887e-07,0.999999999999583,6.08219151888618e-06,-0.000321807215395006,0.000604715922967058,0.000523324419184353
7.93777573210285,-6.82478373887649e-05,-1.19114946979935e-06,0.999999999999291,-8.08484500867313e-05,-0.000313666504879797,0.00237236660363821,-0.000326858410599668
7.94120720449953,-9.62936434384679e-05,-1.68064112674191e-06,0.999999999998588,-0.00014264770348015,-0.000301217280068288,0.00362795423431774,-0.0018458609953099
7.94426331447537,-8.53712145939707e-05,-1.49000878109087e-06,0.99999999999889,6.23774494893237e-05,-0.000302907995090962,-0.000553224535780335,-0.00129017980366725
7.94743562184852,-6.52131131625903e-05,-1.13818354016261e-06,0.999999999999352,0.00011090515500035,-0.000307810228800282,-0.00154532115986086,-0.000226683399291824
7.95042796106165,-5.05708570372003e-05,-8.82627960854375e-07,0.999999999999611,8.5403278541028e-05,-0.000310889026850842,-0.00102889339452192,0.000562312867348438
7.95342030027479,-5.09402377489744e-05,-8.89074870468191e-07,0.999999999999605,-2.15447152031628e-06,-0.00030863853192827,0.00075208549642225,0.000546285708606333
7.95688695570585,-5.17479577068649e-05,-9.03172243167444e-07,0.999999999999592,-4.06656299698661e-06,-0.000305908003952671,0.00078765485347422,0.000506639693981842
7.96017128323313,-6.7576227357609e-05,-1.17942766346627e-06,0.999999999999304,-8.41132371859798e-05,-0.000297975745964131,0.00241518482022331,-0.000345522895836604
7.96345561076042,-8.27280699738307e-05,-1.4438772048631e-06,0.999999999998958,-8.05186264768356e-05,-0.000290295401980008,0.00233848296807083,-0.00117511104411964
7.96666262093659,-7.95813312165064e-05,-1.38895625284773e-06,0.999999999999035,1.71252814922329e-05,-0.000289187587994427,0.000345435132638873,-0.00103088224737221
7.97019483955719,-6.19322076157959e-05,-1.08092093592414e-06,0.999999999999416,8.72073192545991e-05,-0.000293023977500689,-0.00108611326713644,-0.000117934622650763
7.97289905535123,-5.05672310913549e-05,-8.82564676160874e-07,0.999999999999611,7.33507511496877e-05,-0.000295206030435176,-0.00080690784341221,0.000511263948488359
7.97560327114526,-5.5283210054356e-05,-9.64874036519996e-07,0.999999999999534,-3.04374231304688e-05,-0.000291676743784741,0.00130510540550024,0.000260966659036722
7.97919734603062,-5.3590264755641e-05,-9.35326567001274e-07,0.999999999999563,8.22116134505818e-06,-0.000289828981418854,0.000514113485340857,0.000350237959060797
7.98283962605768,-6.61537587646703e-05,-1.1546009030133e-06,0.999999999999333,-6.02024925000681e-05,-0.000282891775768001,0.00190463270240509,-0.000319482653215837
7.98648190608474,-0.000109489272577838,-1.91094830209565e-06,0.999999999998174,-0.000207657674166824,-0.000265024572862218,0.00490549951487726,-0.00265411087822671
7.98951727218523,-9.22037338364523e-05,-1.6092587380779e-06,0.999999999998705,9.93914915138569e-05,-0.000269136262668739,-0.00135459436206319,-0.00176707790575479
7.9924767738516,-6.35754844619151e-05,-1.10960152741069e-06,0.999999999999384,0.000168831535506711,-0.000277341657265977,-0.00277255954625185,-0.000242912283816807
7.99626046367467,-1.47624862633037e-05,-2.57653991075081e-07,0.999999999999967,0.000225163154532514,-0.000292188366375395,-0.0039238705611861,0.00234347195713932
7.99936381699753,-7.51834042927762e-06,-1.31219794776698e-07,0.999999999999991,4.07411542111793e-05,-0.000292713997427667,-0.000169375187929632,0.00276759117362434
8,-3.21482347435527e-05,-5.61092544979001e-07,0.999999999999843,-0.000675706123131296,-0.000283535550828434,0.0144273684829198,0.00144161448748392
8.00318091501236,-4.34570034917443e-05,-7.58467793981538e-07,0.999999999999712,-6.20498341627074e-05,-0.00027742414258283,0.00192127366555141,0.000844712314801451
8.00715224080142,-8.75356203562442e-05,-1.52778478799164e-06,0.999999999998833,-0.000193717925668541,-0.000259153413525626,0.0046006623550093,-0.00146352715089968
8.0094751309045,-7.00123709096365e-05,-1.22194638950035e-06,0.999999999999253,0.000131662878965298,-0.000263875668925031,-0.00203292243276701,-0.00060032952005077
8.01179802100758,-6.14149299183057e-05,-1.0718927369558e-06,0.999999999999426,6.45978267958753e-05,-0.000265428664180291,-0.000668561656533341,-0.000155535771951676
8.01533049681816,-6.34919546647082e-05,-1.1081436574259e-06,0.999999999999386,-1.0262185054903e-05,-0.000262412254667058,0.000853908044946971,-0.000279125296046261
8.02034801393313,-7.26280612807938e-05,-1.26759879868972e-06,0.999999999999197,-3.17796905541229e-05,-0.000255949706984548,0.00128799713771213,-0.000861043004767538
8.02252309944799,-5.73400930016524e-05,-1.00077341627843e-06,0.999999999999499,0.000122673513564839,-0.000260000942368363,-0.00186256372733105,2.18015406941376e-05
8.02469818496285,-5.75104784491743e-05,-1.00374720333516e-06,0.999999999999496,-1.3672046622662e-06,-0.000258559623225459,0.000662649414498504,1.77635568614117e-05
8.02833111695132,-5.32612724141793e-05,-9.29584567428923e-07,0.999999999999568,2.04139896209288e-05,-0.00025777523858734,0.000215909529990581,0.000236455041337828
8.03318906341046,1.73356824074679e-06,3.02564736090372e-08,1,0.000197581642595769,-0.000274284159155478,-0.00339833316546665,0.00320605988797065
8.03610303389847,-5.26289921815104e-05,-9.1854919557358e-07,0.999999999999578,-0.000325605792194946,-0.000253132909639138,0.0072585668260317,0.000284216280023367
8.03901700438649,-7.15827728486699e-05,-1.24935507391617e-06,0.99999999999922,-0.00011352410043389,-0.000244582859188985,0.00293415821653654,-0.000758582650608711
8.04192024468564,-6.85387667126579e-05,-1.19622714439188e-06,0.999999999999285,1.82995288195132e-05,-0.000243871000907612,0.00024519440625728,-0.000616573315728687
8.04522166901859,-6.49988474539868e-05,-1.13444389807336e-06,0.999999999999357,1.87141185402848e-05,-0.000243099402362927,0.000233716864864875,-0.000444622249212728
8.04871937488099,-4.97559984898057e-05,-8.68405996264327e-07,0.999999999999623,7.60606844243981e-05,-0.000246380715698735,-0.000938133012007781,0.000353507145928826
8.05221708074338,-1.83128634598277e-05,-3.19619762842149e-07,0.999999999999949,0.000156898908888282,-0.000255435300620787,-0.00258872108698305,0.00203743477308507
8.05528307683039,-3.10706201848137e-05,-5.42284622861581e-07,0.999999999999853,-7.26239870177899e-05,-0.000249042642541992,0.00208501834228794,0.00137030483611955
8.05844471421371,-5.39894944522341e-05,-9.42294439678558e-07,0.999999999999556,-0.000126519827646169,-0.000238988042378578,0.00318018765101473,0.000142821370296141
8.06140616597594,-6.80530967932022e-05,-1.18775060521949e-06,0.999999999999295,-8.2883729078951e-05,-0.000232212140476771,0.00228803385833436,-0.000632217791550033
8.06436761773817,-6.6131666245494e-05,-1.15421531581361e-06,0.999999999999334,1.13239357242313e-05,-0.00023112957003456,0.000365553967826801,-0.000547920547463317
8.06783998781431,-6.45995085194847e-05,-1.1274741188349e-06,0.999999999999364,7.70113680060571e-06,-0.000229614624237913,0.000436285811542483,-0.000486417980841249
8.07107816150222,-4.94350870210816e-05,-8.62805034527682e-07,0.999999999999628,8.17340605589195e-05,-0.000233097126840381,-0.00107545268973009,0.000315720966497738
8.07431633519012,-3.77784075398779e-05,-6.59357597731073e-07,0.999999999999783,6.28278333422042e-05,-0.000235342092615176,-0.000693281457749592,0.00094118115821137
8.0776107814065,-3.788345657314e-05,-6.61191049237534e-07,0.999999999999781,-5.56527982562459e-07,-0.000233381318432063,0.00059517565451992,0.000942087197069387
8.08131684105088,-5.6060064171595e-05,-9.78432698673484e-07,0.999999999999521,-8.56007943415956e-05,-0.000224765498158165,0.00232479266408154,-6.71848150006631e-06
8.08388434789664,-6.44160866273957e-05,-1.12427280289771e-06,0.999999999999368,-5.68022260446917e-05,-0.000220311196293124,0.00173487438695353,-0.000498885263070401
8.0864518547424,-5.87372889840333e-05,-1.0251590864666e-06,0.999999999999475,3.86030972399324e-05,-0.000220854284800614,-0.000211523684303442,-0.000210345774535942
8.0900658593037,-6.07759871593069e-05,-1.0607410820795e-06,0.999999999999437,-9.84558680249553e-06,-0.00021806139256536,0.000772797097479881,-0.000334838577348033
8.09408575377957,-5.0406954264286e-05,-8.79767317813873e-07,0.999999999999613,4.50195310728488e-05,-0.000219463426067014,-0.000348773707885315,0.00018566874005426
8.09685637776163,-4.34123193866411e-05,-7.5768790922418e-07,0.999999999999713,4.40620630515085e-05,-0.000220384277784544,-0.000332362573734738,0.000574767179120833
8.0996270017437,-4.88784979984791e-05,-8.53090723502815e-07,0.999999999999636,-3.44336925170148e-05,-0.000216880817079916,0.00126450241075965,0.000281863833685508
8.10334177155208,-4.7916961584215e-05,-8.36308747196093e-07,0.99999999999965,4.51763559315064e-06,-0.00021514307884432,0.000467791633191407,0.000333001280183619
8.10643023870454,-5.8712815629312e-05,-1.0247319458477e-06,0.999999999999475,-6.10086458266414e-05,-0.000209584385032799,0.00179982286911886,-0.000256481040184442
8.109518705857,-6.22627338930995e-05,-1.08668970772744e-06,0.99999999999941,-2.00610072315026e-05,-0.000206611463840429,0.000962587926506493,-0.000462159750821212
8.1131684534918,-6.85617343277804e-05,-1.1966280048971e-06,0.999999999999284,-3.01221640974557e-05,-0.000202361367569863,0.00116449045135127,-0.000822564145202551
8.11749949159166,-4.1309900550463e-05,-7.20993778276935e-07,0.99999999999974,0.000109819912837194,-0.000209684399398163,-0.00169082600048002,0.000523244810968601
8.1196581510574,-4.77759240739798e-05,-8.33847178273673e-07,0.999999999999652,-5.22793899582008e-05,-0.000206209786189426,0.00160961618257557,0.000267614546167307
8.12181681052315,-5.18085661733746e-05,-9.04230060462622e-07,0.999999999999591,-3.26049028602134e-05,-0.000203605282628893,0.00120653748396158,5.96758218582091e-05
8.12521182371527,-4.86527411085588e-05,-8.49150522464644e-07,0.99999999999964,1.62236594914916e-05,-0.000202895664276555,0.000209017848291869,0.000220923664818529
8.12985270690673,-1.89480245442812e-05,-3.30705415046399e-07,0.999999999999945,0.000111712595648173,-0.00021097234944948,-0.00174033364765181,0.00182812776677612
8.13270972887725,-5.34706598707437e-05,-9.33239067958347e-07,0.999999999999565,-0.000210895701583675,-0.000197173249227702,0.00482988943178574,-3.86270663820288e-05
8.13556675084776,-6.08973212644978e-05,-1.06285876171004e-06,0.999999999999435,-4.5368812382049e-05,-0.000193017901043573,0.00145443340198678,-0.000458048137017348
8.13877563625724,-6.29321879371969e-05,-1.09837388498772e-06,0.999999999999397,-1.10677443242002e-05,-0.000190602302755384,0.000752784216306858,-0.000584186255984479
8.14255107554474,-6.41133358841794e-05,-1.11898880561573e-06,0.999999999999374,-5.46027072828898e-06,-0.000188203461335857,0.000635380742967947,-0.000680261783012544
8.14508149622954,-5.00760502576312e-05,-8.73991953389708e-07,0.999999999999618,9.68206012928589e-05,-0.000191876355329054,-0.00145149540361445,8.28424981863253e-05
8.14761191691434,-5.03629009594061e-05,-8.78998442597334e-07,0.999999999999614,-1.9785205036076e-06,-0.0001904607939892,0.000559417391881461,6.54829983578152e-05
8.15166353974437,-4.37097752392663e-05,-7.62879493231814e-07,0.999999999999709,2.86598615510461e-05,-0.000190735544398535,-6.78124348838788e-05,0.000413371288025885
8.15685940905721,9.98423587907581e-06,1.74257789385622e-07,0.999999999999985,0.000180361981064625,-0.000207169667839174,-0.00316292086100258,0.00341719417715455
8.15872173646217,-3.84944456130198e-05,-6.71854819677032e-07,0.999999999999774,-0.00045433075130185,-0.000188981529968906,0.00976634818447483,0.000692783310271992
8.16058406386712,-4.86268485360549e-05,-8.48698611822641e-07,0.99999999999964,-9.49584867168098e-05,-0.000184433290423742,0.00244223412761113,0.000125773561928672
8.16402050254993,-5.35166254069991e-05,-9.34041317908448e-07,0.999999999999564,-2.4834636658196e-05,-0.000180958737486201,0.00101109120756834,-0.000143801953538492
8.16860548266068,-0.000119069728300637,-2.07815879829968e-06,0.999999999997841,-0.00024953597458624,-0.000155345879297814,0.00558625284510575,-0.0036611272391419
8.17142232709574,-7.68019357306682e-05,-1.34044665040484e-06,0.999999999999102,0.000261893109436226,-0.000168974369984556,-0.00483821204931129,-0.00143319242243192
8.17423917153079,-5.26720632760702e-05,-9.19300927986086e-07,0.999999999999577,0.000149509755376349,-0.000176158998465169,-0.00255059469780796,-0.000145149050915452
8.17805037566894,-2.08599275039612e-05,-3.64074416671438e-07,0.999999999999934,0.000145682700582056,-0.000185593610583115,-0.00247549377466115,0.00153537314248731
8.18145820066826,1.06256841170703e-05,1.85453173119743e-07,0.999999999999983,0.000161254638926766,-0.00019512129248324,-0.00279582487422979,0.00324546279674101
8.18428087159351,-3.43038381091397e-05,-5.98714921075558e-07,0.999999999999821,-0.000277810667613146,-0.000177767124347043,0.00614813720613678,0.000841228770279716
8.18743102123909,-5.70630741760137e-05,-9.95938525681024e-07,0.999999999999504,-0.000126096741202028,-0.000168146081126809,0.00305415434271582,-0.000387185813000274
8.19058117088466,-6.98435701321805e-05,-1.21900026015382e-06,0.999999999999257,-7.08098851069957e-05,-0.000162082375177533,0.00192489457057893,-0.00109460700802482
8.19367649893482,-6.40741412775813e-05,-1.11830473068157e-06,0.999999999999375,3.2531456388647e-05,-0.000162650358884238,-0.000183497095461787,-0.000808287513257514
8.19722183000025,-5.19605319092437e-05,-9.06882362903754e-07,0.999999999999589,5.96340268020882e-05,-0.0001652688126169,-0.000738563954773307,-0.000189192176651247
8.20002773187393,-3.94814602574508e-05,-6.8908147498775e-07,0.999999999999763,7.76224179321436e-05,-0.000168376937772384,-0.00110770985422861,0.000490191886013471
8.20283363374762,-4.27093218760151e-05,-7.45418288030436e-07,0.999999999999722,-2.00779697861038e-05,-0.000165905724039628,0.000880719941038883,0.000317875819826138
8.2064327025664,-4.10340403977669e-05,-7.16179110337335e-07,0.999999999999744,8.12409519390125e-06,-0.000164813844926618,0.000303378225866349,0.000405942565833299
8.20991144165121,-5.46473415435998e-05,-9.53776037397552e-07,0.999999999999545,-6.82997262133323e-05,-0.000158351425973987,0.00185769004086691,-0.000325164972008288
8.21339018073602,-8.18452705796207e-05,-1.42846944879954e-06,0.99999999999898,-0.000136455594923682,-0.000147067908729338,0.00324356526015767,-0.00180017196001302
8.21651705018399,-7.35968047544895e-05,-1.2845065619129e-06,0.999999999999175,4.60405812529489e-05,-0.000148562065799647,-0.000477844404817836,-0.00139089974445706
8.21973637237234,-5.06506268752463e-05,-8.84020207172059e-07,0.999999999999609,0.000124400830768277,-0.000155249081630821,-0.00207715023223808,-0.00018266663524208
8.2226327543517,-3.65164441600009e-05,-6.37332181712628e-07,0.999999999999797,8.51710952553023e-05,-0.000158957139722325,-0.00128023793751393,0.000582609049528947
8.22552913633105,-3.91017507906149e-05,-6.82454294590472e-07,0.999999999999767,-1.55787852567295e-05,-0.000156725989332278,0.000770323253613947,0.000445889600501403
8.22902551777022,-3.93236268192504e-05,-6.8632676182141e-07,0.999999999999765,-1.10756429134288e-06,-0.000155072753357088,0.00047284199506059,0.000433872375462118
8.23237099571728,-5.37094342222333e-05,-9.37406466561153e-07,0.999999999999561,-7.5050473718133e-05,-0.000148459535697086,0.00197676319039247,-0.000342010406204569
8.23571647366433,-7.09060333842807e-05,-1.2375437420844e-06,0.999999999999234,-8.97143189324846e-05,-0.000140855814812077,0.00227283545291589,-0.00128247124570959
8.23893438319873,-6.75533045208315e-05,-1.17902758449061e-06,0.999999999999305,1.81845253784394e-05,-0.00014062552592704,7.15647480376248e-05,-0.00113078401953375
8.24242135669885,-4.73931409407025e-05,-8.27166352276886e-07,0.999999999999658,0.000100907343345522,-0.000146263054522131,-0.00161673972999455,-8.44193878038908e-05
8.24512416759458,-3.62201864708869e-05,-6.32161509603239e-07,0.9999999999998,7.21489035663813e-05,-0.000149055383609784,-0.0010331204051572,0.00053387807235487
8.2478269784903,-4.11771827959683e-05,-7.1867741648515e-07,0.999999999999742,-3.20096041564834e-05,-0.000146117196343506,0.00108708577093861,0.000269401689526045
8.25141078879893,-3.96501004863905e-05,-6.92024802234065e-07,0.999999999999761,7.43694893307422e-06,-0.000145110872286557,0.000280797243795391,0.000348021890334664
8.25503707209703,-5.21802914305319e-05,-9.10717890112838e-07,0.999999999999585,-6.03077779370413e-05,-0.000139097185130528,0.00165836109913795,-0.000322310074935772
8.25866335539514,-9.2887570961258e-05,-1.62119394745312e-06,0.999999999998686,-0.000195924035420062,-0.000123073072351999,0.00441888056206447,-0.00251849688450861
8.26171824799005,-7.72835640882718e-05,-1.34885265101598e-06,0.99999999999909,8.91492214460028e-05,-0.000127327349049109,-0.00139261089054248,-0.00172185113787959
8.26471788524711,-4.91181535681927e-05,-8.57273502265059e-07,0.999999999999633,0.000163879531631326,-0.000136079320892919,-0.00291767673681379,-0.000225165299257866
8.26845989628293,3.72295724746159e-07,6.497786187919e-09,1,0.0002308307699216,-0.000152112178169866,-0.00428455638518454,0.00239843895558861
8.27152126602005,2.20540945048767e-06,3.84916562656087e-08,0.999999999999999,1.04508350264654e-05,-0.00015148917637539,0.000203504263768077,0.00253065739425033
8.27416027825745,-3.541058560642e-05,-6.18031308891303e-07,0.999999999999809,-0.000248776021517822,-0.000137018423088631,0.00548339756886531,0.000511478229411452
8.27818346301122,-5.8563892320921e-05,-1.02213274378332e-06,0.999999999999478,-0.000100443171175018,-0.000127127968032354,0.00245836461947129,-0.000699580464190027
8.28068702220359,-5.53051670212563e-05,-9.65257257886158e-07,0.999999999999534,2.27178514774213e-05,-0.000127262882377443,-5.38890174835264e-05,-0.000574966238323277
8.28319058139596,-4.77477296733785e-05,-8.33355093152555e-07,0.999999999999653,5.26858582515914e-05,-0.000128931176426415,-0.00066636892551086,-0.000184841945284105
8.28688958019439,-4.96910037375239e-05,-8.67271623840491e-07,0.999999999999624,-9.1691110314509e-06,-0.000126742572812905,0.000591674594336978,-0.000305152264356663
8.29071359795299,-3.85836075364603e-05,-6.7341098880848e-07,0.999999999999773,5.06955373300319e-05,-0.000129155631543778,-0.000631027072361957,0.000263547379797296
8.293686544729,-3.00994475220421e-05,-5.25334462290859e-07,0.999999999999862,4.98079978130476e-05,-0.000130985349016764,-0.000615455845948066,0.00072444379208113
8.29665949150501,-3.49219615210532e-05,-6.09503209797108e-07,0.999999999999814,-2.83115554525061e-05,-0.000128089369272521,0.000974110861188343,0.000466558898531323
8.3,-4.05985534525428e-05,-7.08578429293725e-07,0.999999999999749,-2.96587240071614e-05,-0.000124751554924935,0.000999193491824985,0.000159657774930122
8.30325521173284,-5.18729670317706e-05,-9.05354067482743e-07,0.99999999999959,-6.04494129227035e-05,-0.000119464665264698,0.00162413080750043,-0.000455256206100393
8.30651042346567,-5.80062834338635e-05,-1.01240063276579e-06,0.999999999999488,-3.28846705126019e-05,-0.000116014060190397,0.00106002477181225,-0.000802638967658956
8.31003722722343,-5.84067061859463e-05,-1.01938932818953e-06,0.99999999999948,-1.98159464029651e-06,-0.000114505276196014,0.000427804918565978,-0.000852743270917719
8.31310702105059,-3.69901395397542e-05,-6.45599725740806e-07,0.999999999999792,0.000121763748151693,-0.000120939870168494,-0.00209609971703449,0.00028856684594493
8.31617681487776,-2.83885895952705e-05,-4.95474358434854e-07,0.999999999999877,4.89040553725053e-05,-0.00012282380731234,-0.000613701521963373,0.000752438710165118
8.31939833185235,-2.89090868011655e-05,-5.04558748425151e-07,0.999999999999873,-2.81991063898451e-06,-0.000121412917980309,0.000437958062354515,0.000726965523269403
8.32314238483222,-3.83270861050667e-05,-6.68933845228733e-07,0.999999999999776,-4.39029836615889e-05,-0.000116648309491093,0.00127258041347868,0.000240318530280651
8.32579966481321,-5.02857246587105e-05,-8.77651462045687e-07,0.999999999999615,-7.85455873339226e-05,-0.000111397358623292,0.00197606232891467,-0.000434950797352147
8.32845694479419,-4.61775785422599e-05,-8.05950786160632e-07,0.999999999999675,2.69827328690239e-05,-0.000111865373156701,-0.00017612541273694,-0.000230760401177501
8.33209780978507,-4.85980941418928e-05,-8.48196752970096e-07,0.99999999999964,-1.160327749458e-05,-0.000109652199709922,0.000607870232025347,-0.000377100788961157
8.33597572905592,-3.69907770288819e-05,-6.4561085202503e-07,0.999999999999792,5.22408763039743e-05,-0.000112350331070154,-0.000695767800148978,0.000212928355286514
8.33880803903569,-2.9380275122667e-05,-5.12782536032298e-07,0.999999999999869,4.68975207309622e-05,-0.000114019159987691,-0.000589211254931965,0.000632466567153016
8.34164034901545,-3.48477835640557e-05,-6.08208560215098e-07,0.999999999999815,-3.36919422183369e-05,-0.000111042699069359,0.00105089518435199,0.000339553406769508
8.34533278266214,-3.50035215318537e-05,-6.10926700523538e-07,0.999999999999813,-7.3613788859226e-07,-0.000109650418630633,0.000377063089535709,0.00033214082928391
8.34810386519849,-4.36859909957287e-05,-7.62464379871988e-07,0.999999999999709,-5.46853720020431e-05,-0.000105565684836633,0.00147405706629912,-0.000148878782894666
8.35087494773484,-4.33174390806873e-05,-7.56031935489988e-07,0.999999999999714,2.32127491607771e-06,-0.000104705210288062,0.000310519278038048,-0.000141344088699854
8.35499286897448,-5.12778716424599e-05,-8.94967693575838e-07,0.9999999999996,-3.37392946587736e-05,-0.000100410610357742,0.00104290482512813,-0.000586797138500947
8.35885423159496,-4.09447451008723e-05,-7.14620613399978e-07,0.999999999999745,4.67055539460059e-05,-0.000102723926543195,-0.000599093225065904,-7.36710509306082e-05
8.36154170731146,-3.04427512412058e-05,-5.31326242524607e-07,0.999999999999859,6.82031728697107e-05,-0.000105517043089809,-0.00103930857103901,0.000508823470271349
8.36422918302795,-3.52929432005748e-05,-6.15978061569337e-07,0.99999999999981,-3.14986358853793e-05,-0.000102855406743165,0.000990385263876161,0.000249902464320966
8.36784589033392,-3.33953785590317e-05,-5.82859310804989e-07,0.99999999999983,9.15715537988763e-06,-0.000102277498882361,0.000159788396437478,0.000348395758207192
8.37149260128408,-4.57497106497908e-05,-7.98483082673479e-07,0.999999999999681,-5.91282870553408e-05,-9.66296921103649e-05,0.00154873990540923,-0.000311691673598332
8.37513931223423,-8.90130553336902e-05,-1.55357089283217e-06,0.999999999998793,-0.00020705995634982,-7.99985710877175e-05,0.00456058109621946,-0.00264372880225815
8.37818007657484,-7.20937597573981e-05,-1.25827347790805e-06,0.999999999999208,9.71128906573198e-05,-8.49846439430961e-05,-0.00163974326743687,-0.00177761263563817
8.38113999472356,-4.3187664838974e-05,-7.53766947687811e-07,0.999999999999716,0.000170446108598957,-9.42669298251977e-05,-0.00313599411055345,-0.000239639277991748
8.38491429681195,5.4307076759855e-06,9.47837296592762e-08,0.999999999999996,0.000224823201077995,-0.000110293738397645,-0.00424629724837011,0.00233550811212135
8.38801278487465,1.21056068954134e-05,2.11282698277091e-07,0.999999999999978,3.75986501353169e-05,-0.000111636895063888,-0.000433487765343845,0.00272779227856423
8.39064165807125,-2.84023446598105e-05,-4.95714429599902e-07,0.999999999999877,-0.000268935424040854,-9.63613996707824e-05,0.00581066268729401,0.000554546456938894
8.3945305248857,-4.89549377171461e-05,-8.54424848272852e-07,0.999999999999635,-9.2240345526847e-05,-8.77744058435856e-05,0.00220809666077614,-0.000524175388006616
8.39711731288352,-4.95018421956423e-05,-8.63970132116511e-07,0.999999999999627,-3.69001396778445e-06,-8.67358548402655e-05,0.00040148284443654,-0.000596437854724763
8.39970410088135,-4.2119618588604e-05,-7.35126024055281e-07,0.99999999999973,4.98085301809533e-05,-8.85214493422911e-05,-0.000690274774557707,-0.000215559094302989
8.40341308650039,-4.35940095237716e-05,-7.60859000335506e-07,0.999999999999711,-6.93800918183513e-06,-8.68005795451261e-05,0.000463973165150165,-0.000311654649002084
8.40694831717213,-3.19006919539372e-05,-5.56772108260638e-07,0.999999999999845,5.77294414495519e-05,-8.9827057039289e-05,-0.000856090528506535,0.000297561608822977
8.41048354784387,-5.51614635929349e-06,-9.62749159915694e-08,0.999999999999995,0.00013025944698606,-9.80863278584765e-05,-0.00233627493821238,0.00170803041052842
8.4137046318577,-9.4578300677374e-06,-1.65070274776135e-07,0.999999999999986,-2.13578281377726e-05,-9.56672176929452e-05,0.00075102361663018,0.00151312368260725
8.41698874086448,-3.61767398779895e-05,-6.31403223508406e-07,0.999999999999801,-0.000141996793580433,-8.51346475924969e-05,0.00320713169955168,8.88165585339294e-05
8.41976094702636,-4.85165787703249e-05,-8.46774041345251e-07,0.999999999999642,-7.76893222440107e-05,-7.98820039155985e-05,0.00189475218298401,-0.000604311857079374
8.42253315318824,-4.35376347166212e-05,-7.59875074335556e-07,0.999999999999711,3.13465023650629e-05,-8.07934044575583e-05,-0.000328763623172498,-0.000354880626345852
8.42606267728763,-4.37246119005619e-05,-7.63138441821426e-07,0.999999999999709,-9.2459135961953e-07,-7.96398843169389e-05,0.000326820304419072,-0.000382748767584582
8.42955633632503,-3.02135630539062e-05,-5.27326154049552e-07,0.999999999999861,6.74972243277896e-05,-8.33767025395712e-05,-0.00106960014776303,0.000323614631655291
8.43304999536243,-3.04753152230129e-06,-5.31894591224724e-08,0.999999999999999,0.000135713499758267,-9.19773423355356e-05,-0.00246178568197511,0.00177733425061614
8.43620073894783,-1.04610290760274e-05,-1.82579400523538e-07,0.999999999999983,-4.10664777675557e-05,-8.83907175631065e-05,0.00113834232307881,0.00139539107803538
8.43945171812826,-3.43248075044557e-05,-5.99080906065975e-07,0.999999999999821,-0.000128115709891023,-7.89300456634235e-05,0.00291009919614888,0.000121312845306917
8.44230077299863,-4.74594216125013e-05,-8.28323168230209e-07,0.999999999999657,-8.04625648136033e-05,-7.34110262639641e-05,0.00193714043799777,-0.000609504273979433
8.44514982786899,-4.35527962570739e-05,-7.6013969313613e-07,0.999999999999711,2.39319627723965e-05,-7.39574889975768e-05,-0.000191804917236508,-0.000417901008438948
8.44866444936598,-4.32050849854923e-05,-7.54070986600736e-07,0.999999999999716,1.72670273046171e-06,-7.30482106815997e-05,0.000258713012697202,-0.000418172671134904
8.45203582800203,-2.90985461944988e-05,-5.07865438637649e-07,0.999999999999871,7.30281509561059e-05,-7.70812788938792e-05,-0.00119626676433268,0.000323555922181449
8.45540720663807,-1.07818060497542e-05,-1.88178014879653e-07,0.999999999999982,9.48239454151721e-05,-8.26184968457943e-05,-0.00164241948166765,0.00130484140635499
8.45863490712755,-1.36595784028582e-05,-2.38404617564182e-07,0.999999999999972,-1.5561110099332e-05,-8.06661472682899e-05,0.000604873216664669,0.00116132646770898
8.46210935850979,-3.46568900498138e-05,-6.04876839870876e-07,0.999999999999817,-0.000105476284451782,-7.22057743928166e-05,0.0024350241073242,5.07398952113882e-05
8.46480461403679,-4.533761380522e-05,-7.91290635898642e-07,0.999999999999687,-6.91636819441305e-05,-6.76423015799129e-05,0.00169315034036039,-0.000557131114016804
8.4674998695638,-3.99322873232772e-05,-6.96949891643524e-07,0.999999999999757,3.50025232524201e-05,-6.88038854799465e-05,-0.000430973571298129,-0.000283755183788411
8.47108067982439,-4.10453713300719e-05,-7.16376872413378e-07,0.999999999999743,-5.42530303368708e-06,-6.74039709102614e-05,0.000390949105874397,-0.000360096595743292
8.47471610837323,-2.82082854290234e-05,-4.9232745707878e-07,0.999999999999879,6.16294371694767e-05,-7.09577526313011e-05,-0.000977541347134195,0.000306279777806282
8.47835153692206,1.37721944940808e-05,2.40370139146742e-07,0.999999999999971,0.000201543665728225,-8.48837501532001e-05,-0.00383063436258597,0.0025502421344903
8.48140325022982,-2.00290467295511e-06,-3.49572811466468e-08,0.999999999999999,-9.02206047972169e-05,-7.84366383396614e-05,0.00211262040806878,0.00172790926896666
8.48439176844914,-3.02327762904245e-05,-5.2766148828676e-07,0.999999999999861,-0.00016486571972512,-6.75828686918376e-05,0.00363182314822447,0.000210720726981705
8.48812952813469,-7.84111723991143e-05,-1.36853312871302e-06,0.999999999999064,-0.000224966747776322,-4.94377468069607e-05,0.00485454481063776,-0.00236365784330175
8.49119896081665,-8.08283106129205e-05,-1.41072014901967e-06,0.999999999999005,-1.37442402808011e-05,-4.77542207054257e-05,0.000548481193748259,-0.00254353662375766
8.4938453790663,-4.30964180705471e-05,-7.52174391146957e-07,0.999999999999717,0.000248844171914622,-6.04669641193728e-05,-0.00480375443890758,-0.000533020665485949
8.49785965612351,-1.92469303224657e-05,-3.35922305028954e-07,0.999999999999944,0.000103692914112872,-6.78854205540394e-05,-0.00184801804383457,0.000693319140939272
8.50036475662147,-2.23532754563123e-05,-3.90138255317877e-07,0.999999999999924,-2.16422256643885e-05,-6.61213801830675e-05,0.000704179481982882,0.000563011562319779
8.50286985711944,-2.97033434031737e-05,-5.18421141235895e-07,0.999999999999866,-5.12086784630999e-05,-6.28518594984379e-05,0.0013051455170305,0.000170175945446063
8.50656869172525,-2.74067703088482e-05,-4.78338379227206e-07,0.999999999999886,1.08365921378682e-05,-6.27071836040373e-05,3.91139128451426e-05,0.000289073435160679
8.51038014543266,-3.81680321867339e-05,-6.66157830665628e-07,0.999999999999778,-4.9277642038191e-05,-5.78973523127187e-05,0.00126194141672997,-0.000282494256493765
8.51336424680996,-4.64547513193051e-05,-8.10788363716965e-07,0.999999999999671,-4.84670306951627e-05,-5.41866927918682e-05,0.00124347636077975,-0.000748877459908013
8.51634834818727,-4.13950059673836e-05,-7.22479148013482e-07,0.999999999999739,2.95932357979164e-05,-5.52274767906139e-05,-0.000348776354134875,-0.000494753588052593
8.52004948634729,-3.74140060233052e-05,-6.5299759146762e-07,0.999999999999787,1.87730242811235e-05,-5.57092000277385e-05,-0.00013015543227432,-0.000307965148954261
8.5229114621538,-2.49549507478936e-05,-4.35546055223752e-07,0.999999999999905,7.59795158817809e-05,-5.94228656510798e-05,-0.00129758805608898,0.000364526723792982
8.52577343796031,-2.60555793485044e-05,-4.54755648146025e-07,0.999999999999897,-6.71200395146208e-06,-5.83186975098034e-05,0.000385806245729006,0.000305885644412127
8.52944540983784,-2.25241329490722e-05,-3.93120281118239e-07,0.999999999999923,1.67853592247984e-05,-5.86667035321296e-05,-9.47736077324485e-05,0.000494972696017261
8.53298162321478,-3.7004382541501e-05,-6.45848313016654e-07,0.999999999999791,-7.14685469905933e-05,-5.26495191711575e-05,0.00170158972878003,-0.000277682904716672
8.53651783659172,-7.51136767567016e-05,-1.3109809726828e-06,0.999999999999141,-0.000188091777494049,-3.82357789768261e-05,0.00407603802653242,-0.00233410763186607
8.53951867637866,-5.92755541936154e-05,-1.03455358662274e-06,0.999999999999465,9.21166758927815e-05,-4.31435230909252e-05,-0.00163545689291663,-0.00152128404924965
8.54250686346577,-3.55930441174342e-05,-6.21215810656787e-07,0.999999999999807,0.000138323928160243,-5.08487445987905e-05,-0.00257856060656829,-0.000264207911416709
8.54564619063339,-2.00193234215452e-05,-3.49403107727573e-07,0.999999999999939,8.65831079132147e-05,-5.56389545795583e-05,-0.00152587154030005,0.000567558174061585
8.54878551780102,-1.56839057365695e-05,-2.7373579467556e-07,0.999999999999963,2.41030351447229e-05,-5.64375715853689e-05,-0.000254391136434221,0.000803603831528725
8.5521603459989,-1.84394416163335e-05,-3.21828968434278e-07,0.999999999999948,-1.42505546767959e-05,-5.46644003610637e-05,0.000525410812146721,0.000661461421013662
8.55541719936314,-3.71159937839185e-05,-6.47796296679081e-07,0.99999999999979,-0.000100086584131712,-4.72625409480207e-05,0.00227270269343735,-0.00034354245016452
8.55867405272738,-5.38514061706756e-05,-9.39884344506942e-07,0.999999999999558,-8.96841261061646e-05,-4.05566432959526e-05,0.00205901123019368,-0.00125983686860095
8.56179260092589,-4.80352561339898e-05,-8.38373376576826e-07,0.999999999999649,3.25507131743603e-05,-4.19081717341503e-05,-0.000433383854334178,-0.000972577103205187
8.56523132628284,-3.2913309682433e-05,-5.74445621686953e-07,0.999999999999835,7.67516237831794e-05,-4.65014174270282e-05,-0.00133574078069388,-0.000188879079565176
8.56805801713215,-1.99173160625908e-05,-3.47622743452555e-07,0.99999999999994,8.02432562761023e-05,-5.04826237307894e-05,-0.00140843357692772,0.000518850403666845
8.57088470798146,-2.30808467350791e-05,-4.02836769675302e-07,0.999999999999919,-1.9533096884736e-05,-4.8721014090421e-05,0.00062320562604114,0.000351456445411591
8.57445207693091,-2.18935482794686e-05,-3.82114502421057e-07,0.999999999999927,5.80883770303759e-06,-4.83457558856197e-05,0.00010519186832596,0.000415185159071339
8.57790477375772,-3.57417128490072e-05,-6.23810569517499e-07,0.999999999999805,-7.00021111670712e-05,-4.26550820121746e-05,0.00164818232207911,-0.000327717309082371
8.58135747058453,-6.07941325080398e-05,-1.06105777815881e-06,0.999999999999437,-0.000126639328783926,-3.29858308935069e-05,0.00280049236978742,-0.00168672930321555
8.58450061186436,-5.35788676131175e-05,-9.35127649338919e-07,0.999999999999563,4.00650551815992e-05,-3.48656023588354e-05,-0.000598055034112252,-0.0013303965935359
8.58777069312979,-3.13194503032046e-05,-5.46627527705629e-07,0.999999999999851,0.000118804424141024,-4.20731159524311e-05,-0.00220407782210106,-0.000159674066439113
8.59062833599152,-1.77295858954349e-05,-3.09439648890482e-07,0.999999999999952,8.30012322364428e-05,-4.62909713200136e-05,-0.00147599107784613,0.000579833990284114
8.59348597885325,-2.10111054668472e-05,-3.66712969880256e-07,0.999999999999933,-2.00421549371385e-05,-4.45127851237125e-05,0.00062225627285884,0.00040691629041878
8.59700320681674,-2.08666809097395e-05,-3.64192285837992e-07,0.999999999999934,7.16667804425906e-07,-4.38174565482771e-05,0.000197692211779283,0.0004155230818081
8.60038477994819,-3.48496304467306e-05,-6.08240794398674e-07,0.999999999999815,-7.21701110916144e-05,-3.81324040418057e-05,0.00168118573382568,-0.000336486430910726
8.60376635307963,-5.39720033882809e-05,-9.41989163022897e-07,0.999999999999556,-9.86961853703385e-05,-3.06252092644938e-05,0.00222003028930705,-0.00137826166943959
8.60697326953707,-4.99767249306885e-05,-8.72258399403938e-07,0.99999999999962,2.1743866590989e-05,-3.13812087171024e-05,-0.000235740301514607,-0.00119171618656131
8.61040745949585,-2.88496970397821e-05,-5.03522201547038e-07,0.999999999999873,0.000107372102965443,-3.8188287377526e-05,-0.00198214971860273,-8.94903073407779e-05
8.61313774545587,-1.72449254112948e-05,-3.00980727687928e-07,0.999999999999955,7.41832455738545e-05,-4.17574846951708e-05,-0.0013072613528059,0.000551621625004165
8.61586803141589,-2.20838611649252e-05,-3.85436088881246e-07,0.999999999999926,-3.09327896161676e-05,-3.94823028014284e-05,0.000833312673857947,0.000294931051559859
8.61943930812947,-2.08570568948976e-05,-3.64024315091741e-07,0.999999999999934,5.99555159310777e-06,-3.91989606691546e-05,7.93391705539719e-05,0.000359722173969368
8.62300604392999,-3.36843744413549e-05,-5.87903240476235e-07,0.999999999999827,-6.27685755001587e-05,-3.39243283549379e-05,0.00147884020830387,-0.000326131743857683
8.62657277973052,-6.75874067709908e-05,-1.17962278103822e-06,0.999999999999304,-0.000165899459240783,-2.11604033308315e-05,0.00357860120231479,-0.00215735821027081
8.62967117763256,-5.60461017008965e-05,-9.78189007588082e-07,0.999999999999522,6.50122352968267e-05,-2.46559727153272e-05,-0.00112818608036121,-0.0015736076059762
8.63278029014839,-2.98910605880812e-05,-5.21697424175105e-07,0.999999999999864,0.00014682375793379,-3.33510113103395e-05,-0.00279663040521766,-0.0001872237418072
8.63647816853103,2.47107016164447e-05,4.31283103684832e-07,0.999999999999907,0.000257710078387631,-5.20537489205189e-05,-0.00505769408154247,0.00271485477494704
8.63944281844599,1.50100398881435e-05,2.61974616903782e-07,0.999999999999966,-5.71090994341793e-05,-4.80341944868767e-05,0.00135582768587856,0.00223229013563459
8.64206909912086,-1.84814590080215e-05,-3.22562310262335e-07,0.999999999999948,-0.000222572146519253,-3.56222596940931e-05,0.00472605038432709,0.000434127153586635
8.64634201667171,-4.52434278782164e-05,-7.89646781363387e-07,0.999999999999688,-0.000109312774127419,-2.52958549550118e-05,0.00241671050662505,-0.000954251033974481
8.64872461843673,-3.60473912368342e-05,-6.29145663837266e-07,0.999999999999802,6.73638036715207e-05,-2.81193751033848e-05,-0.00118505752401741,-0.000521677846679641
8.65110722020174,-2.87284327182016e-05,-5.01405739870262e-07,0.999999999999874,5.36136276915772e-05,-3.02776281577949e-05,-0.000905838770917259,-0.00014335398504464
8.65476107998588,-3.1229441025911e-05,-5.45056569459515e-07,0.999999999999851,-1.1946498269787e-05,-2.87111528531627e-05,0.000428717957769525,-0.000289638300842499
8.65998882348787,-3.04523216223263e-05,-5.31493277185829e-07,0.999999999999859,2.59448312040142e-06,-2.80298219941972e-05,0.000130329817961954,-0.000379000195632162
8.66203294731288,-2.54152917306543e-05,-4.4358052105479e-07,0.999999999999902,4.30075492762899e-05,-2.94491630885647e-05,-0.000694351818123863,-9.96086292641624e-06
8.66407707113789,-2.53986251438407e-05,-4.43289634239824e-07,0.999999999999902,1.42303911048451e-07,-2.90853900417398e-05,0.000177960377142398,1.74052240859556e-06
8.66748658178618,-2.14951099705376e-05,-3.75160442064133e-07,0.99999999999993,1.99821027718089e-05,-2.98611932616974e-05,-0.000227540928885735,0.000203682461150331
8.67208684343552,1.90300051708775e-05,3.32136246903352e-07,0.999999999999945,0.000153751404351042,-4.34550915531584e-05,-0.00295502719794776,0.00238178446276401
8.67635372247889,4.97921969360796e-05,8.69037778335912e-07,0.999999999999622,0.000125830033140219,-5.36432375598785e-05,-0.00238772786928391,0.00424723290504227
8.67821568124301,-8.08439349056921e-06,-1.41099284437229e-07,0.99999999999999,-0.000542513122330823,-3.27360057247879e-05,0.0112286223723042,0.000937742605713751
8.68007764000713,-2.14304077706685e-05,-3.74031175643134e-07,0.99999999999993,-0.000125100456408964,-2.76661078887239e-05,0.00272288405831792,0.000186558759092025
8.68314221498443,-2.70998819379119e-05,-4.72982166718286e-07,0.999999999999888,-3.2288650729078e-05,-2.51202503661487e-05,0.000830737554614154,-0.000125548975849095
8.68730967153988,-5.42972876056536e-05,-9.47666443620822e-07,0.999999999999551,-0.000113902633557601,-1.47340145221875e-05,0.00249222414337548,-0.00159187579923529
8.69125825198164,-0.00010836322006605,-1.89129497821463e-06,0.999999999998212,-0.000238979184674627,5.16308193032062e-06,0.0050390505514489,-0.00456927479008489
8.69387047615013,-2.78644591592717e-05,-4.86326556616763e-07,0.999999999999882,0.000537843741952868,-2.30258227612189e-05,-0.0107911507104164,-0.000222522915533517
8.69648270031862,-1.88151714866084e-05,-3.28386691768667e-07,0.999999999999946,6.04618343071087e-05,-2.58074632077646e-05,-0.00106485518360257,0.000277795928923975
8.69953280875282,-1.72590558164967e-05,-3.01227349783342e-07,0.999999999999955,8.90438571979217e-06,-2.58547280480048e-05,-1.54961180101558e-05,0.000360612093656992
8.70334152296125,-1.08087737977838e-05,-1.88648690874618e-07,0.999999999999982,2.95581796763416e-05,-2.75220100515252e-05,-0.000437754557647935,0.000711647637151845
8.7066038528928,-2.88657344734141e-05,-5.03802107567487e-07,0.999999999999873,-9.66037841988462e-05,-2.05682302904026e-05,0.00213153786006518,-0.000257871710640012
8.70986618282435,-4.66338946398028e-05,-8.13915004492604e-07,0.999999999999669,-9.505871675519e-05,-1.37215782044005e-05,0.00209870007928634,-0.00122728702030946
8.7129876196514,-4.22925884744398e-05,-7.38144918069913e-07,0.999999999999728,2.42741053626835e-05,-1.47647708057046e-05,-0.000334202695458921,-0.00101847149204638
8.71636111215865,-2.80763623258054e-05,-4.90024964568177e-07,0.99999999999988,7.35498753795206e-05,-1.92838307870522e-05,-0.00133957907765895,-0.000279876627683543
8.71923588792029,-1.4021010656109e-05,-2.44712800406309e-07,0.99999999999997,8.53326257424786e-05,-2.38284729725405e-05,-0.0015808684093294,0.000481974109678891
8.72211066368193,-1.58474461344174e-05,-2.76590113078028e-07,0.999999999999962,-1.10886257971975e-05,-2.27282595826809e-05,0.000382712768258011,0.000387210500129143
8.72565681859325,-1.44595580332511e-05,-2.52366896063425e-07,0.999999999999968,6.83084005645648e-06,-2.26704589669732e-05,1.62995179717615e-05,0.000463393900868326
8.72914222976021,-2.91158692696727e-05,-5.08167783336003e-07,0.999999999999871,-7.33918826269269e-05,-1.69209896795983e-05,0.00164958135839642,-0.000319688739060182
8.73262764092718,-5.98292746552042e-05,-1.04421783181312e-06,0.999999999999455,-0.000153798224312171,-5.46584727443287e-06,0.0032865971492066,-0.0019803931597213
8.73569325836288,-4.82749934075864e-05,-8.4255758134084e-07,0.999999999999645,6.5781283771521e-05,-9.11084908095265e-06,-0.00118899434876601,-0.00139238972637976
8.73882912510627,-2.59472427182447e-05,-4.52864817247478e-07,0.999999999999897,0.000124269554793478,-1.6580350829005e-05,-0.00238195764019111,-0.000211154899635136
8.74182420752488,-1.11005516739263e-05,-1.93741175497781e-07,0.999999999999981,8.65163643375587e-05,-2.14138756209375e-05,-0.00161382029485899,0.000589479229033183
8.7448192899435,-1.15399664651934e-05,-2.01410410387355e-07,0.99999999999998,-2.56060896418558e-06,-2.0814507094293e-05,0.000200117540312028,0.000570457718814353
8.74827288928829,-1.27379550625194e-05,-2.22319255812043e-07,0.999999999999975,-6.05421860997891e-06,-1.98817725862427e-05,0.000270076061212814,0.000510626288398861
8.75154575844991,-2.85188871609871e-05,-4.97748479963943e-07,0.999999999999876,-8.41552810548624e-05,-1.37935045611148e-05,0.00186022346891326,-0.000338693827403236
8.75481862761153,-4.28457514611711e-05,-7.47799433488538e-07,0.99999999999972,-7.64011456543769e-05,-8.2264642039311e-06,0.00170096636384579,-0.00112326752576422
8.75803959631351,-4.01917812454802e-05,-7.01478914974879e-07,0.999999999999754,1.43809278510691e-05,-8.70989996302214e-06,-0.00015009017591336,-0.00100425832405425
8.76160547966085,-2.25566241268503e-05,-3.93687359148319e-07,0.999999999999923,8.63156547328417e-05,-1.44764683992801e-05,-0.00161715005078875,-9.28782651934081e-05
8.76428447246187,-1.16661692888858e-05,-2.03613065186102e-07,0.999999999999979,7.09499084468938e-05,-1.79728344130127e-05,-0.00130510466933765,0.000513546878174522
8.76696346526289,-1.65862316501031e-05,-2.89484352792787e-07,0.999999999999958,-3.20535716161713e-05,-1.58491162954863e-05,0.000792730057623965,0.000253180038810236
8.77056440513254,-1.47682177473229e-05,-2.57754024342242e-07,0.999999999999967,8.81167961674983e-06,-1.59971929590894e-05,-4.11216707202216e-05,0.000350045889210907
8.77426053235402,-2.70581601865347e-05,-4.72253984787056e-07,0.999999999999889,-5.80337059823879e-05,-1.11196256073081e-05,0.00131964271236021,-0.000302297010279607
8.7779566595755,-7.77213858601954e-05,-1.35649408247296e-06,0.99999999999908,-0.000239234215897041,7.39994770219511e-06,0.00501053459466452,-0.00302606928687229
8.78095524532725,-5.59693653031901e-05,-9.76849704791986e-07,0.999999999999523,0.000126607810852241,6.73643500627917e-08,-0.00244534722672637,-0.00190192637719078
8.78382406111092,-2.52139426959566e-05,-4.40066317453604e-07,0.999999999999903,0.000187109744164524,-1.04874488919956e-05,-0.00367915336429814,-0.000259535436913966
8.78766061501385,2.01585844612334e-05,3.51833671389884e-07,0.999999999999938,0.000206409191393946,-2.611616347912e-05,-0.00407363352178629,0.00214137440105508
8.79085043058302,3.90443876967779e-05,6.81453119733887e-07,0.999999999999768,0.000103334955014448,-3.24143405166667e-05,-0.00197446432277444,0.00318980982692843
8.79346978984523,-8.04943544513537e-06,-1.40489151444347e-07,0.99999999999999,-0.000313795164731842,-1.53252455640654e-05,0.00652415084830993,0.00066782939269694
8.79710025242956,-2.60488775582967e-05,-4.54638679841123e-07,0.999999999999897,-8.65315427717415e-05,-8.45561504070393e-06,0.00189221906679897,-0.000282457100283208
8.79985240143331,-3.21957177835102e-05,-5.61921280365114e-07,0.999999999999842,-3.89813924963791e-05,-5.91780504714414e-06,0.00092211940199989,-0.000642131845787604
8.80260455043707,-2.56637151111009e-05,-4.47916326982517e-07,0.9999999999999,4.14239756738989e-05,-7.89160356856262e-06,-0.000717184468836319,-0.000305588182384528
8.80628297664199,-2.58079398405773e-05,-4.50433523374678e-07,0.999999999999899,-6.8431341338279e-07,-7.37758706768476e-06,0.000139738157636873,-0.000330095372839556
8.8093657816642,-1.5180575344501e-05,-2.64951022108612e-07,0.999999999999965,6.01667961254327e-05,-1.07727873946169e-05,-0.00110133475924227,0.000235839852968265
8.81244858668642,-1.16874842793499e-05,-2.0398508194973e-07,0.999999999999979,1.97761258722345e-05,-1.16339625662082e-05,-0.000279347920282171,0.000423593598471903
8.81613318031881,-4.67110882418346e-06,-8.15262287009622e-08,0.999999999999997,3.32353755844829e-05,-1.36779338377513e-05,-0.000554734517688385,0.00080511977398005
8.82052158168985,-3.40641500806226e-05,-5.94531575800321e-07,0.999999999999823,-0.000116900279560711,-2.69248639179338e-06,0.0025032914077661,-0.000665716588426067
8.82264428305942,-2.44938101316966e-05,-4.27497633156439e-07,0.999999999999909,7.86893272123953e-05,-5.84184970940197e-06,-0.00148365821154292,-0.000262851156816175
8.82476698442898,-2.04512334733913e-05,-3.56941360204747e-07,0.999999999999936,3.32389067832724e-05,-7.02631887211384e-06,-0.000558000847266882,-6.57986108519869e-05
8.8281172020418,-2.33069362303771e-05,-4.06782775772425e-07,0.999999999999917,-1.48770680976119e-05,-5.61394810845402e-06,0.000421575827867694,-0.000226890563488892
8.83269386496686,-5.1758125848136e-05,-9.03349710711432e-07,0.999999999999592,-0.000108499783154235,5.04036814334491e-06,0.00232796612428203,-0.00178391838269318
8.8357295747756,-1.88972330149138e-05,-3.29818935626815e-07,0.999999999999946,0.000188928063358725,-6.29440903666748e-06,-0.00373381445992332,-3.11037428286294e-05
8.83876528458434,-2.54810070934935e-06,-4.44727470505492e-08,0.999999999999999,9.3996530154016e-05,-1.17598475824055e-05,-0.00180038241138823,0.000853408872253124
8.841781745404,-4.82322251408709e-06,-8.41811134271381e-08,0.999999999999996,-1.31638926379492e-05,-1.06069241497377e-05,0.000382210644061231,0.000739357548467543
8.84513545760943,-1.05911831266257e-05,-1.84851017241284e-07,0.999999999999983,-3.00174545839906e-05,-8.17679883896016e-06,0.000724607587629575,0.00043582538323383
8.84811504354566,-2.33982267671752e-05,-4.08376096215465e-07,0.999999999999917,-7.50188394488605e-05,-3.2886422095939e-06,0.00164054896686403,-0.000261519155423578
8.85109462948189,-2.54069157961834e-05,-4.43434333420342e-07,0.999999999999902,-1.17661440063135e-05,-2.24360871254987e-06,0.000350731114795757,-0.000382131592316661
8.85472437056465,-3.06202795690591e-05,-5.34424696361206e-07,0.999999999999857,-2.50680037132829e-05,9.51811616806927e-09,0.000620740371653416,-0.000678477569744397
8.85916821154076,-9.57091956000076e-06,-1.67044058765539e-07,0.999999999999986,8.2671868676443e-05,-6.99396229021295e-06,-0.00157599708091193,0.000340759784651978
8.86132782513516,-1.31045216021501e-05,-2.2871704885624e-07,0.999999999999974,-2.8557418906117e-05,-5.50421951911631e-06,0.000689819130124854,0.000240744571862507
8.86348743872956,-1.66376577108633e-05,-2.90381906874383e-07,0.999999999999958,-2.85536533840915e-05,-4.01651417998369e-06,0.000688875705815387,6.12222284990479e-05
8.86690933466762,-1.34000200559519e-05,-2.33874469809633e-07,0.999999999999973,1.65134878697773e-05,-4.80466502304284e-06,-0.000230325777675923,0.000230025423906905
8.87157594598547,1.8502440237773e-05,3.22928501802616e-07,0.999999999999948,0.000119316337635168,-1.56605816291631e-05,-0.00232629543510604,0.00196044752468247
8.87443444897662,-1.79654872693894e-05,-3.13556904575966e-07,0.999999999999951,-0.000222663893775518,-2.39451950554024e-06,0.00464091245126958,-7.36529175631192e-06
8.87729295196777,-2.61957057851206e-05,-4.57201315834065e-07,0.999999999999896,-5.02516218114163e-05,8.26639009628363e-07,0.00112686903779375,-0.00046744081221324
8.88047253050641,-2.79754418884481e-05,-4.88263570653741e-07,0.999999999999881,-9.7692994345382e-06,1.78397654917404e-06,0.000301089445632284,-0.000576758235584966
8.8842031067798,-2.8904277266442e-05,-5.04474806208738e-07,0.999999999999873,-4.34550438511003e-06,2.49104003296899e-06,0.000189531973609167,-0.000653342179196292
8.88688848527449,-1.38998733083215e-05,-2.42598554840284e-07,0.999999999999971,9.75193075712431e-05,-2.57629989953928e-06,-0.00188701143713488,0.000160475469031311
8.88957386376918,-1.41499159964077e-05,-2.46962623017925e-07,0.999999999999969,-1.62512218902373e-06,-2.22072274397408e-06,0.000132412304734271,0.000148725992049004
8.8934061078755,-8.05711487693463e-06,-1.40623182813927e-07,0.99999999999999,2.77486081924235e-05,-4.01068059380092e-06,-0.000467078244539499,0.000473639023973603
8.8982940329101,4.156179324564e-06,7.25390135169557e-08,0.999999999999997,4.36099561309934e-05,-7.87903397874762e-06,-0.000791410129565571,0.00123945950078933
8.90034490531216,-1.46722667584772e-05,-2.5607936366634e-07,0.999999999999967,-0.000160233458139358,-9.8643549431233e-07,0.00336081292894685,0.000121580655124659
8.90239577771421,-1.64628066143632e-05,-2.87330179539734e-07,0.999999999999959,-1.52378157910429e-05,-1.53883089669534e-07,0.000405950367175428,6.26862434728392e-06
8.90581220146019,-2.02848116582872e-05,-3.54036751584035e-07,0.999999999999937,-1.95252629662207e-05,1.52898053681963e-06,0.000492580473505154,-0.000204687968951504
8.91041234840212,-6.36135551668972e-05,-1.11026598656118e-06,0.999999999999384,-0.000164392408443496,1.7368823374854e-05,0.00344333410171438,-0.00254864554502133
8.91458143289652,-0.00010662368672565,-1.8609343939765e-06,0.999999999998268,-0.000180055935163741,3.30488898011577e-05,0.00376103349484972,-0.00505837750588522
8.91639713694014,-3.64185072517864e-05,-6.35622860205061e-07,0.999999999999798,0.000674841000697707,8.24838095572321e-06,-0.0136588938778187,-0.00112284465997251
8.91821284098377,-2.02635399842646e-05,-3.53665490834929e-07,0.999999999999937,0.000155288176153893,2.6684932596685e-06,-0.00307312621549649,-0.00023242778950562
8.92140506698316,-1.39308756620139e-05,-2.43139647988085e-07,0.99999999999997,3.46234392139174e-05,7.04753887030321e-07,-0.000615163015718657,0.00010089867324334
8.92571135468174,2.77567991965345e-05,4.84447535794425e-07,0.999999999999883,0.000168959260204948,-1.37363905199134e-05,-0.00335350199934158,0.00232117414450729
8.92869862301148,9.14198729896039e-06,1.59557778542361e-07,0.999999999999987,-0.000108758143357267,-6.85223211702741e-06,0.00230449951025781,0.00134395527685364
8.93168589134122,-1.31227453108669e-05,-2.29035112575272e-07,0.999999999999974,-0.000130083021752499,1.32744779855646e-06,0.00273818050898226,0.000148192583440258
8.93555527952827,-6.01703604541475e-05,-1.05017090203647e-06,0.999999999999449,-0.000212213339620322,1.83946347183796e-05,0.00441082313140397,-0.00235947837485758
8.93875145376033,-7.48246063178147e-05,-1.30593574175405e-06,0.999999999999147,-8.0022183131377e-05,2.38798232483385e-05,0.00171617319072816,-0.00319397906933948
8.94139929494398,-2.69991491471654e-05,-4.71224047855038e-07,0.999999999999889,0.00031524235632183,7.0960074860453e-06,-0.006338679172278,-0.000639586556528477
8.94544946689949,6.82404363447999e-06,1.19102029721436e-07,0.999999999999993,0.00014575333691012,-4.59284687505063e-06,-0.00288601434444573,0.00111150326955279
8.94783733961689,-4.31309697466264e-06,-7.52777431656694e-08,0.999999999999997,-8.14029037103804e-05,-4.33113162978283e-07,0.00174202489176337,0.000568455998975146
8.95022521233429,-1.22536271720516e-05,-2.13866139464141e-07,0.999999999999977,-5.80384353356192e-05,2.58803361615426e-06,0.00126520427873679,0.000147760177042832
8.95384187747073,-9.81367649819266e-06,-1.71280966619048e-07,0.999999999999985,1.17747071510856e-05,2.01609947612804e-06,-0.000158138538805828,0.000276598603687973
8.95906236220778,-1.55205117096374e-05,-2.70884030927503e-07,0.999999999999963,-1.90792750722045e-05,4.46737208072885e-06,0.000469548849976164,8.10501099633644e-05
8.96111128011431,-1.59180694023453e-05,-2.77822721631888e-07,0.999999999999961,-3.38651474627666e-06,4.77154686725272e-06,0.000148456307377647,-4.73404927489763e-05
8.96316019802085,-1.50211244497143e-05,-2.62168078999332e-07,0.999999999999966,7.6404440522675e-06,4.61477267921177e-06,-7.65156024753605e-05,-1.80095165840864e-05
8.96656180336321,-1.85760681317099e-05,-3.24213550973123e-07,0.999999999999947,-1.82400560115404e-05,6.14616437933117e-06,0.00045019675888007,-0.000214671724338547
8.97115784825415,-5.68938045794746e-05,-9.92984213897896e-07,0.999999999999507,-0.000145510037171843,2.01296682058583e-05,0.00304250810388639,-0.0022934452597784
8.97548019427594,-7.93540555334553e-05,-1.38498954386878e-06,0.999999999999041,-9.06927228858776e-05,2.84464097924851e-05,0.00192412674614625,-0.00374689173932624
8.97733298054029,-3.03016502513334e-05,-5.28863565673511e-07,0.99999999999986,0.00046207487321744,1.11428735662613e-05,-0.00933919716441337,-0.000902772081149553
8.97918576680463,-1.76679270019556e-05,-3.08363498186131e-07,0.999999999999952,0.00011900998605767,6.78938103911666e-06,-0.00234970034640581,-0.000194236012477125
8.9821927464675,-1.177308944078e-05,-2.05479173873387e-07,0.999999999999979,3.4215171317375e-05,4.9173579566553e-06,-0.000622559276200253,0.00011915410989611
8.98628768604708,1.14416577320163e-05,1.9969459930995e-07,0.99999999999998,9.89449942565775e-05,-3.03662863473495e-06,-0.00194239412738565,0.00135736999788104
8.99029112802936,6.2381020752007e-05,1.08875420287722e-06,0.999999999999407,0.000222073807364563,-2.08608323826931e-05,-0.00445221982155929,0.00414810045135811
8.99289373452901,-1.11447086726454e-05,-1.94511860513228e-07,0.999999999999981,-0.000493069568358618,5.47497149488313e-06,0.0101190110303265,0.000165707803079978
8.99549634102866,-1.86538706356354e-05,-3.25571460832919e-07,0.999999999999947,-5.03570556429596e-05,8.33122707246074e-06,0.00109745963439333,-0.000260232277239575
8.99859944122799,-2.04727245606323e-05,-3.57316450436935e-07,0.999999999999936,-1.02300884808476e-05,9.19751725534974e-06,0.000279169258884315,-0.000367999230002197
9,-1.52040637386168e-05,-2.65360971921939e-07,0.999999999999965,6.56562797310506e-05,7.42209414662053e-06,-0.00126765341391466,-8.76913551155764e-05
9.00544872716338,-5.06572914582257e-05,-8.84136526088323e-07,0.999999999999609,-0.000113563321416647,2.04086395999823e-05,0.00238340901718168,-0.00202312631666511
9.00824853426307,-1.43527993329446e-05,-2.50503605237926e-07,0.999999999999969,0.000226313063111215,7.68905513267503e-06,-0.00454302172057958,-7.24966704031701e-05
9.01104834136275,-7.06520625942259e-06,-1.23311111559436e-07,0.999999999999992,4.54290203395613e-05,5.28722567676874e-06,-0.000857855334453393,0.000326133317386401
9.01433801731274,-2.86483828087652e-06,-5.00008605384693e-08,0.999999999999999,2.2284946035841e-05,4.01423991062374e-06,-0.000386963878964504,0.000552861252717414
9.01820324342789,3.26845771828552e-06,5.70453486463035e-08,0.999999999999998,2.76946822762126e-05,2.08943283604565e-06,-0.000497980458901009,0.000900235376034579
9.02095169379069,-1.69215901061399e-05,-2.95337462025033e-07,0.999999999999956,-0.000128211451602511,9.44991854845522e-06,0.00267804935175381,-0.000200852204979792
9.02370014415348,-1.74336861117206e-05,-3.04275223408729e-07,0.999999999999954,-3.25192752420955e-06,9.81051322521839e-06,0.000131199268374824,-0.000241037309478072
9.02728162063784,-2.1901559474124e-05,-3.82254324144812e-07,0.999999999999927,-2.17728920116414e-05,1.16295485430321e-05,0.000507900952514966,-0.000491567227804563
9.03179022141503,-2.64459244850814e-05,-4.6156845599844e-07,0.999999999999894,-1.7591739826448e-05,1.35309894717701e-05,0.000421736370706878,-0.000812800669598672
9.03404481692481,-1.03375440269754e-05,-1.80424179840593e-07,0.999999999999984,0.00012469832168899,7.94376762360595e-06,-0.00247814821945342,0.000110221315013277
9.0362994124346,-1.1536745794023e-05,-2.01354199071308e-07,0.99999999999998,-9.28327016525512e-06,8.51040029608722e-06,0.00025132342809244,5.29956193310117e-05
9.03992183220558,-7.53110066957644e-06,-1.31442502983258e-07,0.999999999999991,1.92997224253284e-05,7.30863535215376e-06,-0.000331757504626899,0.000263573589452009
9.04478178432401,3.79454663913355e-05,6.62273324733608e-07,0.999999999999781,0.000163317622967425,-8.56985338797922e-06,-0.00326721094224977,0.0027381970978077
9.04739188642805,-1.10736406690507e-05,-1.93271489857682e-07,0.999999999999981,-0.000327782125176653,9.01918873772315e-06,0.00673883297456286,8.10794209608103e-05
9.0500019885321,-1.58250376875171e-05,-2.76199011899359e-07,0.999999999999962,-3.17717540295529e-05,1.08635545930174e-05,0.000706625940968822,-0.000190720445271275
9.05333947508351,-1.97058748037559e-05,-3.43932397311325e-07,0.999999999999941,-2.02947290928234e-05,1.24393901102317e-05,0.000472162357192057,-0.000407456672567085
9.0574790920359,-3.42024777459407e-05,-5.96945849006718e-07,0.999999999999822,-6.11200153553957e-05,1.78342917425294e-05,0.00130323691644593,-0.00121692090077881
9.06027712891541,-8.54993688940836e-06,-1.49224549557898e-07,0.999999999999989,0.000160012651273015,8.87120441772682e-06,-0.00320334852998666,0.000167218081542024
9.06307516579491,-5.88953444709759e-06,-1.02791767511477e-07,0.999999999999995,1.65947712793116e-05,8.08339350223879e-06,-0.000281558445944474,0.000316486774058872
9.06649103914281,-2.17262395130838e-06,-3.79194413580202e-08,0.999999999999999,1.89914319257042e-05,6.95261320545751e-06,-0.000331036950616657,0.000517399827774097
9.07068207140503,1.48902037293561e-06,2.59883081370003e-08,1,1.52486894627385e-05,5.88183310295965e-06,-0.000255493166241777,0.000752018246761807
9.07311059561414,-1.5220569105701e-05,-2.65649044921808e-07,0.999999999999965,-0.000120088303820845,1.19565588177087e-05,0.00250140628287066,-0.00018499076834238
9.07553911982324,-1.33580177470901e-05,-2.33141391226555e-07,0.999999999999973,1.33857647263422e-05,1.1425302978111e-05,-0.000218756657894018,-9.65645733989637e-05
9.07927430514024,-1.7555945352822e-05,-3.06409049706936e-07,0.999999999999953,-1.96155350436882e-05,1.31177236910609e-05,0.000453102207605289,-0.000329136731712979
9.08425718095888,-5.16140488318282e-05,-9.00835092400414e-07,0.999999999999594,-0.000119293770169759,2.54915221129655e-05,0.00248326445857033,-0.00224180159276897
9.08619255752463,-1.83667415573611e-05,-3.20560113038817e-07,0.999999999999949,0.00029982536196398,1.37682797067066e-05,-0.00605734440198396,-0.000393006511478439
9.08812793409038,-1.24739730563122e-05,-2.17711900637706e-07,0.999999999999976,5.31411892762146e-05,1.17723206155116e-05,-0.00103130270693581,-6.93048407714502e-05
9.0919654571486,-7.86287844974305e-06,-1.37233117632123e-07,0.999999999999991,2.09715438277932e-05,1.03279311806052e-05,-0.000376385864786733,0.000168561431589211
9.09553210575148,3.99516688319681e-06,6.9728816278424e-08,0.999999999999998,5.80270043264333e-05,6.28996398422679e-06,-0.00113214606931301,0.00080286492692171
9.09909875435437,1.12536354700193e-05,1.96412991771055e-07,0.999999999999981,3.55191075986896e-05,3.88546336445558e-06,-0.00067416246664317,0.00120700839735756
9.10302511700706,-2.37139614148199e-05,-4.13886705379489e-07,0.999999999999914,-0.000155436405430395,1.65135540574964e-05,0.00321623135967421,-0.000597308414300631
9.10530236489632,-1.89182665411793e-05,-3.30186039913451e-07,0.999999999999945,3.67551841241523e-05,1.4917538077067e-05,-0.000700852984849569,-0.000421824971144902
9.10757961278558,-1.29319073988162e-05,-2.25704362672356e-07,0.999999999999975,4.5880678047355e-05,1.28974811307859e-05,-0.000887060629547302,-0.00011585892699544
9.11104444117795,-1.54603106654515e-05,-2.6983332449332e-07,0.999999999999964,-1.27362618934059e-05,1.39606599841634e-05,0.000306848920921454,-0.000258297812976148
9.11583934888684,-3.79982149878203e-05,-6.63193961418073e-07,0.99999999999978,-8.20371654277715e-05,2.21990759101306e-05,0.00171815943624926,-0.00152015036935164
9.1180907205239,-1.19012184661967e-05,-2.0771544723428e-07,0.999999999999978,0.000202311562732038,1.30216144934735e-05,-0.0040763867082597,-8.43952840515946e-05
9.12034209216095,-1.01853112771467e-05,-1.77767217126717e-07,0.999999999999984,1.33022152427468e-05,1.25139188930575e-05,-0.000225505017500987,1.18890757885575e-05
9.12429226922749,-4.81043967979277e-06,-8.39580108809655e-08,0.999999999999996,2.37481015827263e-05,1.0780065876447e-05,-0.000438930454865088,0.000294060823206627
9.12837102935566,1.49116046357621e-05,2.60256597649696e-07,0.999999999999966,8.43919715093304e-05,3.94675957299843e-06,-0.00167533909538819,0.00135987091763105
9.13244978948384,6.35937540891654e-06,1.10992039255954e-07,0.999999999999994,-3.6595571620533e-05,7.16642731999146e-06,0.000789374134739956,0.000996708909089896
9.13461655325474,-1.15534723761799e-05,-2.01646133002551e-07,0.99999999999998,-0.000144288074434818,1.3629578783515e-05,0.00298285929934782,-6.09246626991882e-05
9.13678331702565,-1.08884514864012e-05,-1.9003932888137e-07,0.999999999999982,5.35674644234606e-06,1.34853485965036e-05,-6.65647953636593e-05,-4.25377735970163e-05
9.14019819047731,-1.42505595885681e-05,-2.48719185072159e-07,0.999999999999969,-1.71836107607832e-05,1.48249520273739e-05,0.00039228494110554,-0.000228049422994654
9.14481928261676,-4.94894963470286e-05,-8.63754656409249e-07,0.999999999999627,-0.00013309309850963,2.7548725211142e-05,0.0027534125699768,-0.00214553810156609
9.14797730237089,-1.35262301556552e-05,-2.36077251598727e-07,0.999999999999972,0.00019875664298494,1.48875518882077e-05,-0.00400921283230857,-0.000236066825728517
9.15113532212501,1.84088824778123e-05,3.2129561085051e-07,0.999999999999948,0.00017649441923872,3.65742229165745e-06,-0.00355606692512622,0.00148551126793851
9.15393769333087,6.78664117107253e-06,1.18449233586619e-07,0.999999999999993,-7.23838358172787e-05,7.90231030046671e-06,0.00151474865283222,0.000882398110542853
9.15691239172601,-3.68282539845094e-06,-6.42774289790409e-08,0.999999999999998,-6.14269543643748e-05,1.17425600844371e-05,0.00129097114189883,0.000323709130911524
9.16061909817338,-1.77291779170704e-05,-3.09432528324743e-07,0.999999999999952,-6.61382558415389e-05,1.68816505825452e-05,0.00138643039881211,-0.000419965103025891
9.16432580462075,-7.11756085253666e-05,-1.24224871587787e-06,0.999999999999228,-0.000251656342577395,3.60305912656892e-05,0.00516602567670967,-0.00329320161380885
9.16730297445506,-4.32514390216188e-05,-7.54880017152731e-07,0.999999999999715,0.000163702014278496,2.62113976489389e-05,-0.00329816374719274,-0.00183498184017067
9.17021130468669,-1.23138124744117e-05,-2.14916571151632e-07,0.999999999999977,0.000185660981730462,1.53167319156648e-05,-0.00374602086612455,-0.000179931402860534
9.17381733994748,2.36344512829344e-05,4.12498991789392e-07,0.999999999999915,0.000173990412618342,2.66406243220999e-06,-0.00350874813151023,0.00173387793590025
9.17695964662837,3.04426108652678e-05,5.31323792502299e-07,0.999999999999859,3.78145142341837e-05,3.5631273377433e-07,-0.000734412625115723,0.00212673414649613
9.17977584425552,9.32984002593596e-07,1.62836427136936e-08,1,-0.000182884945582193,1.09513620604837e-05,0.00376218246354405,0.000549503493346212
9.18315569008161,-1.69538031501009e-05,-2.95899685704243e-07,0.999999999999956,-9.23661446353189e-05,1.74313071254194e-05,0.00191723096210788,-0.000405656352275716
9.1865355359077,-4.15853955061944e-05,-7.25802072327082e-07,0.999999999999737,-0.000127195857072544,2.63080964021495e-05,0.00262638881578591,-0.00174050354718791
9.18958882489783,-2.98557449471029e-05,-5.21081049962582e-07,0.999999999999864,6.70493435198097e-05,2.22405623609824e-05,-0.00133218115098651,-0.00113587376452725
9.19286889399171,-1.08401079644264e-05,-1.891955752509e-07,0.999999999999982,0.000101182464519232,1.55880405498002e-05,-0.00202816514554629,-0.00013309394777879
9.19578769176815,2.50457670514712e-06,4.37131098735684e-08,0.999999999999999,7.97961020130274e-05,1.09389685553363e-05,-0.00159280373309347,0.00059372936955167
9.19870648954459,-2.53118853140238e-08,-4.41775738616915e-10,1,-1.5127764577781e-05,1.19342022031417e-05,0.000340973826908336,0.000464896933688383
9.20222447752282,-4.64047852608081e-07,-8.09916291482036e-09,1,-2.17663824424471e-06,1.22036508494359e-05,7.65916904667471e-05,0.000448161256337925
9.20548184916504,-1.48392558265712e-05,-2.58993872719417e-07,0.999999999999966,-7.70236673497388e-05,1.74193708853426e-05,0.00160120508458678,-0.000323655285297063
9.20873922080726,-2.67306162094279e-05,-4.66537263941465e-07,0.999999999999891,-6.37149868109006e-05,2.17501176690091e-05,0.00132952185361288,-0.000973782323883114
9.21204243585407,-2.66320899470285e-05,-4.64817656262914e-07,0.999999999999892,5.20586051522986e-07,2.18166130527639e-05,2.01305040127252e-05,-0.000988144695362481
9.2157358912676,-7.40428030608978e-06,-1.2922907008184e-07,0.999999999999992,9.0860332292534e-05,1.50900254451023e-05,-0.00182121803420682,2.63325894066583e-06
9.21829951486315,1.015369982328e-06,1.77215493175403e-08,1,5.73214490825492e-05,1.21723049591745e-05,-0.00113812358841904,0.00048901082900993
9.22086313845871,-4.54591836792991e-06,-7.93412430472638e-08,0.999999999999997,-3.78615614761582e-05,1.42256520655412e-05,0.000800954988059732,0.000197008054930623
9.22447297799138,-2.2721119312726e-06,-3.9655834174554e-08,0.999999999999999,1.09936767309312e-05,1.35217488996983e-05,-0.000194995694260756,0.000320232242886022
9.22850581312556,-1.2252485681768e-05,-2.13846216700312e-07,0.999999999999977,-4.31930333698445e-05,1.71861242977776e-05,0.00090863506098261,-0.000194419289126836
9.23126819149954,-1.89982729930626e-05,-3.31582415921654e-07,0.999999999999945,-4.26213151428523e-05,1.96624182966926e-05,0.000896435485535638,-0.000581112692714775
9.23403056987353,-1.33391386705933e-05,-2.3281188918195e-07,0.999999999999973,3.57556110596388e-05,1.77260697750957e-05,-0.000700971503337059,-0.000288427594730423
9.23774678855311,-1.41588258379804e-05,-2.47118129089201e-07,0.999999999999969,-3.84967655048622e-06,1.81185292789715e-05,0.000105607214675641,-0.00034597929884958
9.24087121817623,-2.93428307537417e-06,-5.12129008508241e-08,0.999999999999999,6.27011172818421e-05,1.42101216648933e-05,-0.001250918754947,0.000253859732633859
9.24399564779935,1.77186674274309e-06,3.09249085674543e-08,1,2.62888972791596e-05,1.26186230837566e-05,-0.000509372516941294,0.000509901406235917
9.247599691602,7.90482338767872e-06,1.37965194903645e-07,0.99999999999999,2.97000514415653e-05,1.05307225957684e-05,-0.000579321618248985,0.00084818362926673
9.25183126706687,-1.83490438073325e-05,-3.20251229030623e-07,0.999999999999949,-0.000108285064921611,1.99752816332734e-05,0.00223192499245491,-0.000472333422327121
9.25403675559779,-1.38090327947722e-05,-2.41013088784646e-07,0.999999999999971,3.59277045130571e-05,1.84151210851673e-05,-0.000707399075638062,-0.000318586077701755
9.25624224412872,-9.1754419917497e-06,-1.60141673081778e-07,0.999999999999987,3.66682549326078e-05,1.68214554474964e-05,-0.000722590761786043,-8.5457926451653e-05
9.25968298932611,-1.20435343639549e-05,-2.10199328228092e-07,0.999999999999978,-1.45484923394775e-05,1.79248895305042e-05,0.000320696250290489,-0.00024451427298549
9.26439720306603,-4.08723054882087e-05,-7.1335630365013e-07,0.999999999999746,-0.000106731897020573,2.82891763073653e-05,0.00219851863930066,-0.00182987636581733
9.26703884474891,-6.37752306716127e-06,-1.11308775643851e-07,0.999999999999994,0.000227906582450952,1.608305832045e-05,-0.00462065618739934,3.77903405112079e-05
9.2696804864318,-3.74778698497405e-06,-6.54112225511884e-08,0.999999999999998,1.73746323697219e-05,1.52084456714657e-05,-0.000331086783893068,0.000186958961327325
9.27314617504795,7.8331205954978e-07,1.36713745097216e-08,1,2.28187254597321e-05,1.3675165332837e-05,-0.000442417224525706,0.000430446219030938
9.27746122872716,1.69528300339952e-05,2.95882701624194e-07,0.999999999999956,6.54015797008301e-05,8.02007665291169e-06,-0.00131054885995192,0.00133291013574127
9.27988196154256,-7.9251196224216e-06,-1.38319431025666e-07,0.99999999999999,-0.000179368053297394,1.69198648852019e-05,0.00367648514355,-3.48525168331979e-05
9.28230269435795,-8.32350366859637e-06,-1.45272544318833e-07,0.999999999999989,-2.87231752672495e-06,1.71131911091501e-05,7.9862685678872e-05,-6.62124362679807e-05
9.28611050098315,-1.34934450561148e-05,-2.35505043666151e-07,0.999999999999972,-2.36967126297917e-05,1.90316825468505e-05,0.000503831109752502,-0.000348394261673079
9.29103135047041,-6.69162243497945e-05,-1.16790843790685e-06,0.999999999999318,-0.000189480169359926,3.81311526335796e-05,0.00388133596367305,-0.00328452189218063
9.2933691759214,-1.0608561794868e-05,-1.85154332221725e-07,0.999999999999983,0.000420371035514737,1.81530649013683e-05,-0.00854558569535242,-0.000215478780655524
9.29570700137239,-6.16883353746791e-06,-1.07666456236264e-07,0.999999999999994,3.31452786403054e-05,1.66203506842108e-05,-0.000655615335399999,3.23291056448212e-05
9.29925107926184,-1.38921942900999e-06,-2.42464530688999e-08,1,2.35378583003789e-05,1.49892932716216e-05,-0.000460220532241926,0.000285730777481297
9.3,-4.40625442884126e-06,-7.69036474638622e-08,0.999999999999997,-7.03107708360598e-05,1.6076614321214e-05,0.00145185063544577,0.000124162193682605
9.30374460369079,1.77597047905183e-08,3.09965322776754e-10,1,2.06199692043791e-05,1.45740217110708e-05,-0.000401268794836675,0.000361442948870398
9.30873629587735,1.91688941317365e-05,3.34560316565015e-07,0.999999999999944,6.69613306970855e-05,7.85548799147815e-06,-0.00134594311277513,0.00148388415391674
9.31081759422238,-4.32021351271298e-06,-7.54019501859913e-08,0.999999999999997,-0.000196974291422034,1.62460811199725e-05,0.00403142257260357,0.00013544737452047
9.31289889256742,-6.44567625706758e-06,-1.12498273203453e-07,0.999999999999994,-1.78236450847935e-05,1.70388564458827e-05,0.000380904221541155,6.37052814084494e-06
9.31643687973536,-1.05186964952337e-05,-1.83585886859815e-07,0.999999999999983,-2.00926714207825e-05,1.85490834646845e-05,0.000426860513369549,-0.000214806728041794
9.32116715730591,-6.57938218363421e-05,-1.14831881851446e-06,0.999999999999341,-0.000203948482359855,3.82872895830251e-05,0.004172737397319,-0.0031988296082213
9.32527632054696,-0.000107800347278276,-1.88147099479811e-06,0.99999999999823,-0.000178418849112635,5.32929825131352e-05,0.00365176364379895,-0.0056794321130543
9.32707477727398,-2.98588521760532e-05,-5.21135281338378e-07,0.999999999999864,0.000756390572552954,2.56041732767114e-05,-0.0153958718163517,-0.00130164240345799
9.328873234001,-1.12494240970102e-05,-1.96339489446017e-07,0.999999999999981,0.000180596945710744,1.90148594614343e-05,-0.0036638712048429,-0.000273749409237326
9.3319747902315,-4.34579458237596e-06,-7.58484240777924e-08,0.999999999999997,3.88485832316413e-05,1.66084162703608e-05,-0.000775882496473382,9.37710619258508e-05
9.33617367131411,2.99375749803102e-05,5.22509253469066e-07,0.999999999999863,0.000142504078056413,4.48026471974126e-06,-0.00288842463313104,0.00192213705992764
9.33995920464204,8.50609897700859e-05,1.48459433649267e-06,0.999999999998898,0.000254147830617983,-1.50669621926358e-05,-0.00516366525376585,0.00493694349314051
9.34303385578786,2.70320116863585e-07,4.71797607364541e-09,1,-0.000481315209509734,1.5132725766228e-05,0.00982215104302908,0.000408079777123527
9.34590369780481,-3.51549559254618e-05,-6.13569729292761e-07,0.999999999999812,-0.000215443115584239,2.77719541099272e-05,0.00440415474755929,-0.00153881608238358
9.34838698292588,-1.50927679075888e-05,-2.63418493226756e-07,0.999999999999965,0.00014100323522877,2.06716247838908e-05,-0.00285924852760484,-0.000489478095606388
9.35134607117628,-1.02562273831261e-05,-1.79004936668751e-07,0.999999999999984,2.85268803816539e-05,1.8992058161983e-05,-0.000567595988960097,-0.000237291879868685
9.35580434909881,-3.26563238264666e-06,-5.69960372369315e-08,0.999999999999998,2.7366822246584e-05,1.65651133555364e-05,-0.000544368217643099,9.77275288494813e-05
9.35835072568018,1.8181304162152e-06,3.17323619936102e-08,0.999999999999999,3.48449635767889e-05,1.47903261341316e-05,-0.000696985369089272,0.000399510237923435
9.36089710226155,-2.89876496249068e-06,-5.05929928369122e-08,0.999999999999999,-3.23303926971823e-05,1.65002540346309e-05,0.000671514147990223,0.000151446695381549
9.36468989204254,4.60764290081138e-07,8.04185393753012e-09,1,1.54595562000886e-05,1.53525510810429e-05,-0.000302601256557472,0.000333705714204556
9.36861464097808,-9.66911810467949e-06,-1.6875794669085e-07,0.999999999999986,-4.50474166711055e-05,1.90024511123568e-05,0.000929970321991877,-0.000191649416962632
9.37145998678237,-1.75338110115403e-05,-3.06022732573811e-07,0.999999999999953,-4.82418641965418e-05,2.18326309218296e-05,0.000994669893972604,-0.000634386461738157
9.37430533258667,-1.21686359179621e-05,-2.1238276224488e-07,0.999999999999977,3.2909873445825e-05,1.99570413828068e-05,-0.000659178064118646,-0.000357454254482883
9.37799295385993,-1.17694075207205e-05,-2.05414912245555e-07,0.999999999999979,1.88952429845182e-06,1.98560005141282e-05,-2.74000124174949e-05,-0.000350694507528275
9.38076636871467,-2.70172144311364e-06,-4.71539346540657e-08,0.999999999999999,5.70635789742012e-05,1.66612197819669e-05,-0.00115193034561887,0.000140871071425696
9.38353978356941,-2.84992130183528e-06,-4.97405101397487e-08,0.999999999999999,-9.32632015461144e-07,1.67432290260457e-05,2.95697716981481e-05,0.000135099097766308
9.38764077754659,5.33339867562491e-06,9.30853672111596e-08,0.999999999999996,3.48271365784464e-05,1.38749551990672e-05,-0.000699409421943441,0.000577477955351163
9.39151474626947,-4.59879067714269e-06,-8.02640389261594e-08,0.999999999999997,-4.47472394688717e-05,1.74456488746173e-05,0.0009217146371027,7.25133830900191e-05
9.39419086288953,-1.49035674584706e-05,-2.60116322443393e-07,0.999999999999966,-6.72064446553069e-05,2.11359055953569e-05,0.00137895960627317,-0.000509802419832533
9.39686697950959,-9.88067803932436e-06,-1.72450364115707e-07,0.999999999999985,3.27586464919115e-05,1.93745141233241e-05,-0.000658189354988968,-0.000251323199721053
9.40048606074117,-1.16438068622265e-05,-2.03222767212161e-07,0.999999999999979,-8.50282188415761e-06,2.0034294788504e-05,0.000182306122178752,-0.000355482473261484
9.40417075020554,8.11860919683819e-07,1.41696461167519e-08,1,5.89988424889985e-05,1.56366919448261e-05,-0.00119347990820071,0.000295715463717184
9.4078554396699,4.97522825332972e-05,8.68341140588392e-07,0.999999999999623,0.000231816412952202,-1.73740450309952e-06,-0.00471521321293275,0.00291725794350607
9.41086536315088,2.9586271436907e-05,5.16377849962758e-07,0.999999999999867,-0.000116934298446213,5.45905701776902e-06,0.00239091178441334,0.00186888658917342
9.4137550918305,-5.82540588982432e-07,-1.01672513042504e-08,1,-0.000182212643346846,1.62110085705435e-05,0.00372074777422476,0.00025057874426719
9.41757922900727,-4.66697914046924e-05,-8.14541521230742e-07,0.999999999999668,-0.000210341374470516,3.26305605287833e-05,0.00429366186390007,-0.00219976696022146
9.42074694020683,-6.24445810600633e-05,-1.08986353952638e-06,0.999999999999406,-8.69151260801854e-05,3.82635553572324e-05,0.00177825391065435,-0.00309060593969199
9.4233662355852,-1.66657179195939e-05,-2.90871649905529e-07,0.999999999999958,0.000305040774026559,2.20012570365459e-05,-0.00620865384446607,-0.000645717172878538
9.42705010955521,1.78173184501143e-06,3.10970870830828e-08,1,8.73994983568234e-05,1.54655240791253e-05,-0.00177414672994452,0.000316422681392324
9.42976818320166,7.09994503361674e-06,1.23917417547231e-07,0.999999999999992,3.4149306655212e-05,1.35920618635938e-05,-0.000689261020567568,0.000626192978526538
9.43248625684812,4.78671936341937e-07,8.3544013260635e-09,1,-4.25165139921816e-05,1.59640407579664e-05,0.000872669104263841,0.000277242953593775
9.43617566559819,1.14778174678139e-06,2.00325705756271e-08,1,3.16532269549609e-06,1.57484636872739e-05,-5.84313328493039e-05,0.00031935471652092
9.43934857057753,-9.67756157021188e-06,-1.68905312964669e-07,0.999999999999986,-5.95472870351953e-05,1.96167135422504e-05,0.00121915086652812,-0.000263706594917451
9.44252147555687,-1.53574186355856e-05,-2.680375197981e-07,0.999999999999964,-3.12433582092277e-05,2.16542000759717e-05,0.000642151765333858,-0.000577500586963832
9.44610255701756,-2.1255291951452e-05,-3.70974828025479e-07,0.999999999999931,-2.87447547220882e-05,2.37704946746065e-05,0.000590965221502217,-0.000910664406781522
9.45025664311876,6.88154361722457e-06,1.20105593740169e-07,0.999999999999993,0.000118216235726057,1.37841159376224e-05,-0.00240398934776585,0.000508822966748408
9.45248613544215,2.34832270495356e-06,4.0985963100779e-08,0.999999999999999,-3.54877340501715e-05,1.54072986148296e-05,0.000728050354862208,0.000347904646012047
9.45471562776554,-2.62768277627267e-06,-4.58617161439037e-08,0.999999999999999,-3.89540158239249e-05,1.71871844054522e-05,0.00079833681055948,9.21278865664647e-05
9.4581708724904,2.76725598064991e-07,4.82977281078453e-09,1,1.46708823806391e-05,1.6169278102084e-05,-0.000294597455296189,0.000247396742079223
9.46291712501364,2.78071850913443e-05,4.85326935555418e-07,0.999999999999882,0.000101237167721586,6.39775925481405e-06,-0.00205878612640509,0.00175929445618659
9.46544500498213,-4.90234442674025e-06,-8.55620513134111e-08,0.999999999999996,-0.000225837062671735,1.80399072765076e-05,0.00460549874473728,-2.36576650175451e-05
9.46797288495061,-6.36500049181394e-06,-1.11090215473211e-07,0.999999999999994,-1.00986456944485e-05,1.8569094252307e-05,0.000209340230706078,-0.000113276886958289
9.47158346077464,-1.12717930322253e-05,-1.96729901015685e-07,0.999999999999981,-2.37191211918087e-05,2.03262682361347e-05,0.000486674167630257,-0.000381291826327054
9.47617189578784,-4.14021433481504e-05,-7.2260371880783e-07,0.999999999999739,-0.000114608535650893,3.10555985959819e-05,0.00233834201181442,-0.00204933071178171
9.47859760178949,-4.37045941941479e-06,-7.62789066935878e-08,0.999999999999997,0.000266448123422811,1.78927557701078e-05,-0.00542639661069254,-2.77454280597917e-05
9.48102330779114,-2.64276203833406e-06,-4.61248989156459e-08,0.999999999999999,1.24310232804254e-05,1.72848078646101e-05,-0.000250627200940661,7.31181598342707e-05
9.484650271331,2.1833966858225e-06,3.81074610447347e-08,0.999999999999999,2.32239334734617e-05,1.55773053049919e-05,-0.000470780183162279,0.000330890617966141
9.48932287167485,4.23542392272877e-05,7.39220926693442e-07,0.999999999999727,0.000150047813648555,1.30132259503343e-06,-0.00305525438929013,0.00252503902734198
9.49192768139097,-3.50651958951406e-06,-6.12003121227003e-08,0.999999999999998,-0.000307285877300162,1.76160107542053e-05,0.0062632936518328,3.8309455339844e-05
9.49453249110708,-7.42412045342357e-06,-1.29575345976895e-07,0.999999999999992,-2.62495311773444e-05,1.90137100334427e-05,0.000536584024003967,-0.000186331565893563
9.49789512222054,-1.13143323381707e-05,-1.97472351965946e-07,0.99999999999998,-2.01916308087583e-05,2.04023654265436e-05,0.000412966913778301,-0.000400940616519473
9.50209184196904,-2.64578202970716e-05,-4.61776077084867e-07,0.999999999999893,-6.29786454560276e-05,2.57932181847268e-05,0.00128453961218476,-0.00124458389471757
9.50480362316478,-7.67540841607228e-07,-1.33961148295744e-08,1,0.000165345184545183,1.66597371256652e-05,-0.0033680744867688,0.000147978353190996
9.50751540436051,6.18061120495126e-07,1.07872015312053e-08,1,8.91787154464955e-06,1.61694237922991e-05,-0.000180808589622524,0.000230307557244396
9.5110230639083,4.96454556907817e-06,8.66476660457095e-08,0.999999999999996,2.1627088798394e-05,1.4626089443542e-05,-0.000439989778863002,0.000466185289838294
9.51540933242731,1.46800255376281e-05,2.56214779908459e-07,0.999999999999967,3.8658625920335e-05,1.11731067522288e-05,-0.000787225560027599,0.00103717304853592
9.51772813595088,-5.17465662191595e-06,-9.03147957125606e-08,0.999999999999996,-0.000149443267659354,1.82344802361986e-05,0.00304526597972593,-7.42389984026466e-05
9.52004693947444,-4.62926655875159e-06,-8.07959434026827e-08,0.999999999999997,4.10507065956954e-06,1.80406714481861e-05,-8.35813754995683e-05,-5.48447584026984e-05
9.52380809122329,-9.12514832778234e-06,-1.59263883052656e-07,0.999999999999987,-2.08627422900216e-05,1.96391967419848e-05,0.000425009518503579,-0.000299174845502868
9.52878237789543,-6.4219304138918e-05,-1.12083830056351e-06,0.999999999999372,-0.000193309007077498,3.92306629805798e-05,0.00393854788231351,-0.00331499935835393
9.53121242012214,-6.61799646840695e-06,-1.15505828259058e-07,0.999999999999993,0.000413709877654631,1.87442221093152e-05,-0.00843048760476234,-0.000185459324332335
9.53364246234884,-2.0285273426699e-06,-3.5404481096321e-08,0.999999999999999,3.29629445457959e-05,1.71103219428929e-05,-0.000672375215734199,7.17851284875819e-05
9.53710690138668,2.62919884675712e-06,4.58881765655495e-08,0.999999999999999,2.34648832823779e-05,1.54507296110221e-05,-0.000479036378975984,0.000321014057193235
9.54152368658662,3.39061264960172e-05,5.91773543953153e-07,0.999999999999825,0.000123593369991113,4.32258784287769e-06,-0.00251951165030436,0.00202208903941559
9.54451157716618,-3.25990586782612e-06,-5.68960906986488e-08,0.999999999999998,-0.000217099528038223,1.75362460152198e-05,0.00442240363912457,2.83864041661682e-05
9.54749946774574,-1.83584636658574e-05,-3.20415636576954e-07,0.999999999999949,-8.8195848831023e-05,2.29012642441822e-05,0.00179558724997103,-0.000798049223126326
9.55050239824356,-1.58928355366054e-05,-2.7738230759172e-07,0.999999999999961,1.43304445495511e-05,2.20192653364388e-05,-0.000293712727744532,-0.000680301995526983
9.55389628038295,-1.12002498721893e-05,-1.95481237315776e-07,0.999999999999981,2.41319724469351e-05,2.03440160970638e-05,-0.000493608549316119,-0.000442712738729706
9.55690923745966,2.03675086684115e-06,3.55480086692267e-08,0.999999999999999,7.66785719488544e-05,1.5630311168593e-05,-0.00156447795586397,0.000269583556518374
9.55992219453637,4.88294645682967e-06,8.52234928702688e-08,0.999999999999996,1.64872857250767e-05,1.4611501995959e-05,-0.000338142610962085,0.000428161752420267
9.56350607047085,9.82566033878092e-06,1.71490124094348e-07,0.999999999999985,2.40707638325321e-05,1.28452126046425e-05,-0.000492843341567951,0.000701828616804164
9.56785619770645,-1.10632420498741e-05,-1.93089999715388e-07,0.999999999999981,-8.38090713360766e-05,2.02633428209411e-05,0.0017052674127746,-0.00032973205755441
9.57005870784066,-8.62415486243435e-06,-1.50519897551357e-07,0.999999999999989,1.93279937753475e-05,1.93893565710804e-05,-0.000396813724617272,-0.000285062649401567
9.57226121797486,-4.50392070353926e-06,-7.86082455254994e-08,0.999999999999997,3.26498620410908e-05,1.79176340327511e-05,-0.000668202391205492,-7.81090194803694e-05
9.57572387371109,-7.54568643801716e-06,-1.31697072666482e-07,0.999999999999991,-1.53318236593752e-05,1.89889236239249e-05,0.000309383800406489,-0.000244761401161431
9.58045589223449,-3.86161375796493e-05,-6.73978745167944e-07,0.999999999999773,-0.000114598383294501,3.00232833486053e-05,0.00233185049257737,-0.00194852882391347
9.58311250862177,-2.159505795832e-06,-3.76904863531689e-08,0.999999999999999,0.000239510778395753,1.704892647525e-05,-0.00488379012322145,2.4883030155864e-05
9.58576912500904,1.01062283034577e-06,1.76386958853578e-08,1,2.08269370405066e-05,1.59121351280465e-05,-0.00042790948390185,0.000204797160624482
9.58919146322396,5.31068516063066e-06,9.26889415898089e-08,0.999999999999996,2.19295233233209e-05,1.43702247753793e-05,-0.000450542949245546,0.000437757375371342
9.59343128714616,1.94796031468094e-05,3.39983211893665e-07,0.999999999999942,5.83265425266882e-05,9.31492573664907e-06,-0.00119233702424774,0.00123094701545583
9.59592145545372,-4.32251434354061e-06,-7.54421072594649e-08,0.999999999999997,-0.000166826201222047,1.7769643735537e-05,0.00339523958008493,-7.38731912935967e-05
9.59841162376128,-4.46373255360951e-06,-7.79068299889402e-08,0.999999999999997,-9.89781583034516e-07,1.78094453495916e-05,1.59835035783728e-05,-9.05012094411792e-05
9.60217788189317,-9.64515940602386e-06,-1.68339788514816e-07,0.999999999999986,-2.40113543360042e-05,1.96358970616115e-05,0.000484951282693716,-0.000372451236158959
9.60703090948444,-5.00431216364687e-05,-8.7341724053228e-07,0.999999999999619,-0.000145286100018497,3.39806625940444e-05,0.00295583844572437,-0.0026128615178846
9.60922524272872,-6.67697823997906e-06,-1.1653525437165e-07,0.999999999999993,0.000344925725449349,1.85480562931302e-05,-0.0070329364699486,-0.000228685399566569
9.611419575973,-2.7140246568268e-06,-4.73686662419368e-08,0.999999999999999,3.15205488090864e-05,1.71282525288253e-05,-0.000647031971103863,-6.96492253204193e-06
9.61513051339292,2.07161414027483e-06,3.61564875786675e-08,0.999999999999999,2.25078314100321e-05,1.54080698856369e-05,-0.000463543964378765,0.000246542843386303
9.61997554265637,7.71053332130665e-05,1.34574193541494e-06,0.999999999999095,0.000270294641502899,-1.13014042203012e-05,-0.00551275805646845,0.00428851747244027
9.62395428542506,0.000107022395456054,1.86789317407848e-06,0.999999999998256,0.000131235234098065,-2.19607888791371e-05,-0.00267908363987094,0.00613263240859912
9.62574552155507,2.33167263660484e-05,4.06953645874107e-07,0.999999999999917,-0.000815604098044829,7.7972705329722e-06,0.0166131415693783,0.00142469154656226
9.62753675768508,3.02903656528167e-06,5.28666612274652e-08,0.999999999999999,-0.000197677446716011,1.50023256468433e-05,0.00402239268912829,0.000301222519668545
9.63058189557223,-4.22022092292839e-06,-7.36567502666542e-08,0.999999999999997,-4.15493209776448e-05,1.75633990144361e-05,0.000841036912780034,-8.97457912893576e-05
9.63471479384551,-3.43300095025573e-05,-5.9917169806053e-07,0.99999999999982,-0.000127154096966587,2.82478846724966e-05,0.00258522831958706,-0.00170096681558229
9.63852471241105,-8.74125889324465e-05,-1.52563748456296e-06,0.999999999998836,-0.000243172070626727,4.71032696249567e-05,0.00494902571487347,-0.00460589241123886
9.64165872191374,-9.15862613252298e-06,-1.5984818097172e-07,0.999999999999987,0.000435796159016773,1.92540226873611e-05,-0.00888613991557576,-0.000439445843021139
9.6445812203032,3.21977744556232e-05,5.61957176065121e-07,0.999999999999842,0.000246982294204091,4.5282926124086e-06,-0.00503874702824654,0.00182074658444469
9.6470360848546,7.80201470840192e-06,1.36170844950638e-07,0.999999999999991,-0.000173445956874264,1.31891023047433e-05,0.00352801937173718,0.000539388211607336
9.64991346691994,1.90979663025808e-06,3.33322392414963e-08,0.999999999999999,-3.5740337353156e-05,1.52662546845364e-05,0.000721889666587682,0.000226705206130335
9.65426710584109,-2.83170482501734e-06,-4.94225726411625e-08,0.999999999999999,-1.90081936929943e-05,1.69242609722104e-05,0.000380832291722174,-9.16208920641786e-07
9.65691173225675,-9.97612830628756e-06,-1.74116285546122e-07,0.999999999999985,-4.71498402068471e-05,1.94473465738248e-05,0.000954042350434989,-0.000409248733670142
9.65955635867241,-5.66387986467582e-06,-9.88533520760038e-08,0.999999999999995,2.84588148347094e-05,1.78958267081079e-05,-0.00058666882268601,-0.000186087528100964
9.66335815672674,-8.80651170493062e-06,-1.53702624866458e-07,0.999999999999988,-1.44271926090052e-05,1.89872667529488e-05,0.000287085223686716,-0.000363126826151971
9.66699075280584,3.23589063940762e-06,5.64769458921274e-08,0.999999999999998,5.78593287506517e-05,1.46789569657424e-05,-0.00118601399478519,0.000268640115700461
9.67062334888493,4.42450398833425e-05,7.72221623640458e-07,0.999999999999702,0.00019703392894898,6.85492954008464e-08,-0.00402202924636434,0.00246749134374939
9.67368576188098,3.05684896194982e-05,5.33520791221927e-07,0.999999999999858,-7.79453433376324e-05,4.91036098910123e-06,0.00158104465333343,0.00176452823701979
9.67665931078713,2.30758324965119e-06,4.02749254702835e-08,0.999999999999999,-0.000165877838676628,1.49391101364758e-05,0.00337265317097278,0.000252434405661906
9.68049214212513,-5.12020849050218e-05,-8.936449654782e-07,0.999999999999601,-0.000243663184885927,3.39406138149326e-05,0.00495756322227133,-0.00259209917524514
9.68357525679485,-5.7491631109031e-05,-1.00341825519442e-06,0.999999999999497,-3.56046730257375e-05,3.61536645757319e-05,0.00071779709737477,-0.00297870489573357
9.68614254754481,-1.25221158691626e-05,-2.18552151233118e-07,0.999999999999976,0.000305717653512237,2.01409307921677e-05,-0.00623721087446488,-0.000574237433383041
9.68990900745133,3.6071811332998e-06,6.29571874919019e-08,0.999999999999998,7.47410952756457e-05,1.43751250985548e-05,-0.00153082890478503,0.000263074584130482
9.69261149154776,9.24566376713251e-06,1.61367274268804e-07,0.999999999999987,3.64146774839395e-05,1.23485786829861e-05,-0.000749882827524215,0.000590925904585563
9.69531397564419,2.97220856415895e-06,5.18748255005468e-08,0.999999999999999,-4.05154831116222e-05,1.45580335068653e-05,0.000817564412978229,0.000261348581069871
9.6990116253878,4.07843585371379e-06,7.11821339786913e-08,0.999999999999997,5.22150820571569e-06,1.41346263946983e-05,-0.000114507090050429,0.000327568161540608
9.70229223990408,-7.41386461384849e-06,-1.29396347808754e-07,0.999999999999992,-6.11405213236669e-05,1.81947276112228e-05,0.00123760386853569,-0.000287870874638141
9.70557285442037,-1.74257983950968e-05,-3.04137556783179e-07,0.999999999999954,-5.32647795427332e-05,2.17279605494646e-05,0.00107700338479468,-0.000833472242159754
9.70901781975331,-2.11726758061387e-05,-3.69532904274457e-07,0.999999999999932,-1.89828753473869e-05,2.30313143953436e-05,0.000378335837930323,-0.00105260674291905
9.71286700248928,3.87602135624738e-06,6.76493345441329e-08,0.999999999999998,0.000113577938176922,1.40897960950721e-05,-0.00232296539644522,0.00023381410524124
9.71526648527979,6.78499207102663e-06,1.18420451361123e-07,0.999999999999993,2.11591918965977e-05,1.30348123400299e-05,-0.000439671315507919,0.00044594787971851
9.71766596807031,9.38858244906412e-07,1.63861675831122e-08,1,-4.25234488788781e-05,1.50930499812163e-05,0.000857783872977377,0.000141526957118724
9.72122751522546,3.56431170982258e-06,6.22089749037928e-08,0.999999999999998,1.28659836089519e-05,1.41279782730886e-05,-0.000270969796576185,0.000284195553680709
9.72621263742765,1.48410640260244e-05,2.59025431753408e-07,0.999999999999966,3.9480768748853e-05,1.00734307832632e-05,-0.000813329608658427,0.000966751622793619
9.72838214624402,-2.102201069431e-06,-3.66903302005169e-08,0.999999999999999,-0.000136305397665591,1.60791229595111e-05,0.00276822667460026,-1.1829394754621e-05
9.73055165506038,-2.15046555028471e-06,-3.75327043031799e-08,0.999999999999999,-3.88278718347656e-07,1.60764898087777e-05,-1.21370824289554e-06,-2.60608739887331e-05
9.73418407557512,-6.23299141776067e-06,-1.08786222488473e-07,0.999999999999994,-1.96159882635204e-05,1.74950504790356e-05,0.000390527656283705,-0.000246491120450604
9.73903561094852,-6.22054255163459e-05,-1.08568948786412e-06,0.999999999999411,-0.000201359608905096,3.73557349151342e-05,0.00409369053455023,-0.00328122260480665
9.7420211333119,-8.03652058014838e-06,-1.40263744527874e-07,0.99999999999999,0.000316670126116751,1.80630718687698e-05,-0.00646207286302549,-0.000385503861507583
9.74500665567528,1.75945341099162e-05,3.07082550572483e-07,0.999999999999953,0.00014983853431721,8.91948042836554e-06,-0.00306264376129052,0.00100691512652005
9.74781795328978,1.09876325346279e-05,1.91770364728506e-07,0.999999999999982,-4.10174238577454e-05,1.1242381237142e-05,0.000826273531767054,0.000669573634009782
9.75094335310714,5.11361334450256e-06,8.92493895354886e-08,0.999999999999996,-3.2802515256871e-05,1.33013398170448e-05,0.000658782459914858,0.000360666381106568
9.75555449539307,-3.05500340793651e-05,-5.3319868128137e-07,0.999999999999858,-0.000134987825623166,2.59402823962443e-05,0.00274095696802971,-0.00147159823379238
9.75778403085985,-1.03845868929484e-05,-1.81245232741396e-07,0.999999999999984,0.000157859542395806,1.87463634392738e-05,-0.00322664477160483,-0.000467252411770114
9.76001356632662,-3.41367355224177e-06,-5.95798430748695e-08,0.999999999999998,5.4569838192629e-05,1.62451660207355e-05,-0.00112184688506372,-0.000105149782370706
9.76354453440811,-6.23393109238433e-06,-1.08802622904553e-07,0.999999999999994,-1.39403072170823e-05,1.72130369259009e-05,0.000274109219576094,-0.00025993667389934
9.76843812119144,-3.1460605414091e-05,-5.49091149146614e-07,0.999999999999849,-8.99725591342478e-05,2.61351582326853e-05,0.00182322735895282,-0.00166980346938974
9.77053416083867,-4.77791646293801e-06,-8.33903736635099e-08,0.999999999999997,0.00022218128178057,1.66248001395667e-05,-0.00453729876040939,-0.000192366338426065
9.77263020048589,-1.68982483895657e-06,-2.9493007221775e-08,1,2.57139059908125e-05,1.55052685240562e-05,-0.000534117575969109,-2.01183363112496e-05
9.77664303182615,3.25838502297093e-06,5.68695469485137e-08,0.999999999999998,2.15216007969186e-05,1.37043645030576e-05,-0.000448786372587773,0.000240749151999383
9.78036521745297,1.6245845231626e-05,2.8354348906129e-07,0.99999999999996,6.08980757109294e-05,9.04709336353963e-06,-0.0012512194732978,0.000941436845663154
9.7840874030798,2.14174535022912e-05,3.73805081007764e-07,0.99999999999993,2.42496213235256e-05,7.16927775205885e-06,-0.00050449273618855,0.00124919496127953
9.78677916437584,-5.03505804998716e-06,-8.78783410013211e-08,0.999999999999996,-0.000171517222826896,1.65484776197853e-05,0.0034844099592104,-0.00019023976313079
9.78947092567188,-5.69721423367004e-06,-9.94351465690276e-08,0.999999999999995,-4.29339911556191e-06,1.67555307577499e-05,7.69210621571628e-05,-0.000236988415291502
9.79294865192821,-9.35256530515287e-06,-1.63233058082705e-07,0.999999999999987,-1.83447191674329e-05,1.80185959772443e-05,0.000363187072931187,-0.000439166011827493
9.79736286671796,-1.73868466271129e-05,-3.03457720182387e-07,0.999999999999954,-3.176661507849e-05,2.08284201940299e-05,0.000636539985166052,-0.000924050064796446
9.79969944297148,1.03319198133056e-06,1.8032601879422e-08,1,0.000137590340386966,1.42526547649798e-05,-0.00281427384154316,0.000108091419767328
9.802036019225,5.32299298418559e-08,9.2903753634597e-10,1,-7.31992560367565e-06,1.45759661924993e-05,0.00013836973093967,6.32679926670721e-05
9.80577882448863,4.48439799876694e-06,7.82675100483276e-08,0.999999999999997,2.06632370814276e-05,1.29594116192853e-05,-0.000431909880250246,0.000300946400576073
9.81074888438567,5.39414369195659e-05,9.41455677503113e-07,0.999999999999557,0.000173677618647557,-4.68349963808073e-06,-0.0035498387590554,0.00301331351334546
9.81310285310853,1.98433823033907e-06,3.46332355926143e-08,0.999999999999999,-0.000385231304521776,1.37682449219167e-05,0.00783856827867398,0.000178595883039313
9.81545682183139,-1.87220245127278e-06,-3.26760970386187e-08,0.999999999999999,-2.85939791712558e-05,1.51136737104339e-05,0.000571557631778027,-4.0306016524434e-05
9.81902744803009,-6.63361217942951e-06,-1.15778373831442e-07,0.999999999999993,-2.32738663103639e-05,1.67673131633313e-05,0.000463123094066695,-0.000297283485977325
9.82362636763453,-5.10368557600574e-05,-8.90761172878318e-07,0.999999999999603,-0.000168514100202871,3.25071912624168e-05,0.00342251647189065,-0.00270832219724822
9.82666090839954,-5.13836947272728e-06,-8.9681465483056e-08,0.999999999999996,0.00026398712999097,1.61497049957162e-05,-0.00539043220487137,-0.000256735748373327
9.82969544916455,1.99979195024024e-05,3.49029538865702e-07,0.999999999999939,0.000144572453732529,7.17603976116426e-06,-0.00295717406008376,0.00110744411862626
9.83252663760056,1.24945860400713e-05,2.18071665072962e-07,0.999999999999976,-4.6255442459128e-05,9.81244806089879e-06,0.000931201987901352,0.000722617797804302
9.83564653896629,5.51616866629668e-06,9.62753053222213e-08,0.999999999999995,-3.90385289383115e-05,1.22586795466861e-05,0.0007840733404771,0.00035484918098147
9.83926226035724,-8.74574741689868e-06,-1.52642087972671e-07,0.999999999999988,-6.88430789821152e-05,1.72893706708047e-05,0.00139133815362604,-0.00039907503215164
9.8428779817482,-5.03826239136814e-05,-8.79342673087659e-07,0.999999999999613,-0.000200983567741928,3.20553480219531e-05,0.00408382609016376,-0.00263810931447573
9.84590672611342,-3.08185042115063e-05,-5.37884369030497e-07,0.999999999999855,0.000112739228829495,2.50623591783958e-05,-0.00230887390954688,-0.00162029259415945
9.84894252356695,-3.25554209338912e-06,-5.68199284669088e-08,0.999999999999998,0.000158463944952872,1.52245880521698e-05,-0.00324058876681633,-0.000148337163854866
9.85256865132015,4.0482167014755e-05,7.0654710274966e-07,0.99999999999975,0.000210518515389651,-3.72623451785481e-07,-0.00430134086980143,0.00218521265511393
9.85560332336107,3.73652962778695e-05,6.52147446031959e-07,0.999999999999787,-1.79260414253031e-05,7.00475173798759e-07,0.000353612716997078,0.00205366388248479
9.85834594335264,7.54621797313627e-06,1.317063497044e-07,0.999999999999991,-0.000189760556667413,1.12730468717769e-05,0.0038549167330775,0.000459427751318669
9.86181944514981,-8.60591171788216e-06,-1.50201494613004e-07,0.999999999999989,-8.11595504417504e-05,1.69763926386558e-05,0.00164195849028088,-0.00039795698255258
9.86529294694699,-3.91425981182402e-05,-6.83167214948174e-07,0.999999999999767,-0.000153437583008752,2.77951728539425e-05,0.00311466089468643,-0.00204471225095039
9.8683404266438,-2.50182027270363e-05,-4.36650010518194e-07,0.999999999999905,8.08921564556646e-05,2.27355787428695e-05,-0.00166025523200862,-0.00131242847427431
9.87152267494139,-2.84956077405435e-06,-4.97342177429266e-08,0.999999999999999,0.000121585670442124,1.48134796432996e-05,-0.00248946605001873,-0.000134815548653841
9.8744831128919,1.10881005287584e-05,1.93523862018956e-07,0.999999999999981,8.21696261933204e-05,9.82129329996177e-06,-0.00168629994169569,0.000624845468572076
9.87744355084241,9.15933999782149e-06,1.59860640271594e-07,0.999999999999987,-1.13710276351406e-05,1.04716919023688e-05,0.000219696752061681,0.000531300151796877
9.88092548206591,7.80806966575065e-06,1.36276523892442e-07,0.999999999999991,-6.77328610627786e-06,1.09103033567503e-05,0.000125967868469393,0.000469299493106687
9.88413643507661,-6.95490846067774e-06,-1.21386051813637e-07,0.999999999999993,-8.02448914223019e-05,1.61217170187588e-05,0.00162301149989905,-0.000321802751876401
9.88734738808732,-1.69152877009456e-05,-2.95227464303599e-07,0.999999999999956,-5.41401297092903e-05,1.96249590066957e-05,0.00109102873080303,-0.000865837217318074
9.89067665400424,-1.75937978823737e-05,-3.07069700977822e-07,0.999999999999953,-3.55701135617372e-06,1.98256132275302e-05,6.02698089733284e-05,-0.000917875656984812
9.89445956018141,9.18458220437177e-07,1.60301199886366e-08,1,8.54104769811229e-05,1.31954628876504e-05,-0.00175266052853821,3.26892301769913e-05
9.89697596587101,8.24829354758718e-06,1.43959880076399e-07,0.99999999999999,5.08382891583942e-05,1.05580644425946e-05,-0.00104808157760681,0.000466855534299623
9.89949237156061,2.67465553504534e-06,4.66815454432317e-08,0.999999999999999,-3.86576516796038e-05,1.25093886718733e-05,0.000775441033750041,0.000176368333300946
9.90310575654317,5.14165790027144e-06,8.97388593709147e-08,0.999999999999996,1.19160604628194e-05,1.1587525376633e-05,-0.00025512457147205,0.000312309961453621
9.90824310672661,-7.12505822705608e-06,-1.24355725458438e-07,0.999999999999992,-4.16741271637497e-05,1.58871760268129e-05,0.000836939374707298,-0.000223903445868686
9.91029075170017,-2.62472516625511e-06,-4.58100961111073e-08,0.999999999999999,3.83590077195093e-05,1.42606893322749e-05,-0.00079432065399297,-9.07878066257137e-05
9.91233839667372,-1.03592798302791e-06,-1.80803541173809e-08,1,1.35422606711025e-05,1.36701198095505e-05,-0.000288414022133778,-2.21284295177473e-05
9.91570971939649,-4.54305611384484e-06,-7.92912872894507e-08,0.999999999999997,-1.81563552959995e-05,1.48754043946859e-05,0.000357510889418922,-0.000211853403003837
9.92027479425453,-3.97452324476223e-05,-6.93685168181438e-07,0.999999999999759,-0.000134585718744479,2.73375449049625e-05,0.00272988743838902,-0.00211745287289905
9.92465225907078,-5.60257003525931e-05,-9.77832936888342e-07,0.999999999999522,-6.49114911562256e-05,3.30712841166673e-05,0.00130983102146564,-0.0032400933059221
9.92650152087569,-1.52799276050072e-05,-2.66685046173743e-07,0.999999999999964,0.00038455771315191,1.85585134503343e-05,-0.00784787239308809,-0.000833576791808853
9.9283507826806,-3.80192050225812e-06,-6.63560306634807e-08,0.999999999999998,0.000108329180313216,1.44534297340632e-05,-0.00221984994519173,-0.00018349411264754
9.93133309996347,1.91441364684542e-06,3.34128213825646e-08,0.999999999999999,3.34534667451775e-05,1.23829296116116e-05,-0.000694258835015508,0.000124734117425741
9.93539548202641,2.3108274827043e-05,4.03315480187612e-07,0.999999999999919,9.10556055718352e-05,4.79428972514303e-06,-0.00186802712519331,0.00126068841524288
9.93943295399587,7.20312832781436e-05,1.25718305764001e-06,0.99999999999921,0.000211485697959144,-1.26553681724208e-05,-0.00432192669807622,0.00394777181938546
9.94201297503941,1.83872523035238e-06,3.20918093091402e-08,0.999999999999999,-0.00047483769615054,1.22748821388714e-05,0.0096628089037413,0.000145772428809612
9.94459299608294,-4.73456705732697e-06,-8.26337838068146e-08,0.999999999999997,-4.44669214631079e-05,1.45797241626046e-05,0.000893342335137282,-0.000225460067957115
9.94774361284412,-7.09014247513572e-06,-1.23746330626618e-07,0.999999999999992,-1.3049047198096e-05,1.53773418141008e-05,0.000253162384369587,-0.000357328593640162
9.95171017250602,-1.66410883099467e-05,-2.90441782123705e-07,0.999999999999958,-4.20251970740562e-05,1.87233597040665e-05,0.000843556677619241,-0.000887526201410448
9.95479904417681,4.10871765517918e-06,7.17106511176977e-08,0.999999999999997,0.000117244247038758,1.13044700801361e-05,-0.00240181218730501,0.000224251116818888
9.9578879158476,1.40183786872512e-05,2.44666863883932e-07,0.99999999999997,5.59933306396852e-05,7.74075035550154e-06,-0.00115372864412988,0.000765661228087481
9.96110842660271,1.42120007938394e-05,2.48046207148542e-07,0.999999999999969,1.0493190433382e-06,7.63068662532141e-06,-3.41758617031635e-05,0.000787459181782216
9.96476615475876,5.69577283183309e-06,9.94099893611286e-08,0.999999999999995,-4.06362122733619e-05,1.06125737553865e-05,0.000815229290655362,0.000355501905309194
9.96747147336097,-7.94298366160281e-06,-1.38631217327084e-07,0.99999999999999,-8.79900823857076e-05,1.54281417377902e-05,0.00178003728598415,-0.000398464076493653
9.97017679196318,-4.8581066393548e-06,-8.47899562697379e-08,0.999999999999996,1.9902003783704e-05,1.42961728458051e-05,-0.000418423505113079,-0.000242098952866328
9.97380795541849,-7.64865486999507e-06,-1.33494210830112e-07,0.999999999999991,-1.34128510489448e-05,1.52417610908092e-05,0.000260409165448812,-0.000399031686888826
9.97766388341774,4.16436628403354e-06,7.26819029154266e-08,0.999999999999997,5.3469907577556e-05,1.0990697641044e-05,-0.00110247479999458,0.000211723383145175
9.98048073357625,1.16766284183636e-05,2.03795611432381e-07,0.999999999999979,4.65462133726509e-05,8.28274755917806e-06,-0.0009613397694164,0.000634308721653364
9.98329758373476,6.01514966284715e-06,1.04984166616909e-07,0.999999999999994,-3.50787011218291e-05,1.02597826058368e-05,0.000701860211017406,0.000338529598574756
9.98698245483991,5.89246132820931e-06,1.0284285122369e-07,0.999999999999995,-5.81109985157424e-07,1.02557348474862e-05,-1.09848030909625e-06,0.000342166921700929
9.98983668257454,-3.43169505523532e-06,-5.98943776382649e-08,0.999999999999998,-5.70162033279127e-05,1.35347089472119e-05,0.00114881306068882,-0.000164542735552325
9.99269091030918,-3.69644894511109e-06,-6.45152047240596e-08,0.999999999999998,-1.61894127428138e-06,1.35917817301228e-05,1.99958756683409e-05,-0.000184167994702806
9.99668447631193,-1.18106853340069e-05,-2.06135345995425e-07,0.999999999999979,-3.54620760427299e-05,1.64255656023181e-05,0.00070958733879452,-0.000628260975837738
10,-3.08339623418491e-08,-5.38154164301208e-10,1,6.20104729068713e-05,1.21930109793028e-05,-0.00127658705568764,-5.20213287212426e-06
10.003151548695,1.25304332876045e-05,2.18697317570194e-07,0.999999999999976,6.95643611929448e-05,7.68473091316729e-06,-0.00143049671842979,0.000674447621896972
10.00630309739,1.36140966933987e-05,2.37610811984679e-07,0.999999999999972,6.0013333903529e-06,7.25831947879927e-06,-0.000135302188110789,0.000743240432363921
10.0098309806946,9.42968485122024e-06,1.64579048079224e-07,0.999999999999986,-2.07012980867252e-05,8.7005286162196e-06,0.000408802959980355,0.000535821539926656
10.0124456056832,-2.70391457940074e-06,-4.71922121032206e-08,0.999999999999999,-8.09948887935241e-05,1.2981489316635e-05,0.00163731346529681,-0.000129543149419709
10.0150602306717,-2.06768264643197e-06,-3.60878700665876e-08,0.999999999999999,4.24701136314483e-06,1.27210352490854e-05,-9.96143113037479e-05,-0.000101038273712573
10.019093279617,-8.68587565863902e-06,-1.51597128662081e-07,0.999999999999988,-2.86406785937916e-05,1.50219722661417e-05,0.000570520479235749,-0.000460755483665747
10.0242702118071,-3.76422766622944e-05,-6.56981665703612e-07,0.999999999999784,-9.76223984566616e-05,2.5251343692149e-05,0.00197595236917333,-0.00217800099459281
10.0261910376987,-8.05824090702313e-06,-1.40642835746447e-07,0.99999999999999,0.000268810844439003,1.47057468326471e-05,-0.00549013677152831,-0.000450687090317147
10.0281118635904,-1.67595959900347e-06,-2.92510131330144e-08,1,5.79916290680637e-05,1.24109218061009e-05,-0.00119470746230098,-8.7178565228422e-05
10.0313758172899,2.93886181603824e-06,5.12928149510072e-08,0.999999999999999,2.46767679624237e-05,1.07269451507498e-05,-0.000515931538973895,0.000159709176736023
10.0357773210931,4.09829565372351e-05,7.15287528776426e-07,0.999999999999744,0.000150856330816356,-2.86069694453274e-06,-0.00308704540602554,0.00220092814540709
10.0397586986518,9.87720251593765e-05,1.72389704789294e-06,0.999999999998514,0.000253331793896988,-2.34643406782532e-05,-0.00517500373429526,0.00540866779153784
10.0420471295899,7.61876521199522e-06,1.3297253788572e-07,0.999999999999991,-0.000695203199516341,8.92277245784725e-06,0.0141525412008395,0.000434624070866476
10.0443355605279,-4.14530231262677e-07,-7.23491738458725e-09,1,-6.12679425621944e-05,1.17495865963358e-05,0.00123526303174831,-1.4588653255838e-05
10.0476270432779,-4.53421581012101e-06,-7.91369948825935e-08,0.999999999999997,-2.18448896618757e-05,1.3171486300759e-05,0.000431993667418565,-0.000237322714977865
10.0519440763945,-3.31046242546875e-05,-5.77784690879839e-07,0.999999999999833,-0.000115507035163431,2.3275461864109e-05,0.0023404906310701,-0.0017828390914647
10.0561697477597,-5.04597722777365e-05,-8.80689166052946e-07,0.999999999999612,-7.16819764240695e-05,2.93912406807562e-05,0.00144729163443054,-0.00287278897851659
10.0581469391762,-8.35449363814951e-06,-1.45813421322628e-07,0.999999999999989,0.000371676580513721,1.43917932854693e-05,-0.00758623938461961,-0.000471872955587034
10.0601241305928,-1.38801922194343e-06,-2.42255055038827e-08,1,6.14952678835234e-05,1.1888387316098e-05,-0.0012661424424545,-7.70072278143837e-05
10.0633793248682,3.05959462106201e-06,5.33999999138403e-08,0.999999999999999,2.38466582479625e-05,1.02638726772959e-05,-0.000499053052239228,0.000161160105238469
10.0677838887397,3.96704905803658e-05,6.92380676508724e-07,0.99999999999976,0.00014507240563177,-2.81423657678716e-06,-0.00296921775587222,0.00212654476518919
10.0718069866968,9.75108472240451e-05,1.70188534046794e-06,0.999999999998552,0.000250927189627452,-2.3436732262862e-05,-0.00512602375239363,0.00534232046248337
10.0740483647309,8.43295434127996e-06,1.47182818925684e-07,0.999999999999989,-0.000693636904566779,8.21283906342445e-06,0.0141205860165723,0.000472675250666979
10.076289742765,1.15293926818647e-07,2.01225863053878e-09,1,-6.47684407029889e-05,1.11413714214329e-05,0.00130657671907325,8.56797331021907e-06
10.079614137506,-4.16970020659832e-06,-7.27749974262285e-08,0.999999999999997,-2.24965029379964e-05,1.26215994612988e-05,0.000445262417736924,-0.000222409076424482
10.0839941674751,-3.76199723808496e-05,-6.56592382555108e-07,0.999999999999784,-0.00013329072842977,2.44602077031625e-05,0.00270286010034496,-0.00202794011002013
10.0881350060187,-6.70350135469576e-05,-1.16998170051315e-06,0.999999999999316,-0.000123981969486166,3.48661230313416e-05,0.00251299711849248,-0.00375597948774232
10.0900531567819,-1.24371978351052e-05,-2.17070051944495e-07,0.999999999999976,0.000496786627439754,1.5424588892351e-05,-0.0101355610372366,-0.00069409350998721
10.0919713075451,-2.18984570681539e-06,-3.82200176945909e-08,0.999999999999999,9.32408638995341e-05,1.17551655053678e-05,-0.00191300050933955,-0.000124535559984501
10.09531335298,2.7890424122797e-06,4.86779730720459e-08,0.999999999999999,2.60014390765272e-05,9.94060908585407e-06,-0.000542947860780951,0.000140684095536823
10.0998064850704,5.36665958683693e-05,9.36658796240092e-07,0.999999999999561,0.000197630696203866,-8.21238610027099e-06,-0.0040401650387216,0.00286365707477783
10.1028504427194,2.95238289710982e-05,5.15288023341331e-07,0.999999999999867,-0.00013842859247458,3.33959865191926e-07,0.00280764286203532,0.00159898426811151
10.1058944003683,-8.81997820641361e-07,-1.53937659656062e-08,1,-0.000174339412864983,1.11075545658355e-05,0.0035393379090856,-2.91227932015899e-05
10.1092418680697,-2.98322088113645e-05,-5.20670266900751e-07,0.999999999999864,-0.000150942905505949,2.13594721599907e-05,0.00306258895041687,-0.00158718873570456
10.1122390899303,-2.26898861796522e-05,-3.96013220737679e-07,0.999999999999922,4.15908637939117e-05,1.87800013452994e-05,-0.000860620579552671,-0.00122785311665912
10.1152763783336,-6.48157967413332e-06,-1.13124906043967e-07,0.999999999999994,9.31384436134026e-05,1.2975894868204e-05,-0.00191095006673717,-0.000367107371627032
10.1181978644076,4.22605685863047e-06,7.37586065595903e-08,0.999999999999997,6.3968647417757e-05,9.1296488745159e-06,-0.00131653750737298,0.00021238271162471
10.1211193504816,5.11615404249914e-06,8.92937330808278e-08,0.999999999999996,5.3175425546254e-06,8.77491922892198e-06,-0.00012142096063744,0.00026567759044484
10.1249363968733,1.21168921553072e-05,2.11479663219181e-07,0.999999999999978,3.20105960474596e-05,6.23534690363423e-06,-0.000665323934973885,0.000649933706882155
10.1286140268695,-2.30299121912466e-06,-4.01947794182434e-08,0.999999999999999,-6.84338671649413e-05,1.13157082396385e-05,0.0013814226394012,-0.000100391348036174
10.1313911993185,-1.15093075751353e-05,-2.00875311810835e-07,0.99999999999998,-5.78575998939313e-05,1.45534538176163e-05,0.00116584246653654,-0.00061742941497308
10.1341683717675,-5.96322523753387e-06,-1.04077914432987e-07,0.999999999999995,3.48546585256376e-05,1.25447766134109e-05,-0.000723281409804024,-0.000329341378432804
10.1377822666802,-6.26976963280682e-06,-1.09428123434035e-07,0.999999999999994,-1.48045505759661e-06,1.26066375082664e-05,1.71175134725142e-05,-0.000355337219313571
10.141038965401,5.95731973112603e-06,1.03974843902172e-07,0.999999999999995,6.5527390043232e-05,8.21578548951071e-06,-0.0013482524467517,0.000298107215115888
10.1442956641219,1.56372491322574e-05,2.72921483312514e-07,0.999999999999963,5.18766560527419e-05,4.7308885035351e-06,-0.00107007042550042,0.00082457785560696
10.147719513964,1.87075467992227e-05,3.26508286617357e-07,0.999999999999947,1.56510378016382e-05,3.59453980890794e-06,-0.000331892094295606,0.00100492352909833
10.1515760445367,-4.94946761162151e-06,-8.63845060436152e-08,0.999999999999996,-0.000107063274846017,1.19580815001482e-05,0.00216866987918242,-0.000210657743091376
10.1539887666399,-8.34387538558617e-06,-1.4562809785459e-07,0.999999999999989,-2.45546686595059e-05,1.31336457085178e-05,0.000487235644263285,-0.000447863567472376
10.156401488743,-2.50217056611418e-06,-4.3671114825183e-08,0.999999999999999,4.22580714518087e-05,1.10247616790186e-05,-0.000874068350732318,-0.000144714970592062
10.1599742858839,-5.09904905324831e-06,-8.89951946998826e-08,0.999999999999996,-1.268588114228e-05,1.19019920228133e-05,0.000245530409145559,-0.000287802510943758
10.1649835281138,-1.42752926199042e-05,-2.49150857902973e-07,0.999999999999969,-3.19720340626612e-05,1.51001188391844e-05,0.000638445231749708,-0.000865295697423924
10.1671378935463,8.50720550298304e-07,1.48478746170834e-08,1,0.000122541296170368,9.69327960396457e-06,-0.00250971314045341,1.93344737299923e-05
10.1692922589788,7.58628330277176e-07,1.32405621622437e-08,1,-7.46072337873322e-07,9.69826129307808e-06,2.31236959079197e-06,2.55266236298117e-05
10.1728900599327,4.77442666617177e-06,8.33294652197134e-08,0.999999999999997,1.94810396558218e-05,8.22365319656829e-06,-0.000409863723810147,0.000240659646113005
10.1777077129362,5.76774546029007e-05,1.00666148699001e-06,0.999999999999493,0.000191655982924157,-1.06526358962251e-05,-0.00391815041040484,0.0031060348210012
10.180754173559,7.19597546216383e-06,1.25593464707479e-07,0.999999999999992,-0.00028921037603274,7.26138442366647e-06,0.00588027305718248,0.000411507149801718
10.1838006341818,-2.31843379102774e-05,-4.04643031429271e-07,0.999999999999918,-0.000174050008121611,1.80265287186634e-05,0.0035336561432981,-0.00123587492625391
10.1865665096868,-1.34446774503129e-05,-2.34653888376594e-07,0.999999999999972,6.14594339993027e-05,1.45270892032855e-05,-0.00126521946088793,-0.000735391108507443
10.1895858831864,-5.73200014648572e-06,-1.00042275280973e-07,0.999999999999995,4.45826305077481e-05,1.17453923207783e-05,-0.000921282803507285,-0.00032855404901365
10.1941058934756,2.08667564426197e-05,3.64193604135445e-07,0.999999999999934,0.000102706819169099,2.22759560825941e-06,-0.00210570244391655,0.0010338628675002
10.1964345191043,9.3324517865826e-06,1.62882010959493e-07,0.999999999999987,-8.64508191838208e-05,6.30017478440969e-06,0.00174891967429527,0.000474483518997866
10.1987631447331,2.55913607990075e-06,4.46653506008487e-08,0.999999999999999,-5.07667092984926e-05,8.67931281506266e-06,0.00102169193763995,0.000119954471643399
10.2024080507437,5.48799985786579e-06,9.57836668687386e-08,0.999999999999995,1.40245910645198e-05,7.59118236352926e-06,-0.000298534570810838,0.000279732656224317
10.207537590636,1.99732317099172e-05,3.48598655601785e-07,0.999999999999939,4.92860946675691e-05,2.37483228573626e-06,-0.001016923581318,0.00115051399937713
10.2096386107994,1.35876472081751e-06,2.37149181382071e-08,1,-0.00015463142292682,8.96767268524106e-06,0.00313792343089848,7.02458719017144e-05
10.2117396309628,1.96832685832897e-07,3.43537844332765e-09,1,-9.65223468494367e-06,9.35412544716041e-06,0.000183935770180825,-4.69047092472153e-06
10.2153029277421,-3.87904049252623e-06,-6.77020284127652e-08,0.999999999999998,-1.99639298272085e-05,1.0758427121444e-05,0.000394101799891895,-0.00022331235058932
10.2200688656583,-5.89902110937136e-05,-1.02957341003161e-06,0.99999999999947,-0.000201822054450289,3.02975811173126e-05,0.0040997500050674,-0.00319917505970945
10.224251370498,-8.76349576348071e-05,-1.52951855057253e-06,0.99999999999883,-0.000119532471496776,4.04304147143922e-05,0.00242267109909901,-0.0049995274377139
10.226071793684,-2.12855252502695e-05,-3.71502498633585e-07,0.999999999999931,0.000636124644439384,1.68123160315993e-05,-0.0129739605955915,-0.00120457487081394
10.2278922168701,-4.33821120022941e-06,-7.57160690908982e-08,0.999999999999997,0.000162482235896214,1.07624365313288e-05,-0.00332333687392759,-0.00025838320820208
10.2308591518901,2.39242936844887e-06,4.17557696008413e-08,0.999999999999999,3.95936675045052e-05,8.33138321598704e-06,-0.000819382055523532,0.000104508485741298
10.2349025417054,2.49161961315778e-05,4.34869659568694e-07,0.999999999999905,9.72238413623302e-05,2.7018530073606e-07,-0.00199367320082934,0.0013103349042199
10.2388518340279,7.49461710754533e-05,1.30805744702923e-06,0.999999999999144,0.000221099811348848,-1.7571683642028e-05,-0.00451773823913298,0.00404835310822354
10.2422551834433,-5.50224662545117e-06,-9.603231987087e-08,0.999999999999995,-0.000412561155357035,1.09966030432024e-05,0.00839416797933627,-0.00019684116525856
10.2450259474536,-4.18323001984848e-05,-7.30111372146172e-07,0.999999999999733,-0.000228846285686296,2.38818286888241e-05,0.00465042334808084,-0.00223109926457521
10.2472670601812,-7.75935477994378e-06,-1.35426288740379e-07,0.999999999999991,0.000265352597433222,1.17360097228456e-05,-0.0054195484307726,-0.000433267342544366
10.2501204364126,-3.5201872106531e-06,-6.14388571124917e-08,0.999999999999998,2.59297847982934e-05,1.01927636143597e-05,-0.000540849149692084,-0.000210862071271238
10.2543292650547,-4.50156556092464e-06,-7.85671405325203e-08,0.999999999999997,-4.06960816805912e-06,1.04892514714688e-05,7.04442690159209e-05,-0.000282479036624306
10.2571129321302,6.17116291421008e-06,1.07707111529934e-07,0.999999999999994,6.69168571566667e-05,6.65908091737582e-06,-0.00137594419527168,0.000302542974191599
10.2598965992057,4.50851601189834e-06,7.86884487865098e-08,0.999999999999997,-1.04246168656103e-05,7.21586293488645e-06,0.000200017459850907,0.000219674479546728
10.2637130532725,9.15456617155703e-06,1.59777321285361e-07,0.999999999999987,2.12471763260758e-05,5.51630375160691e-06,-0.000445324155225525,0.000476554102097026
10.2673333630908,-4.21503113154478e-06,-7.35661713195185e-08,0.999999999999997,-6.44540120378106e-05,1.02263681313251e-05,0.00130101140957582,-0.000225272399704558
10.270953672909,-5.21895714733444e-05,-9.10879857414643e-07,0.999999999999585,-0.000231282328898672,2.72432959105331e-05,0.00470040649380716,-0.0027974919756621
10.273911957943,-3.17472337604103e-05,-5.54093757519431e-07,0.999999999999846,0.000120605721149846,1.99365888710855e-05,-0.00246991312717005,-0.00173603964479256
10.2767605890872,-4.7596540804295e-06,-8.30716349594777e-08,0.999999999999997,0.00016535033801343,1.03037297175018e-05,-0.0033815747515723,-0.00029122983212643
10.2800166399028,1.08160457222881e-05,1.88775609900175e-07,0.999999999999982,8.34898655619578e-05,4.7244516945032e-06,-0.00171351073399117,0.000544038969259438
10.2832726907184,2.04587332553888e-05,3.57072256093785e-07,0.999999999999936,5.16873524779973e-05,1.25532248113813e-06,-0.0010654407470285,0.00107259219190699
10.286573318848,1.57511192658015e-05,2.74908892062545e-07,0.999999999999962,-2.48932508614959e-05,2.88927469485847e-06,0.000495042806869125,0.000836453201739387
10.2906381757392,-2.69456227637298e-05,-4.70289836227403e-07,0.999999999999889,-0.000183327174421801,1.80247162174875e-05,0.00372348693393139,-0.00137862920946251
10.2929160808176,-9.71307333088238e-06,-1.69525110111549e-07,0.999999999999986,0.00013203567127251,1.18680043151389e-05,-0.00270279563483412,-0.000531890178429542
10.2951939858959,-1.95300081600527e-06,-3.4086294533428e-08,0.999999999999999,5.94576204535426e-05,9.08047289346514e-06,-0.00122372589102126,-0.000127172775939058
10.2986877677763,-4.37092858465519e-06,-7.62870951717687e-08,0.999999999999997,-1.20788309298675e-05,9.89797603929617e-06,0.000233988031832662,-0.000259779443429391
10.3,-8.65473870551996e-07,-1.51053686311115e-08,1,4.6624161055104e-05,8.63541027469286e-06,-0.000962151166368389,-7.07864610999533e-05
10.3065611611186,-6.16624161633481e-05,-1.07621218678519e-06,0.999999999999421,-0.00016172546276025,3.01773453147071e-05,0.00328325042634021,-0.0034256139322092
10.3084736582894,-1.05339494662251e-05,-1.83852101424326e-07,0.999999999999983,0.000466594198938721,1.19714870929838e-05,-0.00951941707424058,-0.000603718722465648
10.3103861554601,-1.44403405289083e-06,-2.52031487338629e-08,1,8.29538234704011e-05,8.71581153687393e-06,-0.00170231653457786,-0.000104422331390807
10.314158374063,3.03755859606787e-06,5.30153987236409e-08,0.999999999999999,2.07354227557859e-05,7.0766426204005e-06,-0.000434537095817157,0.000130487776079682
10.3176326148329,1.43413862488683e-05,2.50304409342989e-07,0.999999999999969,5.67862228568805e-05,3.01494817134044e-06,-0.00116908836146932,0.000739146978639303
10.3211068556028,2.07356297176607e-05,3.61905011047554e-07,0.999999999999934,3.21222992576361e-05,6.99459989542208e-07,-0.000666473147699849,0.00109739894077385
10.324885845735,2.83273061013472e-06,4.94404759688787e-08,0.999999999999999,-8.26846655189541e-05,7.02161846447336e-06,0.00167297565058341,0.000184884719817488
10.3273434868676,-7.14741451311635e-06,-1.24745916258707e-07,0.999999999999992,-7.08754382060593e-05,1.05414349919343e-05,0.00143219304101997,-0.000398233598479803
10.3298011280003,-2.34518621692325e-06,-4.09312210577006e-08,0.999999999999999,3.41037159935957e-05,8.80432949811577e-06,-0.000706818204970224,-0.00015054789374341
10.3333815579836,-5.11293620539458e-06,-8.92375712285604e-08,0.999999999999996,-1.34917734450904e-05,9.74618619474097e-06,0.000263056867754706,-0.000302763444162831
10.3383535283228,-1.37848107221485e-05,-2.40590333865706e-07,0.999999999999971,-3.04412038510742e-05,1.2771012027295e-05,0.000608375679296466,-0.000853213262777102
10.3405105058594,1.20980905497138e-06,2.11151513296916e-08,1,0.000121329722144195,7.41332916144627e-06,-0.00248388440526872,2.48515446763026e-05
10.3426674833961,1.03821038157672e-06,1.81201894869004e-08,1,-1.38849931993976e-06,7.44903301681358e-06,1.65527247086862e-05,2.69659405079363e-05
10.3462596633621,5.02650619331192e-06,8.77290829451794e-08,0.999999999999996,1.93778970202162e-05,5.98845353730403e-06,-0.000406599750946202,0.000240880673229531
10.3510722465618,5.70043143911094e-05,9.94912973966682e-07,0.999999999999505,0.000188502484711467,-1.25530462773034e-05,-0.00385271257561079,0.00305705995882601
10.3541035949182,6.84780167361864e-06,1.19516685728223e-07,0.999999999999993,-0.000288781157859319,5.24921522798604e-06,0.00587272045710399,0.000378354654882596
10.3571349432746,-2.13900416434258e-05,-3.7332665381647e-07,0.99999999999993,-0.000162582218075588,1.52562734531466e-05,0.00330119044352144,-0.00115400422360293
10.3599246746764,-1.29158121293922e-05,-2.25423447226911e-07,0.999999999999975,5.30170060437221e-05,1.22099773720662e-05,-0.00109196752028364,-0.000719784196284122
10.3629856828479,-5.72746267980977e-06,-9.99630815477781e-08,0.999999999999995,4.09866157315661e-05,9.61798925941484e-06,-0.000846775953337552,-0.000341239204833599
10.3675655386698,2.64840969973011e-05,4.62234692020431e-07,0.999999999999893,0.000122754469885155,-1.89104276810258e-06,-0.00251296819704982,0.00131222264342943
10.369835434306,9.58817574426077e-06,1.67345235997207e-07,0.999999999999986,-0.000129913222142736,4.09200071786274e-06,0.00263582315883348,0.000474853397477806
10.3721053299422,2.62781928842654e-06,4.58640987304576e-08,0.999999999999999,-5.35183800218472e-05,6.54129683214901e-06,0.00107903468126556,0.000111450481417375
10.3756876096705,5.51045232640596e-06,9.61755363699651e-08,0.999999999999995,1.40445307054714e-05,5.4749930028502e-06,-0.000297660682631518,0.000268448916064816
10.3806814169383,2.7684197317041e-05,4.83180393954126e-07,0.999999999999883,7.74969550944869e-05,-2.46762111390429e-06,-0.00159049272244619,0.00152710200562118
10.3828161989221,2.62885324448791e-06,4.58821446680495e-08,0.999999999999999,-0.000204844453716915,6.41832974029715e-06,0.00416246292194365,0.000123505410274497
10.384950980906,5.46524611888656e-07,9.5386539206412e-09,1,-1.70244507506545e-05,7.13451039180114e-06,0.000335481869775286,2.33816688851486e-06
10.3887278694696,-4.0451652725031e-06,-7.06014527925126e-08,0.999999999999998,-2.12185520865792e-05,8.72456780991613e-06,0.000420996646132326,-0.000242773971820161
10.3937003629516,-8.87565371316525e-05,-1.54909380561532e-06,0.9999999999988,-0.000297334196253552,3.87947375382532e-05,0.00604730198996895,-0.00481085776734619
10.3977133476192,-0.000118461815798373,-2.06754872357116e-06,0.999999999997863,-0.000129194343087019,4.93121893314068e-05,0.00262085521480067,-0.00669561734044951
10.3994859738331,-2.92851699820495e-05,-5.1112263819295e-07,0.999999999999869,0.000878034000174753,1.75790312175165e-05,-0.01790177639571,-0.00165002720909158
10.401258600047,-6.06808931952788e-06,-1.05908137930863e-07,0.999999999999994,0.000228595570285089,9.30245009810977e-06,-0.00466910680584668,-0.000362550799537472
10.4041779359718,2.15211558722774e-06,3.75615028806153e-08,0.999999999999999,4.9144615250316e-05,6.34629029858824e-06,-0.0010126137846601,8.07266632188437e-05
10.4081564014268,2.40883520512943e-05,4.20421054674602e-07,0.999999999999912,9.62329712599753e-05,-1.49960345465366e-06,-0.00197209045595602,0.00125380019826032
10.4120372173441,7.2026375254835e-05,1.25709739647351e-06,0.99999999999921,0.000215592895832637,-1.85912296825779e-05,-0.0044041321702048,0.00387000566400968
10.4153426267182,7.83851834848805e-06,1.36807953659104e-07,0.999999999999991,-0.000338926080256343,4.1999781587842e-06,0.00689512410165406,0.000477166266699568
10.4177078440219,-6.6920057648841e-06,-1.16797534159669e-07,0.999999999999993,-0.000107222912426931,9.34097241463661e-06,0.00217358221079399,-0.000373799087298282
10.4200730613255,-2.06097487671136e-06,-3.59707973994974e-08,0.999999999999999,3.41730701174083e-05,7.66775585495262e-06,-0.000707426145204285,-0.000138494528370923
10.4234830398323,-4.40479981158242e-06,-7.6878259603339e-08,0.999999999999997,-1.19963988401465e-05,8.46365669533283e-06,0.000233403477116994,-0.000267084329098436
10.4281760212428,-2.21421536174933e-05,-3.86453484107622e-07,0.999999999999925,-6.59655765549127e-05,1.47198855383041e-05,0.00133310326544026,-0.00126228715155276
10.4303307087315,-1.37163819508062e-06,-2.39396026502692e-08,1,0.000168244296841559,7.30966871180558e-06,-0.00343911442619989,-0.00011103513171492
10.4324853962203,5.09931967353436e-07,8.8999917914897e-09,1,1.52410011258163e-05,6.61696110365161e-06,-0.000321488666812257,-4.12298602460677e-06
10.4366153442692,5.81166030783093e-06,1.01432607379117e-07,0.999999999999995,2.24052735026683e-05,4.68637396010358e-06,-0.000467460394340269,0.00027753977378961
10.4404248265495,1.97904499947242e-05,3.45408512859225e-07,0.99999999999994,6.40443733637364e-05,-3.26408962211549e-07,-0.00131586986196995,0.00103478857798341
10.4442343088297,2.10156020824501e-05,3.66791450627723e-07,0.999999999999933,5.61308235485153e-06,-8.0317061956075e-07,-0.000125151299382203,0.00114334804652464
10.4465592209583,-9.02739315272553e-08,-1.57557733387052e-09,1,-0.000158443419617483,6.67755479722389e-06,0.0032176379162207,-2.67875432408004e-05
10.4488841330869,-2.51836962847999e-07,-4.39538417992022e-09,1,-1.21286598809131e-06,6.70989816334059e-06,1.39116509906662e-05,-4.29374230717627e-05
10.4527482047006,-5.28350966947028e-06,-9.22146397932136e-08,0.999999999999996,-2.27271294095806e-05,8.4577970452321e-06,0.00045234639950189,-0.00031333960030862
10.4577981148368,-7.4915355970609e-05,-1.30751962199035e-06,0.999999999999145,-0.000240658734396155,3.31671258333352e-05,0.00489302346409451,-0.00411198014877445
10.4602221519118,-4.4616049311308e-06,-7.78696959714472e-08,0.999999999999997,0.000507273563882341,8.08543654598872e-06,-0.010347073296032,-0.000288140402189878
10.4626461889868,1.89212295723978e-06,3.3023775456406e-08,0.999999999999999,4.57474320716627e-05,5.80007115454105e-06,-0.000942793084732676,6.67316348615732e-05
10.4660371651741,6.44921169465726e-06,1.12559978229892e-07,0.999999999999994,2.34552525234369e-05,4.14339265221396e-06,-0.000488555038677112,0.000312696369929886
10.4703485047854,3.42907958451163e-05,5.98487290626435e-07,0.999999999999821,0.000112709124357433,-5.80365138096602e-06,-0.00230718174163786,0.00182659992608992
10.473558846157,2.37122076539848e-06,4.13856096478634e-08,0.999999999999999,-0.000173533470899473,5.51441883545828e-06,0.00352550364789776,0.000130598532506483
10.4767691875285,-3.10744668864821e-05,-5.42351760471036e-07,0.999999999999853,-0.000181830311035011,1.73751874163905e-05,0.00369455058144694,-0.00167446692202772
10.4795728110685,-1.70940156675282e-05,-2.98346855785859e-07,0.999999999999955,8.70319788670929e-05,1.23736795886953e-05,-0.0017839441552421,-0.00094960545955241
10.4825233761148,-5.11441847081464e-06,-8.92634416405289e-08,0.999999999999996,7.08621605923219e-05,8.08240220049146e-06,-0.00145439172529355,-0.000313172407005428
10.4861375509731,8.62103974050602e-06,1.50465528417107e-07,0.999999999999989,6.63302079888808e-05,3.1598311748741e-06,-0.00136201794839704,0.000412660028653461
10.4897517258313,4.6879749029449e-05,8.1820597307241e-07,0.999999999999665,0.000184755987421676,-1.04839286311761e-05,-0.00377506909351864,0.00247028156042804
10.4928283331819,3.01941019788214e-05,5.26986494213344e-07,0.999999999999861,-9.46560433875469e-05,-4.58154289570102e-06,0.00191847222052552,0.00160491812342209
10.4959423048893,1.64946355820274e-06,2.8788569982299e-08,1,-0.000159987941779967,5.53795117789472e-06,0.00324970649202915,8.22205665570224e-05
10.4994439066742,-4.08877948096717e-05,-7.1362664330856e-07,0.999999999999745,-0.000212021600083885,2.06298535573186e-05,0.00430999962488831,-0.00219559497940697
10.5023781268806,-2.89236375746074e-05,-5.04812707330424e-07,0.999999999999873,7.11650528206047e-05,1.63446816046341e-05,-0.00146041252912374,-0.00158719439026001
10.5051795720942,-6.15877034233432e-06,-1.07490820347912e-07,0.999999999999994,0.000141827469998633,8.2199591047456e-06,-0.00290018968084386,-0.000371420167318767
10.5086011993903,7.84584093275828e-06,1.36935756864375e-07,0.999999999999991,7.14357690253482e-05,3.20448461714114e-06,-0.00146581554729159,0.000373182496247354
10.5120228266863,2.89004138578205e-05,5.04407377007943e-07,0.999999999999873,0.000107396740891842,-4.31802649465918e-06,-0.00219851855883276,0.00151059046620529
10.5152211856596,2.32582100464606e-05,4.05932343431149e-07,0.999999999999918,-3.07892373560096e-05,-2.34368808379366e-06,0.00061729731633769,0.00122924169493166
10.5186494083792,-2.52711845297004e-07,-4.41065375922328e-09,1,-0.000119695548028625,5.98325468543251e-06,0.00242893868054265,-8.82564907625652e-06
10.5213612873891,-1.04793476725974e-05,-1.82899120348028e-07,0.999999999999983,-6.58172676361009e-05,9.59282659033319e-06,0.00133102247252707,-0.000584788067417296
10.5240731663989,-4.87143368537962e-06,-8.50225571024358e-08,0.999999999999996,3.60917883466258e-05,7.57119839003015e-06,-0.000745471384582889,-0.000293416793166155
10.5276497813344,-5.77721024195676e-06,-1.00831340302083e-07,0.999999999999995,-4.42004059275363e-06,7.85754730525994e-06,8.00614324975282e-05,-0.000349496705379208
10.5311896724685,6.95270655696519e-06,1.21347621344041e-07,0.999999999999993,6.27643487420642e-05,3.29500537091452e-06,-0.00128889329122734,0.000323796318258721
10.5347295636025,3.69863653766958e-05,6.4553385416893e-07,0.999999999999792,0.000148079760923605,-7.42120263917961e-06,-0.00302727050191784,0.00193982948746542
10.5378720406274,2.84612699150484e-05,4.96742869316381e-07,0.999999999999877,-4.73483127086918e-05,-4.420266694655e-06,0.000954958754126741,0.00150878180100402
10.5410639872768,2.79881725565838e-06,4.88485762728707e-08,0.999999999999999,-0.000140320106268606,4.67491402511338e-06,0.00284941501812357,0.00014488288355862
10.5439461551434,-1.10459960180777e-05,-1.92788999677637e-07,0.999999999999981,-8.38388279682482e-05,9.57026785275593e-06,0.00169849712233287,-0.000614648921349389
10.5468283230101,-7.78619970413845e-06,-1.35894821055024e-07,0.999999999999991,1.97400641649918e-05,8.38268618185657e-06,-0.000412044587904525,-0.000450319014523928
10.550320429539,-7.1725443732699e-06,-1.25184515058953e-07,0.999999999999992,3.06700437325815e-06,8.13032273599761e-06,-7.2266823411382e-05,-0.000427283006426878
10.553658032204,7.08519599768391e-06,1.23659998308708e-07,0.999999999999992,7.45578603400379e-05,3.02725079604801e-06,-0.00152896328657159,0.000332459278311
10.556995634869,2.3413489232547e-05,4.08642476488174e-07,0.999999999999917,8.53853818993807e-05,-2.81199966220958e-06,-0.00174953433477569,0.0012165862330105
10.5602374311589,2.10569606203192e-05,3.6751329328735e-07,0.999999999999932,-1.2687158452707e-05,-2.00511324211094e-06,0.000248901025219558,0.00110863143136675
10.5637677198582,6.62964601683887e-07,1.15709151235566e-08,1,-0.000100825288945628,5.21398169870184e-06,0.00204490214705036,4.23113891545238e-05
10.5664316111996,-9.56222066203049e-06,-1.66892234354663e-07,0.999999999999986,-6.69934042361799e-05,8.82475787834672e-06,0.00135545174965569,-0.000535969649074065
10.569095502541,-4.15006096297763e-06,-7.2432227962446e-08,0.999999999999997,3.54594066667992e-05,6.87448040185854e-06,-0.000732116001186197,-0.000254867597882187
10.5726876030271,-5.69998413432444e-06,-9.94834904554e-08,0.999999999999995,-7.53076440879158e-06,7.39145022114674e-06,0.000143918529367308,-0.000344592732452892
10.5763979846666,6.59721254536267e-06,1.15143080370454e-07,0.999999999999993,5.7844877339987e-05,2.98282341627122e-06,-0.00118818688564297,0.000300453912251546
10.5801083663062,5.87820778982781e-05,1.02594080048856e-06,0.999999999999474,0.000245472786519662,-1.56111777543757e-05,-0.00501134464776194,0.00309787105100356
10.5831053209057,3.64095549344777e-05,6.35466612792342e-07,0.999999999999798,-0.000130290324638975,-7.68264418765441e-06,0.00264553008846367,0.00193514296561827
10.5859624093374,5.09362837336708e-06,8.89005859882584e-08,0.999999999999996,-0.000191301753470501,3.42771228679876e-06,0.00388869884151604,0.000256444298862315
10.589780538733,-3.86289635652154e-05,-6.74202600845886e-07,0.999999999999773,-0.000199863102519965,1.89416016396292e-05,0.00406321728398422,-0.00206496948260041
10.5929769537569,-5.76106842640838e-05,-1.00549612473498e-06,0.999999999999495,-0.000103645340614045,2.56622594626974e-05,0.00210256107950752,-0.00312349104356478
10.5956134645326,-1.17621714042557e-05,-2.05288618188186e-07,0.999999999999979,0.000303510045900849,9.33225315277683e-06,-0.00619379463968361,-0.000673877408990117
10.5992530249559,6.99797837968822e-06,1.22137763708937e-07,0.999999999999993,8.99631669249264e-05,2.62665222460166e-06,-0.00184242055309674,0.000309314334848296
10.601991934076,1.27052528206113e-05,2.21748494017962e-07,0.999999999999975,3.63687606780214e-05,5.71840429219902e-07,-0.000750230002257522,0.00064091355910298
10.6047308431962,6.07720382903808e-06,1.06067216131521e-07,0.999999999999994,-4.22362600628226e-05,2.90392887787335e-06,0.00085146616640526,0.00029372095400927
10.6084135440703,6.41572946601384e-06,1.11975603099159e-07,0.999999999999994,1.60436244202038e-06,2.74990031451079e-06,-4.18248911946302e-05,0.000321230918022003
10.6115104537878,-4.05238258303091e-06,-7.07274186243619e-08,0.999999999999997,-5.89952689575546e-05,6.44453637789101e-06,0.00119300735260546,-0.000241915991965282
10.6146073635054,-7.70266425447251e-06,-1.34436852416219e-07,0.999999999999991,-2.05719377064922e-05,7.7145643854527e-06,0.000410095263794334,-0.000444136797002676
10.6182825868957,-1.45661706346718e-05,-2.54227636982333e-07,0.999999999999968,-3.25941505712513e-05,1.01221849597082e-05,0.000655095029220834,-0.000824934189743561
10.6226437685915,1.53216327625993e-05,2.67412938488789e-07,0.999999999999964,0.00011960991581015,-5.46938270033751e-07,-0.00244638356616526,0.00066650497882696
10.6247755928247,5.99316377220523e-06,1.04600440436224e-07,0.999999999999995,-7.63723835733053e-05,2.75208308238944e-06,0.00154751095375025,0.000270580542726778
10.626907417058,1.87946544186385e-06,3.28028601379743e-08,0.999999999999999,-3.3678939932503e-05,4.19608927332458e-06,0.000677357058060244,6.53527296341056e-05
10.6302662362016,4.83362007515781e-06,8.43625851019994e-08,0.999999999999996,1.53505511193048e-05,3.11554079933823e-06,-0.000321704869418668,0.000225344002513515
10.6348568242601,3.34155764629516e-05,5.83211830730394e-07,0.99999999999983,0.000108667830627073,-7.08990968351523e-06,-0.00222312487041376,0.00178180963528314
10.6378415579735,2.32851141193769e-07,4.06401908085747e-09,1,-0.000194036677062163,4.68478181371022e-06,0.00394497219120318,2.74375064529001e-06
10.6408262916868,-1.28322164826039e-05,-2.23964427950122e-07,0.999999999999975,-7.63982548971614e-05,9.30487585345198e-06,0.00154790828378133,-0.000711429452948216
10.6439001755739,-1.22057391541701e-05,-2.13030335879854e-07,0.999999999999977,3.55709339446543e-06,9.05505276610542e-06,-8.12727794932155e-05,-0.000689423625737542
10.6473761989496,-8.22500919876065e-06,-1.43553491525194e-07,0.99999999999999,1.99874502691316e-05,7.60890422336213e-06,-0.000416035333042859,-0.000490568495964357
10.6501860854327,4.4214475062965e-06,7.71688166889666e-08,0.999999999999997,7.85520374353165e-05,3.0869324456768e-06,-0.00160930763743886,0.000196774961795765
10.6529959719159,4.55638289361621e-06,7.95238834751493e-08,0.999999999999997,8.38135917695254e-07,3.01460692407291e-06,-2.57396596045221e-05,0.000210277162402807
10.6568070007572,1.08900462918164e-05,1.90067163486794e-07,0.999999999999982,2.90061515181873e-05,7.29228314933917e-07,-0.000599674970799913,0.000557003900943112
10.6616085123671,2.74556928302101e-06,4.79192238303367e-08,0.999999999999999,-2.96048309793034e-05,3.58519635777522e-06,0.000594806026699716,0.000254754635262343
10.6636451445615,3.55800086028616e-08,6.20988298007842e-10,1,-2.32237493159698e-05,4.53088753577575e-06,0.000464340679964624,-9.86185786672817e-06
10.665681776756,3.92830937407099e-07,6.85619326144964e-09,1,3.0615272509624e-06,4.38635183323313e-06,-7.09679945832905e-05,-8.52979946067568e-06
10.6689959053073,-3.16587038858661e-06,-5.52548619722286e-08,0.999999999999998,-1.87412933055867e-05,5.62376078540147e-06,0.000373373854691347,-0.000200247530737054
10.6734893347395,-3.6035477654507e-05,-6.28937732599949e-07,0.999999999999802,-0.000127671498860826,1.72753413641778e-05,0.0025930262741892,-0.00197583311077321
10.6778070711347,-6.68465983357047e-05,-1.16669323471594e-06,0.999999999999319,-0.000124545700083883,2.81954913198178e-05,0.00252913771387545,-0.0038300454656941
10.6796978462784,-1.36011167441827e-05,-2.37384269134117e-07,0.999999999999972,0.000491496288526826,9.24447576268625e-06,-0.0100228816842524,-0.000794594945989793
10.6815886214221,-2.17914242611528e-06,-3.80332102056089e-08,0.999999999999999,0.000105433509420501,5.16670973303744e-06,-0.002156663653619,-0.000154427523454931
10.6847213174476,3.14109307997905e-06,5.4822416357244e-08,0.999999999999998,2.96408032591969e-05,3.24849714516822e-06,-0.000612320050286455,0.000131517055011993
10.6889732180928,3.43090548216634e-05,5.98805969885227e-07,0.999999999999821,0.000127938914598364,-7.8713460034891e-06,-0.00261526410810872,0.00180183558384266
10.69292187031,9.11265928618089e-05,1.59045908156226e-06,0.999999999998735,0.000251137111382006,-2.81100319313532e-05,-0.00512546682124825,0.00492904256675532
10.6954350216739,5.07144790221634e-06,8.85134637370345e-08,0.999999999999996,-0.000597634364329519,2.47354457767851e-06,0.0121694128528808,0.000264735607531567
10.6979481730378,-2.729591089426e-06,-4.76403517435827e-08,0.999999999999999,-5.417652809799e-05,5.22717404978224e-06,0.00109568787286845,-0.000173411971518853
10.7010760305996,-5.37374365752572e-06,-9.37895199819862e-08,0.999999999999996,-1.47542422653718e-05,6.14195143230092e-06,0.000292461329981929,-0.000319541140030944
10.7050564529997,-1.67820827558671e-05,-2.9290259943204e-07,0.999999999999957,-5.00231029362627e-05,1.01667339450332e-05,0.00101114457416132,-0.000946061885667445
10.708348259326,3.97733431786752e-06,6.94175792993509e-08,0.999999999999998,0.00011006728307377,2.7571736212363e-06,-0.00225091016588436,0.000156942337069265
10.7116400656522,2.94075827419402e-05,5.13259143899496e-07,0.999999999999868,0.000134832222985208,-6.31329639923847e-06,-0.00275546891937222,0.00152959130100942
10.7146266141407,2.0495747130637e-05,3.57718270085789e-07,0.999999999999936,-5.20804783225007e-05,-3.16777428070037e-06,0.00105322988415035,0.00107238171695802
10.7177655545358,6.26206530439563e-06,1.09293657536605e-07,0.999999999999994,-7.9142825690906e-05,1.86921340489083e-06,0.00160467771014053,0.000318181151234417
10.720832085513,-6.99619618949658e-06,-1.22106658622196e-07,0.999999999999993,-7.54599636781479e-05,6.5599059562814e-06,0.00152964133942834,-0.000397471521470782
10.7238986164903,-9.70001552404746e-06,-1.69297208389191e-07,0.999999999999986,-1.53889036561449e-05,7.49710630824801e-06,0.000305622333160577,-0.000551305458151843
10.727419575099,-1.18077021397485e-05,-2.0608327943339e-07,0.999999999999979,-1.04477431096852e-05,8.21879227001836e-06,0.000204968601441104,-0.000676883217916121
10.7308352799072,6.30559762754528e-06,1.10053439906608e-07,0.999999999999994,9.25538760220626e-05,1.75007457767792e-06,-0.00189381637339857,0.000282760780541975
10.7342509847153,3.82096920145527e-05,6.66884931826881e-07,0.999999999999778,0.000163020964397833,-9.62295538355316e-06,-0.00332962905171073,0.00200114746432614
10.7372246994967,2.37290291878342e-05,4.1414968762953e-07,0.999999999999914,-8.4989739358109e-05,-4.49612575956868e-06,0.00172404887517614,0.00124908282845697
10.7402955491665,5.01627049560278e-06,8.75504363189162e-08,0.999999999999996,-0.000106354685651363,2.13504332089589e-06,0.00215939228342897,0.000252816076732468
10.7434203735353,-9.62494901001018e-06,-1.67987050561245e-07,0.999999999999986,-8.17765918071357e-05,7.31783068697409e-06,0.00165858517289762,-0.000537035356092044
10.7465451979042,-1.32169101167914e-05,-2.30678598478156e-07,0.999999999999973,-2.00624228810822e-05,8.57114253694716e-06,0.000401082333608292,-0.000740437960367522
10.7499619858444,-1.15354941769125e-05,-2.01332354231755e-07,0.99999999999998,8.58883979911626e-06,7.94688615151596e-06,-0.000182702701000703,-0.000664268369007468
10.7532205838247,7.1050359043552e-06,1.24006270003411e-07,0.999999999999992,9.98400619546044e-05,1.29269005582424e-06,-0.00204204266251438,0.000330543302923622
10.756479181805,2.400846318154e-05,4.19026730861694e-07,0.999999999999912,9.05360104697468e-05,-4.7435325245137e-06,-0.0018523986747946,0.00124753104824646
10.7596017081421,1.85705088412409e-05,3.24116523050365e-07,0.999999999999947,-3.03953265924484e-05,-2.83312775424106e-06,0.000611813821244979,0.00097279432276665
10.7630385914775,3.60350603100023e-06,6.28930448564269e-08,0.999999999999998,-7.60059195202678e-05,2.46391933466838e-06,0.00154123564052618,0.000188864171649749
10.7658645566373,-9.32754823481698e-06,-1.62796427836141e-07,0.999999999999987,-7.98627937491785e-05,7.04139726986029e-06,0.00161979277043029,-0.000522401968807364
10.768690521797,-6.06296801129588e-06,-1.05818754240206e-07,0.999999999999994,2.01621995940356e-05,5.8592115435878e-06,-0.000418329901276034,-0.000356600753881087
10.7722570646925,-7.11261470632554e-06,-1.2413854505115e-07,0.999999999999992,-5.13656819713985e-06,6.20591327472551e-06,9.7209466223346e-05,-0.00042173256711275
10.7757174009891,6.90592197382376e-06,1.2053107632905e-07,0.999999999999993,7.07068910097299e-05,1.19470372065103e-06,-0.00144818570351347,0.000321538997070744
10.7791777372857,3.2876718614573e-05,5.73806987075975e-07,0.999999999999835,0.00013099186665564,-8.06698429236396e-06,-0.00267652829643593,0.0017211773766909
10.7823128591817,2.53283763561191e-05,4.42063561598548e-07,0.999999999999902,-4.20217873012156e-05,-5.40538288581265e-06,0.000848962654351693,0.00133963747924659
10.7855649610716,3.0659167196682e-06,5.3510341350154e-08,0.999999999999999,-0.000119477566631517,2.48832220059058e-06,0.00242726253774794,0.000159998038392383
10.7884377896026,-1.05759722464023e-05,-1.8458553729926e-07,0.999999999999983,-8.28785554325501e-05,7.31890861844279e-06,0.00168147397793974,-0.000588455138685912
10.7913106181335,-7.40661954534435e-06,-1.29269897508824e-07,0.999999999999992,1.92547655367404e-05,6.17088980879086e-06,-0.000399612715234966,-0.000428595866491926
10.7948206292537,-7.24137836977899e-06,-1.26385894935342e-07,0.999999999999992,8.21650551724408e-07,6.08674618278543e-06,-2.39724670730756e-05,-0.00042935847595173
10.7981851994752,7.04773976416105e-06,1.23006263708339e-07,0.999999999999992,7.41230357014592e-05,9.80794706512139e-07,-0.00151756424750491,0.000331293651533309
10.8015497696966,2.53363419333752e-05,4.42202587148488e-07,0.999999999999902,9.4869865222722e-05,-5.54733732721072e-06,-0.00194025732978569,0.00132041090945707
10.8047642765257,2.18999639476521e-05,3.82226476954575e-07,0.999999999999927,-1.86579507780957e-05,-4.3479902304123e-06,0.000373104541551047,0.0011555582343032
10.8082263937266,1.34819480574152e-06,2.35304383184749e-08,1,-0.000103605978027556,2.93662698987093e-06,0.00210409318857709,7.71931830654441e-05
10.8109402294385,-9.85875610066924e-06,-1.72067754107755e-07,0.999999999999985,-7.20744411922156e-05,6.90297284864864e-06,0.00146152762354528,-0.00055011638946868
10.8136540651505,-4.79341237545242e-06,-8.36608283574872e-08,0.999999999999996,3.25763734926918e-05,5.08243077085775e-06,-0.000670837246991333,-0.000287702028221771
10.8172321211953,-6.0090321883288e-06,-1.04877396544657e-07,0.999999999999994,-5.92963551187872e-06,5.48969424525193e-06,0.000113822553164804,-0.000360127543408392
10.8208330724254,6.82616556479584e-06,1.19139064391945e-07,0.999999999999993,6.22103568258371e-05,8.99890382597899e-07,-0.00127460872679851,0.000316800454528821
10.8244340236555,4.46629506346991e-05,7.79515542231111e-07,0.999999999999696,0.00018338945340894,-1.25812308233148e-05,-0.00374376667288539,0.00234951130458735
10.8275078691546,3.10581273757137e-05,5.42066582209964e-07,0.999999999999853,-7.72481766220427e-05,-7.76384049029688e-06,0.00156721941114867,0.00164972301805132
10.8305542983833,3.92745192596166e-06,6.85469673218234e-08,0.999999999999998,-0.00015543430664058,1.86401738658364e-06,0.00316037470566115,0.000201464598333369
10.834274243072,-4.73658550026976e-05,-8.26690122819207e-07,0.999999999999658,-0.000240658710022015,2.00806077378974e-05,0.00489700570187007,-0.00253073713661829
10.8372931272179,-4.39494317930694e-05,-7.67062289169661e-07,0.999999999999706,1.97516137641635e-05,1.88448532591702e-05,-0.000409341471544999,-0.00239090365744146
10.8399293683529,-8.25918500916894e-06,-1.44149971941356e-07,0.99999999999999,0.000236288065217913,6.13416697620747e-06,-0.00482151883391319,-0.00048181217590583
10.844070400231,1.69734297703837e-05,2.96242234849217e-07,0.999999999999956,0.000106348422265368,-2.86766749923049e-06,-0.00217381433911719,0.00082228667036146
10.8465126637639,1.08610981683352e-05,1.89561923419773e-07,0.999999999999982,-4.36809173111642e-05,-7.09979351068e-07,0.000883478838037483,0.00054331690713191
10.8489549272967,3.48013663214125e-06,6.07398426501315e-08,0.999999999999998,-5.27470025401297e-05,1.89871709040821e-06,0.00106814699004147,0.000155735297682825
10.8526355710264,5.91383359091407e-06,1.0321586757649e-07,0.999999999999995,1.15403793589916e-05,1.0087650292331e-06,-0.000241792503302351,0.000290818470630605
10.8567463507378,-3.08153458118437e-06,-5.37829244557318e-08,0.999999999999999,-3.81919740423657e-05,4.1808419774657e-06,0.000771648487858572,-0.000165810898007616
10.8594953284282,-9.97367041478094e-06,-1.74073387246675e-07,0.999999999999985,-4.37582535544977e-05,6.6137545867077e-06,0.000885024501203933,-0.000557579751276129
10.8622443061186,-4.53779815950834e-06,-7.91995186743592e-08,0.999999999999997,3.45124185272987e-05,4.6625047714341e-06,-0.000709809258222726,-0.000273777197590241
10.8659669183028,-5.76058984633004e-06,-1.00541259675413e-07,0.999999999999995,-5.73300143679436e-06,5.0730640975875e-06,0.000110287966038502,-0.000348565283025708
10.8691665919973,5.85980811001224e-06,1.02272945054779e-07,0.999999999999995,6.33859024684134e-05,9.19652791999171e-07,-0.00129807339815008,0.000274135144644875
10.8723662656918,1.29886147409996e-05,2.26694092503511e-07,0.999999999999974,3.88855737579383e-05,-1.63623432497559e-06,-0.000798796177675805,0.000663822504376639
10.8758744585003,1.78468924686758e-05,3.11487034827767e-07,0.999999999999951,2.41699778075046e-05,-3.386471898592e-06,-0.000498900051733044,0.000939140610522988
10.8798926966679,-6.59728379920187e-06,-1.15144323984553e-07,0.999999999999993,-0.000106173736103701,5.28153933731313e-06,0.00215716711511063,-0.000302768161882024
10.882209181349,-6.95719577869468e-06,-1.21425973044073e-07,0.999999999999993,-2.71171620981071e-06,5.39444049412658e-06,4.87381409143572e-05,-0.000390139651914285
10.8845256660301,-1.61293196556678e-06,-2.81509734098042e-08,1,4.02657528431984e-05,3.47908238429187e-06,-0.000826838237032654,-0.00011445463850249
10.8880517697176,-4.43326626802963e-06,-7.73750929947184e-08,0.999999999999997,-1.39599183539e-05,4.45985291447196e-06,0.000278145686315562,-0.000268117345650683
10.8929262227077,-2.71088271240807e-05,-4.73138289669136e-07,0.999999999999888,-8.11913044358582e-05,1.24932971683363e-05,0.00164807092616181,-0.00154116426150562
10.8949635664357,-3.19450817710139e-06,-5.57546856723014e-08,0.999999999999998,0.000204866561423701,3.97601444494853e-06,-0.00418058210122483,-0.000209433760386142
10.8970009101637,4.75946068047208e-08,8.30682594934476e-10,1,2.77740901003142e-05,2.81037759083702e-06,-0.000572135589141077,-2.80581559662367e-05
10.9010287800823,4.82560476744551e-06,8.42226915918593e-08,0.999999999999996,2.0703749297378e-05,1.08619598376146e-06,-0.000428062882348343,0.000224621337697821
10.9046801072215,1.6844515723322e-05,2.9399226027592e-07,0.999999999999957,5.74502258188835e-05,-3.21062280926914e-06,-0.00117678275028642,0.000873904826949742
10.9083314343606,2.20510648949289e-05,3.84863685987437e-07,0.999999999999926,2.4887232024935e-05,-5.08446492260072e-06,-0.000513194803398628,0.0011785635483472
10.9112424855347,-4.32793312218823e-06,-7.55366827883026e-08,0.999999999999997,-0.000158156054718496,4.27916176090408e-06,0.0032165792092171,-0.000244349235931482
10.9141535367088,-9.21949259161276e-06,-1.60910501086867e-07,0.999999999999987,-2.93274879736934e-05,6.00108432190309e-06,0.000591512295054264,-0.000518865494655414
10.917411278314,-1.026162136246e-05,-1.79099079367913e-07,0.999999999999984,-5.58318629453041e-06,6.35201372479343e-06,0.000107721681282087,-0.000583272616631973
10.9213347692063,-6.84369520904478e-06,-1.19445014400793e-07,0.999999999999993,1.52043337434145e-05,5.11276278137715e-06,-0.000315854165947074,-0.000431833405721336
10.9239343180468,6.76464493951982e-06,1.18065326922993e-07,0.999999999999993,9.13659853697079e-05,2.57750192285202e-07,-0.00186763661199916,0.000325037478575721
10.9265338668872,3.76577178157727e-06,6.5725116467216e-08,0.999999999999998,-2.01343439451791e-05,1.30886013778393e-06,0.000404343218771559,0.000172302141910552
10.9302256208813,7.35435828863119e-06,1.28357766507949e-07,0.999999999999992,1.69655535393523e-05,1.08138712225722e-08,-0.000351606924145487,0.000369735913557355
10.9352631179379,1.70943187649921e-06,2.98352145834564e-08,1,-1.9557838112288e-05,1.98945383997301e-06,0.000392782357291976,0.000190345022646347
10.9373124658243,-4.11099389738035e-07,-7.1750379038681e-09,1,-1.80595265121533e-05,2.73102911441916e-06,0.00036185914522481,-3.14571659196728e-05
10.9393618137108,2.23528097607749e-07,3.90130127397448e-09,1,5.40481157507258e-06,2.49330824582615e-06,-0.000115998298858346,-1.35172284047027e-05
10.9427371651683,-3.39645256126738e-06,-5.92792800819102e-08,0.999999999999998,-1.87182230207386e-05,3.76113643701175e-06,0.000375613682642715,-0.000208239517438338
10.9473031282247,-4.00791677291902e-05,-6.99513438333371e-07,0.999999999999755,-0.000140218865185699,1.6780525861367e-05,0.00285140051802204,-0.00219077090804815
10.9516258909965,-6.52636803239066e-05,-1.13906610362096e-06,0.999999999999351,-0.000101683272596607,2.57111046975605e-05,0.00206594238633864,-0.00377134395852198
10.953490358337,-1.49219790705629e-05,-2.60437665695003e-07,0.999999999999966,0.000471249036561583,7.79816928929352e-06,-0.00960753509533537,-0.000866016339273595
10.9553548256775,-2.71415288742091e-06,-4.73709042880059e-08,0.999999999999999,0.000114277550898915,3.4461851701907e-06,-0.00233417020748738,-0.000179298188538245
10.9583967508733,2.92810859871364e-06,5.11051359035105e-08,0.999999999999999,3.23729328805067e-05,1.42238232366623e-06,-0.000665303291912412,0.00012491637746777
10.9625363161389,2.80526832788234e-05,4.89611687234607e-07,0.99999999999988,0.00010593058043527,-7.53616919742029e-06,-0.00216412858509699,0.00147184421387116
10.9665262946784,8.0602299616607e-05,1.40677551298829e-06,0.99999999999901,0.000229866856846555,-2.62467520093302e-05,-0.00468939434806482,0.00435940555255701
10.9690997225228,3.64829165384897e-06,6.36747014326938e-08,0.999999999999998,-0.000521911198902128,1.10653595366623e-06,0.0106291256708743,0.000193103770354617
10.9716731503672,-3.84386349783253e-06,-6.70880740344036e-08,0.999999999999998,-5.08126838496471e-05,3.7566819650248e-06,0.00102981166428706,-0.000227951391989692
10.9747876774008,-6.02459768203289e-06,-1.05149065659492e-07,0.999999999999994,-1.22204723908644e-05,4.51504311774771e-06,0.000243491594240165,-0.000349897265238898
10.978710260377,-1.49588913811964e-05,-2.61081907050076e-07,0.999999999999966,-3.97525921919773e-05,7.67084162373285e-06,0.000804520522615524,-0.000844360066077878
10.98189466679,5.04368586684264e-06,8.80289248127082e-08,0.999999999999996,0.000109631368168028,5.39780594249769e-07,-0.0022393690077746,0.000224301511171452
10.985079073203,1.98001927410343e-05,3.45578555860522e-07,0.99999999999994,8.08783797176504e-05,-4.72540778336469e-06,-0.00165342851844581,0.00102600516898441
10.9882180856247,1.7312141146299e-05,3.02153863572898e-07,0.999999999999954,-1.38338708022434e-05,-3.85740805549358e-06,0.000276520004153795,0.000907629574309241
10.9916728231158,6.02756179186338e-06,1.05200799135425e-07,0.999999999999994,-5.70095600441716e-05,1.37390616324446e-07,0.00115632480964866,0.000320868114280714
10.9945103065642,-7.88391013352615e-06,-1.37600189761377e-07,0.999999999999991,-8.55691295858492e-05,5.06961829578679e-06,0.00173824015861075,-0.000440216719088781
10.9973477900127,-5.8919706612361e-06,-1.02834287469477e-07,0.999999999999995,1.22523718371219e-05,4.34608370556299e-06,-0.000254991651360279,-0.0003422612064857
11,-1.07954413048809e-06,-1.88415994975965e-08,1,3.16689433991131e-05,2.62056253840838e-06,-0.000650597492425595,-8.57572028418657e-05
11.0051258309359,2.01084853565615e-06,3.50959277061063e-08,0.999999999999999,1.0522689467889e-05,1.49437788861564e-06,-0.00021970772424396,4.69679456710538e-05
11.0076407029427,6.43259329545583e-06,1.12269932447416e-07,0.999999999999994,3.06870506861217e-05,-9.114776001408e-08,-0.000630459778609905,0.00031178977354264
11.0101555749495,2.67516738562216e-06,4.66904789210754e-08,0.999999999999999,-2.60766565254293e-05,1.23208949064859e-06,0.000526164849381123,0.000116281170825242
11.0140873686373,6.92035483371026e-06,1.20782977254548e-07,0.999999999999993,1.88444522313353e-05,-2.97979181664285e-07,-0.000389152838068578,0.000348825721344942
11.0181233196715,-1.59787687108824e-06,-2.78882124419547e-08,1,-3.68367178982352e-05,2.71083137458408e-06,0.00074550224489365,-8.16900484548695e-05
11.0208718422481,-9.90899450870841e-06,-1.72944579738999e-07,0.999999999999985,-5.27761236269758e-05,5.65241271484672e-06,0.00107024092334118,-0.000549803960850738
11.0236203648248,-4.76070539976264e-06,-8.30899839433309e-08,0.999999999999997,3.26919620595018e-05,3.80745291687308e-06,-0.000671255100338094,-0.000281806292187791
11.0273002820704,-6.04718993614767e-06,-1.05543374879242e-07,0.999999999999994,-6.10160213859216e-06,4.24630385824829e-06,0.000119255654972609,-0.000359452189330919
11.0306179036252,6.31669214837202e-06,1.10247075823966e-07,0.999999999999994,6.5043720972711e-05,-1.67481602125073e-07,-0.00133040655405455,0.000300195369420457
11.03393552518,1.91255498623603e-05,3.3380381635253e-07,0.999999999999944,6.73846419298149e-05,-4.73936429195869e-06,-0.0013780603406149,0.00099482633741065
11.0372947827778,2.07984213780835e-05,3.63000932264725e-07,0.999999999999934,8.69153825290942e-06,-5.35092063929787e-06,-0.000182051042393799,0.00110232484797694
11.0409854922652,-1.85605987396801e-06,-3.23943559148927e-08,0.999999999999999,-0.000107132595920665,2.68785187277051e-06,0.00217811034420401,-7.18879694817193e-05
11.0435015994634,-8.84728398027963e-06,-1.54414235314828e-07,0.999999999999988,-4.84955011020505e-05,5.16158012465203e-06,0.000983156939305717,-0.000490034698506676
11.0460177066615,-2.94854526456949e-06,-5.14618230108249e-08,0.999999999999999,4.09173394442003e-05,3.05138014442447e-06,-0.000838676500664746,-0.000182949612139496
11.0496098435339,-5.20725746645809e-06,-9.08837877887517e-08,0.999999999999996,-1.09745163334312e-05,3.83712746358782e-06,0.000218740918589027,-0.000308571182114264
11.05,-3.51032887612096e-06,-6.12667967161429e-08,0.999999999999998,7.59105478041782e-05,3.23174636126897e-06,-0.00155163672753451,-0.000216137849508277
11.0519507823306,-1.52197128141538e-07,-2.65634099814955e-09,1,3.00445902130833e-05,2.02801615684895e-06,-0.000617049983247401,-3.40451285937838e-05
11.0577080917637,-1.19352758386966e-06,-2.08309860518984e-08,1,-3.1567948995819e-06,2.37047064786692e-06,5.94816893197846e-05,-0.000116152733600767
11.0602272942508,4.65376748741264e-06,8.12235652776142e-08,0.999999999999997,4.05106583734933e-05,2.79012332554466e-07,-0.000830206514165754,0.000218765843250674
11.062746496738,2.1696384306985e-06,3.78673341934916e-08,0.999999999999999,-1.72103002064074e-05,1.15049083137266e-06,0.000345934280103576,9.05025606263419e-05
11.0668380045606,7.51712244459439e-06,1.31198536933737e-07,0.999999999999991,2.28109554685304e-05,-7.70636826658089e-07,-0.000469540262742212,0.00038182996325385
11.0709823227392,1.42814269870159e-06,2.49257922806601e-08,1,-2.56429984553567e-05,1.37552901854516e-06,0.000517857402037963,8.86989482624942e-05
11.0736176016064,-8.18068189802545e-06,-1.42779834178843e-07,0.99999999999999,-6.36386640304874e-05,4.78031736778058e-06,0.0012920030557486,-0.000454948724967138
11.0762528804737,-3.4956320941636e-06,-6.10102894815393e-08,0.999999999999998,3.10288014348416e-05,3.10181998059497e-06,-0.000636933498023989,-0.000211846754348649
11.0799223965334,-5.98656291591878e-06,-1.04485233760575e-07,0.999999999999995,-1.18475961330007e-05,3.97066690103935e-06,0.000236774252055572,-0.000351486020975023
11.0837225598074,5.677450492119e-06,9.90902042064488e-08,0.999999999999995,5.35701819340761e-05,-1.95084957626955e-07,-0.00109620338872668,0.000256497377070771
11.086641105278,1.37276035983773e-05,2.39591881200302e-07,0.999999999999971,4.81409929729818e-05,-3.07128795852221e-06,-0.000985491927338512,0.00070469829666761
11.0895596507487,8.38182872678385e-06,1.46290508620622e-07,0.999999999999989,-3.19684491874389e-05,-1.18335637263403e-06,0.000646874138119277,0.00042707281479019
11.0932480545921,6.2153591084126e-06,1.08478480635619e-07,0.999999999999994,-1.02515965145419e-05,-4.29486337679177e-07,0.000204389233654061,0.000325298081624129
11.0961383455413,-5.27113731386725e-06,-9.19987014517131e-08,0.999999999999996,-6.93622841473283e-05,3.64250341597638e-06,0.00140885115900635,-0.000299342155969018
11.0990286364905,-4.99520722853098e-06,-8.71828129572862e-08,0.999999999999996,1.66622965613498e-06,3.53139639682207e-06,-3.84414652735223e-05,-0.000291370812443189
11.1,-1.4962873254423e-06,-2.61151403848281e-08,1,6.28679912037767e-05,2.28271062959032e-06,-0.00128549791606127,-0.000103995123065273
11.1048568175476,-2.25755835631087e-05,-3.94018263735349e-07,0.999999999999922,-7.57498340720277e-05,9.75768214684916e-06,0.00153906780396099,-0.00124910175583558
11.1080568801765,3.75804943586555e-07,6.55903361085693e-09,1,0.000125177955496879,1.58112603465834e-06,-0.00255512377738405,-2.80635784318424e-05
11.1112569428054,2.25580190385993e-05,3.93711704951113e-07,0.999999999999923,0.0001209828419748,-6.32169934811113e-06,-0.00246958459857227,0.00117054736685834
11.1142708734974,1.87747144171322e-05,3.27680582700599e-07,0.999999999999946,-2.19086399120571e-05,-4.98924699894378e-06,0.000442097873289637,0.000985930068875283
11.1174452555613,7.80236108545337e-06,1.3617689037064e-07,0.999999999999991,-6.03278649118751e-05,-1.10075969331012e-06,0.00122495881949688,0.000407832279356681
11.1204304175115,-4.35789538214464e-06,-7.60596228758804e-08,0.999999999999997,-7.10971521096397e-05,3.2110004098171e-06,0.0014443973811247,-0.000248848387402882
11.1234155794617,-6.38760097169916e-06,-1.11484668259739e-07,0.999999999999994,-1.1867043053151e-05,3.92000118939053e-06,0.000237508313249732,-0.000364601448971118
11.1270824394984,-1.22129939487578e-05,-2.13156955931965e-07,0.999999999999977,-2.7727343464019e-05,5.97604573905165e-06,0.000560709852320463,-0.000687151445579568
11.1315684199421,1.10122857167116e-05,1.9220064392696e-07,0.999999999999982,9.03609823861831e-05,-2.30335653396559e-06,-0.00184561711244738,0.000447553671366904
11.133694811988,4.98436560136888e-06,8.6993590867034e-08,0.999999999999996,-4.94767901631392e-05,-1.6798215658526e-07,0.00100422421231788,0.000226253664046032
11.135821204034,1.54809403981963e-06,2.70193381253528e-08,1,-2.82047014129463e-05,1.04525814590377e-06,0.000570562848381668,5.71046010753886e-05
11.1391996960256,4.6530922332815e-06,8.12117798697381e-08,0.999999999999997,1.60404233244127e-05,-7.30833766784435e-08,-0.000331017958705385,0.000225086285043339
11.1438058077984,3.54133443860319e-05,6.18079458678867e-07,0.999999999999809,0.000116555503925126,-1.103156128074e-05,-0.00237911680061162,0.00189818233205835
11.1468324637396,9.43276565107759e-07,1.6463281818033e-08,1,-0.000198772568980246,1.21489528516259e-06,0.00404620042833787,5.3496238718149e-05
11.1498591196809,-1.58061027192807e-05,-2.75868534359873e-07,0.999999999999962,-9.65857440861034e-05,7.15916233624075e-06,0.00196397184432872,-0.000858594699859555
11.1528585888487,-1.3184068203415e-05,-2.30105398957083e-07,0.999999999999974,1.52570781169241e-05,6.21438686381264e-06,-0.000314980891473411,-0.000731681968431736
11.1561962354593,-7.46871742453165e-06,-1.30353709959148e-07,0.999999999999991,2.98868336393017e-05,4.16822318321226e-06,-0.00061305582025934,-0.000436612295537543
11.1592629281664,6.04846281178003e-06,1.05565590749995e-07,0.999999999999994,7.6929553508853e-05,-6.51324760447221e-07,-0.00157157837576561,0.000291202981965859
11.1623296208736,1.01373437924647e-05,1.76930026585117e-07,0.999999999999984,2.32708140822087e-05,-2.11770864294192e-06,-0.000478164597020288,0.000518662485360621
11.165848693828,1.4229434498298e-05,2.48350482692166e-07,0.999999999999969,2.02952473655812e-05,-3.58693940236113e-06,-0.000417505058422471,0.000749883906129251
11.1700644882768,-7.27528621104563e-06,-1.26977698407689e-07,0.999999999999992,-8.90290515009199e-05,4.04475642548157e-06,0.001810262791633,-0.00032508870920564
11.1723287843737,-6.17985968435804e-06,-1.07858898803305e-07,0.999999999999994,8.44359517732809e-06,3.64588640607202e-06,-0.000176156298614843,-0.00034054710791199
11.1745930804707,-1.40712525744829e-06,-2.45589687304455e-08,1,3.67884439603462e-05,1.93960622298281e-06,-0.000753558770593476,-9.60412582214098e-05
11.1781044222119,-4.40370215899508e-06,-7.68591019516469e-08,0.999999999999997,-1.48946291977115e-05,2.99164395938318e-06,0.000299611320671188,-0.000258679583295339
11.1829266713668,-3.25031674550623e-05,-5.67287289417872e-07,0.999999999999839,-0.00010170112984759,1.29660359925854e-05,0.00206841075868884,-0.00181248182679441
11.185296904725,-2.13557272207855e-07,-3.72727754160485e-09,1,0.0002377656233433,1.47372736070013e-06,-0.00484859796282632,-4.37897640296968e-05
11.1876671380832,1.32942162753051e-06,2.32027845476291e-08,1,1.13617766775226e-05,9.15988438931159e-07,-0.000235309708997464,4.75212387420825e-05
11.1914262232469,6.45908805146608e-06,1.12732353174308e-07,0.999999999999994,2.38168503048328e-05,-9.22576365683345e-07,-0.000489099002697407,0.000323221240639633
11.1962737169183,6.4451339423977e-05,1.12488808026859e-06,0.999999999999367,0.000208799803715404,-2.15648292778577e-05,-0.00425833519578874,0.0034823254636898
11.1988732542633,3.36873263499329e-06,5.87954761000173e-08,0.999999999999998,-0.000410108593443873,1.48633235311727e-07,0.00835281807157359,0.000179292329050502
11.2014727916083,-3.354431501703e-06,-5.8545874237335e-08,0.999999999999998,-4.51393208727639e-05,2.52989601263481e-06,0.000916033301806479,-0.000196614326735441
11.2047181437643,-6.8897233281562e-06,-1.20248356627787e-07,0.999999999999993,-1.9012569183058e-05,3.77515361152659e-06,0.00038370492292093,-0.000390406283725327
11.2087366542144,-1.92432150788004e-05,-3.3585746179448e-07,0.999999999999944,-5.3653986433228e-05,8.15365625212188e-06,0.00108958348996774,-0.0010729693897229
11.2117511721999,4.43550196164928e-06,7.74141132094471e-08,0.999999999999997,0.000137093749972742,-2.78398499279808e-07,-0.00279714859613593,0.000199112132987195
11.2147656901855,1.27457619350187e-05,2.22455511441438e-07,0.999999999999975,4.81142918787107e-05,-3.2447244590776e-06,-0.000984013356026971,0.000656286112295274
11.2179870495632,1.34359370254101e-05,2.34501339184018e-07,0.999999999999972,3.73936165766473e-06,-3.50174146053336e-06,-7.97852618475025e-05,0.000703959826567767
11.2217087465934,7.7517747574184e-06,1.35293992389935e-07,0.999999999999991,-2.66564811670264e-05,-1.49343201809285e-06,0.000539621959058069,0.000425037389341373
11.2243979713048,-6.30706967300771e-06,-1.10079131946667e-07,0.999999999999994,-9.12430721383103e-05,3.49673675136979e-06,0.00185561613663042,-0.000350159488451087
11.2270871960162,-3.70403440938299e-06,-6.46475960508967e-08,0.999999999999998,1.68939158202405e-05,2.56142026603129e-06,-0.0003478015360265,-0.000218650757898902
11.2307493218923,-7.07247590773079e-06,-1.23437990857877e-07,0.999999999999992,-1.60536248059914e-05,3.74643194479141e-06,0.000323585731036359,-0.000405309108972613
11.2347183834556,3.47510327171155e-06,6.06519939381936e-08,0.999999999999998,4.63812369397805e-05,-1.87256605162136e-08,-0.000948626657777401,0.000133253365984621
11.2374398612804,1.0912745418559e-05,1.90463337985779e-07,0.999999999999982,4.76988432024401e-05,-2.67316146664417e-06,-0.000975365583311622,0.00055662564610659
11.2401613391053,5.36677927382029e-06,9.36679685559542e-08,0.999999999999996,-3.55672085751074e-05,-7.10166709456492e-07,0.000721297355152434,0.000267366462129231
11.2438477986995,6.70041560356687e-06,1.16944313534245e-07,0.999999999999993,6.31401060644344e-06,-1.19708028570268e-06,-0.000132081625689391,0.000347365115242204
11.2471925444303,-5.46330135424679e-06,-9.53525966602715e-08,0.999999999999995,-6.34717635610321e-05,3.11741259915431e-06,0.00128993150217064,-0.000300845147002052
11.2505372901611,-1.94416083643403e-05,-3.39320077841001e-07,0.999999999999942,-7.29405165053793e-05,8.07725379916878e-06,0.00148287541094753,-0.00105783637579963
11.2538850511465,-2.07844647057932e-05,-3.62757342380638e-07,0.999999999999934,-7.00087749447224e-06,8.54344380029564e-06,0.000139254266704939,-0.00114827987180343
11.2575314132822,2.47339233872556e-06,4.31688400043639e-08,0.999999999999999,0.000111323606178969,2.59640944955061e-07,-0.00227179927472007,6.09536446690373e-05
11.2600690110663,9.94568731576207e-06,1.73584990033884e-07,0.999999999999985,5.13935466248905e-05,-2.40600871424037e-06,-0.00105046184858603,0.000503144653624782
11.2626066088503,3.99837143440684e-06,6.97847462480878e-08,0.999999999999998,-4.09049237189781e-05,-2.99262859554965e-07,0.000830212679066667,0.000193563584239196
11.2661969725128,6.1247879694757e-06,1.06897716053889e-07,0.999999999999994,1.03368274899715e-05,-1.06728602631117e-06,-0.00021391236068151,0.000312553648346722
11.2713484811193,-1.39755019912285e-05,-2.43918524365959e-07,0.99999999999997,-6.80997096613853e-05,6.06505730124601e-06,0.00138451546379573,-0.000635683779369071
11.2733811418458,-2.52416306882082e-06,-4.40549564081675e-08,0.999999999999999,9.83260833204084e-05,1.9853087758004e-06,-0.00200709762933878,-0.000135214676582607
11.2754138025724,-1.75104973396078e-07,-3.05615832237864e-09,1,2.01700153650373e-05,1.14324068060939e-06,-0.000414268886196872,-2.6140245939336e-05
11.2787455931212,-3.58362255457055e-06,-6.25460127259862e-08,0.999999999999998,-1.7855220348111e-05,2.3447400499007e-06,0.000360616716949163,-0.000209910575002782
11.283264109135,-3.55745715858497e-05,-6.20893404159458e-07,0.999999999999807,-0.000123568753486825,1.37074741784454e-05,0.0025147048486456,-0.00194125206009919
11.2876756766099,-4.96960122480469e-05,-8.67359038839739e-07,0.999999999999624,-5.58680414798914e-05,1.87143426382574e-05,0.00113494092253437,-0.00294026948167311
11.2895334554719,-1.30549971453351e-05,-2.27852684024556e-07,0.999999999999974,0.000344231688657763,5.67874324830715e-06,-0.00701676591152052,-0.000759578091193853
11.2913912343339,-2.63933368636755e-06,-4.60650628859131e-08,0.999999999999999,9.78521313047902e-05,1.96891049239071e-06,-0.00199691838023384,-0.000167054461387273
11.2943871393997,2.84392942277322e-06,4.96359321217345e-08,0.999999999999999,3.19439344390652e-05,9.54197795980733e-09,-0.00065401555503104,0.00012934487129364
11.2984669851717,2.43393191972271e-05,4.24801257685464e-07,0.99999999999991,9.19557616943531e-05,-7.64764829038133e-06,-0.00187683326678938,0.00128286046107568
11.3,5.20709879881006e-06,9.08810185158773e-08,0.999999999999996,-0.000217819314605202,-8.48193731858465e-07,0.00443534819964726,0.000258645422195244
11.3040559133553,1.89107433557936e-05,3.30054735558233e-07,0.999999999999945,5.89691386600512e-05,-5.73406206070864e-06,-0.00120462837857593,0.00100595348664471
11.3075942119457,6.58667295185159e-07,1.14959129761864e-08,1,-9.00316393435017e-05,7.46490270495223e-07,0.00183154478504312,5.2583909646374e-05
11.3103246442566,-1.07504324867257e-05,-1.87630442906723e-07,0.999999999999982,-7.29285084591758e-05,4.79563330040507e-06,0.00148296773874993,-0.000585554633489873
11.3130550765675,-5.45260888067425e-06,-9.51659777912482e-08,0.999999999999995,3.38644048219931e-05,2.9032876811649e-06,-0.000693057143985454,-0.000310996345901963
11.3166080839561,-6.20535824627257e-06,-1.08303932663237e-07,0.999999999999994,-3.69769984558611e-06,3.16037223270579e-06,7.23568862732277e-05,-0.000358845380154922
11.3201574584002,6.75224668237389e-06,1.17848936514288e-07,0.999999999999993,6.37162612006566e-05,-1.45839996330761e-06,-0.00130129189489304,0.000326268495693906
11.3237068328442,3.84940053270755e-05,6.71847135237653e-07,0.999999999999774,0.000156083334529113,-1.275738307134e-05,-0.00318337309463038,0.00203382014182703
11.3268270179762,2.85260206370337e-05,4.97872982608068e-07,0.999999999999876,-5.57576378548799e-05,-9.22133392258158e-06,0.0011332818403966,0.00152613350221398
11.3299835879262,2.83848582746902e-06,4.95409234605301e-08,0.999999999999999,-0.000142031403151363,-9.49429733761228e-08,0.00289123672014034,0.000159402372532293
11.3329026666595,-1.1414928992168e-05,-1.99228094794688e-07,0.99999999999998,-8.52217569278481e-05,4.9656321885476e-06,0.00173362064693327,-0.000619994407836101
11.3358217453927,-8.84777237546232e-06,-1.54422759418817e-07,0.999999999999988,1.53491356249028e-05,4.0442379781799e-06,-0.000315645549359061,-0.000492948112779763
11.3392970386733,-7.83913741321922e-06,-1.36818758376946e-07,0.999999999999991,5.06547206823133e-06,3.67558818497915e-06,-0.000106077318785435,-0.000449201002287185
11.3425983917245,6.81182614020013e-06,1.18888794219909e-07,0.999999999999993,7.7455379243105e-05,-1.54420452018947e-06,-0.00158110708676111,0.000332573211025765
11.3458997447757,2.1398691178208e-05,3.73477616677185e-07,0.99999999999993,7.71165090519388e-05,-6.7410677161714e-06,-0.00157416159840194,0.00112376121460756
11.3491543379388,1.96632183375163e-05,3.43187901528178e-07,0.999999999999941,-9.30675928782385e-06,-6.13283941723897e-06,0.00018688305064473,0.00104810992586304
11.3527403476634,1.81298279627371e-07,3.16425190769898e-09,1,-9.48195001515094e-05,7.85924925108745e-07,0.00192937690463508,3.32777191326013e-05
11.3553761937116,-9.55797056233887e-06,-1.66818056121506e-07,0.999999999999986,-6.44887087178557e-05,4.24216338803271e-06,0.00131124443525415,-0.000520724605962229
11.3580120397598,-4.0910276371067e-06,-7.14019020575956e-08,0.999999999999997,3.61994412109547e-05,2.29065156655769e-06,-0.000740373976996073,-0.000236501837166598
11.3616136832849,-5.87630818882894e-06,-1.0256092575697e-07,0.999999999999995,-8.65133472610426e-06,2.9157483723444e-06,0.000173558766001648,-0.000338328686045319
11.3654025962932,5.99696351997744e-06,1.04666758545595e-07,0.999999999999995,5.46931755491036e-05,-1.3171505930078e-06,-0.00111718029843738,0.000281754422054416
11.3683409985057,1.39371269198348e-05,2.4324875301945e-07,0.99999999999997,4.71623639146149e-05,-4.14875730427173e-06,-0.000963655247470752,0.000723487596761813
11.3712794007182,8.55772487952637e-06,1.4936047562757e-07,0.999999999999989,-3.19521531096709e-05,-2.24340248247392e-06,0.00064843227169058,0.000444156100371078
11.374979019532,5.76811028272376e-06,1.0067251605167e-07,0.999999999999995,-1.31602638072086e-05,-1.26099857360716e-06,0.000265541926967896,0.000310006657865377
11.3778683903873,-6.14378826872078e-06,-1.0722933383458e-07,0.999999999999994,-7.19540205461352e-05,2.96769615654579e-06,0.00146353477693073,-0.00033847721328224
11.3807577612426,-5.53654590869991e-06,-9.66309552946347e-08,0.999999999999995,3.66805753597747e-06,2.74416073820996e-06,-7.73647376996662e-05,-0.000313233476692698
11.3844564194926,-9.54340886239085e-06,-1.66563906512726e-07,0.999999999999986,-1.89076542062118e-05,4.15952282827212e-06,0.000382669063858317,-0.000537586832438141
11.3879829090916,5.51353829703529e-06,9.62293967180667e-08,0.999999999999995,7.45198010230093e-05,-1.20444691265298e-06,-0.00152105077592534,0.000256488547816527
11.3915093986907,4.44167698362034e-05,7.75218876742173e-07,0.999999999999699,0.000192539765382384,-1.50489135215069e-05,-0.00392584926738195,0.00234637349616856
11.3944918855485,2.8039584509261e-05,4.89383070577784e-07,0.99999999999988,-9.58380773460502e-05,-9.2319528166606e-06,0.00195037261926962,0.00149722950866569
11.3974603308983,5.01907968552941e-06,8.75994659324496e-08,0.999999999999996,-0.000135351524887276,-1.05242130546141e-06,0.00275549338027758,0.000267741889484597
11.4006293460034,-1.02653175767064e-05,-1.79163590476371e-07,0.999999999999984,-8.417853735797e-05,4.37535350748346e-06,0.00171276394495163,-0.000555154528938656
11.4037983611085,-1.56691173237738e-05,-2.73477688181132e-07,0.999999999999963,-2.97613279136246e-05,6.28921585806813e-06,0.000603929702806389,-0.000856275921216936
11.4071639870675,-1.2695346752723e-05,-2.21575600517384e-07,0.999999999999975,1.54212287090196e-05,5.22324242737835e-06,-0.000316723677454054,-0.000711491057619722
11.4104289582676,6.89202537494881e-06,1.20288534923853e-07,0.999999999999993,0.000104706631235193,-1.75081220417099e-06,-0.00213602332276601,0.000333398994744258
11.4136939294677,2.53776801718898e-05,4.42924075517542e-07,0.999999999999902,9.88172699915128e-05,-8.33290762620013e-06,-0.00201597350134354,0.00133560684894084
11.4167770958572,1.837855568899e-05,3.20766308534005e-07,0.999999999999949,-3.96208804680822e-05,-5.85110377915036e-06,0.00080495293911545,0.000977731102700875
11.4201569745825,3.65987523671995e-06,6.387687309297e-08,0.999999999999998,-7.60055186372886e-05,-6.24596269922106e-07,0.00154635948036777,0.000204506085972484
11.4230414828078,-9.70340004011162e-06,-1.69356279338097e-07,0.999999999999986,-8.08571632371822e-05,4.12094319169669e-06,0.0016451814628283,-0.000526767887577013
11.425925991033,-7.32793197708046e-06,-1.27896540362231e-07,0.999999999999992,1.4373243457031e-05,3.26925024563356e-06,-0.000295264523289142,-0.000408838205143817
11.4294722441121,-8.02195413652075e-06,-1.40009512126265e-07,0.99999999999999,-3.41570990390552e-06,3.50767540248805e-06,6.72329784525888e-05,-0.000455821039872842
11.4328617379749,6.65490759336192e-06,1.16150048920137e-07,0.999999999999993,7.55745758556428e-05,-1.71993335441376e-06,-0.00154229774960666,0.000324431593323373
11.4362512318377,2.77559344735211e-05,4.84432443530722e-07,0.999999999999883,0.000108654096899998,-9.23208250552595e-06,-0.00221630410178907,0.00146411660227114
11.4394187613527,2.24951926216453e-05,3.92615177118035e-07,0.999999999999923,-2.89870278960754e-05,-7.36833556036058e-06,0.000588391342951851,0.0012025347033677
11.4427836119006,2.28730457530508e-06,3.99209958350043e-08,0.999999999999999,-0.000104817190620801,-1.89216654057767e-07,0.00213356248791485,0.000137505915739042
11.4455830649521,-1.03910841753894e-05,-1.81358631712424e-07,0.999999999999984,-7.90438787412153e-05,4.31324063494706e-06,0.0016083346304138,-0.000563036599609399
11.4483825180036,-6.29051427989895e-06,-1.09790185827957e-07,0.999999999999994,2.55651531091654e-05,2.84855356129898e-06,-0.000523204728453589,-0.000352683419374541
11.4519317333169,-6.93744994478118e-06,-1.2108134322873e-07,0.999999999999993,-3.18131091080314e-06,3.07063313571654e-06,6.25714572992034e-05,-0.000395834743255548
11.4553961713059,6.69054734321313e-06,1.16772079899628e-07,0.999999999999993,6.86557022764308e-05,-1.78375177538659e-06,-0.00140120415678036,0.000326927974973017
11.4588606092949,3.18689162950758e-05,5.56217518391517e-07,0.999999999999845,0.000126844654136237,-1.07457525181039e-05,-0.00258685557979592,0.00168413334726709
11.4620176436521,2.51282721384711e-05,4.38571084153463e-07,0.999999999999904,-3.72648571176049e-05,-8.35530384345402e-06,0.000757181710476129,0.0013458559411602
11.4653000590048,2.20777392927716e-06,3.85329242055788e-08,0.999999999999999,-0.000121873107745753,-2.1093946163308e-07,0.00248121078737991,0.000132517034724314
11.4681346169795,-1.09134986236347e-05,-1.90476483894293e-07,0.999999999999982,-8.07919295161354e-05,4.44926531097979e-06,0.00164406754571192,-0.000590321369335072
11.4709691749542,-7.04633208839445e-06,-1.22981695131411e-07,0.999999999999992,2.38113982376618e-05,3.06781602725474e-06,-0.000487359685730273,-0.000392848592334422
11.474493583096,-7.13217332547304e-06,-1.24479907352417e-07,0.999999999999992,-4.25096118478694e-07,3.09078702436682e-06,6.51768926525709e-06,-0.000406482344619796
11.4778925926028,6.72684855486197e-06,1.17405655565363e-07,0.999999999999993,7.1163544094513e-05,-1.84523457573678e-06,-0.00145219411424665,0.000330447152708447
11.4812916021097,2.67978361243123e-05,4.6771047277911e-07,0.999999999999891,0.000103060852436181,-8.99033766752585e-06,-0.0021021133001857,0.00141472980654868
11.4844977623374,2.27549375886221e-05,3.97148582007264e-07,0.999999999999921,-2.20082234697085e-05,-7.55908949111415e-06,0.00044640569240028,0.00121852251469876
11.4879137335664,1.14977505338353e-06,2.00673603388362e-08,1,-0.000110387704226522,1.1760011751032e-07,0.00224729340327844,8.18596709173166e-05
11.4906499057732,-1.04103681674944e-05,-1.81695200867584e-07,0.999999999999983,-7.37389849583775e-05,4.22307912003493e-06,0.00150044613135324,-0.000563126441060854
11.4933860779801,-5.44773919230802e-06,-9.50809856957114e-08,0.999999999999995,3.16552499708117e-05,2.45254465127068e-06,-0.000647084443118877,-0.000306349763980666
11.4969529133869,-6.42345266902786e-06,-1.12110398420554e-07,0.999999999999994,-4.7743758212871e-06,2.79228108896437e-06,9.52487005831259e-05,-0.000366231087293902
11.5005050515813,6.60790848281964e-06,1.15329759695666e-07,0.999999999999993,6.40290849265374e-05,-1.84936392486026e-06,-0.00130671859029024,0.000322558094156379
11.5040571897756,3.90787647757737e-05,6.82053112949582e-07,0.999999999999767,0.00015954428635601,-1.34043014806605e-05,-0.00325295270724843,0.00206900435063892
11.5071673833522,2.86033767023807e-05,4.99223100644761e-07,0.999999999999875,-5.87841263902113e-05,-9.68485078804845e-06,0.00119589041678832,0.00153436020067737
11.5103056528095,3.00492429958249e-06,5.2445822800899e-08,0.999999999999999,-0.000142364218220451,-5.87160685704889e-07,0.00289895122975492,0.000171660108778525
11.5132450143316,-1.14885943901895e-05,-2.00513798534955e-07,0.99999999999998,-8.60593769859169e-05,4.56148547303523e-06,0.00175162058830653,-0.000619537009651274
11.5161843758538,-9.38463778525363e-06,-1.63792828459744e-07,0.999999999999987,1.2492838937308e-05,3.80748599778766e-06,-0.000256518114412267,-0.000517466236436114
11.5196497161418,-8.18341847142774e-06,-1.42827596394935e-07,0.99999999999999,6.04997787309607e-06,3.37356601715564e-06,-0.000125217134415817,-0.000463712022351587
11.5229398023646,6.75118505081651e-06,1.17830407548169e-07,0.999999999999993,7.92252805220783e-05,-1.94405043730127e-06,-0.00161625443661851,0.000333449554664804
11.5262298885874,2.10185753098821e-05,3.66843343235822e-07,0.999999999999933,7.56858388579827e-05,-7.02426188937848e-06,-0.00154409675250235,0.00110765488736959
11.5294808521919,1.92354036324478e-05,3.35721126336284e-07,0.999999999999944,-9.57322833640706e-06,-6.39611026879359e-06,0.000193220133165781,0.00102912012629899
11.5330736553755,2.51999860646294e-07,4.39822728284472e-09,1,-9.22184940633132e-05,3.4858838930485e-07,0.00187728030551958,4.09465558583506e-05
11.5357117106151,-9.58191253086719e-06,-1.67235922301735e-07,0.999999999999986,-6.50608626411955e-05,3.8408531345492e-06,0.00132380273650067,-0.000517810885161405
11.5383497658547,-4.17318737986962e-06,-7.28358600814001e-08,0.999999999999997,3.5783959639168e-05,1.91240216667333e-06,-0.000731012352931683,-0.000236693510694165
11.5419532025469,-5.9794142021487e-06,-1.04360465168004e-07,0.999999999999995,-8.74848312311936e-06,2.54815487143654e-06,0.000176429547422364,-0.000339677818172258
11.5457393525983,5.91324190982735e-06,1.03205540793405e-07,0.999999999999995,5.48224457935811e-05,-1.68827467797177e-06,-0.00111892806461739,0.000281471740059502
11.5486785961372,1.38741912888075e-05,2.42150319041205e-07,0.999999999999971,4.72722918021144e-05,-4.52468434576618e-06,-0.000965013490806999,0.000724289133021448
11.5516178396761,8.5014188381647e-06,1.48377749817044e-07,0.999999999999989,-3.19036405059626e-05,-2.61910927204397e-06,0.000648321599932146,0.000445318478903614
11.5553166849947,5.68999044307666e-06,9.93090676386986e-08,0.999999999999995,-1.32659459779893e-05,-1.62571485198463e-06,0.000268568792278647,0.000310005618896578
11.5582058592419,-6.23128007568287e-06,-1.08756353934587e-07,0.999999999999994,-7.20155323878327e-05,2.60882399343651e-06,0.00146565713353071,-0.000339011501153754
11.5610950334891,-5.61791681352414e-06,-9.80511454991444e-08,0.999999999999995,3.7052830738124e-06,2.3856117967094e-06,-7.72581290115916e-05,-0.00031345649477027
11.5647930421344,-9.61310193205743e-06,-1.6778028004423e-07,0.999999999999986,-1.88558603382439e-05,3.80000567673097e-06,0.000382474465500636,-0.000537192511602362
11.5683195980136,5.44103289756075e-06,9.49639387717622e-08,0.999999999999995,7.45044819422337e-05,-1.55994528874038e-06,-0.00151988261327983,0.000256727662319197
11.5718461538927,4.43336636739991e-05,7.73768400583013e-07,0.999999999999701,0.000192483682401203,-1.53976396745311e-05,-0.00392385513231904,0.00234603735042666
11.5748288490388,2.79638202315232e-05,4.88060734475864e-07,0.999999999999881,-9.57884235957537e-05,-9.58076404379395e-06,0.00195020789785805,0.00149727206127428
11.5777975964208,4.9396048631296e-06,8.62123686091353e-08,0.999999999999996,-0.000135359568920488,-1.39741051942561e-06,0.00275650046005106,0.000267580662826329
11.580966235062,-1.03466786819768e-05,-1.80583609646402e-07,0.999999999999984,-8.41989284564894e-05,4.03369492315397e-06,0.00171401856050997,-0.000555443602256917
11.5841348737032,-1.57340861201965e-05,-2.74611607589766e-07,0.999999999999962,-2.96745727709488e-05,5.94437428399519e-06,0.000602996926185565,-0.000855698517067116
11.587500619281,-1.27601553024683e-05,-2.22706723093884e-07,0.999999999999975,1.54215116076762e-05,4.88113969122139e-06,-0.000315898682241443,-0.000710908805213664
11.5907654200335,6.81734628743027e-06,1.1898513896427e-07,0.999999999999993,0.000104659330831536,-2.08670594186063e-06,-0.00213423303939176,0.000333454791337991
11.594030220786,2.52762363658271e-05,4.41153547095995e-07,0.999999999999903,9.86793475473242e-05,-8.65659804342478e-06,-0.00201234090517518,0.00133421465036648
11.5971139133862,1.8298590827901e-05,3.19370658422101e-07,0.999999999999949,-3.94925514516756e-05,-6.17991147134911e-06,0.000803156116121371,0.000977469498912383
11.600494710741,3.57885587328678e-06,6.24628184431913e-08,0.999999999999998,-7.59903102780464e-05,-9.50279145270318e-07,0.00154686358785876,0.000204213923824518
11.6033783400952,-9.7777453719856e-06,-1.70653850162786e-07,0.999999999999985,-8.08414119745751e-05,3.79522413707488e-06,0.00164567033395281,-0.000526757221056265
11.6062619694495,-7.38696586803014e-06,-1.28926876129567e-07,0.999999999999992,1.44702972912397e-05,2.94041280053486e-06,-0.000296435925543235,-0.000408012737597148
11.609808566502,-8.08611443423646e-06,-1.41129320570464e-07,0.99999999999999,-3.4406063784809e-06,3.18350513901248e-06,6.85424182324216e-05,-0.00045526843681846
11.6131989201619,6.58014793560637e-06,1.14845246744639e-07,0.999999999999993,7.55008453369956e-05,-2.03763172561024e-06,-0.00153999770771722,0.000324385577184052
11.6165892738218,2.77312255035721e-05,4.84001190650337e-07,0.999999999999883,0.000108884199389029,-9.56489302677004e-06,-0.00222019944118286,0.00146673002473947
11.6197565428307,2.24508736736922e-05,3.91841665555233e-07,0.999999999999923,-2.90974731981019e-05,-7.69167153254376e-06,0.000591431131682862,0.00120411576017228
11.6231201846119,2.21695417437154e-06,3.86931497086159e-08,0.999999999999999,-0.000104989930204223,-5.006515125481e-07,0.00213786737340956,0.000137634107240204
11.6259203045531,-1.04703708002125e-05,-1.82742444368381e-07,0.999999999999983,-7.90807532272234e-05,4.0071700274525e-06,0.0016098673037777,-0.0005633633584888
11.6287204244943,-6.37583870105641e-06,-1.11279377909513e-07,0.999999999999994,2.55214304956294e-05,2.54680636258334e-06,-0.000521536111142838,-0.000353348781886123
11.6322692692775,-7.0149419326183e-06,-1.22433833560403e-07,0.999999999999992,-3.1431229970653e-06,2.76884703275735e-06,6.2567027791445e-05,-0.000396102939321031
11.6357326105661,6.61882608900635e-06,1.1552030787006e-07,0.999999999999993,6.87065240187364e-05,-2.08492308509522e-06,-0.00140147034709676,0.000326985181548861
11.6391959518547,3.17084440020427e-05,5.53416748519864e-07,0.999999999999847,0.000126437565391224,-1.10127084745555e-05,-0.00257779544246482,0.00167943839610872
11.6423537164057,2.50144895843856e-05,4.36585203953342e-07,0.999999999999905,-3.69981810477815e-05,-8.6364635440736e-06,0.000752508583859166,0.00134360735116921
11.6456381991964,2.12141833514202e-06,3.70257347604048e-08,0.999999999999999,-0.000121650650852469,-4.99371129072488e-07,0.00247743493685929,0.000131815829424862
11.6484712233601,-1.09777145186224e-05,-1.91597262693944e-07,0.999999999999982,-8.06992754876768e-05,4.15509647117105e-06,0.00164293254529444,-0.000589929451163322
11.6513042475239,-7.08934191458004e-06,-1.2373235820906e-07,0.999999999999992,2.39549331604932e-05,2.76823264756715e-06,-0.000489534766891732,-0.000391319214787812
11.6548294132523,-7.19065942829811e-06,-1.25500682413375e-07,0.999999999999992,-5.01628672398823e-07,2.79933503604722e-06,8.82295780582514e-06,-0.000405772161703702
11.6582303869873,6.65496522374572e-06,1.16151054760084e-07,0.999999999999993,7.10536910903622e-05,-2.12940449467451e-06,-0.00144921422944036,0.000330379964943791
11.6616313607223,2.68521510097021e-05,4.68658446362005e-07,0.99999999999989,0.00010364896028856,-9.31688496121297e-06,-0.00211335959244876,0.00142139344657741
11.6648364568987,2.27518708041994e-05,3.9709505652164e-07,0.999999999999921,-2.2328000752915e-05,-7.86287652241428e-06,0.000453655166261104,0.00122216769026041
11.6682489630114,1.10159497429848e-06,1.92264593249308e-08,1,-0.000110730526105466,-1.67647688494355e-07,0.00225500807318556,8.29141839250414e-05
11.6709873527992,-1.04962356190618e-05,-1.83193870617733e-07,0.999999999999983,-7.39194729837959e-05,3.95321766226113e-06,0.00150484980955871,-0.0005639654499488
11.6737257425871,-5.55058627238136e-06,-9.68760058690533e-08,0.999999999999995,3.15213944820478e-05,2.19069527031776e-06,-0.000643634591305608,-0.000308120777228821
11.6772916719167,-6.50636597837883e-06,-1.13557508662453e-07,0.999999999999994,-4.6780239459775e-06,2.52590646923879e-06,9.40038817205923e-05,-0.000366979045106339
11.6808395440648,6.54399231362755e-06,1.14214212098002e-07,0.999999999999993,6.41995289717358e-05,-2.11995129011462e-06,-0.00130947722054509,0.000322926061606065
11.6843874162129,3.8587856887599e-05,6.73485153976923e-07,0.999999999999773,0.00015763559636084,-1.35205059225182e-05,-0.00321334990565661,0.00204657178871695
11.687500596254,2.83538330090217e-05,4.9486774156806e-07,0.999999999999878,-5.73745848448118e-05,-9.88470262170917e-06,0.00116787440904013,0.00152464328463663
11.6906467328521,2.88348492941e-06,5.03263059498407e-08,0.999999999999999,-0.00014129756345857,-8.30375334318159e-07,0.00287791931630749,0.000169106220193727
11.6935796177,-1.15337984956421e-05,-2.01302759010521e-07,0.99999999999998,-8.57957533325891e-05,4.29321901144765e-06,0.00174694698617115,-0.000618325651422889
11.6965125025479,-9.29353099137884e-06,-1.62202714935693e-07,0.999999999999987,1.33315987851635e-05,3.49279421438682e-06,-0.000272913816457318,-0.000508902967654342
11.6999815610293,-8.17520222928199e-06,-1.42684195917351e-07,0.99999999999999,5.62646006770254e-06,3.09074571544182e-06,-0.000115895566793155,-0.000459504795714047
11.7032765093122,6.67862194661406e-06,1.16563942464368e-07,0.999999999999993,7.86804878621393e-05,-2.19588674142131e-06,-0.00160446598941959,0.000333207059292734
11.7065714575952,2.11393137240822e-05,3.68950626097251e-07,0.999999999999932,7.65980713385269e-05,-7.34260015390985e-06,-0.00156200127302348,0.00111771323849972
11.7098218978092,1.93147733135198e-05,3.37106388597249e-07,0.999999999999943,-9.79689992826332e-06,-6.69752423289016e-06,0.00019845801754121,0.00103708820738439
11.7134087483755,1.8037765183713e-07,3.14818392157391e-09,1,-9.310624976085e-05,1.03307646670359e-07,0.0018960455011873,4.05996872123916e-05
11.7160489003287,-9.68210786441418e-06,-1.68984660767263e-07,0.999999999999986,-6.51980824352881e-05,3.60750607581528e-06,0.00132727149467607,-0.00051958546094092
11.718689052282,-4.26843986897585e-06,-7.44983296370239e-08,0.999999999999997,3.57882170434891e-05,1.67906054715977e-06,-0.000730429749049504,-0.000238224507251845
11.7222914177759,-6.05186745433775e-06,-1.05625012972481e-07,0.999999999999994,-8.64062333157427e-06,2.30910513935478e-06,0.000174897464807985,-0.000340031260018852
11.7260709461947,5.87927375792939e-06,1.02612684701968e-07,0.999999999999995,5.50962116425449e-05,-1.93849774138928e-06,-0.00112384467320046,0.000283376894713843
11.7290152765286,1.38871735759432e-05,2.42376902696162e-07,0.999999999999971,4.74689325404863e-05,-4.78967822537051e-06,-0.000968362975854638,0.000728554751260418
11.7319596068624,8.53624730349898e-06,1.48985621210544e-07,0.999999999999989,-3.17190229683431e-05,-2.88995455305643e-06,0.000645214176709998,0.000450797398011543
11.7356580829747,5.58159519794051e-06,9.74172137175663e-08,0.999999999999995,-1.39431500777797e-05,-1.84321616213482e-06,0.000283018832388434,0.000307989993560407
11.7385452534336,-6.40389215413187e-06,-1.11769003032233e-07,0.999999999999994,-7.24537119409464e-05,2.4160306893662e-06,0.00147523220821542,-0.000344705622680567
11.7414324238924,-5.71664248526886e-06,-9.97742335273328e-08,0.999999999999995,4.15450686956852e-06,2.16840309335478e-06,-8.5768263267075e-05,-0.00031526800339863
11.7451251002703,-9.59462870296157e-06,-1.67457861373032e-07,0.999999999999986,-1.83291523326107e-05,3.54348898093782e-06,0.000372381911344816,-0.000532715123511684
11.7486492126368,5.43474492756171e-06,9.48541929920124e-08,0.999999999999995,7.44335103660909e-05,-1.80540964240023e-06,-0.00151780024784274,0.000260066406534543
11.7521733250034,4.37797782700386e-05,7.64101276605166e-07,0.999999999999708,0.000189905148873858,-1.54461249922929e-05,-0.00387068116200317,0.00232017515319455
11.7551613484298,2.77820625211729e-05,4.84888463989364e-07,0.999999999999882,-9.34439837889292e-05,-9.75972525206161e-06,0.00190306397534339,0.00149107507126013
11.7581397616373,4.82663667402941e-06,8.42407017593214e-08,0.999999999999996,-0.000134517185599705,-1.59898911605756e-06,0.00273996103541624,0.000265276558968253
11.7612982487784,-1.04731536156864e-05,-1.82791013660875e-07,0.999999999999983,-8.4544183177459e-05,3.83889827825406e-06,0.0017216746978524,-0.000558875969088695
11.7644567359195,-1.54464113844823e-05,-2.69590736276748e-07,0.999999999999964,-2.74814234595376e-05,5.60425944402126e-06,0.000558926184247946,-0.000836932877621783
11.7678272514001,-1.25663281730132e-05,-2.19323801505203e-07,0.999999999999976,1.49137231560808e-05,4.57646564239662e-06,-0.000304936680317376,-0.000696984743378473
11.7710909315813,6.766992958395e-06,1.18106307583264e-07,0.999999999999993,0.000103389453119367,-2.30254288478135e-06,-0.00210774590195779,0.000334469774769601
11.7743546117625,2.48230629589772e-05,4.33244179063985e-07,0.999999999999906,9.65590541923212e-05,-8.72719257975525e-06,-0.00196852918739597,0.00131354582544038
11.7774480637339,1.82097625653149e-05,3.17820312771149e-07,0.999999999999949,-3.73123188462249e-05,-6.37822889263429e-06,0.000759334138311527,0.000976190215300712
11.7808437261173,3.39965535544027e-06,5.93351793854908e-08,0.999999999999998,-7.61221535601984e-05,-1.11443716094106e-06,0.00155015167511014,0.000198735201102915
11.7837118523664,-9.84037106660887e-06,-1.7174687473031e-07,0.999999999999985,-8.056899663517e-05,3.59134047539378e-06,0.00164071495728406,-0.000526819674387222
11.7865799786155,-7.18358141480171e-06,-1.25377147773362e-07,0.999999999999992,1.61672544822366e-05,2.64365423401501e-06,-0.000330419988194236,-0.000393764156037844
11.7901321643796,-7.96696055338679e-06,-1.39049693033109e-07,0.99999999999999,-3.84905130753526e-06,2.91879312818826e-06,7.74562234209049e-05,-0.000445300584177671
11.7935378575598,6.51036067971526e-06,1.13627229353407e-07,0.999999999999994,7.419250913599e-05,-2.233175130564e-06,-0.00151275173251123,0.000323882542116222
11.79694355074,2.8565587381024e-05,4.98563552564993e-07,0.999999999999876,0.000113027305410047,-1.00800242237716e-05,-0.0023040387603977,0.00151446751103328
11.8001061191794,2.29208352203451e-05,4.0004404190209e-07,0.99999999999992,-3.11517402862188e-05,-8.07536340471225e-06,0.000633871126410321,0.00123284705992881
11.8034482605245,2.21426342065974e-06,3.86461871969847e-08,0.999999999999999,-0.000108133623743336,-7.14295212958046e-07,0.00220250056228383,0.000140201821725965
11.8062603523094,-1.06357708749022e-05,-1.8562922025476e-07,0.999999999999983,-7.97539428332292e-05,3.85298982673864e-06,0.00162415930528364,-0.000568924495458378
11.8090724440942,-6.65733464596752e-06,-1.16192408979224e-07,0.999999999999993,2.46922279170639e-05,2.43550028145261e-06,-0.000504069445000407,-0.000365237320713914
11.8126145786364,-7.15771971152774e-06,-1.24925775901057e-07,0.999999999999992,-2.46556612058458e-06,2.61022517165844e-06,4.93275701765552e-05,-0.000400752020587158
11.8160586683142,6.5753957042795e-06,1.14762304661168e-07,0.999999999999993,6.95940300595909e-05,-2.27690531133316e-06,-0.00141899048522007,0.000328143796436715
11.819502757992,3.01474215601859e-05,5.26171767211946e-07,0.999999999999862,0.000119453760222038,-1.06630187145876e-05,-0.00243492887464511,0.00159952603718185
11.8226732061295,2.42373188128927e-05,4.23021015140528e-07,0.999999999999911,-3.25350699952364e-05,-8.56379989383001e-06,0.000662120536177676,0.00130492604173536
11.8259939824079,1.81043031154807e-06,3.15979698144206e-08,1,-0.000117870947185106,-5.90705649141263e-07,0.00240097301842453,0.000119693118113633
11.8288004886521,-1.08983261688599e-05,-1.90211674602864e-07,0.999999999999982,-7.90340819223443e-05,3.92650212916269e-06,0.00160954845109929,-0.0005826089021303
11.8316069948963,-6.66978918126938e-06,-1.16409781627047e-07,0.999999999999993,2.62967143326806e-05,2.42023637729829e-06,-0.000536704935181779,-0.000365593554160212
11.8351449219228,-7.03535967831853e-06,-1.22790190448707e-07,0.999999999999992,-1.803431437054e-06,2.54722631024944e-06,3.5893881360083e-05,-0.000393827834241049
11.8385820267141,6.58258257501031e-06,1.14887739218336e-07,0.999999999999993,6.91506206819652e-05,-2.29873711277522e-06,-0.00140989690954347,0.000329234495204295
11.8420191315054,2.92460164104516e-05,5.10439279454651e-07,0.99999999999987,0.000115082770021464,-1.036151588677e-05,-0.0023458053401263,0.00155200051988384
11.8452034835767,2.39724840206711e-05,4.18398776042427e-07,0.999999999999913,-2.89039972189537e-05,-8.4885181870598e-06,0.000588188007415166,0.00129119292497478
11.8485511803823,1.47712559418262e-06,2.57807050839643e-08,1,-0.000117280056633413,-4.90898959071074e-07,0.00238899150439308,0.000103661538020788
11.8513327308029,-1.0834328627558e-05,-1.89094706793965e-07,0.999999999999982,-7.72502307665335e-05,3.88518261431805e-06,0.00157325265112014,-0.000578895177861818
11.8541142812235,-6.280921463582e-06,-1.09622759598687e-07,0.999999999999994,2.85710971145862e-05,2.26355832968987e-06,-0.000582992949771786,-0.000344337926778961
11.8576616471221,-6.8393532504804e-06,-1.19369232927859e-07,0.999999999999993,-2.74752410875898e-06,2.45932888276351e-06,5.51875838766167e-05,-0.00038254575950863
11.8611336167506,6.56116901390608e-06,1.14514002072491e-07,0.999999999999993,6.73632721557381e-05,-2.30915284277905e-06,-0.00137342264932716,0.000328040421275343
11.8646055863791,3.17965410159691e-05,5.54954331474055e-07,0.999999999999846,0.000126856043263631,-1.12864524808648e-05,-0.00258565039406555,0.00168817363708484
11.8677701359538,2.52581083950587e-05,4.40837154319381e-07,0.999999999999903,-3.60611121620742e-05,-8.9634105163799e-06,0.000734082974423233,0.0013609231634349
11.8710569131127,1.86069538139025e-06,3.24752607819114e-08,0.999999999999999,-0.000124243863760084,-6.44773018254864e-07,0.00253094052198019,0.000122352575672236
11.873880505551,-1.10970649910643e-05,-1.93680321401866e-07,0.999999999999981,-8.00949808154198e-05,3.96129166654798e-06,0.00163127816258841,-0.000592488856907361
11.8767040979894,-7.02472649424975e-06,-1.22604606376736e-07,0.999999999999992,2.51720871817968e-05,2.51087079149043e-06,-0.000513679260269664,-0.000384007152252464
11.8802313038032,-7.15636203712846e-06,-1.2490208001262e-07,0.999999999999992,-6.51357974888176e-07,2.55505683670356e-06,1.25272092261786e-05,-0.000399965820944456
11.8836404425514,6.58358361057203e-06,1.14905210584818e-07,0.999999999999993,7.03424848076513e-05,-2.33389922824476e-06,-0.00143407365500495,0.000330359538454596
11.8870495812995,2.71999766603848e-05,4.74729149189308e-07,0.999999999999887,0.000105546874207449,-9.66827981145861e-06,-0.00215138811444361,0.00144372958655389
11.8902532483295,2.29633594020337e-05,4.00786228884274e-07,0.99999999999992,-2.30807133241328e-05,-8.16372865607351e-06,0.000469634060376281,0.00123745703655039
11.8936559050238,1.03817443457663e-06,1.81195620933926e-08,1,-0.000112461144677601,-3.68554056333781e-07,0.00229090834014955,8.30731802835495e-05
11.8963986045028,-1.0622640965095e-05,-1.85400060098134e-07,0.999999999999983,-7.42041276319646e-05,3.77644260130204e-06,0.00151128356914805,-0.000566978182727822
11.8991413039817,-5.69325501260071e-06,-9.93660451255535e-08,0.999999999999995,3.13683710640337e-05,2.02142523767886e-06,-0.000639886862231163,-0.000312051760781
11.902704749182,-6.59471754214969e-06,-1.1509953434954e-07,0.999999999999993,-4.4152465773042e-06,2.33955239442192e-06,8.92751645843396e-05,-0.000368080726931769
11.9062431558679,6.4894070538752e-06,1.13261519592267e-07,0.999999999999994,6.45378200451055e-05,-2.31610064918582e-06,-0.0013157484305418,0.000323876644541833
11.9097815625538,3.75686588553819e-05,6.55696792584892e-07,0.999999999999785,0.000153299301392433,-1.33714036508692e-05,-0.00312437319477677,0.00199602035660208
11.9129019825069,2.78873503764599e-05,4.86726083726485e-07,0.999999999999882,-5.41499898730195e-05,-9.93026478500708e-06,0.00110278068901399,0.00150323681667771
11.9160665619944,2.68375859975591e-06,4.68404238944532e-08,0.999999999999999,-0.000139002879077342,-9.68895736396551e-07,0.00283177246266003,0.000162717029566498
11.9189840143525,-1.1548470607447e-05,-2.01558835669739e-07,0.99999999999998,-8.51425247354188e-05,4.09067006850448e-06,0.00173424110623381,-0.000615564747709288
11.9219014667106,-8.99403225010569e-06,-1.56975475794898e-07,0.999999999999988,1.52816068276195e-05,3.18029249781206e-06,-0.000312045394045221,-0.000489185949691007
11.9253791390891,-8.06476067219867e-06,-1.40756627115217e-07,0.99999999999999,4.66370805363788e-06,2.84755414855756e-06,-9.56784633619861e-05,-0.000449700821041624
11.9286862459,6.60207300656863e-06,1.15227911421664e-07,0.999999999999993,7.74043758416608e-05,-2.37062523220019e-06,-0.00157786841465499,0.000332702928016952
11.9319933527109,2.15681394839032e-05,3.76435047523492e-07,0.999999999999929,7.89835802229023e-05,-7.69512892273872e-06,-0.0016100186643631,0.00114416574706901
11.9352418844518,1.96190214535396e-05,3.42416520383664e-07,0.999999999999941,-1.04719700631483e-05,-7.00383510879667e-06,0.000212801926864281,0.0010572013774754
11.9388130747196,1.21075433147881e-07,2.1131649517088e-09,1,-9.52912978344002e-05,-7.16106554696101e-08,0.00194115237035614,4.06230819462244e-05
11.9414593346866,-9.83313017220132e-06,-1.71620497282109e-07,0.999999999999985,-6.56525301359185e-05,3.46673705419537e-06,0.0013371126622974,-0.00052413625289928
11.9441055946536,-4.41417417628634e-06,-7.70418731327051e-08,0.999999999999997,3.57404885866373e-05,1.53793102110537e-06,-0.000728880025814207,-0.000242534194177769
11.9477051636582,-6.13635049931797e-06,-1.07099520269497e-07,0.999999999999994,-8.35034613840371e-06,2.14826003508391e-06,0.000169556136640956,-0.000341163954202839
11.9514662070336,5.89890183639292e-06,1.02955259296996e-07,0.999999999999995,5.58501348157068e-05,-2.13420247386309e-06,-0.00113863683064726,0.000288382169182992
11.9544246123575,1.40426651413037e-05,2.45090742470782e-07,0.99999999999997,4.8044627971318e-05,-5.03204576766121e-06,-0.000979528826024947,0.000740435958099725
11.9573830176814,8.75743599578103e-06,1.52846092159047e-07,0.999999999999988,-3.11805314732911e-05,-3.1540375197486e-06,0.000634804241582003,0.000466341417171206
11.961080383333,5.39348210301238e-06,9.41340208449538e-08,0.999999999999996,-1.58794333168495e-05,-1.95966519095407e-06,0.000323033327322424,0.000302130344149373
11.9639606953577,-6.74371984773688e-06,-1.17700115175099e-07,0.999999999999993,-7.35455513874023e-05,2.35514024018716e-06,0.00149803403041991,-0.000359369475102229
11.9668410073823,-5.83838262460891e-06,-1.01898999790653e-07,0.999999999999995,5.48590404416694e-06,2.03154874318577e-06,-0.000112345986904536,-0.000318419498030219
11.9705212501989,-9.42449181835429e-06,-1.64488412557549e-07,0.999999999999986,-1.700687043962e-05,3.30486389303873e-06,0.000345986722435078,-0.00052015666525484
11.9740406861081,5.51063580169165e-06,9.61787386177964e-08,0.999999999999995,7.40650370955396e-05,-2.00859361118562e-06,-0.00150974691433683,0.0002680323937445
11.9775601220174,4.261652131913e-05,7.43798612765108e-07,0.999999999999723,0.000184012407341148,-1.52067107205532e-05,-0.0037500660474055,0.002262053481348
11.9805614515018,2.74881030834546e-05,4.79757903933869e-07,0.999999999999885,-8.79745826652415e-05,-9.8278722967858e-06,0.0017921519285765,0.00147894696105209
11.9835628781758,4.63630710077646e-06,8.09188240421417e-08,0.999999999999997,-0.00013288316631188,-1.70240980752034e-06,0.00270720006578862,0.000259227258854697
11.9866963219811,-1.06806983322481e-05,-1.86413352309995e-07,0.999999999999983,-8.53157717074884e-05,3.74328307650809e-06,0.00173792581657239,-0.000566852989494493
11.9898297657864,-1.46711355930324e-05,-2.56059621104943e-07,0.999999999999967,-2.22267489453324e-05,5.16079311964487e-06,0.0004523808726789,-0.000792201098373776
11.9932119604316,-1.20193427674066e-05,-2.09777105217011e-07,0.999999999999978,1.36841668629414e-05,4.21595009073038e-06,-0.00027935796961124,-0.000664019540746007
11.9964739458413,6.72633813618626e-06,1.17396747078909e-07,0.999999999999993,0.000100298993161577,-2.4523701104827e-06,-0.00204425200109126,0.000336328100471267
12,3.94924610484883e-05,6.89273475011679e-07,0.999999999999762,0.000162186030669543,-1.41069491072623e-05,-0.00330527509563975,0.00209930938536998
12.0030741872701,2.7121929817841e-05,4.73366974816134e-07,0.999999999999888,-7.0232058500565e-05,-9.70884297634697e-06,0.00143065654252341,0.00146236637007742
12.0061999500642,3.03369326902443e-06,5.29479360400664e-08,0.999999999999999,-0.0001345012614412,-1.14357192129522e-06,0.00274021786654585,0.000179760779270502
12.0091790409544,-1.16081185552127e-05,-2.02599888750308e-07,0.999999999999979,-8.57804727046371e-05,4.06215590517962e-06,0.00174742161899831,-0.000617381143850488
12.0121581318446,-1.04000813076239e-05,-1.81515661293154e-07,0.999999999999984,7.07740321941862e-06,3.63108771888896e-06,-0.000144697896835066,-0.000563524062125059
12.0156129297607,-8.85952485695948e-06,-1.54627878916222e-07,0.999999999999988,7.78273665496242e-06,3.08155860631203e-06,-0.000159062592350147,-0.000492325046705681
12.0188663349345,6.57108893119412e-06,1.14687137290692e-07,0.999999999999993,8.27794270361429e-05,-2.40765209043769e-06,-0.00168722012889358,0.000332272457566623
12.0221197401084,1.93101215237769e-05,3.37025199550125e-07,0.999999999999943,6.83401084030979e-05,-6.93954716480389e-06,-0.00139296977542361,0.00102478904203164
12.0253805494883,1.80371843540499e-05,3.14808254767372e-07,0.99999999999995,-6.81332215237607e-06,-6.48819440173029e-06,0.000138417402089085,0.000972541045602145
12.0290243906995,1.02411716165668e-07,1.7874216397088e-09,1,-8.59040817039224e-05,-1.11311789845851e-07,0.00175004404478157,4.25841167970982e-05
12.0316406282509,-9.44670719698996e-06,-1.64876144059319e-07,0.999999999999986,-6.3703529372408e-05,3.28341537481819e-06,0.00129756075203633,-0.000502289732971097
12.0342568658023,-4.06372274214161e-06,-7.09253417385436e-08,0.999999999999997,3.59106543178785e-05,1.36785404207181e-06,-0.000732181728582624,-0.000222502685199611
12.0378681859921,-6.06621055368789e-06,-1.05875347281082e-07,0.999999999999994,-9.67790273499894e-06,2.07846233934504e-06,0.000196772443292554,-0.000335720641359843
12.041726368059,5.37544081111351e-06,9.38191409000052e-08,0.999999999999996,5.17587000090865e-05,-1.99233606668012e-06,-0.00105510790715394,0.000258885904494873
12.0446111376101,1.28820455240938e-05,2.24834108787234e-07,0.999999999999975,4.54160949665346e-05,-4.66305929529266e-06,-0.000925801240392622,0.000678980636716023
12.0474959071611,7.33287713644941e-06,1.27982849675255e-07,0.999999999999992,-3.35733088546355e-05,-2.69068202434314e-06,0.000683720912898905,0.000390026059779835
12.0511992176774,5.91111207678888e-06,1.03168368194366e-07,0.999999999999995,-6.70062134190475e-06,-2.18645401689016e-06,0.000136156016418377,0.000327200931003807
12.0540809280715,-4.90178478429817e-06,-8.55522837101629e-08,0.999999999999996,-6.5489111012358e-05,1.6578482466634e-06,0.00133403490906909,-0.000260622126539392
12.0569626384656,-4.76819514977219e-06,-8.32207047411487e-08,0.999999999999997,8.09095519726672e-07,1.6091804987737e-06,-1.6888493718655e-05,-0.000259726665641328
12.0607685298598,-1.04986445657589e-05,-1.83235914669103e-07,0.999999999999983,-2.62790499172437e-05,3.64563473147209e-06,0.000535079439155435,-0.000576197762815959
12.0643605151559,4.16851736484682e-06,7.27543529431346e-08,0.999999999999997,7.12670700210311e-05,-1.57202840859526e-06,-0.00145258477135775,0.000193259381239803
12.067952500452,5.46638264498991e-05,9.54063753289358e-07,0.999999999999545,0.00024535440089393,-1.95314534782623e-05,-0.0049998604084284,0.00290006694093251
12.0708549306627,3.09636609391123e-05,5.40417831858643e-07,0.999999999999854,-0.000142517094782864,-1.11036342809711e-05,0.00290371123012276,0.00166473111917849
12.0736573945174,5.42682404409274e-06,9.47159474958121e-08,0.999999999999996,-0.000159039298080679,-2.02275996486033e-06,0.00324031808673564,0.000297286254654099
12.0769740304355,-8.91411723852098e-06,-1.55580695720975e-07,0.999999999999988,-7.54670242371846e-05,3.0762506637484e-06,0.00153740439244159,-0.00046973926135007
12.0802906663536,-2.13830777780624e-05,-3.73205111437214e-07,0.99999999999993,-6.56160100446748e-05,7.50946092408775e-06,0.00133665870171417,-0.00114880071560917
12.0835959703819,-1.76993816451157e-05,-3.08912485274314e-07,0.999999999999952,1.94513501973492e-05,6.19814178573283e-06,-0.00039673177630042,-0.000969365286730505
12.0874659400938,1.67201956735677e-05,2.91822466081464e-07,0.999999999999957,0.000155229884491271,-6.04442985141184e-06,-0.00316347996203829,0.00081986205617738
12.0898485615538,1.0320868262137e-05,1.80133132838875e-07,0.999999999999984,-4.68766588050711e-05,-3.76905437356273e-06,0.000954988241329064,0.000537945278609953
12.0922311830138,2.8988571055264e-06,5.05946010362683e-08,0.999999999999999,-5.43680706216722e-05,-1.13024746565506e-06,0.00110752251341475,0.000149841152115188
12.0957942800398,5.20723137765301e-06,9.08833324532051e-08,0.999999999999996,1.13072226555699e-05,-1.95235703238619e-06,-0.000230728930680481,0.000277197721073637
12.1008644676579,9.68532686647635e-06,1.69040842951877e-07,0.999999999999986,1.5415112099736e-05,-3.54608727711868e-06,-0.000314333583842954,0.000608939466575511
12.1029992047973,-1.03077942304333e-06,-1.79904947939136e-08,1,-8.76132870390571e-05,2.63849935796717e-07,0.00178473365297551,-4.54876424804479e-05
12.1051339419366,-4.64323835015475e-07,-8.10397971650698e-09,1,4.63125641794906e-06,6.16522381215487e-08,-9.47178432158206e-05,-2.71900504131847e-05
12.1086868469885,-4.32983359334631e-06,-7.55698522673503e-08,0.999999999999997,-1.8988932033243e-05,1.43526102952721e-06,0.000386615676846248,-0.000234774317193588
12.1134618621527,-5.28095702584498e-05,-9.21700877573091e-07,0.999999999999575,-0.000177199651983066,1.86749075992035e-05,0.00361038572170709,-0.00286126984434773
12.1165516993794,-6.50481162451481e-06,-1.13530380069784e-07,0.999999999999994,0.000261557628516441,2.20613226965675e-06,-0.00532998152379102,-0.000393455936122062
12.119641536606,2.63468794286854e-05,4.59839793656506e-07,0.999999999999894,0.000185566465696522,-9.47802616866518e-06,-0.00378148024677781,0.00138462303041505
12.1223947070191,1.47891753528831e-05,2.58119803562602e-07,0.999999999999967,-7.3268254349778e-05,-5.36834125100256e-06,0.00149270996743833,0.000788372209692544
12.1253633475813,5.89011775990743e-06,1.02801948240577e-07,0.999999999999995,-5.2319522040067e-05,-2.20432093209041e-06,0.00106581455472278,0.000317340620145699
12.1298602686672,-1.90062522601405e-05,-3.3172168040406e-07,0.999999999999945,-9.6626918804703e-05,6.64883060597242e-06,0.00196871400872362,-0.000958608736288249
12.1322174762903,-9.07802540602872e-06,-1.58441432914896e-07,0.999999999999987,7.35108124531546e-05,3.11700441101038e-06,-0.00149830933875611,-0.000481496324499034
12.1345746839133,-2.27811181597672e-06,-3.97605519173808e-08,0.999999999999999,5.03480812798864e-05,6.97992073121426e-07,-0.00102621946164716,-0.00012530910761594
12.1382477268696,-5.18814763964071e-06,-9.05502583913025e-08,0.999999999999996,-1.38276919378365e-05,1.7318893154017e-06,0.000281482480489839,-0.000284720058503463
12.1434541761364,-1.28040000784726e-05,-2.23471958794958e-07,0.999999999999975,-2.55302017923776e-05,4.438373144841e-06,0.000519832940020763,-0.00080431673395412
12.1455125882617,-6.36881958894953e-07,-1.11156871292681e-08,1,0.000103165089755808,1.11267189187898e-07,-0.00210215724167833,-5.51670165082015e-05
12.1475710003871,1.48280528984349e-07,2.58798344737576e-09,1,6.65739887941298e-06,-1.68423455059257e-07,-0.000135876893068844,1.4502619061714e-06
12.1510317530285,4.05087442035675e-06,7.07010962200421e-08,0.999999999999997,1.96815894776365e-05,-1.55722557386834e-06,-0.000401300602121962,0.000210831347028284
12.1556867452446,4.97766042174556e-05,8.68765634056586e-07,0.999999999999623,0.000171442722305306,-1.78201436558956e-05,-0.00349365097234983,0.00267874597857728
12.159896644024,8.4636686391641e-05,1.47718884551148e-06,0.999999999998909,0.000144522052272119,-3.02175172387438e-05,-0.00294481512086253,0.00477584268257639
12.1617448255846,1.90936938695654e-05,3.33247824391767e-07,0.999999999999944,-0.000618954893554917,-6.90947185775889e-06,0.0126113396419974,0.0010574742965366
12.1635930071452,3.97822338077581e-06,6.9433096374358e-08,0.999999999999998,-0.000142742863384978,-1.53444667922493e-06,0.00290827767849124,0.000215236130194276
12.1666614088545,-2.12878580876559e-06,-3.71543214326899e-08,0.999999999999999,-3.47371132939934e-05,6.36707237268097e-07,0.000707584639234304,-0.000113191711397339
12.1708319867176,-3.08449430741657e-05,-5.38345814234387e-07,0.999999999999855,-0.000120173153279918,1.08483221253524e-05,0.00244848920783004,-0.00165042235937573
12.1747390236947,-8.56456277181556e-05,-1.49479819361858e-06,0.999999999998883,-0.000244802489707272,3.03363010124305e-05,0.00498791769851462,-0.00465545028360668
12.1780231893307,7.0682909206805e-06,1.23364949054696e-07,0.999999999999992,0.000492716665972201,-2.63735952136088e-06,-0.0100401941279314,0.000265257074260445
12.1807052603399,3.1591362469323e-05,5.51373290280625e-07,0.999999999999848,0.000159581286161452,-1.1358837205227e-05,-0.0032517698651228,0.00166451026782034
12.1829891056015,6.67213118780098e-06,1.16450657352127e-07,0.999999999999993,-0.000190434369717996,-2.49696608585613e-06,0.00388024148059648,0.000351639315202245
12.1859753540209,4.09575691657891e-06,7.14844435556326e-08,0.999999999999997,-1.50577606019182e-05,-1.58132560076031e-06,0.000306618993638107,0.000217712878556189
12.1903727134125,4.841560603859e-06,8.45011734721844e-08,0.999999999999996,2.96012419210542e-06,-1.84733890749609e-06,-6.04938744015316e-05,0.000284627949208682
12.1930096854097,-5.72853724163662e-06,-9.99818361896729e-08,0.999999999999995,-6.99601701728751e-05,1.91113510037458e-06,0.00142529917341935,-0.000303303577601953
12.1956466574068,-2.97419945045889e-06,-5.19095730215136e-08,0.999999999999999,1.8230099985923e-05,9.31013442707788e-07,-0.000371684514938104,-0.000162280873145624
12.1994658385067,-7.21225334648148e-06,-1.25877567384081e-07,0.999999999999992,-1.93675011547667e-05,2.43743466077582e-06,0.000394435660070599,-0.000395248014735441
12.2034106546731,2.84937507735193e-06,4.97309767240593e-08,0.999999999999999,4.45162807853974e-05,-1.14177771825538e-06,-0.000907320449951484,0.00011911449505267
12.2061722895824,1.09452573086533e-05,1.91030777513971e-07,0.999999999999982,5.11652718145311e-05,-4.02139163508059e-06,-0.00104272071122259,0.00057565479232362
12.2089339244918,5.57382996625521e-06,9.72816848574777e-08,0.999999999999995,-3.39469537913009e-05,-2.11158040319935e-06,0.000691550945205748,0.000295903272489055
12.2126073291398,6.50143985484907e-06,1.13471531587498e-07,0.999999999999994,4.40731372702021e-06,-2.44210396219076e-06,-8.9977443451967e-05,0.000354820736329839
12.2158523466713,-5.53977688466778e-06,-9.66873464633268e-08,0.999999999999995,-6.47635570572392e-05,1.83963699082976e-06,0.0013194816088055,-0.000289272988940506
12.2190973642027,-1.46401291391388e-05,-2.55518456395132e-07,0.999999999999967,-4.89461484850789e-05,5.07545367077896e-06,0.000997164621938907,-0.000784880921889564
12.2225407109459,-1.82489688512253e-05,-3.18504591547763e-07,0.999999999999949,-1.82921267739397e-05,6.35820878422277e-06,0.000372531495989914,-0.000994164325892083
12.2264274210851,5.30232571712659e-06,9.25430417770284e-08,0.999999999999996,0.000105757213326354,-2.018511693412e-06,-0.00215522129968924,0.00021260247065864
12.2288214238989,8.37609804922894e-06,1.46190489428919e-07,0.999999999999989,2.24090996641519e-05,-3.11174930868022e-06,-0.000456656779575271,0.000434650619219089
12.2312154267128,2.65996505807333e-06,4.64251482513817e-08,0.999999999999999,-4.16730258628953e-05,-1.07921151239687e-06,0.000849012283745883,0.000138157848427208
12.2347809462497,5.32575631236042e-06,9.29519828095608e-08,0.999999999999996,1.30491038055451e-05,-2.02782871636863e-06,-0.000266053009707218,0.000284356897600144
12.2397612515034,1.80673874002344e-05,3.15335397367423e-07,0.99999999999995,4.46525671081271e-05,-6.55959665843556e-06,-0.00090993778719477,0.00104602979015744
12.2419316528125,-1.34384925791661e-07,-2.34545942011273e-09,1,-0.000146369639311956,-8.70517529908328e-08,0.00298218807648828,2.18386969454127e-06
12.2441020541217,-4.15635649217164e-07,-7.2542105675037e-09,1,-2.26167903908759e-06,1.25841444168993e-08,4.59066703406876e-05,-2.35130918285029e-05
12.2477484113534,-4.58331461332821e-06,-7.9993930657348e-08,0.999999999999997,-1.99485995112677e-05,1.49422890073796e-06,0.000406335600759967,-0.000246976941688236
12.2526109137172,-6.26703132258411e-05,-1.09380330904686e-06,0.999999999999402,-0.000208495400628212,2.21513291906022e-05,0.0042482447810783,-0.00339318744094279
12.2556165391368,-7.40417193531188e-06,-1.29227178654952e-07,0.999999999999992,0.000320923600160697,2.49607755259689e-06,-0.00653948809117724,-0.000440074781296939
12.2586221645564,2.12145465119168e-05,3.70263685950417e-07,0.999999999999931,0.000166185334123262,-7.68214998994683e-06,-0.00338639255449958,0.00111397476929203
12.2613958304535,1.29037138078982e-05,2.25212291682876e-07,0.999999999999975,-5.2295914378359e-05,-4.72676241963247e-06,0.00106551678536057,0.00068830442257248
12.2644581967787,6.26758929137824e-06,1.09390069297288e-07,0.999999999999994,-3.78211520382213e-05,-2.36706938659608e-06,0.000770545644245082,0.000339145393788767
12.2689831853759,-2.0532275037486e-05,-3.58355802329165e-07,0.999999999999936,-0.000103369513884667,7.16377374944208e-06,0.0021062689841762,-0.00103233202674728
12.271299075521,-8.82067682057859e-06,-1.53949852773441e-07,0.999999999999988,8.82623685728507e-05,2.99804960659377e-06,-0.00179875723024713,-0.000465570403100227
12.273614965666,-2.14680426672084e-06,-3.74688028501411e-08,0.999999999999999,5.02964487209308e-05,6.24226751007489e-07,-0.0010250153102774,-0.000116830985077184
12.2772451972183,-5.08356981139435e-06,-8.87250309638185e-08,0.999999999999996,-1.41192723868818e-05,1.66819926086489e-06,0.000287577388613187,-0.000277194110061529
12.2823348196416,-2.25711380406572e-05,-3.93940674731599e-07,0.999999999999922,-5.9968229149815e-05,7.88638076043718e-06,0.00122173728862073,-0.00130162473252682
12.2844534415259,-1.23168195447167e-06,-2.14969054429295e-08,1,0.000175795299784232,2.97419152301585e-07,-0.00358202738496927,-8.23658331872257e-05
12.2865720634103,1.76722171043948e-07,3.08438374598948e-09,1,1.16024899820502e-05,-2.03637051957952e-07,-0.00023650100471484,4.68039097436397e-06
12.2901904314169,4.38560269189583e-06,7.65432066579087e-08,0.999999999999997,2.03016450449051e-05,-1.70087498504361e-06,-0.000413788185821045,0.000229930058882802
12.2950114037483,6.55289608808494e-05,1.14369612278114e-06,0.999999999999346,0.000221356366051855,-2.34461967232821e-05,-0.00451056762894881,0.00353097560257672
12.2991652989938,9.18989814136438e-05,1.60393980489647e-06,0.999999999998714,0.000110798095504227,-3.28232829375725e-05,-0.00225742000226082,0.00522343272936953
12.3,5.79647234142304e-05,1.011675273586e-06,0.999999999999488,-0.00070955291400931,-2.07560096880795e-05,0.0144570009609918,0.00322674676237678
12.3021592922715,4.63755731613659e-06,8.09406444165349e-08,0.999999999999997,-0.000431036891792424,-1.7915847856352e-06,0.00878270401507818,0.00026552194359172
12.3045313150952,-1.15354948489349e-06,-2.01332365960759e-08,1,-4.26108383116919e-05,2.67640200680496e-07,0.000868130342480329,-6.08924526376473e-05
12.3078644668785,-5.14836468970749e-06,-8.98559149288118e-08,0.999999999999996,-2.09179427954934e-05,1.68802779412787e-06,0.000426139487719744,-0.000276855117765685
12.3121881903026,-3.13167825839537e-05,-5.46580967221182e-07,0.999999999999851,-0.000105632346822197,1.09940321097833e-05,0.00215231257945283,-0.00169857644823642
12.3154983021725,-2.83256077445622e-06,-4.94375117771015e-08,0.999999999999999,0.000150189321381395,8.63534182551286e-07,-0.00306046995547277,-0.00019302326441429
12.3188084140425,4.23317855049853e-05,7.38829035309937e-07,0.999999999999727,0.000238138944560597,-1.51988924354515e-05,-0.00485253285963756,0.00223564465302178
12.321543429421,2.07118355046607e-05,3.61489723687782e-07,0.999999999999935,-0.000137966065781026,-7.51004985220427e-06,0.00281126118839773,0.00110906073994352
12.3243292458278,5.39973734674614e-06,9.42431954436226e-08,0.999999999999996,-9.59311344382437e-05,-2.06467523107794e-06,0.00195467820771314,0.000292635482196774
12.3288950840042,-2.24893797535826e-05,-3.92513723431358e-07,0.999999999999923,-0.000106608447357438,7.85375928586737e-06,0.00217231407108057,-0.00114070384946892
12.3312290127881,-9.30170847219053e-06,-1.62345438900375e-07,0.999999999999987,9.86183837840965e-05,3.16322107722476e-06,-0.00200971779477116,-0.00049161574169659
12.333562941572,-2.25216445222414e-06,-3.93076849876857e-08,0.999999999999999,5.27170129456352e-05,6.55914147258977e-07,-0.001074285962498,-0.000122201049943074
12.3372253277566,-5.15836914168955e-06,-9.00305255557565e-08,0.999999999999996,-1.38496701361786e-05,1.68919679386131e-06,0.000282133722256245,-0.000281258456596807
12.3424054355879,-1.5986755349706e-05,-2.79021517563183e-07,0.999999999999961,-3.64839880098776e-05,5.53926759203561e-06,0.00074324143889487,-0.000966084526177138
12.3444812166371,-8.35351317483404e-07,-1.45796309009579e-08,1,0.000127393920839429,1.51208538468268e-07,-0.00259567792838006,-6.31351470800666e-05
12.3465569976863,1.37891991538708e-07,2.40666926448262e-09,1,8.18308856416125e-06,-1.94969647747492e-07,-0.000166770087022703,2.67649102182419e-06
12.3500598914356,4.10943610383804e-06,7.17231904123013e-08,0.999999999999997,1.97883595989229e-05,-1.60761680315528e-06,-0.000403280046873567,0.000215589579654087
12.354761467459,5.36037896798257e-05,9.3556262145938e-07,0.999999999999562,0.000183734013177695,-1.92098921142257e-05,-0.00374390953656856,0.00288716266023452
12.358958898836,8.65621158045964e-05,1.51079392828225e-06,0.999999999998859,0.000137043647687355,-3.09300412023e-05,-0.00279221934449178,0.00489633728734968
12.3607959168129,2.01652210907023e-05,3.5194950242535e-07,0.999999999999938,-0.000630829115677682,-7.31803400087273e-06,0.0128534437323025,0.00111919852470787
12.3626329347898,4.26211481247601e-06,7.4387936575727e-08,0.999999999999997,-0.000151093549077114,-1.66255657294647e-06,0.00307861844522744,0.000232478318779574
12.3656605105228,-2.08769402685606e-06,-3.64371345428571e-08,0.999999999999999,-3.66052184630007e-05,5.95523495765651e-07,0.000745837682645927,-0.000109445166234133
12.3697805012747,-2.82055079552148e-05,-4.92278981015931e-07,0.999999999999879,-0.000110641473228515,9.88384525228314e-06,0.00225445208883916,-0.00150772264239314
12.3737034241249,-8.11465785833258e-05,-1.41627497300688e-06,0.999999999998997,-0.000235537640498485,2.87112187440721e-05,0.00479932290559217,-0.00440845954378453
12.3770321724007,6.47842710813031e-06,1.13069883387328e-07,0.999999999999994,0.000459435418259191,-2.45206801639e-06,-0.00936186343273584,0.000232464609583728
12.3797505777085,3.54125139033922e-05,6.18064964022424e-07,0.999999999999809,0.000185768869413451,-1.27417861368455e-05,-0.00378520380716581,0.00186862168932465
12.3820192264541,7.21736773596183e-06,1.25966830319742e-07,0.999999999999992,-0.000216912439464471,-2.71445035738877e-06,0.00441995958994084,0.000382141478769936
12.3849533333149,4.01154070335342e-06,7.00145933512863e-08,0.999999999999998,-1.90695975378524e-05,-1.57441585374017e-06,0.00038854566576311,0.000214611780556537
12.3892800122944,4.80560125708546e-06,8.38735644741197e-08,0.999999999999996,3.2031429159891e-06,-1.85682985349111e-06,-6.52726955457716e-05,0.000280698095844934
12.3919735707976,-5.84923868897623e-06,-1.02088473857672e-07,0.999999999999995,-6.90395393720708e-05,1.93226034263536e-06,0.00140672281357264,-0.000308417888724233
12.3946671293008,-3.39748481062396e-06,-5.92972962318842e-08,0.999999999999998,1.58864853223529e-05,1.06020655670144e-06,-0.000323755279457247,-0.000183553800105155
12.3984852105808,-7.70751235276218e-06,-1.34521467693834e-07,0.999999999999991,-1.97020875003329e-05,2.59287801595746e-06,0.000401424523695803,-0.000421263785607029
12.4022740504464,3.97002222430859e-06,6.92899591915337e-08,0.999999999999998,5.37925682041331e-05,-1.56030754092762e-06,-0.00109616286362009,0.000184983487270258
12.4051378113243,1.25066160499686e-05,2.18281628354719e-07,0.999999999999976,5.2026574674114e-05,-4.59621312222956e-06,-0.00106011140969344,0.00066119444418566
12.4080015722022,7.19827090301273e-06,1.25633527708077e-07,0.999999999999992,-3.23518982892124e-05,-2.70837214529844e-06,0.00065921739189044,0.000385414676127833
12.4116572427137,6.34216136501176e-06,1.10691597512233e-07,0.999999999999994,-4.08732957432007e-06,-2.40391058136989e-06,8.32847388642602e-05,0.000351369926924606
12.4144168449378,-2.7074393793562e-06,-4.72537314679175e-08,0.999999999999999,-5.72348172503021e-05,8.14385682634637e-07,0.00116621744825881,-0.000141864159799678
12.417176447162,-2.42862583423172e-06,-4.23875171063374e-08,0.999999999999999,1.7633752861462e-06,7.15162423529709e-07,-3.59556381851824e-05,-0.000131305808180274
12.4212848851636,-1.04311525839332e-05,-1.82057957367547e-07,0.999999999999983,-3.3995995608691e-05,3.56107856757693e-06,0.000692700277559029,-0.000567069624493387
12.4251796139367,-8.38146953769496e-07,-1.46284239588384e-08,1,4.29887530460643e-05,1.49221363569238e-07,-0.000876019205127239,-8.39540070491657e-05
12.4278474247602,9.53781047813335e-06,1.66466196274641e-07,0.999999999999986,6.78813574925655e-05,-3.5407387051849e-06,-0.0013831415766932,0.000500470375658981
12.4305152355837,4.59508610688481e-06,8.0199381977788e-08,0.999999999999997,-3.23361812376294e-05,-1.78288688795251e-06,0.000658911719578777,0.000244163105161456
12.4341370070323,6.5111567445814e-06,1.13641123306381e-07,0.999999999999994,9.23353165801432e-06,-2.46429902573361e-06,-0.000188143329156651,0.000353551268504558
12.4378531330838,-5.75923359444426e-06,-1.0051758861452e-07,0.999999999999995,-5.76295607176142e-05,1.89959387282371e-06,0.00117431239899996,-0.000289568313538614
12.4415692591353,-5.96193606832381e-05,-1.04055414185637e-06,0.999999999999459,-0.000252961428166639,2.10543363356941e-05,0.00515449212358901,-0.00317600129154188
12.4445531881147,-3.61784070828802e-05,-6.31432321723055e-07,0.999999999999801,0.000137108430852865,1.27176227630941e-05,-0.00279387131206074,-0.0019568399630365
12.4473853688509,-4.67424948826873e-06,-8.15810436299493e-08,0.999999999999997,0.000194144134612987,1.51353499340912e-06,-0.00395599321277736,-0.000267587380733441
12.4512619817414,4.00571733876553e-05,6.99129564656779e-07,0.999999999999756,0.00020138988089175,-1.43948154845682e-05,-0.00410367269758834,0.00210434131374518
12.4544891640176,6.49950782081392e-05,1.134378112323e-06,0.999999999999357,0.000134869527164189,-2.32634436577274e-05,-0.00274810265243142,0.00348399968924137
12.4570907444571,1.34438393057557e-05,2.34639259994463e-07,0.999999999999972,-0.000345843180047076,-4.92976221822824e-06,0.0070471322590941,0.000729414289927939
12.4605939105944,-3.55850282682271e-06,-6.21075907695819e-08,0.999999999999998,-8.47081865737206e-05,1.11705078456638e-06,0.0017260994099796,-0.000165451974511667
12.4634437894414,-1.23812228319872e-05,-2.16093103841271e-07,0.999999999999977,-5.40323014914287e-05,4.25467510385558e-06,0.0011009676157506,-0.000657762480177695
12.4662936682883,-7.03290335801673e-06,-1.22747319571957e-07,0.999999999999992,3.2754299141409e-05,2.35259206625906e-06,-0.000667425929225558,-0.000379912769471725
12.4699324346314,-6.35540247602682e-06,-1.10922698496068e-07,0.999999999999994,3.24962362540211e-06,2.11163544249219e-06,-6.62193174956395e-05,-0.0003547977641692
12.4727865737952,3.31216578662712e-06,5.78081983485511e-08,0.999999999999998,5.91179641793526e-05,-1.32644510986804e-06,-0.00120459457479997,0.000169992837392981
12.4756407129589,3.60041590574394e-06,6.28391119964055e-08,0.999999999999998,1.76267286184792e-06,-1.4288816661683e-06,-3.58905261529629e-05,0.000190507321863459
12.4796068230229,1.15021981723592e-05,2.00751229324541e-07,0.99999999999998,3.47726399677928e-05,-4.23894098986112e-06,-0.000708517736105953,0.000622411550964067
12.4833622728677,-1.07079828929661e-06,-1.86889557729486e-08,1,-5.84324632648268e-05,2.32723678074501e-07,0.00119071345718055,-2.54442160317128e-05
12.4860996979364,-1.08010814340187e-05,-1.88514433799656e-07,0.999999999999982,-6.20384024275041e-05,3.69311247579512e-06,0.00126410356845783,-0.00057187839006424
12.4888371230051,-5.50242658819898e-06,-9.60354608133502e-08,0.999999999999995,3.37831979563424e-05,1.80872199540886e-06,-0.000688380661789598,-0.000296611015087174
12.4924495423009,-6.49971301925157e-06,-1.13441392620681e-07,0.999999999999994,-4.81835866270128e-06,2.16344140229934e-06,9.81944170491997e-05,-0.000358155659196962
12.4958869430605,6.23651064724001e-06,1.08847644630021e-07,0.999999999999994,6.46677686988792e-05,-2.36599525270378e-06,-0.00131769234130795,0.000318251306414239
12.4993243438202,2.71599772308628e-05,4.74031027445231e-07,0.999999999999888,0.000106238232999027,-9.80705026375492e-06,-0.00216473304433627,0.00144738696100489
12.502557391148,2.4061725169217e-05,4.19956327912813e-07,0.999999999999912,-1.67256133456086e-05,-8.70497646365697e-06,0.000340877719490826,0.00130297271596274
12.5059626576674,5.59821382022845e-07,9.77072633936365e-09,1,-0.000120456240131148,-3.46562507709664e-07,0.00245455499834947,6.52788652834453e-05
12.5086779679625,-1.07335654068333e-05,-1.87336056827405e-07,0.999999999999982,-7.2590887133935e-05,3.66974161738572e-06,0.00147913265467725,-0.00056727863140637
12.5113932782576,-5.49238149921318e-06,-9.58601409368921e-08,0.999999999999995,3.36889364191151e-05,1.80581462992179e-06,-0.000686450823249501,-0.000295665046580348
12.5149568133073,-6.5062858528529e-06,-1.1355611020821e-07,0.999999999999994,-4.96584684161254e-06,2.16648364966675e-06,0.000101211020719329,-0.000357336113838216
12.5185510975168,6.34606908924782e-06,1.10759800166412e-07,0.999999999999994,6.24090631958749e-05,-2.40423802653942e-06,-0.00127166395582334,0.000320747599800567
12.5221453817263,4.32005036494466e-05,7.53991027202598e-07,0.999999999999716,0.000178959478311742,-1.55109356998797e-05,-0.00364653903514308,0.0023010646118265
12.5252273828439,3.01650924073259e-05,5.26480181676155e-07,0.999999999999861,-7.38191963096473e-05,-1.08747571965112e-05,0.00150427541278191,0.00163130380944364
12.5282924796645,3.19364800572326e-06,5.57396728496215e-08,0.999999999999998,-0.000153580958898069,-1.28250615354383e-06,0.00312950996471969,0.00019217092091449
12.5319928294856,-4.83017710053026e-05,-8.43024938586762e-07,0.999999999999645,-0.000242886390446285,1.70315014579156e-05,0.00494926385257163,-0.00255215930528169
12.5349929297604,-4.26675815938657e-05,-7.44689782676217e-07,0.999999999999723,3.27772897253239e-05,1.50276614251312e-05,-0.000667924352278498,-0.00229303958537824
12.5376362580986,-8.45992839661039e-06,-1.47653605003815e-07,0.999999999999989,0.000225865311183165,2.86219494308014e-06,-0.0046023289298295,-0.00046325655148939
12.5418504763027,1.87769884890723e-05,3.27720272743381e-07,0.999999999999946,0.000112802388182029,-6.82440550094349e-06,-0.00229855218092576,0.000943111336754792
12.5442517775073,1.0131285729788e-05,1.76824293445115e-07,0.999999999999984,-6.28392552386506e-05,-3.74925227121688e-06,0.00128061953406181,0.000532804444297368
12.5466530787118,2.73531235958927e-06,4.77402067453278e-08,0.999999999999999,-5.37558913703215e-05,-1.11879546180411e-06,0.00109542976300383,0.000144685019954606
12.5503140741289,5.29424978947826e-06,9.24020902494121e-08,0.999999999999996,1.21993825221733e-05,-2.02864781528682e-06,-0.000248525947138352,0.000285905400078017
12.5555944464459,-3.03541536310052e-06,-5.29779922517232e-08,0.999999999999999,-2.75321651149817e-05,9.34703134973046e-07,0.000561201137408596,-2.83691397995888e-05
12.5576058930452,-6.82842246908643e-07,-1.19178454802719e-08,1,2.04132422832632e-05,9.75097456407387e-08,-0.000416214573939834,-1.74308520590681e-05
12.5596173396445,-1.2099639851239e-07,-2.11178553709637e-09,1,4.87512815232854e-06,-1.02291489230573e-07,-9.93321100050005e-05,-4.59037503010684e-06
12.5629555088813,-3.79187465854655e-06,-6.61806976145729e-08,0.999999999999998,-1.91928292226052e-05,1.20339292070125e-06,0.000391137871486493,-0.000202147195799598
12.5674691284548,-3.87744029640047e-05,-6.76740997216879e-07,0.999999999999771,-0.000135270660198583,1.36447100932156e-05,0.00275639472262123,-0.00209110574008853
12.5717503478385,-7.1739491184933e-05,-1.2520903248822e-06,0.999999999999216,-0.000134389125178482,2.53675128459906e-05,0.00273819248729702,-0.00405878730327475
12.5736373453932,-1.49650528855285e-05,-2.61189445587547e-07,0.999999999999966,0.000525120383330329,5.17742675618844e-06,-0.0106995825399738,-0.000835853744880418
12.575524342948,-2.90701314700917e-06,-5.0736950814072e-08,0.999999999999999,0.000111527698720887,8.89385798345512e-07,-0.00227241468704794,-0.000161867055259441
12.5786691461298,2.50261264031714e-06,4.36788304755626e-08,0.999999999999999,3.00227950151739e-05,-1.03429367416772e-06,-0.000611701070406787,0.00012865113376376
12.5829349424388,3.51632416311572e-05,6.13714342137996e-07,0.999999999999812,0.000133629332103307,-1.26494197203919e-05,-0.00272285060158093,0.00187825976483205
12.5868579177333,9.28465232586384e-05,1.62047752989203e-06,0.999999999998687,0.000256632558750433,-3.31631322971994e-05,-0.00522912102080132,0.00505129771532207
12.5893974015956,4.64634467667863e-06,8.10940127905534e-08,0.999999999999997,-0.000606179680820502,-1.79584307987317e-06,0.012351836403807,0.000274854597161399
12.5919368854579,-3.88052313211382e-06,-6.7727905355189e-08,0.999999999999998,-5.86032147534635e-05,1.23669051458138e-06,0.00119415352051083,-0.000203136071634196
12.5950250693768,-6.13620765279743e-06,-1.07097027127388e-07,0.999999999999994,-1.27483086520486e-05,2.03907487516516e-06,0.000259824020090841,-0.00032905627921052
12.5989355505789,-1.55756075464753e-05,-2.71845634684465e-07,0.999999999999963,-4.21300088254593e-05,5.39627520592164e-06,0.000858513353532295,-0.000849049967535646
12.6022580294722,3.91712489623529e-06,6.8366726651147e-08,0.999999999999998,0.000102397147512346,-1.53592267337357e-06,-0.00208645354931921,0.000185879576816315
12.6055805083654,3.01128399387962e-05,5.25568204058018e-07,0.999999999999862,0.000137608542326635,-1.08518530181795e-05,-0.00280390956397613,0.00159898542914707
12.6085781818188,2.07632125134403e-05,3.62386421650813e-07,0.999999999999934,-5.4436143544155e-05,-7.52643767245395e-06,0.00110933208617681,0.00111890306045244
12.6117129580518,5.42998356074481e-06,9.47710914641622e-08,0.999999999999996,-8.53698351305898e-05,-2.07307768345172e-06,0.00173963293823324,0.000305725692907822
12.6147869363526,-8.39541441381287e-06,-1.46527623590424e-07,0.999999999999989,-7.84972083225465e-05,2.84396014130257e-06,0.00159956816335414,-0.000440748416876449
12.6178609146534,-1.11129984211173e-05,-1.93958412217428e-07,0.999999999999981,-1.54297734031215e-05,3.81060974784351e-06,0.000314462078765677,-0.000595960301944713
12.6213456992814,-1.20982106740853e-05,-2.1115360986271e-07,0.999999999999978,-4.93436452486892e-06,4.16117627832056e-06,0.000100599195617091,-0.000661583439690415
12.6247259053816,6.06890838199243e-06,1.05922433267649e-07,0.999999999999994,9.38037604013074e-05,-2.29955287637424e-06,-0.00191134178306738,0.000302745286413428
12.6281061114818,3.35683300056801e-05,5.8587788299509e-07,0.999999999999828,0.000141989995728021,-1.20791035873543e-05,-0.00289318178273105,0.00178600155555117
12.6311195585146,2.18354778048905e-05,3.81100981441474e-07,0.999999999999927,-6.79543722938769e-05,-7.90609567174254e-06,0.0013847955083376,0.00117901000458952
12.6342805663557,4.09287806389679e-06,7.14341980976498e-08,0.999999999999997,-9.79645729809833e-05,-1.59584550349612e-06,0.00199627792319286,0.000237083806358867
12.6373249823296,-1.03767129470329e-05,-1.81107806460047e-07,0.999999999999984,-8.29525290643436e-05,3.55029435947015e-06,0.00169035371877852,-0.000546728361110659
12.6403693983034,-1.14297324479818e-05,-1.99486463839313e-07,0.99999999999998,-6.03684172495308e-06,3.92497216711529e-06,0.000123070503787608,-0.000613717566202939
12.6438269272985,-1.05036266155274e-05,-1.8332286784106e-07,0.999999999999983,4.67489817770018e-06,3.59582136474933e-06,-9.51982768151038e-05,-0.000576594272372985
12.6471032251844,6.51025866192404e-06,1.13625448807055e-07,0.999999999999994,9.06353228527011e-05,-2.45473175559275e-06,-0.00184676526100489,0.000331203475243003
12.6503795230702,2.26484817594752e-05,3.9529057728071e-07,0.999999999999922,8.59705491639808e-05,-8.19378361889938e-06,-0.00175168805255624,0.00120644108071468
12.6535485064484,1.85542672332759e-05,3.23833053515558e-07,0.999999999999948,-2.25490371002985e-05,-6.73736745731847e-06,0.000459584664155066,0.00100387697376137
12.6570326149511,2.214097314565e-06,3.86432880987239e-08,0.999999999999999,-8.18544443137274e-05,-9.25761777215765e-07,0.00166803234618187,0.000149476192356712
12.6597935436832,-9.96253304851904e-06,-1.73879003535404e-07,0.999999999999985,-7.69749284610652e-05,3.40482863760201e-06,0.0015685266934193,-0.000525589425668769
12.6625544724152,-5.76886294306742e-06,-1.00685652452816e-07,0.999999999999995,2.65104094261663e-05,1.91358224269339e-06,-0.000540124914347942,-0.000309854834285443
12.6661364780726,-7.06313963390179e-06,-1.23275042139693e-07,0.999999999999992,-6.30635231971223e-06,2.37414067691219e-06,0.000128575574208013,-0.000387169935542769
12.6696828141914,6.25894872659937e-06,1.09239262992665e-07,0.999999999999994,6.55646552793547e-05,-2.36345772170929e-06,-0.00133591352876469,0.000316788538122376
12.6732291503102,3.93400757681386e-05,6.86613850138001e-07,0.999999999999764,0.00016280876031132,-1.41280438858182e-05,-0.00331739174462828,0.00209579536022255
12.6763223473892,2.81645725223358e-05,4.91564522931464e-07,0.999999999999879,-6.30575169390589e-05,-1.01531821749206e-05,0.00128503344899977,0.00152358361139384
12.6794397436787,3.11815159360308e-06,5.44220118846818e-08,0.999999999999999,-0.000140226801615147,-1.24538188517796e-06,0.00285744880100063,0.000189591015311081
12.6824095055194,-1.16570516328067e-05,-2.03453932067457e-07,0.999999999999979,-8.68338802176727e-05,4.00944781900519e-06,0.00176944481949039,-0.000615140403015935
12.6853792673602,-1.03220104526729e-05,-1.80153067824411e-07,0.999999999999984,7.84603799656621e-06,3.53486350166635e-06,-0.000159805513974714,-0.000554509248350172
12.6888314113239,-8.87454324176507e-06,-1.54889999179411e-07,0.999999999999988,7.31808085352688e-06,3.02034077765672e-06,-0.000149044399482504,-0.000488093036285457
12.6921087548127,6.53761755659116e-06,1.14102951598702e-07,0.999999999999993,8.20765207257923e-05,-2.46053713927758e-06,-0.00167235382430474,0.000334759946651171
12.6953860983014,2.06288292796433e-05,3.60040991761578e-07,0.999999999999935,7.50418871286347e-05,-7.47156128597489e-06,-0.00152898961123003,0.00109969331894711
12.6986260924399,1.85982541378971e-05,3.24600769828958e-07,0.999999999999947,-1.09383598912894e-05,-6.74901704994347e-06,0.000223007883701019,0.00100749789485873
12.7022165636489,3.74927888735583e-07,6.54372611598689e-09,1,-8.85836496661818e-05,-2.67603927552608e-07,0.00180517061553836,5.91829559528508e-05
12.7048672325877,-9.78699702073386e-06,-1.70815321894681e-07,0.999999999999985,-6.69110523051901e-05,3.3464519892226e-06,0.0013634505101013,-0.000516008857320957
12.7075179015266,-4.51529312981442e-06,-7.88067318079413e-08,0.999999999999997,3.47114604688809e-05,1.47183320540149e-06,-0.000707224790071047,-0.000242265481905592
12.7111222596788,-6.30166942232018e-06,-1.09984879791736e-07,0.999999999999994,-8.65012483971947e-06,2.10744683573772e-06,0.000176345857845482,-0.000344416312444795
12.7148803773258,5.76315244783242e-06,1.00585985509046e-07,0.999999999999995,5.60309402420696e-05,-2.1829948004481e-06,-0.00114164644090638,0.000286649069357947
12.7178377403408,1.39284628036705e-05,2.43097535665609e-07,0.99999999999997,4.8188724020073e-05,-5.0865229479047e-06,-0.000981796327585979,0.000739865009076619
12.7207951033558,8.64595954312141e-06,1.50900461021693e-07,0.999999999999989,-3.11754337146207e-05,-3.20752184869018e-06,0.000635363697216028,0.000465890208860643
12.7244907600185,5.31737741102253e-06,9.28057433935148e-08,0.999999999999996,-1.57197280293912e-05,-2.02329902991742e-06,0.000320436373517674,0.000303457850833456
12.7273721142844,-6.80946011619877e-06,-1.18847499310904e-07,0.999999999999993,-7.34561678881712e-05,2.28969781822147e-06,0.00149686447762337,-0.000357422707546674
12.7302534685504,-5.93723071336725e-06,-1.0362422439879e-07,0.999999999999995,5.28337493658762e-06,1.97974316644104e-06,-0.000107572559002553,-0.0003182584703556
12.7339348744994,-9.55925252720239e-06,-1.6684043062927e-07,0.999999999999986,-1.7171756417267e-05,3.26818861960315e-06,0.000349987333911967,-0.000521967170275805
12.7374555229201,5.39031576110548e-06,9.40787577534346e-08,0.999999999999996,7.41111173866096e-05,-2.04817161944484e-06,-0.00151005144615,0.000266872489231069
12.7409761713408,4.27451660554588e-05,7.46043886979405e-07,0.999999999999722,0.000185183253571893,-1.53326185366709e-05,-0.00377329552111998,0.00227413807135865
12.7439750414748,2.74423922309394e-05,4.78960099053587e-07,0.999999999999885,-8.90614718192045e-05,-9.88990258066628e-06,0.00181492219164639,0.00148177411885699
12.7469720632854,4.55866867187276e-06,7.95637778316965e-08,0.999999999999997,-0.000133264402615984,-1.75123220784442e-06,0.00271558596735271,0.000260203939535027
12.7501101674196,-1.07597753829809e-05,-1.8779350720805e-07,0.999999999999982,-8.51970723764013e-05,3.69689331763875e-06,0.00173612005613126,-0.000565802079833252
12.7532482715537,-1.49263773287602e-05,-2.60514429781899e-07,0.999999999999966,-2.31735211661878e-05,5.17895773744909e-06,0.000472280190989742,-0.000800637573110647
12.7566281582594,-1.22236630694175e-05,-2.13343167215769e-07,0.999999999999977,1.39564626491708e-05,4.21803997208127e-06,-0.000284304726473651,-0.000669848568388195
12.7598900297762,6.62781952670583e-06,1.15677272968989e-07,0.999999999999993,0.00010086860824621,-2.48596246914706e-06,-0.00205526257136536,0.000336084789816511
12.7631519012931,2.39339935355433e-05,4.17726990346257e-07,0.999999999999913,9.26001272015149e-05,-8.64030616107078e-06,-0.00188675233223987,0.00127475429837097
12.7662645863503,1.80148381477852e-05,3.14418239892723e-07,0.999999999999951,-3.3189593086537e-05,-6.53480645054454e-06,0.000676425552815232,0.000974338466559154
12.7696892562726,2.99254837811493e-06,5.22298222233218e-08,0.999999999999999,-7.65587410222934e-05,-1.19184115613439e-06,0.00156014022244728,0.000186817502986961
12.7725270614325,-9.98641335768605e-06,-1.74295793556763e-07,0.999999999999985,-7.98242314079814e-05,3.42418292726107e-06,0.00162661769331858,-0.000526456417530393
12.7753648665925,-6.84461842740576e-06,-1.19461127600907e-07,0.999999999999993,1.93229143175095e-05,2.30708924247456e-06,-0.000393647069412944,-0.00036732321116077
12.7789275577826,-7.78935586689568e-06,-1.35949906486866e-07,0.999999999999991,-4.62818077860746e-06,2.64340381994492e-06,9.4399025772562e-05,-0.000427082052843427
12.7823664144234,6.33875304126305e-06,1.10632111040844e-07,0.999999999999994,7.17046516562629e-05,-2.38077204487069e-06,-0.00146100183565057,0.000322601161529614
12.7858052710643,3.05473337538835e-05,5.33151551710842e-07,0.999999999999858,0.000122866256083894,-1.09898669516613e-05,-0.00250347595317958,0.00162807790477523
12.7889551162705,2.3955503158688e-05,4.18102404090995e-07,0.999999999999913,-3.65253338138495e-05,-8.64509547000369e-06,0.000744408479823936,0.00129687721869409
12.7922477247653,2.24863452896038e-06,3.92460762043904e-08,0.999999999999999,-0.000115062670974507,-9.24852830649474e-07,0.00234471928609629,0.000148636684107513
12.7950901390925,-1.10091303824275e-05,-1.92145572954701e-07,0.999999999999982,-8.14067277059582e-05,3.79032621244692e-06,0.00165886408537707,-0.000580844860915965
12.7979325534196,-7.3852172632656e-06,-1.28896357219109e-07,0.999999999999992,2.2251933903901e-05,2.50177810290345e-06,-0.000453328741425373,-0.000396437066858149
12.8014580215879,-7.53928846668083e-06,-1.31585407001215e-07,0.999999999999991,-7.62749698414099e-07,2.55690657509135e-06,1.56372060551543e-05,-0.000413898855675962
12.8048586170478,6.45599703064612e-06,1.12678404683752e-07,0.999999999999994,7.1829717637731e-05,-2.42001912936265e-06,-0.00146354535937547,0.00033009483918935
12.8082592125077,2.69362213554266e-05,4.70125750698186e-07,0.99999999999989,0.000105113163335421,-9.70315847540605e-06,-0.00214172471613298,0.00143625511489766
12.81145605507,2.25407694804072e-05,3.93410643366148e-07,0.999999999999923,-2.39971490110661e-05,-8.13949970036051e-06,0.000489125987464463,0.00122117689415662
12.8148568427711,1.12599640570734e-06,1.9652344645215e-08,1,-0.000109903449310519,-5.23088826329134e-07,0.00223960198151257,9.37425105492169e-05
12.8176083630742,-1.07113987082358e-05,-1.86949174952581e-07,0.999999999999983,-7.50863147779383e-05,3.68691851572187e-06,0.00153006588295222,-0.000565101291789562
12.8203598833773,-5.91724712771741e-06,-1.03275445032846e-07,0.999999999999995,3.04099990921096e-05,1.98218789463716e-06,-0.000619559528291689,-0.00031746703775466
12.8239223323034,-6.79541470566246e-06,-1.18602360652251e-07,0.999999999999993,-4.30235378453497e-06,2.29485288222287e-06,8.77668688230962e-05,-0.000372411500663694
12.8274487250401,6.37224566716476e-06,1.11216667637968e-07,0.999999999999994,6.51711381717799e-05,-2.38773170677343e-06,-0.00132786814704113,0.000324240004223245
12.8309751177768,3.64252943919611e-05,6.35741318147904e-07,0.999999999999798,0.000148742550724401,-1.30753264760923e-05,-0.00303074432355398,0.00194157439080526
12.8341015831735,2.72764278588219e-05,4.76063474319131e-07,0.999999999999887,-5.10729605377237e-05,-9.82114261347118e-06,0.00104085075307218,0.00147675311908566
12.8372849767441,2.46509288390817e-06,4.302398719168e-08,0.999999999999999,-0.000136030772670909,-9.96851284174543e-07,0.00277197623653217,0.000157968067943478
12.8401887280418,-1.15933690752599e-05,-2.02342461762175e-07,0.99999999999998,-8.44998155125566e-05,4.0031217409267e-06,0.00172190126233709,-0.000611686643632341
12.8430924793396,-8.7878091295654e-06,-1.53376203347733e-07,0.999999999999988,1.68631034112522e-05,3.00562809072015e-06,-0.000343518968370658,-0.00047175664786926
12.8465782490264,-8.03957403246354e-06,-1.40317037324326e-07,0.99999999999999,3.74642251113812e-06,2.73986732966614e-06,-7.62416295194755e-05,-0.000441805700683818
12.8498982069291,6.47912871867624e-06,1.13082128801422e-07,0.999999999999994,7.63260178458932e-05,-2.42318899750237e-06,-0.00155515716721521,0.000332315644285485
12.8532181648317,2.20554004160131e-05,3.84939355105146e-07,0.999999999999926,8.18857450229211e-05,-7.96228415682304e-06,-0.00166842331190076,0.00117633889996726
12.8564623793589,1.98996066069217e-05,3.47313655142393e-07,0.99999999999994,-1.15977841933428e-05,-7.1951306715062e-06,0.000236468174005605,0.00107864322729639
12.8600137874831,8.279263540449e-08,1.44500408421158e-09,1,-9.7389159161158e-05,-1.46945450550037e-07,0.0019846170798681,4.40626634809952e-05
12.8626699398512,-1.00463380036634e-05,-1.75341675932159e-07,0.999999999999985,-6.65574317724984e-05,3.455502332771e-06,0.00135626548634871,-0.000529451913601493
12.8653260922193,-4.64877955905959e-06,-8.11365095049999e-08,0.999999999999997,3.54667780203345e-05,1.53617856339661e-06,-0.000722595507860888,-0.000249063693667179
12.8689222089887,-6.2886191338926e-06,-1.0975710929034e-07,0.999999999999994,-7.95875151460169e-06,2.11974811679345e-06,0.000162277698643881,-0.000343462331627617
12.8726559912466,5.89494330733686e-06,1.02886169931432e-07,0.999999999999995,5.69511729759004e-05,-2.21284760406657e-06,-0.00116037717832598,0.000294805301472744
12.8756346353912,1.4251561916569e-05,2.4873667899596e-07,0.999999999999969,4.89654023720849e-05,-5.18435702367447e-06,-0.00099760470715372,0.000757692210021335
12.8786132795358,9.07613569413579e-06,1.5840845122045e-07,0.999999999999987,-3.03252833805905e-05,-3.34337788660213e-06,0.000618059441708754,0.000489693311029751
12.8823087222447,5.09056235284856e-06,8.88470738352765e-08,0.999999999999996,-1.88235572472792e-05,-1.92543147323392e-06,0.000383701365454839,0.000292937819076491
12.8851766064298,-7.20450639070677e-06,-1.25742357498806e-07,0.999999999999992,-7.48249990196013e-05,2.44743842028405e-06,0.00152477213561336,-0.000378079991773935
12.8880444906148,-5.96092525658592e-06,-1.04037772192712e-07,0.999999999999995,7.56815265389728e-06,2.00546423383235e-06,-0.000154111588172539,-0.000319222443847963
12.8917114347537,-9.19860708548907e-06,-1.60545980239063e-07,0.999999999999987,-1.54101633146408e-05,3.15728550856189e-06,0.000314109304940273,-0.000502159066482274
12.8952287483341,5.55614043290462e-06,9.69729442573685e-08,0.999999999999995,7.32146618749783e-05,-2.08972762321408e-06,-0.00149176722855516,0.000276821897168773
12.8987460619145,4.14761775657515e-05,7.23895859664107e-07,0.999999999999738,0.000178239130824812,-1.48638409168527e-05,-0.0036317811880244,0.0022075315651176
12.9017630846887,2.72511534307335e-05,4.75622352332431e-07,0.999999999999887,-8.22908959971529e-05,-9.80436836575162e-06,0.00167697525997738,0.00147230395654296
12.9047889351194,4.36568870881051e-06,7.61956420858832e-08,0.999999999999997,-0.000132004776638079,-1.66502510806141e-06,0.00268993575329203,0.000251352567448892
12.9078937109749,-1.09469803592109e-05,-1.9106085041938e-07,0.999999999999982,-8.60791583494103e-05,3.78108259087581e-06,0.00175410656111759,-0.000575712381442287
12.9109984868304,-1.38747739138713e-05,-2.42160487766872e-07,0.999999999999971,-1.64583981986732e-05,4.82262163630645e-06,0.000335463522619387,-0.000744068958032543
12.914393624561,-1.14664076772474e-05,-2.00126567343921e-07,0.99999999999998,1.23806230435996e-05,3.96643926270668e-06,-0.000252178981105102,-0.000628434377606462
12.9176552158363,6.63171222806582e-06,1.15745213424517e-07,0.999999999999993,9.68459117350043e-05,-2.4695902553941e-06,-0.00197327898401536,0.000337541010793512
12.9209168071117,2.29823100700134e-05,4.01116980435972e-07,0.99999999999992,8.7494643847007e-05,-8.28405116825304e-06,-0.00178270679002558,0.00122470571748732
12.9240580440544,1.80235418715335e-05,3.14570148529315e-07,0.99999999999995,-2.7551831804857e-05,-6.52005876220127e-06,0.000561559805320173,0.000975540808409704
12.9275235224309,2.55073280900925e-06,4.45186858558551e-08,0.999999999999999,-7.7926171610532e-05,-1.01681052476234e-06,0.0015880197882304,0.000165996011604452
12.9303174093942,-9.96907258996762e-06,-1.73993140065253e-07,0.999999999999985,-7.82106895480162e-05,3.4359360347255e-06,0.00159374613859953,-0.000525274059386666
12.9331112963575,-6.2000810824238e-06,-1.08211828778909e-07,0.999999999999994,2.35447289563868e-05,2.09581754881935e-06,-0.000479660953895485,-0.000332367607433323
12.9366876871825,-7.36575305277507e-06,-1.28556642659748e-07,0.999999999999992,-5.68864390845808e-06,2.51075290753677e-06,0.000116020697687224,-0.000403300690570845
12.9401822906407,6.29066475787092e-06,1.09792812164019e-07,0.999999999999994,6.82050074277592e-05,-2.34563192007628e-06,-0.00138968122869973,0.000319819655218942
12.9436768940989,3.47084371571184e-05,6.0577650661322e-07,0.999999999999816,0.000141928462093484,-1.24516382099424e-05,-0.00289188928321629,0.00184995833171784
12.9468000370774,2.60607366435493e-05,4.54845659925056e-07,0.999999999999897,-4.83265888649193e-05,-9.37567619685496e-06,0.000984893113848958,0.00141083457871551
12.9500039138422,2.65838627823901e-06,4.63975933451088e-08,0.999999999999999,-0.000127485573438043,-1.05244955805197e-06,0.00259786104458119,0.000168238128862178
12.952907246677,-1.13732114678246e-05,-1.98499986639115e-07,0.99999999999998,-8.4350501274884e-05,3.93798726861382e-06,0.00171886487378526,-0.000599722420031285
12.9558105795118,-8.68429890878007e-06,-1.51569609185562e-07,0.999999999999989,1.616431188696e-05,2.98199431418637e-06,-0.000329274323275908,-0.000465938780349831
12.9593018130795,-8.11349277266882e-06,-1.41607162719834e-07,0.99999999999999,2.85356057464634e-06,2.77935316401802e-06,-5.80428511119861e-05,-0.000445482464697982
12.9626328869281,6.48149437699888e-06,1.13123417328129e-07,0.999999999999994,7.64710095375725e-05,-2.4108170317309e-06,-0.00155810721455589,0.000332334042467258
12.9659639607767,2.29111382622309e-05,3.9987479805557e-07,0.99999999999992,8.60837657041103e-05,-8.25338724636868e-06,-0.00175395997812032,0.00122207021697041
12.9691938589449,2.0235943494899e-05,3.53183841233509e-07,0.999999999999938,-1.44558603372248e-05,-7.30149952482345e-06,0.000294711372307417,0.00109689438055874
12.9727127690608,4.51013819619508e-07,7.87167612435621e-09,1,-9.81304306540945e-05,-2.6465219304318e-07,0.00199972352232776,6.21603637828471e-05
12.9753935758328,-1.01753353467997e-05,-1.77593104296213e-07,0.999999999999984,-6.9182449984056e-05,3.51464977922051e-06,0.0014097629160527,-0.000536184600179667
12.9780743826048,-4.93206022100689e-06,-8.60806897632092e-08,0.999999999999996,3.41361471811152e-05,1.65020837146253e-06,-0.000695477729776628,-0.00026412722053158
12.9816648127192,-6.42135217940248e-06,-1.12073737960687e-07,0.999999999999994,-7.23953603582849e-06,2.18024849410988e-06,0.000147625801298395,-0.000350802693826086
12.9853402830961,6.06755597467194e-06,1.05898829307079e-07,0.999999999999994,5.93046725770039e-05,-2.26092459039743e-06,-0.00120832781361408,0.000305457134253831
12.989015753473,5.337589469463e-05,9.31585103618932e-07,0.999999999999566,0.000224647783724296,-1.90851515619295e-05,-0.00457743506173521,0.00284305845750629
12.9920356532909,3.40281102691722e-05,5.93902562428715e-07,0.999999999999824,-0.000111819120353234,-1.22037835910723e-05,0.00227867425605077,0.00184004209186693
12.9949493897471,4.16112080878132e-06,7.26252586864834e-08,0.999999999999997,-0.000178903381132697,-1.5815708172861e-06,0.00364556401496592,0.000240709061856093
12.9987359668091,-4.1700348792476e-05,-7.27808385658683e-07,0.999999999999735,-0.000211387126484196,1.47291064970042e-05,0.00430749910731102,-0.00219692579618143
13,-9.00287588788764e-06,-1.57129826392047e-07,0.999999999999988,0.000451474346844685,3.10062724455608e-06,-0.00919950467745271,-0.000470429903811433
13.0029393772297,-9.61619773131967e-06,-1.67834311934336e-07,0.999999999999986,-3.64175289718796e-06,3.31903839121076e-06,7.43052454940938e-05,-0.000514239525865823
13.0063398111172,-9.87111606738588e-06,-1.72283476222397e-07,0.999999999999985,-1.30841076028715e-06,3.41004963342883e-06,2.6764596880536e-05,-0.000537502291977887
13.010785381296,1.90546651298866e-05,3.32566644381468e-07,0.999999999999945,0.000113562512862441,-6.87702196664844e-06,-0.00231400499519196,0.000926721384597618
13.0130016683235,7.39613798337911e-06,1.29086959741779e-07,0.999999999999992,-9.18110705499474e-05,-2.73008877922191e-06,0.0018711173850643,0.000382839087404249
13.015217955351,1.76518887356308e-06,3.08083577632456e-08,1,-4.43438059960563e-05,-7.27176389779047e-07,0.000903724276053008,9.28460446324876e-05
13.0187054204493,4.68515872625335e-06,8.17714457516646e-08,0.999999999999997,1.46132180686308e-05,-1.76520424150624e-06,-0.00029764537349167,0.000251384037284042
13.0235027711835,3.29856359432157e-05,5.75707953073268e-07,0.999999999999834,0.000102960265922515,-1.18291364469467e-05,-0.00209781038805374,0.00181215257102186
13.0259506597262,-1.57836387089185e-08,-2.75476463415855e-10,1,-0.000235298061778272,-9.24460796049124e-08,0.00479461795862515,1.01398164388586e-05
13.0283985482688,-1.45150731100303e-06,-2.53335816937722e-08,1,-1.02366201702735e-05,4.1839438791397e-07,0.000208686163040802,-7.58142793103188e-05
13.0320829809961,-6.52592672701264e-06,-1.13898908130267e-07,0.999999999999994,-2.40377102780253e-05,2.22348359666152e-06,0.000489923237137006,-0.000349372874332913
13.0368059041197,-4.91888053851969e-05,-8.58506609094298e-07,0.999999999999632,-0.000157658230183239,1.73963329326579e-05,0.00321259714350624,-0.00268732426431088
13.0393076945844,-1.13362251847543e-06,-1.97854454221465e-08,1,0.000335248365325209,3.06544318067184e-07,-0.00683102316353823,-7.58638621493418e-05
13.0418094850491,2.19466884851277e-06,3.83041973975005e-08,0.999999999999999,2.32192278448596e-05,-8.76760867679806e-07,-0.00047298333031875,0.000114720078639975
13.0452624088154,6.58706716980597e-06,1.14966010163138e-07,0.999999999999993,2.22019997990583e-05,-2.4384441467914e-06,-0.000452278528229241,0.000352683171019497
13.0496466822301,3.14458644333551e-05,5.488338704978e-07,0.999999999999849,9.89600372282279e-05,-1.12784986539732e-05,-0.00201631004070096,0.0017170692765921
13.0524047649637,-1.96194765127413e-06,-3.42424462665031e-08,0.999999999999999,-0.000211406390989985,6.0285358949106e-07,0.00430783025421142,-8.90075004983909e-05
13.0551628476973,-5.875704144489e-06,-1.0255038319441e-07,0.999999999999995,-2.4766456819986e-05,1.99499635489916e-06,0.000504750183322396,-0.000310945450115207
13.0584941571927,-9.1407765337234e-06,-1.59536646702507e-07,0.999999999999987,-1.71062651448586e-05,3.15654367027924e-06,0.000348675893662811,-0.000491913300169063
13.0625607717101,-1.52356993820479e-05,-2.65913118060798e-07,0.999999999999965,-2.61584841406251e-05,5.32443825731846e-06,0.000533095669084639,-0.000850651010979761
13.0649110172241,6.55875686305203e-07,1.14471902098033e-08,1,0.000118013333759089,-3.26791310217962e-07,-0.00240452732859032,2.87134579015443e-05
13.0672612627382,7.02712396550984e-07,1.22646450143947e-08,1,3.47816770498753e-07,-3.4314048745327e-07,-6.95636993550772e-06,3.67434965735171e-05
13.0713502005989,6.53146589607381e-06,1.1399558486821e-07,0.999999999999993,2.48795514433685e-05,-2.41558581735476e-06,-0.000506841972294227,0.000349658435627875
13.0766302290198,0.000104569125307256,1.82507553254112e-06,0.999999999998335,0.000324066427542879,-3.72803867287149e-05,-0.00660314644777271,0.00570653802275094
13.0788352290837,1.11564527759997e-05,1.94716833784455e-07,0.999999999999981,-0.000739391678672613,-4.05942336782024e-06,0.0150661960985949,0.000616709328576605
13.0810402291477,8.40731042164094e-07,1.46735248094867e-08,1,-8.16522919515891e-05,-3.90579427935901e-07,0.00166387475441202,4.8329255196435e-05
13.0845124576305,-4.13594064782193e-06,-7.21857819715599e-08,0.999999999999997,-2.50154352492762e-05,1.37973049743391e-06,0.000509848339232921,-0.000217512446628276
13.0890264795384,-5.6033350313651e-05,-9.77966453896451e-07,0.999999999999522,-0.000200659343350275,1.98369416553658e-05,0.00408886167018417,-0.00300742147450194
13.0929093550925,-9.70741639113057e-05,-1.69426377887213e-06,0.999999999998565,-0.000184475993371044,3.44323582308601e-05,0.00375891948433211,-0.00534158073239637
13.0950501060611,-1.04738173139037e-05,-1.82802597380007e-07,0.999999999999983,0.000706042507377822,3.63481360979191e-06,-0.0143863275429022,-0.000583810485630104
13.0971908570296,-9.16791244542016e-07,-1.60010257707147e-08,1,7.79173168954701e-05,2.3632025034174e-07,-0.00158752391539623,-5.25730245914306e-05
13.1005212155238,3.55864945871226e-06,6.21101499788429e-08,0.999999999999998,2.34542845420193e-05,-1.35493012805924e-06,-0.000477801528327703,0.000187371363340802
13.1049602167992,4.33678981151607e-05,7.56912611778925e-07,0.999999999999714,0.000156522248742873,-1.5512084193565e-05,-0.00318926559988157,0.00232785128900563
13.1089733816476,9.27217707279917e-05,1.61830018748205e-06,0.999999999998691,0.000214640466626062,-3.30630509550308e-05,-0.00437334807428788,0.00510261685038849
13.1111120507188,1.00549606660848e-05,1.754921697817e-07,0.999999999999985,-0.000674628925595982,-3.66389747425016e-06,0.0137464715213967,0.000560616109548196
13.1132507197899,8.89226581425779e-07,1.55199316421333e-08,1,-7.47999025630882e-05,-4.04058915762333e-07,0.00152423701375955,5.11998615761986e-05
13.1166125596886,-3.60625639992956e-06,-6.29410478498882e-08,0.999999999999998,-2.33387019775091e-05,1.1951002172138e-06,0.000475679741201001,-0.000189592413527725
13.1210865819257,-4.62919553443518e-05,-8.07947037945036e-07,0.999999999999674,-0.000166518168803904,1.63762672479629e-05,0.00339318095139528,-0.00248442492807353
13.1250809683414,-9.64088931696025e-05,-1.68265261401224e-06,0.999999999998584,-0.000218983714903257,3.41995155700973e-05,0.00446207413787106,-0.00530445736235339
13.1272125572845,-1.07005713848421e-05,-1.86760202510182e-07,0.999999999999983,0.000701773396002105,3.71919963002709e-06,-0.0142993404231461,-0.000595544182800903
13.1293441462276,-1.00839456574987e-06,-1.75998053315536e-08,1,7.93588265334186e-05,2.72635536661121e-07,-0.00161689902946322,-5.73813489650021e-05
13.1326916867443,3.52160545659636e-06,6.14636101738047e-08,0.999999999999998,2.36183595423602e-05,-1.33802230405887e-06,-0.000481146630697585,0.000185277832059542
13.1371513657164,4.55852913239033e-05,7.95613424082834e-07,0.999999999999683,0.00016461943079177,-1.6296949237435e-05,-0.00335426092927256,0.00244596275558103
13.1411366553148,9.68106846901205e-05,1.68966519895187e-06,0.999999999998572,0.00022433796912219,-3.45135147480644e-05,-0.00457095151075706,0.00532028483647599
13.1433010667902,9.93002116209811e-06,1.73311564071325e-07,0.999999999999985,-0.000700584732683954,-3.61574199799329e-06,0.0142753691254428,0.00055430178584502
13.1454654782656,7.28328075873223e-07,1.27117229587028e-08,1,-7.42002354640556e-05,-3.43116840670175e-07,0.00151201617371888,4.27088133244551e-05
13.1488081970896,-3.72612463439507e-06,-6.50331432098639e-08,0.999999999999998,-2.32579736023232e-05,1.24144114886885e-06,0.000474032688050975,-0.000196172077236697
13.1532484596056,-4.32557475299547e-05,-7.54955214809043e-07,0.999999999999715,-0.00015537866716483,1.53001677777936e-05,0.00316619266951917,-0.00232300967965864
13.1572790195811,-8.89312150383575e-05,-1.55214251021781e-06,0.999999999998795,-0.000197785741993316,3.15438478392148e-05,0.00403012984796832,-0.00490625036812188
13.1593629160365,-1.09923416276788e-05,-1.91852553907026e-07,0.999999999999982,0.00065276273817335,3.82665601921342e-06,-0.0133006569246169,-0.000610735108831879
13.1614468124919,-1.29128250636721e-06,-2.25371313095124e-08,1,8.1249441236358e-05,3.76922398559493e-07,-0.00165542467893603,-7.23783855820258e-05
13.1648222967998,3.30689451490741e-06,5.7716197301275e-08,0.999999999999998,2.37753523024467e-05,-1.25798710929322e-06,-0.000484348128665569,0.000173453803995133
13.1693323795273,5.07855724708131e-05,8.86375452125765e-07,0.999999999999607,0.000183734823702191,-1.81427109318194e-05,-0.00374377252981828,0.00272183348850627
13.173256259949,0.000108699877660656,1.89717076169234e-06,0.9999999999982,0.000257600946244884,-3.87381418121848e-05,-0.00524874070238099,0.00595188466006685
13.1754931209268,9.75232905815666e-06,1.7021025180275e-07,0.999999999999986,-0.00077204641998011,-3.54887485804134e-06,0.0157315395563909,0.000546163487532464
13.1777299819045,2.27394509760424e-07,3.96878289627778e-09,1,-7.43190884715707e-05,-1.61293589213679e-07,0.00151443531916984,1.62904281867387e-05
13.1810108447302,-4.07879783956565e-06,-7.11884518236519e-08,0.999999999999997,-2.29077650341705e-05,1.37051925286813e-06,0.000466893291025114,-0.000215521908318524
13.1853394690774,-3.50610632040719e-05,-6.11930992160848e-07,0.999999999999813,-0.000124922491989717,1.23894410443546e-05,0.00254559437541909,-0.00188656440920649
13.1894732985632,-6.674205347452e-05,-1.16486858267223e-06,0.999999999999322,-0.00013375916747597,2.36561381012703e-05,0.0027254866451431,-0.00372139641888523
13.191341851161,-1.34726002590308e-05,-2.35141233325126e-07,0.999999999999972,0.000497565522358662,4.71234140439028e-06,-0.0101382196679015,-0.00074397653954521
13.1932104037587,-2.58367286923248e-06,-4.50935983625556e-08,0.999999999999999,0.000101708474887352,8.40129657496589e-07,-0.00207230545802376,-0.000141606538271699
13.1966471120477,2.51119075391544e-06,4.3828546801463e-08,0.999999999999999,2.58742196560855e-05,-9.71430637810101e-07,-0.000527120762938757,0.000129012042488827
13.20123665572,6.94606272169153e-05,1.21231664543526e-06,0.999999999999265,0.00025459788207124,-2.47807875034832e-05,-0.00518773947168539,0.00370685188927125
13.2040269844304,2.57692240065178e-05,4.49757804597685e-07,0.999999999999899,-0.000273286383070023,-9.24196044105369e-06,0.00556881596228833,0.0013947002877497
13.2068173131408,2.56667416677108e-06,4.47969150360373e-08,0.999999999999999,-0.000145130173392951,-9.89941591853772e-07,0.00295736442035824,0.000148270132271071
13.2107353404596,-3.06644775594473e-05,-5.35196096816244e-07,0.999999999999857,-0.000148031895814216,1.08288743846845e-05,0.00301652209515213,-0.00161497581411361
13.2134918412252,-1.76906832797406e-05,-3.08760670158977e-07,0.999999999999952,8.21459690763962e-05,6.21504194190528e-06,-0.00167380053008159,-0.000947562520775308
13.2162483419909,-4.92429586760665e-06,-8.59451762320868e-08,0.999999999999996,8.08327342768807e-05,1.67510001403134e-06,-0.00164699461882443,-0.000267803881959665
13.2205582267126,6.98323259631156e-06,1.21880401238228e-07,0.999999999999993,4.82206812689718e-05,-2.55939089929762e-06,-0.000982506769154332,0.000336336130841878
13.2231391393705,9.20305934537799e-06,1.60623686833279e-07,0.999999999999987,1.50114671556725e-05,-3.34839153541237e-06,-0.000305706058557772,0.000486581157778022
13.2257200520283,3.308393730182e-06,5.77423635440127e-08,0.999999999999998,-3.98623808427396e-05,-1.25169971921291e-06,0.000812383871193047,0.000177454192110059
13.2295119366318,5.89126277943828e-06,1.0282193260139e-07,0.999999999999995,1.18884337924112e-05,-2.16981681488111e-06,-0.000242126855552669,0.000322435956000484
13.2331171558263,-5.64011300468378e-06,-9.84385421162822e-08,0.999999999999995,-5.58247540194879e-05,1.93163559520332e-06,0.00113764300832931,-0.000285582252406734
13.2367223750208,-4.00649979626591e-05,-6.99266129253164e-07,0.999999999999756,-0.000166654939610439,1.41748269260159e-05,0.00339596309416895,-0.00213480756089498
13.2398597950461,-3.13329562636422e-05,-5.46863251183909e-07,0.99999999999985,4.85758606887244e-05,1.10695569512145e-05,-0.000989752710760861,-0.00169568127019785
13.2429561151343,-3.30811240834272e-06,-5.77374535516595e-08,0.999999999999998,0.000157970036588493,1.10312849650324e-06,-0.00321879785378029,-0.00020183220563517
13.2466139100397,5.00615572684272e-05,8.73739003009642e-07,0.999999999999618,0.000254655189984999,-1.78768732903224e-05,-0.005188919083132,0.00264455420049555
13.2495571934282,3.9073167666943e-05,6.81955424971893e-07,0.999999999999768,-6.51597392188899e-05,-1.39684217470227e-05,0.00132792226486082,0.0020986993304146
13.2521946449862,7.76074448948487e-06,1.35450543747517e-07,0.999999999999991,-0.000207209447908908,-2.83220917453004e-06,0.0042223382411013,0.000423862552521073
13.2564426425307,-1.70612824455376e-05,-2.97775553287336e-07,0.999999999999956,-0.000101983603449279,5.99620428415527e-06,0.00207825295710291,-0.000855038966861807
13.2588585731243,-9.9110035332116e-06,-1.72979643831333e-07,0.999999999999985,5.1655419981439e-05,3.45326965025539e-06,-0.00105256940769962,-0.000522274775934701
13.2612745037178,-2.72719177961938e-06,-4.75984758876817e-08,0.999999999999999,5.1897669692257e-05,8.98642540668407e-07,-0.00105740914759873,-0.000145279796428789
13.2649547643121,-5.33715540370489e-06,-9.31509344852574e-08,0.999999999999996,-1.23775089918474e-05,1.82721655571474e-06,0.000252312028256657,-0.000289374004348179
13.2702772070781,7.54128781010393e-06,1.31620302126826e-07,0.999999999999991,4.22308414559954e-05,-2.75307812457238e-06,-0.000860562505151718,0.000257616467068808
13.2722618594471,7.31365716324389e-07,1.27647397860674e-08,1,-5.98873456103701e-05,-3.30309783828948e-07,0.00122075199593926,1.72195744840381e-05
13.2742465118162,4.53200255173584e-08,7.9098366236575e-10,1,-6.03317553770474e-06,-8.60111565977795e-08,0.000123093913595618,-6.87780115564313e-07
13.2775316302124,3.70499024376122e-06,6.46642785079006e-08,0.999999999999998,1.94432246089473e-05,-1.38717815262293e-06,-0.000396079178608941,0.000196509802950978
13.2819768218442,3.53588393755607e-05,6.1712816678731e-07,0.99999999999981,0.00012428348067946,-1.26439768821979e-05,-0.0025323539820435,0.00190508415987097
13.2862518239779,7.10822176060389e-05,1.24061873684414e-06,0.99999999999923,0.000145845674588124,-2.53471607014837e-05,-0.00297150350384767,0.00399828104659293
13.2881524913173,1.40302318080531e-05,2.44873739868561e-07,0.99999999999997,-0.000523892306837545,-5.05794501354399e-06,0.0106747852542176,0.000780943343728058
13.2900531586567,2.6361741389034e-06,4.60099183797906e-08,0.999999999999999,-0.000104628420431627,-1.00571211815072e-06,0.00213200532853087,0.000145888984100443
13.2932831273394,-2.57633636263187e-06,-4.49655521667807e-08,0.999999999999999,-2.81660534464955e-05,8.48397452017861e-07,0.000574033296396016,-0.000133230770500277
13.2976485455758,-4.24534759806067e-05,-7.40952934777847e-07,0.999999999999725,-0.000159432005118923,1.50307174036854e-05,0.00324878835971054,-0.00226858827013188
13.3,-7.49097347511241e-06,-1.30742151320273e-07,0.999999999999991,0.000259503555405277,2.59689725003086e-06,-0.00528771471205428,-0.000402976911060119
13.3033933723808,-4.03656426235012e-06,-7.04513368463457e-08,0.999999999999998,1.77672261421305e-05,1.36868909887661e-06,-0.000361943227365131,-0.000224827537174213
13.3063786561582,3.40330489848609e-06,5.93988759278337e-08,0.999999999999998,4.34967736588742e-05,-1.27688796067891e-06,-0.000886206222524407,0.000177472172724102
13.3093639399356,4.36725439418544e-06,7.62229684507261e-08,0.999999999999997,5.63567612905541e-06,-1.61937279059211e-06,-0.00011472437980706,0.000233644341628284
13.3133942157781,1.38207950507019e-05,2.41218378878082e-07,0.999999999999971,4.09389870268678e-05,-4.98093753533755e-06,-0.000834078082042764,0.000752211897567099
13.3167987860255,-3.43683630432851e-06,-5.99841093626063e-08,0.999999999999998,-8.84700465395446e-05,1.15696073938683e-06,0.00180284083704491,-0.000160516329283012
13.320203356273,-3.53433085655098e-05,-6.1685710301642e-07,0.99999999999981,-0.000163566310334737,1.25044499558148e-05,0.00333301661931205,-0.00187706923260035
13.3231823383162,-2.37636077496947e-05,-4.147531973846e-07,0.999999999999914,6.78432775694713e-05,8.38642881516168e-06,-0.00138235849727319,-0.00128102180650736
13.3262082565012,-5.52548207002276e-06,-9.64378548818088e-08,0.999999999999995,0.000105196281936075,1.90051793961118e-06,-0.00214345216197255,-0.00030996286296516
13.3293414407286,8.3080224019956e-06,1.45002345244271e-07,0.999999999999989,7.70590500268491e-05,-3.01887448334876e-06,-0.00157009357441145,0.000434938730534023
13.3324746249561,1.28734457209873e-05,2.24684013908001e-07,0.999999999999975,2.54315299961436e-05,-4.64214478078328e-06,-0.000518089642867192,0.000689385576530821
13.3359238735688,1.34328800640377e-05,2.34447985142962e-07,0.999999999999972,2.83075310924401e-06,-4.84067628533666e-06,-5.75578993704017e-05,0.00073330988830051
13.3392957491086,-5.93675107046905e-06,-1.03615853050983e-07,0.999999999999995,-0.000100259880355588,2.0483094605022e-06,0.0020430723686362,-0.000294711600839677
13.3426676246484,-3.49635021905387e-05,-6.10228231253112e-07,0.999999999999814,-0.000150246464385431,1.23716306691139e-05,0.00306159616117807,-0.00186016351875644
13.3456433979004,-2.1509779777053e-05,-3.75416478488459e-07,0.99999999999993,7.89078108030421e-05,7.58714150733521e-06,-0.00160781375345036,-0.00116136893281435
13.3487633335578,-4.31413977155651e-06,-7.52959434048971e-08,0.999999999999997,9.61944629748826e-05,1.4719753859591e-06,-0.00196002956240289,-0.000247453693292994
13.3518625675397,1.00966584026361e-05,1.76219932575149e-07,0.999999999999984,8.11542069602758e-05,-3.65272058406578e-06,-0.00165353632544803,0.000530924490552259
13.3549618015215,1.28178963085282e-05,2.23714493763043e-07,0.999999999999975,1.53246129418709e-05,-4.62013173282305e-06,-0.000312145244414526,0.000687429505856243
13.3584011142455,1.16459026203455e-05,2.03259345091662e-07,0.999999999999979,-5.94745238744988e-06,-4.20291027718583e-06,0.000121309543249454,0.000638174708479673
13.3616632545784,-6.48081502918832e-06,-1.13111560472068e-07,0.999999999999994,-9.69826167114387e-05,2.24399722438492e-06,0.00197628147280118,-0.000329159118334248
13.3649253949113,-2.30425211706496e-05,-4.02167862388322e-07,0.999999999999919,-8.86094013190594e-05,8.13424288718664e-06,0.00180563834222941,-0.00122755314311184
13.3680634457626,-1.81152338129705e-05,-3.16170474804936e-07,0.99999999999995,2.74047144731429e-05,6.3821250101485e-06,-0.00055834591599609,-0.000980131217946693
13.3715169628362,-2.82498148180697e-06,-4.93052281653999e-08,0.999999999999999,7.72734696126212e-05,9.4455167166922e-07,-0.00157450310007927,-0.000179823341292655
13.3743217507999,9.91335952520618e-06,1.73020763648789e-07,0.999999999999985,7.92665950830569e-05,-3.58531437575083e-06,-0.00161504759219257,0.000522429931062301
13.3771265387636,6.34528416042989e-06,1.10746100574145e-07,0.999999999999994,-2.22029842826346e-05,-2.31604541119614e-06,0.000452536512909984,0.000340340381239483
13.3806986806964,7.48993424371462e-06,1.30724013310691e-07,0.999999999999991,5.59269847396249e-06,-2.72273340110533e-06,-0.000113849896660288,0.00041028946563126
13.3841869970339,-6.30068091761373e-06,-1.09967627129937e-07,0.999999999999994,-6.89993730952974e-05,2.18212874451205e-06,0.001406082955548,-0.000320063698466798
13.3876753133713,-3.44548627006973e-05,-6.01350797449718e-07,0.999999999999819,-0.000140865426981916,1.21951423657706e-05,0.00287044311716316,-0.00183618389459985
13.3907965747101,-2.58128769210926e-05,-4.50519691685107e-07,0.999999999999899,4.83237670257024e-05,9.12188475184329e-06,-0.000984620408320396,-0.00139714257810039
13.3940038927137,-2.69093217149191e-06,-4.69656263403744e-08,0.999999999999999,0.000125822904028173,8.99068704761906e-07,-0.00256376699724086,-0.000169652114092471
13.3969081310532,1.13339561492474e-05,1.97814852081023e-07,0.99999999999998,8.42838809380487e-05,-4.08835994103786e-06,-0.00171729316357466,0.000597859640235428
13.3998123693927,8.67925259591277e-06,1.51481534410942e-07,0.999999999999989,-1.59536898332516e-05,-3.143911176818e-06,0.000325196713843156,0.000465898658627837
13.4033044700858,8.12975797280185e-06,1.41891044015651e-07,0.99999999999999,-2.74633844724495e-06,-2.94810212132802e-06,5.6071995825666e-05,0.00044660691010526
13.4066356407586,-6.48450317698574e-06,-1.13175930794434e-07,0.999999999999994,-7.65697707702373e-05,2.24963454811279e-06,0.00156033334225048,-0.000332218894484108
13.4099668114313,-2.2953419797259e-05,-4.00612750054608e-07,0.99999999999992,-8.62870286444008e-05,8.10688255465996e-06,0.00175831519364542,-0.00122405887048828
13.4131955786392,-2.02448169873281e-05,-3.53338712892547e-07,0.999999999999938,1.46415130355255e-05,7.14380195213818e-06,-0.000298281214014866,-0.00109709281352888
13.4167125826237,-4.93812612792782e-07,-8.61865598110992e-09,1,9.80152591326254e-05,1.19769363072465e-07,-0.00199716367112965,-6.40433145666286e-05
13.4193952715035,1.0174234507016e-05,1.7757389101745e-07,0.999999999999984,6.94051958083454e-05,-3.67379268413959e-06,-0.00141408945171095,0.00053639526670748
13.4220779603834,4.94764319910805e-06,8.63526640383407e-08,0.999999999999996,-3.40036549390539e-05,-1.8147151544347e-06,0.000692990358916247,0.000265240298103521
13.4256680239652,6.42773300885054e-06,1.12185104443563e-07,0.999999999999994,7.19553841217103e-06,-2.34072100094685e-06,-0.000146517139466214,0.000351453840791696
13.4293396319758,-6.08222332834897e-06,-1.06154822921298e-07,0.999999999999994,-5.94671127027346e-05,2.10871508781551e-06,0.0012118494338046,-0.000306029920329698
13.4330112399863,-5.2872648559889e-05,-9.22801801619771e-07,0.999999999999574,-0.000222422158451415,1.87495278931489e-05,0.0045322955929458,-0.00281602471849051
13.4360337157201,-3.38423273711424e-05,-5.90660039164198e-07,0.999999999999826,0.000109890629972675,1.19817013727109e-05,-0.00223916653653564,-0.00182976202444846
13.4389538630265,-4.13024485509472e-06,-7.20863716349589e-08,0.999999999999997,0.000177584763064405,1.41519335697083e-06,-0.00361848458548545,-0.000238924742157293
13.4427371001499,4.19833838047603e-05,7.32748278521467e-07,0.999999999999732,0.000212737035482796,-1.49843636816133e-05,-0.00433479491339128,0.00221240012523275
13.445872855705,5.29145110860805e-05,9.23532440535013e-07,0.999999999999574,6.08415288309542e-05,-1.88713792567915e-05,-0.00123957863004737,0.00284026260311418
13.4485123537973,1.09861182277039e-05,1.91743935086796e-07,0.999999999999982,-0.000277245324623527,-3.95974685518368e-06,0.00564941965481892,0.000599146233722032
13.4523234131055,-9.4752551824063e-06,-1.65374400399645e-07,0.999999999999986,-9.37057932215574e-05,3.31762057299945e-06,0.00190953927496818,-0.00046725882485893
13.4549503021479,-1.14729720802725e-05,-2.00241137790138e-07,0.99999999999998,-1.32730148960411e-05,4.02814131614834e-06,0.000270479921942247,-0.000607288421071759
13.4575771911904,-4.25014043630782e-06,-7.41789442857197e-08,0.999999999999997,4.79891580755703e-05,1.45961691174287e-06,-0.000977781841148538,-0.000227790281350871
13.4612832414506,-5.5749972594748e-06,-9.73020579674957e-08,0.999999999999995,-6.23928766688686e-06,1.93107823818745e-06,0.000127213959157159,-0.0003062368329616
13.4646869204539,5.81122747239485e-06,1.01425052975638e-07,0.999999999999995,5.83859731645361e-05,-2.11802496870781e-06,-0.0011896254620532,0.000299546353111158
13.4680905994571,2.18872881963714e-05,3.82005243359563e-07,0.999999999999927,8.24343864735424e-05,-7.83495124416691e-06,-0.0016796314429293,0.0011685406839677
13.4714381109355,2.31729331778005e-05,4.0444398129724e-07,0.999999999999918,6.70311008122039e-06,-8.29176725343011e-06,-0.000136464359335168,0.00125790302642029
13.4750237191778,-2.42086532016286e-06,-4.22520705841885e-08,0.999999999999999,-0.000124580272493767,8.10888623285871e-07,0.00253866436643422,-7.85784900991601e-05
13.4775751282492,-9.94185157080575e-06,-1.7351804365513e-07,0.999999999999985,-5.14484229668919e-05,3.48564090087858e-06,0.00104834317142399,-0.000522732916718954
13.4801265373207,-3.81416134758572e-06,-6.65696737176747e-08,0.999999999999998,4.19173746511455e-05,1.30657032126315e-06,-0.000854065545182649,-0.000203496057665577
13.4837082628559,-5.76436895651312e-06,-1.00607217590904e-07,0.999999999999995,-9.50311338465829e-06,2.00042453305987e-06,0.000193720653631327,-0.00031315076894453
13.4877635665332,4.22017128262573e-06,7.36558838799311e-08,0.999999999999997,4.29716527633467e-05,-1.55024870466126e-06,-0.000875562848128213,0.000197034287035101
13.4905177102077,1.08257471539302e-05,1.88944931824486e-07,0.999999999999982,4.18602155769398e-05,-3.8990843693613e-06,-0.000852837012986988,0.0005735817402526
13.4932718538822,5.20176948633955e-06,9.07880044663992e-08,0.999999999999996,-3.56397265207324e-05,-1.89870009316878e-06,0.000726318054759286,0.00027978029221452
13.496994361778,6.20958404437067e-06,1.08377686753574e-07,0.999999999999994,4.72522363403285e-06,-2.25674451614591e-06,-9.61836570930433e-05,0.000343366916247351
13.5001386296483,-5.02359760576539e-06,-8.76783185159101e-08,0.999999999999996,-6.23534677572026e-05,1.73847365749695e-06,0.00127063543516973,-0.000259769319492696
13.5032828975185,-1.02246037956365e-05,-1.78453000945765e-07,0.999999999999984,-2.88698947338051e-05,3.58838230746152e-06,0.000588343209384416,-0.000545689096593286
13.5068647800449,-1.60710516744546e-05,-2.80492765977377e-07,0.999999999999961,-2.84877475125336e-05,5.66783526403987e-06,0.000580547502954772,-0.00087274782456217
13.5110442805183,9.932959376017e-06,1.73362845578337e-07,0.999999999999985,0.000108590874543363,-3.5803124704736e-06,-0.00221273996581123,0.000435670999940024
13.5132745041836,6.52507052452068e-06,1.13883964577719e-07,0.999999999999994,-2.66694690423916e-05,-2.36769168163878e-06,0.000543721604104392,0.000335698498386012
13.515504727849,1.72582944958282e-06,3.01214062231017e-08,1,-3.75579183631036e-05,-6.60639498459623e-07,0.000765417482426575,9.08702981739015e-05
13.518967007481,4.63568453903453e-06,8.09079582899481e-08,0.999999999999997,1.46685298316021e-05,-1.69519463654942e-06,-0.0002988075048988,0.000248813329195257
13.5237181302557,3.27897046065054e-05,5.7228830613984e-07,0.999999999999836,0.000103424047565684,-1.17072372801468e-05,-0.00210730034103303,0.00179758340319471
13.5262516104925,-6.12510258104435e-07,-1.06903207061627e-08,1,-0.000230109798527946,1.7194035268128e-07,0.00468887716614298,-2.06289535808274e-05
13.5287850907292,-2.21549476751519e-06,-3.86676782538464e-08,0.999999999999999,-1.10430534022683e-05,7.42181003312002e-07,0.000225081941578169,-0.00011620218278056
13.5323808246724,-7.12732361530163e-06,-1.24395263942159e-07,0.999999999999992,-2.3841470765716e-05,2.48930062842079e-06,0.000485886790486372,-0.000382094080278657
13.5369451850906,-3.61364209808309e-05,-6.30699526002215e-07,0.999999999999801,-0.000110925565835148,1.28061670217353e-05,0.0022603093200669,-0.00198549127596576
13.5393840320138,-5.44999859872517e-08,-9.51204197768315e-10,1,0.000258215600088711,-2.55563476730288e-08,-0.00526138940793045,-1.45224898778598e-05
13.541822878937,1.51169921071598e-06,2.63841285267934e-08,1,1.12083019496932e-05,-5.82303839642637e-07,-0.000228283081922129,7.92326086563952e-05
13.5454486900732,6.29242164651811e-06,1.09823475655504e-07,0.999999999999994,2.3012601592721e-05,-2.28220894655412e-06,-0.000468834432638142,0.000337135200748368
13.5501161846195,4.49349656421e-05,7.84263099725093e-07,0.999999999999692,0.000144497142393551,-1.60243640183881e-05,-0.00294422520169713,0.00245376834498475
13.5526856474806,3.24148862368362e-07,5.65746491492187e-09,1,-0.000303022723770798,-1.58986029605172e-07,0.00617458933878109,3.32077579068643e-05
13.5552551103418,-2.98902930559717e-06,-5.21684028212704e-08,0.999999999999999,-2.25050412717616e-05,1.01944753420852e-06,0.000458630315945218,-0.000156685762474423
13.558668794578,-7.16930662922541e-06,-1.25128005765039e-07,0.999999999999992,-2.13726864863694e-05,2.50637132198383e-06,0.000435577424533676,-0.000384117827233643
13.5629623820334,-2.59806911193078e-05,-4.53448601975556e-07,0.999999999999897,-7.6467662442299e-05,9.19659319404657e-06,0.00155818926281716,-0.0014246124103588
13.565639388219,2.47686276863036e-06,4.32294104326623e-08,0.999999999999999,0.000185534876643237,-9.23692939488975e-07,-0.00378044929002509,0.000120333117176694
13.5683163944045,3.99158165813062e-06,6.9666242296594e-08,0.999999999999998,9.87552139650799e-06,-1.46211737228565e-06,-0.000201129319649705,0.000211679087738807
13.5718117360215,8.27649359419109e-06,1.44452063738853e-07,0.99999999999999,2.13958547224832e-05,-2.98569616942384e-06,-0.000435888380620283,0.000445981401731721
13.5761926590508,2.07646386060656e-05,3.62411311662563e-07,0.999999999999934,4.97519007907089e-05,-7.42635132391451e-06,-0.00101363459819468,0.00116401161401519
13.5784679761291,-1.23292835673188e-07,-2.15186592661745e-09,1,-0.000160225219180238,2.15274982652021e-09,0.00326482148105939,2.5129216607798e-06
13.5807432932075,-6.01903791928164e-07,-1.05052029493853e-08,1,-3.67128480778053e-06,1.72501942952734e-07,7.48683314269909e-05,-3.06051542241284e-05
13.5846276824047,-5.60410862624459e-06,-9.78101471673843e-08,0.999999999999995,-2.24758487852064e-05,1.95178153100401e-06,0.000458059040365323,-0.000298761136802688
13.5897063001295,-8.56231855024758e-05,-1.49440650306352e-06,0.999999999998883,-0.00027499536912518,3.04097263173721e-05,0.00560348235052261,-0.00464731727064927
13.5922604299122,-6.1961232337036e-06,-1.08142751287446e-07,0.999999999999994,0.000542753841708063,2.16277961859362e-06,-0.0110593231754322,-0.000355002860547841
13.5948145596949,3.10322507428196e-06,5.41614949766658e-08,0.999999999999999,6.35458101479467e-05,-1.14413490102988e-06,-0.00129473237500841,0.000161144006849562
13.5980067964796,6.78055677422356e-06,1.18343040828607e-07,0.999999999999993,2.0105509140389e-05,-2.45166875053156e-06,-0.000409598014718573,0.000362496467600667
13.6019654838779,1.96792272926229e-05,3.43467310504592e-07,0.999999999999941,5.68684129423613e-05,-7.03854367447023e-06,-0.00115868581235124,0.00107019023088693
13.6052564420457,-2.80692728799909e-06,-4.89901230396592e-08,0.999999999999999,-0.000119253242833741,9.58714158575145e-07,0.00243006973203541,-0.000123831634439869
13.6085474002135,-3.10759188456025e-05,-5.42377101938292e-07,0.999999999999853,-0.000149921984339157,1.10124555314505e-05,0.00305495872635046,-0.00164888684533795
13.6114804472352,-1.98104007722574e-05,-3.45756719615512e-07,0.99999999999994,6.70362189468145e-05,7.00610211690206e-06,-0.00136593562428875,-0.00106684547541018
13.6145522609925,-5.63220159587264e-06,-9.83004619840564e-08,0.999999999999995,8.05570510392496e-05,1.96397678171209e-06,-0.00164141635318075,-0.000314039802691207
13.6176309816172,6.1453139809132e-06,1.07255962535775e-07,0.999999999999994,6.67668325828707e-05,-2.22431384739193e-06,-0.00136039970482565,0.000320830847303859
13.6207097022419,9.21481830905873e-06,1.60828919466131e-07,0.999999999999987,1.74010452589543e-05,-3.31567695937836e-06,-0.000354485919646304,0.000493080792733474
13.624310282251,1.35354219191941e-05,2.36237678136544e-07,0.999999999999972,2.09435031245582e-05,-4.85191331406273e-06,-0.000426663579426016,0.000737550802182816
13.6277527246866,-4.91037611448319e-06,-8.57022307090176e-08,0.999999999999996,-9.35207820797035e-05,1.70845487915278e-06,0.0019057306885635,-0.000237494906371222
13.6311951671223,-4.22748433477802e-05,-7.3783520718352e-07,0.999999999999728,-0.000189439035994518,1.49969196485407e-05,0.00386018503368558,-0.00224711008011082
13.634114868483,-2.42979289042367e-05,-4.24078860794416e-07,0.99999999999991,0.000107461794077028,8.60369884780614e-06,-0.00218968312540641,-0.0013104140237263
13.6370810769726,-4.84795732604566e-06,-8.46128173356769e-08,0.999999999999996,0.000114444431215479,1.6867273942401e-06,-0.00233192355757155,-0.000272436424394901
13.6403013500625,9.32999130581801e-06,1.62839067468969e-07,0.999999999999987,7.68418944285111e-05,-3.35525786371372e-06,-0.00156570114310369,0.000489014560199813
13.6435216231524,1.66608805679913e-05,2.90787222192988e-07,0.999999999999958,3.97320820788571e-05,-5.96211443070551e-06,-0.000809514129460744,0.000892631051217035
13.6469052172492,1.48020371000426e-05,2.58344283398094e-07,0.999999999999967,-9.58830695011352e-06,-5.30070671474957e-06,0.000195474899479729,0.000808956912821191
13.6501820751532,-6.2466957196527e-06,-1.09025407678176e-07,0.999999999999994,-0.000112110351389259,2.18530846757584e-06,0.00228451016233014,-0.000312542900134983
13.6534589330573,-2.79182704815822e-05,-4.87265741365933e-07,0.999999999999881,-0.000115427749619451,9.89272871899297e-06,0.00235207643330507,-0.00148570817758636
13.6564789715168,-1.84691958683902e-05,-3.22348278099136e-07,0.999999999999948,5.46077361199797e-05,6.53238529251111e-06,-0.00111268232891113,-0.000997636814904046
13.6597527535104,-4.09709406128956e-06,-7.1507781133409e-08,0.999999999999997,7.66210143056303e-05,1.42127710493218e-06,-0.00156122435689325,-0.000238946396325936
13.6627444460566,9.81289890132346e-06,1.71267394993428e-07,0.999999999999985,8.11497747090342e-05,-3.52538968409846e-06,-0.00165346763163617,0.000516491908532105
13.6657361386029,9.70707184097914e-06,1.69420364352713e-07,0.999999999999986,-6.17386516883429e-07,-3.48748937623466e-06,1.26685169942728e-05,0.000520699696932636
13.6692410002984,9.87107951624597e-06,1.7228283828466e-07,0.999999999999985,8.16715231753844e-07,-3.54550818592105e-06,-1.65538086024994e-05,0.000541121616834651
13.6725598171339,-6.39987629958806e-06,-1.11698913148163e-07,0.999999999999994,-8.55671661037317e-05,2.24133302584621e-06,0.00174364585289327,-0.000325690093103475
13.6758786339695,-2.46721663812349e-05,-4.30610536952389e-07,0.999999999999907,-9.60919627714997e-05,8.73984270432762e-06,0.00195808024381758,-0.00131474510109942
13.6790372963268,-1.98742541162226e-05,-3.46871170706114e-07,0.99999999999994,2.65110216833346e-05,7.03363701585443e-06,-0.000540167164273829,-0.00107575126222309
13.6824597738808,-2.36808069196913e-06,-4.1330805027767e-08,0.999999999999999,8.92746149133455e-05,8.07892901514882e-07,-0.00181907522144484,-0.000156727761019668
13.685252178914,1.02397203302445e-05,1.78716834246167e-07,0.999999999999984,7.88021926100388e-05,-3.67562377960665e-06,-0.00160561115875562,0.000539843644104625
13.6880445839472,6.30381391442763e-06,1.10022308239794e-07,0.999999999999994,-2.46004878192338e-05,-2.27562215528667e-06,0.000501360514559713,0.000338158301886069
13.6916090734766,7.27847551869384e-06,1.27033362327009e-07,0.999999999999992,4.77236752895903e-06,-2.62196171012995e-06,-9.71638581039119e-05,0.000398826612972928
13.6951012105321,-6.34467131036522e-06,-1.10735404322696e-07,0.999999999999994,-6.80868943202487e-05,2.22323960176363e-06,0.00138746023849822,-0.000322680132854818
13.6985933475876,-3.43161701117884e-05,-5.98930155125143e-07,0.999999999999821,-0.000139798279117792,1.21711822207984e-05,0.00284866901296584,-0.00182899913204808
13.7017224917957,-2.59371250618397e-05,-4.52688230830625e-07,0.999999999999898,4.67354377326039e-05,9.19134531248416e-06,-0.000952284941227612,-0.00140410294479256
13.7049387867896,-2.49835237409163e-06,-4.3604474802916e-08,0.999999999999999,0.000127190993611238,8.55757240919929e-07,-0.00259167398737873,-0.000160064382756796
13.7078294391376,1.13704230035751e-05,1.98451318756888e-07,0.99999999999998,8.37374282429188e-05,-4.07623323456694e-06,-0.00170618596837593,0.000599870156793915
13.7107200914855,8.42070987844305e-06,1.46969112734042e-07,0.999999999999989,-1.78098919642679e-05,-3.02695399459828e-06,0.000362990465014223,0.000452029828838811
13.714217363847,7.95545186876184e-06,1.38848828593829e-07,0.99999999999999,-2.32189069106545e-06,-2.86120581403401e-06,4.73935580169394e-05,0.000437048719617454
13.7175569668125,-6.47651754649608e-06,-1.13036555249541e-07,0.999999999999994,-7.54237513993147e-05,2.27160459292929e-06,0.00153695228443801,-0.000331870326411073
13.720896569778,-2.32330815111954e-05,-4.05493767754568e-07,0.999999999999918,-8.75724496369859e-05,8.23105470651404e-06,0.00178447862668814,-0.00123902073453148
13.7241269611045,-2.05159157474296e-05,-3.58070278854392e-07,0.999999999999936,1.46804161191446e-05,7.26483296569785e-06,-0.000299103620326259,-0.00111184707326314
13.7276376830777,-4.16759925832495e-07,-7.27383289614441e-09,1,9.99214545144826e-05,1.16881384983116e-07,-0.0020360346490771,-6.00467197765881e-05
13.7303201736093,1.02215812492202e-05,1.78400247559006e-07,0.999999999999984,6.92170497029576e-05,-3.66619398540173e-06,-0.00141028470586778,0.000538912387228236
13.7330026641409,4.96044391997845e-06,8.65760787641581e-08,0.999999999999996,-3.4230938641654e-05,-1.79490896585128e-06,0.000697592404330824,0.000265923271104374
13.7365913047476,6.41589225899681e-06,1.11978444372711e-07,0.999999999999994,7.07854822829963e-06,-2.31225645172753e-06,-0.000144162523522282,0.000350816655814742
13.7402611301562,-6.09559071947831e-06,-1.06388127908906e-07,0.999999999999994,-5.95032591384647e-05,2.13761466994875e-06,0.00121255662768932,-0.000306827542547468
13.7439309555648,-5.25683116045587e-05,-9.17490119713765e-07,0.999999999999579,-0.000221019231569263,1.86653315316342e-05,0.00450367933659612,-0.00279989681844861
13.7469556380621,-3.37487123749046e-05,-5.89026149250606e-07,0.999999999999826,0.000108594528767764,1.1972358546153e-05,-0.00221278530606759,-0.0018247816540891
13.7498802554205,-4.09693185680535e-06,-7.15049501310982e-08,0.999999999999997,0.000176953473119566,1.42721057207579e-06,-0.00360565047721204,-0.000237302218337437
13.7536581082581,4.20568700199732e-05,7.3403085493176e-07,0.999999999999731,0.000213225829511478,-1.4986742673064e-05,-0.00434478365115522,0.00221648332497216
13.7567889986143,5.23122284398207e-05,9.13020625330162e-07,0.999999999999583,5.7168967939933e-05,-1.86335210173817e-05,-0.001164773572178,0.00280802346011771
13.759430740346,1.08697044912626e-05,1.89712132091346e-07,0.999999999999982,-0.000273799851276339,-3.89475970471793e-06,0.0055791832850381,0.000592859418926397
13.7632593989289,-9.89358285916203e-06,-1.72675595711251e-07,0.999999999999985,-9.46513563317137e-05,3.4898751816544e-06,0.00192877863786374,-0.000488793922364804
13.7658745218748,-1.14190670460838e-05,-1.99300317460143e-07,0.99999999999998,-1.01810592847082e-05,4.03236968621857e-06,0.000207445124297905,-0.000604385722628863
13.7684896448207,-4.14580498011904e-06,-7.23579470486552e-08,0.999999999999997,4.85416452832792e-05,1.44583321731874e-06,-0.000989068782776072,-0.000222165402646465
13.7721965709104,-5.55468174360048e-06,-9.69474853262476e-08,0.999999999999995,-6.63340398005304e-06,1.94706861606763e-06,0.000135215913835773,-0.000304924022727002
13.7756332772779,5.87000256005234e-06,1.02450871773409e-07,0.999999999999995,5.80201902000802e-05,-2.11581345049358e-06,-0.00118220226932242,0.000302152578398372
13.7790699836453,2.41153210590457e-05,4.20891752655861e-07,0.999999999999911,9.26587397460227e-05,-8.60430954993478e-06,-0.00188799839315579,0.00128724197414528
13.7823859464097,2.43094304043145e-05,4.24279599839692e-07,0.99999999999991,1.02167829510515e-06,-8.67302632481991e-06,-2.07230236785201e-05,0.00131917713661457
13.7858946916881,-1.41310847454856e-06,-2.46633955687069e-08,1,-0.000127949725554698,4.75277484750325e-07,0.00260728638980248,-2.94096768331955e-05
13.7884983092081,-1.03192024461328e-05,-1.80104058864869e-07,0.999999999999984,-5.97018041646122e-05,3.6425823599431e-06,0.00121650159860742,-0.000543170548124754
13.791101926728,-4.30885133346529e-06,-7.52036427479173e-08,0.999999999999997,4.02902558892724e-05,1.50517136646187e-06,-0.000820938934807383,-0.000230216355673283
13.7946791565754,-5.95879466080909e-06,-1.04000586281377e-07,0.999999999999995,-8.05006800293681e-06,2.09213242148174e-06,0.000164082566696542,-0.000324451688983405
13.798553236846,5.44958934916972e-06,9.51132770246264e-08,0.999999999999995,5.1396421704628e-05,-1.96500816738241e-06,-0.00104725258783092,0.000268272407212393
13.8014363823501,1.27637768964869e-05,2.22769931833677e-07,0.999999999999975,4.42768686592776e-05,-4.56595168950727e-06,-0.00090212010405238,0.000678050651227829
13.8043195278541,7.16073874532179e-06,1.24978467980993e-07,0.999999999999992,-3.39183241757392e-05,-2.5730823064921e-06,0.000691213599939964,0.000386095876367292
13.8080310406403,5.74543719995576e-06,1.00276796105792e-07,0.999999999999995,-6.65541877351395e-06,-2.06945946357405e-06,0.000135692067341089,0.000323675162122365
13.8109179176661,-5.14437682556583e-06,-8.97863135694177e-08,0.999999999999996,-6.58369261926592e-05,1.80349871737781e-06,0.00134157366120292,-0.000268332334452215
13.8138047946919,-5.00960510824787e-06,-8.74341033636523e-08,0.999999999999996,8.14794043784901e-07,1.75569750049134e-06,-1.65581063755705e-05,-0.000267511100712815
13.8175984243585,-1.05808850578434e-05,-1.84671282034437e-07,0.999999999999983,-2.563170030194e-05,3.73722249020449e-06,0.000522329579811139,-0.000575616712543475
13.8211761268992,4.23740905928812e-06,7.39567398384132e-08,0.999999999999997,7.22888554678123e-05,-1.53262368787853e-06,-0.0014729693478162,0.000202531050360889
13.82475382944,5.24334421938098e-05,9.15136204435972e-07,0.999999999999581,0.000235117216991625,-1.86727912449647e-05,-0.00479083080888053,0.0027869863510141
13.8276686092083,3.01916650940372e-05,5.26943962550369e-07,0.999999999999861,-0.00013318064235955,-1.07624073956258e-05,0.00271388731842749,0.00162848042666809
13.8304986991896,5.25422493653843e-06,9.17035247829857e-08,0.999999999999996,-0.000153790317847486,-1.89352244434325e-06,0.00313378196797842,0.000293587376725378
13.8337944176963,-9.318836042984e-06,-1.6264437140359e-07,0.999999999999987,-7.7175248939591e-05,3.28940852573924e-06,0.0015726255017239,-0.000486633303194066
13.837090136203,-2.06802656943573e-05,-3.60938726553758e-07,0.999999999999935,-6.01672608717183e-05,7.33009265629739e-06,0.00122604042863138,-0.00110662505715419
13.8404024779357,-1.69745425465821e-05,-2.96261656457717e-07,0.999999999999956,1.95260861694868e-05,6.0122785980296e-06,-0.000397849667878997,-0.000925510737946174
13.8443418248858,2.00139567663939e-05,3.49309441925364e-07,0.999999999999939,0.000163877695100687,-7.14239079789321e-06,-0.00333930206264612,0.000994946867217261
13.8466841484683,1.01299042394127e-05,1.76800181889483e-07,0.999999999999984,-7.36487739448108e-05,-3.62674544012989e-06,0.00150092215438273,0.000531902475433702
13.8490264720509,2.62802345846124e-06,4.5867662169797e-08,0.999999999999999,-5.58985618792501e-05,-9.58604510364205e-07,0.00113910005844516,0.000139939189907329
13.8525667749747,5.00570617256762e-06,8.73660540987082e-08,0.999999999999996,1.17217065380751e-05,-1.80399295230049e-06,-0.000238789860677806,0.000270614964165632
13.8575679491101,1.62166354155199e-05,2.83033681596337e-07,0.99999999999996,3.91243380452898e-05,-5.79033920521071e-06,-0.00079708207412246,0.000949222007814664
13.8597456306141,-5.73048320920794e-07,-1.0001579973093e-08,1,-0.000134562956537043,1.80466150563433e-07,0.00274181754535983,-1.81149521379811e-05
13.861923312118,-5.51834904114289e-07,-9.63133600422155e-09,1,1.70017501731755e-07,1.72978856447601e-07,-3.43819520999891e-06,-2.74939553989253e-05
13.8655716067067,-4.69252634353631e-06,-8.19000349312791e-08,0.999999999999997,-1.9808898972212e-05,1.6457592958442e-06,0.000403690108793897,-0.000249660715510744
13.8704411503055,-6.16352019551632e-05,-1.07573720924904e-06,0.999999999999421,-0.000204092468655065,2.189684097821e-05,0.00415872273677606,-0.00333645102524198
13.8733705797874,-5.67861165670484e-06,-9.91104703516292e-08,0.999999999999995,0.000333384621454521,1.99665655183808e-06,-0.00679319456207996,-0.000338631073575175
13.8763000092693,1.54190496700905e-05,2.69113184271621e-07,0.999999999999964,0.00012569807769726,-5.50622785850348e-06,-0.00256121011163609,0.000812003169641524
13.8791693047387,1.15007710162916e-05,2.00726320752221e-07,0.99999999999998,-2.38340262439574e-05,-4.11250793726318e-06,0.000485735936261255,0.000616705616604882
13.8824142156693,7.43851625017531e-06,1.29826600028661e-07,0.999999999999992,-2.18495121251198e-05,-2.66760136617096e-06,0.00044528389283561,0.000407273810455477
13.8860078340731,-7.33248758167622e-06,-1.27976050661846e-07,0.999999999999992,-7.17390167029117e-05,2.5857895958517e-06,0.00146186666801927,-0.000372132478051075
13.8896014524768,-4.94133427216407e-05,-8.62425524908899e-07,0.999999999999628,-0.000204376033215091,1.75515196439899e-05,0.00416452955397865,-0.00263343314403381
13.8926017568009,-2.93091108615241e-05,-5.11540485365606e-07,0.999999999999869,0.000116949816301355,1.040166386261e-05,-0.0023830435213246,-0.00158565363786032
13.8956009621835,-3.21375395525026e-06,-5.60905878681075e-08,0.999999999999998,0.000151856855196348,1.12127471165965e-06,-0.0030942826405385,-0.000190721501344976
13.8993745259492,4.51666023105584e-05,7.88305922258041e-07,0.999999999999689,0.000223766328742153,-1.60845659714995e-05,-0.00455957332416894,0.00238390596144626
13.9024736610981,5.00382710001637e-05,8.73332580957941e-07,0.999999999999619,2.74356085212659e-05,-1.78167314499632e-05,-0.000558918987148429,0.00268771551121764
13.9051204716863,1.00336955633575e-05,1.75121023723335e-07,0.999999999999985,-0.000263793548487396,-3.58940069559715e-06,0.00537527347737158,0.000548123454503367
13.9091767539799,-1.71176398095616e-05,-2.98759174847301e-07,0.999999999999955,-0.000116826237494904,6.06712386698901e-06,0.00238063425170929,-0.000859866067877942
13.9116274108419,-1.07034672588777e-05,-1.86810745046828e-07,0.999999999999983,4.5680989262618e-05,3.78584665852448e-06,-0.000930883978012521,-0.000564904991275295
13.9140780677039,-3.04102269622897e-06,-5.30758586770709e-08,0.999999999999999,5.45710370318058e-05,1.06085959079475e-06,-0.00111194150023893,-0.000162259157252089
13.9177492530378,-5.32193190701588e-06,-9.28852343443676e-08,0.999999999999996,-1.08437390235233e-05,1.8721906039878e-06,0.000220999742429609,-0.000289233819833156
13.9218007063478,4.25171584383263e-06,7.42064403340884e-08,0.999999999999997,4.12424041186786e-05,-1.53250120394516e-06,-0.000840363086386792,0.000200864003258627
13.9245968757446,1.12177286161059e-05,1.95786298946234e-07,0.999999999999981,4.34808630507206e-05,-4.00963862069021e-06,-0.000885903915375551,0.000594715367596274
13.9273930451415,5.7229269792632e-06,9.98839186393559e-08,0.999999999999995,-3.42977719497441e-05,-2.05529886546832e-06,0.000698934677350345,0.000307967207654762
13.931114279504,6.22348497720132e-06,1.08620303800567e-07,0.999999999999994,2.34771162207436e-06,-2.23308222093631e-06,-4.777537186624e-05,0.000345419911653683
13.9340776603146,-3.95552804475372e-06,-6.9036988035926e-08,0.999999999999998,-5.995088150692e-05,1.38708247986058e-06,0.00122163330741726,-0.000204806792915945
13.9370410411252,-5.35359257764112e-06,-9.34378172901675e-08,0.999999999999996,-8.23411866841895e-06,1.88439503792422e-06,0.000167819321865022,-0.000285550290370533
13.9408606758146,-1.29011284425198e-05,-2.25167168544657e-07,0.999999999999975,-3.44874214334691e-05,4.56871205072991e-06,0.000702767995135821,-0.000700362792642806
13.9444923445723,2.4645738159718e-06,4.30149277471488e-08,0.999999999999999,7.38454176805663e-05,-8.95880448561064e-07,-0.00150470565016819,0.00010101954085782
13.9472784822996,1.18858023405568e-05,2.07446385083962e-07,0.999999999999978,5.90177060252129e-05,-4.24617894964527e-06,-0.00120248847292451,0.000629010574151151
13.9500646200269,6.33451795051661e-06,1.10558194763198e-07,0.999999999999994,-3.47750900361666e-05,-2.27175043347044e-06,0.000708661491071719,0.000340443008388982
13.9536684449955,6.45409480708464e-06,1.12645204619495e-07,0.999999999999994,5.79109661126969e-07,-2.31406147372775e-06,-1.17405924612222e-05,0.000356110284806788
13.9569049000365,-5.71908843554926e-06,-9.98169234130659e-08,0.999999999999995,-6.56465562916624e-05,2.01534574075216e-06,0.00133770040358123,-0.000295333521660212
13.9601413550774,-1.45140405403146e-05,-2.53317795196425e-07,0.999999999999968,-4.74287051233966e-05,5.14327287280863e-06,0.000966467042631211,-0.00077471667405741
13.963585737849,-1.79733503806141e-05,-3.13694141756286e-07,0.999999999999951,-1.75289305990044e-05,6.37360521661477e-06,0.000357199656771297,-0.000975827179827638
13.9674939893167,5.95933887944362e-06,1.040100846884e-07,0.999999999999995,0.00010687752052175,-2.13792577992689e-06,-0.00217783606476111,0.000249768634627642
13.9698772739795,8.28315566156388e-06,1.44568338749498e-07,0.99999999999999,1.70177967809308e-05,-2.96393637786296e-06,-0.000346584950954629,0.000433012283715948
13.9722605586422,2.54115321042148e-06,4.43514903194792e-08,0.999999999999999,-4.20498860241431e-05,-9.21698268495991e-07,0.000856900621785253,0.000135192731611627
13.9758226830768,5.22202027391464e-06,9.11414473857064e-08,0.999999999999996,1.31354077952514e-05,-1.8749444145436e-06,-0.000267606077087531,0.00028207898437657
13.9807940117632,1.93032458301437e-05,3.36905196057868e-07,0.999999999999943,4.94362300649664e-05,-6.88213665404128e-06,-0.0010072140780271,0.0011130932972883
13.9829689701419,-1.46606774049755e-09,-2.55877091289561e-11,1,-0.00015491366965021,-1.69034879392475e-08,0.00315648944532372,1.23304518255265e-05
13.9851439285205,-4.5152084299918e-07,-7.88052535171607e-09,1,-3.61153469410565e-06,1.43190210599871e-07,7.36077067559363e-05,-2.21549031511079e-05
13.9888109811557,-4.68986731847621e-06,-8.18536261890872e-08,0.999999999999997,-2.01723586200274e-05,1.65066752506019e-06,0.00041108690395045,-0.000249348094181514
13.993691810206,-6.53238190562954e-05,-1.14011572250912e-06,0.99999999999935,-0.000216820151950606,2.32144694547343e-05,0.00441806129812448,-0.00353295794403755
13.9966924424245,-8.03650361499347e-06,-1.40263448430062e-07,0.99999999999999,0.000333213870032656,2.84095906302631e-06,-0.00678973926425564,-0.000471759395858264
13.999693074643,2.12817831533457e-05,3.71437186721336e-07,0.999999999999931,0.000170530940777201,-7.58551821304029e-06,-0.00347476015610894,0.00112030060508249
14,1.46921235720496e-05,2.56425930442133e-07,0.999999999999967,-0.000374720607702993,-5.24194011290011e-06,0.00763566139780276,0.000772060032191
14.0015346267848,2.27909231742955e-06,3.97776648960533e-08,0.999999999999999,-0.000141173259643636,-8.27256088034351e-07,0.00287671508708395,0.000118629720930974
14.0050103442515,8.17807602230112e-06,1.42734353067555e-07,0.99999999999999,2.96217080815325e-05,-2.92500340209667e-06,-0.000603543681032781,0.000437433134323053
14.0092124089794,3.28376032187641e-05,5.7312429463089e-07,0.999999999999836,0.000102423444051824,-1.16945512382001e-05,-0.00208696162574861,0.00178821528379083
14.0121187109742,-1.92309667800648e-06,-3.35643688653783e-08,0.999999999999999,-0.00020874935384551,6.67780883631848e-07,0.00425362957597403,-8.17438332022548e-05
14.015025012969,-1.08047076569544e-05,-1.88577723329296e-07,0.999999999999982,-5.33369741825832e-05,3.8264655692554e-06,0.00108683980235548,-0.000572145942590464
14.0181576445621,-1.10900331650621e-05,-1.935575928857e-07,0.999999999999981,-1.58967609449627e-06,3.9280147120543e-06,3.2416560894932e-05,-0.000596785280449331
14.0218263981101,-9.48403350753613e-06,-1.65527611075971e-07,0.999999999999986,7.64019208237976e-06,3.35690404098271e-06,-0.000155668856901262,-0.000529570156815592
14.024424008673,2.56954147963474e-06,4.4846959086193e-08,0.999999999999999,8.09877250905032e-05,-9.29623860365147e-07,-0.00165018111742085,0.000131930556938584
14.027021619236,1.82592258919836e-06,3.18683610680513e-08,0.999999999999999,-4.99636019478578e-06,-6.65031692150613e-07,0.000101859829179643,9.72022270542784e-05
14.0310587230662,8.31637637936398e-06,1.45148149654986e-07,0.999999999999989,2.80596668675187e-05,-2.97310448247528e-06,-0.000571714993560324,0.000449184789441521
14.0362635998049,3.90470440597455e-05,6.814994820138e-07,0.999999999999768,0.000103047845181383,-1.39010034022297e-05,-0.0020995499928901,0.00226156383444682
14.0381789777365,8.32097862192351e-06,1.45228473940625e-07,0.999999999999989,-0.000279981824604633,-2.97433534091513e-06,0.00570470604340089,0.000472042303965455
14.040094355668,1.63607320314552e-06,2.85548641985393e-08,1,-6.09141453612529e-05,-5.96969701651243e-07,0.00124119924331724,9.18459105756096e-05
14.0433579444466,-3.02214344271544e-06,-5.27463535429411e-08,0.999999999999999,-2.4911599853805e-05,1.05979948578044e-06,0.000507652556676947,-0.000157880546802831
14.0477577207728,-4.14201867456119e-05,-7.2291863550178e-07,0.999999999999739,-0.000152319625425635,1.47157867393396e-05,0.00310379124782563,-0.00221838423442423
14.0517262511399,-9.95550284806842e-05,-1.73756303390379e-06,0.99999999999849,-0.000255672580161228,3.53903390382127e-05,0.00520962431591978,-0.0054432912736522
14.0540342919809,-7.45706329891626e-06,-1.30150307095718e-07,0.999999999999992,0.000696440330814932,2.63729558976385e-06,-0.0141908422360928,-0.00042185812582315
14.0563423328218,5.32712396482522e-07,9.29758528480947e-09,1,6.04182949911926e-05,-2.03988375294451e-07,-0.00123103712665799,2.48312332480346e-05
14.0596181126129,4.58222102748408e-06,7.99748439837147e-08,0.999999999999997,2.15757050856952e-05,-1.6440172249423e-06,-0.000439598795239863,0.000243511679612007
14.0639056107174,3.11853082886148e-05,5.44286307885779e-07,0.999999999999852,0.000108294266863664,-1.11048666856581e-05,-0.00220661309467853,0.00168328250350916
14.068167073463,4.33029423019101e-05,7.55778918969392e-07,0.999999999999714,4.96291118120344e-05,-1.5413315279942e-05,-0.00101102575606075,0.00249480255763821
14.0701485439189,7.12511736405971e-06,1.24356757593861e-07,0.999999999999992,-0.000318663424672577,-2.54781866379871e-06,0.00649290357956716,0.000408294242674144
14.0721300143749,1.16179109090122e-06,2.02770797565631e-08,1,-5.25264848262475e-05,-4.27078170531866e-07,0.00107028620432633,6.64279832997248e-05
14.0753614281799,-3.13484657980924e-06,-5.47133943625544e-08,0.999999999999999,-2.32067072319483e-05,1.10108805315736e-06,0.00047290948045716,-0.000164485619905472
14.0797409565611,-3.67776097609912e-05,-6.41890381342857e-07,0.999999999999794,-0.000134073109218233,1.30658898919585e-05,0.00273198408533982,-0.00197255188979215
14.0838148336128,-9.1968941592895e-05,-1.60516084036969e-06,0.999999999998712,-0.000236450547431344,3.26935555348943e-05,0.00481793274420262,-0.00504982745763787
14.086007880069,-8.76663320955499e-06,-1.53006613821412e-07,0.999999999999988,0.000662163002726229,3.10422367864031e-06,-0.0134923415656494,-0.00049047768305532
14.0882009265251,-4.52646221037261e-07,-7.90016690381023e-09,1,6.61666087866143e-05,1.47622900443807e-07,-0.00134817060981594,-2.74332933883653e-05
14.0915657567922,3.95206554234992e-06,6.89765559686215e-08,0.999999999999998,2.28471324762278e-05,-1.4187415223099e-06,-0.000465510679117895,0.000208878651378446
14.0960179462281,4.3369461454162e-05,7.56939897191823e-07,0.999999999999714,0.000154522477340833,-1.54368779040604e-05,-0.00314859387356041,0.00233192520667632
14.10008152438,8.33639079663718e-05,1.4549746713422e-06,0.999999999998942,0.000171778355936221,-2.96594982587393e-05,-0.003500023827042,0.00462262301279049
14.1020424532576,1.3729914200833e-05,2.3963220882086e-07,0.999999999999971,-0.000619778961081999,-4.89560844480173e-06,0.0126286527250794,0.000759239017501746
14.1040033821352,2.24370241452079e-06,3.91599945683344e-08,0.999999999999999,-0.000102233291855385,-8.10706885629887e-07,0.00208314620984473,0.000123924253834591
14.1073826070404,-2.69581392730204e-06,-4.70508290525396e-08,0.999999999999999,-2.55120111979346e-05,9.46102103919939e-07,0.000519885192271557,-0.000139288533959293
14.111920304712,-5.85978908804327e-05,-1.02272613058773e-06,0.999999999999477,-0.000215015492909539,2.08272269484001e-05,0.00438132424927129,-0.0031307137377649
14.1148896122594,-2.84332641396714e-05,-4.96254076326479e-07,0.999999999999877,0.000177304656343751,1.00994586855292e-05,-0.0036128855269482,-0.00154326491042621
14.1178589198067,-3.13390501721742e-07,-5.46969609952136e-09,1,0.000165285802296009,9.90473339969756e-08,-0.00336792709817634,-3.55879826334466e-05
14.1213145731233,2.86081743754289e-05,4.99306835835886e-07,0.999999999999875,0.000146072677346487,-1.01864604475463e-05,-0.00297642929982796,0.00151508353294253
14.124435001245,2.91215196724315e-05,5.08266401468207e-07,0.999999999999871,2.87126166116698e-06,-1.03687842540631e-05,-5.84290999198838e-05,0.00156742974159052
14.1274415954436,8.3568076543606e-06,1.45853808524456e-07,0.999999999999989,-0.000120539244409204,-2.98389934457491e-06,0.00245622934845631,0.000463419274477301
14.1303289291277,-4.19785894731663e-06,-7.32664601649783e-08,0.999999999999997,-7.58901785066255e-05,1.48108141137894e-06,0.00154640275235443,-0.00021685884511867
14.1332162628117,-5.06685974968805e-06,-8.84333853688321e-08,0.999999999999996,-5.25291734991651e-06,1.79019076458029e-06,0.000107057024586647,-0.000270065341701968
14.1369577096817,-1.12787006023087e-05,-1.96850460856953e-07,0.999999999999981,-2.89773125889337e-05,3.99943790264998e-06,0.00059047935593011,-0.000611524120208362
14.1416057186985,3.66385813327656e-06,6.39463877516491e-08,0.999999999999998,5.61093680470719e-05,-1.31522964158063e-06,-0.00114342883695883,6.81755801584516e-05
14.1436885510679,2.52792898732835e-06,4.41206840854857e-08,0.999999999999999,-9.51862663421676e-06,-9.10579692118125e-07,0.000194278692516828,0.000116682956685987
14.1457713834373,6.65962498861147e-07,1.1623238299936e-08,1,-1.56025258022133e-05,-2.48235890079987e-07,0.000318001492469026,3.30953812528756e-05
14.149123443502,4.00540011048697e-06,6.99074197877422e-08,0.999999999999998,1.738757073686e-05,-1.43575498086559e-06,-0.000354265457030157,0.000213261516190849
14.1536772527737,3.65211968746316e-05,6.37415132231341e-07,0.999999999999797,0.000124622635376797,-1.29993823585625e-05,-0.00253933063238674,0.00197477363880135
14.1570649734962,7.89069533786363e-06,1.37718613917486e-07,0.999999999999991,-0.000147502276380587,-2.81698280494267e-06,0.00300567856314763,0.000472589954529237
14.1596674968831,-9.0387069177783e-06,-1.57755195838019e-07,0.999999999999988,-0.000113533584844327,3.20364232408377e-06,0.00231337983717683,-0.000472460313696716
14.16227002027,-4.49249671259151e-06,-7.84088592697431e-08,0.999999999999997,3.04882319089977e-05,1.58685668194876e-06,-0.000621237699640159,-0.000239480211777887
14.1657468499401,-6.21921949789272e-06,-1.08545857142456e-07,0.999999999999994,-8.66795348987551e-06,2.20102619174798e-06,0.000176646418741642,-0.000337139853984238
14.1705829903709,2.81441431974055e-06,4.9120796394749e-08,0.999999999999999,3.26017525322141e-05,-1.01201549166439e-06,-0.000664381386223689,5.96141716324631e-05
14.1727647573669,3.93776374267123e-06,6.87269424752676e-08,0.999999999999998,8.98636110867773e-06,-1.41102669256168e-06,-0.000182884424248634,0.000197664107638105
14.1749465243628,1.10786434424348e-06,1.93358804724967e-08,1,-2.26381011788448e-05,-4.04474177020569e-07,0.000461347392922269,5.7644187940866e-05
14.178483248768,4.61625738274315e-06,8.05688904483639e-08,0.999999999999997,1.73134807694249e-05,-1.6520804260724e-06,-0.000352757553634653,0.00024690248752626
14.1832787069422,4.4133307133638e-05,7.70271519275809e-07,0.999999999999703,0.000143824136040646,-1.57055245163024e-05,-0.00293057380121761,0.00240192948404511
14.1859900926261,4.3045589207556e-07,7.51287260132789e-09,1,-0.000281316911572786,-1.63116540277643e-07,0.00573227485428304,4.16962376498838e-05
14.18870147831,-5.31540352361578e-06,-9.27712925592034e-08,0.999999999999996,-3.69863150625847e-05,1.88033863291434e-06,0.000753657137504825,-0.000279977466879076
14.1919730742442,-8.66475987091459e-06,-1.51228588642138e-07,0.999999999999989,-1.78681283566037e-05,3.07156557779397e-06,0.000364111879597656,-0.000465044417827767
14.1959482964735,-1.68527737520486e-05,-2.94136390066922e-07,0.999999999999957,-3.59496383300161e-05,5.98352211698312e-06,0.000732526729631833,-0.000928395040842482
14.1986992303013,3.73485151224476e-06,6.51854559617603e-08,0.999999999999998,0.000130618134975754,-1.33807373482622e-06,-0.00266149471783912,0.000189623359665904
14.2014501641291,4.50204570439575e-06,7.85755206169731e-08,0.999999999999997,4.86746155792883e-06,-1.61078983210877e-06,-9.91358259972598e-05,0.000239470437091099
14.205026627268,9.13002464045163e-06,1.59348990764092e-07,0.999999999999987,2.25847344176663e-05,-3.2565432608758e-06,-0.000460162279000372,0.000493308454983651
14.2095127576205,1.4464997729421e-05,2.52461836671898e-07,0.999999999999968,2.07557156374159e-05,-5.15335897187126e-06,-0.000422817787708743,0.000848085201691331
14.2117772205644,-2.28886878936101e-06,-3.99482965204862e-08,0.999999999999999,-0.00012913001468095,8.0469397913214e-07,0.00263111081901788,-0.000110695395070809
14.2140416835083,-1.08769907529801e-06,-1.8983930134848e-08,1,9.25798606771661e-06,3.77520039754807e-07,-0.000188642494912521,-5.64101661930702e-05
14.2176768234738,-5.04530833876026e-06,-8.80572422896919e-08,0.999999999999996,-1.90015550460876e-05,1.78509511489659e-06,0.000387213446661566,-0.000269649559541213
14.2225480785342,-5.08829197373692e-05,-8.88074482444984e-07,0.999999999999606,-0.000164232262575423,1.80866071133111e-05,0.00334647063153285,-0.00277229306201508
14.2251301634459,-1.34094970296661e-06,-2.34039874204072e-08,1,0.000334872990083426,4.67793119430329e-07,-0.00682348357877769,-8.85487581392263e-05
14.2277122483576,3.15562589349301e-06,5.5076061802641e-08,0.999999999999998,3.03940621270604e-05,-1.13121970305168e-06,-0.000619271974847478,0.000165607894934945
14.23107796839,7.29414110724791e-06,1.27306778426541e-07,0.999999999999992,2.14607025922741e-05,-2.60292393923239e-06,-0.000437262821036633,0.000391021882140746
14.2352758450534,2.42862265680192e-05,4.23874616497245e-07,0.99999999999991,7.06471061082673e-05,-8.64570000739844e-06,-0.00143948394692222,0.00132957185950057
14.2380710070181,-3.12257745211232e-06,-5.44992576878956e-08,0.999999999999999,-0.000171143525932727,1.10193339183417e-06,0.00348732328304074,-0.000152818357432427
14.2408661689827,-6.15892165030991e-06,-1.0749346117027e-07,0.999999999999994,-1.89592603764555e-05,2.18178910701748e-06,0.000386330283838931,-0.000326599527871959
14.2442508418004,-9.59973493262287e-06,-1.67546981892984e-07,0.999999999999986,-1.77427845933711e-05,3.40553045104793e-06,0.000361553807401042,-0.000517422305595571
14.2483896052834,-1.35488341247181e-05,-2.36471765282893e-07,0.999999999999972,-1.66534723890798e-05,4.80987382605905e-06,0.000339314720631512,-0.000768805268840733
14.2508438585623,3.37748068581433e-06,5.89481583899762e-08,0.999999999999998,0.000120370593455518,-1.20952794287822e-06,-0.00245264081774154,0.000172261073883701
14.2532981118413,1.80694256667411e-06,3.15370971829004e-08,1,-1.11687988532381e-05,-6.50877430894204e-07,0.00022762545201998,9.57520581831073e-05
14.2570669382055,6.3374647336912e-06,1.10609625831937e-07,0.999999999999994,2.09806770082181e-05,-2.26199387309609e-06,-0.000427484921425732,0.000341239209546136
14.2620694527964,4.04793807386184e-05,7.06498473057206e-07,0.99999999999975,0.000119117862906653,-1.44035694731353e-05,-0.00242709449007247,0.00225877921223326
14.264034045119,6.69877349169876e-06,1.1691565327546e-07,0.999999999999993,-0.000300104409964343,-2.39024424534065e-06,0.0061149201744571,0.000372587842068033
14.2659986374415,1.09832385729018e-06,1.9169367562918e-08,1,-4.97539792811886e-05,-3.98520199380392e-07,0.00101381035805268,6.10406275253394e-05
14.2697471826128,-3.4498848389697e-06,-6.02118492546556e-08,0.999999999999998,-2.11765400153396e-05,1.21911143555658e-06,0.000431535852190897,-0.000179516370106256
14.2734151144798,-1.64920637281845e-05,-2.87840812505546e-07,0.999999999999959,-6.2059212522029e-05,5.8574876303282e-06,0.00126457534189609,-0.000882091464710748
14.2770830463468,-2.6558891185865e-05,-4.63540096872229e-07,0.999999999999893,-4.79014580251939e-05,9.43759007813812e-06,0.000976054784444917,-0.00144753120533057
14.2801288399533,3.99983097376079e-06,6.98102200153766e-08,0.999999999999998,0.000175110459141221,-1.43019486452245e-06,-0.00356812914682925,0.00019104679272832
14.2831746335598,1.73158359882999e-05,3.02218350731154e-07,0.999999999999954,7.63046222889346e-05,-6.16572525287591e-06,-0.00155477717801094,0.000919539253493223
14.2862064806222,1.3184534703106e-05,2.30113540912652e-07,0.999999999999974,-2.37824693448771e-05,-4.69632990070575e-06,0.000484653520430241,0.000710937885404811
14.2896658669389,6.32877228257452e-06,1.10457913939882e-07,0.999999999999994,-3.45886859741061e-05,-2.25799256378936e-06,0.000704846788899707,0.000357816548285082
14.2925664023218,-6.54146445108807e-06,-1.1417009257365e-07,0.999999999999993,-7.74436360384234e-05,2.31917718933649e-06,0.0015780430675095,-0.00034189889737433
14.2954669377048,-6.31772967302127e-06,-1.10265184045166e-07,0.999999999999994,1.34627164055373e-06,2.23963505087241e-06,-2.74232608682258e-05,-0.000337711425797223
14.2991158501814,-1.00687703694242e-05,-1.75733194573697e-07,0.999999999999985,-1.79417870251521e-05,3.57368453111785e-06,0.000365601939975665,-0.000548327686517832
14.3,-4.60307890004432e-06,-8.03388825348523e-08,0.999999999999997,0.000107893832053046,1.62992571174697e-06,-0.00219844960487192,-0.000249632293360839
14.3044207490931,2.08266963363026e-06,3.63494423381521e-08,0.999999999999999,2.63956000254447e-05,-7.47876476186882e-07,-0.000537873138213585,7.31909440925743e-05
14.3069731347099,7.6061809170526e-06,1.32752900504929e-07,0.999999999999991,3.77699425701746e-05,-2.71201963449157e-06,-0.000769532293752664,0.00040039544783406
14.3095255203268,2.90179429801569e-06,5.06458647159713e-08,0.999999999999999,-3.21687425464676e-05,-1.03885995918446e-06,0.000655527779281052,0.000155214412952115
14.313311265889,6.18358610237031e-06,1.07923937066925e-07,0.999999999999994,1.51299318484232e-05,-2.20587482097102e-06,-0.000308265529900182,0.000336521722537843
14.3172346689043,-4.05590194490171e-06,-7.07888430765764e-08,0.999999999999997,-4.55504518521214e-05,1.43588841724859e-06,0.00092821543543863,-0.000191388531302696
14.3200784554409,-1.19411740982914e-05,-2.08412804569048e-07,0.999999999999978,-4.83946174300992e-05,4.24015691869427e-06,0.000986103726611327,-0.000632950403381834
14.3229222419775,-6.60418348721821e-06,-1.15264746257798e-07,0.999999999999993,3.27549403275686e-05,2.34213530820497e-06,-0.000667427595584176,-0.000355178914001909
14.3266101037105,-6.27840236367586e-06,-1.09578793011138e-07,0.999999999999994,1.54180217652706e-06,2.22629405089125e-06,-3.14114968783503e-05,-0.000349303140778878
14.3293860166597,2.74866615172972e-06,4.79732743858056e-08,0.999999999999999,5.67568473077763e-05,-9.83976213069655e-07,-0.00115647368008995,0.000142283261451195
14.3321619296089,2.57194424406621e-06,4.48888952366719e-08,0.999999999999999,-1.11112243272326e-06,-9.21041132186385e-07,2.26718495987415e-05,0.00013723379948709
14.336260605403,1.07051763127476e-05,1.8684057366395e-07,0.999999999999983,3.46335464326747e-05,-3.81340382621487e-06,-0.000705682234783082,0.000580262840252059
14.3401301879833,6.28505386979993e-07,1.0969488369322e-08,1,-4.5449627096849e-05,-2.29498365366021e-07,0.000926173659945655,7.0484658532549e-05
14.3428085374017,-9.70115513458252e-06,-1.69317098345218e-07,0.999999999999986,-6.73125714933228e-05,3.44403392112556e-06,0.00137156573416646,-0.000510928735879253
14.3454868868202,-4.70763681304532e-06,-8.21637623757335e-08,0.999999999999997,3.25399424618115e-05,1.66815579823441e-06,-0.00066304945525322,-0.000251917777254021
14.349105517423,-6.4980907442378e-06,-1.13413078580318e-07,0.999999999999994,-8.63567455050989e-06,2.30495020920621e-06,0.000175976627863916,-0.000354746143368363
14.3527815222327,5.93605194683542e-06,1.03603651041697e-07,0.999999999999995,5.9036029835924e-05,-2.11710700317457e-06,-0.00120295196587365,0.000298439071111812
14.3564575270424,5.35150692348321e-05,9.34014157580407e-07,0.999999999999564,0.000225900277483117,-1.90379600174952e-05,-0.00460305518907505,0.00285026813050053
14.3594747174892,3.41497782788934e-05,5.96026069792696e-07,0.999999999999822,-0.000112020800063088,-1.21506619947748e-05,0.0022826858775639,0.00184649001316954
14.3623806182968,4.28185139644515e-06,7.47324049490848e-08,0.999999999999997,-0.000179391417448663,-1.5284034875944e-06,0.00365540987474065,0.000246983888447947
14.3661917578078,-4.23219789823436e-05,-7.38657879201669e-07,0.999999999999727,-0.000213424431668116,1.50459220672579e-05,0.00434891598873682,-0.00222884351689106
14.3693431158276,-5.583760969688e-05,-9.74550135653915e-07,0.999999999999525,-7.48541596899668e-05,1.98524314430856e-05,0.00152521844413418,-0.00299622212712381
14.3719658528521,-1.14552524955791e-05,-1.99931872695152e-07,0.99999999999998,0.000295347286330681,4.06836577222241e-06,-0.00601816557403056,-0.000623827839307639
14.3756990400199,7.44615855613761e-06,1.29959983430148e-07,0.999999999999992,8.83673497475e-05,-2.65377572014865e-06,-0.00180064411193865,0.000363142473441079
14.3783837754776,1.16651734348579e-05,2.03595684254446e-07,0.999999999999979,2.74275443458788e-05,-4.15400810959383e-06,-0.000558800825279217,0.000618109635440353
14.3810685109354,4.79680815196987e-06,8.37200958383787e-08,0.999999999999996,-4.4650800908587e-05,-1.71125519240428e-06,0.000909867268352701,0.000257771479034455
14.3847662599936,5.70619782191155e-06,9.95919397624853e-08,0.999999999999995,4.29229882125601e-06,-2.03455001107676e-06,-8.74301672660975e-05,0.000314892219388373
14.3880238218658,-5.4179050977922e-06,-9.45602825170591e-08,0.999999999999996,-5.9600471118771e-05,1.92168239370297e-06,0.00121447651956679,-0.000280081252261779
14.391281383738,-1.41162063182428e-05,-2.46374278144161e-07,0.99999999999997,-4.66035647471018e-05,5.01515769995784e-06,0.000949629025526222,-0.000753699072688391
14.3947723511547,-1.88122771359513e-05,-3.28336175819993e-07,0.999999999999946,-2.34782763319479e-05,6.68523942803433e-06,0.000478400835273454,-0.00102181889583434
14.398711019789,7.76835589401636e-06,1.35583387817293e-07,0.999999999999991,0.000117785883177782,-2.76813860692551e-06,-0.00240014556000001,0.000338908342424922
14.4010509913217,8.05278894578618e-06,1.40547681072172e-07,0.99999999999999,2.12151865334489e-06,-2.86888833599326e-06,-4.30559635707689e-05,0.00041975394289309
14.4033909628544,2.34432507352438e-06,4.09161912700586e-08,0.999999999999999,-4.2578077728988e-05,-8.38635120758953e-07,0.000867640134454163,0.000124361482633005
14.406922495476,5.04873997615321e-06,8.81171356609335e-08,0.999999999999996,1.33655694135536e-05,-1.80034765509144e-06,-0.000272321577446877,0.000272133316257847
14.4118271020742,2.42671329564758e-05,4.23541370109716e-07,0.99999999999991,6.83896307954135e-05,-8.63471036800127e-06,-0.00139345788006619,0.00136579566428115
14.4140063688773,1.1585630592509e-06,2.02207399759064e-08,1,-0.000185071708324501,-4.16669001636678e-07,0.00377101204629643,7.2588694823137e-05
14.4161856356803,-2.21481149431928e-07,-3.86557528868872e-09,1,-1.10524857401469e-05,7.41199279986232e-08,0.000225208280578706,-1.0162493267977e-05
14.4199937457207,-4.89901403372741e-06,-8.55039249899517e-08,0.999999999999996,-2.14380227553305e-05,1.73770537911573e-06,0.000436853303465707,-0.000260130280373305
14.4250004343748,-8.77524450571078e-05,-1.53156909292136e-06,0.999999999998827,-0.000288826661263029,3.12034781913027e-05,0.00588528163986527,-0.00473801838693405
14.4280972613743,-1.77509198269201e-05,-3.09811996237292e-07,0.999999999999952,0.000394519001834717,6.30812328576323e-06,-0.0080389879414709,-0.00101499429210018
14.4311940883737,3.82479647875925e-05,6.67552917730293e-07,0.999999999999777,0.000315602038517408,-1.36070669250112e-05,-0.00643083718083054,0.0020091524248208
14.4337223705074,1.44900321846912e-05,2.52898770342805e-07,0.999999999999968,-0.000164006279940867,-5.1575739701301e-06,0.0033419897416858,0.00077355959826127
14.4364261292271,4.52149521164992e-06,7.89149785564488e-08,0.999999999999997,-6.43488601696419e-05,-1.61229915869525e-06,0.00131123934454831,0.000244664469132764
14.4404381488625,2.23493253403567e-06,3.90069312788627e-08,0.999999999999999,-9.94712162556014e-06,-7.98950014249608e-07,0.00020272810662901,0.000138262234009565
14.4433381430852,-7.90177610440674e-06,-1.37912009777308e-07,0.99999999999999,-6.10066529353118e-05,2.80604429922891e-06,0.00124310396390135,-0.000416272602039109
14.4462381373078,-6.1041201242896e-06,-1.06536994106099e-07,0.999999999999994,1.08189924745579e-05,2.16673782790693e-06,-0.00022045094653181,-0.000327252165740272
14.4499739751519,-8.93468010048237e-06,-1.55939585365835e-07,0.999999999999988,-1.32239656329227e-05,3.17339681601854e-06,0.000269460032832533,-0.000490134004406079
14.4532230053945,5.70304032251532e-06,9.95368310018915e-08,0.999999999999995,7.8631590749238e-05,-2.03230226274567e-06,-0.00160223164762061,0.000291824563081652
14.4564720356371,1.79225812457702e-05,3.12808053194871e-07,0.999999999999951,6.56415010845089e-05,-6.37793996372563e-06,-0.00133751839056672,0.000955726044423767
14.4597662964892,1.83233407609602e-05,3.19802626243634e-07,0.999999999999949,2.12326022820655e-06,-6.52032396736679e-06,-4.3221836408953e-05,0.000992945618085058
14.463417750481,1.21575245353992e-06,2.1218883203471e-08,1,-8.17711913439539e-05,-4.35965157970469e-07,0.00166628384835234,0.000108344087925033
14.4660224941925,-9.13357402038675e-06,-1.59410939130364e-07,0.999999999999987,-6.9346485620405e-05,3.24451351682443e-06,0.00141299071327306,-0.000479991704769301
14.4686272379039,-4.01559016763638e-06,-7.00852698359658e-08,0.999999999999998,3.42934580858342e-05,1.42435430204214e-06,-0.000698786297765759,-0.000214512978643585
14.4722345270722,-6.19097170352278e-06,-1.08052840124275e-07,0.999999999999994,-1.05252361310227e-05,2.19803153751457e-06,0.000214476078682645,-0.000336757550000439
14.4761844447701,4.63543958559525e-06,8.09036830459185e-08,0.999999999999997,4.78380912262042e-05,-1.65231795660994e-06,-0.000974792334566796,0.000221327404220932
14.478993344289,1.16769025960178e-05,2.03800396735182e-07,0.999999999999979,4.37526201499473e-05,-4.1563774411167e-06,-0.00089147349973498,0.000619174681083263
14.4818022438079,6.0219256810288e-06,1.05102430444354e-07,0.999999999999994,-3.5137592365679e-05,-2.1451605486767e-06,0.000716015962449376,0.000324037129120939
14.4855106141137,6.12347306193829e-06,1.06874766588002e-07,0.999999999999994,4.77928577111473e-07,-2.18115614809217e-06,-9.70658171846952e-06,0.000340441248904816
14.4883544160948,-3.08197232232466e-06,-5.37905644799013e-08,0.999999999999999,-5.64966661292325e-05,1.09266501723397e-06,0.00115121277325271,-0.000159451173545008
14.491198218076,-3.28778161229884e-06,-5.73826142211424e-08,0.999999999999998,-1.26311528194421e-06,1.16587655160345e-06,2.57442448012181e-05,-0.000175248609586363
14.4952138927516,-1.14987147095161e-05,-2.00690431428557e-07,0.99999999999998,-3.56871083407779e-05,4.08601838801963e-06,0.000727185858506184,-0.000623582202135782
14.4989676834568,8.86776446254423e-07,1.54771687162742e-08,1,5.75864818049791e-05,-3.18827144525858e-07,-0.00117343929869102,1.43327514197984e-05
14.5017086024356,1.08211355892764e-05,1.88864444837609e-07,0.999999999999982,6.32588111727692e-05,-3.8516923116835e-06,-0.00128893454875942,0.000571508469844402
14.5044495214144,5.58501614536975e-06,9.74769205137442e-08,0.999999999999995,-3.33419283933194e-05,-1.98943612607618e-06,0.000679427666412014,0.000299654980940238
14.5080578093723,6.56164914980652e-06,1.1452238202481e-07,0.999999999999993,4.72397483518515e-06,-2.33666619458919e-06,-9.62312522081128e-05,0.000360129442220516
14.5114975666513,-6.22646029393533e-06,-1.08672232873865e-07,0.999999999999994,-6.48867337995683e-05,2.21136607270158e-06,0.00132219569532855,-0.000318940846808008
14.5149373239303,-2.74380577034684e-05,-4.78884447277698e-07,0.999999999999885,-0.000107627423790115,9.75503912140344e-06,0.00219308295231185,-0.00146350007081816
14.5181652315354,-2.41091938652377e-05,-4.20784812950004e-07,0.999999999999912,1.79991627504616e-05,8.57109357542308e-06,-0.000366784211576775,-0.00130680572630856
14.5215616458507,-6.40352598173188e-07,-1.11762612118224e-08,1,0.000120600290103427,2.24596442618628e-07,-0.00245744375036147,-7.03354246330781e-05
14.5242849151859,1.07944001865087e-05,1.88397824032466e-07,0.999999999999982,7.32847400232118e-05,-3.84185824007474e-06,-0.00149322530464101,0.000569255412762298
14.5270081845211,5.62103932596816e-06,9.81056436222271e-08,0.999999999999995,-3.31558025652166e-05,-2.00192084784271e-06,0.000675635482851694,0.000301317846916013
14.5305695603256,6.57728179997145e-06,1.14795223241001e-07,0.999999999999993,4.68627309648206e-06,-2.34190648017815e-06,-9.54646886499021e-05,0.00036002958272099
14.5341478084611,-6.34601907066352e-06,-1.10758927177429e-07,0.999999999999994,-6.3034798559721e-05,2.25422647270208e-06,0.00128446457004246,-0.000322256315070234
14.5377260565966,-4.14506947579942e-05,-7.23451100766091e-07,0.999999999999738,-0.00017122685470268,1.47388273641673e-05,0.00348902603136368,-0.00220920650700823
14.5408192207585,-2.94348166858505e-05,-5.13734465889035e-07,0.999999999999868,6.78000338488484e-05,1.0465404216123e-05,-0.00138157010891222,-0.00159322232650008
14.5439130887793,-2.98826228438249e-06,-5.21550157756415e-08,0.999999999999999,0.000149191706628258,1.05998667076052e-06,-0.00304001899304486,-0.000183275844513472
14.5476047379911,5.0008852025716e-05,8.72819122991269e-07,0.999999999999619,0.000250558513474759,-1.77878721420336e-05,-0.00510553894253829,0.00264202126032043
14.5505801976063,4.15044973416227e-05,7.24390132996487e-07,0.999999999999738,-4.9884390712509e-05,-1.47631158291234e-05,0.00101656775895731,0.00222960299401372
14.5532178426507,8.13814404645622e-06,1.42037408612235e-07,0.99999999999999,-0.000220785099811244,-2.89669610197806e-06,0.00449886907737882,0.000444541398963617
14.5574900321062,-1.98310067126869e-05,-3.46116361121476e-07,0.99999999999994,-0.000114263137162012,7.05058552334194e-06,0.00232838026706853,-0.000997688962835214
14.5598662771583,-9.89459528627582e-06,-1.72693265897823e-07,0.999999999999985,7.29819910887123e-05,3.51653712418182e-06,-0.00148724071867099,-0.000520901308261681
14.5622425222105,-2.58473102484657e-06,-4.51120666620199e-08,0.999999999999999,5.36902535023168e-05,9.16850574196056e-07,-0.00109403133636737,-0.000137611998231724
14.5658906184643,-5.2293281595292e-06,-9.12689940510397e-08,0.999999999999996,-1.2652332663049e-05,1.85739813488841e-06,0.000257818734834801,-0.000283091831269916
14.5711068267654,-5.81355105662655e-06,-1.01465607170929e-07,0.999999999999995,-1.95479408243858e-06,2.06459808656823e-06,3.97223308036708e-05,-0.000430471711848118
14.5731588165424,2.39751623436435e-07,4.1844552159674e-09,1,5.14866416851648e-05,-8.76075141537969e-08,-0.00104883836406446,-4.7954055608584e-06
14.5752108063193,1.99124725304325e-07,3.47538207868974e-09,1,-3.45553932698091e-07,-7.30500914196037e-08,7.09429593548297e-06,8.13313650461336e-06
14.5786359194962,3.97109020437177e-06,6.93085989599819e-08,0.999999999999998,1.92207420550082e-05,-1.41446170682971e-06,-0.000391640084911545,0.000210764599777789
14.5832549909903,4.54094095522997e-05,7.92543708074111e-07,0.999999999999686,0.000156575863791149,-1.6151379612595e-05,-0.00319045027216739,0.00244903718342651
14.587523547426,7.45024164032609e-05,1.30031246692837e-06,0.999999999999155,0.000118955615677066,-2.64966393244212e-05,-0.00242359679854186,0.00424225411435827
14.5893791823532,1.72437975374097e-05,3.00961042575084e-07,0.999999999999955,-0.000538549587367916,-6.13439264758951e-06,0.0109731964936999,0.000963183074227682
14.5912348172804,3.59194702907435e-06,6.26913022145759e-08,0.999999999999998,-0.000128403349638901,-1.2794248612851e-06,0.00261633779097263,0.000198595814846449
14.5942761490596,-2.30351251168839e-06,-4.02038776898467e-08,0.999999999999999,-3.3832277230507e-05,8.17256256267517e-07,0.000689395721926917,-0.000119005106327146
14.5984145986469,-2.81644684456528e-05,-4.91562706450672e-07,0.999999999999879,-0.00010906471596286,1.00144651702326e-05,0.00222238031901705,-0.00150454435573351
14.6023745441411,-8.12661260411112e-05,-1.41836146975762e-06,0.999999999998994,-0.000234043313136874,2.88991408055332e-05,0.00476892312353569,-0.00441887579373567
14.6050020246222,-3.25048136881395e-06,-5.67316021605355e-08,0.999999999999998,0.00051822644445291,1.15398538557736e-06,-0.0105596047694267,-0.000201723106896604
14.6076295051033,5.70863316556794e-06,9.9634444527707e-08,0.999999999999995,5.95117824136593e-05,-2.03207683653879e-06,-0.00121259215625621,0.00029940584981112
14.6106764113561,6.98566365854075e-06,1.21922831278449e-07,0.999999999999993,7.3150877978847e-06,-2.48616836014847e-06,-0.000149033638038856,0.000374208650454662
14.6144694124064,1.27627174629904e-05,2.22751441230958e-07,0.999999999999975,2.65828057026874e-05,-4.54059345913033e-06,-0.000541635784354075,0.000697596422268598
14.6177123143453,-5.22491051769964e-06,-9.11918916559401e-08,0.999999999999996,-9.68093820921292e-05,1.85656420445116e-06,0.00197266454064295,-0.000262046659956068
14.6209552162842,-2.13446413272155e-05,-3.72534268817154e-07,0.999999999999931,-8.67563628087011e-05,7.58934520950491e-06,0.00176779351122162,-0.00113607809623895
14.6241061645952,-1.81872373092746e-05,-3.1742717288839e-07,0.99999999999995,1.74890510695803e-05,6.46639566563279e-06,-0.000356384628700588,-0.000983086779253135
14.6275424687239,-4.4324228981286e-06,-7.73603734131333e-08,0.999999999999997,6.9861918643313e-05,1.57458737504229e-06,-0.00142356674710088,-0.000264336643842307
14.6303661774528,9.20319467324648e-06,1.60626048750154e-07,0.999999999999987,8.42815052883591e-05,-3.27463907903141e-06,-0.00171732530502536,0.000483964707285401
14.6331898861816,6.47816688192e-06,1.13065341583158e-07,0.999999999999994,-1.68433474320773e-05,-2.30543294498686e-06,0.000343238707357595,0.000347046582891937
14.6367556433955,7.98001646268775e-06,1.39277561637252e-07,0.99999999999999,7.35109500784819e-06,-2.83946305800229e-06,-0.000149766257483223,0.000436177772791464
14.6402995908656,-6.14400607437351e-06,-1.07233135260349e-07,0.999999999999994,-6.95582253911885e-05,2.18368537774286e-06,0.00141738794893795,-0.000309604120920723
14.6438435383356,-4.20345811244995e-05,-7.3364184031911e-07,0.999999999999731,-0.000176754511840043,1.49477689848298e-05,0.00360165711114165,-0.00223890419556596
14.646886931831,-2.80436092942721e-05,-4.89453316327913e-07,0.99999999999988,8.02356068513863e-05,9.97191836014314e-06,-0.0016349678844363,-0.00151650700910124
14.6499405369218,-3.744163946877e-06,-6.53479886074696e-08,0.999999999999998,0.000138886763385912,1.33009273609054e-06,-0.00283004035134688,-0.000220290829858417
14.6529945884091,1.15325666346091e-05,2.01281258979569e-07,0.99999999999998,8.73034553286544e-05,-4.1028237836108e-06,-0.00177892106351617,0.000607374514407947
14.6560486398963,1.2562398743063e-05,2.19255220014844e-07,0.999999999999976,5.88528422340423e-06,-4.46897801094813e-06,-0.000119891307945528,0.00067400075905948
14.6594620210099,1.02533375189303e-05,1.78954499023599e-07,0.999999999999984,-1.18066865815173e-05,-3.64768285030765e-06,0.000240610448500548,0.00056282550499041
14.6627061789924,-6.60168787175386e-06,-1.15221189551082e-07,0.999999999999993,-9.06785952346038e-05,2.34666412807971e-06,0.00184773584106344,-0.000337785377465835
14.6659503369749,-2.03421304059726e-05,-3.55037152454265e-07,0.999999999999937,-7.392240581218e-05,7.2332723680051e-06,0.00150627936932926,-0.00108458939291377
14.6691579043332,-1.75916691526852e-05,-3.07032547635872e-07,0.999999999999953,1.49660473050464e-05,6.25504631010358e-06,-0.000304974439701526,-0.000952982240722587
14.6727366225842,-1.33476856633926e-06,-2.32961062347444e-08,1,7.92843754381902e-05,4.73354936554808e-07,-0.00161557601577207,-0.000107653376331793
14.6754260127351,9.69972672884136e-06,1.6929216796198e-07,0.999999999999986,7.16103887475911e-05,-3.45076343970033e-06,-0.0014591108601355,0.000510897668063612
14.678115402886,4.86805944780204e-06,8.49636655469625e-08,0.999999999999996,-3.13559943648133e-05,-1.732361508108e-06,0.000638955984517724,0.000260720666622888
14.681720093439,6.58901590432602e-06,1.1500002199676e-07,0.999999999999993,8.33257557274421e-06,-2.3443279561593e-06,-0.00016976948202403,0.000359890035000079
14.6854002023044,-5.95172963581674e-06,-1.03877278333525e-07,0.999999999999995,-5.94757677923362e-05,2.11575566786009e-06,0.00121194339274238,-0.000298693514949429
14.6890803111699,-5.47486222207148e-05,-9.55543718681857e-07,0.999999999999543,-0.000231424251698351,1.946984527003e-05,0.00471564571505836,-0.00291554364882041
14.6920866244415,-3.43205627421833e-05,-5.99006820988357e-07,0.999999999999821,0.000118596056193748,1.22046737876934e-05,-0.00241663819635529,-0.00185527372086059
14.6949771665723,-4.36482518270325e-06,-7.61805707121347e-08,0.999999999999997,0.000180874807078338,1.5512754516795e-06,-0.00368560562469276,-0.000250642026667111
14.6988105975022,4.2110955773101e-05,7.34974829402261e-07,0.99999999999973,0.000211600369215839,-1.49774040869829e-05,-0.00431171966868214,0.00221713225256479
14.7019812148241,5.84403802138186e-05,1.01997705084831e-06,0.99999999999948,8.98885587580428e-05,-2.07845123349663e-05,-0.001831538674732,0.00313572545850825
14.7045952753984,1.19349770185338e-05,2.08304645123269e-07,0.999999999999978,-0.00031050252382244,-4.24533088038071e-06,0.00632700772797335,0.000649891948303356
14.7082680746656,-6.28666514327059e-06,-1.09723005720433e-07,0.999999999999994,-8.65899897351666e-05,2.23515108839364e-06,0.00176445307716618,-0.00030338594186981
14.7109941123193,-1.18552550632693e-05,-2.06913234517777e-07,0.999999999999979,-3.56525628551565e-05,4.21543651513435e-06,0.00072643362940567,-0.000628082561932783
14.7137201499731,-5.27167289951714e-06,-9.20080491847302e-08,0.999999999999996,4.21509897976677e-05,1.87403952273137e-06,-0.000858901192779179,-0.000283200248307959
14.717406782119,-5.82998975122059e-06,-1.01752516516324e-07,0.999999999999995,-2.64318948731123e-06,2.0725802078151e-06,5.38542163218529e-05,-0.000322198729607318
14.7205644160397,5.00995777758773e-06,8.74402586048036e-08,0.999999999999996,5.9915994024216e-05,-1.78249318507041e-06,-0.00122087407525557,0.000259651372213952
14.7237220499604,1.02954917330121e-05,1.79690228852917e-07,0.999999999999984,2.92149034897415e-05,-3.66216853189224e-06,-0.000595279691708829,0.000549951141298522
14.7273183537947,1.63959448608354e-05,2.86163221797017e-07,0.999999999999959,2.96062284633618e-05,-5.83161801035179e-06,-0.00060324421360743,0.00089106478632211
14.7315096573039,-1.18691349333242e-05,-2.07155483949984e-07,0.999999999999979,-0.000117700544631368,4.22106554947122e-06,0.00239846232509326,-0.000534327852910846
14.7337219415374,-6.54125244238929e-06,-1.14166392323814e-07,0.999999999999993,4.20330670981155e-05,2.3258044476116e-06,-0.000856698733902813,-0.000335597411357212
14.7359342257709,-1.68306502627385e-06,-2.93750262336435e-08,1,3.83275190442435e-05,5.97991907027882e-07,-0.000781008386911485,-8.81061082647155e-05
14.7393747893465,-4.5612478314345e-06,-7.96087926579833e-08,0.999999999999997,-1.46004470840207e-05,1.62160207699858e-06,0.000297512354440564,-0.000244300159243
14.7440951895205,-3.26226654610823e-05,-5.6937292307249e-07,0.999999999999838,-0.000103754790347174,1.16011641474105e-05,0.00211413475604227,-0.00178492538754824
14.7466993069388,9.58829011113528e-07,1.67347232075724e-08,1,0.000225069592548002,-3.4156467094077e-07,-0.00458609459562154,3.85494704297331e-05
14.7493034243571,3.01588711676505e-06,5.26371600560287e-08,0.999999999999999,1.37867964771455e-05,-1.07305721434023e-06,-0.000280898448842518,0.000159099309897438
14.7528224084256,7.70071959504196e-06,1.34402911706326e-07,0.999999999999991,2.32356129093689e-05,-2.73911838395043e-06,-0.000473449477795539,0.000413727164274966
14.7572389445336,2.79316459726822e-05,4.87499187724699e-07,0.999999999999881,7.99486899651889e-05,-9.93374177453757e-06,-0.00162901948827233,0.00154226810637065
14.7596446147784,-3.92873322794981e-07,-6.85693302602291e-09,1,-0.000205496211222464,1.39377894960894e-07,0.00418724041310317,-1.10521310653417e-05
14.7620502850231,-1.19698085848201e-06,-2.08912570638594e-08,1,-5.83385194556518e-06,4.25322084082194e-07,0.000118862587149264,-6.24311211847533e-05
14.7658089540391,-6.274301245578e-06,-1.09507214997317e-07,0.999999999999994,-2.35764196200398e-05,2.23103475539385e-06,0.000480412790707903,-0.000335803427316683
14.7706688068483,-5.79229353626565e-05,-1.01094593449804e-06,0.999999999999489,-0.000185486835690432,2.05990009810433e-05,0.003779531386394,-0.00316263520644973
14.7731130203372,-2.59816843360793e-06,-4.53465936878421e-08,0.999999999999999,0.000395055237685613,9.23624359944924e-07,-0.00804977826629281,-0.000154860894483516
14.7755572338261,1.58972028247572e-06,2.77458531149357e-08,1,2.99042809209676e-05,-5.65663656462204e-07,-0.000609311757410983,8.22695990634353e-05
14.7790152216764,6.11450427962377e-06,1.06718231806719e-07,0.999999999999994,2.28376680632136e-05,-2.17481704736657e-06,-0.000465343853294521,0.000326659014286134
14.7834252762606,3.5638904527499e-05,6.22016225808731e-07,0.999999999999807,0.000116846171440504,-1.26746495081754e-05,-0.00238088492113818,0.00193741675306785
14.7863537850696,-7.58822301522236e-07,-1.32439475991242e-08,1,-0.000216922746296413,2.69787174248174e-07,0.0044201460629083,-1.77650093331014e-05
14.7892822938786,-1.1825770549528e-05,-2.06398632674641e-07,0.999999999999979,-6.59566686226005e-05,4.20556107074695e-06,0.0013439515306779,-0.00062571105922927
14.7923701884362,-1.15953285223491e-05,-2.023766605654e-07,0.99999999999998,1.3024965827763e-06,4.12357152396364e-06,-2.65519256742914e-05,-0.000623628292916144
14.7959343511305,-9.2635529432348e-06,-1.61679499292258e-07,0.999999999999987,1.14184353419073e-05,3.29423886372092e-06,-0.000232686532958819,-0.000514474747623914
14.7986772550564,3.31013810887573e-06,5.777280869562e-08,0.999999999999998,8.00072893267352e-05,-1.1773726479771e-06,-0.00163024722434427,0.00017058135783953
14.8014201589822,3.08008964988172e-06,5.37577056470354e-08,0.999999999999999,-1.46381468588841e-06,-1.09550823942571e-06,2.98458898910072e-05,0.000164081767394876
14.8053068561165,9.62670420989823e-06,1.68017684578323e-07,0.999999999999986,2.93977058111068e-05,-3.4236784099836e-06,-0.00059900992799425,0.000521110667169851
14.8102372745591,1.16759746002258e-05,2.03784200153168e-07,0.999999999999979,7.25425559541697e-06,-4.15164792148344e-06,-0.000147648626577554,0.0007760175194153
14.8122352123287,1.83742711039832e-06,3.2069152841856e-08,0.999999999999999,-8.59461440307666e-05,-6.53368824127477e-07,0.00175094497464793,0.000121161678321408
14.8142331500983,2.87768521250274e-07,5.02250817941256e-09,1,-1.35372808271892e-05,-1.02343286479164e-07,0.000275797147453788,1.88936850256799e-05
14.8175234352027,-3.55721804897941e-06,-6.20851671660596e-08,0.999999999999998,-2.03957022613417e-05,1.26509924518919e-06,0.000415600012842418,-0.000187957764075914
14.8219760724873,-3.75232085686367e-05,-6.54903535435212e-07,0.999999999999786,-0.000133138706430309,1.33446924200618e-05,0.00271290752039691,-0.00201849603192866
14.8261732739386,-8.24572146798425e-05,-1.43914988818656e-06,0.999999999998964,-0.000186849824068987,2.93241052110206e-05,0.00380715888348075,-0.00458756452710589
14.8280067624763,-1.74323843228007e-05,-3.0425250290591e-07,0.999999999999954,0.000618982536262756,6.19955259491945e-06,-0.0126123246153308,-0.00096022917182183
14.829840251014,-3.45764623020553e-06,-6.03473110862563e-08,0.999999999999998,0.00013302793380107,1.22972719889941e-06,-0.00271058438261314,-0.000189187433299342
14.8331886067456,2.14748616768628e-06,3.74807042671606e-08,0.999999999999999,2.92167329863833e-05,-7.63667058875891e-07,-0.000595335268282905,0.000109004995243781
14.8376773519431,6.14565522404165e-05,1.07261918351896e-06,0.999999999999425,0.000230607538120242,-2.18563056701648e-05,-0.00469900555346384,0.00327585368641605
14.8404674781334,2.41381744256423e-05,4.21290619148137e-07,0.999999999999911,-0.000233440539939555,-8.58427126564751e-06,0.004756786431559,0.00130452026213718
14.8432576043238,3.04382795312884e-06,5.31248196463378e-08,0.999999999999999,-0.000131953099747709,-1.08229686356489e-06,0.00268875810279573,0.000172517635674616
14.8474726724319,-4.10627852107538e-05,-7.16680801966826e-07,0.999999999999743,-0.000182631834616778,1.46039321734016e-05,0.0037214651423779,-0.00215762798086927
14.8500131792068,-1.58345550303387e-05,-2.76365120867638e-07,0.999999999999962,0.00017331805033443,5.63159151234927e-06,-0.00353171294383091,-0.000845428255963934
14.8525536859818,-3.69149166375773e-06,-6.44286838424958e-08,0.999999999999998,8.3422897790789e-05,1.31303705228625e-06,-0.00169987913537986,-0.000199205064061046
14.8565579222193,-3.32179571470034e-06,-5.79762723001591e-08,0.999999999999998,1.6113963212202e-06,1.18151250811605e-06,-3.28463498081928e-05,-0.000191840793376744
14.8595427356109,6.63980718998976e-06,1.15886497162914e-07,0.999999999999993,5.82491253724048e-05,-2.36116474161466e-06,-0.00118690074885388,0.000348969017724153
14.8625275490025,6.69014288355961e-06,1.16765020746983e-07,0.999999999999993,2.94331158701038e-07,-2.37901194306458e-06,-5.97933576011363e-06,0.000358562596989033
14.8662848481562,1.09430052629282e-05,1.90991471901163e-07,0.999999999999982,1.97552678451697e-05,-3.8914052790377e-06,-0.000402521405439919,0.000599041868294505
14.8695379985279,-5.54349319744454e-06,-9.67522083573151e-08,0.999999999999995,-8.84507776702679e-05,1.97186977410656e-06,0.00180233754457934,-0.000280787694739907
14.8727911488996,-2.03280898908891e-05,-3.54792099237382e-07,0.999999999999937,-7.93200010432584e-05,7.22980875064791e-06,0.00161626066296269,-0.00108279947777067
14.8759945290935,-1.84291579600844e-05,-3.21649484773588e-07,0.999999999999948,1.03461382845694e-05,6.55440283847477e-06,-0.000210841633305438,-0.000997155296055605
14.8795036046352,-3.40329067369906e-06,-5.93986276584645e-08,0.999999999999998,7.4735027502558e-05,1.21051597669529e-06,-0.00152287598209954,-0.00021449567870276
14.8822463835936,9.36604676060209e-06,1.63468353868255e-07,0.999999999999987,8.12559031936954e-05,-3.33061495267271e-06,-0.00165566784572071,0.000492761389898544
14.884989162552,5.44615547177353e-06,9.50533445579531e-08,0.999999999999995,-2.4943683157692e-05,-1.93648676609694e-06,0.00050829039004336,0.000291640646102366
14.8885744560861,7.13220354464557e-06,1.24480434776475e-07,0.999999999999992,8.20772133116975e-06,-2.53605169914822e-06,-0.000167228966706633,0.000389503764099605
14.892218666378,-5.98431168685912e-06,-1.04445942401267e-07,0.999999999999995,-6.28192005513143e-05,2.12878004632772e-06,0.00128006656362569,-0.000300157750275875
14.8958628766699,-5.21030146053284e-05,-9.09369155077548e-07,0.999999999999587,-0.000220877267831256,1.85303794218528e-05,0.00450072802110282,-0.00277451649913607
14.8988658160108,-3.2544220611892e-05,-5.68003802172889e-07,0.999999999999839,0.000113677072411379,1.15743484665495e-05,-0.00231640741473384,-0.00175913420091349
14.9017824055304,-4.2890448860999e-06,-7.48579550282684e-08,0.999999999999997,0.000169083048485296,1.52571781062999e-06,-0.00344533592697436,-0.000246621231568907
14.9056635322741,4.5814508336986e-05,7.99614015662713e-07,0.99999999999968,0.000225313943203787,-1.62931715951714e-05,-0.00459116400536027,0.00241247574865816
14.9088252578232,6.21349339498568e-05,1.08445917793399e-06,0.999999999999412,9.00916786885508e-05,-2.20970739143127e-05,-0.00183567556038601,0.00333410631726343
14.9114004913042,1.20349561875211e-05,2.10049610805505e-07,0.999999999999978,-0.000339545743542908,-4.27953866140505e-06,0.00691880382257991,0.000654775977269418
14.9150441801274,-4.85167237375609e-06,-8.46776571500927e-08,0.999999999999996,-8.08870576652732e-05,1.72613586113685e-06,0.00164824023509386,-0.000228603468119795
14.9178020720247,-1.17449025009278e-05,-2.04987218966905e-07,0.999999999999979,-4.36237409936968e-05,4.17751535562861e-06,0.000888859892182092,-0.000622083992471592
14.920559963922,-5.63405577915015e-06,-9.83328235871844e-08,0.999999999999995,3.8672435088481e-05,2.00422900744822e-06,-0.000788024487218347,-0.000302720453281306
14.92423430765,-6.05643034169778e-06,-1.05704650380311e-07,0.999999999999994,-2.00629754287008e-06,2.15440557443202e-06,4.08716707257944e-05,-0.000334841870188665
14.9273642492714,4.96193949525974e-06,8.6602181477028e-08,0.999999999999996,6.14410283382861e-05,-1.76413184587209e-06,-0.00125195223882708,0.000257139791331692
14.9304941908928,9.63332283851419e-06,1.68133201439638e-07,0.999999999999986,2.60487350323999e-05,-3.42540463121479e-06,-0.000530767977903059,0.000514527416717903
14.9341028992366,1.57414859407247e-05,2.74740758822039e-07,0.999999999999962,2.95417493534555e-05,-5.59761442887159e-06,-0.000601935537790392,0.000855396479339776
14.9383413458106,-1.18223335722317e-05,-2.06338646104504e-07,0.999999999999979,-0.000113503708619073,4.20567620732145e-06,0.00231294425095672,-0.000528908759637832
14.9405384561743,-6.22885328181045e-06,-1.08713998391246e-07,0.999999999999994,4.44332015928883e-05,2.21593531250826e-06,-0.000905617181395896,-0.000318470235426816
14.942735566538,-1.58702065559978e-06,-2.76987357373751e-08,1,3.68735517302293e-05,5.6505611326948e-07,-0.000751386560499926,-8.29039809632994e-05
14.9461656316281,-4.50210829376373e-06,-7.85766130075211e-08,0.999999999999997,-1.48329188903468e-05,1.60177774214906e-06,0.00030224546813124,-0.000240983515322976
14.9508654447294,-3.32372606853736e-05,-5.80099633303404e-07,0.999999999999832,-0.000106711269041575,1.1820940671548e-05,0.00217437645054727,-0.00181525734375994
14.95353841073,1.08930380971655e-06,1.90119380340715e-08,1,0.000224137370699219,-3.86796237704818e-07,-0.00456711267805958,4.40907363556709e-05
14.9562113767306,4.0543257674164e-06,7.07613335898619e-08,0.999999999999997,1.93602894854028e-05,-1.4412011414901e-06,-0.000394470002071885,0.000214155561447806
14.959643378659,8.35069564442555e-06,1.45747133827175e-07,0.999999999999989,2.18489971163929e-05,-2.9691186655806e-06,-0.000445197163626821,0.000448937569925782
14.963888409108,2.16522684924722e-05,3.7790337571946e-07,0.999999999999929,5.46889462118513e-05,-7.69944899797206e-06,-0.00111432188514003,0.00119962971729419
14.9662946546142,-7.77120195583026e-07,-1.35633060966661e-08,1,-0.000162687756005314,2.77149742785828e-07,0.00331495631676318,-3.32038173436838e-05
14.9687009001205,-1.08976701711338e-06,-1.90200225282659e-08,1,-2.26773054425931e-06,3.8830913249895e-07,4.61961962827835e-05,-5.70004953196751e-05
14.9725775612983,-6.50946911789612e-06,-1.13611668664178e-07,0.999999999999994,-2.44002872057439e-05,2.31577240970872e-06,0.000497196734211258,-0.000348678442325638
14.9775865216048,-6.86176121353866e-05,-1.19760325661863e-06,0.999999999999283,-0.000216410496711829,2.4403431006791e-05,0.00440962939317153,-0.00375356372395903
14.9798827430043,-5.23543432192988e-06,-9.13755666895931e-08,0.999999999999996,0.000481760029847193,1.86261639339373e-06,-0.00981648138063162,-0.000295982937713683
14.9821789644037,2.96836063395024e-07,5.18076664490179e-09,1,4.20500973286376e-05,-1.04794982520055e-07,-0.000856803867603868,1.32714613550872e-05
14.9857123113598,5.04470323632509e-06,8.80466812598863e-08,0.999999999999996,2.34525269224554e-05,-1.79330750694551e-06,-0.000477879060672677,0.000267868155081438
14.9902837916185,5.20799720584761e-05,9.08966986766932e-07,0.999999999999587,0.000179574286459444,-1.85207347907212e-05,-0.00365908334662337,0.00281050071897059
14.9944067517918,6.00561941500706e-05,1.0481783241355e-06,0.999999999999451,3.37648998571768e-05,-2.13561933514015e-05,-0.000687723975361484,0.00345259729132065
14.9963059462302,1.30596227383785e-05,2.27933415853021e-07,0.999999999999974,-0.000431890959514481,-4.64347574974973e-06,0.00879989813796503,0.000735979721518515
14.9982051406685,2.60799964721578e-06,4.55181807347659e-08,0.999999999999999,-9.60487412110015e-05,-9.26635680605052e-07,0.00195706136986048,0.000145319744303546
15,5.89355581493473e-07,1.02861953620669e-08,1,-1.96293852977539e-05,-2.08747433720647e-07,0.000399969086321845,3.24950381299477e-05
