time,theta_deg,sin_theta,cos_theta,theta_dot,x,x_dot,u
0,15,0.258819045102521,0.965925826289068,0,0,0,810
3.30390386827407e-08,14.9999999998098,0.258819045099314,0.965925826289928,-0.000100475754959378,7.01749941278549e-11,0.00212400229927131,809.997522067009
1.98234232096444e-07,14.9999999931528,0.258819044987087,0.965925826319999,-0.000703328268513474,2.52629978865064e-09,0.0148680160951889,809.985132249366
1.02421019916496e-06,14.999999817218,0.258819042021075,0.965925827114739,-0.00371759191159178,6.74381693918236e-08,0.0785880851153001,809.923179344068
5.15409003450754e-06,14.9999953712979,0.258818967069148,0.965925847198044,-0.0187889108393747,1.7077786792451e-06,0.397188435318531,809.613319406807
2.58034892112205e-05,14.9998839855016,0.258817089261592,0.965926350352943,-0.0941455424016719,4.28040226077574e-05,1.99019078360682,808.061636488066
0.000129050485094785,14.9970981315112,0.258770123371114,0.96593893349968,-0.470932100207998,0.00107065381427672,9.95525131625237,800.243894101249
0.000372167314673964,14.9758654550831,0.258412147852086,0.96603476223295,-1.52428819231567,0.00890436714412978,32.2220117110476,781.44956271551
0.000737062614621711,14.9053548607672,0.25722310949295,0.966352043482487,-3.37258942093038,0.0349170793481982,71.2881536369293,752.249093965695
0.00121951913601628,14.7411263952918,0.254452175248719,0.967085358441123,-5.94111038183817,0.0954929594224693,125.557179534381,711.887636623889
0.00182583476777478,14.4211786677313,0.249047894809071,0.968491169857098,-9.20995763214744,0.213462157804404,194.567304886712,658.517621772223
0.00257498177887468,13.8550886460738,0.239467071672028,0.970904486334688,-13.1885125272062,0.422049615989615,278.433278241292,588.925451618436
0.00350524729918385,12.9007529068606,0.223262925039685,0.974758260443441,-17.9048889323442,0.773315185708935,377.597107546861,497.824039896522
0.00469381311816567,11.3072837640281,0.196070803948666,0.980589740839116,-23.3990264798146,1.35885545914777,492.644382067485,375.971397173269
0.00633561501797921,8.51156831716391,0.148009095584339,0.98898599971097,-29.7200530113812,2.38366453564309,624.197765035908,203.042261136603
0.008453197213861,4.15362775886416,0.072430998462526,0.997373425784807,-35.9185166443365,3.97648437936217,752.187965509322,-15.0141517840892
0.0105707794097428,-0.633077885782551,-0.0110490687008666,0.999938957177309,-39.4524349446063,5.72275351557366,824.65235097253,-210.266192833254
0.0129593710340471,-5.95171113762585,-0.103690243547156,0.994609638699089,-38.8629270094491,7.66367295209333,812.579018016528,-382.967610210747
0.0159088344024692,-11.5678653371339,-0.200528489215385,0.979687871218683,-33.2332935986111,9.71835794767231,696.630111625415,-506.928842620355
0.0183866869334147,-14.9980768280852,-0.25878662299761,0.965934513182696,-24.1614397181248,10.9756877364528,507.427206856686,-532.62712274801
0.0204665132860833,-16.835384641056,-0.289622961718818,0.957140815160037,-15.4181480909761,11.6465259144811,322.545282286486,-505.777146536696
0.0228965853857213,-17.7856632806608,-0.305457050764036,0.952205854917169,-6.82510246298713,11.9841815180588,138.948800584133,-430.6114681054
0.0258575846205501,-17.3665477686156,-0.29848360659552,0.95441476130335,2.47043144940001,11.8044303307241,-60.7062592993399,-296.345144381384
0.0288185838553789,-15.5510894300841,-0.268097518540244,0.963391779367337,10.7010245282934,11.101819064937,-237.288567157531,-140.570233247854
0.0315488689409579,-13.0450163551191,-0.225716531428053,0.97419302370736,16.0200217496486,10.1443431413361,-350.687160347551,0.526970763653239
0.0346450428754993,-9.7969125478068,-0.170156399025661,0.985417068996991,18.3097290664844,8.90788698054928,-399.349709327602,135.253284220303
0.0375338647871887,-6.92152716947131,-0.120509829120803,0.992712134047567,17.3721134946349,7.80848981051547,-380.569382136423,220.391056658492
0.0398837855708955,-5.01449865022847,-0.0874078262095479,0.996172611507324,14.1638504672132,7.06819116059158,-315.031321505285,254.428255111724
0.0424357175515892,-3.59297819405677,-0.0626682072565367,0.99803441613967,9.72212916815451,6.49557531187091,-224.385231680442,255.048022527602
0.0461768669563004,-2.9023820078525,-0.0506344606715231,0.998717252976289,3.22178452317405,6.15191648072894,-91.8591571641585,197.81599375
0.0487909023596272,-3.34234930822293,-0.0583019204114591,0.998298996331428,-2.93755699819605,6.23990870787068,33.6614519565243,130.113096727049
0.0514049377629541,-4.36503156640997,-0.0761104983233601,0.997099389251127,-6.82820614609055,6.53510574493362,112.92771195342,53.0834597718335
0.0549571651907341,-6.28283143179257,-0.109436467713845,0.993993792502909,-9.42279815291812,7.12375286367242,165.712114639769,-45.8658373930638
0.0585930537985355,-8.30305703953418,-0.144408997344938,0.98951808547688,-9.69765366643495,7.74519792510076,170.919719623674,-118.910989960197
0.0612502557219236,-9.50242169362031,-0.165089292580394,0.98627862466714,-7.8777837550091,8.09859434418708,132.995695952124,-146.490817756027
0.0639074576453117,-10.3071884119286,-0.178925653358338,0.983862597403871,-5.28594715415518,8.30853487401349,79.0081205265408,-151.317457931334
0.067221405728019,-10.6656120017039,-0.185076833704807,0.982724053651788,-1.8876794694039,8.33534595380283,8.09037411576936,-129.661104778497
0.0712306765500753,-10.1852057003283,-0.176830606019363,0.984241300075761,2.09132086069266,8.03436967634615,-75.0700790280635,-75.8322455415651
0.0739390741480311,-9.42047598721842,-0.163678526446839,0.986513730254268,4.9280251140648,7.6703277051419,-134.412307660819,-32.4546961235071
0.0766474717459868,-8.44538140409422,-0.146866540676978,0.989156316883018,6.28364572717246,7.22923570456059,-162.860874235834,9.04166862633002
0.0801550791982688,-7.09788497197531,-0.123564845513885,0.992336499859362,6.70492628359845,6.62593990402897,-171.996384640796,51.3644429197662
0.0829073690429734,-6.14043395377301,-0.106965754695427,0.994262705386478,6.07155264782643,6.18727002189195,-159.383606701533,71.0492054028734
0.0856596588876781,-5.38327331243958,-0.0938176691627849,0.995589395761557,4.8014369501111,5.81943955002261,-133.645252725484,77.3428570384769
0.0894519970588244,-4.76629865788699,-0.0830916924065562,0.996541906119865,2.83947228262142,5.46375012089847,-93.7915905892505,66.0124546488841
0.0939891969399685,-4.66536708495601,-0.0813360678604843,0.996686733163934,0.388254499032188,5.26407558373396,-44.0083184332096,32.0732412656228
0.0960089657689298,-4.7907250941696,-0.0835165323197882,0.99650639176539,-1.08324773268614,5.23542387186384,-14.1856391975599,14.1857537782801
0.0980287345978912,-4.97866541372577,-0.0867847948766334,0.996227082234879,-1.62403604138816,5.22877190792083,-3.29342836052386,-3.16179866853787
0.101754499087038,-5.37749265750934,-0.0937172222163194,0.995598856096197,-1.86830073960798,5.23418899216708,1.45395240682145,-29.3693332255948
0.105694716175923,-5.69589803376613,-0.0992485106582528,0.995062677991753,-1.41038476976505,5.20158777714188,-8.27396417247079,-43.9990967359126
0.109634933264809,-5.75725338277549,-0.100314019257751,0.994955826929194,-0.271775089992953,5.07560047007688,-31.9747121092322,-43.5877491046169
0.111902208544163,-5.65143126395772,-0.0984762211191545,0.995139404241482,0.814609682214372,4.95196370420253,-54.5309901273187,-37.5328867027832
0.114169483823516,-5.44678406909808,-0.094921194083093,0.995484789895777,1.5753567234629,4.79250991993688,-70.3283742021412,-28.4760354738229
0.117915925830412,-4.93445684549083,-0.0860160951732606,0.996293747531894,2.38674371125676,4.46576861480497,-87.2137629597535,-10.2663553933274
0.122792801050334,-4.09748609777692,-0.0714536806808921,0.997443918983495,2.99533915299183,3.97797144855616,-100.02248248145,11.5579407494434
0.125962065332079,-3.56026172670172,-0.0620983093641634,0.998070037609642,2.95852073657181,3.66243436330231,-99.5616197334411,20.6400539526189
0.129131329613823,-3.09616355270959,-0.0540119522093585,0.998540289131357,2.55581121313018,3.37234012814063,-91.5336208572602,24.2726170594681
0.131669572131116,-2.80047000017336,-0.048857963051164,0.9988057365907,2.03322812281159,3.16668674357913,-81.021960336887,23.3183173424154
0.134329283726473,-2.56994592388844,-0.0448389793107736,0.998994227177699,1.51272195952148,2.97910414357225,-70.5274212190275,19.2677635363132
0.138312248002507,-2.36169107544718,-0.041207614042995,0.999150605536965,0.912569768805864,2.74637701408088,-58.4306344126048,9.53510019901317
0.141240857379142,-2.28426981963947,-0.0398574687578692,0.999205375377963,0.461398449261809,2.60179199492505,-49.3698546174626,1.554942009349
0.144169466755778,-2.23716485789785,-0.0390359719940345,0.999237805975375,0.280725959213385,2.46766188309038,-45.7999325225003,-5.51975797654162
0.147898185322491,-2.17261857698167,-0.0379102609858428,0.999281147681665,0.302126615819509,2.29478504957223,-46.3636046607094,-11.5933429361326
0.151082723327302,-2.07783921520647,-0.0362571870787665,0.999342492034205,0.519451149088803,2.13261592383041,-50.9239096838597,-13.4602270685036
0.154267261332113,-1.92657545467855,-0.033618748983907,0.999434730093345,0.829021558597129,1.94998478740836,-57.3493348630573,-12.3432745440849
0.157618622900576,-1.70235146547766,-0.0297072668112479,0.999558641750751,1.16771849099757,1.73428335050777,-64.3623293083136,-8.68404095990932
0.161418289932109,-1.38182240750764,-0.0241150127943136,0.999709190793968,1.47230990596425,1.46574160337692,-70.6750736057176,-2.94316588998702
0.163932954231977,-1.14590640790753,-0.0199985064630718,0.999800009871598,1.63739985149169,1.27936243619877,-74.1169177881608,0.908823502746568
0.166447618531845,-0.904174429701145,-0.0157801658244911,0.999875485431337,1.67776626378395,1.09079033221624,-74.9889772533152,4.24271319114505
0.170061369583539,-0.568245238410536,-0.00991758778192624,0.999950819516934,1.6224334099704,0.823708975150782,-73.9069607299895,7.46315652427073
0.175152649884457,-0.159329305474687,-0.00278081739145181,0.999996133519843,1.40179463155997,0.470118680591111,-69.4501723851001,8.22431228722903
0.177225707319519,-0.0212109087839685,-0.00037020018716456,0.999999931475908,1.16283357086865,0.336209072540176,-64.5952233575941,7.38991515660567
0.179298764754581,0.100442282444284,0.00175304763896561,0.999998463410807,1.0242112430561,0.208153721246772,-61.7712510650187,6.07508318951272
0.182720488471071,0.270236522490417,0.00471649958971063,0.999988877253952,0.86607475800717,0.00783557328979086,-58.5430515595387,3.30054418929625
0.187345156980359,0.459732400252783,0.00802375796416488,0.99996780913594,0.715148984033693,-0.248592553901428,-55.4478935465785,-0.445735937535343
0.190777067793233,0.591205501898498,0.0103182994616745,0.999946764931123,0.668618337317939,-0.43552571858745,-54.4691208130516,-2.40485641650294
0.193270328944484,0.690903893059218,0.0120582555148164,0.999927296594077,0.697907310600982,-0.572746348203237,-55.0366051895176,-3.15216178100911
0.195763590095736,0.798355134581439,0.0139334748144612,0.999902924427964,0.752178707383739,-0.712650930287385,-56.1130878784704,-3.29448312277476
0.199235086287568,0.96411771832629,0.0168262344804408,0.999858428895416,0.833387883232352,-0.91304834395691,-57.7265255658365,-2.6006562907789
0.203975858511084,1.2188477017408,0.0212713010509886,0.999773740279068,0.937795933768123,-1.19647534494055,-59.7849859940037,-0.56481114276211
0.206246120644158,1.34855045386519,0.0235344724956969,0.999723025944861,0.997127177734031,-1.33478837029707,-60.9238128679133,0.560660687027013
0.208516382777232,1.4799326923496,0.025826826137681,0.999666431891986,1.01003871173602,-1.47357987047485,-61.1345703898246,1.6164198902834
0.212245931644581,1.69261837711748,0.0295374669206404,0.999563673833694,0.995312195412257,-1.70017580898682,-60.7569297444413,2.95314898980067
0.217202906198554,1.95478721957226,0.0341108547416245,0.999418055464677,0.923085129277149,-1.99341557447826,-59.1570043982541,3.6280439777249
0.219746376909763,2.07602547111211,0.0362255520683149,0.999343639283978,0.831936715216066,-2.13884046387509,-57.1757672521805,3.4727588877486
0.222289847620973,2.18767496014215,0.0381728542309643,0.999271150989491,0.766138640069926,-2.28062295030077,-55.7437071324798,3.05317667176936
0.225627741777704,2.32085434727127,0.0404954736677841,0.999179721878112,0.69637283030784,-2.46157132303842,-54.2103386869584,2.24946491027628
0.229803422549925,2.4712106423251,0.043117391038319,0.999070012856981,0.628451393422452,-2.68152622686241,-52.6752201191416,1.1571313353245
0.23276175476724,2.57133814747031,0.0448632537438029,0.998993137345557,0.59072291690667,-2.83463660997677,-51.755641985776,0.524785434483576
0.235720086984556,2.66962765835496,0.0465769352270187,0.998914705620484,0.579879289780596,-2.98670725266994,-51.4041803023626,0.11573680182326
0.238908301714978,2.77623211201138,0.0484354329503037,0.998826315649982,0.583586386399944,-3.15038746105048,-51.3391418773295,-0.0307531156089027
0.242611010421936,2.90304734012529,0.0506460580113243,0.998716664929505,0.59776327208687,-3.34094428978949,-51.4641695634713,0.156995354546478
0.245310339261308,2.99773269247514,0.0522964384525378,0.998631605010166,0.612215572927254,-3.48023095958337,-51.6004822244012,0.474371449939724
0.248009668100681,3.09366499589672,0.0539684077702176,0.998542643537444,0.620278096283292,-3.61958750567741,-51.6263687703984,0.875025614756971
0.251744674415118,3.22637634267294,0.0562811352857133,0.998414960730733,0.620146195482442,-3.81176282900553,-51.4524761538702,1.44202943653597
0.256683352821243,3.39643066887253,0.0592441865333547,0.998243520571008,0.600972093214779,-4.06274821550933,-50.8203543264823,1.99034589052489
0.258723974266262,3.46334886653609,0.0604100372721664,0.998173645913764,0.572346665071305,-4.16485051152556,-50.0349029779499,2.10616225297641
0.26076459571128,3.52776668408454,0.061532248492633,0.998105095866884,0.550961088796742,-4.2658147812897,-49.4772168598946,2.15059881209721
0.264102158831029,3.62728434746412,0.063265774414144,0.997996714317126,0.52041289633967,-4.42832193139291,-48.690360083867,2.0826193065568
0.268622994444324,3.75065545458268,0.0654145445728514,0.997858174971938,0.476290713760383,-4.6432626939707,-47.5444765002517,1.79201244917436
0.272950887682693,3.85826299394137,0.0672885113910267,0.997733559741668,0.433953833502215,-4.84405824401066,-46.3956800643341,1.43874045594275
0.274831717136393,3.90255016164755,0.0680596962452928,0.997681250574049,0.410965965752633,-4.93005343361004,-45.7219496590818,1.29681139556956
0.276712546590092,3.9457799053411,0.0688124286642686,0.997629615469251,0.401153523389142,-5.01543502187391,-45.3957099065614,1.17891326853725
0.27980486659134,4.01513562182453,0.0700199942461364,0.997545588134082,0.391449011495328,-5.15467879192959,-45.0289006310804,1.04977004030734
0.284006862953265,4.10718819560726,0.0716225803768724,0.997431805177757,0.382346951082959,-5.34205173559591,-44.5914102554068,1.01561189645152
0.287975436679934,4.1926336679082,0.0731099750428278,0.997323884978815,0.375778535384441,-5.51734230300441,-44.169663834267,1.11293545548853
0.290524749560605,4.24683725301836,0.0740534415250229,0.9972542743946,0.371092553499417,-5.62910470738247,-43.8402069928134,1.22341193193206
0.293074062441276,4.30014557669917,0.0749812604668081,0.997184943016494,0.364963349145322,-5.74007457254662,-43.5293235308719,1.34422921670394
0.296185222079758,4.36362628889569,0.0760860427234078,0.997101255692065,0.356120407849287,-5.87428917386606,-43.1397346697913,1.48512942959268
0.3,4.43829420347351,0.0773854010545304,0.997001253611865,0.34161908824777,-6.03673754898936,-42.5839664902379,1.61496523116312
0.3033971219623,4.50111395383296,0.0784784779414182,0.996915808130254,0.322747163987918,-6.17915834739706,-41.9239579821514,1.6696222025726
0.3067942439246,4.56004619575965,0.0795038256235993,0.99683456085311,0.30277442747632,-6.31930141016613,-41.253468178161,1.66401036481128
0.309780566544934,4.60859288236393,0.0803484144310889,0.99676683948575,0.283726720083473,-6.44058969657731,-40.6145958863608,1.61962353278422
0.312841467630865,4.65529211884751,0.081160807882554,0.996701019997397,0.266279573211985,-6.56308355477804,-40.0188881515135,1.54879514649136
0.315962671957575,4.70000462879064,0.0819385891460202,0.996637380198415,0.250025449683057,-6.68618302673763,-39.4397351388246,1.46682036345124
0.319083876284285,4.74216503780012,0.0826719305046462,0.996576816861919,0.235754495438154,-6.80758636403875,-38.8963119979718,1.39126177488913
0.322520752251338,4.78612553962074,0.0834365351374465,0.996513093042062,0.223242125975439,-6.93947181538027,-38.3736429844482,1.33083621606198
0.325891406582746,4.82714998537559,0.0841500286748803,0.996453096073276,0.212425120415359,-7.0671285870127,-37.8729941076747,1.30244841181862
0.329262060914154,4.86640824452089,0.084832764460289,0.996395203759043,0.20327978289024,-7.19321409279015,-37.406833623541,1.30526396884207
0.332253767429997,4.89991066734498,0.0854153696865316,0.996345429367402,0.195449514375562,-7.30385090598958,-36.9811719878093,1.33044366365055
0.335391094750317,4.93364440462885,0.0860019679503945,0.996294967120009,0.187664443168823,-7.41856505065903,-36.564289587017,1.36977515800617
0.338470893645786,4.96526054425103,0.0865517161039369,0.99624735906273,0.179169404206615,-7.5298301999523,-36.1274073631791,1.41155006284583
0.341550692541255,4.99524065698043,0.0870729923331348,0.996201934351743,0.169898001462652,-7.63970320498236,-35.6753829581888,1.44741679396757
0.344995265691058,5.02666426163872,0.0876193415429361,0.99615402975021,0.159220124027125,-7.76087395995055,-35.177291843866,1.47329789323134
0.348307765739194,5.05463649266501,0.0881056609806305,0.99611113461459,0.147383403303536,-7.87563145005193,-34.6437700932213,1.47964648842759
0.351620265787329,5.08035573375417,0.0885527918721288,0.996071484910421,0.135512583123662,-7.98863279934507,-34.1136143852309,1.46883222968009
0.354716045838299,5.10239898021115,0.0889360011308831,0.996037342524289,0.124274729524925,-8.09266464169186,-33.6044036184679,1.4477573894623
0.35805066066398,5.12407084744842,0.0893127413411115,0.996003631637022,0.113430023591434,-8.20304366520541,-33.1009814577316,1.41809765734132
0.360947211664036,5.14126487113578,0.0896116303606146,0.995976784721468,0.103603328580963,-8.29754658345972,-32.6260156484335,1.39119343546951
0.363843762664092,5.15705569581688,0.0898861200304382,0.995952049762374,0.0951482926712294,-8.39080816715957,-32.1974595641674,1.36661543120875
0.367369682400142,5.17457063848818,0.090190571812005,0.995924525632451,0.0866989156862132,-8.50272196875857,-31.740314577996,1.34474636678408
0.370798460495808,5.1899479669786,0.0904578597766398,0.995900283966537,0.0782742437190216,-8.60990261590059,-31.259137847818,1.33313161505526
0.374227238591475,5.20381007533269,0.0906988046759061,0.995878369496176,0.0705614143862918,-8.71549497458393,-30.7959149694735,1.33067702736496
0.377342078405731,5.2151668901145,0.090896199739288,0.995860372177222,0.0636353142703072,-8.81006776004657,-30.3620061069643,1.33580565714003
0.380588498816222,5.22574431177281,0.0910800448034829,0.99584357478401,0.0568659665004073,-8.90726166228201,-29.9387910208229,1.34472389452161
0.383494959221884,5.23409750843357,0.0912252286513202,0.995830285569541,0.0501609395788672,-8.99307688605694,-29.525681343446,1.35251358463538
0.386401419627546,5.24136458091767,0.091351533396057,0.995818707067802,0.0436387647262154,-9.0777453319905,-29.1311196837973,1.35746105231878
0.389898431339353,5.24866051939377,0.0914783383654124,0.995807066459112,0.0364134177763646,-9.17809283790309,-28.6952158535254,1.35869522798767
0.393295055115521,5.25420738833501,0.0915747431401594,0.995798205671618,0.0285021634955507,-9.27395514935957,-28.2228229482116,1.35341782047659
0.396691678891689,5.25825624499117,0.0916451118675531,0.995791731975509,0.0208047414868355,-9.36824201580792,-27.7589961861259,1.34255992157166
0.399839657757749,5.26073221729944,0.0916881437953935,0.995787770705864,0.0137274965323119,-9.45424116307704,-27.3188451791427,1.33019348078634
0.403165738439602,5.26206139568886,0.0917112445923945,0.99578564340691,0.00697473737431127,-9.54367405781603,-26.8883720190353,1.31602156750336
0.406005875840184,5.26219315483223,0.0917135345315589,0.995785432502268,0.000809690006847475,-9.61889156535486,-26.4837565687597,1.30391410295354
0.408846013240765,5.26144163504742,0.0917004733093831,0.995786635376693,-0.0046182605940361,-9.69306505027566,-26.1161607553247,1.29231026416018
0.412374497372476,5.25936746821699,0.09166442473706,0.995789954376737,-0.010259657993454,-9.78379352297483,-25.7131587708736,1.28072189924625
0.41583910301228,5.2561532575863,0.0916085622119851,0.995795095051915,-0.0161919029726052,-9.87136533964233,-25.27612830199,1.27195771778456
0.419303708652085,5.25182720564228,0.0915333755874111,0.995802009012622,-0.0217929132158978,-9.95745715905469,-24.8489520490449,1.26546974612005
0.42242828416128,5.24703375676362,0.0914500650117957,0.995809663344024,-0.0267753060255073,-10.0338530570142,-24.4500085642633,1.26250384105938
0.425656449939939,5.24119584931225,0.0913486007871759,0.995818976086631,-0.0315630340693227,-10.1115420324621,-24.0659807378882,1.26059568474232
0.428556707572326,5.23517820718817,0.0912440117384644,0.995828564724808,-0.0362132201977388,-10.1802641130142,-23.6951641070299,1.25838614441057
0.431456965204713,5.22842651835303,0.0911266634635787,0.995839309932077,-0.0406305974087995,-10.2479682318117,-23.3441739938858,1.25464357781619
0.434949516626446,5.21935040908291,0.09096891341743,0.995853732629271,-0.0453559506808438,-10.3281595625109,-22.9606728766239,1.24863625360572
0.438341501282096,5.20954974668008,0.0907985674945112,0.995869278641,-0.0504288330198901,-10.4046437504091,-22.5485064535184,1.24039669833462
0.441733485937747,5.1988085173755,0.0906118704685509,0.99588628313186,-0.0552684743913525,-10.479763310467,-22.1461968976639,1.23036386179291
0.444893413704488,5.18800840106826,0.0904241466964346,0.995903345558304,-0.0596524993841607,-10.5485365384055,-21.76417722658,1.22115789240245
0.448241682445605,5.17575476309847,0.0902111544386338,0.99592266146265,-0.063873704429423,-10.6201495592114,-21.3880743580963,1.21164053020174
0.451060420990082,5.1648104485386,0.0900209173006659,0.995939874916326,-0.0677658890420464,-10.6794403127591,-21.0344991605664,1.20366730620552
0.45387915953456,5.15330659618807,0.0898209505796596,0.995957929250511,-0.0712304802350094,-10.7378269885344,-20.7137607316186,1.19544802715063
0.45741616735187,5.13813596674412,0.0895572402499198,0.995981676899138,-0.0748591597963685,-10.8098352293534,-20.3585189907054,1.18621366669803
0.460904342890372,5.12239304217352,0.0892835751031273,0.996006246575193,-0.0787706537750319,-10.8794897372539,-19.9687507499701,1.1774979091481
0.464392518428875,5.10590532194741,0.088996955668732,0.996031898024204,-0.0824972828680752,-10.9478086923052,-19.5858706929271,1.1689779962224
0.46750805105465,5.09060524338026,0.088730975381,0.996055627968607,-0.0857114268685032,-11.0077227510666,-19.2307595387432,1.16314213942167
0.470702477364576,5.07435683551639,0.0884485021788066,0.996080750974702,-0.0887759453239718,-11.0680733057498,-18.8924548034318,1.15780840119405
0.473624663459292,5.0589935853324,0.0881814106075117,0.996104431685388,-0.091759830081695,-11.1223239026829,-18.565072577414,1.15252204472719
0.476546849554008,5.0431560705746,0.0879060672647979,0.99612876845217,-0.0945924622516806,-11.1756638480974,-18.2534389274429,1.14625155750636
0.480026130138652,5.02371373845718,0.0875680431360144,0.996158540505139,-0.0975295614883775,-11.2380000969117,-17.916419011858,1.13835069856022
0.483392948492344,5.00429931203512,0.0872304941137907,0.996188155368585,-0.100642692255616,-11.2971134809366,-17.5576398293433,1.12957750494622
0.486759766846036,4.98432223437251,0.0868831520982605,0.996218509104037,-0.103559427183459,-11.3550526082669,-17.2088664262971,1.12019103785723
0.489931383851052,4.96502997178574,0.0865477069561127,0.996247707360292,-0.106164616271727,-11.4085766629955,-16.8759514922355,1.11208543482273
0.493322206216368,4.94391050869123,0.086180480028303,0.996279541525415,-0.108706422083033,-11.4646759453142,-16.5444474156157,1.10395308039731
0.496113465641013,4.92614857771658,0.0858716250728142,0.996306209961252,-0.111062473907815,-11.5099891944581,-16.233979809894,1.09725170410584
0.498904725065659,4.90805012167843,0.0855569099322829,0.996333285182644,-0.113166710555167,-11.5545237847376,-15.9550165370866,1.09002420998577
0.502455887192147,4.88458079005839,0.085148787605177,0.996368247170377,-0.11534734135529,-11.6100762397305,-15.6434578355558,1.08136136623122
0.505980632970847,4.86080038379985,0.0847352412422516,0.996403502047046,-0.117752148022031,-11.6639969898579,-15.2977699705995,1.07248209532213
0.509505378749546,4.83655466296626,0.0843135879315798,0.99643927004615,-0.120056220968531,-11.7167155511306,-14.9566988891011,1.06309791164728
0.512601821251841,4.81492638702366,0.0839374414274847,0.996471026135034,-0.12190913490195,-11.7620599804731,-14.6440404783817,1.05649648111357
0.515737575482418,4.79270525603987,0.0835509718739596,0.996503504810152,-0.123680579109855,-11.8070593446798,-14.350411702496,1.05037602029174
0.518703072961729,4.77139092629512,0.0831802615838906,0.996534517256094,-0.12544446066704,-11.8487645896361,-14.0634902734693,1.0442197319713
0.52166857044104,4.74978879507256,0.0828045339505796,0.996565807740376,-0.127138302396765,-11.8896472729822,-13.7861129983473,1.0373098622576
0.525122310800018,4.72429577754344,0.0823611166762101,0.996602551903138,-0.128827603092713,-11.9362386039544,-13.4901081522015,1.02912826800084
0.528449866220201,4.69939649865703,0.0819280109587128,0.996638249828065,-0.130598695758543,-11.9800927459214,-13.1790868759096,1.02051024850146
0.531777421640384,4.67418971733936,0.0814895406893513,0.996674196895976,-0.132211570438493,-12.0229445397163,-12.8778602859616,1.01170445197044
0.534959950640899,4.64982490991556,0.0810657015077519,0.996708759888793,-0.133618927303063,-12.0630064518284,-12.5880744859317,1.00410245838264
0.538407754076384,4.62315389822662,0.0806017278350343,0.99674638773863,-0.135012618184373,-12.1053978835332,-12.2951996823575,0.996445907628457
0.541168252207651,4.60159426543526,0.0802266598505147,0.996776646520789,-0.136311114819537,-12.1385856836876,-12.0223954432327,0.990304640975758
0.543928750338919,4.57984968917034,0.0798483629409738,0.996807021913292,-0.137480422817626,-12.1711060249786,-11.780606160382,0.983545847558435
0.547496982797192,4.55150480356019,0.0793552212132987,0.996846401842424,-0.138643315922732,-12.2121705752177,-11.5083730444603,0.975192087776593
0.551069781211903,4.52285267940057,0.0788567144396081,0.996885960673431,-0.139967007994782,-12.2521951244786,-11.2025769760918,0.966351065169208
0.554642579626614,4.49393778455125,0.078353615832742,0.996925629566185,-0.141250655483544,-12.291135712377,-10.8991841627901,0.956647078669922
0.557710035918777,4.46896125642041,0.0779190259379049,0.996959690958911,-0.142112098781661,-12.3237292633564,-10.6255958928055,0.950144840312564
0.560764999398668,4.44393476408095,0.0774835518179832,0.996993630469959,-0.142978694974214,-12.3554191712202,-10.3732526010316,0.944208813106918
0.563795768708207,4.41894762633303,0.0770487477403903,0.99702732684297,-0.143893440842896,-12.3860985654008,-10.1226424868315,0.937910617754135
0.566826538017746,4.39380626001937,0.0766112451239806,0.997061039816798,-0.144781596950395,-12.4160268260377,-9.87480655249563,0.930985507783012
0.570240607359272,4.36532171254035,0.076115547638963,0.997099003814376,-0.145617762768521,-12.4488529788789,-9.61496371555981,0.923056379686953
0.573527429895981,4.3377355428492,0.0756354660872563,0.997135535556608,-0.146484783935562,-12.4795729620472,-9.34640760953355,0.914802632471154
0.576814252432691,4.31001015573367,0.0751529440715015,0.997172018759745,-0.147224039677048,-12.5094396827955,-9.08680660875459,0.906554140597567
0.579991638890389,4.28309912074077,0.0746845778970808,0.997207207065981,-0.147821542012191,-12.5375141089092,-8.8356976676967,0.899392302343157
0.58347680688744,4.25346093502456,0.0741687286697625,0.99724570677818,-0.148424387433573,-12.5674125305026,-8.57876051275315,0.892074939064019
0.586230270214931,4.22995525953367,0.0737596009622212,0.997276050683006,-0.148994695562272,-12.5903750007501,-8.33948649986026,0.886315489478157
0.588983733542421,4.20636406055506,0.073348972194854,0.997306336226717,-0.14953680063907,-12.6127570748094,-8.12869880482751,0.879913500306687
0.592562486467965,4.17560621856063,0.0728135820657485,0.997345568129099,-0.150003541674881,-12.6409967838726,-7.89093565572981,0.871928754628119
0.596148454959547,4.14467042895894,0.072275073304214,0.997384737089389,-0.150567799611516,-12.6683323606861,-7.62292721690669,0.863392332980531
0.599734423451129,4.11362107546223,0.0717345665151628,0.997423757470656,-0.151120527245386,-12.6947136262085,-7.35680349237326,0.853889058751177
0.60279189551913,4.08711541683532,0.0712731396404194,0.997456835941184,-0.151305066133185,-12.7164787482272,-7.11866585683813,0.847690680145178
0.605822319289225,4.06079808182924,0.0708149761284271,0.997489468192988,-0.151570929036111,-12.7373884593458,-6.89992974743607,0.842083662022983
0.6088746198935,4.03423221066338,0.0703524706505071,0.997522195178318,-0.151905719854521,-12.7577819552491,-6.68135237883427,0.836020387582225
0.611926920497776,4.00761024461383,0.0698889734016385,0.997554776138566,-0.152226474767268,-12.7775110881384,-6.4636926197972,0.829380936915186
0.615328257993046,3.97789470576128,0.069371598209653,0.997590888772466,-0.152479426902626,-12.798724828108,-6.23688181461731,0.821852111197495
0.618602239312251,3.9492407718636,0.0688726888749283,0.997625457136664,-0.152751479438757,-12.8183808095509,-6.00369382916183,0.814019666638391
0.621876220631455,3.92055508233303,0.0683732093714517,0.997659813884596,-0.152920765789501,-12.8372997774748,-5.77858151265169,0.806250917689285
0.625051160182839,3.89272648949875,0.067888637384289,0.997692905113645,-0.152979470410176,-12.854954519006,-5.56065438269924,0.79952823051055
0.628547879877091,3.86206431326981,0.0673547064128874,0.997729093253291,-0.153045133100493,-12.8736156958895,-5.33676660277132,0.792648387703299
0.631299423109713,3.83792396081022,0.0669343286120181,0.997757383161487,-0.153124482296508,-12.8877261672167,-5.12820266092035,0.787264552477939
0.634050966342335,3.81376431463004,0.0665136029358697,0.997785518347751,-0.153246864145848,-12.9013316845918,-4.94468602700161,0.781230484496993
0.637633451215878,3.78230909711978,0.0659658115714067,0.997821883756678,-0.153244781726588,-12.918304874965,-4.73782611018751,0.773698038234352
0.641218679032452,3.75081946119794,0.0654174008971361,0.997857987721631,-0.153295091751164,-12.9344543634582,-4.50445252559021,0.765609227229762
0.644803906849025,3.71931866165288,0.0648687760314269,0.997893802915012,-0.153349437525432,-12.9497734946381,-4.2728473513232,0.756550637483969
0.64786312027636,3.69248552869925,0.0644014288039673,0.997924073248064,-0.153087232973564,-12.9622132479265,-4.06632410057258,0.750720016937159
0.65089702792585,3.66589755154569,0.0639383374728245,0.997953851138023,-0.152953812833653,-12.973973382891,-3.87623366402496,0.745485890945506
0.65394505024773,3.63919513774388,0.0634732391044768,0.997983540905152,-0.152900795944283,-12.9852091621364,-3.68625228392239,0.739822269584213
0.656993072569611,3.61250270558701,0.0630083008162801,0.998013002935455,-0.152843640008249,-12.9958690387501,-3.49730923461436,0.733587915804419
0.660397172195785,3.58271869468459,0.0624894961706317,0.998045621636777,-0.152706768832532,-13.0071040196626,-3.30042658744848,0.726516512972877
0.663666740330063,3.55413397507949,0.0619915659760684,0.998076673281084,-0.152588186689865,-13.0172329449726,-3.09793981774926,0.719153020661935
0.666936308464341,3.52558725865612,0.0614942823772457,0.998107435717672,-0.152385321779189,-13.0267242773405,-2.90293151206429,0.711874341355147
0.670120122352621,3.49784264945859,0.0610109568517157,0.998137096367046,-0.1520926778913,-13.0353649433756,-2.7139356565221,0.705575508977912
0.673635079105835,3.46727103362244,0.060478366837466,0.998169508222262,-0.151801399407746,-13.0442196969427,-2.51916429954078,0.699163452450074
0.676370807027735,3.44351471081784,0.0600644945692329,0.998194498327927,-0.151559680985748,-13.050616584968,-2.33827639584822,0.694195267182041
0.679106534949634,3.41978207668876,0.0596510246841896,0.99821929216687,-0.151408552878337,-13.0565802733021,-2.1799274285861,0.68857542920586
0.682694376531274,3.38872102912647,0.0591098637491194,0.99825148334854,-0.151098518913057,-13.0637599140449,-2.001103053045,0.681539620582594
0.686301783122911,3.35755013946668,0.0585667716267412,0.998283493433214,-0.150810462175381,-13.0702463126607,-1.79807805163459,0.67391586265996
0.689909189714547,3.32643384421073,0.0580246134168554,0.998315152763808,-0.150546324469763,-13.0760034589613,-1.5959238733968,0.665218232178349
0.692956969825731,3.30024392373852,0.0575682771720683,0.99834157153924,-0.149978123880461,-13.0803244767342,-1.41775902959963,0.659892544224412
0.695957829403178,3.27452410348829,0.0571201203016702,0.998367313095097,-0.149588987689193,-13.084089568153,-1.25467097729889,0.655188269650635
0.69977132046559,3.24193989570114,0.0565523378971292,0.998399635956649,-0.149128895474583,-13.0881815561119,-1.07302938226441,0.650004702959919
0.702845935994665,3.21571248132623,0.0560953098272102,0.998425418454172,-0.148881943383957,-13.090907625589,-0.886637516547329,0.644324210911053
0.705431245873863,3.19367571133788,0.0557112971012512,0.998446919658374,-0.148769087951882,-13.0928025328546,-0.732951697933354,0.637637591383798
0.709282122534381,3.16097834023508,0.0551414975847764,0.998478550217333,-0.148193991342625,-13.0949928954244,-0.568795825715648,0.62963003262574
0.711917161880643,3.13867636096069,0.0547528426629233,0.998499938017188,-0.147718085728745,-13.096053986972,-0.402685276431382,0.624505083832448
0.714552201226905,3.11643639514767,0.0543652601839215,0.998521115693171,-0.147307336992428,-13.09676378304,-0.269368299583677,0.619833401107409
0.718257985111301,3.08524513517302,0.0538216670606061,0.998550563644534,-0.146902841985846,-13.0971658913146,-0.108508290567109,0.61285262822308
0.721710059049968,3.05630122424284,0.0533172258772172,0.998577625137254,-0.146337115922455,-13.0969271279967,0.0691651807265464,0.606929696004967
0.725162132988636,3.02746453324462,0.0528146398167935,0.998604332967278,-0.145795024162607,-13.0961025768997,0.238856731255237,0.601393594861616
0.728445696997411,3.00011623133437,0.0523379820821624,0.998629428582779,-0.145365801271931,-13.0947733927028,0.404799234396595,0.595361563106358
0.731889280670847,2.97151956703508,0.0518395536972188,0.99865542639715,-0.144937946755952,-13.0928142754387,0.568918153278083,0.588090170123155
0.73454962236591,2.94950746961015,0.0514558828687344,0.998675268602462,-0.144411364918931,-13.0909157249958,0.713649094925556,0.582822681411088
0.737209964060972,2.92757288193279,0.0510735554803119,0.998694894314875,-0.143902858699647,-13.0886871686009,0.837695548302805,0.578255435046755
0.740776866965803,2.89826086888438,0.0505626253613937,0.998720892400156,-0.14342726778165,-13.0851772931209,0.984012061350154,0.571806291838624
0.744520115867965,2.86764060774543,0.0500288773778039,0.998747771676271,-0.142770194732847,-13.0808649008975,1.15204527833324,0.565637507863423
0.747490545690394,2.84343764984154,0.0496069805905579,0.998768815831115,-0.142208814682232,-13.0769866744402,1.30561120414007,0.560731497110872
0.750460975512822,2.81931132800166,0.0491864108841897,0.998789615977425,-0.141758525760288,-13.072705967257,1.44110699093112,0.555297810991276
0.754158489241345,2.78940490405109,0.0486650704208377,0.998815153529889,-0.141166633516013,-13.0668271820766,1.58992923680833,0.548693952620493
0.757031581981393,2.76625509524165,0.0482615048004569,0.998834734655536,-0.140629078657928,-13.061839315988,1.73606163805025,0.543190730476933
0.759904674721442,2.74320023085346,0.0478595864953677,0.998854073416379,-0.140052315947116,-13.0564941192574,1.86043306439096,0.53826488520556
0.76357564559141,2.71386397593765,0.0473481527365547,0.998878447275962,-0.139476519052279,-13.0491436829082,2.00231399527017,0.531813255920842
0.767103873807311,2.68581586538561,0.0468591642405096,0.998901506018827,-0.13874722612617,-13.0415411007761,2.15478752134816,0.526393987842901
0.770632102023213,2.65791787853333,0.0463727818493213,0.998924203883135,-0.138004600455206,-13.0334192953813,2.30195012845072,0.521970791268553
0.773632329648432,2.63426379174653,0.0459603803466992,0.998943263373044,-0.137603457988283,-13.0260913959332,2.44244782846163,0.516305764085992
0.776624162752607,2.61076735755731,0.045550719711703,0.998962027273182,-0.137069858110664,-13.0184121310816,2.56674238976963,0.510348662558172
0.779764125981344,2.58622000734871,0.0451227281613248,0.998981450980587,-0.136444936634677,-13.009962267977,2.69107071931186,0.504488039804467
0.78290408921008,2.56179019222795,0.0446967776527063,0.999000599633186,-0.13579162507659,-13.0011175216502,2.81683118002062,0.49910959467548
0.786280323927426,2.5356503956308,0.0442410034524116,0.999020887476095,-0.135128495088884,-12.9911703727228,2.94622553233919,0.493660774619732
0.789552214584242,2.51045321620889,0.0438016560332988,0.999040246901365,-0.134409669898956,-12.9811062409029,3.07593769949089,0.489091001570341
0.792824105241058,2.48537672388606,0.0433644045488116,0.999059321771299,-0.13376588700262,-12.9706247881095,3.20348504665406,0.484535951715549
0.795923979483431,2.46171310217524,0.0429517812580242,0.999077146414011,-0.133233828054883,-12.96030758067,3.32826644978801,0.479282948480252
0.799318506075007,2.43592065564655,0.0425020292417669,0.999096380491058,-0.132614402016302,-12.9485880006304,3.45249321915699,0.473235016061672
0.802181607363279,2.41426924179782,0.0421244792241263,0.999112370181701,-0.131985711060984,-12.9383659545992,3.57027048710914,0.468118288521702
0.80504470865155,2.39272534425413,0.0417487980686599,0.999128138858987,-0.131330298159564,-12.927843245367,3.67528360778656,0.463689379219534
0.808595694383779,2.36613517698967,0.0412851122405644,0.99914740629563,-0.130692152099825,-12.9143722589394,3.79359069381111,0.458061144570793
0.812016159951899,2.34067409165687,0.0408411072840281,0.999165653911209,-0.129917919458234,-12.9009672237243,3.91906743338659,0.453304583165044
0.815436625520018,2.31535792846197,0.0403996215660835,0.999183602035841,-0.129178438701914,-12.887144795443,4.04109557780092,0.44895880509869
0.81858689007697,2.29214315747736,0.0399947748556409,0.99919988890324,-0.128615924616136,-12.8740399220891,4.15992787810489,0.443859171366017
0.821895973377888,2.26787440642795,0.0395715405721278,0.999216739840135,-0.128002099869057,-12.8598963652021,4.2741616335537,0.437941582695414
0.824734375825996,2.24716563496548,0.0392103848478029,0.999230977161981,-0.127337913728206,-12.8474640153683,4.38005182882676,0.433062921971314
0.827572778274103,2.22656649188845,0.0388511359329538,0.999245009613117,-0.126663810490746,-12.8347606527166,4.4755325870809,0.42890795692302
0.831101863033702,2.20108653766277,0.0384067587624761,0.999262188257597,-0.126012585355465,-12.8185849012204,4.583554263505,0.423582848754182
0.834521637735395,2.17655036507546,0.0379788342147058,0.999278543826341,-0.125223745667834,-12.8025172856822,4.6984427162054,0.419049067082568
0.837941412437089,2.15216217447938,0.0375534836533813,0.999294619151677,-0.124468499136726,-12.7860664530286,4.81050188642232,0.414894919037913
0.841118742239319,2.12961056023205,0.0371601584722173,0.999309322793658,-0.123877577952189,-12.7704338425294,4.9200465397831,0.410014151262368
0.844471174390363,2.10593728239314,0.0367472640407292,0.99932459120424,-0.123246832273598,-12.7535837776536,5.02622099913147,0.404237420761469
0.847261469498136,2.0863424350386,0.0364054982818061,0.999337100129307,-0.122565746472348,-12.7392886510989,5.12315938011909,0.399652039386119
0.850051764605909,2.06685580605379,0.0360656158030256,0.999349424053843,-0.121888840700792,-12.7247538879453,5.20904155017306,0.395792667374355
0.853598194140734,2.04222161872356,0.0356359445189601,0.999364838013746,-0.121233954670064,-12.7059304119275,5.30772593476398,0.390672581025015
0.857071551877798,2.0182555526753,0.035217920332207,0.999379656630789,-0.120427204151512,-12.6871255656345,5.41402519306599,0.386275182366774
0.860544909614863,1.99444723690406,0.034802641577541,0.999394204575564,-0.11963452400205,-12.667959936603,5.517896652857,0.382426760500417
0.863700387638159,1.97292342235711,0.0344272052732139,0.9994072080674,-0.119050561803821,-12.6502286150332,5.61921884382694,0.377728658450629
0.866971435502999,1.95072860705957,0.0340400597274059,0.999420469238926,-0.118424621045064,-12.6315346082519,5.71499028866158,0.372223543513124
0.869812504281383,1.93156376108826,0.0337057620135938,0.999431799377568,-0.117733743505974,-12.6150477978459,5.80303107458623,0.367727627152188
0.872653573059767,1.91251165731917,0.0333734271552521,0.999442952028735,-0.117041144069531,-12.5983341516422,5.88287278747685,0.363962486045652
0.876173114967165,1.88904444638862,0.0329640724261674,0.999456537288682,-0.116373126893892,-12.5773108202645,5.97331469003504,0.359140283433089
0.879570394075624,1.86654841614271,0.032571653478644,0.999469402928207,-0.115571839664748,-12.5566932272294,6.06885462655749,0.355096986100191
0.882967673184083,1.84419982643773,0.0321818015000313,0.999482031680516,-0.114814373819951,-12.5357592451318,6.16198476172332,0.351351457650243
0.886170813387568,1.82324137423567,0.0318161948277917,0.999493736722087,-0.114198559479186,-12.515727895014,6.25366011015618,0.346910695259485
0.889583114834344,1.80104087894535,0.0314289168734534,0.999505989568928,-0.113551438650156,-12.4940812881272,6.34369712773076,0.341511974818236
0.892324913725151,1.78331123069599,0.0311196275034539,0.999515667102845,-0.112860479377035,-12.4764664029005,6.4245723075365,0.337393004884872
0.895066712615957,1.76568722975652,0.0308121781715999,0.999525192116898,-0.112187967104239,-12.4586595789209,6.49457698713085,0.333989687565983
0.898631590137338,1.74290584929616,0.0304147544376903,0.999537364340371,-0.111535415956978,-12.4352151370426,6.57650697329367,0.329299563223539
0.902181213738468,1.72038866773231,0.0300219349578231,0.999549240118459,-0.110715670369536,-12.4115535301906,6.66594814292079,0.325242409472205
0.905730837339598,1.69804178384219,0.0296320817911727,0.999560873448296,-0.109878326625737,-12.3875813908843,6.75343134934986,0.32202779893591
0.908839449236348,1.67856905075019,0.0292923660225398,0.999570886577236,-0.109329603728514,-12.3663213449203,6.83908016507131,0.317658349903703
0.91197680069883,1.6590255594982,0.0289514124252609,0.999580820003356,-0.108721727151372,-12.3446220630795,6.91643320817834,0.312651306654256
0.91491949048871,1.64081190494109,0.0286336559793492,0.99958997281148,-0.108026419208632,-12.3240567007884,6.98862733062581,0.308346405645731
0.91786218027859,1.62271737697919,0.0283179749574861,0.999598965732912,-0.107319871301192,-12.3032904643099,7.05688943154477,0.304749016668733
0.921325833641264,1.60155475364517,0.0279487637037005,0.999609357002742,-0.1066381120924,-12.278587954856,7.13192310757933,0.300499402309506
0.924620095504766,1.58157420678496,0.0276001719097794,0.99961904269104,-0.105858715399421,-12.2548405971042,7.20870372052495,0.297065144140845
0.927914357368268,1.56172617782569,0.0272538887740307,0.999628543783486,-0.105156623767055,-12.2308465443772,7.28358998802278,0.293654726309709
0.931157254053186,1.54230451092065,0.0269150410943065,0.999637724659735,-0.104527546404797,-12.2069847813295,7.35816319980736,0.289655593174339
0.934733079479752,1.52102489038878,0.0265437743535475,0.999647651946959,-0.103863974761382,-12.1803998818269,7.4346189568063,0.284603195711223
0.937385101895561,1.50534627245601,0.0262702262758194,0.999654878051129,-0.103182953303116,-12.1605046216597,7.50192006242717,0.280996124259584
0.940037124311369,1.48976502646543,0.0259983751175414,0.999661985118594,-0.102542136325008,-12.1404627476129,7.55720386351765,0.278061892295093
0.943637756402102,1.46874016740402,0.0256315443955653,0.999671457996025,-0.101913499114131,-12.1130114354692,7.62402585210753,0.273743858355745
0.947393086739214,1.44698989320899,0.025252053379037,0.999681116056586,-0.10108668581385,-12.0840967654455,7.69963423401268,0.269843340462419
0.950352795849814,1.42996671957329,0.0249550365835129,0.999688574581662,-0.10038501014086,-12.061103995105,7.76859126398118,0.266761293272169
0.953312504960415,1.41303878435142,0.0246596793035467,0.999695903871095,-0.0998233928218875,-12.0379306645464,7.82959733293354,0.263143898963274
0.957007811517304,1.39205393242226,0.0242935342752236,0.999704868544921,-0.0991134980464524,-12.0087542203702,7.89554093200285,0.25879519745375
0.95988794352587,1.37580455927253,0.0240100119399644,0.999711718110097,-0.0984694666788217,-11.9858259234117,7.96084932573646,0.255021110383256
0.962768075534435,1.35966447431019,0.0237283945752282,0.99971844200799,-0.0978071919296316,-11.9627411320214,8.01518517960004,0.251808810038094
0.966447819775016,1.33918382671456,0.0233710389776562,0.999726859965813,-0.0971411897442032,-11.933016630849,8.07787151199788,0.247540868122782
0.969971396874738,1.31973755236488,0.0230317288275694,0.999734734550727,-0.0963229993391553,-11.904321383544,8.14378300599173,0.244241119775827
0.97349497397446,1.30045609664774,0.0226952919113431,0.99974242869104,-0.0955066051678608,-11.875404269863,8.20674923879894,0.241923544939885
0.976492139296374,1.28413434088222,0.0224104959904398,0.999748853297398,-0.095045934147114,-11.8506177286422,8.26999466447773,0.238038004642957
0.979484211438808,1.26794026834271,0.0221279261980212,0.999755147464705,-0.0944629245775354,-11.8257118966216,8.32394101310764,0.233854375083954
0.982626630007209,1.25105266264894,0.0218332530878745,0.999761626118747,-0.093795373123925,-11.799388181284,8.37689657331796,0.22984042058278
0.98576904857561,1.23428937071033,0.0215407472619354,0.999767971185013,-0.0931049226681279,-11.7728972053601,8.43012327839637,0.226299130026742
0.989146122782915,1.21640877566537,0.0212287433727641,0.999774644834932,-0.0924099491433121,-11.7442433658049,8.48481193962145,0.222825318140994
0.99241024356503,1.19926515134264,0.0209295971659104,0.999780951990221,-0.0916671625008703,-11.7163715944243,8.53882966994985,0.220173336721299
0.995674364347145,1.18224432317599,0.0206325918263144,0.999787125419471,-0.0910105699984996,-11.6883247741041,8.5924578753048,0.217504495711021
0.998780936555553,1.16614206282368,0.0203516133807811,0.999792884467978,-0.0904654523724061,-11.6614658892537,8.64582666957162,0.214050011303883
1,1.15984610063951,0.0202417507473829,0.999795114774363,-0.0901390901313839,-11.6508814081249,8.68246946212822,0.212279069066879
1.00487368039539,1.13489789227727,0.0198064096766899,0.999803833827276,-0.0893428257639723,-11.6083517328097,8.72639809442669,0.208063961545486
1.00705733626591,1.12378524466992,0.0196124950628882,0.999807656520697,-0.0888199885248826,-11.5891692553482,8.78456982185502,0.204886505068739
1.00924099213644,1.1127435795197,0.0194198183552859,0.999811417545853,-0.0882526474869838,-11.5699202983884,8.81501394962489,0.202638944521399
1.01296385700833,1.09404223195601,0.0190934787903995,0.999817702917727,-0.087674439115435,-11.5369381262594,8.8593524782261,0.198731735234042
1.0178909333159,1.0694857083044,0.0186649629904073,0.999825794404489,-0.0869871225468951,-11.4929580883189,8.92619379021975,0.191001314871531
1.02091813336791,1.05461482536617,0.018405461709039,0.99983060514233,-0.0857379312540018,-11.4657927117986,8.97376323124186,0.190595659994255
1.02394533341991,1.03982723914572,0.0181474127503958,0.999835322145836,-0.0852576848360049,-11.438491529084,9.01862521325966,0.189168943334576
1.02662691982058,1.02677955109954,0.0179197246669173,0.999839428842383,-0.0849217896251299,-11.4141893499924,9.0626127450186,0.186085268949291
1.02956099490148,1.01260010811211,0.0176722858922873,0.999843832961599,-0.0843461600013604,-11.3874886451432,9.10021185998057,0.182958058675995
1.03388248788576,0.991889836408166,0.0173108787639709,0.999850155511524,-0.0836429519914759,-11.3479529315373,9.14862380885044,0.17837499009583
1.03641693638186,0.979844162026169,0.0171006732071722,0.999853772796733,-0.0829516476316578,-11.3246539877392,9.19290482091311,0.175872094360884
1.03895138487796,0.96787559133449,0.0168918124158077,0.999857323158314,-0.0824206787587164,-11.3012747317043,9.22459307058678,0.173729068029966
1.0427166827796,0.950216503503873,0.016583646367161,0.999862481880968,-0.0818552033849181,-11.2663886793739,9.26515065785988,0.170107542281177
1.04655601967131,0.932380925657337,0.0162723988192368,0.999867595752892,-0.0810789899916358,-11.2306399589598,9.31117050218873,0.16700233476996
1.05,0.916536804167239,0.0159959027275202,0.999872057363307,-0.0802943282761227,-11.1984272466243,9.35333807431418,0.165216407571536
1.05299394861875,0.902835886283609,0.0157568067392781,0.999875853814553,-0.0798698167754577,-11.1702984276231,9.39522436190887,0.161984345806697
1.05603975065022,0.888992371312525,0.0155152213609807,0.999879631708797,-0.0793271899480474,-11.1415739855394,9.43083029919732,0.158436742227746
1.059163150879,0.874904385071136,0.0152693687459272,0.999883416393182,-0.0787224584995903,-11.1120096325347,9.46543857309058,0.155039648706842
1.06228655110778,0.860929673935504,0.0150254920081218,0.999887110922985,-0.0780894869265573,-11.0823394689913,9.49931528786523,0.152111712170612
1.0656973452256,0.845792686437455,0.014761331040353,0.99989104561743,-0.0774571145453365,-11.0498190785967,9.53455097882409,0.149169953704664
1.0689929585952,0.831297965745301,0.0145083775338046,0.999894747951671,-0.0767628273900465,-11.0182834908376,9.56895855867154,0.147073850945898
1.0722885719648,0.816919393188423,0.0142574500600953,0.999898357393282,-0.0761477165887282,-10.986634669002,9.60331758802472,0.145065722795606
1.07536878104828,0.803564151897229,0.0140243804341293,0.999901653540706,-0.0756743865796803,-10.9569467979561,9.63826488437196,0.142136436579589
1.07871021051896,0.789183328839079,0.0137734119677481,0.999905142062369,-0.075115370147466,-10.9246317838938,9.67101485932139,0.138669518717136
1.08161257479076,0.776786988250666,0.0135570752117754,0.999908098632921,-0.0745450736727446,-10.8964742121551,9.70159811169346,0.135656847996314
1.08451493906256,0.76449051135536,0.0133424806163111,0.999910985143679,-0.0739445459358123,-10.8682401550131,9.72795090415344,0.133312933186213
1.08804766666986,0.749638980553465,0.013083295132899,0.999914410031411,-0.0733733647957907,-10.8337665047822,9.75836635681572,0.130360526499929
1.09141808836012,0.735601706715188,0.0128383190654713,0.999917585385702,-0.0726902058544817,-10.8007742989684,9.7887471793462,0.128202527420678
1.09478851005039,0.721685055231827,0.0125954473177161,0.999920674207143,-0.0720655786006049,-10.7676819634555,9.81845553879726,0.126287636156272
1.09796440995896,0.708659837348402,0.0123681320897162,0.999923511729078,-0.0715806367959963,-10.7364024612946,9.84902013962883,0.12354459918437
1.1,0.700353555110741,0.0122231710752627,0.999925294253958,-0.071218649494256,-10.7163044308053,9.87331932464613,0.121147049631585
1.10416647243503,0.683509670073971,0.0119292112606731,0.999928844427791,-0.0705587897924345,-10.6750692957311,9.89689376739974,0.117716278547773
1.10708843424273,0.671796587075037,0.0117247936953973,0.999931262243961,-0.0699639069038345,-10.6460649160085,9.9263377249113,0.115050121988011
1.11001039605044,0.660177800230427,0.0115220213092471,0.999933619309277,-0.0694006625929106,-10.6169958973398,9.94845948774987,0.11286266953783
1.11379905301185,0.645235797898253,0.0112612510940901,0.99993659010149,-0.0688336632725855,-10.5792049732919,9.97475475685999,0.109836102385147
1.116778138641,0.63359801568768,0.0110581461256483,0.999938856832888,-0.0681811946647305,-10.5494174153707,9.99889282456154,0.108083232268374
1.11975722427016,0.622039981211523,0.0108564324795039,0.999941067200372,-0.0677139840135977,-10.5195619724686,10.0216800114575,0.105916183278819
1.12339772354616,0.608036822935883,0.0106120453433591,0.999943690661444,-0.0671339832970657,-10.4829929672825,10.0450521792769,0.103416408220343
1.12781135566503,0.591215290665918,0.0103184702988006,0.999946763168266,-0.0665191650401092,-10.4385284186176,10.0743667499713,0.0994890839824458
1.12998720913355,0.582998802204244,0.0101750730510004,0.999948232604272,-0.0659073686177936,-10.4165623068301,10.0954003131569,0.0978066233805548
1.13216306260208,0.574830829696346,0.0100325223144722,0.9999496729816,-0.0655182049423019,-10.3945662065938,10.1091826974874,0.0963313253805678
1.13560796908036,0.561986000715456,0.00980834878920736,0.999951896990065,-0.0650771099260646,-10.3596769879146,10.1277694762412,0.0936840377398043
1.1403005109645,0.544650643396174,0.00950580383665583,0.99995481882604,-0.0644765821384474,-10.3120262756436,10.15456301669,0.0889163195703986
1.14311516283589,0.534397773098982,0.00932686542595435,0.999956503844705,-0.0635767237451253,-10.2833974144305,10.17136843957,0.088469057621847
1.14592981470728,0.524196601744841,0.00914882899560646,0.999958148588234,-0.0632561452802596,-10.2547144760898,10.1905811629253,0.0867767453754684
1.14914712181898,0.512623495211342,0.00894684845016957,0.999959976150451,-0.0627819498359472,-10.2218723557425,10.2079531754383,0.084622736829713
1.15296739791471,0.499007945118258,0.00870922153230765,0.99996207401096,-0.0622039278418487,-10.1828023711675,10.2270054823285,0.082106486706792
1.15563562062007,0.489565150388748,0.00854441980665651,0.999963495778805,-0.0617669050970701,-10.1554640687238,10.2458847939447,0.0795817745919607
1.15830384332543,0.480201379142967,0.00838099702047058,0.999964878827723,-0.0612499992276035,-10.1280942138671,10.2577100486156,0.0777607770189019
1.16209974502449,0.466989086339229,0.00815040688739228,0.999966784882163,-0.060749205180983,-10.0890951283973,10.2739977379986,0.0749437443270105
1.16694550326588,0.450309693959132,0.00785930590114852,0.99996911517844,-0.0600752864181124,-10.0392094372487,10.2947131622246,0.0710065265222071
1.16902674072729,0.443233238652818,0.00773580221155921,0.999970078234416,-0.0593432737760246,-10.0177587880188,10.3066803416524,0.0705799082465219
1.1711079781887,0.436181082815699,0.00761272249742251,0.99997102280825,-0.0591394980167504,-9.99628392036306,10.3183168926922,0.0692880085638314
1.17458824478857,0.424476965130434,0.00740845286968802,0.999972557036481,-0.0586953280121202,-9.96033293604832,10.3299512503237,0.0671710492516651
1.17925982895034,0.408971187477398,0.00713783315537361,0.999974525344444,-0.0579304286845684,-9.91201060455272,10.343885462022,0.066149430569562
1.18343109442399,0.39528743317971,0.00689901247157555,0.999976201530275,-0.0572551826387316,-9.86879164207391,10.3611152902659,0.0652300277648072
1.18526932028716,0.389239220869115,0.00679345372684908,0.999976924226985,-0.0574255975802829,-9.84970158587104,10.385043854209,0.0610083883899282
1.18710754615032,0.383262701749833,0.00668914616067249,0.999977627411554,-0.0567448965495983,-9.83061451536945,10.383419624385,0.0591607241858072
1.1902012817876,0.373287561571367,0.00651505091576034,0.999978776830571,-0.0562746982528345,-9.79847073277515,10.3899577607464,0.0569629243251504
1.19440028764033,0.359865452784404,0.00628079571998337,0.999980275608036,-0.0557893937540366,-9.75478724615117,10.403292625942,0.0530627345837478
1.19826117608944,0.347639147608381,0.0060674105069034,0.999981593095463,-0.0552694757924466,-9.71456625821441,10.4175472736273,0.0483384913663345
1.2014532198401,0.337733788735226,0.00589453247337171,0.999982627092551,-0.0541600114008475,-9.68131802795279,10.4159694724272,0.0501157162607655
1.20418253308834,0.329295758844068,0.00574726356453126,0.999983484344376,-0.0539591430472244,-9.65285397795529,10.4290154367095,0.0496754625885001
1.20654156749054,0.322018474195353,0.00562025303848585,0.999984206253171,-0.0538409179648604,-9.62822339093281,10.4409613524732,0.0473733086986552
1.20954825416362,0.31283154599295,0.00545991335405264,0.999985094561997,-0.0533285183027951,-9.596817717348,10.445276478581,0.045474746772151
1.21402129380947,0.299307948153814,0.00522388541329771,0.999986355417507,-0.0527675423640209,-9.55005756636372,10.4537752147192,0.0427941926635464
1.21659505371158,0.291597388266748,0.00508931254541425,0.999987049365048,-0.0522871838555431,-9.52313049924802,10.4621519255355,0.040927249911731
1.21916881361369,0.283951805200258,0.00495587363089461,0.999987719582873,-0.0518465602155519,-9.4961934789576,10.4660190985085,0.0395908235493867
1.22297383674537,0.272742851723044,0.00476024279588243,0.999988669980077,-0.0514144427273418,-9.45634480911848,10.4726485122469,0.0372597090916433
1.22699589335569,0.261035314533267,0.00455590994178669,0.999989621788448,-0.0508036288543194,-9.41419985861848,10.4784578098571,0.0353526329868767
1.229735805397,0.253137420716715,0.00441806707844476,0.999990240294019,-0.0503097358576668,-9.38547579541373,10.4835712868286,0.0341636335391358
1.23247571743831,0.245290937325866,0.00428112140413237,0.999990835957772,-0.0499822504549045,-9.35673749132081,10.4887688581211,0.0324329690395099
1.23616357072455,0.23483287839027,0.00409859544472682,0.999991600722416,-0.0494942579399832,-9.31804354449046,10.4922684898471,0.0304702341076204
1.23947285466852,0.225531911825062,0.00393626426473187,0.99999225288181,-0.0490536602266129,-9.2833047542522,10.4973736997013,0.028173341331543
1.24278213861248,0.216319149831661,0.00377547243023502,0.999992872878566,-0.0485884658765942,-9.2485550581092,10.5006692479034,0.025886823205691
1.24615845225412,0.207018030816079,0.00361313838724164,0.999993472594194,-0.0480805897117419,-9.21309466787794,10.5026943569316,0.0239890749729603
1.2498808850929,0.196887986224238,0.00343633685425195,0.999994095777082,-0.0474965269110233,-9.17399664789717,10.5033513495466,0.0229445992616613
1.25237338038068,0.190159279503589,0.00331889943752966,0.999994492438095,-0.0471166735006271,-9.14781013794562,10.5061422101292,0.0219400274820745
1.25486587566847,0.183470044138632,0.00320215087661998,0.999994873101739,-0.0468402817576023,-9.12161744661373,10.5086222069355,0.0204139081965783
1.25845485179429,0.173931855144182,0.00303567888387646,0.999995392316242,-0.0463844831490981,-9.08390149864467,10.5088322259138,0.0186744743636137
1.26355448586136,0.160542706237025,0.00280199514739195,0.999996074403892,-0.0458238237089874,-9.03030311014532,10.5102420672625,0.0158732494407848
1.2656344390062,0.155141635467161,0.00270772903706678,0.999996334095011,-0.0453214382741881,-9.00844273914985,10.5100305021966,0.0147527547647777
1.26771439215105,0.149774958369533,0.00261406318345218,0.999996583331,-0.0450328342621814,-8.98658311201653,10.5096728681013,0.01376719071959
1.27114539856419,0.140989924789524,0.00246073591632619,0.999996972384792,-0.0446888587215303,-8.9505243569063,10.5096728971846,0.0119283421355528
1.2757851366538,0.129225884953958,0.0022554152590677,0.99999745654777,-0.044252762656155,-8.90175860148337,10.5104543577774,0.00805332115610813
1.27911129041412,0.120939622676018,0.00211079304439178,0.999997772273881,-0.0434804190832595,-8.86682200090233,10.5036035909942,0.00782209244987597
1.2817060884623,0.114526532984862,0.00199886375041522,0.999998002269858,-0.0431361239903611,-8.83956949274025,10.5027472874687,0.0073644038488766
1.28430088651049,0.108146200859757,0.00188750615776084,0.999998218658666,-0.0429157880058653,-8.8123154375396,10.5033434951629,0.00596467185652871
1.28775880731515,0.099726867870088,0.00174056131817918,0.999998485222002,-0.0424952131041274,-8.77600609780101,10.5003387265536,0.00442114674374205
1.2925479995236,0.0882050429860506,0.00153946780888925,0.999998815018731,-0.0419890811043462,-8.72573400373238,10.4969881935376,0.00203033077548254
1.29476269557981,0.0829324056246427,0.00144744302932811,0.99999895245379,-0.0415519240042473,-8.70249411254012,10.4934901234291,0.000790468279707746
1.29697739163602,0.0777007264192546,0.00135613309153028,0.999999080451096,-0.0412291462234835,-8.67926182518567,10.4900567684155,-0.000109381666634434
1.3,0.0706145489644558,0.00123245606723419,0.999999240525733,-0.0409173511992738,-8.64756325502142,10.4871575629856,-0.00148697820317167
1.30498853288107,0.0590495617199277,0.00103060909142781,0.999999468922309,-0.0404622180870265,-8.59527035891053,10.4826203129426,-0.00445793713321818
1.30799793463478,0.0521834711116339,0.000910773260101702,0.999999585245948,-0.0398205017682642,-8.56375081443514,10.4736911369655,-0.00489108241671776
1.31100733638849,0.0453714804762175,0.000791881638052566,0.999999686461686,-0.0395067441748198,-8.53224242139791,10.4699856037489,-0.00583987219373117
1.31431388115104,0.0379561289065466,0.000662459372276974,0.999999780573766,-0.0391412514808068,-8.49763950328872,10.4649779737004,-0.00709338671134585
1.31804212488128,0.0296811875210955,0.000518034424975044,0.999999865820158,-0.0387380716058098,-8.45864569713211,10.4590281585973,-0.00877122399023045
1.32064758584123,0.023945031620819,0.000417919629112027,0.999999912671588,-0.038424988286694,-8.43140742238029,10.4543016266653,-0.010530352685296
1.32325304680118,0.018269081624696,0.000318855620263589,0.999999949165545,-0.0380216848894182,-8.40418777681305,10.4471515734217,-0.0115528183231133
1.32700092777526,0.0101807642296521,0.000177687855241672,0.999999984213513,-0.0376660226047965,-8.36505670284846,10.4408529073376,-0.0132881236678082
1.33195929096916,-0.000375205894225268,-6.5485782270737e-06,0.999999999978558,-0.0371567041781839,-8.31333517576449,10.431169533442,-0.0157601111027699
1.33403228833523,-0.00472431528226586,-8.24548564843921e-05,0.999999996600598,-0.0366166786282673,-8.29173399064669,10.4202665528367,-0.0158766334943421
1.3361052857013,-0.00905572193306379,-0.000158052163218992,0.999999987509757,-0.036467633069138,-8.27013944935638,10.4170616150992,-0.0166506861355045
1.33955822499585,-0.0162049154145887,-0.000282829125221062,0.999999960003842,-0.0361364491149948,-8.23419490522412,10.409839578986,-0.0178539546323435
1.34420504123044,-0.0256705615317302,-0.000448035804574998,0.999999899631954,-0.0355526627765524,-8.18588305364637,10.3967639645828,-0.0178050522957127
1.34842693737405,-0.0341526687669055,-0.000596076483027153,0.999999822346397,-0.0350649787975131,-8.14203909347277,10.3848978473677,-0.0178593305328401
1.35027770846819,-0.0378947040032502,-0.000661387305706592,0.999999781283392,-0.0352884458843098,-8.12281373726235,10.3877547424804,-0.0213519472311248
1.35212847956233,-0.0415767237409563,-0.000725650657787591,0.999999736715527,-0.0347224828342134,-8.103611946907,10.3750217496532,-0.0226840478840993
1.35519171454573,-0.0476079824804685,-0.000830915948902243,0.999999654789283,-0.0343641031833249,-8.07185864606133,10.3659369972574,-0.0240803298839296
1.35935642128033,-0.055726355145649,-0.000972608224084685,0.999999527016509,-0.0340221633696161,-8.02872902499611,10.3559803399457,-0.0267761946438854
1.3632754777556,-0.0632862663858964,-0.00110455349512836,0.999999389980602,-0.0336676297301799,-7.98818672407978,10.3449136730293,-0.0305031270565357
1.36658455702149,-0.0694861780172339,-0.00121276229374052,0.999999264603539,-0.0327005981436838,-7.95403265080206,10.3213221967101,-0.0278677131386127
1.36925245868593,-0.0744749080979084,-0.00129983199040369,0.999999155218042,-0.0326360474831984,-7.92650931520214,10.3164730420174,-0.0277927479831861
1.37151592039693,-0.0787072790055363,-0.00137370073189088,0.999999056472704,-0.0326353245316551,-7.90316549964923,10.3133246917236,-0.0296307848177138
1.37449697305618,-0.0842087139349525,-0.00146971878791772,0.999998919962759,-0.0322094790257701,-7.87245739418923,10.3010946032147,-0.0307723195096714
1.37887163342925,-0.0921786215187214,-0.00160881975143228,0.999998705848666,-0.0317970120086827,-7.8274537961116,10.2873352991375,-0.0322058205729809
1.38152323246524,-0.0969612313376716,-0.00169229192588364,0.999998568072994,-0.0314799813418058,-7.80020756905415,10.2753948419995,-0.0335762799272166
1.38417483150122,-0.10169060738222,-0.0017748349853713,0.999998424979147,-0.0311295872498011,-7.77299194209424,10.2638545988717,-0.0343742141566004
1.38800028946721,-0.108444698916915,-0.00189271592236303,0.999998208811614,-0.0308149079952621,-7.73377423682465,10.2517674010095,-0.0358373776468486
1.39194166558715,-0.115300048449866,-0.00201236411494191,0.999997975193284,-0.0303570167078621,-7.69343336534054,10.2352250220429,-0.0367377728103528
1.39469444283504,-0.120032105089644,-0.00209495390951102,0.999997805581651,-0.0300024162210451,-7.66529603607614,10.2214333854912,-0.0372777709080365
1.39744722008293,-0.124729590064385,-0.00217694030183758,0.999997630462654,-0.0297832232648214,-7.63718657139377,10.2113110328609,-0.0383785014437481
1.40111753980371,-0.130916993425512,-0.00228493059384695,0.999997389542683,-0.0294226577017556,-7.59976003133006,10.1970789770076,-0.0394963046038148
1.40440190897684,-0.13639694108584,-0.00238057346308769,0.999997166430979,-0.0291207000394934,-7.56631481797654,10.1831467750783,-0.0410282811868243
1.40768627814997,-0.141813187596615,-0.0024751045191619,0.999996936924118,-0.0287821891296639,-7.53291744149869,10.168581763303,-0.0425041752458735
1.41108623230918,-0.147347763083371,-0.00257170077652566,0.999996693172091,-0.0284111374509386,-7.49839802713881,10.1529058168113,-0.0436689603775129
1.41487086940244,-0.15341050204974,-0.00267751516867175,0.999996415449836,-0.0279590232945954,-7.4600421618499,10.1346217203208,-0.0438947396512712
1.41732555446392,-0.157306795578172,-0.00274551806936292,0.999996231058163,-0.027703411636176,-7.43519765733151,10.1212595083147,-0.0443805595795506
1.41978023952539,-0.161177416532673,-0.00281307288818826,0.999996043302635,-0.0275208745972803,-7.41037850737304,10.1109304602709,-0.0453423186801394
1.4233635714699,-0.166758362460881,-0.00291047837110655,0.999995764548856,-0.0271830473234266,-7.37420230779674,10.0956875155774,-0.0462853959633687
1.42842030014625,-0.174513924576238,-0.00304583786497463,0.999995361425092,-0.0267683126620668,-7.32325652399139,10.0748501780557,-0.0476138126714964
1.43053787397153,-0.177726207943639,-0.00310190252136517,0.999995189088802,-0.026476017317076,-7.30195739347132,10.0582705858174,-0.0486129551279553
1.4326554477968,-0.180907034410976,-0.00315741814426418,0.999995015342908,-0.0262167458470416,-7.28068309055708,10.046546033153,-0.0491868671001228
1.43616628994078,-0.186130554176885,-0.00324858529503519,0.999994723332869,-0.0259674501784955,-7.24545979830826,10.032718876098,-0.0503202814533235
1.44089587121009,-0.193092301503918,-0.00337009004216089,0.99999432123043,-0.0256905221900008,-7.19809820667249,10.0139079844331,-0.053493057621242
1.44406656307759,-0.197636499374133,-0.00344940079578561,0.999994050799379,-0.025013851238636,-7.16643213147895,9.98711843243065,-0.0526346263479498
1.4472372549451,-0.202127500887691,-0.00352778308191788,0.999993777353903,-0.0247210282168679,-7.13481898153568,9.97042641300014,-0.0517654033324644
1.4499328537333,-0.205943912776149,-0.00359439161262458,0.999993540153603,-0.0247102622828796,-7.10797063028402,9.96006949149459,-0.0531644201700803
1.45276853296896,-0.209912066125932,-0.0036636484977348,0.999993288817323,-0.0244235456207206,-7.07977128990889,9.94447468548166,-0.0543669137561684
1.45710720449862,-0.215900218877273,-0.00376816075775313,0.99999290045705,-0.0240887057037264,-7.03671118646368,9.92472077012173,-0.056071069814275
1.45962596007234,-0.219324626640629,-0.00382792751706907,0.999992673458623,-0.0237288568311887,-7.01176349921661,9.9047670633168,-0.0567197405813553
1.46214471564605,-0.222711793105789,-0.00388704428435114,0.99999244541483,-0.0234707995278045,-6.9868528713112,9.89005370961116,-0.0570978404585545
1.46591489289151,-0.227730351773392,-0.00397463398007354,0.999992101111166,-0.0232324282789513,-6.94962923242749,9.87318008151909,-0.0581463891875302
1.46971872231001,-0.232709948624621,-0.00406154363893372,0.999991751897619,-0.0228481224876392,-6.91215927772143,9.85058754839555,-0.0586378400744452
1.4726947939823,-0.236554870132885,-0.00412864961603655,0.999991477089854,-0.0225486974741448,-6.88290150347262,9.83100458271132,-0.058985840078311
1.4756708656546,-0.24036574711675,-0.00419516139073329,0.999991200271735,-0.0223490419858157,-6.85369169936069,9.81488597329775,-0.0598844178469107
1.47935777015486,-0.24502374405133,-0.00427645804444161,0.99999085591149,-0.0220503088839319,-6.81757819259997,9.79507517978784,-0.0608764972910196
1.48222825402268,-0.248611147093469,-0.00433906945817005,0.999990586193809,-0.021812348567122,-6.78951492149614,9.77649497297375,-0.0620534950386007
1.48509873789051,-0.252147969971444,-0.00440079807303761,0.999990316441275,-0.0215048079427876,-6.76150469981169,9.75801397052771,-0.062675958778809
1.48878160061423,-0.256630705285333,-0.00447903579258434,0.999989969068875,-0.0212439334811391,-6.72563899926388,9.73853853331395,-0.0636639566827393
1.49233246513128,-0.260876591146644,-0.00455313972482291,0.9999896344056,-0.0208694777252059,-6.69114226126711,9.71502512448862,-0.0638533358000506
1.49588332964832,-0.265041702405465,-0.00462583386438065,0.999989300773293,-0.020472452505385,-6.6567305502609,9.69107969087701,-0.062929589523264
1.49885888298129,-0.268525867087727,-0.00468664335055595,0.999989017626746,-0.020436583916531,-6.6279404171678,9.67555606352911,-0.064275657530569
1.50180060706428,-0.271934291362819,-0.00474613091481156,0.999988737057243,-0.0202222316664998,-6.5995304533126,9.65758958137107,-0.0658865077010891
1.50498876513978,-0.27557424817501,-0.00480965942066825,0.999988433521237,-0.0199266251856578,-6.5688052322059,9.63729538469751,-0.067192639824051
1.50817692321528,-0.279159729434038,-0.00487223714063619,0.999988130582181,-0.019628403534785,-6.5381473259721,9.61618135229778,-0.0681151461488843
1.51152677322521,-0.28286870743377,-0.0049369702400084,0.999987813088164,-0.0193244108803473,-6.50600764325766,9.59436470862703,-0.0686643196219121
1.5147858107621,-0.286414946746562,-0.00499886302829319,0.999987505606157,-0.0189913590657696,-6.47481349842638,9.57158194043304,-0.0684982349332306
1.51804484829899,-0.289913941502894,-0.00505993123492194,0.999987198466009,-0.0187383478455795,-6.44368822527963,9.55044941779731,-0.0683716474336662
1.52112057609707,-0.293191020056114,-0.0051171263050204,0.999986907423482,-0.0185958622982758,-6.41437090634336,9.53183144311816,-0.0692545637644133
1.52449687433586,-0.296744486577312,-0.00517914517379601,0.999986588137695,-0.0183691387039617,-6.38225887989126,9.51101596510807,-0.0704867774189095
1.52739024795024,-0.299750048425503,-0.00523160141322401,0.999986315079688,-0.0181300298940521,-6.35480009762333,9.49023041183442,-0.0715981706401196
1.53028362156461,-0.30270656137123,-0.00528320158536294,0.999986043793116,-0.0178341590676164,-6.327401708991,9.46935732606952,-0.072055024597744
1.5338281641843,-0.306280922503979,-0.00534558507481446,0.999985712258034,-0.0176001185809424,-6.29391322948287,9.4478986716339,-0.0727426925005676
1.53721039082576,-0.309628654882028,-0.00540401318331124,0.999985398214151,-0.0172752918909508,-6.26204207752543,9.42312722830335,-0.0727497353754707
1.54059261746722,-0.312922340913592,-0.00546149800073487,0.999985085908579,-0.0169963967148305,-6.23025077225839,9.39951949917412,-0.0724903059639286
1.54376081422106,-0.315981974138415,-0.00551489787017645,0.999984792835112,-0.0168552264349759,-6.20053592651579,9.37910365148856,-0.0732424836752243
1.54713342521267,-0.319203182482082,-0.00557111769796355,0.999984481203381,-0.016669782441446,-6.16897627132039,9.35763278775724,-0.0746328329171568
1.54992997075179,-0.321834729745588,-0.00561704614347598,0.999984224271874,-0.0164235352250046,-6.1428683600769,9.33577189367714,-0.0756458533412685
1.55272651629091,-0.324420567641498,-0.00566217681096615,0.999983969748396,-0.0161382622149964,-6.11681978445972,9.31455442180721,-0.0759526691731109
1.55627791051686,-0.327661965422488,-0.00571874895863971,0.999983647821477,-0.0159298179942263,-6.08381784886071,9.29267028647089,-0.076574313840071
1.55974856841687,-0.330768306915794,-0.00577296395041005,0.999983336304774,-0.0156212131277134,-6.05165632786922,9.26669292048604,-0.0765826101521583
1.56321922631688,-0.333815947073462,-0.00582615441102096,0.999983027818362,-0.015326015037983,-6.01958387921192,9.24102852579359,-0.0760699682977044
1.56637133870224,-0.336564799496471,-0.00587413011546402,0.999982747148863,-0.0152204361925124,-5.99052152558212,9.21996111712799,-0.0768367035850086
1.56964087723015,-0.339385814946883,-0.00592336526672195,0.999982456718075,-0.0150590083092611,-5.96044774679661,9.1981723196532,-0.0782805067003165
1.57248553510518,-0.341800178811938,-0.0059655031209876,0.999982206227948,-0.0148132396364263,-5.93434683890298,9.17541196176857,-0.0792740369253966
1.5753301929802,-0.344169302710064,-0.00600685139253117,0.99998195870543,-0.0145356715030746,-5.9083093600599,9.15311435926408,-0.0795540425568428
1.57884969816906,-0.347059788954699,-0.00605729897666209,0.999981654396273,-0.0143339757282222,-5.8761753994843,9.13024952408321,-0.0800786772170676
1.58223659127002,-0.349784843993576,-0.00610485927998102,0.999981365172957,-0.0140427174134853,-5.84534178834305,9.1038040534838,-0.0799974526870362
1.58562348437098,-0.352461221240367,-0.00615156999782319,0.999981078914277,-0.0137918716621784,-5.81459416648154,9.07841521564042,-0.0796751198081593
1.58883568019811,-0.354975674889667,-0.00619545465659318,0.999980807986632,-0.0136621480852685,-5.78550494499705,9.05586802611929,-0.0802608667656415
1.59227228215403,-0.357635476533677,-0.00624187605510142,0.999980519301908,-0.0135081969728773,-5.75446374028796,9.03252838334234,-0.0815931681010611
1.59499572532128,-0.359707248902245,-0.00627803459578887,0.999980292946623,-0.0132770346075689,-5.72992831251252,9.00897366630224,-0.0824477924262745
1.59771916848853,-0.361738492470113,-0.00631348578135323,0.999980069750037,-0.0130173041962275,-5.70545296329932,8.98691388441586,-0.0826079816826049
1.60129118205269,-0.364366555586307,-0.0063593532148557,0.999979779108902,-0.0128410358762609,-5.67343407058392,8.96382170457059,-0.083124432011598
1.60486898208913,-0.366940695973829,-0.00640427952512484,0.999979492391601,-0.0125572208377099,-5.64146376651317,8.93574368189281,-0.0830570360530418
1.60844678212558,-0.369450710994498,-0.0064480866469528,0.999979210873203,-0.0122444032475071,-5.6095966647782,8.90689848799733,-0.0820516515695728
1.61153867988194,-0.371614891824779,-0.00648585793819234,0.999978966602201,-0.012216471589076,-5.58212439267827,8.8852459766453,-0.0829052331113407
1.614629529132,-0.373754875064135,-0.0065232069015318,0.999978723659519,-0.0120839777169958,-5.55473056061414,8.86288196152984,-0.0843603782223321
1.6183300286523,-0.376288629631393,-0.00656742831388505,0.999978434210129,-0.0119503757245425,-5.52202396003743,8.83842854114137,-0.0869836305805851
1.62130937978538,-0.378254022432578,-0.00660173014572802,0.999978208342103,-0.0115134383103799,-5.49578175992278,8.8080252855362,-0.0870303217508717
1.62394127929283,-0.379943535340834,-0.00663121706327472,0.999978013238421,-0.0112039091616309,-5.47266431539944,8.78355896868378,-0.0859333532018667
1.62818529607373,-0.382638357028781,-0.00667824953301699,0.999977700242948,-0.0110823103764651,-5.43549223072118,8.75870351068736,-0.0853429771208458
1.63057883463562,-0.384148918698334,-0.00670461321746418,0.999977523828213,-0.0110147691405156,-5.41458320369533,8.73561318743062,-0.0859209661639029
1.6329723731975,-0.385638681453214,-0.0067306138959322,0.999977349161762,-0.0108631068495263,-5.39371924389685,8.71678448415644,-0.0864728497708325
1.63663129605529,-0.387867591322867,-0.00676951482562641,0.999977086572,-0.01063204048505,-5.36191556650923,8.69208743221781,-0.0867492137377115
1.64188757669221,-0.390996604459055,-0.00682412514573057,0.999976715386911,-0.0103897766000286,-5.31640914194381,8.65753328424085,-0.0873815125478783
1.64391378709247,-0.392177567574069,-0.00684473635904579,0.999976574517711,-0.010172534253551,-5.29892542382486,8.62877720727438,-0.0877177020225202
1.64593999749274,-0.393343721688484,-0.00686508910972468,0.999976434998103,-0.0100449730588523,-5.28147453075989,8.612576987408,-0.0879182554470259
1.64931057268451,-0.395256769342421,-0.00689847729938915,0.999976205222379,-0.00990601853066063,-5.25251600915541,8.59156670799255,-0.0884000188904426
1.65386402703376,-0.397806893716723,-0.006942984300149,0.999975897194031,-0.00977457184221771,-5.21352901674218,8.56206945826182,-0.0903841749381438
1.65813797822521,-0.400137032968837,-0.0069836519161481,0.999975614005619,-0.00951545774800493,-5.17708613245823,8.52674320586261,-0.0922680640945641
1.66001369649178,-0.401085965252679,-0.0070002135040404,0.99997549820528,-0.00882968035592754,-5.16115802772546,8.4917362147121,-0.0899176368508101
1.66188941475834,-0.402058178041419,-0.00701718140147116,0.9999753792795,-0.00904630215314084,-5.14524579677691,8.48327343834351,-0.0895387124817864
1.66499847916385,-0.403656937620646,-0.00704508433033383,0.99997518308545,-0.00897492459656725,-5.11892862982726,8.46465801834841,-0.089579975421691
1.66922081674862,-0.405761974690229,-0.00708182324154237,0.999974923575374,-0.00870130040602667,-5.08331851585629,8.43374392881283,-0.0886934722916677
1.67315420975815,-0.407651365160607,-0.00711479849532755,0.999974689500875,-0.00838362311724164,-5.05028213951701,8.39895130214968,-0.0866429801481092
1.67572711962326,-0.408954848514459,-0.00713754799393825,0.99997452737989,-0.00884215828084722,-5.02870673454643,8.38560466620725,-0.0903782413267411
1.67830002948837,-0.410179528280615,-0.00715892214203864,0.999974374588551,-0.008307595416318,-5.00720569348961,8.356702016032,-0.0909561322569519
1.68136973648676,-0.411607804110163,-0.00718384961687079,0.999974195819413,-0.0081206824838061,-4.98162557285285,8.33308216391337,-0.0912763529624563
1.68523282739204,-0.413369065162854,-0.00721458862461295,0.999973974516826,-0.00795730804953157,-4.94954134769374,8.30532491878938,-0.0919051756960401
1.68852516950762,-0.41481514645556,-0.0072398268452676,0.999973792110199,-0.00766593474284621,-4.92230024508179,8.27408017015714,-0.0913736080129031
1.69181751162321,-0.416226879417478,-0.00726446558566549,0.999973613421752,-0.0074838481176541,-4.89514831985907,8.2469938631739,-0.090703540970839
1.69487552003019,-0.417530231840102,-0.00728721277463623,0.999973447912482,-0.00743876015406018,-4.87000092454479,8.22345525829456,-0.0911739703338079
1.69812487856664,-0.418891092356683,-0.00731096363860143,0.999973274548213,-0.00730959554272915,-4.84336176319192,8.19828315468438,-0.0919858424877731
1.70110663356622,-0.420113672397667,-0.00733230111375082,0.999973118318876,-0.0071562040098224,-4.81899241253273,8.17282126216846,-0.0927754725447256
1.70408838856581,-0.421300066080975,-0.00735300703155115,0.999972966278386,-0.00694439214538386,-4.79469986224466,8.1470644943817,-0.0929864797930966
1.7075963527238,-0.422663929854779,-0.00737681029935888,0.999972790964738,-0.00678567748399934,-4.76621369145124,8.12042812026188,-0.09325226074986
1.71100686114355,-0.423943364230343,-0.00739914003234754,0.999972625988723,-0.00654751129991497,-4.73862079991067,8.09055077558151,-0.0927892785177944
1.71441736956331,-0.425182326052745,-0.00742076340178876,0.9999724657562,-0.00634039282300927,-4.71112670508232,8.06158245178663,-0.091876898803855
1.71747644876464,-0.426292660143235,-0.0074401418524846,0.999972321761565,-0.00633490812128038,-4.68653803905541,8.0379305041086,-0.0924574443859965
1.72067263737216,-0.427431955902552,-0.00746002576279963,0.999972173620655,-0.00622130437086985,-4.66092764136661,8.01279299617136,-0.0934221880786295
1.72365249761466,-0.428466351834394,-0.00747807887399605,0.999972038777262,-0.00605854412983465,-4.63712783855189,7.98688558454807,-0.0941844417275863
1.72663235785715,-0.429465170848949,-0.00749551106585534,0.999971908262358,-0.00585016712761618,-4.61340580745415,7.96078646893389,-0.0943174887306544
1.73010897272011,-0.430600624522959,-0.00751532791279218,0.999971759524419,-0.00570020145932233,-4.58582235248406,7.93399788511868,-0.0944729501819968
1.73340382314467,-0.431635532293285,-0.00753338994951695,0.999971623615325,-0.00548205402952677,-4.55977787582921,7.90460060362444,-0.0939858971931455
1.73669867356923,-0.432641963227776,-0.0075509549834083,0.999971491133042,-0.0053312081695248,-4.5338237315745,7.87718436661885,-0.0934834809093199
1.73990283110461,-0.433607857416427,-0.00756781253554892,0.999971363696694,-0.00526129993038807,-4.50866565978074,7.85169627772539,-0.093747200443548
1.74341935055549,-0.434648454609926,-0.0075859738614252,0.999971226086318,-0.00516472252386028,-4.4811496466762,7.82478626632409,-0.0946158338253915
1.74613136312672,-0.435427616512851,-0.00759957241004074,0.999971122832647,-0.00501433538930929,-4.45999986162987,7.79855715667528,-0.0952196763078936
1.74884337569794,-0.436175713931335,-0.00761262879542847,0.999971023521593,-0.00481441834626607,-4.43891593948449,7.7742715388122,-0.0951403963974675
1.75243381011707,-0.437143711019337,-0.00762952304112661,0.999970894765525,-0.00470548528761325,-4.41109538034059,7.74852173756045,-0.0953485729332963
1.75605909070649,-0.438077562049861,-0.00764582134093862,0.999970770280823,-0.00449586585197131,-4.38311816328014,7.71725563590256,-0.0949669722441624
1.75968437129592,-0.438957093713728,-0.00766117161474985,0.999970652794115,-0.00423435456411437,-4.35525881214087,7.68474341559991,-0.0933909152161179
1.76273189915712,-0.439710569535524,-0.00767432186207717,0.999970551958385,-0.00431518086903372,-4.33191071433892,7.66132382223063,-0.0941257667306243
1.76572149504238,-0.440437379472439,-0.00768700671433966,0.999970454527419,-0.00424312412855761,-4.30907876321881,7.6371362540004,-0.0953704571564384
1.76948963656011,-0.441334318806309,-0.00770266079544287,0.999970334068301,-0.00415444709096236,-4.2804037575651,7.60985369545805,-0.0975302624574754
1.77256514574687,-0.442012857293756,-0.00771450317428427,0.999970242777641,-0.00385065691184404,-4.2570981024771,7.57782002026957,-0.097803512901143
1.77518957012977,-0.442541364301095,-0.00772372708686767,0.999970171575076,-0.00351474687480562,-4.23728522850106,7.54941697127981,-0.0962434691660159
1.77914392943501,-0.443336901922438,-0.00773761142277838,0.99997006423666,-0.00351125169569414,-4.20753094831253,7.52442504379461,-0.0954919392267239
1.78169246228243,-0.443841762527457,-0.00774642263852071,0.999969996018033,-0.00345747155274867,-4.18842036371774,7.49866128433595,-0.095560422331193
1.78424099512984,-0.444336756391138,-0.00775506165171733,0.999969929057258,-0.00338990047044193,-4.16936263121645,7.47792304132766,-0.0959180814344136
1.78794762176645,-0.445020733404702,-0.00776699894308269,0.999969836408788,-0.00322062405118959,-4.14174573013607,7.4506832729326,-0.095920535637231
1.79161453256319,-0.445677212676631,-0.00777845632173276,0.999969747351014,-0.00312462598666844,-4.11453488793572,7.42064470850813,-0.0964611667314421
1.79528144335992,-0.446326263502969,-0.00778978405246157,0.999969659171925,-0.0030892690224352,-4.08742925834727,7.39195227017725,-0.0982115882503596
1.79838478658986,-0.446816348720092,-0.00779833739330731,0.999969592504642,-0.00275625350481122,-4.06459079400055,7.35930983283284,-0.0977772057870938
1.80139797842866,-0.447258036672989,-0.00780604606771136,0.999969532358256,-0.00255838640778826,-4.04249840136808,7.33189050493231,-0.0965773423116794
1.80502515070908,-0.44775654633342,-0.00781474643725548,0.999969464402849,-0.00239873770939904,-4.01600836949488,7.30321854746729,-0.0947484265846856
1.80803206579303,-0.448180832814748,-0.00782215140698994,0.999969406505702,-0.00246272204705913,-3.99412073139404,7.27910083582924,-0.0949257118611797
1.81073278823329,-0.44856608674138,-0.00782887515057992,0.999969353887346,-0.00248968549145238,-3.9745195431635,7.25775738309963,-0.0962037888593401
1.8149673680485,-0.449125972070546,-0.00783864669316455,0.999969277337069,-0.00230762976587904,-3.9439144580588,7.22741958831697,-0.097449079584764
1.81735007693454,-0.449402961328489,-0.00784348091909182,0.99996923943043,-0.00202894049376716,-3.92676774353473,7.19631115010477,-0.0970530375904557
1.81973278582058,-0.449671022924479,-0.00784815933253906,0.999969202723309,-0.00196354555757891,-3.90966787340915,7.17665100665823,-0.0967670266905596
1.82338298010672,-0.450070168791931,-0.00785512552738487,0.999969148025552,-0.00190850377723976,-3.88356055053581,7.15231048727455,-0.096906642867141
1.82863844265262,-0.450591012218108,-0.00786421567927655,0.999969076577746,-0.00172971124706067,-3.8461712929606,7.11436096226094,-0.0968389473520717
1.83066809377552,-0.450778104053974,-0.00786748094679771,0.999969050892852,-0.00160883242574016,-3.83179362654084,7.08381172386111,-0.0967275689300449
1.83269774489842,-0.450958087151689,-0.0078706221471916,0.999969026173819,-0.00154770325679263,-3.81745027313977,7.06690585354209,-0.0967418919436798
1.83607354973587,-0.451236145393658,-0.0078754750286166,0.999968987965664,-0.00143759253521749,-3.79367178324156,7.04379875116479,-0.0966018125495198
1.84063407916319,-0.451551547897582,-0.00788097966994434,0.999968944597502,-0.00120705550753344,-3.76170953681144,7.00845086947042,-0.0950522802982583
1.84491548541489,-0.451814704621007,-0.00788557247849777,0.999968908389999,-0.00107276698414181,-3.73186152527178,6.97154387714997,-0.0936180571857943
1.84678865538132,-0.451972649780931,-0.00788832905583697,0.999968886648333,-0.00147165667166878,-3.71883199191125,6.95587351604862,-0.0960922218410438
1.84866182534775,-0.452090337923357,-0.00789038303748798,0.999968870443236,-0.00109656123720744,-3.70584392003854,6.93373911897183,-0.0966354526562769
1.85175414958158,-0.452258492447857,-0.00789331779619806,0.999968847281838,-0.000949075802770636,-3.68447125586605,6.91152109428996,-0.0968612721483801
1.85595621935451,-0.452474994740094,-0.00789709635626326,0.999968817448394,-0.000899242050189958,-3.65555146924899,6.8822718754827,-0.0980400661808223
1.85990261789098,-0.452670564821055,-0.00790050959161171,0.99996879048708,-0.00086492577970121,-3.62851855635892,6.85002101035629,-0.100361956876385
1.86247746437988,-0.452691456736704,-0.00790087421294629,0.999968787606229,-0.000141613380327481,-3.61098379151064,6.81002340289997,-0.096898757565421
1.86505231086878,-0.452757691465955,-0.00790203019096364,0.999968778472039,-0.000448964281785424,-3.59348427062168,6.79633561239603,-0.0965181985808157
1.86813053446333,-0.45282766609716,-0.00790325144053468,0.999968768820641,-0.000396750810940167,-3.5726343324256,6.77336702667733,-0.0964108595481032
1.87200358312319,-0.452887690625838,-0.00790429903346914,0.999968760540443,-0.000270491220068904,-3.54651505365406,6.74385505203139,-0.0960341001361216
1.87527127531293,-0.452937930222823,-0.00790517585245617,0.999968753609202,-0.000268338121020056,-3.52456879439765,6.71613419564817,-0.0967839466636182
1.87853896750268,-0.452970398208908,-0.00790574250800707,0.99996874912939,-0.00017341696394919,-3.50271163554349,6.68886712241516,-0.0975762273209555
1.88161714723257,-0.452965705079273,-0.00790566060000246,0.999968749776951,2.66100655403087e-05,-3.48221036764485,6.66019196330582,-0.0973274454900779
1.88491549355839,-0.452936816934774,-0.00790515642252132,0.999968753762804,0.000152862430590158,-3.46033276185026,6.63290134919312,-0.096725109998971
1.88786088559985,-0.452894274772896,-0.0079044139449238,0.999968759632113,0.000252088952927923,-3.44087350763904,6.60667712048255,-0.096092550733615
1.89080627764132,-0.452848598356314,-0.00790361676596637,0.999968765933225,0.000270661374999954,-3.42148261885891,6.58346614206718,-0.0960594378111637
1.89433200359127,-0.452773923909459,-0.00790231349170276,0.999968776233278,0.000369658613070114,-3.39836665596972,6.55636972849423,-0.0959459358399797
1.89777549585671,-0.452694651645636,-0.00790092997288599,0.999968787165661,0.000401790363552247,-3.37588509495233,6.52870960188054,-0.0965336593887975
1.90121898812215,-0.452606576301776,-0.00789939281611698,0.999968799309827,0.000446408651943315,-3.35349854164211,6.50111909206044,-0.0976770797032589
1.90427081622363,-0.452484332714317,-0.00789725932957673,0.999968816161325,0.000699106574702456,-3.33375073652322,6.47081174373497,-0.09717315457956
1.90742591714046,-0.45233584313204,-0.00789466777825161,0.999968836624758,0.000821410212845863,-3.3134183674304,6.44428486720015,-0.0962751877322661
1.91042989440884,-0.452183827385793,-0.00789201468561884,0.999968857567175,0.000883220826871998,-3.29413528828803,6.41918277655382,-0.0956015435669233
1.91343387167723,-0.452029367618203,-0.00788931893803859,0.999968878839084,0.0008974207410593,-3.27492292148894,6.39564320319105,-0.095536784882907
1.91689276242094,-0.45183520763839,-0.00788593031253121,0.999968905568121,0.000979716092360658,-3.25289336887344,6.36896457499889,-0.0954954765422313
1.92017014812277,-0.451646240916388,-0.00788263232356497,0.999968931571202,0.00100631777144841,-3.23210696395875,6.34237371058009,-0.0960804366865862
1.92344753382459,-0.451440475833167,-0.00787904115690167,0.999968959873479,0.00109577526558571,-3.21140956739021,6.31521537334644,-0.096628009797449
1.92665341243936,-0.451210295947683,-0.00787502388466505,0.999968991518645,0.001253134430935,-3.1912543311567,6.28696175228966,-0.0964356163600519
1.93019151055916,-0.450928210337807,-0.00787010071456955,0.999969030277809,0.00139151671268442,-3.16911255460335,6.25810133115744,-0.095650553194071
1.93289529183927,-0.450701988411088,-0.00786615251932506,0.999969061343671,0.0014602946956187,-3.15226093809948,6.23261083573673,-0.0950925874978124
1.93559907311938,-0.450477719028973,-0.00786223840123679,0.999969092126013,0.00144769074263209,-3.13546502312015,6.21200949310976,-0.0952083704613671
1.93919449755413,-0.450157420866184,-0.00785664831636819,0.999969136062325,0.00155482548172414,-3.1132253718975,6.18554266020308,-0.095034874016537
1.94283964780134,-0.449825315341271,-0.00785085216026016,0.999969181585292,0.00159014978277979,-3.09078244276116,6.15692841564638,-0.0954408496428105
1.94648479804854,-0.449498945240869,-0.00784515610284961,0.99996922628935,0.00156268807751762,-3.06843977419748,6.12942321946658,-0.0971419066978219
1.9495173097877,-0.449172164644481,-0.00783945288089814,0.999969271017129,0.00188075029190154,-3.04994977687276,6.09725498700592,-0.0963526383730047
1.95247052070512,-0.448833115838782,-0.00783353554461582,0.999969317389724,0.00200375731699501,-3.03201864754543,6.07174015969898,-0.0950806121824914
1.95626037032424,-0.448371947849301,-0.00782548689150218,0.999969380408676,0.00212380453847844,-3.00911509038413,6.04339471564904,-0.0929707135002837
1.95937014548458,-0.448003940351779,-0.00781906414550489,0.999969430650702,0.00206540414423,-2.99040013384293,6.01810599681557,-0.0925025658587897
1.9619928111857,-0.447721233593128,-0.00781413013248781,0.999969469219072,0.00188135443796397,-2.97466446768814,5.99987491661,-0.0941354040905467
1.96584693876298,-0.447257923926495,-0.00780604409997377,0.999969532373617,0.00209808289344941,-2.95165284317752,5.97064421174192,-0.0948067365124956
1.96845489351497,-0.446924423123727,-0.00780022359011775,0.999969577793217,0.00223189726044493,-2.93615329834642,5.94318011815615,-0.0948034961153847
1.97106284826696,-0.446575650418903,-0.00779413654312003,0.999969625256461,0.00233410186109024,-2.92071121235969,5.92114797042765,-0.0944174885654543
1.97477057527383,-0.446074268840913,-0.00778538604927903,0.999969693422788,0.00236014122090541,-2.89884866426683,5.89648268396579,-0.0943462117330582
1.97824550376167,-0.445579093372427,-0.00777674386861104,0.999969760670192,0.00248708493726823,-2.87846308161706,5.86647544578549,-0.093742747335122
1.98172043224951,-0.445061855845166,-0.00776771664341419,0.999969830833984,0.00259789457456866,-2.85817743849115,5.8377152787162,-0.0927283072403093
1.98499630711391,-0.444577436959919,-0.00775926219370163,0.999969896471994,0.00258089971577019,-2.83913691752617,5.81234685486074,-0.0926371574697231
1.98841206080631,-0.444077633812859,-0.00775053924547791,0.999969964119625,0.0025538171992413,-2.81936845435416,5.7874381329044,-0.0935474288531781
1.99108413650196,-0.443669650834623,-0.00774341881289406,0.999970019283122,0.00266483703058261,-2.8039718546153,5.76203726709659,-0.093894422268934
1.99375621219761,-0.443240951626392,-0.00773593682431515,0.999970077193038,0.00280014997198508,-2.78863684208643,5.73898881450556,-0.0935552064478342
1.9973199694322,-0.442663238961861,-0.00772585413750684,0.999970155143565,0.00282931396916806,-2.76827088559972,5.71474293732618,-0.0934575827150388
2,-0.442213625580222,-0.00771800713759799,0.999970215739361,0.00292803894288102,-2.75302399009758,5.68907522374685,-0.0930700185108686
2.00424908529689,-0.441479478761985,-0.00770519423942755,0.999970314550253,0.00301553823375865,-2.7289696031069,5.66107416302011,-0.0922000279334334
2.00750462999738,-0.440910863291431,-0.00769527032151402,0.999970390968992,0.0030484029715369,-2.71063422596742,5.63204588673486,-0.0919080759985227
2.01076017469787,-0.440343780867004,-0.00768537315875489,0.999970467083609,0.00304018416179477,-2.69237829072984,5.60764385597945,-0.092315370945969
2.01370274988523,-0.43982278775733,-0.00767628038183742,0.999970536925713,0.0030901657782873,-2.67594910935766,5.58326646767251,-0.0927708415729565
2.01664532507259,-0.439281897541012,-0.00766684034446964,0.999970609347661,0.00320818146198115,-2.65959218728657,5.55870998346908,-0.0926498600978847
2.02019387999761,-0.438619104766836,-0.00765527276777772,0.999970697970121,0.00325989491841787,-2.6399571251678,5.53325579951429,-0.0925845948365975
2.02373832874238,-0.437930150006251,-0.00764324859059819,0.999970789948878,0.00339249622024799,-2.62044873114838,5.50392893907887,-0.0917736921412613
2.02728277748715,-0.437207278826689,-0.00763063247636717,0.999970886300202,0.00355950475225452,-2.60104656945524,5.4739574727321,-0.0898150694328612
2.03022183623394,-0.436641782244033,-0.00762076298606528,0.99997096156414,0.00335814222389876,-2.58501753857272,5.45379737646212,-0.090500285796234
2.0331377870997,-0.436074517276888,-0.00761086263178317,0.999971036965571,0.00339533890099894,-2.56918054547273,5.43115910695188,-0.0913213091382619
2.03637034987576,-0.435427599964687,-0.00759957212122914,0.999971122834842,0.00349284387286782,-2.55170457686838,5.40622713771909,-0.0917888018551605
2.03960291265183,-0.434764938880501,-0.00758800683695949,0.999971210661708,0.00357784783934263,-2.53431208437579,5.38040362939282,-0.0919617494457028
2.04293612557309,-0.434061647676194,-0.00757573244265453,0.999971303727241,0.00368255716195026,-2.51646659068481,5.35384150744793,-0.091630891898296
2.04617725377363,-0.433354688292618,-0.00756339402723357,0.999971397126332,0.00380693639924936,-2.49920147234991,5.32688535184176,-0.0906005767466516
2.04941838197417,-0.43264001519493,-0.00755092098479049,0.99997149138977,0.00384847431459079,-2.48201701702453,5.30199802726669,-0.0896671886206359
2.05247879422214,-0.431975314248846,-0.00753932009496698,0.999971578922374,0.00379073768836099,-2.46585852719006,5.27984092508955,-0.089798331726495
2.05585046509592,-0.431237384157874,-0.00752644115064889,0.999971675940677,0.00381985971321782,-2.44813881413365,5.25546938586904,-0.0901702575012111
2.05876252814433,-0.430593121071911,-0.00751519695656443,0.999971760508618,0.00386135599132511,-2.43290455648171,5.23143125635351,-0.0905786935750577
2.06167459119275,-0.429929613358944,-0.00750361688888156,0.99997184747051,0.00397669762334532,-2.41773964132732,5.20761910105222,-0.0903535929402077
2.06521661885223,-0.429114785085287,-0.00748939585227899,0.999971954081597,0.00401505509861481,-2.39938098083853,5.1830934859095,-0.090195113826977
2.06859037231595,-0.428316490449686,-0.00747546337252038,0.999972058333315,0.00412978302714588,-2.38198807460801,5.15535779883025,-0.089389855708526
2.07196412577968,-0.427504271423069,-0.0074612878716061,0.999972164204233,0.00420181747547354,-2.36468356592635,5.12915625511245,-0.0883429946321785
2.07512536369169,-0.426753498031176,-0.00744818476808646,0.999972261887129,0.00414504317284445,-2.34854101414254,5.10640205929716,-0.0883664446924035
2.0784958531724,-0.425954580089405,-0.00743424140559897,0.999972365645533,0.00413700995564945,-2.33140979134834,5.08271065440185,-0.0889625686874407
2.08130146082321,-0.425279853971471,-0.00742246553820408,0.999972453123252,0.00419737674430449,-2.31721632339651,5.05896394591543,-0.0893429425332746
2.08410706847402,-0.424585933871505,-0.00741035468079529,0.999972542944807,0.00431677982011849,-2.30308697800958,5.03610880261783,-0.0890241634252791
2.08765699074152,-0.423703333325483,-0.00739495081736503,0.999972656977384,0.00433933037041899,-2.28529278243963,5.0125592137226,-0.0888505177603849
2.09111857305642,-0.422822154510031,-0.00737957176538385,0.999972770589559,0.00444290218444082,-2.26803671043567,4.98502431379883,-0.0880866685667496
2.09458015537131,-0.421922960113116,-0.00736387828896979,0.999972886280696,0.0045337367174887,-2.25087376531732,4.9581213321163,-0.0868382862287986
2.0977348695701,-0.421118401757857,-0.00734983647665659,0.999972989587102,0.004451177329811,-2.2353023787154,4.93591039336298,-0.0869111088603027
2.10101630457777,-0.420285695929639,-0.00733530341003265,0.999973096300037,0.00442899474437275,-2.21918014275849,4.91316631877731,-0.0876387797987228
2.10385424195462,-0.419554130277104,-0.00732253552361643,0.999973189877361,0.00449912300227885,-2.20530341002143,4.88972478752366,-0.0880236920506843
2.10669217933148,-0.41880365668724,-0.00730943763906158,0.999973285703874,0.00461540666794953,-2.19149123681206,4.86697603759657,-0.0877006768786983
2.11021575022739,-0.417867522368645,-0.00729309944846117,0.99997340499657,0.00463695114503884,-2.17442397544583,4.84374002125484,-0.087493354073872
2.11361235660773,-0.416946072877758,-0.00727701754772146,0.999973522157267,0.00473482226256134,-2.15806252980772,4.8169978519721,-0.0867138034238741
2.11700896298808,-0.416011938056356,-0.00726071425015158,0.999973640666882,0.00480000520088229,-2.1417879299907,4.79142944298698,-0.0856716356866203
2.12021502904301,-0.415140550720059,-0.00724550607212189,0.999973750976374,0.00474368831394875,-2.1264979839373,4.76906769586333,-0.0856198172455465
2.12363311015896,-0.414217157504405,-0.00722939024231378,0.999973867616911,0.00471499983677031,-2.11027536717393,4.74611813268657,-0.0862733363643189
2.12636890093359,-0.413468148752866,-0.00721631791447579,0.999973962038891,0.0047783876463969,-2.09735420487722,4.72300821266727,-0.086594977120017
2.12910469170821,-0.412701540542023,-0.00720293842486191,0.999974058502543,0.0048906654251913,-2.0844922686745,4.70135959298914,-0.0862224790503423
2.13267198065852,-0.411700414451923,-0.00718546593053779,0.999974184206453,0.00489810238062292,-2.06780110040441,4.67895045862984,-0.0860391691058169
2.1362257840397,-0.41068426542906,-0.00716773124111567,0.999974311484478,0.00499046915025891,-2.05126888394638,4.65197836930704,-0.0852791526557828
2.13977958742089,-0.409645141048527,-0.00714959556405036,0.999974441315012,0.0051033047787869,-2.03483361656396,4.62469799804972,-0.0836963530404902
2.14288819911352,-0.408759957647938,-0.00713414659323891,0.999974551652384,0.00496985997346058,-2.02052139353552,4.60405622945233,-0.0839083435380252
2.14602274593116,-0.407872991796754,-0.00711866651188127,0.999974661972538,0.00493866429712849,-2.00615623229197,4.58285107204178,-0.0847515552270635
2.14896547227761,-0.407027655953069,-0.00710391299118417,0.999974766891752,0.00501368187877584,-1.99273708241009,4.56010797539581,-0.0851665876347787
2.15190819862407,-0.406164516052305,-0.00708884873733249,0.999974873796127,0.00511927763579693,-1.97938459256191,4.53745550083644,-0.0848953626253128
2.15537165451381,-0.405143133357766,-0.00707102269317652,0.999975000006536,0.00514702410254445,-1.96374838610647,4.51462555124736,-0.0846208293694919
2.15865977481299,-0.404156554923836,-0.0070538040806038,0.999975121614529,0.00523674331669729,-1.94898674028108,4.48938739530243,-0.0837848100102838
2.16194789511217,-0.403164554287555,-0.00703649083299879,0.999975243591939,0.00526552428427735,-1.93430181487825,4.46605478713006,-0.0829698237685756
2.16519842365456,-0.402190254221523,-0.00701948650890399,0.999975363101087,0.00523137816908839,-1.91985585117164,4.44418915823235,-0.0828098049038855
2.16879264315361,-0.401119344264782,-0.00700079606342737,0.99997549412697,0.0052002680255063,-1.90396485473911,4.42126487732848,-0.0833213232641774
2.17143086250122,-0.400325837451325,-0.00698694709561394,0.999975590987242,0.00524949017007697,-1.89235969214661,4.39886190774013,-0.0835709701005678
2.17406908184884,-0.399516984918185,-0.00697283029963724,0.999975689523307,0.00535101066525764,-1.88080767769233,4.37871644930322,-0.0831739209018703
2.17767281549842,-0.398413424228584,-0.00695356999905437,0.999975823639886,0.00534467011216474,-1.8651043747791,4.35750930567625,-0.0830047775027107
2.18145942301574,-0.397236222060661,-0.00693302444052504,0.999975966297244,0.00542597924340859,-1.8487058820426,4.33065551724672,-0.0822647205531741
2.18439806551986,-0.39631874631605,-0.00691701185193723,0.99997607718737,0.00544910533628419,-1.83604821991972,4.30731608391147,-0.0817198105213199
2.18733670802398,-0.395407342767004,-0.00690110523885757,0.999976187089714,0.00541304113137113,-1.82344697898284,4.28811633915841,-0.0817292401860212
2.19103543556383,-0.394251311492364,-0.00688092916591819,0.999976326126681,0.00545499818008149,-1.80767262650387,4.26480520909853,-0.0815732911345854
2.1939248430114,-0.393351270686814,-0.0068652208614959,0.999976434093585,0.00543664254495533,-1.79541302765608,4.24294568013015,-0.0818687380856513
2.19681425045896,-0.392437775788461,-0.00684927774267047,0.999976543422096,0.00551791118620681,-1.78321442163868,4.22183656641331,-0.0816455172968062
2.20051301370965,-0.391266595334285,-0.00682883726565544,0.999976683218963,0.00552642969419038,-1.76768131124193,4.19954166946572,-0.0815562584321821
2.20404029254019,-0.390129566408129,-0.00680899282857939,0.99997681853964,0.00562612126946021,-1.75296087143575,4.17331334248676,-0.0806947357582275
2.20756757137074,-0.388968730404657,-0.00678873288651292,0.999976956287391,0.00574392082667858,-1.73833197867772,4.1473593273519,-0.0788307758904354
2.2105491588746,-0.388021398584323,-0.0067721992072181,0.99997706839602,0.00554538793589686,-1.72601881857703,4.12973293077336,-0.0792734997265496
2.21351572769861,-0.387080307434457,-0.00675577444383357,0.999977179495444,0.00553674635614143,-1.71382575870523,4.11015573720739,-0.0800071407524066
2.21668656160223,-0.386063259339621,-0.00673802400994721,0.999977299258559,0.0055981607506171,-1.70086156910724,4.08857417071252,-0.0804115299024508
2.21985739550586,-0.38503465015264,-0.00672007179937098,0.999977420062579,0.00566179673067621,-1.68796792682284,4.06632535045201,-0.0804171082627858
2.22322204519333,-0.383932085820701,-0.00670082885483481,0.99997754919431,0.00571928123129246,-1.67436256039747,4.04362049222116,-0.0800610787864577
2.22648730710599,-0.382845073946931,-0.0066818573433597,0.999977676142044,0.00581023412915645,-1.66123626251801,4.01998315313302,-0.0790183544483898
2.22975256901865,-0.381754877437163,-0.00666283024832971,0.99997780310019,0.0058272564646116,-1.648180963734,3.99823938575844,-0.0780062781727631
2.23283391448971,-0.380741400832837,-0.0066451421362808,0.999977920799249,0.00574051296860716,-1.63591945820449,3.97926997950567,-0.0780591834071527
2.2362109044998,-0.379632109429255,-0.00662578177515071,0.999978049267017,0.0057331491354064,-1.62255205789115,3.95837721563515,-0.0784059058305933
2.23909838423617,-0.378681051247484,-0.00660918304195108,0.999978159111247,0.00574864524272046,-1.61118201253845,3.93770567789344,-0.0787569929616221
2.24198586397254,-0.377715033621998,-0.00659232322105697,0.999978270401187,0.00583906719228352,-1.59987132640888,3.91714822691244,-0.0784559155973148
2.24553098989842,-0.376527858546962,-0.00657160355602611,0.999978406780218,0.00584467640647664,-1.58605864763833,3.89624488927564,-0.0782298191622421
2.24891794365181,-0.375377957124499,-0.00655153442217518,0.999978538468059,0.0059255506146954,-1.5729434863989,3.87225872992825,-0.0773775310523812
2.2523048974052,-0.374219549056331,-0.00653131681987632,0.99997867072283,0.00596938616329359,-1.55990505549377,3.8496040555853,-0.0762553439219218
2.2554728715918,-0.373151860175213,-0.00651268252984533,0.999978792258249,0.00588220902848548,-1.54777049403859,3.83038520531242,-0.0762191930030789
2.2588407781603,-0.372024618471053,-0.00649300886662558,0.99997892019575,0.00584163450002078,-1.53493762388923,3.8103403073576,-0.0767837808202354
2.26163884843832,-0.371082391028658,-0.00647656424123269,0.999979026837878,0.0058772545141559,-1.52433299435197,3.78997969441649,-0.077113044123855
2.26443691871634,-0.370124966032855,-0.0064598543722777,0.999979134923069,0.00597205104136096,-1.51378349556303,3.77027656231894,-0.0767416602337683
2.26798700236124,-0.36891151177994,-0.00643867604069154,0.999979271510586,0.00596571071392943,-1.50046960750147,3.75030263884028,-0.0765096845458588
2.27145421197924,-0.367712006922446,-0.00641774116408247,0.999979406087121,0.00603808579909639,-1.48754845131658,3.72667291813343,-0.0756939911522645
2.27492142159724,-0.366500156961149,-0.0063965908263609,0.999979541603627,0.00610022877042136,-1.47470734754938,3.70358449069239,-0.0743796386141176
2.27807635732592,-0.36541775411103,-0.00637769971814271,0.999979662266341,0.0059879170899634,-1.46308109649501,3.68509917608061,-0.0744072791995443
2.28135314390553,-0.364303017508098,-0.00635824428861057,0.999979786160484,0.00593747061060294,-1.45106835371221,3.66601317813844,-0.0750958604677594
2.28419206929095,-0.363329881764333,-0.00634126020821716,0.99997989400736,0.00598269432679876,-1.44071756980165,3.6460218235128,-0.0754395764847005
2.28703099467637,-0.362341704660211,-0.00632401360998206,0.999980003225995,0.00607516638103379,-1.43042225428263,3.62648330664123,-0.0750753800888966
2.29055326079935,-0.361116658523711,-0.00630263294752022,0.999980138211719,0.00607026494427384,-1.41771792579443,3.60686218605256,-0.0748170916436919
2.29394710979015,-0.35992283045196,-0.0062817971294436,0.999980269317762,0.00613941003601218,-1.40555410360894,3.584078790331,-0.0739908054933629
2.29734095878094,-0.358721909672474,-0.00626083751996314,0.999980400764709,0.00617588517182376,-1.39346376230844,3.56242759571345,-0.0729118610845327
2.3,-0.357805292246734,-0.00624483984065073,0.999980500797573,0.00601645132300137,-1.38403190693663,3.54708881690761,-0.0734598768736556
2.30351367669222,-0.356576921158439,-0.00622340113733589,0.99998063445163,0.00610161998526876,-1.37164107801803,3.52645675853487,-0.0733907904019275
2.30664526117323,-0.355485463990626,-0.00620435198388945,0.999980752823003,0.00608302964150078,-1.36066000716186,3.50655424522854,-0.0736327038122297
2.30977684565424,-0.354385101957081,-0.00618514741193804,0.999980871792802,0.00613265922276224,-1.34974177185295,3.48648914794956,-0.0735054629806098
2.31335545066557,-0.353123883636315,-0.00616313541921547,0.999981007700549,0.00615111536873902,-1.33733916546927,3.46576566690487,-0.0732854090643364
2.31645417666025,-0.352015175395432,-0.00614378517632796,0.999981126773754,0.00624469839559775,-1.32666815439499,3.44367688287929,-0.0722961022392927
2.31955290265494,-0.350912675975847,-0.00612454329348188,0.999981244808845,0.00620972777396304,-1.3160527896025,3.42571908929856,-0.0717254964304901
2.32284452469992,-0.349745699989509,-0.00610417610095737,0.999981369343514,0.00618770107107374,-1.30483830696375,3.40697761939164,-0.0714394792986073
2.32666152469976,-0.34839993240601,-0.00608068846157532,0.999981512443022,0.00615354343715208,-1.29191241915327,3.38639974089543,-0.0716133670280761
2.32922965781836,-0.347494979501916,-0.0060648943450656,0.999981608359165,0.00615015150015953,-1.28326442970989,3.36742257664414,-0.0718735937904393
2.33179779093695,-0.34657736953824,-0.00604887932372118,0.999981705362117,0.0062361701577236,-1.27466016804767,3.35039550711887,-0.0714906056318896
2.33543538943141,-0.345283064988626,-0.006026289859539,0.999981841750403,0.00621010701118132,-1.26253777217414,3.33252718571852,-0.0713252546581979
2.34056146983511,-0.343440059431578,-0.00599412392541147,0.999982035077814,0.00627507034026091,-1.24559443186907,3.305320824241,-0.0703389185408105
2.34258829982934,-0.342721918493357,-0.00598159022624661,0.999982110129159,0.00618400354297777,-1.23893400471834,3.28613014890059,-0.0704404752672865
2.34461512982357,-0.341998135500088,-0.00596895805545914,0.99998218561119,0.00623258800119242,-1.23229968260868,3.27325041002799,-0.070344366657521
2.3479396993937,-0.340804865382376,-0.00594813193275765,0.999982309706782,0.00626441768788095,-1.22147173824392,3.25694624111021,-0.0699437437612569
2.3524463210191,-0.339163949051121,-0.0059194930442313,0.999982479647568,0.00635495835033427,-1.20690512029311,3.23227001546063,-0.0682525300430994
2.35681893927966,-0.337577332215719,-0.00589180183938801,0.999982643184913,0.00633297628451768,-1.1928823862779,3.20694219793051,-0.0668655010143528
2.35869405622985,-0.336937010710311,-0.00588062631445449,0.999982708967585,0.00596001147531284,-1.18688862483514,3.19647339444489,-0.0686818752179081
2.36056917318004,-0.336270877828246,-0.00586900030303869,0.99998277726941,0.00620025969400723,-1.18092432021223,3.18076407036313,-0.069003711712158
2.36362028992393,-0.335176903055837,-0.00584990716909929,0.999982889146666,0.00625786009353714,-1.1712662557749,3.1654194998206,-0.068990365218597
2.36777175206947,-0.333700521320697,-0.00582413988577328,0.999983039553467,0.00620690286726716,-1.15820656171825,3.14580588689503,-0.0696975907136095
2.37178792287212,-0.332292426957134,-0.00579956441801194,0.999983182384865,0.00611923248052391,-1.14565897033645,3.12426736768733,-0.0715988772819836
2.3743033235077,-0.331325840450129,-0.00578269458385,0.999983280081897,0.00670673164902522,-1.13787703716672,3.09371519576763,-0.0682149876372717
2.37681872414328,-0.33041254948721,-0.00576675491529879,0.99998337213063,0.00633693659220733,-1.13011203123932,3.0869857539105,-0.0677377295749313
2.37999854016382,-0.329261456269412,-0.00574666488154837,0.999983487785043,0.00631809089523997,-1.12034595989916,3.07126930522206,-0.0673694597526031
2.38404719158526,-0.327787776911603,-0.00572094474744129,0.999983635261696,0.00635287018690768,-1.10799677035214,3.05019826642257,-0.0665133851519875
2.38721154437628,-0.326660252906899,-0.00570126606209924,0.999983747650575,0.0062189672192035,-1.09840028413572,3.03268530729217,-0.0671919302312138
2.39037589716731,-0.325527341676185,-0.00568149335123544,0.999983860186403,0.00624868098300535,-1.08886169808716,3.01438767372178,-0.0676253395180333
2.39345940777533,-0.324408059457829,-0.00566195850547709,0.999983970984476,0.00633536330911932,-1.07962591798391,2.99521593317044,-0.0672578956063365
2.39683763705721,-0.323176329157916,-0.00564046109952811,0.999984092472768,0.0063636146147237,-1.0695699317839,2.97670328475301,-0.0665894340790198
2.39974364418252,-0.322112510522366,-0.00562189425607975,0.99998419702762,0.00638922653447077,-1.06097164365031,2.95879802175249,-0.065789645649956
2.40264965130784,-0.32105923297701,-0.00560351138453566,0.99998430020684,0.00632591742244532,-1.05241616646581,2.94406614146557,-0.0655747154102824
2.40623804055445,-0.319755717732374,-0.00558076110739885,0.999984427431479,0.00634006828837951,-1.04191676238474,2.92593789566512,-0.0651761155818067
2.40980306936702,-0.318474104075177,-0.00555839307628104,0.999984552013885,0.00627438913755902,-1.03155072637542,2.90770048556011,-0.0655162081067091
2.41336809817958,-0.31721472942055,-0.00553641318025105,0.999984673947105,0.00616551377142943,-1.02124605953667,2.8904862710874,-0.0670793822704892
2.41631148473606,-0.316130364757448,-0.00551748773565404,0.999984778548697,0.00642991781753467,-1.01280611083152,2.86742789069869,-0.0660122286159575
2.41921193282609,-0.31505879777551,-0.00549878564737694,0.999984881563919,0.00644809746974818,-1.00453621351146,2.85124817385027,-0.0647842712489808
2.4224493682323,-0.313871710313899,-0.00547806737471657,0.999984995276348,0.00639969053112072,-0.995355858465621,2.83568747911427,-0.0638978542121671
2.42568680363852,-0.312690008564993,-0.00545744309672415,0.999985108046538,0.00637065569104849,-0.986229895726503,2.8188864314038,-0.0632963175311145
2.42901123781013,-0.311486462408839,-0.00543643756521509,0.999985222464112,0.00631862206928054,-0.97691354489204,2.80238691865987,-0.0632086295825669
2.43225761153493,-0.310324115007072,-0.00541615107467371,0.999985332546201,0.00624906154760756,-0.967868214819007,2.78628735931493,-0.0638238992639493
2.43550398525973,-0.30916008443162,-0.00539583520540827,0.999985442375256,0.006258110697575,-0.958879460193897,2.76886008423231,-0.0643587616643111
2.43855527377147,-0.308046419818424,-0.0053763983730852,0.999985547065823,0.00637013320388128,-0.950488676504575,2.74991488253236,-0.0638110198682847
2.44190995597628,-0.306818247916497,-0.0053549630381905,0.999985662082642,0.00638976873528497,-0.941321572218134,2.73262971774286,-0.0629947431507372
2.444836981369,-0.305745627573051,-0.00533624254905286,0.999985762156371,0.0063958299314907,-0.933371743664396,2.71600942496007,-0.0621997280641879
2.44776400676173,-0.304684791592928,-0.00531772773107732,0.99998586078593,0.00632556202716531,-0.925462560013742,2.70212334690158,-0.062028565601287
2.45129966879891,-0.303401812436789,-0.0052953358358452,0.999985979610907,0.00633324403565236,-0.915968886262181,2.68511912386437,-0.0617230512301334
2.45465846920216,-0.302195555967261,-0.00527428298282978,0.999986090872777,0.00626805540345779,-0.907005778789951,2.66854424083958,-0.0620894602242452
2.45801726960542,-0.300993143566888,-0.00525329721821428,0.999986201338967,0.00624808051499399,-0.898099655695224,2.65157854753787,-0.0626524864612641
2.46118342612721,-0.299841965842789,-0.00523320565283466,0.999986306685544,0.00634581437237015,-0.889763864592738,2.6327792214679,-0.0622197896522827
2.46457568310125,-0.29859849065896,-0.00521150321266167,0.999986420024924,0.00639772761637065,-0.880893469977744,2.61489465063424,-0.0611883473266418
2.46736905527201,-0.297577306615447,-0.00519368043004295,0.999986512750842,0.00638046874480478,-0.873632278171229,2.59943586555428,-0.0604373612613537
2.47016242744277,-0.296569347039409,-0.00517608845318186,0.999986603964436,0.00629784083661319,-0.866406127176307,2.58689159667366,-0.0603832553341473
2.47371901209504,-0.295281996732474,-0.00515362025138349,0.999986720010973,0.00631743756420564,-0.857264351078742,2.57038057331496,-0.0600704893322561
2.47720051851003,-0.29403360375333,-0.005131831971669,0.99998683206361,0.00625837360259731,-0.848373287562018,2.55379782683883,-0.0603579974335003
2.48068202492502,-0.292796101078837,-0.00511023375870917,0.999986942670219,0.0062037789386669,-0.839539350508354,2.53738927943141,-0.0612011530738377
2.48382368621293,-0.291655604015821,-0.00509032858875089,0.999987044193503,0.00633595637300865,-0.831628336228774,2.51809904206841,-0.0606633893188582
2.48706808986096,-0.290466716754129,-0.00506957885933792,0.999987149602528,0.00639562748738794,-0.823514259958159,2.50094536650199,-0.0594665981453875
2.48993372393542,-0.28942265217988,-0.00505135672823779,0.999987241816216,0.00635892928077713,-0.816388853631549,2.48650251269535,-0.0586754675771625
2.49279935800988,-0.288392244014005,-0.0050333729417313,0.999987332498182,0.00627575421936749,-0.809299271260337,2.47400128104226,-0.0585888915566363
2.49630877947327,-0.287128214923514,-0.00501131175050185,0.999987443298434,0.00628635508736158,-0.800672919765824,2.45805514798176,-0.0583231730566119
2.49967236628959,-0.28592840418721,-0.00499037136460081,0.999987548019296,0.00622568968568726,-0.792457690938502,2.44240130430452,-0.0586469017311432
2.50303595310591,-0.284732519012891,-0.00496949948964705,0.999987651961174,0.0062053203640815,-0.784296433798727,2.42635543110595,-0.0591392901066071
2.50625850934046,-0.283572056276861,-0.00494924584313461,0.99998775240779,0.00628504023397356,-0.776534319363625,2.40868238445915,-0.0587791992100254
2.50973342042564,-0.282308478700703,-0.00492719252297788,0.999987861313247,0.00634651895192236,-0.76822518545107,2.39117885576892,-0.0576789898259988
2.51243444036611,-0.281331096782575,-0.0049101341968092,0.999987945218426,0.00631558925766611,-0.761805176240872,2.37688330767147,-0.0570015405607628
2.51513546030659,-0.280366860771035,-0.00489330530581805,0.999988027709924,0.00623064380810297,-0.755415622589047,2.3656077306509,-0.0570039192069748
2.5187164347513,-0.279083374480272,-0.00487090451110616,0.999988137074257,0.00625557708491791,-0.747000217208085,2.35003223588718,-0.0566746626481502
2.52234233118661,-0.277795959620918,-0.00484843514829913,0.999988246269231,0.00619698563810103,-0.738537326544938,2.33401334377394,-0.0569159264187171
2.52596822762191,-0.276531534419852,-0.00482636702360233,0.999988353022851,0.00608632466413082,-0.730128770020367,2.31902832157417,-0.0583241022292523
2.52902539214383,-0.275428428377303,-0.00480711441450521,0.999988445758753,0.00629761084269311,-0.723100638239971,2.2989053189691,-0.0574870144983771
2.53202875957004,-0.27433580746514,-0.00478804480157635,0.999988537247792,0.00634948365856981,-0.716242256712234,2.28356393156905,-0.056109653851702
2.53576365167925,-0.272967531363746,-0.00476416415090872,0.999988651305575,0.00639400613120604,-0.707775846262303,2.26684204051037,-0.0538151896630085
2.53882039051445,-0.271879106880356,-0.00474516777474228,0.999988741628019,0.00621465945200395,-0.700884048533289,2.25462432369302,-0.0535089148073152
2.54146303586244,-0.270968417098945,-0.00472927341794025,0.999988816923939,0.00601463043913919,-0.694950159856725,2.24543512093737,-0.0548416916860321
2.54550671014153,-0.269551255678743,-0.00470453956028506,0.99998893359253,0.00611674707397701,-0.685941426822986,2.22785823287291,-0.055492458928517
2.54799747394496,-0.268665130562527,-0.00468907393001131,0.999989006232408,0.00620926032460107,-0.680434623021008,2.21088960518772,-0.0551827110745463
2.55048823774839,-0.267777052187346,-0.0046735742081882,0.999989078792424,0.00622294721054329,-0.674957041265569,2.19915744234751,-0.0546959089781776
2.55418395605408,-0.266471107066236,-0.00465078141368997,0.99998918505764,0.00616741870683548,-0.666877759507983,2.18611947375367,-0.0545155434137229
2.55805832775318,-0.265094102732474,-0.00462674841282909,0.99998929654228,0.00620313725808735,-0.658477617918492,2.16813002000861,-0.053800979654006
2.56099074961433,-0.26405341680361,-0.00460858521054017,0.999989380414791,0.00619399145072502,-0.652164502589945,2.15286736611652,-0.0532442264800227
2.56392317147548,-0.263024081776396,-0.00459062011525032,0.999989463047965,0.00612643275138,-0.64588621576763,2.14099032117529,-0.0532345157287983
2.5676292824947,-0.261721740816906,-0.00456789021584607,0.999989567135066,0.00613315079035803,-0.638007337976663,2.12591521141849,-0.0530453707539955
2.57051424483859,-0.260717023218058,-0.00455035476793888,0.999989647082152,0.00607828736127246,-0.6319135338414,2.11226470534721,-0.0533240508080962
2.57339920718248,-0.259704173920347,-0.00453267739517152,0.999989727365052,0.00612748208273381,-0.625859761755547,2.0983885972258,-0.0530966372632714
2.57711927406859,-0.258403932479155,-0.00450998413290864,0.999989829969846,0.0061002919878724,-0.618106143707514,2.08426845146026,-0.0530118623146716
2.58067168163534,-0.25714962812511,-0.00448809261366916,0.999989928461628,0.00616250821136453,-0.610763610402598,2.06691748256863,-0.0521465696292814
2.58422408920208,-0.255875903190733,-0.00446586214258963,0.999990027987941,0.00625792323992738,-0.603483528022857,2.0493375951258,-0.0501178530893642
2.58717909158605,-0.254859883064216,-0.00444812942224681,0.999990107023386,0.00600097535300663,-0.597454384344536,2.0403177036462,-0.0506562448863319
2.59008837469449,-0.253865140300993,-0.00443076805690594,0.999990184099037,0.00596763387455887,-0.591553761283682,2.02820517663816,-0.0514291192727434
2.59331332177859,-0.252755414872122,-0.00441139988366712,0.999990269728194,0.0060057923500256,-0.585058387955152,2.01410229661287,-0.0518225246474301
2.59653826886268,-0.251641813216908,-0.00439196405651367,0.999990355279353,0.00602677034144696,-0.578609384970876,1.99972365936888,-0.0519205859256576
2.59987444621476,-0.250482643883678,-0.00437173292928866,0.999990443929938,0.00606422240723274,-0.571987632268795,1.98483234050671,-0.0515396429441398
2.60314713233303,-0.249334076818254,-0.00435168684300363,0.999990531365983,0.00612532832273436,-0.565542337096427,1.96942051252692,-0.0504428757748178
2.60641981845129,-0.248187419026268,-0.00433167407776502,0.999990618255833,0.00611514613397611,-0.559142071628673,1.95566126309498,-0.0493324396615619
2.60944878007418,-0.247149877273167,-0.00431356572722677,0.999990696532081,0.00597845795788987,-0.553250561618963,1.94505931180594,-0.0494784057939761
2.61274569348572,-0.246025839710188,-0.00429394775252474,0.999990780963854,0.00595046151998933,-0.546880097975481,1.93225082017339,-0.0498243731425155
2.61571687798002,-0.245015232141189,-0.00427630948494242,0.999990856546793,0.00593649756804075,-0.541177397202174,1.91933580168118,-0.0501883200854365
2.61868806247431,-0.243995164303783,-0.00425850610469506,0.999990932521769,0.00599206895115588,-0.535515081149133,1.90574367357781,-0.0499560237085912
2.62220149229746,-0.242791843016838,-0.00423750437577536,0.999991021738028,0.00597761147188372,-0.528865909711269,1.89250156472623,-0.0497217551131567
2.62552341796248,-0.241643909567223,-0.00421746933651808,0.99999110643665,0.00603120608644388,-0.522629970586305,1.87720610085714,-0.0488329671576461
2.6288453436275,-0.240496554397976,-0.00419744438837538,0.999991190691501,0.00602816781965501,-0.516439467787419,1.86352839381001,-0.047849548922307
2.63201815859598,-0.239419227870034,-0.00417864165824333,0.999991269438835,0.00592625010234536,-0.510562665828352,1.85223595370446,-0.047788428262818
2.63545734816848,-0.238263851024715,-0.0041584767033959,0.999991353498373,0.00586333775064827,-0.504234656294047,1.83997113299393,-0.0482657640298687
2.63822902537692,-0.237332845619577,-0.00414222773367206,0.999991420937901,0.00586255485452015,-0.499169918886089,1.82731863311103,-0.0485947317014984
2.64100070258537,-0.236390667638849,-0.00412578376628427,0.999991488917938,0.00593290872884096,-0.494140360215714,1.81462641286412,-0.0482319857910465
2.64457064124509,-0.23518444758354,-0.00410473143308247,0.999991575554446,0.00589716336199968,-0.487705436196099,1.80253069673475,-0.0480304724393281
2.64809233111913,-0.233985969345582,-0.00408381421713755,0.999991661195952,0.0059395892353036,-0.481410792821923,1.78739287084594,-0.0472365378524406
2.65161402099316,-0.232776950364236,-0.00406271303024646,0.999991747147362,0.00599182855343905,-0.475169568954187,1.77222415686153,-0.0457276091280069
2.65472718848572,-0.231738520963942,-0.00404458916707034,0.999991820615784,0.0058217272690743,-0.469682708339725,1.76246881273504,-0.0458889076604631
2.65789487479861,-0.230695172244028,-0.00402637944493731,0.99999189410143,0.00574863436916208,-0.464134502134079,1.75150114551415,-0.0466634707676193
2.66082143790326,-0.229726844368542,-0.00400947907169085,0.999991962006482,0.00577486596450297,-0.459045404030333,1.7389333227248,-0.04706033749352
2.66374800100792,-0.228747594662633,-0.00399238807691719,0.999992030386964,0.00584000103742963,-0.453993865430816,1.72609932499867,-0.0467699844131473
2.66722451958428,-0.227588134918943,-0.00397215184730558,0.999992110973733,0.0058208778774571,-0.448035258672175,1.71395798059442,-0.0464985944307982
2.67053061733007,-0.226477233361513,-0.00395276310967696,0.999992187801384,0.00586458457478478,-0.442415367841484,1.69985622410927,-0.045660950242135
2.67383671507586,-0.225368514136359,-0.0039334124591513,0.999992264103291,0.00585306377700306,-0.436837071544125,1.68727506755249,-0.0448013311976108
2.67707796743265,-0.224296973138132,-0.00391471068465145,0.999992337490771,0.00576996680002985,-0.431403633319942,1.67633915107114,-0.0446532666362113
2.6806394271048,-0.223135262165788,-0.00389443515778682,0.999992416658647,0.00569308185137386,-0.425474340617223,1.66484903621905,-0.045179901394659
2.68329639037786,-0.222267262638791,-0.00387928582257209,0.999992475542445,0.00570179114083338,-0.421082934057845,1.65279159253111,-0.045441338337367
2.68595335365092,-0.221388919307125,-0.00386395595436616,0.999992534894327,0.00576973842880671,-0.41672206149699,1.64129952606827,-0.045046138120524
2.68955175796648,-0.220208777312327,-0.00384335874385918,0.999992614269508,0.00572402699752811,-0.410855276919479,1.63038504376565,-0.0448742823597784
2.69328753797894,-0.218976032603864,-0.0038218434478794,0.999992696729661,0.00575929362207279,-0.404818831306328,1.61584611326718,-0.0441289252691456
2.69626325315595,-0.217997465019973,-0.00380476434576484,0.999992761857941,0.00573953664118379,-0.400046776696009,1.60366645544161,-0.0435713045607304
2.69923896833296,-0.217031371550322,-0.00378790295534337,0.999992825869866,0.00566637293034626,-0.395303327014174,1.59405366430316,-0.0435761883784789
2.70293389569811,-0.215832715337422,-0.00376698260708774,0.999992904895849,0.00566195095251002,-0.389458845542832,1.58175814941794,-0.0434737719932181
2.70580401356758,-0.214910980994028,-0.00375089542162112,0.999992965367025,0.00560510050548115,-0.38495050718665,1.57078509009877,-0.0437953775321241
2.70867413143705,-0.213980853479654,-0.00373466174773711,0.999993026126498,0.00565613968747413,-0.380475454071066,1.55918792158079,-0.0435592897820799
2.7123427725962,-0.212798514180742,-0.00371402617721252,0.999993102980993,0.00562489290899072,-0.374796927037743,1.54785567379844,-0.0434558324418872
2.71586048926987,-0.211654062056798,-0.0036940518565429,0.999993176967164,0.00567824516504134,-0.369401872724382,1.53368074061862,-0.0426199276719945
2.71937820594354,-0.210496199307066,-0.00367384347640434,0.999993251414284,0.00574478252335644,-0.364056416510077,1.51958122560435,-0.0408917256537094
2.72239249767026,-0.209541313090828,-0.00365717767991093,0.999993312503347,0.00552896334072211,-0.35949818262992,1.51220727567645,-0.0412630364967966
2.7254141221737,-0.208592847529797,-0.00364062394323263,0.999993372906693,0.0054784593065344,-0.354958459428506,1.50241143339754,-0.042001293730509
2.72852387661143,-0.207612738603086,-0.00362351792826542,0.999993435037362,0.0055007969734677,-0.350321780520691,1.49101126814384,-0.0424314530055889
2.73163363104916,-0.20662563395503,-0.00360628981466086,0.999993497315744,0.00554006000001003,-0.345721952398589,1.47916120523648,-0.0423628888970277
2.73502647399452,-0.205546923552129,-0.00358746288824305,0.999993565034308,0.00554904795458408,-0.340743017012541,1.46748183344795,-0.0420486565482387
2.73828793806292,-0.204500507910541,-0.00356919960688003,0.999993630386797,0.00559975456022687,-0.335998425005827,1.45474299492497,-0.0410869447090891
2.74154940213133,-0.203458099047566,-0.00355100625536478,0.999993695157412,0.00557831281574485,-0.331289641155701,1.44376382856371,-0.0401857145110194
2.74468656103874,-0.202474061353047,-0.0035338316653926,0.999993755997387,0.00547460241575097,-0.326788651847641,1.43473424232168,-0.0401778511389816
2.74814635664754,-0.201399243354505,-0.0035150726689696,0.999993822112983,0.00542202923390013,-0.321860603128587,1.42437567887303,-0.0405722750033535
2.750946454467,-0.200531700910937,-0.00349993129006847,0.999993875221726,0.00540747967297958,-0.317901603730552,1.41387896184423,-0.0409246991647069
2.75374655228645,-0.199653647175413,-0.00348460645482556,0.999993928740497,0.00547299761738135,-0.313973252458771,1.40293358485021,-0.0405983344423431
2.75732111719905,-0.19854015742944,-0.00346517250990356,0.999993996271716,0.00543676299902305,-0.30899465322292,1.39278467661998,-0.0404207225675569
2.76080732782389,-0.197445962925269,-0.00344607532717281,0.999994062264791,0.00547795265694124,-0.304183863100235,1.37994821322758,-0.0396371302613046
2.76429353844874,-0.196344140163751,-0.00342684500576011,0.999994128349415,0.00551614260621269,-0.299416859734427,1.36738822715982,-0.0382642619330977
2.76742098542019,-0.195383923991265,-0.0034100861699415,0.999994185639253,0.00535866279867361,-0.29516515611011,1.35948064447544,-0.038387823264231
2.77063843547096,-0.194409972828989,-0.00339308761375059,0.999994243461654,0.00528326913149051,-0.290820288654384,1.35040711966386,-0.0391269757410262
2.77353202714527,-0.1935310707431,-0.00337774796645434,0.999994295393066,0.00530127845529596,-0.286943249032314,1.33987101791176,-0.0395288851471407
2.77642561881957,-0.192641475350314,-0.00336222168600498,0.999994347716693,0.00536577733222303,-0.283097745894795,1.32897228439957,-0.0392352408384775
2.77992244749935,-0.191571686025976,-0.00334355044494335,0.999994410319589,0.00533950837235575,-0.278485513005399,1.31897593841701,-0.0390029865087613
2.78326330396079,-0.1905418282998,-0.00332557613672653,0.99999447025639,0.00538017971031009,-0.274119225716204,1.30693651151949,-0.0381983546105712
2.78660416042222,-0.189513061645463,-0.00330762087012709,0.999994529807128,0.00537447973601082,-0.269788951646615,1.29615687461463,-0.037283024695092
2.78983030211248,-0.188537232812598,-0.00329058953674397,0.999994585995595,0.00527919344672616,-0.265635467772272,1.28744620451408,-0.0371845695638193
2.79333363109426,-0.187493729982645,-0.00327237707466556,0.999994645759807,0.00519864398441114,-0.261157406525351,1.2782302975845,-0.0377717902463637
2.79602287309186,-0.186691413980675,-0.00325837409344511,0.999994691485043,0.00520706425390441,-0.257747130545706,1.26811792419194,-0.0380699878228014
2.79871211508946,-0.185878757257591,-0.00324419063290506,0.999994737599722,0.00527417596443663,-0.254363640214375,1.25815762744696,-0.0376950227920582
2.80229932556023,-0.184804223206414,-0.00322543657390969,0.999994798265925,0.00522806154549865,-0.249882790602068,1.24911812362885,-0.0375364436477709
2.80595462276134,-0.183702094498726,-0.00320620089864362,0.99999486012469,0.00526243795553865,-0.245361319495428,1.23696401629512,-0.0368014679008313
2.80960991996245,-0.182579014677213,-0.00318659955812979,0.999994922778739,0.00536247521600985,-0.240889311093913,1.22343222875401,-0.0347376143910759
2.81264461341314,-0.181691405666689,-0.00317110793669881,0.999994972024587,0.00510486477653886,-0.237192378802128,1.21822264813907,-0.035253680980542
2.8155939271732,-0.180840366325484,-0.00315625457246423,0.999995019016132,0.00503623546914155,-0.233622780856665,1.21031474975727,-0.0362702722588912
2.81935919136589,-0.179765049614708,-0.0031374868482869,0.999995078076026,0.00498446221679608,-0.229100764251965,1.20098255348683,-0.037969196414989
2.82246684529124,-0.17885619125671,-0.00312162435518587,0.999995127718823,0.0051043556207921,-0.225408982752976,1.18796416450213,-0.0381150232990056
2.82510846524515,-0.178050070919687,-0.00310755496937937,0.999995171539399,0.0053260704771525,-0.222306014469094,1.17464598921518,-0.0363052247107131
2.82900290299829,-0.176894045395825,-0.00308737861454094,0.999995234035288,0.00518083813567357,-0.217758661222108,1.16765333925773,-0.035206435326067
2.83157861939688,-0.176142776592225,-0.00307426656257744,0.999995274431386,0.0050906668907773,-0.214771632780684,1.15968840477,-0.0350237590812481
2.83415433579547,-0.175399003787424,-0.00306128533933216,0.999995314255057,0.00503987330967762,-0.211801940945855,1.1529576146086,-0.0351669378502606
2.83786200310873,-0.174322147307739,-0.00304249073571777,0.999995371614351,0.0050691417416912,-0.207564317272303,1.14293525160675,-0.0348700159206864
2.84142193515548,-0.173301888257097,-0.00302468393799648,0.999995425633075,0.00500202796658706,-0.203529278230514,1.13345956855458,-0.0351244800229632
2.84498186720222,-0.172298207425697,-0.00300716648251784,0.999995478464651,0.00492074986742992,-0.199525933569493,1.12455648266651,-0.0360890661563046
2.84818273117901,-0.17137504966582,-0.00299105441255464,0.999995526786746,0.00503368544930767,-0.195965657946577,1.1122858230565,-0.0357006811785103
2.85141729347145,-0.170428101470554,-0.0029745271222241,0.999995576084414,0.00510961371554256,-0.192403428763008,1.10130177177264,-0.0343885169240268
2.8542283119882,-0.169615799978536,-0.00296034984909039,0.999995618154785,0.00504348707420273,-0.189328653276167,1.09382968077809,-0.0336650659774791
2.85703933050495,-0.168819190071701,-0.00294644644399927,0.999995659217255,0.00494605981619122,-0.186271238448565,1.0876537487679,-0.0336727584807437
2.86055174947926,-0.167822752073801,-0.00292905539519032,0.999995710308045,0.00495132385474027,-0.182483396560923,1.07841402615948,-0.0334611814254197
2.86398715600188,-0.166862025531096,-0.00291228762532671,0.999995759281402,0.00488089001143799,-0.17880795857924,1.06986988511516,-0.0338184495698785
2.86742256252451,-0.165911427591981,-0.00289569663138446,0.999995807461721,0.00482943249684267,-0.175162623968975,1.06110720412836,-0.034551524499205
2.8706090224079,-0.165012624030875,-0.00288000961532755,0.999995852763708,0.0049230437676991,-0.171817486304058,1.0497975142734,-0.0341665324302164
2.87396539148375,-0.164055923760074,-0.0028633121144954,0.999995900713465,0.00497489081291921,-0.168328529290863,1.0395033842674,-0.0330566516320606
2.87673923613651,-0.163272715682067,-0.00284964261057432,0.999995939760253,0.00492801919379157,-0.165466340376564,1.03184902998983,-0.0323797841702638
2.87951308078928,-0.162504621191786,-0.0028362368869275,0.999995977872072,0.00483292307248223,-0.162620279538871,1.02603468974178,-0.0324064720886706
2.88306381267999,-0.161519540324933,-0.00281904405113624,0.999996026487424,0.00484207342434644,-0.159008985497252,1.01705624439533,-0.0321727777072522
2.88654261008371,-0.160568608550232,-0.00280244722626632,0.999996073137062,0.00477087007499852,-0.15549961060537,1.00878967200946,-0.0325181091481143
2.89002140748742,-0.15963063517442,-0.00278607656647315,0.999996118881151,0.0047058571696272,-0.152018885920168,1.00055400796942,-0.0333847820653863
2.893184344762,-0.158757739083365,-0.00277084171446221,0.999996161210729,0.00481669710592653,-0.148890039230366,0.989221858728019,-0.0329482774900342
2.89646226008143,-0.157843304668838,-0.0027548818840496,0.999996205305703,0.00486891507917946,-0.145679620436053,0.979408703843852,-0.0318015025334261
2.89929070193138,-0.15706239592982,-0.00274125250686022,0.999996242760288,0.00481870562540506,-0.142929862325343,0.97218124203855,-0.0310901679927231
2.90211914378132,-0.156296902831159,-0.00272789218184116,0.9999962792952,0.00472358127963919,-0.140196129325764,0.966515539159981,-0.031090168626265
2.90564335873011,-0.155342423191254,-0.00271123343108634,0.999996324599887,0.00472695695400938,-0.136820098146988,0.957952686721446,-0.0308841557575167
2.90904567392291,-0.154435002493479,-0.00269539601007913,0.999996367413577,0.00465491231100824,-0.133587179047007,0.950211522676755,-0.0312588806857945
2.91244798911571,-0.153535825934558,-0.00267970247524627,0.999996409590877,0.00461262129478956,-0.130381925146061,0.942080236341562,-0.0319083209922416
2.91565585437981,-0.152673392336366,-0.00266465022311892,0.999996449813292,0.00469231237258352,-0.127392928973758,0.931771108270274,-0.0315819055997685
2.91907131089022,-0.151744952587811,-0.00264844594977951,0.999996492860876,0.00474441131640479,-0.124243680961881,0.92205771096117,-0.0305130722618119
2.92180545180095,-0.151008706100548,-0.00263559606931871,0.999996526810648,0.00469980360504592,-0.121742003354468,0.91497757031853,-0.0298693964781918
2.92453959271169,-0.150287321789457,-0.00262300558143867,0.999996559914943,0.0046049314252007,-0.119254362864061,0.90984355657778,-0.0299194235645927
2.92810642601035,-0.149343724079659,-0.00260653675088783,0.999996602977313,0.00461722919778726,-0.116038888689656,0.901492698188455,-0.0296797397557076
2.93166100084118,-0.148417791751573,-0.00259037623767021,0.999996644969846,0.00454641371891366,-0.112861690215343,0.893833615981756,-0.0300164771389413
2.935215575672,-0.147510646906233,-0.00257454362612159,0.999996685857067,0.00445416543390176,-0.109709905879775,0.886683917366439,-0.0311767572309776
2.93832478824831,-0.146690045553205,-0.00256022147786718,0.999996722627622,0.00460637383425349,-0.106988817530895,0.875169607125169,-0.0305945931378671
2.94145964358327,-0.14585396449651,-0.00254562915816684,0.999996759880845,0.00465487740062,-0.104272954413571,0.866344002238737,-0.0293752521227336
2.94440138120944,-0.145079352413901,-0.00253210967047225,0.99999679420517,0.00459576379177057,-0.101743169021082,0.859962958620883,-0.0286089150484896
2.94734311883561,-0.144320005292624,-0.00251885660530518,0.999996827675669,0.00450519696723314,-0.0992294449622897,0.854503146857004,-0.0285292983094767
2.95080693031943,-0.143428208455579,-0.00250329186331197,0.999996866760015,0.00449354450668887,-0.096296181104756,0.846831264126724,-0.0283889343901584
2.9540950746781,-0.142595470958173,-0.00248875789745206,0.999996903037268,0.00442012562381442,-0.0935340137224161,0.840038356301183,-0.0288300940044222
2.95738321903677,-0.141765278530611,-0.00247426835077896,0.999996938993379,0.00440661653064795,-0.0907973283392385,0.832288696802489,-0.0292496835876178
2.96063460436489,-0.140935316256414,-0.00245978282050824,0.999996974729662,0.00445520074990363,-0.0881202496913129,0.823365543533466,-0.0290202563898477
2.96423009950541,-0.140008033330483,-0.00244359872899319,0.999997014408169,0.00450122709738451,-0.0851928978520962,0.814172102814681,-0.0280753847814673
2.96686700765293,-0.139333490086461,-0.00243182576341821,0.999997043107357,0.00446469876712858,-0.0830637404524588,0.807444658866229,-0.0275095978469334
2.96950391580046,-0.138672679547851,-0.00242029247772891,0.999997071087872,0.00437380408621817,-0.0809462824290015,0.803007880819529,-0.027589527644691
2.97310780461665,-0.137765732404169,-0.00240446330998992,0.999997109273917,0.00439225919725201,-0.0780803630106598,0.795229698946946,-0.0273243243681361
2.97689744474176,-0.136826716710564,-0.00238807444146229,0.999997148546166,0.00432466277542521,-0.0750945401261743,0.78789087773901,-0.0276068753134228
2.97983406050016,-0.136100969841877,-0.00237540780499486,0.9999971787149,0.00431335708744449,-0.0728032714192433,0.780241235296989,-0.0277965856431445
2.98277067625857,-0.135367487127583,-0.00236260615254688,0.999997209042189,0.00435933381282682,-0.0705348411211583,0.772464116761615,-0.0274321480605344
2.98646973684905,-0.134450248282055,-0.00234659735904315,0.999997246736627,0.00432781174843882,-0.0677034944830784,0.76542315780584,-0.027143588860112
2.98935982557144,-0.133728880056578,-0.00233400714286793,0.999997276201619,0.00435635437635473,-0.0655149560476658,0.757256487822251,-0.0265000990026117
2.99224991429383,-0.133019527099315,-0.00232162663174849,0.99999730502126,0.0042837939773515,-0.0633412633881489,0.752119698843899,-0.0263729426250961
2.99595087232471,-0.132111009650679,-0.00230577005340003,0.999997341708697,0.00428446382212387,-0.0605855060923257,0.744606470224102,-0.0260129092857586
3,-0.131142718524529,-0.00228887022972716,0.999997380533105,0.00417370594963537,-0.0575968347367513,0.738102523616565,-0.0267264969741078
3.002476474849,-0.130539786438954,-0.00227834710710646,0.999997404563862,0.00424924568221056,-0.0557909079210138,0.729232851474126,-0.0265189136360776
3.00495294969799,-0.129935369918954,-0.00226779807603186,0.999997428542637,0.00425970743523441,-0.0539992108391024,0.723486888081081,-0.0261078807598553
3.00863339533103,-0.129050366108736,-0.00225235188510027,0.999997463452276,0.004196836992325,-0.0513569200726489,0.717926857207735,-0.0260265465800333
3.01263955254066,-0.128081937298752,-0.00223544965634736,0.999997501379295,0.00421907339651887,-0.0485166082698802,0.708986605903658,-0.0254383622594027
3.01546290450623,-0.127402098503022,-0.00222358426046919,0.999997527833463,0.00420260226601582,-0.0465350933792025,0.701830630696778,-0.0249904490030197
3.01828625647181,-0.126734295065077,-0.00221192892038416,0.999997553682233,0.0041282025374051,-0.0445666817249514,0.69718960946164,-0.0250730291098913
3.02200206486857,-0.125853352916932,-0.00219655361673156,0.999997587573194,0.00413781857485055,-0.0420031265822873,0.689905094378534,-0.0248831514757993
3.02478904239214,-0.125202126607655,-0.00218518760073717,0.999997612474725,0.00407826872531133,-0.0400965263628908,0.6841103680516,-0.0251224460771818
3.0275760199157,-0.124546189766148,-0.0021737393703578,0.999997637425784,0.00410776817273683,-0.0382082458440974,0.6775370460753,-0.0249867958121986
3.0316729607756,-0.123592496556322,-0.00215709432281732,0.999997673469335,0.00406280860148622,-0.035458698482259,0.67112205322561,-0.0251356694399164
3.03551660190084,-0.122688140959618,-0.00214131037649986,0.999997707392308,0.00410651833951474,-0.0329148542939586,0.661831868639452,-0.024540913613902
3.03820981397184,-0.122054774215421,-0.00213025606665363,0.999997731001971,0.00410451712210941,-0.0311507887171264,0.655004333238185,-0.0239682828676844
3.04090302604284,-0.121435291463583,-0.00211944407738288,0.999997753975879,0.00401454226175536,-0.0293969393195893,0.651211026574702,-0.0240419882809649
3.04451826113393,-0.120600571550901,-0.00210487549907168,0.999997784747113,0.00402978241833997,-0.0270674692705921,0.64434815172516,-0.0237993726848573
3.04814065113838,-0.119778933447917,-0.00209053524046619,0.999997814828817,0.00395879243795194,-0.0247552088915737,0.638324525017703,-0.0241405766555658
3.05176304114283,-0.118982259764286,-0.00207663069180508,0.99999784380016,0.00383850961003113,-0.0224609702762182,0.633349421939165,-0.0256297308111585
3.05482512152757,-0.118274378790846,-0.00206427586458769,0.999997869380308,0.00403479077829035,-0.0205546934910732,0.622543024880138,-0.0249064453370764
3.05783291820624,-0.117571296932748,-0.00205200479724276,0.99999789463594,0.00407976158158241,-0.0187034429829536,0.615483925907868,-0.0236207272756938
3.06157613259979,-0.116688104928913,-0.00203659022105874,0.999997926147985,0.00411801376398627,-0.0164278861205671,0.607915182818348,-0.0213967203452021
3.06462838106533,-0.116001778924313,-0.00202461159723253,0.99999795047184,0.00392453257248597,-0.0145810723378842,0.605066659393832,-0.0211927906306924
3.06726051661457,-0.115441589398846,-0.00201483446551988,0.999997970218978,0.00371453197287723,-0.0129920538548496,0.603699335885786,-0.0226250981523222
3.07128474002304,-0.114562086309775,-0.00199948427175496,0.999998001029326,0.00381445638763999,-0.0105972680794683,0.595092650755521,-0.0233486264672166
3.07379381207681,-0.114003110382791,-0.00198972832079659,0.999998020488646,0.00388827827825945,-0.00912399804544603,0.587177252166721,-0.0231576342268142
3.07630288413059,-0.113442329649741,-0.00197994086990239,0.999998039915155,0.00390083264398421,-0.00766365288144188,0.582025997144505,-0.0227471923849596
3.08000454088742,-0.112628283928602,-0.00196573311945584,0.999998067944785,0.00383822137733382,-0.00552677141340172,0.577277043338474,-0.0226734384295073
3.0838129049271,-0.111784727049249,-0.00195101030271611,0.999998096777588,0.00386592374551642,-0.00335800454158306,0.569474674485664,-0.0220627487100736
3.08679770874638,-0.111126588426761,-0.00193952363855241,0.999998119122259,0.00384838890340548,-0.00167657614241206,0.563329619290114,-0.021570177841692
3.08978251256566,-0.110481265750672,-0.00192826065417843,0.999998140903697,0.00377344915025163,-7.53679905675818e-06,0.559178909037174,-0.0216328907521492
3.09348258846334,-0.109683080986314,-0.00191432972771345,0.999998167669168,0.00376504497814118,0.00203872443720827,0.553032233081446,-0.0216139884411328
3.09634444382458,-0.109075597348267,-0.00190372715739759,0.999998187909813,0.00370479576973842,0.00360729830035396,0.548096834100244,-0.0220057684019193
3.09920629918581,-0.108460004389801,-0.00189298305277991,0.999998208305976,0.00375425121858426,0.00515769846568645,0.541746513934043,-0.0218353486548781
3.10287795356986,-0.107677425424628,-0.00187932449747665,0.999998234068157,0.00372000688802529,0.00712711303095672,0.536383428087874,-0.0218206615208778
3.10641466730701,-0.10691346952208,-0.00186599097501661,0.999998259037325,0.00377003818529677,0.00899704897341895,0.528721316294637,-0.0210731276215806
3.10995138104416,-0.106134829670616,-0.00185240116940882,0.999998284303482,0.00384250185491235,0.0108388726821701,0.520772628388173,-0.0193363296767396
3.11295183413474,-0.105514142842188,-0.00184156815910669,0.99999830431192,0.00361046430415746,0.0123977855049305,0.519559138469846,-0.01983425222862
3.11593914132392,-0.104904768772519,-0.00183093259314537,0.999998323841515,0.00356025785714743,0.0139367689479586,0.515174150352102,-0.0206740926630082
3.11907926709645,-0.10425975128874,-0.00181967493307436,0.999998344390198,0.00358510443223324,0.0155356180535649,0.509167218584547,-0.0211801641108705
3.12221939286898,-0.103608885630556,-0.00180831520304104,0.999998364996727,0.00361760946737554,0.0171147928999867,0.502901781907914,-0.0212297736490253
3.1255937312743,-0.102906824367905,-0.00179606194235578,0.999998387079449,0.00363131349382666,0.0187913257332269,0.496847865228548,-0.0209774289900125
3.12885043981068,-0.102219944340964,-0.0017840736435269,0.999998408539351,0.00368111481343442,0.0203870914516305,0.489993409166613,-0.0200668725369103
3.13210714834706,-0.101537534461501,-0.00177216336311065,0.999998429717274,0.00365715848124369,0.0219658897450097,0.484783417288365,-0.0192254670043202
3.13522522341312,-0.100903769656778,-0.00176110209784613,0.999998449258498,0.00354747153014024,0.0234671730418089,0.481477599158137,-0.0193171478734345
3.13866343718716,-0.100214760039369,-0.00174907662996579,0.999998470364301,0.00349759706406572,0.0251066261163804,0.476832792350148,-0.0197769347251681
3.14149080233044,-0.0996510769262933,-0.001739238518669,0.999998487523544,0.00347960937569277,0.0264406430993969,0.471823381634471,-0.0202048279640372
3.14431816747371,-0.0990771939820884,-0.0017292223868337,0.999998504893851,0.00354257281597653,0.0277573990585783,0.465718395910863,-0.0199602895234905
3.14788535139079,-0.0983602887201221,-0.00171671004815978,0.99999852645222,0.00350762885711752,0.0294019119904818,0.461011534625622,-0.0198632352165937
3.15133728085426,-0.0976583704113213,-0.00170445928051478,0.999998547408225,0.003548967526204,0.0309699877971522,0.454260674577568,-0.0191509598877926
3.15478921031773,-0.0969511830117293,-0.00169211654976274,0.999998568369766,0.00357560856388024,0.0325162714181098,0.447947629672273,-0.0179680157060043
3.15793265782547,-0.0963331010825788,-0.00168132900039754,0.999998586565397,0.00343176231962285,0.0339163756399141,0.445404040741648,-0.018114338519238
3.16120387581886,-0.0957041400005291,-0.00167035157406368,0.999998604961836,0.00335576588623261,0.0353611538422108,0.441663687719023,-0.0188824632917765
3.16406079604397,-0.0951527587147491,-0.00166072816854077,0.999998620990024,0.00336845907917488,0.0366078691344159,0.436384355869923,-0.0193367271234861
3.16691771626908,-0.0945906467418382,-0.00165091747729789,0.999998637234813,0.00343401422481375,0.0378374766223302,0.430396157760472,-0.0190896175531736
3.17043535626913,-0.0939048505172746,-0.00163894809137502,0.999998656923675,0.00340267967051782,0.0393355590158797,0.425877120321209,-0.0189572431543364
3.17381786279516,-0.0932377369946818,-0.00162730477944825,0.999998675938701,0.00344221877008255,0.0407546088272429,0.419526111906596,-0.0182457957185246
3.17720036932119,-0.0925697519747963,-0.00161564625682353,0.999998694842735,0.00344671558245079,0.0421550891862896,0.414036262242253,-0.0173094273053293
3.18040676515322,-0.0919565101984979,-0.00160494318259323,0.999998712077861,0.00333804329467538,0.0434730112904763,0.411029134650554,-0.0173288307747229
3.18383926732905,-0.0913160847399583,-0.00159376566402388,0.999998729954698,0.00325638041654045,0.0448716477542887,0.407468485718731,-0.0180441684376779
3.18657063484869,-0.0908047629399709,-0.00158484142634773,0.999998744138038,0.00326731898319301,0.0459708216669937,0.402426222322911,-0.0184323672006492
3.18930200236833,-0.0902828124292461,-0.00157573168277808,0.999998758534061,0.00333523587693858,0.0470546218034222,0.39679762193647,-0.018130075112432
3.19287284821305,-0.0896092874160931,-0.00156397646818913,0.999998776988056,0.00329200127511454,0.0484572943035854,0.392812392682001,-0.0180426458749316
3.19643747845578,-0.088929568511068,-0.00155211314970762,0.99999879547166,0.00332806829122121,0.0498354009393064,0.386605774479371,-0.0173787479522864
3.2000021086985,-0.0882372470822778,-0.00154002987573476,0.999998814153288,0.00338977329813258,0.0511896838643504,0.379922413498086,-0.0158440523383368
3.20310197583118,-0.0876692858654,-0.00153011709415616,0.999998829370154,0.00319781230415951,0.0523639073499317,0.378798004985911,-0.0161709458017106
3.20621492541111,-0.0871127770966256,-0.00152040419512303,0.999998844184874,0.00312016307426273,0.0535334979156276,0.375717799362129,-0.0171174815569541
3.20991170541374,-0.0864736023193435,-0.00150924850356331,0.999998861083829,0.0030176814285279,0.0549114035854629,0.372731314510718,-0.0192201227769647
3.21287313489586,-0.085922682020395,-0.00149963314131207,0.999998875549589,0.0032468688485631,0.0559867980243461,0.363133562819876,-0.0187230761367507
3.21549859953022,-0.0854174198732648,-0.00149081466311671,0.999998888735203,0.00335882949543926,0.0569234184553411,0.356744638163301,-0.0172471193170269
3.21977847523875,-0.0846189402671279,-0.00147687858032197,0.999998909414235,0.0032561922556164,0.0584376149987322,0.353794513325025,-0.0160192708780507
3.22215827489518,-0.084195705758366,-0.00146949175265177,0.999998920296412,0.00310397375929603,0.0592754622666498,0.352066303418485,-0.0162699274525652
3.22453807455162,-0.0837724208419252,-0.00146210404512236,0.999998931125309,0.00310434344586362,0.0601051292085525,0.348628902294099,-0.0164734349191384
3.22819051731291,-0.0831151409290034,-0.0014506323587005,0.999998947832326,0.00314082912107004,0.0613599794338275,0.343564651737677,-0.0162277247878929
3.23341130746951,-0.0821843922652807,-0.00143438774691139,0.999998971265367,0.00311152683851383,0.0631238606330331,0.3378571339392,-0.0159332496831619
3.23545980146346,-0.0818257522449893,-0.00142812830413914,0.999998980224253,0.00305563462816566,0.0638077935175831,0.333871071416267,-0.0161785289072866
3.23750829545741,-0.0814637239861376,-0.00142180972545199,0.999998989228041,0.00308450262528648,0.0644846447740313,0.330414079048837,-0.0161163219981317
3.24092733590552,-0.080864855149703,-0.00141135750295596,0.999999004034503,0.00305706619795388,0.0656032358414395,0.327165204501909,-0.01615023585954
3.24553884032833,-0.0800896513482943,-0.00139782765759391,0.999999023038443,0.00293393597144912,0.0670979246916135,0.324121742740455,-0.017693103572923
3.24980393413786,-0.0793715677087762,-0.00138529474591435,0.999999040478773,0.00293848725819257,0.0684539935552774,0.317945846966886,-0.0189611925071127
3.25166250320088,-0.0790054377656548,-0.00137890457902001,0.999999049310629,0.00343822197665257,0.0690182548489054,0.303599852625725,-0.0163464311230402
3.2535210722639,-0.078674350324461,-0.0013731260185298,0.999999057262024,0.00310914782550062,0.0695903076448166,0.307792057498905,-0.0156959383921051
3.25657496526569,-0.0781449627625359,-0.00136388647120711,0.999999069906414,0.00302550088339173,0.0705253850210334,0.306191924755997,-0.0153471684760932
3.26072909166683,-0.0774143119871787,-0.00135113422124512,0.999999087217742,0.00306978182193315,0.0717735877086165,0.300472967611297,-0.0141027847846531
3.26468131110765,-0.076701526091687,-0.00133869377175821,0.999999103949091,0.00314771508120559,0.0729336122279313,0.293512173775951,-0.011698079648798
3.26730333535388,-0.0763193148415904,-0.00133202293295354,0.99999911285706,0.00254415830133866,0.0737241192517166,0.301487305055508,-0.014907594608812
3.2699253596001,-0.0758847900575194,-0.00132443905147974,0.999999122930215,0.00289237911299514,0.0744870406907961,0.290966584377412,-0.0152069112319154
3.27297044736439,-0.0753753045755607,-0.00131554686007529,0.999999134667855,0.00292017828043618,0.075360131922265,0.286721204462074,-0.0151623801758283
3.27676516562245,-0.0747470053146587,-0.00130458097869496,0.999999149033873,0.00288977732860593,0.0764337767398339,0.282931365270292,-0.0152882405146983
3.28002205829887,-0.0741929397683747,-0.00129491071880867,0.999999161602764,0.00296917000812793,0.0773352899950503,0.276801646472302,-0.0144405748686896
3.28327895097529,-0.0736422118404186,-0.00128529871118216,0.99999917400327,0.00295128411664098,0.0782245195731513,0.273030052399093,-0.0136160590296921
3.28641407869634,-0.0731302405972286,-0.00127636313464254,0.999999185448243,0.00285014987083193,0.079074330815907,0.271061123618576,-0.0136546870729235
3.28981429103337,-0.0725854619439583,-0.00126685496113575,0.999999197538932,0.00279634924284059,0.0799858165949856,0.268067311312428,-0.0141089236266251
3.29266556772928,-0.0721324309992103,-0.00125894808584192,0.999999207524545,0.00277310217230693,0.0807404237326776,0.264655878110574,-0.0145965052258621
3.29551684442518,-0.0716690275694768,-0.00125086017659642,0.999999217674103,0.00283659443697203,0.0814813059557145,0.259842274900901,-0.0144135350460268
3.29907131998351,-0.0710974752227799,-0.00124088471404106,0.999999230102267,0.00280645347918724,0.0823931353079874,0.256529926091617,-0.0143597153233452
3.3,-0.0709449120801759,-0.00123822198693106,0.999999233402862,0.00286721918030427,0.0826276816683799,0.252558853673144,-0.0141381507753049
3.30454097303841,-0.0702111707211378,-0.0012254157940738,0.999999249177784,0.00282014503608367,0.0837638618339766,0.25020632273862,-0.0135956356326778
3.30707340651519,-0.0698073075294101,-0.00121836705691251,0.999999257790582,0.00278338700222182,0.0843886094027565,0.246698511336328,-0.0134182958087903
3.30960583999197,-0.0694105476560008,-0.00121144229589219,0.999999266203513,0.00273443160275718,0.0850082198041159,0.244669961537191,-0.0135566512007362
3.313421975676,-0.0688069789610691,-0.00120090804256665,0.999999278909677,0.00276045242117877,0.0859255126643195,0.240372181744656,-0.013302859115346
3.31723191714856,-0.0682186627298457,-0.00119063999462994,0.99999929118795,0.00269506903235543,0.0868292825445863,0.237213586291748,-0.0136141245794343
3.3201892030899,-0.0677647196364436,-0.00118271719861188,0.999999300589769,0.00267907863957532,0.0875200638674754,0.233586246508418,-0.0138903218961184
3.32314648903123,-0.0673025190419051,-0.0011746502820362,0.999999310098119,0.00272781271050278,0.0881977665722313,0.229163739387805,-0.0136043152097503
3.32682469563173,-0.0667331142769271,-0.00116471230090919,0.999999321722398,0.00270185691148478,0.0890285751308228,0.225873271631906,-0.0133846830196853
3.32970287996639,-0.0662823548305264,-0.00115684506973523,0.999999330854518,0.00273340257585927,0.0896660472755512,0.221484127007301,-0.0127935401746189
3.33258106430105,-0.0658432795854106,-0.00114918176613794,0.999999339690416,0.0026625496494387,0.0902982761431945,0.219662396195263,-0.0127228280534394
3.33629020216394,-0.0652765693446869,-0.00113929081300758,0.999999351008011,0.00266664652838883,0.0910989648277376,0.215869216551233,-0.0124260825015316
3.33986002681112,-0.0647488286345788,-0.00113008000594893,0.999999361459386,0.00258018639528489,0.0918613501968193,0.213563814593685,-0.0129153781093872
3.3434298514583,-0.0642474259987251,-0.00112132888461989,0.999999371310569,0.00245141645283465,0.0926189802505227,0.212231728049274,-0.0146650142604131
3.34637397627568,-0.0637920411401755,-0.00111338092443594,0.999999380191266,0.00269960196608432,0.0932183845678726,0.203593378178049,-0.0137631971229214
3.3492568941576,-0.0633444933092051,-0.0011055697460329,0.999999388857582,0.00270947128241238,0.093795579791073,0.200212162414287,-0.0126626714833828
3.35250519331688,-0.0628522521914949,-0.00109697852302493,0.999999398318879,0.0026448389746358,0.0944394140875916,0.198206589032706,-0.01193694134004
3.35575349247616,-0.0623673575544179,-0.00108851552013552,0.999999407566806,0.00260536592452681,0.0950745087774112,0.195516071235378,-0.0114618276099488
3.35907460572,-0.0618844299981085,-0.00108008684918418,0.999999416706029,0.00253790680635296,0.095716757974045,0.193383708858818,-0.0115216899675206
3.36234785116571,-0.0614244600212301,-0.00107205886327529,0.999999425344732,0.00245260879148518,0.09634400544298,0.191628608161969,-0.012308270324226
3.36562109661143,-0.0609672320570647,-0.00106407873442018,0.999999433868063,0.00243798808834264,0.0969609648015402,0.188485516528487,-0.0131203567567653
3.36863146183673,-0.0605258868929759,-0.00105637581249846,0.999999442034916,0.00255880123326932,0.0975110962256444,0.182745741107982,-0.0126365569114987
3.37190264832292,-0.0600460859412124,-0.0010480017107715,0.999999450846056,0.00255995994048047,0.098098175666491,0.179469878383841,-0.011963251106736
3.37490242100774,-0.0596076871294367,-0.00104035021224043,0.999999458835572,0.00255069417127307,0.0986274427470223,0.176435729016872,-0.0112976411120475
3.37790219369256,-0.0591820481592668,-0.00103292141477774,0.999999466536533,0.00247645479667609,0.0991520658327206,0.174887613435836,-0.0112030303445235
3.38140527036596,-0.0586876263440303,-0.00102429213077323,0.999999475412678,0.00246334561703742,0.099754111947029,0.171862100216087,-0.0110912177539751
3.38471104156044,-0.0582363157031242,-0.00101641527824054,0.999999483449858,0.00238275917167267,0.10031636901764,0.170083480535399,-0.0116685785883847
3.38801681275492,-0.0577883733717818,-0.001008597213707,0.999999491365701,0.00236497569887477,0.100868932093433,0.167151034746865,-0.0123022241881405
3.39118401890227,-0.0573453763220053,-0.00100086546051434,0.99999949913404,0.00244119161668111,0.101383278332883,0.162397461838436,-0.0120476783960793
3.39463133406755,-0.0568562446795093,-0.000992328507116602,0.999999507641946,0.002476407647094,0.101929454860452,0.158435333406624,-0.0112580493272836
3.39740714266735,-0.0564654930407948,-0.00098550860779828,0.999999514386274,0.00245690666627295,0.102361934765535,0.155803215364023,-0.0106530584010573
3.40018295126714,-0.0560892047042394,-0.000978941140556585,0.999999520837007,0.00236596659086313,0.102792110668994,0.154973186368706,-0.0107385330142251
3.40375470779841,-0.0556026956653809,-0.000970449960021262,0.999999529113327,0.00237731337353076,0.103333934745452,0.151696811278494,-0.0105883890368892
3.40727488824363,-0.0551372642464538,-0.000962326653111986,0.999999536963599,0.00230764042608533,0.10386105142945,0.14974138178451,-0.0110405969311883
3.41079506868886,-0.054687754912935,-0.000954481238826814,0.999999544482679,0.00222869765071329,0.104382137306047,0.148028172051377,-0.0122081101176502
3.41390604032193,-0.0542645958417301,-0.000947095723112876,0.999999551504745,0.00237402327095679,0.10482378329441,0.141964003679108,-0.0117419562707791
3.41707169583269,-0.0538252208157205,-0.000939427185669504,0.999999558738184,0.00242241798857885,0.10526084742691,0.138064338022365,-0.0106653450158259
3.42000189265289,-0.0534267732006098,-0.000932472965935077,0.999999565246989,0.00237329544980077,0.105660107110104,0.136256950537135,-0.00998495871735219
3.42293208947309,-0.0530429801251587,-0.000925774516013403,0.999999571470681,0.00228600780903229,0.106056725735995,0.135355626337854,-0.00999032341326458
3.42640725521737,-0.0525890064931811,-0.000917851184784561,0.999999578774513,0.00227998753967028,0.106517433934123,0.132571575582143,-0.00992958106559519
3.42971153352572,-0.0521706129438018,-0.000910548842830313,0.999999585450317,0.00220996669297082,0.106950117424483,0.130946442757403,-0.0104538590612188
3.43301581183408,-0.0517548030763269,-0.000903291594565173,0.999999592032064,0.00219631961126375,0.10737397126138,0.128274254570052,-0.0109972520868715
3.43625608296629,-0.0513363388495192,-0.000895988018961165,0.999999598602654,0.00225400229228079,0.107776416090488,0.124200973525924,-0.0108371357970683
3.43981802872764,-0.0508661198272603,-0.000887781152081373,0.999999605922235,0.00230404130039838,0.108204542643145,0.12019457379241,-0.00997761302532435
3.44247595138114,-0.0505201814323542,-0.0008817433904444,0.999999611264221,0.00227161012086418,0.108518565304724,0.118145899078423,-0.00946477885380426
3.44513387403465,-0.0501877513468528,-0.000875941393160351,0.999999616363264,0.00218290758650696,0.108831282351202,0.117654682714591,-0.00960974725936342
3.44873248126159,-0.0497332962019499,-0.000868009657594603,0.999999623279546,0.0022041134474993,0.109243457128741,0.114537306114429,-0.00944457085063327
3.45246639610615,-0.0492754501689492,-0.00086001873983426,0.999999630183815,0.00214009185418426,0.109664348059524,0.112721084519716,-0.00984196335095761
3.45544322707718,-0.0489115517023943,-0.000853667515781403,0.99999963562582,0.00213355291118294,0.10999186748241,0.110022848483487,-0.0101235115127362
3.45842005804821,-0.0485391587045251,-0.000847168034207471,0.999999641153096,0.00218335672647991,0.110308949076976,0.106516492757448,-0.00984312393155137
3.46211473847552,-0.0480815474160135,-0.000839181213367763,0.999999647887384,0.00216170893151793,0.110693891812227,0.104188371044417,-0.00960290810719035
3.46498416737023,-0.047721067089701,-0.000832889646983719,0.999999653147358,0.00219262048779867,0.110983290571805,0.100855874181677,-0.00901681847006258
3.46785359626494,-0.0473727234477856,-0.000826809905597326,0.999999658192632,0.00211879914188713,0.111270279711627,0.100016118312421,-0.00899033344453509
3.47152159668709,-0.0469262919253488,-0.000819018208284355,0.999999664604531,0.00212423638343846,0.111627016684292,0.097256524429473,-0.00875911012825736
3.47503926624407,-0.0465146221301269,-0.000811833217315457,0.999999670463359,0.00204254357643741,0.111964834798008,0.0960346355007556,-0.00927426326547512
3.47855693580105,-0.0461219496541021,-0.000804979791966309,0.999999676003715,0.00194828635196821,0.112299558523359,0.0951549655046339,-0.0106811329869294
3.48157200142686,-0.0457526479009147,-0.000798534262511453,0.999999681171465,0.00213777487007746,0.112567042942151,0.0887159524826591,-0.0100390047733044
3.48459479850315,-0.0453777748817251,-0.000791991496118679,0.999999686374686,0.00216447492062206,0.112826425888169,0.0858089178572394,-0.00902825654625763
3.48770313543043,-0.0450006081263701,-0.000785408696456092,0.999999691566542,0.0021177889862065,0.113088706205006,0.0843796290340641,-0.00831881865896222
3.49081147235771,-0.0446348886088556,-0.000779025688689436,0.999999696559442,0.00205351281690746,0.113347614529357,0.0832948069686174,-0.00811121877906859
3.4942049537537,-0.0442423573029069,-0.000772174727044109,0.999999701873051,0.00201885995722403,0.113624242166983,0.081517357941647,-0.00812241483450234
3.49746634252595,-0.0438795291187623,-0.000765842182484216,0.999999706742833,0.00194167174617163,0.113887011281002,0.0805696997105968,-0.00879304410985488
3.5007277312982,-0.0435175551227318,-0.000759524546284334,0.99999971156119,0.00193710056620422,0.114142096542936,0.0782136935357326,-0.00940368766832095
3.5038661881506,-0.0431552462517833,-0.000753201065385895,0.999999716344037,0.00201483818469341,0.11437511737012,0.0742469430498182,-0.00913655279940707
3.5073279227896,-0.0427503822449138,-0.000746134857428831,0.999999721641349,0.0020412338551569,0.114621845535997,0.0712729864090576,-0.0084372330306562
3.51012599498782,-0.0424248432670752,-0.000740453131991516,0.999999725864542,0.00203058627667587,0.114815468190069,0.0691985911566679,-0.00784047154183679
3.51292406718604,-0.0421134196412268,-0.000735017765831079,0.999999729874405,0.00194254016855053,0.115008424668565,0.0689605073874209,-0.00792355090837563
3.51649926000835,-0.0417132834607769,-0.000728034073894481,0.999999734983159,0.00195337542681376,0.115245975113704,0.0664440932129349,-0.00778980130043921
3.51998816152513,-0.0413366918570574,-0.000721461312200426,0.999999739746754,0.00188390626351861,0.115473930752789,0.0653373670731736,-0.00827037038142449
3.52347706304191,-0.0409735123639383,-0.000715122635904982,0.999999744299775,0.00181681193927632,0.115698045051572,0.0642363499529233,-0.00935120543827939
3.52660315136891,-0.0406244377867193,-0.000709030136742123,0.999999748638101,0.00194892148595861,0.115883189470972,0.0592255880300857,-0.00895441368916351
3.52981627752053,-0.0402564634203167,-0.000702607774085217,0.999999753171127,0.00199878994897696,0.116063146418366,0.0560068104710661,-0.00793616216456536
3.53271294377835,-0.0399318653175026,-0.000696942469832501,0.999999757135567,0.00195580199290888,0.116221818298285,0.0547774116163024,-0.00728576111693136
3.53560961003617,-0.0396218181341785,-0.000691531126951006,0.999999760892322,0.00186812829090517,0.116379929025479,0.0545836879781107,-0.00733102088842895
3.53910467908964,-0.0392476985345047,-0.00068500150968704,0.999999765386438,0.0018682374255448,0.116563122944101,0.052414964001933,-0.00726849210034608
3.54244234018,-0.0389034836448685,-0.000678993827925659,0.999999769483664,0.00179996800031431,0.116735047196345,0.0515103983269486,-0.00779257244862658
3.54578000127035,-0.038563177518197,-0.000673054366907734,0.999999773498884,0.00177952830270382,0.116900944715974,0.0497047228994572,-0.0084201240677251
3.54900745688498,-0.0382215515449625,-0.000667091870203046,0.999999777494194,0.0018474299123593,0.11704990880057,0.0461552697800965,-0.00825096010247797
3.5525160004478,-0.0378394673187191,-0.000660423243904188,0.999999781920546,0.00190068261900508,0.117200314106041,0.0428683021251235,-0.0073746545268092
3.55520234165706,-0.0375520343836574,-0.000655406593894429,0.999999785221075,0.00186746608294287,0.117311898415394,0.0415376531354769,-0.00685494057823988
3.55788868286632,-0.0372782566502742,-0.000650628272047065,0.999999788341403,0.00177874755809785,0.117423699749495,0.0416184413636546,-0.00700771771914725
3.56147698864416,-0.0369082471406898,-0.000644170389194471,0.999999792522233,0.0017997028697535,0.117564329513423,0.0391911315909768,-0.006869204906335
3.56513906466717,-0.0365439601293834,-0.000637812382731093,0.999999796597662,0.0017361758001738,0.117704203828725,0.038195360889226,-0.0073021577255676
3.56880114069018,-0.0362075415874864,-0.00063194077269357,0.99999980032541,0.00160335590631364,0.117845602062339,0.0386114959726822,-0.00910402222948911
3.57183089621848,-0.0358882068818,-0.000626367331766545,0.999999803831964,0.00183956823514374,0.117941723360663,0.0317257605194592,-0.00831806213723658
3.57476825617664,-0.0355712710590149,-0.000620835759216991,0.999999807281461,0.00188317867197214,0.118026923409576,0.029005654780668,-0.00705121497724359
3.57854027609327,-0.0351597305924799,-0.000613653024439053,0.999999811714965,0.00190421479869791,0.11812701894293,0.0265363215377309,-0.00506640862834054
3.58165929435475,-0.0348444058081491,-0.000608149569766294,0.999999815077033,0.00176448332081968,0.118212189880532,0.027306969841605,-0.00461107456238394
3.58430052541463,-0.0346158994225582,-0.000604161381708582,0.999999817494496,0.00150997345555102,0.118293467332232,0.0307725639513667,-0.00623688013814448
3.5881619191549,-0.0342545467183351,-0.000597854588397955,0.99999982128493,0.0016332948344281,0.118395157708255,0.0263351481000782,-0.0070078654230858
3.59075744295507,-0.0340028785341441,-0.000593462150740549,0.999999823901322,0.00169231291054401,0.118455472000043,0.0232378111053141,-0.00701684319293051
3.59335296675524,-0.0337462220323007,-0.000588982650519626,0.999999826549704,0.00172585626204965,0.118510092676596,0.0210441825074642,-0.00667071935904112
3.59706074277614,-0.0333909746942337,-0.000582782415875563,0.999999830182313,0.00167222498696127,0.118585429967374,0.0203187275481561,-0.00666908768664645
3.60055773932437,-0.0330482762409428,-0.000576801200529472,0.999999833650174,0.00171038669010054,0.118646564988475,0.017482150828013,-0.00613458698761865
3.6040547358726,-0.0326991003073936,-0.000570706931823421,0.999999837146786,0.00174271539165361,0.118698478149532,0.0148450707171412,-0.00512349454037841
3.60731350092158,-0.0323937479076403,-0.00056537752792869,0.999999840174113,0.00163540625803506,0.118747814122679,0.0151394692178507,-0.00513491911361585
3.61068494929506,-0.0320983462856498,-0.000560221797825752,0.999999843075756,0.00152923323993861,0.118799949878569,0.0154639045640042,-0.00614025734715563
3.6133882563662,-0.0318553274805011,-0.000555980320192209,0.99999984544293,0.00156899611567952,0.118835049095343,0.0129838068155153,-0.00657270835739547
3.61609156343734,-0.0316008117952134,-0.000551538184167062,0.999999847902804,0.00164322312979694,0.118862076244058,0.00999780935110014,-0.00630409253641777
3.61964579599462,-0.0312744429210087,-0.000545841973593624,0.999999851028259,0.00160265580237274,0.118894539882625,0.00913379697141244,-0.00628348885763322
3.62326556436139,-0.0309338192662273,-0.000539896970183538,0.99999985425562,0.00164237146793038,0.118917724017695,0.0064048670302556,-0.00570073890636065
3.62688533272817,-0.0305748108689193,-0.000533631092510865,0.999999857618918,0.00173101644647805,0.118927431448942,0.00268178244115654,-0.00399652567152475
3.62995113891951,-0.0303097377832184,-0.000529004695059981,0.999999860077006,0.00150903149617525,0.118944148713162,0.00545281181419526,-0.00452605920569785
3.63297497001898,-0.0300601668621085,-0.000524648861373854,0.999999862371777,0.00144050184924903,0.118960079103502,0.00526828047449499,-0.00561748722105349
3.63668078416431,-0.0297678931403282,-0.000519547723306986,0.999999865035073,0.00137652309643071,0.118978021777005,0.00484176291609396,-0.00755915786083405
3.63971576000642,-0.0294981907749026,-0.000514840529659461,0.999999867469606,0.00155098245323002,0.118976718111281,-0.000429547314880453,-0.00747022695499774
3.64237274331009,-0.0292375702460436,-0.000510291843930111,0.999999869801109,0.00171197399720302,0.118963045955447,-0.005145743977663,-0.00598400375802328
3.646517083613,-0.0288548157250993,-0.000503611518171174,0.999999873187711,0.00161191555931876,0.118943129151135,-0.004805783998626,-0.0048424349971298
3.64894619454639,-0.0286497233816943,-0.000500031981958835,0.999999874984001,0.00147359950253136,0.118934350250215,-0.00361403869996032,-0.00507052583371241
3.65137530547979,-0.0284456771809949,-0.000496470704372499,0.999999876758412,0.00146608291100459,0.118923048985602,-0.0046524283670785,-0.00533322136339152
3.65504764088478,-0.0281284808594269,-0.000490934584860624,0.999999879491609,0.00150752030412596,0.118897414794686,-0.00698035121769945,-0.0051669026866603
3.65920883275552,-0.0277805050335105,-0.000484861261703906,0.999999882454772,0.0014595154629367,0.118864594671692,-0.00788719290369296,-0.00542684785838812
3.66192247075176,-0.0275561184848711,-0.000480944978089595,0.999999884345957,0.0014431858915449,0.118839653009827,-0.0091912266481752,-0.00568033612131963
3.66463610874801,-0.0273236035390478,-0.000476886827190273,0.999999886289471,0.00149546526483142,0.118808348501819,-0.0115359926606047,-0.00541926468040094
3.66836226246495,-0.0270133095011354,-0.000471471175188244,0.999999888857459,0.00145341631673736,0.118762951823404,-0.0121832543324434,-0.00543306375137079
3.67169804127727,-0.0267270477614102,-0.000466474965856979,0.999999891200547,0.0014977641389898,0.118713849726438,-0.0147198299790906,-0.00488292233050178
3.67503382008959,-0.0264415783644679,-0.000461492585502966,0.999999893512291,0.00149361848331349,0.118659938321936,-0.0161615645208554,-0.00426782436011737
3.67839313666298,-0.0261649923588193,-0.000456665249548152,0.99999989572842,0.00143699956763498,0.118604430124564,-0.0165236577615659,-0.00412510078732283
3.68205816715833,-0.0258845882535845,-0.000451771275180548,0.999999897951352,0.00133531627599515,0.118545697922813,-0.0160250240280625,-0.004986153795668
3.68458372371195,-0.0256860785807143,-0.000448306628142764,0.999999899510579,0.00137183520348338,0.118499878908022,-0.0181421456294758,-0.00528122165117618
3.68710928026556,-0.0254784213449679,-0.000444682326024668,0.99999990112881,0.00143505100852749,0.118448003397873,-0.0205402290731631,-0.00500456075333947
3.69069894003392,-0.0251932024257938,-0.000439704317282792,0.999999903330052,0.00138676352350945,0.118373022480529,-0.020888029000796,-0.0050419441409598
3.69583066496721,-0.0247744367984561,-0.000432395478986435,0.99999990651707,0.00142424605493096,0.118252278842144,-0.0235288601697476,-0.00440058207700039
3.69787922725106,-0.0246191479478817,-0.000429685177504058,0.99999990768532,0.00132302627824353,0.118205174542579,-0.0229938332538073,-0.00459723480335062
3.69992778953492,-0.0244602994991849,-0.000426912749316902,0.999999908872748,0.00135335325818168,0.118155035429559,-0.0244752690287002,-0.00463793787121609
3.70329211407457,-0.024195620061741,-0.000422293222087604,0.999999910834213,0.00137309215899958,0.118067532650442,-0.0260090184777964,-0.00444261690755791
3.70785163275929,-0.023817162056415,-0.000415687884393941,0.999999913601788,0.00144869200681176,0.117934447906201,-0.0291883318051656,-0.00295298179395102
3.71132212911502,-0.0235717451199235,-0.000411404551178279,0.999999915373144,0.00123421353688208,0.117842623384553,-0.0264586134766336,-0.00396527112681094
3.71382832945204,-0.0233953700360521,-0.000408326225504807,0.999999916634843,0.00122828406275413,0.117773589403034,-0.0275452766081209,-0.0047382675742599
3.71633452978907,-0.0232024877875172,-0.000404959795477558,0.999999918003779,0.00134324070420541,0.117696170471846,-0.0308909587331185,-0.00454658751286743
3.71981916712208,-0.0229420108829181,-0.000400413616235501,0.999999919834465,0.00130463493792621,0.117587127584529,-0.0312924637188458,-0.00459742809758391
3.72459226940046,-0.0225919178264759,-0.000394303340194611,0.999999922262435,0.00128014782984526,0.117432420560326,-0.032412258355445,-0.00490927996706811
3.72684507155471,-0.0224128717794267,-0.000391178397401928,0.999999923489728,0.00138713602869367,0.117351424100658,-0.0359536497755797,-0.00418263267737503
3.72909787370897,-0.0222474589619866,-0.000388291399331856,0.999999924614892,0.00128151435041718,0.117273328930121,-0.0346657918400439,-0.00418196028028388
3.73278637817533,-0.0219739032792051,-0.000383516952335292,0.999999926457371,0.00129441278860493,0.11714032862338,-0.0360580576639088,-0.00395626327576996
3.73771307057812,-0.0215757259387707,-0.000376567447239757,0.999999929098476,0.00141058240077588,0.116943047458586,-0.0400433290055006,-0.00168781917070619
3.74029010416946,-0.0214324884638608,-0.000374067481866414,0.999999930036757,0.000970094281199858,0.116859397558614,-0.032459763137259,-0.00395122880646152
3.7428671377608,-0.0212519436567709,-0.000370916380753927,0.999999931210517,0.00122276300226852,0.116760043413489,-0.0385536864786419,-0.00414949262318281
3.74619113078272,-0.0210182399808631,-0.000366837482412833,0.999999932715128,0.00122710805699936,0.116628032973023,-0.0397144156428134,-0.00427096260129992
3.75032863395391,-0.0207380897255059,-0.000361947938381174,0.999999934496843,0.00118176208065197,0.116461990931393,-0.0401309762820744,-0.00489020144628161
3.75323278734897,-0.0205138970248905,-0.000358035037850043,0.999999935905454,0.00134734645605324,0.116332014458024,-0.0447553746952474,-0.0037475867085288
3.75613694074404,-0.0203071191490617,-0.000354426083325542,0.999999937191074,0.00124268737306471,0.116205269691834,-0.0436425866504905,-0.00346847820926418
3.75941666303472,-0.0200782946003589,-0.000350432341789314,0.999999938598585,0.00121770730272041,0.116060279189711,-0.044208164372571,-0.00332877021225977
3.76331114181558,-0.0198115897186778,-0.000345777463754873,0.999999940218971,0.0011952506557115,0.115885094072488,-0.0449829430535307,-0.003306206927072
3.76590537994329,-0.0196460126144215,-0.000342887598291003,0.999999941214046,0.00111395542464539,0.115769835441476,-0.0444287013521369,-0.00390822230035646
3.76849961807101,-0.0194681908318199,-0.000339784022883639,0.999999942273407,0.00119633412022147,0.115647959625469,-0.0469794251747996,-0.00378797080962641
3.77222316008632,-0.0192202951740227,-0.000335457427700274,0.999999943734156,0.00116195692492958,0.1154717243237,-0.0473300156261932,-0.00391258145525643
3.77721306623153,-0.0188905118816848,-0.000329701623749241,0.999999945648418,0.00115348948494569,0.115229273287148,-0.0485882959510747,-0.00412493588374453
3.77928226197938,-0.0187445240497023,-0.000327153655550717,0.999999946485241,0.00123138100326624,0.115123082724417,-0.0513197278900781,-0.00354887048859275
3.78135145772723,-0.0186076225740011,-0.000324764274175827,0.999999947264082,0.00115473922866324,0.115018749632522,-0.0504220502114023,-0.00349260610018391
3.78478471798053,-0.0183794476378546,-0.000320781870476994,0.999999948549494,0.00115994815786307,0.114842269614595,-0.0514030411055689,-0.00329139304315158
3.78941305833876,-0.0180459172280678,-0.00031496066696479,0.999999950399888,0.00125773027818735,0.114589275643857,-0.0546619200741866,-0.00147646216641762
3.79367391513719,-0.0177486318534643,-0.000309772058613074,0.999999952020635,0.00121773832126293,0.114353978661782,-0.0552229265631836,-1.84699852781856e-05
3.79552752874046,-0.0176748922460513,-0.000308485059736083,0.999999952418483,0.000694318889446831,0.114269652924932,-0.0454926186884728,-0.0025622076794344
3.79738114234372,-0.0175674580617397,-0.000306609979579328,0.999999952995159,0.00101158096926306,0.114172304630448,-0.0525181161341382,-0.0031375542793283
3.80042119563015,-0.0173793212454573,-0.000303326372843678,0.999999953996555,0.00108011491213252,0.114006167808887,-0.0546493123337369,-0.00334578264960516
3.80455791526769,-0.0171390758410813,-0.000299133299714774,0.999999955259633,0.00101362279451973,0.113781294450183,-0.05436030923227,-0.00436208088847386
3.80851332111662,-0.0169333565779512,-0.000295542821397096,0.999999956327219,0.000907739588181179,0.113570121192005,-0.0533885184590257,-0.0065550547251052
3.81115098031639,-0.0167100926458599,-0.0002916461308491,0.999999957471266,0.0014773291091887,0.113396172508999,-0.0659481266648795,-0.00327905124261717
3.81378863951616,-0.0165406763420685,-0.000288689258665862,0.999999958329255,0.00112102136165862,0.113239384553125,-0.0594420825435389,-0.00284887175483995
3.81682361616104,-0.0163542687860384,-0.000285435833196592,0.999999959263192,0.00107197714645167,0.113059575650564,-0.0592455638380739,-0.00276239831330052
3.82059303109088,-0.0161214736535794,-0.000281372791815735,0.999999960414675,0.00107789713248529,0.112832212199352,-0.0603179685558479,-0.00249014260717469
3.82384760415231,-0.0159390946725666,-0.000278189678235214,0.999999961305251,0.000978043400785824,0.112639367138038,-0.0592535664967851,-0.00317653722571029
3.82710217721374,-0.0157572061203331,-0.000275015124248496,0.99999996218334,0.000975413379341135,0.112443807494874,-0.0600876488165958,-0.0038249757016179
3.83025389001631,-0.0155675674247034,-0.000271705304744237,0.999999963088113,0.00105016536571032,0.11224690763678,-0.0624739214607054,-0.00366316879996916
3.83368404034005,-0.0153545056070722,-0.000267986674651681,0.99999996409157,0.00108410124250512,0.112027236744739,-0.0640411851692517,-0.0030503180163494
3.8365068512772,-0.0151789016479352,-0.000264921807494003,0.999999964908217,0.00108575010325514,0.111844045205127,-0.0648968505830473,-0.00244443550817322
3.83932966221435,-0.0150169612124947,-0.000262095413801581,0.999999965652996,0.00100126925021979,0.111663641780352,-0.0639091419124419,-0.00252177980466599
3.8428931497611,-0.0148101775375032,-0.000258486357955867,0.999999966592401,0.00101278759098262,0.11143214312658,-0.064964069815127,-0.00241650963811822
3.84642771715917,-0.0146186218842468,-0.000255143081215986,0.999999967451004,0.000945880067802855,0.111204160835318,-0.0645007622111741,-0.00294982158470126
3.84996228455723,-0.0144444097927615,-0.000252102506720575,0.999999968222163,0.000860239528851953,0.110979221614186,-0.0636398166449773,-0.00433967470641754
3.85301714356535,-0.0142620752970031,-0.000248920169529484,0.999999969019374,0.00104172967802464,0.11077102904077,-0.0681512871337472,-0.00378613235792374
3.85609446584244,-0.0140712622501414,-0.000245589853707787,0.999999969842811,0.00108221226886119,0.110556467442758,-0.0697234734268319,-0.00276621496792
3.85912517425121,-0.0138910970225007,-0.000242445377381471,0.999999970610119,0.00103753842198701,0.110345685969413,-0.0695485823497106,-0.00210196109497429
3.86215588265997,-0.0137234672971496,-0.000239519686834833,0.999999971315159,0.000965348768995699,0.110137177370002,-0.0687986342754102,-0.00204656510936031
3.86558239546255,-0.0135371643457714,-0.000236268087019111,0.999999972088695,0.00094895308877575,0.109899983828607,-0.0692230133263805,-0.00208262996087972
3.86883419368743,-0.0133729000375528,-0.00023340113407624,0.999999972761955,0.000881651573578209,0.109676826098665,-0.0686259461717017,-0.00272313605330551
3.87208599191231,-0.0132078823440181,-0.000230521032077496,0.999999973430027,0.00088569519910302,0.109450980986893,-0.0694523756253194,-0.00326304353161582
3.87530398390002,-0.0130334852936737,-0.000227477229423031,0.999999974127055,0.000945870202878165,0.109221187376444,-0.0714090064011056,-0.00313846199183152
3.87888929427218,-0.0128299348761484,-0.000223924604533893,0.999999974928885,0.000990883524956349,0.108959158933329,-0.0730838939772166,-0.00243082568453629
3.88156573216928,-0.0126803390019612,-0.000221313664046627,0.999999975510131,0.000975528165549009,0.108762549765092,-0.0734592678014481,-0.00193690572019003
3.88424217006638,-0.0125437300243662,-0.000218929387657574,0.999999976034961,0.000890839443499871,0.10856900355815,-0.0723148507020669,-0.00210736149963353
3.88784754967829,-0.0123545834072185,-0.000215628156497266,0.999999976752249,0.000915640402284749,0.108304030210834,-0.0734938829856064,-0.00199295206068829
3.89155372439659,-0.0121726957907175,-0.000212453618793437,0.99999997743173,0.000856553729341,0.108033245442385,-0.0730631416570219,-0.00245492239712495
3.89525989911489,-0.0120232747083195,-0.000209845728991835,0.999999977982385,0.000703660797982013,0.107771146243549,-0.0707196014105296,-0.00458022484699593
3.89824959939843,-0.0118539277043834,-0.000206890066258927,0.99999997859825,0.00098861508403987,0.107540302082471,-0.0772131448589207,-0.00364259258783684
3.90109880018643,-0.0116862783017919,-0.000203964032256444,0.999999979199337,0.00102696660640751,0.107316395812433,-0.0785856409213546,-0.00233382405355002
3.90495642797192,-0.0114586229804459,-0.000199990697420319,0.99999998000186,0.00102999437429217,0.107010420568515,-0.0793169431919831,-0.000463508886904516
3.90816691114625,-0.011282290518353,-0.000196913115439254,0.999999980612612,0.000958604008977687,0.106758212049484,-0.0785578074500578,0.00050887446068585
3.91077771381408,-0.0111915905606744,-0.000195330102576787,0.999999980923075,0.000606331881156439,0.1065703786696,-0.071944686666177,-0.00149802074494155
3.91434070727917,-0.0110306641748203,-0.000192521407343113,0.999999981467754,0.000788296502368682,0.106298723567412,-0.0762435027876784,-0.00217146033688326
3.91714302357842,-0.0109004046541797,-0.000190247949867501,0.999999981902859,0.000811277983808286,0.106082067513292,-0.0773132048577884,-0.00247654451831216
3.91994533987767,-0.010760605890137,-0.00018780800118833,0.999999982364077,0.000870689980076909,0.105860555135894,-0.0790461724315113,-0.00221172811365362
3.92360491717756,-0.010585203721139,-0.000184746655877291,0.999999982934336,0.000836529771961525,0.105571652953561,-0.0789441398988251,-0.00217704358006995
3.92656773872802,-0.0104367057527017,-0.00018215487743915,0.9999999834098,0.000874766987349927,0.105333668660865,-0.0803235323634779,-0.00173133956238521
3.92953056027848,-0.0102959000715183,-0.000179697354737208,0.99999998385443,0.000829453512575447,0.105096851499121,-0.0799296068665999,-0.00164398463680683
3.93335887474398,-0.0101109250109512,-0.00017646893094743,0.999999984429358,0.00084330163315143,0.104787486910404,-0.0808096073361834,-0.00128788027300901
3.93697875353514,-0.00995494767202234,-0.000173746612866361,0.999999984906057,0.000752046761746253,0.104499361027437,-0.0795954504528318,-0.00187588889430006
3.93977609858938,-0.00983350810104584,-0.000171627092542215,0.99999998527207,0.000757689993423465,0.104274852288506,-0.08025779250614,-0.00225854561208271
3.94257344364362,-0.0097013951208395,-0.000169321286086497,0.999999985665151,0.000824283899381249,0.104045231935313,-0.0820851016733164,-0.0020124547513389
3.94617527896318,-0.00953799434252145,-0.000166469404544723,0.999999986143969,0.000791785667290768,0.103750049875308,-0.0819532360077372,-0.0019855787301127
3.9493730414754,-0.00938490708308875,-0.000163797527861198,0.999999986585185,0.000835545701015679,0.103483356513453,-0.0833999900981819,-0.00146190744397302
3.95257080398762,-0.00923660385321754,-0.00016120914824278,0.999999987005805,0.000809434610200876,0.103216721267453,-0.0833818161857883,-0.00112901522207525
3.95605780600538,-0.00907898370155568,-0.000158458157663928,0.999999987445506,0.000788927164361215,0.102925582195163,-0.083492659541542,-0.000913298016645983
3.96006677582378,-0.008921964716939,-0.000155717659428043,0.999999987876005,0.000683591644199019,0.102597131329649,-0.0819289943285472,-0.00183782267738966
3.96239449157075,-0.00882083855171733,-0.000153952674906166,0.999999988149287,0.000758247455828812,0.10240175390393,-0.0839352596951789,-0.00187931850192728
3.96472220731772,-0.00871588025602664,-0.000152120807090533,0.99999998842963,0.000786980901541575,0.102204196387847,-0.0848718389866834,-0.00164167823147113
3.96825716688585,-0.00856614227218015,-0.000149507386286836,0.999999988823771,0.000739307135782183,0.101906069451847,-0.0843367315110019,-0.00172925058089918
3.97315331241519,-0.00837434611698793,-0.000146159911922646,0.99999998931864,0.000683695854363,0.101495674491379,-0.0838200086186617,-0.00261465536649246
3.97529387856709,-0.00826549342180282,-0.000144260074012026,0.999999989594515,0.000887539929080128,0.101306279508346,-0.0884789208055726,-0.00155844278632815
3.977434444719,-0.00817412373898996,-0.00014266537222685,0.999999989823296,0.00074499066528284,0.101122453884036,-0.0858771050579071,-0.00144788727652471
3.98131544221427,-0.00800891096262972,-0.000139781865341758,0.999999990230515,0.000742980874726061,0.10078769398871,-0.086256148254123,-0.00121936801742786
3.98526024257684,-0.00783353356525489,-0.000136720952353242,0.99999999065369,0.000775936102321263,0.100442665106431,-0.0874642188619316,-0.000494878431057014
3.98920504293941,-0.00766835486763909,-0.000133838040252071,0.999999991043689,0.000730813187634315,0.100099172664943,-0.0870747338058793,-0.000190895019918844
3.9914481013299,-0.00759792492775176,-0.000132608805919964,0.999999991207452,0.000548017094974964,0.0999112973752515,-0.0837585372222037,-0.0013094911691249
3.99369115972039,-0.00750831934347494,-0.000131044893459749,0.999999991413618,0.000697223255727393,0.0997159483659769,-0.0870904699150429,-0.00133733541567547
3.99740199105103,-0.00736346835759425,-0.000128516766852663,0.99999999174172,0.000681283088106395,0.0993925598333287,-0.0871471925922086,-0.00149337368340918
4,-0.00725765989288401,-0.000126670060782022,0.999999991977348,0.000710815906313126,0.0991635528315539,-0.0881471181480629,-0.00132448122844762
4.00479698412694,-0.00707223235582086,-0.000123433739761712,0.999999992382056,0.000674657443087937,0.0987420526287622,-0.0878677501608478,-0.00145989506169141
4.00753092181001,-0.00695898453910679,-0.000121457192504174,0.999999992624075,0.000722967200239675,0.0984978863559014,-0.0893093775960014,-0.00106174197249752
4.01026485949307,-0.00685414431634049,-0.000119627385441672,0.999999992844644,0.000669293629891544,0.0982558194985197,-0.0885414685495728,-0.00107938576909018
4.01431550407429,-0.00669383085392974,-0.000116829387706888,0.999999993175447,0.000690753705549826,0.0978937896790022,-0.0893758542026754,-0.00076656234222458
4.01808347194968,-0.00655976686738527,-0.000114489529748988,0.999999993446074,0.000620986709795036,0.0975606906232879,-0.0884028385406616,-0.00119421781367519
4.02090135438704,-0.00646120152588792,-0.000112769240022613,0.999999993641549,0.000610490244260158,0.0973111408961208,-0.0885593110125215,-0.00158538804164891
4.0237192368244,-0.00635209736838988,-0.000110865013258563,0.999999993854474,0.000675765159932657,0.0970569663080258,-0.0902005650501834,-0.00136178265694027
4.02733767849511,-0.00621817728304519,-0.000108527666848809,0.999999994110873,0.000645953876426533,0.0967315158219259,-0.0899421672966392,-0.00134520732442598
4.03049338083741,-0.00609311563469811,-0.000106344929329779,0.999999994345378,0.000691680423203079,0.096443607140913,-0.0912344225731897,-0.000825861984140891
4.03364908317971,-0.00597368808828441,-0.000104260525438839,0.999999994564871,0.000660519807129777,0.096156662934653,-0.0909287933824952,-0.000552814937897991
4.03717169817228,-0.00584292219848541,-0.000101978230124681,0.99999999480022,0.000647898033452872,0.0958360582829479,-0.0910132536147137,-0.000321329761066236
4.04127144183357,-0.00571508499934495,-9.97470501045022e-05,0.999999995025263,0.000544224277384298,0.0954700242479186,-0.0892821759772598,-0.00123461810565935
4.04355682735915,-0.00563333725627335,-9.83202828388252e-05,0.999999995166561,0.000624300476529226,0.0952615349454942,-0.0912271912509239,-0.00123291137219641
4.04584221288473,-0.00554889436815359,-9.68464764182596e-05,0.99999999531038,0.000644883067248701,0.0950515843028574,-0.0918666195644989,-0.00101376496426061
4.04935288988188,-0.00542841074661285,-9.47436405372958e-05,0.999999995511821,0.000598983014479525,0.0947313903239504,-0.0912057643490408,-0.0011104350852779
4.05419032259287,-0.00528078531018875,-9.21670906232541e-05,0.999999995752614,0.000532627548376487,0.0942948596023708,-0.0902401640827611,-0.00216763132696642
4.05643757006718,-0.00518177055675001,-9.0438957174901e-05,0.999999995910397,0.000769000065776793,0.0940805237309723,-0.0953770663219104,-0.000937557901287911
4.05868481754148,-0.00510377757474541,-8.90777228509554e-05,0.99999999603258,0.000605734056882523,0.093873216084453,-0.0922495848320423,-0.000836818578817608
4.06258490226486,-0.00496811433169891,-8.67099525950073e-05,0.999999996240692,0.000607107392026184,0.0935122823035732,-0.0925451128576039,-0.000598865938731534
4.06763367048465,-0.00472771988160618,-8.25142779523898e-05,0.999999996595697,0.000831029366964399,0.0930200897124369,-0.0974876583177871,0.00332463135995408
4.07055550241519,-0.00469645854887453,-8.19686647695063e-05,0.999999996640569,0.000186736676749058,0.0927726442129541,-0.084688478107257,-0.000144823903591235
4.07347733434574,-0.0046272166842796,-8.07601662561049e-05,0.999999996738898,0.000413609867415461,0.0925110033781096,-0.0895468463157054,-0.00156550081000284
4.07614898673599,-0.00453325502176311,-7.91202258797846e-05,0.999999996869995,0.000613829998072419,0.092260275400866,-0.0938475297752375,-0.00118420029402462
4.07915801788997,-0.00443211580834055,-7.73550136080865e-05,0.999999997008101,0.000586638086071109,0.0919788912057962,-0.093513220924055,-0.000951832850120477
4.08347218280687,-0.00428694801510595,-7.48213576556232e-05,0.999999997200882,0.000587287692659168,0.0915742091372621,-0.0938031058916493,-0.000559444525135098
4.08601095893191,-0.0042032972373085,-7.3361376165211e-05,0.999999997309054,0.000575072957407199,0.0913360546378846,-0.0938068138536736,-0.0003405575786424
4.08854973505695,-0.00412752493378385,-7.20388999903803e-05,0.999999997405198,0.000520910908718509,0.0911002375225583,-0.0928861402944312,-0.00053500282702592
4.09230722901514,-0.00400812325669783,-6.99549475980787e-05,0.999999997553153,0.000554612308293481,0.090747804475706,-0.0937947075293647,-0.000384162017546569
4.09623680873879,-0.00389484982888226,-6.79779533323789e-05,0.999999997689499,0.000503105779609493,0.0903823180874642,-0.093009027413965,-0.000768060708529446
4.09908670665682,-0.00381374935586623,-6.65624830565271e-05,0.999999997784718,0.000496674028251095,0.0901169799301416,-0.0931044426691274,-0.00108518999674375
4.10193660457486,-0.00372324017680931,-6.49827998821237e-05,0.999999997888618,0.000554294653090553,0.0898477668431758,-0.0944641158064706,-0.000853722968720475
4.10563058513534,-0.00361192829184859,-6.30400409969386e-05,0.999999998012977,0.000525925585517936,0.0895001861814338,-0.0940937982890407,-0.000822711767651306
4.10838105524179,-0.00352320261264751,-6.14914857668135e-05,0.999999998109399,0.000563014747733474,0.0892387568045463,-0.0950489795453807,-0.000434013083913243
4.11113152534823,-0.00344218484295721,-6.00774589357077e-05,0.999999998195349,0.000514103691003971,0.0889796121837766,-0.0942183011415922,-0.000428283619967326
4.11526166520612,-0.00331513172324086,-5.78599636755827e-05,0.999999998326112,0.000536905611016025,0.0885877241708283,-0.0948849255552039,-6.82117805650105e-05
4.11916560619516,-0.0032093377715483,-5.6013510892845e-05,0.999999998431243,0.000472971489813899,0.0882214924460257,-0.0938107737363335,-0.000407112196633521
4.12182979507276,-0.00314100505033263,-5.48208799226154e-05,0.999999998497336,0.000447652560253963,0.0879724545945199,-0.0934760495395167,-0.000846197283589421
4.12449398395037,-0.00306141138719468,-5.343170843917e-05,0.999999998572526,0.000521423798874249,0.087719031293426,-0.0951221226182377,-0.000636048965123997
4.1281156222091,-0.00296075856824476,-5.16749853495064e-05,0.999999998664848,0.000485063103101693,0.0873766227070722,-0.0945452201165233,-0.000702371899146055
4.13185071145563,-0.00284710400284553,-4.96913389759145e-05,0.999999998765385,0.000531084063916778,0.0870192904353232,-0.0956690049858611,-0.000191185665205625
4.13481836541334,-0.00275860106455155,-4.81466713068437e-05,0.999999998840949,0.000520501275730909,0.0867355313794104,-0.095617299036825,0.00018136711848803
4.13778601937106,-0.00268121899783267,-4.67960994621233e-05,0.999999998905063,0.000455097482888997,0.0864553098517528,-0.0944252704830951,-9.93005038396264e-06
4.1414754655141,-0.00258378035585105,-4.50954743426671e-05,0.999999998983199,0.0004609432026703,0.0861059298244234,-0.0946971479685982,-0.000126920014926635
4.1443525142178,-0.00251576421297843,-4.39083687062086e-05,0.999999999036028,0.000412612284284973,0.0858358952117951,-0.0938581999952703,-0.000624579328206327
4.1472295629215,-0.00243822811185219,-4.25551084536613e-05,0.999999999094531,0.000470364040786064,0.0855621192875107,-0.0951585991338904,-0.00057525107346717
4.15090455988526,-0.00234375383792112,-4.09062213165689e-05,0.99999999916334,0.000448677143081335,0.0852135356964166,-0.094852756215154,-0.000707659403512948
4.15442689607994,-0.00224014652688661,-3.90979326113258e-05,0.999999999235676,0.000513377658106866,0.0848742814156709,-0.0963151334781953,-8.58204694849131e-05
4.15794923227462,-0.00212026675621601,-3.70056359081032e-05,0.999999999315291,0.000594008234619311,0.0845287634999413,-0.098093395017595,0.00147158430484147
4.16095116376901,-0.00205494905021967,-3.58656268793744e-05,0.999999999356828,0.000379758509351711,0.0842470377890622,-0.0938481479026565,0.000880957929881132
4.16395170820736,-0.0019963134392999,-3.48422424105455e-05,0.999999999393009,0.000341066259971249,0.0839674878367481,-0.0931664096489711,-4.76480067096233e-05
4.16708459437646,-0.00192914834603836,-3.36699903914106e-05,0.999999999433166,0.000374176384507129,0.0836731657013648,-0.0939460036202589,-0.00066872374917125
4.17021748054555,-0.00185395326331631,-3.23575886173165e-05,0.999999999476493,0.000418911413940777,0.0833756650838288,-0.0949605576069629,-0.000825718959259559
4.17359907090862,-0.00176823679146457,-3.08615539610582e-05,0.999999999523782,0.000442405642428379,0.0830525815104505,-0.0955419014988316,-0.000709379657858246
4.17685941784036,-0.0016739785519324,-2.92164373348307e-05,0.9999999995732,0.000504583303989351,0.08273662489111,-0.0969088952664691,7.43600288524975e-05
4.18011976477211,-0.00158179098972515,-2.76074608455767e-05,0.999999999618914,0.000493498552021855,0.0824210992608297,-0.0967767041011389,0.000799914819228845
4.18323881595619,-0.00151121221064759,-2.63756287690844e-05,0.999999999652163,0.000394938077075665,0.082125239225965,-0.0948557806216413,0.000592821837655647
4.18667414644241,-0.00144105472999336,-2.51511497371704e-05,0.99999999968371,0.000356437040695261,0.0818017799768156,-0.0941566613303333,1.16215591550606e-06
4.18950159759467,-0.00138430355226631,-2.41606548317499e-05,0.999999999708131,0.000350313710965569,0.0815356898215075,-0.0941095499017094,-0.000530974368556513
4.19232904874693,-0.00131567656774856,-2.29628879965327e-05,0.999999999736353,0.000423620699722082,0.0812651878433284,-0.0956699032494611,-0.000389618572191859
4.19589539802154,-0.00123388017222318,-2.15352715787045e-05,0.999999999768116,0.00040030190770877,0.0809254355215215,-0.0952661379034795,-0.000422056735726565
4.19934679790973,-0.00114403572837286,-1.99671902192311e-05,0.999999999800656,0.000454331984299343,0.0805925794525783,-0.0964408876764285,0.000164819743532889
4.20279819779791,-0.00104648707907312,-1.82646451083887e-05,0.999999999833201,0.000493291176423882,0.0802567492896968,-0.097302594240327,0.00122054227985844
4.20594231477667,-0.000981315459337569,-1.71271857653238e-05,0.99999999985333,0.000361773862399809,0.079959054042681,-0.0946832605233165,0.000962348457298437
4.2092150885406,-0.000925560641254609,-1.61540806160604e-05,0.999999999869523,0.000297333460725033,0.0796532949452661,-0.093425063713576,7.71407826138902e-05
4.2120706300949,-0.000873019181576888,-1.52370591509933e-05,0.999999999883916,0.000321137496248078,0.079384991255726,-0.0939589511965505,-0.000478527083658108
4.2149261716492,-0.000808046573791642,-1.4103073221656e-05,0.999999999900552,0.000397117642274208,0.0791121459549437,-0.0955494065115294,-0.000332214337164552
4.21844445443774,-0.000732013139248593,-1.27760394474001e-05,0.999999999918386,0.000377182237509932,0.0787772522948242,-0.0951866806187241,-0.000325094649787142
4.22182831803997,-0.00064880062916562,-1.13237071677088e-05,0.999999999935887,0.000429193504975087,0.0784514219738092,-0.0962894369621334,0.000266248961288063
4.22521218164219,-0.000562271752782421,-9.81349337685532e-06,0.999999999951848,0.000446298659894178,0.0781242841557181,-0.0966758287408439,0.00108675127579446
4.22841811819566,-0.000498133761276097,-8.69407424950179e-06,0.999999999962207,0.000349170705262484,0.0778205871392893,-0.0947295778826811,0.000953883839163023
4.23184860574101,-0.00044320594375179,-7.73540298280039e-06,0.999999999970082,0.000279456273798626,0.0775003916188915,-0.0933381964416694,0.000117171760616652
4.23458107046491,-0.000395974745184817,-6.9110630581656e-06,0.999999999976119,0.000301683647530353,0.0772440458584846,-0.0938148471465487,-0.000366618692668809
4.23731353518882,-0.000336559871742014,-5.87407789195418e-06,0.999999999982748,0.000379505417639624,0.0769833176209288,-0.0954187021242792,-0.000159179927100635
4.24088387587073,-0.000265422259579627,-4.63249233773098e-06,0.99999999998927,0.000347749882954077,0.0766448877359366,-0.0947892414600591,-0.000194468698874118
4.24444624499051,-0.000184443859368628,-3.2191526310624e-06,0.999999999994818,0.000396741510820306,0.0763036005958298,-0.0958034186328909,0.000347482863940027
4.24800861411029,-8.84223144656512e-05,-1.54326051965881e-06,0.999999999998809,0.000470443139119128,0.0759569224775611,-0.0973167312573249,0.00175058647825236
4.25111012052584,-3.65427351139348e-05,-6.37791045422265e-07,0.999999999999797,0.000291945059244828,0.0756663532493536,-0.0936864830426607,0.0013237613334346
4.25422729277918,3.70173451522057e-06,6.46074553253151e-08,0.999999999999998,0.0002253319494923,0.0753785376356868,-0.092332277550209,0.000274714634017894
4.25792271130372,3.20289743023528e-05,5.59011057612682e-07,0.999999999999844,0.000133788256730264,0.0750442256086751,-0.0904666209771011,-0.00196195255537526
4.26088056458789,9.60622600925846e-05,1.67660272552197e-06,0.999999999998594,0.000377838777160547,0.0747619405511452,-0.0954357875155478,-0.00154697979727715
4.26350523937672,0.00017084533088961,2.98181353567844e-06,0.999999999995554,0.000497284774369792,0.0745050803689704,-0.0978636222923386,-0.000164062215341782
4.2677931229502,0.000271023448668028,4.73025152934929e-06,0.999999999988812,0.000407762469228191,0.0740933216213218,-0.0960284346794122,0.000924340812829751
4.27016962865058,0.000307299280726888,5.36338423766884e-06,0.999999999985617,0.00026641329251885,0.0738719878653928,-0.0931341153079341,0.000588292936178977
4.27254613435096,0.000344926996505816,6.0201117680051e-06,0.999999999981879,0.000276341660044134,0.073650202111689,-0.093324309581265,0.000306632238449787
4.27619685770236,0.000412631206131144,7.20177314340162e-06,0.999999999974067,0.000323678696434061,0.0733060454945272,-0.0942708017110814,0.000432411110041707
4.28140961215807,0.000506103097383474,8.83316540376825e-06,0.999999999960988,0.000312961654779343,0.0728159389842011,-0.094020640045433,0.000597861940101637
4.28346314829841,0.00053680990083103,9.36910022666864e-06,0.99999999995611,0.000260981441911579,0.07262510025189,-0.0929317622234919,0.000246262239351435
4.28551668443875,0.000572477590098338,9.99161884093223e-06,0.999999999950084,0.00030314470832284,0.0724325363546236,-0.0937718569856189,0.000239466208283924
4.28894674967654,0.000628660257241956,1.09721913650865e-05,0.999999999939805,0.00028587576510343,0.0721121933058385,-0.0933926985573624,9.42265515840451e-05
4.29357115376067,0.000674997954736839,1.1780936754113e-05,0.999999999930605,0.00017488640144015,0.0716909696725088,-0.091087116451422,-0.00163351254927239
4.29783414932757,0.000723665001422296,1.26303369559327e-05,0.999999999920237,0.000199249609471423,0.0713007780939341,-0.091529904840734,-0.00301743978179381
4.3,0.00081553739506064,1.42338127164653e-05,0.999999999898699,0.000740344558877512,0.0710787511803468,-0.102512567654414,0.000152600510301283
4.30203806599287,0.000850982400094933,1.48524447576342e-05,0.999999999889702,0.000303538768321492,0.0708880230439552,-0.093582905096617,0.000287900648221871
4.3049793281731,0.000901340172805263,1.57313536952976e-05,0.999999999876262,0.000298820330834813,0.0706131610785188,-0.0934503449861056,0.000428375579496182
4.30904489910427,0.000978099896669495,1.70710636094699e-05,0.999999999854289,0.000329525652616467,0.0702309090247502,-0.0940217401787121,0.00104866553462073
4.31346348472108,0.00107640269363846,1.87867710802219e-05,0.999999999823529,0.000388293363491914,0.0698104851818436,-0.0951489638012545,0.00265232923335255
4.31539344057548,0.00107239588681902,1.87168391087435e-05,0.99999999982484,-3.62350109360729e-05,0.0696436533862513,-0.0864433221159558,0.00074732704696598
4.31732339642989,0.00109639112437637,1.91356350088425e-05,0.999999999816914,0.000216997657856901,0.0694669312125796,-0.0915679875619497,0.000414801330183547
4.32094484938827,0.00114876393221359,2.00497129439408e-05,0.999999999799005,0.000252406408637706,0.0691328991854133,-0.0922370195072818,0.000236321377614649
4.32459705194398,0.00119423575829782,2.08433460258389e-05,0.999999999782777,0.000217302592054503,0.0687989050019773,-0.0914500711122416,-0.000303809631199676
4.32824925449969,0.00124000589727323,2.1642185649875e-05,0.999999999765808,0.000218728181701543,0.0684650801358726,-0.0914037107779439,-0.000806714930830675
4.33208114790143,0.00132839387568289,2.31848468919176e-05,0.999999999731231,0.00040258459218334,0.0681007848385469,-0.0950692671043909,0.000829336761308783
4.33433968340691,0.00135799784079227,2.37015335545798e-05,0.999999999719119,0.000228770662028779,0.0678942215372719,-0.0914589568212639,0.000708050633871162
4.33659821891239,0.00138644808234239,2.41980839424746e-05,0.999999999707226,0.000219855028549403,0.0676881862725284,-0.0912251608369995,0.00048371754793437
4.34002335603683,0.00143784633115686,2.50951526137739e-05,0.999999999685117,0.000261907374502174,0.0673730242259495,-0.0920144318690599,0.000599672519312143
4.3447557930503,0.00152279332115937,2.65777572784815e-05,0.999999999646811,0.000313285662542196,0.0669330933359011,-0.092960749143976,0.00158880446226336
4.34717853366357,0.00153539329583549,2.67976683221693e-05,0.999999999640942,9.07695370116045e-05,0.0667190794788476,-0.0883354395765248,0.000422471054662373
4.34960127427684,0.00156840522757095,2.73738352231854e-05,0.999999999625337,0.000237816173167976,0.0664979607180516,-0.0912680291008269,0.000384607215773792
4.35338650145824,0.00161642714023661,2.82119757119825e-05,0.999999999602042,0.000221424091330698,0.0661540717190792,-0.0908502931244334,0.0001751189876941
4.35825392081165,0.00164146167836902,2.86489108289327e-05,0.99999999958962,8.97673048903514e-05,0.0657255090667073,-0.088047201454236,-0.00205224238922186
4.3606679187363,0.00171732221423796,2.99729269516041e-05,0.999999999550812,0.000548474424820233,0.0654906524224671,-0.0972894971622919,0.000325790402276406
4.36308191666095,0.00175260905413308,3.05887984901156e-05,0.999999999532163,0.000255125131842398,0.0652703967321331,-0.0912410437825349,0.000518873485701805
4.36655764317836,0.00180167106690795,3.14450921502806e-05,0.999999999505603,0.000246363934644719,0.0649541959260026,-0.090974017819609,0.000717322222678583
4.37100683860421,0.00188430238949959,3.28872807940362e-05,0.999999999459213,0.000324145942460149,0.0645429267280932,-0.0924367573336645,0.00209964011858233
4.37399480337862,0.00189295343296369,3.30382699861358e-05,0.999999999454236,5.05324538879007e-05,0.0642837392145641,-0.0867438317040012,0.000532012200760613
4.37698276815303,0.00191843396716147,3.3482989202808e-05,0.999999999439445,0.00014883683393009,0.0640188556246173,-0.0886501715867202,-0.000123221011231522
4.37997153562985,0.00195769774536482,3.41682714088373e-05,0.999999999416265,0.00022928588849322,0.0637492965429969,-0.0901907169799754,-1.54557348554102e-05
4.38334387113414,0.00200280639452252,3.49555658572958e-05,0.999999999389054,0.000233456738787657,0.0634452180679717,-0.0901685121894358,0.000178802998697493
4.38642213662647,0.0020506310090217,3.57902628432814e-05,0.999999999359529,0.000271158218349811,0.0631656318663535,-0.09082588955205,0.000747633331540709
4.3895004021188,0.00209097710632711,3.64944350811309e-05,0.999999999334078,0.000228756174561295,0.0628890372128423,-0.089854060411732,0.000943313624901975
4.39300650623913,0.00213555468278469,3.72724605623459e-05,0.999999999305382,0.000221905983119884,0.0625749008304068,-0.089596991890023,0.00112287586632794
4.39719018138881,0.00216802554623322,3.78391840400886e-05,0.999999999284098,0.000135460679394711,0.0622080114761165,-0.0876954689750272,0.000312121297337551
4.39947036740209,0.00219465832467468,3.83040137125093e-05,0.999999999266401,0.000203856031942988,0.0620051444400884,-0.0889695116307318,0.000280726854483687
4.40175055341536,0.00222445648928803,3.88240897956768e-05,0.999999999246345,0.000228084937161718,0.0618013476942469,-0.0893772458279037,0.00047812575867302
4.40527335412136,0.00226194594377844,3.94784042108096e-05,0.999999999220728,0.000185736994579195,0.0614899196258409,-0.0884035443377209,0.000360926384012195
4.41011773345817,0.00229493390478851,4.00541527434995e-05,0.999999999197832,0.000118848771558909,0.0610690494273376,-0.0868780434482669,-0.000784156766718296
4.41240386830089,0.00234346814312717,4.09012350017629e-05,0.999999999163545,0.000370530313054306,0.0608590328131839,-0.0918653660445728,0.000512675834463537
4.41469000314361,0.0023696820810825,4.13587545286099e-05,0.999999999144727,0.000200127970881055,0.0606571637480382,-0.0883014690881188,0.000599193510605219
4.41853433073121,0.00241483334725331,4.2146792784048e-05,0.999999999111824,0.000204987280133551,0.0603178022640615,-0.0882759016352193,0.000818751702775511
4.42350934177321,0.00252824543716772,4.41262071627802e-05,0.999999999026439,0.000397871354227074,0.0598599821097181,-0.0920239473799413,0.00413694042392271
4.42629782701855,0.00249795019395384,4.35974554215143e-05,0.999999999049631,-0.000189619702187099,0.0596372105569232,-0.0798898086934789,0.000962478237545326
4.42908631226389,0.00251246683015269,4.38508185192562e-05,0.999999999038553,9.08604764567155e-05,0.0593988337356553,-0.0854861332568459,0.000197898317178688
4.43198395411699,0.00254259165112491,4.43765958312837e-05,0.999999999015359,0.000181450068432667,0.0591461322386312,-0.0872093619000513,0.00023757472848427
4.43538226391552,0.0025767835354713,4.49733567899937e-05,0.999999998988699,0.000175605225740153,0.0588506397112208,-0.0869527926907705,0.000250277639337212
4.43902114687274,0.00262416831115457,4.5800377140134e-05,0.999999998951163,0.000227273138684526,0.0585309639315755,-0.0878499757765948,0.00086474171761939
4.44192481871637,0.00265823572256392,4.63949656362268e-05,0.999999998923754,0.000204771244391435,0.0582776333980409,-0.0872448910128432,0.0011991642512905
4.44482849056,0.00268149283206344,4.68008787710495e-05,0.999999998904839,0.000139793047259745,0.0580285294579407,-0.0857892880170599,0.000965582901579842
4.44850831308072,0.00271437691316807,4.7374814257182e-05,0.999999998877813,0.000155968252147137,0.0577121824532228,-0.0859680060482314,0.000880725784819764
4.45142048651146,0.00273265212655436,4.76937769019169e-05,0.999999998862652,0.000109527352227179,0.0574650292934897,-0.0848689700703338,0.000403681964036548
4.4543326599422,0.00275959329731952,4.81639890355708e-05,0.999999998840115,0.000161464330808987,0.0572151915320615,-0.0857908250899691,0.000410514876449254
4.45804967625648,0.00278987811481349,4.86925588135865e-05,0.999999998814517,0.000142202706134046,0.0568983479137423,-0.0852413848983476,0.000224777525139525
4.46155871067986,0.00283308622352255,4.94466825732112e-05,0.999999998777513,0.000214909194252702,0.056594641269298,-0.0865499188099018,0.000856951459229913
4.46506774510323,0.00289319030788857,5.04956967379849e-05,0.999999998725092,0.000298946672935311,0.0562855220995734,-0.0880923731227516,0.00243427528146018
4.46804573533466,0.00290668090937138,5.07311521516327e-05,0.999999998713175,7.90652069522847e-05,0.0560369992494258,-0.0834532120102983,0.00180033953435968
4.4710201535516,0.00291497653294702,5.08759380963469e-05,0.999999998705819,4.86770636612235e-05,0.0557910534345831,-0.0826870321873776,0.000889778691353493
4.47419128554931,0.00293009093587446,5.11397341915606e-05,0.999999998692364,8.31867281925719e-05,0.0555270976376426,-0.0832370891941814,0.0002685056353658
4.47736241754703,0.00295221214764858,5.15258221710413e-05,0.999999998672545,0.000121750838586164,0.0552611556060546,-0.0838634379708776,3.71327747509444e-05
4.48073343507288,0.00298188979226605,5.20437947831585e-05,0.999999998645722,0.000153654678102182,0.0549768185926785,-0.0843475334066234,0.000141606722135604
4.48400605975664,0.00302344450336956,5.27690613106337e-05,0.999999998607713,0.00022161616395284,0.0546968054690667,-0.0855622476362032,0.00095454905157541
4.48727868444039,0.0030642861956968,5.34818833128246e-05,0.999999998569844,0.000217813550919877,0.054417599304553,-0.0853156690712532,0.00176338275190656
4.49034980900595,0.00308253294356409,5.3800349140432e-05,0.999999998552761,0.000103696812443494,0.0541632331103703,-0.0828250983483882,0.00147061952352976
4.49370421287515,0.00309701252466414,5.40530655045699e-05,0.999999998539133,7.53386814350153e-05,0.0538879087070239,-0.082078489675938,0.000876265087343817
4.49661073996328,0.0031086902706251,5.42568806205012e-05,0.999999998528095,7.01232467648223e-05,0.05365013583649,-0.0818065214338926,0.000311784422618127
4.49951726705142,0.00313199878291832,5.46636909031563e-05,0.99999999850594,0.000139964387367552,0.0534086772448651,-0.0830746056385576,0.000390327278217771
4.50305396554989,0.00315767544329317,5.51118331669387e-05,0.999999998481343,0.000126712035151255,0.0531164347598072,-0.082631438666435,0.000364778596962396
4.50642297785123,0.00319362342228231,5.57392437587732e-05,0.999999998446568,0.000186229831380812,0.0528345925412947,-0.0836572245225887,0.000981059683884542
4.50979199015257,0.00323302505984676,5.64269320638689e-05,0.999999998408001,0.000204121637045947,0.0525521416002913,-0.0838379072973887,0.00181521834399854
4.51296497971678,0.00325159506760083,5.67510398407793e-05,0.99999999838966,0.00010214586933574,0.052293288700896,-0.0815801294511352,0.00163512633049272
4.51635784465453,0.0032599834002853,5.68974438646395e-05,0.99999999838134,4.31505605977761e-05,0.0520211938194954,-0.0801962018508711,0.000846922251602055
4.51914253719492,0.00326933662296595,5.7060688395824e-05,0.999999998372039,5.8622102469715e-05,0.0517974735078637,-0.0803393223440426,0.000319260850010477
4.52192722973532,0.00329127264293205,5.74435441683882e-05,0.99999999835012,0.000137485832865987,0.0515697133191272,-0.0817900667426317,0.00048966795093143
4.52548479974514,0.00331413392988132,5.78425488962334e-05,0.99999999832712,0.000112156535895678,0.0512812123862513,-0.0810949417943487,0.000453797351821522
4.52897445256676,0.00334715075696164,5.84188012363729e-05,0.999999998293622,0.000165131710966338,0.0509951508864839,-0.0819742004118325,0.00100813759158698
4.53246410538838,0.00339038053780304,5.91733032456668e-05,0.99999999824926,0.00021621119611751,0.0507061539583316,-0.0828153810492138,0.00214346722753146
4.53560398981546,0.00340398002434255,5.94106590619447e-05,0.999999998235187,7.55938067809828e-05,0.0504557192502666,-0.0797592121243098,0.00184089934101817
4.53883866811844,0.00340576743060772,5.94418551862876e-05,0.999999998233333,9.64427416762326e-06,0.0502026678578539,-0.0782307755858282,0.000883094746568395
4.54170943820199,0.00341267881741531,5.95624816417454e-05,0.999999998226155,4.20188493542305e-05,0.0499767018495891,-0.0787126804614181,0.000311089236804528
4.54458020828554,0.00343235872328951,5.99059607951199e-05,0.999999998205638,0.000119647043821205,0.0497466775102838,-0.0801263537694088,0.000443430528372261
4.54808618214299,0.00345314189382803,6.02686955493658e-05,0.999999998183842,0.0001034619109124,0.0494675710078585,-0.0796088373084146,0.000451939507623952
4.55144270562686,0.00348337705849805,6.07963987217735e-05,0.999999998151899,0.000157217184956909,0.0491973673411573,-0.0805010505662679,0.00103694540044665
4.55479922911072,0.00351583526759523,6.13629013387633e-05,0.999999998117297,0.000168776598993077,0.0489270438774166,-0.0805367413755347,0.00177060805772019
4.55802616158187,0.00353145745186691,6.16355598901418e-05,0.999999998100529,8.44946568704421e-05,0.0486733349655403,-0.0786223182989877,0.0016664426311581
4.56151465148625,0.00353458914417674,6.16902182320037e-05,0.999999998097158,1.56681955413241e-05,0.0484046590962577,-0.0770178147699444,0.000838930891690844
4.56420695044263,0.00354068551104024,6.17966199059785e-05,0.999999998090589,3.9520750073308e-05,0.0481964984680954,-0.0773170556224053,0.000374797564779462
4.56689924939901,0.00355889365686933,6.21144120007694e-05,0.9999999980709,0.000118037447010911,0.0479844707624755,-0.0787534033386891,0.000586321098006288
4.57048318990459,0.00357638602845309,6.24197114782965e-05,0.99999999805189,8.51854202499156e-05,0.0477053085443747,-0.0778925369061702,0.000528295174947676
4.57412817203573,0.00360454957662821,6.29112581220313e-05,0.999999998021087,0.000134855707659353,0.0474185100894985,-0.0786830893974469,0.00104238404883768
4.57777315416686,0.00365576454859366,6.38051280073509e-05,0.999999997964453,0.000245232995651322,0.0471243323139109,-0.0807076043184917,0.00282488063985177
4.58081670297413,0.00365767427159844,6.38384589615174e-05,0.999999997962326,1.09513454013913e-05,0.0468938544953934,-0.0757266707755505,0.00216197843592983
4.58378633196272,0.00364975322284629,6.37002105808626e-05,0.999999997971142,-4.65540919311275e-05,0.0466730090851667,-0.0743680140097037,0.000983132957830216
4.5875368734237,0.00363054798340567,6.33650159196663e-05,0.999999997992437,-8.9372338730341e-05,0.0463981480063563,-0.0732857059894282,-0.000968336171939718
4.59062458752728,0.00364097008943845,6.3546915984564e-05,0.999999997980895,5.89109157005277e-05,0.0461631948525949,-0.0760929107679578,-0.00119690757343511
4.59326910227986,0.00368266440950951,6.42746191476981e-05,0.999999997934387,0.00027517455287839,0.0459507896494041,-0.0803191598700419,0.000398929163201327
4.59722645987261,0.00371749489116557,6.48825257313844e-05,0.999999997895129,0.000153614266769256,0.0456435657374649,-0.0776335988696444,0.00130599509449359
4.59976438361429,0.00372714057152069,6.50508746118208e-05,0.999999997884192,6.63333094003945e-05,0.0454515743014195,-0.0756490169078166,0.00126921991422319
4.60230230735598,0.00373217885036247,6.51388091660571e-05,0.999999997878468,3.46482256256602e-05,0.0452616312653736,-0.0748419004583384,0.000970191007722852
4.60600690455917,0.0037490538569436,6.5433333591566e-05,0.999999997859239,7.95024155074981e-05,0.044981724661259,-0.0755565554800336,0.00105701967493634
4.60969436903487,0.00375529377016435,6.55422406220733e-05,0.999999997852107,2.9534394557178e-05,0.044707740627515,-0.0743014707123651,0.000601782211819241
4.61338183351057,0.00373669241143159,6.52175856675359e-05,0.999999997873333,-8.80428699370216e-05,0.0444434660727685,-0.0716683662956514,-0.00117596034573924
4.61647024766987,0.00375942661800493,6.56143724242201e-05,0.999999997847377,0.000128475889912302,0.0442091743311321,-0.0758615035264107,-0.000620601279977312
4.6194477767145,0.0037947248935943,6.62304435521923e-05,0.999999997806764,0.000206906841235274,0.0439791212925021,-0.0772630712183255,0.000666850010160602
4.6230868295334,0.00384232467265019,6.70612164180944e-05,0.999999997751397,0.000228293709679489,0.0436971536836412,-0.0774837912206835,0.00248982648925459
4.62612611193526,0.00385286128449687,6.7245114986409e-05,0.999999997739047,6.05072330944768e-05,0.0434727116793366,-0.0738470384217208,0.00249742882453017
4.62883306607815,0.00383840138047173,6.69927420522164e-05,0.999999997755986,-9.32313299152411e-05,0.043281799723425,-0.0705264832110917,0.0012152494828898
4.63298596157413,0.00383075712701002,6.68593246607513e-05,0.999999997764915,-3.21263542251194e-05,0.0429846745171471,-0.0715465165365042,7.97161426200517e-05
4.63540601753991,0.0038458651032864,6.71230085894957e-05,0.999999997747251,0.000108957781582524,0.0428050936591315,-0.074205250025405,0.00041476592888496
4.63782607350568,0.00385981283743621,6.73664424730523e-05,0.999999997730881,0.000100590187809698,0.0426263119473873,-0.0738750319301785,0.00072896082436897
4.6414953445731,0.00386980161339312,6.75407795013478e-05,0.999999997719122,4.75127145115852e-05,0.0423599516482209,-0.0725921563907414,0.000628224146246113
4.64566962486243,0.00388933479680553,6.78816978645089e-05,0.999999997696038,8.16711721092872e-05,0.042055111694371,-0.0730281468229979,0.000955664129867851
4.64837604132977,0.00390279508493228,6.81166242100445e-05,0.999999997680063,8.68034720132068e-05,0.0418578034614195,-0.0729038695014515,0.00125530095119323
4.65108245779711,0.00390674274196179,6.8185523822789e-05,0.999999997675367,2.5457875288574e-05,0.0416643665473115,-0.0714734470627129,0.0010416518879108
4.65480999847641,0.00391892234648051,6.83980980227358e-05,0.99999999766085,5.70280028393059e-05,0.0413963497774236,-0.0719017692755566,0.00112266219151331
4.65817180980902,0.00391907066472301,6.84006866644022e-05,0.999999997660673,7.70013964605646e-07,0.0411592816227185,-0.0705179830901069,0.000627522786104201
4.66153362114163,0.00391674831942174,6.83601540926214e-05,0.999999997663445,-1.20567657924057e-05,0.0409238510437582,-0.0700308719518912,5.11386149550097e-06
4.66486633346974,0.00392483104962952,6.85012243469674e-05,0.999999997653791,4.2328962354831e-05,0.0406875158360244,-0.0709137736671696,-5.00970375282329e-05
4.66846714916139,0.00395185810408311,6.8972935433184e-05,0.999999997621367,0.000131001175212792,0.0404265044675385,-0.0724867337950815,0.000875643962051868
4.67103509137622,0.00396480388789709,6.91988819844501e-05,0.999999997605757,8.79873972633602e-05,0.0402431492135831,-0.0714016276911353,0.00125502007074031
4.67360303359105,0.00396659337238244,6.9230114380558e-05,0.999999997603596,1.21624217252332e-05,0.0400642080988275,-0.0696826874539363,0.00102165445106243
4.67719185891529,0.00397666832850346,6.94059555364413e-05,0.999999997591407,4.89968556334974e-05,0.0398121850864108,-0.0702243741745527,0.00110911221083329
4.68120803626351,0.00397795728486722,6.94284520688492e-05,0.999999997589845,5.60147884704044e-06,0.0395347412713856,-0.0690815646245837,0.000703788949070007
4.68398488283997,0.00397893728587127,6.94455563130016e-05,0.999999997588657,6.15959280526644e-06,0.0393435231843874,-0.0688615959627495,0.000410209015971968
4.68676172941642,0.00398927749531149,6.96260270126429e-05,0.999999997576108,6.49912392020219e-05,0.0391495025712861,-0.0698708436924449,0.000638031116915648
4.69048008645639,0.00399653696715141,6.97527286978976e-05,0.999999997567278,3.40746421606798e-05,0.0388928658462239,-0.0690188495359328,0.000604285256366001
4.69352048672552,0.00401082570702472,7.0002114254039e-05,0.999999997549852,8.20239227320838e-05,0.0386807539468656,-0.0697644653934328,0.00104508535993328
4.69656088699466,0.00401879000451497,7.01411174675109e-05,0.999999997540112,4.57187217170679e-05,0.0384715253286712,-0.0688161425054249,0.00115992719803571
4.70027755097695,0.00403116749853075,7.03571454906991e-05,0.999999997524936,5.81241739233713e-05,0.0382156820108089,-0.0688368168555016,0.00145909371657062
4.7047456335499,0.00401780423490807,7.01239125422468e-05,0.999999997541318,-5.21997848561269e-05,0.0379194166071104,-0.0663070565194467,0.000407316636379128
4.70684257247344,0.00402853361950714,7.03111756297516e-05,0.999999997528169,8.93030721420564e-05,0.0377748022691152,-0.0689644969491819,0.000703236496190522
4.70893951139699,0.00403469688862848,7.04187449683392e-05,0.9999999975206,5.12982698953259e-05,0.0376321156705111,-0.0680451857715908,0.000832448427665881
4.71226586337156,0.00403775465441573,7.04721130489491e-05,0.999999997516841,1.60440269551488e-05,0.0374087861732489,-0.0671394665897015,0.000705975788217281
4.71680356968545,0.00402267688704174,7.02089563650742e-05,0.999999997535351,-5.79933266549789e-05,0.0371122068596242,-0.0653588604261755,-0.00049299092846735
4.72000402157646,0.00405097937587777,7.07029279805459e-05,0.999999997500548,0.0001543443343375,0.036890039293163,-0.0694175616527987,0.000761816544062086
4.72320447346748,0.00407950598393569,7.12008112143293e-05,0.999999997465222,0.000155566542473121,0.0366685026148619,-0.0692204369398927,0.0020593331432666
4.72604181339573,0.00407450077904696,7.11134539095052e-05,0.999999997471438,-3.07884523018843e-05,0.0364834697132278,-0.0652135120615778,0.00160456496618346
4.7290259092658,0.00406940002598433,7.1024428974456e-05,0.999999997477765,-2.98331351103706e-05,0.036289411904984,-0.065030688253172,0.00113008465481095
4.73258256608128,0.00406304168540677,7.09134549966938e-05,0.999999997485641,-3.12017672209781e-05,0.0360590285400199,-0.064775258597074,0.000562924200209258
4.73613922289677,0.00404214596049473,7.05487557983e-05,0.999999997511437,-0.000102539890190776,0.0358346961732727,-0.0630739422961449,-0.000783656146254768
4.73924615837197,0.00405568534345413,7.07850626090399e-05,0.999999997494737,7.60578432401736e-05,0.0356281442773211,-0.0664809094364765,-0.0002603963438217
4.74244805621308,0.00407963435416468,7.12030516974811e-05,0.999999997465063,0.000130544167939302,0.0354124291157767,-0.0673710318844989,0.000837044348673377
4.74596349554608,0.0041202560974612,7.191203486409e-05,0.99999999741433,0.000201676974416152,0.0351713194905612,-0.0685859155502167,0.00282922295253993
4.74883297671004,0.00410848539061467,7.17065972748606e-05,0.999999997429082,-7.15939844247144e-05,0.0349911320971126,-0.0627944158380156,0.00208513026544356
4.75158243190852,0.00409315462177488,7.14390248824297e-05,0.999999997448233,-9.73183317422483e-05,0.0348204629418439,-0.0620738084268433,0.00113856006569651
4.75509430943272,0.00408563925484163,7.13078569852829e-05,0.999999997457595,-3.73497926897486e-05,0.034598945387387,-0.0630766742091771,0.000589850690518857
4.75860618695693,0.00406703787268652,7.09832016220762e-05,0.999999997480693,-9.24449562351329e-05,0.0343822340191131,-0.0617081224445403,-0.000553529730922349
4.76176002835902,0.00407606579162889,7.11407685318258e-05,0.999999997469496,4.99603150757475e-05,0.0341792012130215,-0.0643763525828805,-0.00020455714166936
4.76503952814696,0.00409787798414399,7.15214631073248e-05,0.99999999744234,0.000116083122757871,0.033964399930484,-0.0654981846096215,0.000842087046943031
4.76784724656891,0.00410878398383706,7.17118087097021e-05,0.999999997428708,6.779369376125e-05,0.0337838617359343,-0.0643006767125383,0.00135661966921874
4.77065496499086,0.00410659668935032,7.16736332192959e-05,0.999999997431445,-1.3596623580861e-05,0.0336085331425422,-0.0624452195852195,0.00116713095066599
4.77418950282078,0.00410821753190637,7.17019222584828e-05,0.999999997429417,8.00360347540629e-06,0.0333870492573039,-0.0626627570266858,0.0011705823208042
4.77755612546003,0.00409941154057916,7.15482287163151e-05,0.999999997440425,-4.56521443093671e-05,0.0331805839626673,-0.0613271271421773,0.000626606862050415
4.78092274809927,0.00408777291048509,7.13450963012704e-05,0.999999997454939,-6.03371501145625e-05,0.0329759222147976,-0.0607914131759224,-6.91901786259337e-05
4.78419124183664,0.00409000792679393,7.13841046945961e-05,0.999999997452155,1.19346697773986e-05,0.0327731744129602,-0.062030959251745,-1.82400353693421e-05
4.78772666161603,0.00410796158365496,7.16974551187925e-05,0.999999997429737,8.8631745182133e-05,0.0325491890214379,-0.0633546807732176,0.000874078495031919
4.79036153126152,0.00411580778919847,7.18343972389622e-05,0.99999999741991,5.19730153469613e-05,0.0323847975917677,-0.0623907258378284,0.0012911784818755
4.79299640090701,0.0041118389912981,7.17651286484331e-05,0.999999997424883,-2.62891907484812e-05,0.0322250960700298,-0.060610786575774,0.00106253179974461
4.79658652472238,0.00411348389216261,7.17938375843138e-05,0.999999997422822,7.99664229734474e-06,0.0320057734140716,-0.0610905548771137,0.00113380570886351
4.80036434482742,0.00410450878055082,7.16371923363569e-05,0.999999997434056,-4.14644541042355e-05,0.0317797705383843,-0.0598236203427462,0.00065377656588821
4.80331587025315,0.00409834997446204,7.15297008923912e-05,0.999999997441751,-3.64189457099485e-05,0.0316035944601201,-0.0596898392703719,0.000311071911426777
4.80626739567888,0.00410232376415741,7.15990566061796e-05,0.999999997436788,2.34982607168153e-05,0.0314244275340619,-0.060703161997681,0.000523710712312254
4.80996890233541,0.00410441417902024,7.16355412281751e-05,0.999999997434175,9.85669498245326e-06,0.031201629191837,-0.0601912580195893,0.000641817006398279
4.81285194648843,0.00411328235329946,7.17903200675902e-05,0.999999997423075,5.36859068395709e-05,0.0310261878864728,-0.0608527986575605,0.00114724179356399
4.81573499064144,0.00411210444033955,7.17697616081908e-05,0.999999997424551,-7.13081672052156e-06,0.0308549037846142,-0.0594108493550252,0.00111834077764555
4.81941994670259,0.00411407194568741,7.1804101054473e-05,0.999999997422086,9.31882112050125e-06,0.0306355930280253,-0.0595151619041953,0.00127702855701829
4.82293896679138,0.00410154100287046,7.15853948445002e-05,0.999999997437766,-6.21497476617238e-05,0.0304321736424176,-0.0578056903555633,0.000668577315849144
4.82645798688017,0.00407168585951841,7.10643242956774e-05,0.999999997474931,-0.000148072627322542,0.0302357855499004,-0.0558076076753887,-0.000872418933466863
4.82945655105808,0.0040822659917,7.12489824370749e-05,0.999999997461791,6.15821876435585e-05,0.0300563192237347,-0.0598507537334629,-0.000265499712051077
4.83245403386353,0.00409853551914086,7.15329392579378e-05,0.999999997441519,9.4731759951996e-05,0.0298755241289029,-0.060315640344241,0.000670631569284251
4.83559244634099,0.00410883582745944,7.17127135516065e-05,0.999999997428643,5.72819205316782e-05,0.0296892997488449,-0.0593371270969507,0.001304807436551
4.83873085881846,0.00411044649509115,7.17408250048629e-05,0.999999997426627,8.95722073837198e-06,0.0295068570628016,-0.0581321567363534,0.00148553133597038
4.84211110422378,0.00410650445091711,7.16720233549437e-05,0.999999997431561,-2.03540399722563e-05,0.0293131479490546,-0.0573062279566688,0.00138523872916814
4.84537402348811,0.00409002964791581,7.13844837996892e-05,0.999999997452128,-8.8123405054314e-05,0.0291314281324504,-0.0556924036063932,0.00061019513249466
4.84863694275244,0.00407453590741576,7.11140670152001e-05,0.999999997471395,-8.28757205645714e-05,0.028950105583628,-0.0555706513503328,-0.000116693099795942
4.85174800841253,0.00407700281198967,7.11571226222383e-05,0.999999997468332,1.38395044821837e-05,0.0287717851508051,-0.0573181193540048,0.000116389353212927
4.85516925844734,0.00408606705173286,7.13153234495458e-05,0.999999997457062,4.62406506684491e-05,0.0285742091418019,-0.0577496549486811,0.000721733644917509
4.85800994111952,0.00409388319292317,7.14517408477699e-05,0.999999997447324,4.8022751681322e-05,0.0284106800736107,-0.057566820043812,0.00127064820239024
4.8608506237917,0.00408920717739424,7.13701289811237e-05,0.999999997453152,-2.87296668696875e-05,0.0282521580331412,-0.0558042058065297,0.00114920644587694
4.86441215238335,0.00408690246707382,7.13299041978301e-05,0.999999997456022,-1.12942469394637e-05,0.0280529412997585,-0.0559357388987586,0.00119344426816666
4.86784747918554,0.00407295203690826,7.10864232599888e-05,0.99999999747336,-7.08756262440443e-05,0.0278657939174884,-0.054477315564396,0.000614514593711001
4.87128280598774,0.00405131857407844,7.07088481059496e-05,0.999999997500129,-0.000109909530221948,0.0276822025410538,-0.0534421867280081,-0.000380330528245276
4.87443432393804,0.00405323100606029,7.07422263406697e-05,0.999999997497769,1.05911612531122e-05,0.0275067641222671,-0.0556679103700333,-0.000131260439961511
4.8777326399105,0.00406651020098715,7.09739920135758e-05,0.999999997481346,7.02678807677475e-05,0.0273198842645209,-0.0566591737438289,0.000746539958601491
4.88057125996706,0.00407369159475083,7.1099330979318e-05,0.999999997472443,4.41548934205323e-05,0.027161167470256,-0.0559133632197361,0.00130480989257219
4.88340988002361,0.00406779380772655,7.09963951774227e-05,0.999999997479756,-3.62626206059213e-05,0.0270076627583872,-0.0540772307708151,0.00115999548981552
4.88693737858217,0.00406399596816946,7.09301103728558e-05,0.99999999748446,-1.87908807426348e-05,0.0268164301719854,-0.0542119530956845,0.00117397430829043
4.89034294581116,0.00404930962292998,7.06737852939848e-05,0.999999997502608,-7.52664863965915e-05,0.026636546787978,-0.0528203884733485,0.000602119519692839
4.89374851304015,0.00402922432560297,7.03232307252577e-05,0.999999997527322,-0.000102935736112921,0.0264593882208341,-0.0520202818595874,-0.000263320310052913
4.89694258809849,0.00402877720556032,7.03154270083811e-05,0.99999999752787,-2.44318519551218e-06,0.0262874216509728,-0.0538392388156913,-9.28120496909383e-05
4.90033450546276,0.00404102310232335,7.05291582262252e-05,0.999999997512819,6.30119178685734e-05,0.0261010529638873,-0.0549449373528183,0.000778247336817967
4.90309182889673,0.00404660089142866,7.06265090108523e-05,0.999999997505948,3.53062624682145e-05,0.0259516953463805,-0.0541676089451715,0.00128768199410278
4.9058491523307,0.00403926928709154,7.04985483760347e-05,0.999999997514977,-4.64075536295967e-05,0.0258074542498382,-0.0523119974846619,0.00109832562650281
4.90940912392185,0.00403502819159882,7.04245272959789e-05,0.999999997520193,-2.07926041948289e-05,0.025620143344085,-0.0526158428395786,0.00113717582637667
4.91292508452669,0.00401991529884476,7.01607575585715e-05,0.999999997538734,-7.50206750598319e-05,0.0254398911775977,-0.0512668333766438,0.000597842969042054
4.91644104513154,0.00399246476910209,6.96816554343163e-05,0.999999997572233,-0.000136264929921727,0.0252648782800338,-0.0497766946884591,-0.000607836814196589
4.91957462293811,0.00399446092842281,6.97164949867727e-05,0.999999997569805,1.11181386554297e-05,0.0251002052353061,-0.0525511268245566,-0.000272999237409418
4.92277729771492,0.0040084791919772,6.99611598406125e-05,0.999999997552718,7.63939118037906e-05,0.0249283385336211,-0.0536634886967164,0.00072736100197524
4.92566580811874,0.00401468853542678,7.00695333279291e-05,0.99999999754513,3.75188150401738e-05,0.0247762230740978,-0.0526622508689994,0.00131072706402919
4.92855431852255,0.00400778312905003,6.9949011250762e-05,0.999999997553568,-4.1724647175725e-05,0.0246293437535681,-0.0508495037220164,0.00119054915561082
4.93204842360539,0.00400174768850985,6.98436729417848e-05,0.999999997560931,-3.01474359634255e-05,0.0244516095612987,-0.0508668709312853,0.00117331876683579
4.93538282738236,0.00398525336121797,6.95557926233391e-05,0.999999997580996,-8.63363702780184e-05,0.0242865951392948,-0.0494884342273144,0.000583540362122405
4.93871723115933,0.00396717199149865,6.92402131892266e-05,0.999999997602896,-9.46434373221496e-05,0.0241229044070125,-0.0490914547940689,-9.59070048254899e-05
4.94195661258674,0.00396351347626294,6.9176360052782e-05,0.999999997607316,-1.97115214828872e-05,0.0239596585251954,-0.0503941525490868,-1.24776936816645e-05
4.94548599232463,0.00397293021979431,6.93407132318261e-05,0.999999997595933,4.65671567367875e-05,0.0237778453338643,-0.0515142049972463,0.000797644111698814
4.94815327423989,0.00397617888139971,6.9397413072987e-05,0.999999997592,2.12575359856097e-05,0.0236423802685603,-0.0507876818453277,0.0012451136128164
4.95082055615515,0.00396729202306252,6.92423081352174e-05,0.999999997602751,-5.81509353229612e-05,0.0235117141982142,-0.0489884738461816,0.0010295212510965
4.95441260495307,0.00396197097397814,6.91494383092572e-05,0.999999997609178,-2.58542774352881e-05,0.0233341438233591,-0.049434288019099,0.00109673413488296
4.9581168843485,0.00394565040391026,6.88645906264483e-05,0.999999997628834,-7.6896921932587e-05,0.0231557934294255,-0.0481471225290435,0.000597247386243869
4.96182116374393,0.00389921056881234,6.80540626018059e-05,0.999999997684322,-0.000218808556271795,0.0229890823005661,-0.0450050093588941,-0.00152134027985955
4.96482174165169,0.00391029618662263,6.82475431317638e-05,0.999999997671136,6.44810887618975e-05,0.0228373993450613,-0.0505512471822647,-0.000649631037750171
4.96768811922254,0.00392864394480747,6.85677719216997e-05,0.99999999764923,0.000111718984247482,0.0226903082057013,-0.0513160376552581,0.000629144251880095
4.97150173110938,0.00395508833773788,6.90293136459342e-05,0.999999997617477,0.000121024828698618,0.0224947426199282,-0.0512809356527504,0.00242852698437465
4.97468928056873,0.00396243030806053,6.91574552013423e-05,0.999999997608623,4.0200648601004e-05,0.0223372816040764,-0.0493987678809202,0.0031921179058726
4.97732591612738,0.00392228422864653,6.84567739354596e-05,0.999999997656835,-0.000265748243151259,0.0222239872223838,-0.0429692990071637,0.00132935661225867
4.9809895703809,0.00390024418318428,6.80721025757503e-05,0.999999997683094,-0.000104996632866377,0.0220553348649236,-0.046033917446897,0.000564566100458295
4.98371222876184,0.00389060602173636,6.79038849250342e-05,0.999999997694531,-6.17843399973623e-05,0.0219281839329443,-0.0467010231137465,0.000327378591460226
4.98643488714279,0.00389011147457445,6.78952534487723e-05,0.999999997695117,-3.17023844864805e-06,0.0217982760585321,-0.0477136152377341,0.000597790646973639
4.99012246534612,0.00388194484858612,6.77527189368249e-05,0.999999997704785,-3.8652607325456e-05,0.0216257821626198,-0.0467770136390708,0.000568485942957197
4.99326327055587,0.00388342233308742,6.77785059059605e-05,0.999999997703037,8.21030515194847e-06,0.0214765789060071,-0.0475047787584745,0.00100682886163089
4.99640407576562,0.003880280723915,6.77236744822167e-05,0.999999997706752,-1.74577600990377e-05,0.0213296734504753,-0.0467731825825085,0.00120594834816738
5,0.00387677188279325,6.76624336518532e-05,0.999999997710898,-1.7030623147815e-05,0.0211622521850368,-0.0465586187377831,0.00144764787993754
5.00425149451549,0.00384601553102358,6.71256340487899e-05,0.999999997747075,-0.000126261389336443,0.0209748749669828,-0.0440732587966809,0.000373192744362887
5.00644928858741,0.00384580449325287,6.71219507448532e-05,0.999999997747322,-1.67590949128473e-06,0.020872898933048,-0.0463992669914286,0.000556074552586406
5.00864708265932,0.00384447923292681,6.70988205887695e-05,0.999999997748874,-1.05242599529137e-05,0.0207716378331194,-0.0460739708158567,0.000739396071888668
5.01207984648515,0.00383442989008798,6.69234264689641e-05,0.999999997760628,-5.1094141367755e-05,0.0206169506029528,-0.0450620077625373,0.000616097104308287
5.01678450648255,0.00380152014642543,6.63490430873404e-05,0.999999997798902,-0.000122088181338659,0.0204130119732664,-0.0433482185320804,-0.000596084794851908
5.01944510956833,0.00382168598686067,6.67010033985883e-05,0.999999997775488,0.00013228591438809,0.0202845311592903,-0.0482901093600103,0.000831005371919769
5.02210571265412,0.00381758402789867,6.66294107090788e-05,0.999999997780261,-2.69084441986659e-05,0.0201651438099666,-0.0448722885279612,0.000952839578616365
5.0255524895585,0.00381278857488975,6.65457142651341e-05,0.999999997785834,-2.42825243559925e-05,0.0200109816683068,-0.0447264635735304,0.00113459671250157
5.02982755486201,0.00381363374191716,6.65604652124591e-05,0.999999997784852,3.45046129366395e-06,0.0198184325734065,-0.0450400359363116,0.00175568219691568
5.03223563278711,0.0037898394554728,6.61451765717565e-05,0.999999997812408,-0.000172456479621601,0.0197191269593653,-0.041238538423615,0.000766506858648338
5.03464371071221,0.00378370155592614,6.60380500157446e-05,0.999999997819488,-4.44863329086519e-05,0.0196139183595972,-0.0436898651291875,0.00074422317373278
5.03849619309497,0.00377014896998007,6.58015127693401e-05,0.99999999783508,-6.13986576490596e-05,0.0194477125073754,-0.0431425340101178,0.000520550826591243
5.04347524942941,0.00371208115261615,6.47880381690534e-05,0.999999997901255,-0.00020354752675474,0.0192487452737281,-0.0399608319896269,-0.00198937856777555
5.04579350871431,0.00375341814978076,6.55095048709323e-05,0.999999997854252,0.000311210531154837,0.0191323349048037,-0.0502145595543873,0.000579406956381886
5.04811176799922,0.00375154270921303,6.54767722581701e-05,0.999999997856396,-1.41194788027163e-05,0.019031637954022,-0.0434364488206256,0.000799515077954427
5.05164114168366,0.00374624972624786,6.53843922783738e-05,0.999999997862441,-2.61746100735036e-05,0.0188798637409153,-0.0430031576921125,0.000992784633649183
5.05619953435619,0.00376891649347378,6.57800019963983e-05,0.999999997836496,8.67871083725328e-05,0.0186745265888535,-0.0450459551892822,0.00284714901445044
5.06037568011609,0.00375606918719648,6.55557742023309e-05,0.99999999785122,-5.36925211529456e-05,0.0184995278646071,-0.0419043621338461,0.00291091679096663
5.06226036188909,0.00372405476273257,6.49970170884951e-05,0.999999997887694,-0.000296472923455484,0.0184302375526714,-0.0367649928641461,0.00129253050301834
5.0641450436621,0.00371198929058892,6.47864348742241e-05,0.999999997901359,-0.000111733565703555,0.0183540792341938,-0.0404091128637208,0.000882532945946842
5.06715020039334,0.00370016509735159,6.45800637712723e-05,0.999999997914708,-6.86723262178869e-05,0.0182304733169124,-0.0411312714563493,0.000667162218314669
5.07124994774077,0.00367289169086398,6.4104053030814e-05,0.999999997945335,-0.000116107335673266,0.0180667307927564,-0.0399396621986042,-0.00021862168367255
5.07533577680808,0.00362403471788835,6.32513379915603e-05,0.999999997999634,-0.000208700615452776,0.0179123092614506,-0.0377944179166097,-0.00231419390888263
5.07780480942982,0.00367160212307289,6.40815458269781e-05,0.999999997946778,0.000336248225231778,0.0177920873347182,-0.0486919150738446,0.000628241803890883
5.08027384205156,0.00366905163201355,6.40370313605413e-05,0.999999997949629,-1.80291123479733e-05,0.0176900724508958,-0.0413177545423994,0.000858879962577951
5.08353788160882,0.00366286005396672,6.39289679379511e-05,0.999999997956543,-3.31072650670273e-05,0.0175567995996531,-0.0408306483131882,0.00100068792861716
5.08772679901836,0.00366506863163978,6.39675148900533e-05,0.999999997954079,9.20212752182268e-06,0.0173831293051145,-0.0414594697290996,0.0017434802184679
5.09082598130671,0.00363649442042054,6.34688008241296e-05,0.999999997985856,-0.000160917952071062,0.0172660871616348,-0.0377654918588239,0.000667638482347743
5.09392516359506,0.00361632621407921,6.31167992199567e-05,0.999999998008135,-0.000113578864399532,0.017146653602603,-0.0385371197689336,3.29998622523048e-05
5.09699274632581,0.00360990282806157,6.30046899850453e-05,0.999999998015205,-3.65464422558891e-05,0.0170242103900544,-0.0399152111926338,0.000131678536418557
5.10039321743815,0.0036064884164889,6.29450972612023e-05,0.999999998018957,-1.75248434679488e-05,0.0168878434548465,-0.0401023654377432,0.000443389725537733
5.10326330833108,0.00360833887092594,6.29773937837227e-05,0.999999998016924,1.12527873817938e-05,0.016771619500445,-0.0404948688866061,0.000979251345153424
5.106133399224,0.00360009632981314,6.2833534302858e-05,0.999999998025974,-5.01236673389654e-05,0.0166594931110689,-0.0390671910958352,0.000974023755340895
5.10982177312724,0.00359312578623838,6.27118753670644e-05,0.99999999803361,-3.29844368344301e-05,0.016514854814479,-0.0392146513298424,0.00116378232977573
5.11350632382397,0.00357180510302182,6.2339759246888e-05,0.999999998056877,-0.000100993622162441,0.016376306075158,-0.0376026144637176,0.000595514461429462
5.1163418071726,0.00355718887592451,6.20846579603145e-05,0.999999998072748,-8.99674784512301e-05,0.0162696130058571,-0.0376278243186345,0.00022874945646713
5.11917729052124,0.0035533974410268,6.20184849381018e-05,0.999999998076854,-2.33374752039707e-05,0.0161595611056234,-0.0388123951729799,0.000452917726359761
5.12281703893047,0.00354341007138608,6.18441724545918e-05,0.999999998087649,-4.78913551832776e-05,0.0160208324246489,-0.0381149094323803,0.000469021734040712
5.12567970604209,0.00354245527532973,6.18275081197553e-05,0.99999999808868,-5.82126185775947e-06,0.015909833528957,-0.0387746431435774,0.000865053215529364
5.12854237315371,0.00353439622518466,6.16868511604088e-05,0.999999998097366,-4.91349340074595e-05,0.0158018576919607,-0.0377186144200982,0.000880993831432579
5.13251037671751,0.00352895802776576,6.15919367102558e-05,0.999999998103217,-2.39199508789046e-05,0.0156509702838172,-0.0380260263675638,0.00121435284098859
5.13624422948396,0.0035080757816851,6.12274727616239e-05,0.999999998125598,-9.76106911857042e-05,0.0155154597521558,-0.0362924143337547,0.000699131692376025
5.13899494809856,0.00349247240770361,6.0955142511735e-05,0.999999998142235,-9.90033109719616e-05,0.0154162432126743,-0.0360693161980182,0.000276619406468974
5.14174566671315,0.00348842706984057,6.08845380468004e-05,0.999999998146537,-2.56676436081213e-05,0.015313369650595,-0.0373987951851614,0.000486975555917283
5.14535486289326,0.00347709394416776,6.06867376896329e-05,0.99999999815856,-5.4804545849623e-05,0.0151812188605488,-0.0366150199245634,0.000444654627106196
5.14874865650718,0.00347675919850893,6.06808952757403e-05,0.999999998158914,-1.72149946872086e-06,0.015053992433935,-0.0374879680637649,0.000962458642511614
5.15214245012111,0.00348022563614693,6.07413960257271e-05,0.999999998155241,1.78268795868941e-05,0.0149260986790726,-0.0376846000115003,0.00169614422489744
5.15541670778047,0.0034693723871361,6.05519710962975e-05,0.999999998166729,-5.78527866419736e-05,0.0148084057070491,-0.0359449329490056,0.00165449361142853
5.15892249941716,0.00344108924497336,6.00583371436457e-05,0.999999998196498,-0.00014080527444455,0.0146890182459512,-0.0340543516187503,0.000723596640586546
5.16156489692216,0.00342555714035944,5.97872507788553e-05,0.999999998212742,-0.000102591061626519,0.0145974539106755,-0.0346519912702427,0.000292377978686687
5.16420729442715,0.00342192689451549,5.97238910363347e-05,0.999999998216528,-2.39781268767702e-05,0.0145020672404864,-0.0360985317343763,0.000518286868578896
5.16779056834551,0.00340984967197205,5.95131037388302e-05,0.999999998229095,-5.8825337577367e-05,0.0143759144908026,-0.0352060022645186,0.000447606696961202
5.17155449710909,0.00340762136829851,5.94742125030614e-05,0.999999998231409,-1.03326174006883e-05,0.0142404904337088,-0.0359794421201168,0.000929292277822822
5.1745151603832,0.00340478330825753,5.94246790110647e-05,0.999999998234354,-1.67305389023917e-05,0.0141349334793538,-0.0356531441040072,0.00127282070268889
5.1774758236573,0.00339161787270416,5.91948988136033e-05,0.999999998247982,-7.76110542105642e-05,0.0140335585183872,-0.0342406250157939,0.00105929414998724
5.18117689002787,0.00337756467290219,5.89496242070463e-05,0.999999998262471,-6.62713343741621e-05,0.0139066905907744,-0.0342787496656902,0.000926778702438645
5.18405488205337,0.00335932845876361,5.86313422277794e-05,0.999999998281183,-0.00011059168232449,0.0138111824176024,-0.033185697641151,0.000415056969767139
5.18693287407887,0.00335117958887072,5.84891176180757e-05,0.999999998289512,-4.94180000108516e-05,0.0137125638115346,-0.034266462587072,0.00044792011599132
5.19061029256812,0.00333707704877551,5.8242981860939e-05,0.999999998303878,-6.69316691248705e-05,0.013588556188594,-0.0337213790878779,0.000293968532399224
5.19412617124507,0.0033375972881066,5.82520617501495e-05,0.999999998303349,2.58253769829214e-06,0.0134657396612012,-0.0349319583175722,0.000896743897583442
5.19764204992201,0.00335464810668379,5.85496546739742e-05,0.999999998285969,8.46425464801997e-05,0.0133377495617824,-0.0364034459601849,0.00240057867145029
5.20064984004211,0.00333395839197713,5.81885510316597e-05,0.999999998307046,-0.000120056130418492,0.0132413594114358,-0.0320468338873241,0.001815142919845
5.2036631434639,0.00330700754782283,5.77181700657653e-05,0.999999998334306,-0.000156101427849125,0.0131475201064332,-0.0311416714041993,0.000879224929932903
5.20678420860926,0.00328542621961118,5.73415048321418e-05,0.999999998355976,-0.000120684835690499,0.0130486137601602,-0.0316899332973252,0.000241842952573301
5.20990527375462,0.00327287881378146,5.71225112881878e-05,0.999999998368509,-7.01662843014798e-05,0.0129470437324759,-0.0325433859768637,8.53371023954216e-05
5.2132937295575,0.00326411468587187,5.69695484003486e-05,0.999999998377235,-4.51423589346824e-05,0.0128356639536119,-0.0328703649518413,0.000176072388064198
5.21655642621629,0.00326799924457533,5.70373467396007e-05,0.999999998373371,2.07798476084919e-05,0.0127246431830868,-0.0340273038335331,0.000932041965818746
5.21981912287507,0.00327065013846661,5.70836135660493e-05,0.999999998370731,1.41805479830237e-05,0.0126146557214573,-0.0337105998908572,0.00163476538180482
5.22294503834495,0.00325650519672562,5.68367377605667e-05,0.999999998384793,-7.89771215061705e-05,0.0125157688879611,-0.0316345193748536,0.0014196365608175
5.22638751986034,0.00323381617836503,5.6440739686764e-05,0.999999998407221,-0.000115032738060549,0.0124100242093902,-0.0307175733836644,0.000802802025177674
5.22920529239533,0.00321499770891328,5.61122954351652e-05,0.999999998425705,-0.000116561662817068,0.0123240446741203,-0.0305132987855709,0.000259394080049198
5.23202306493032,0.00320864532351746,5.60014253948267e-05,0.99999999843192,-3.93466964191996e-05,0.0122340697107571,-0.0319312372613009,0.000392298845558236
5.23559197234003,0.00319642438873916,5.57881298456071e-05,0.999999998443842,-5.97649434593787e-05,0.0121222216727483,-0.031339574040124,0.000340085809130765
5.23905479634761,0.0031960208212936,5.57810862649391e-05,0.999999998444235,-2.03405678820728e-06,0.0120102920396613,-0.0323232231386536,0.000904793714873261
5.2425176203552,0.0032048337797177,5.59349014060411e-05,0.999999998435643,4.44189889538547e-05,0.0118957396691274,-0.0330806215629358,0.00197657825370102
5.24565689505476,0.00318904819480746,5.56593909754332e-05,0.999999998451016,-8.7762447508924e-05,0.0118009100308865,-0.0302074992844466,0.00168724276224813
5.2489123436678,0.00316130604768844,5.51751991673772e-05,0.999999998477849,-0.000148732745115673,0.011707180211463,-0.0287916753003762,0.00077069242816764
5.25177919300319,0.00314161549062403,5.48315341155712e-05,0.999999998496751,-0.000119875519122324,0.0116234275806828,-0.0292141724178535,0.000195389773207119
5.25464604233858,0.00313488271614627,5.47140250333164e-05,0.999999998503188,-4.09889285008057e-05,0.0115355098398678,-0.0306670252006554,0.000321100736208845
5.25815790503861,0.0031236258569061,5.45175557764348e-05,0.999999998513918,-5.59444585271885e-05,0.0114294836941277,-0.0301908573303365,0.000316700747148509
5.26152784644874,0.00312364948010356,5.45179680790097e-05,0.999999998513896,1.22347104992565e-07,0.011324513455618,-0.0311489802742687,0.000896453886516085
5.26489778785887,0.00312699450610514,5.45763497962154e-05,0.999999998510711,1.73242529134247e-05,0.0112189682539852,-0.0313195954432753,0.00166587261564616
5.26811106939713,0.00311384957179519,5.43469274128885e-05,0.999999998523206,-7.13981582178768e-05,0.0111247014216136,-0.0293366240241407,0.00153323325176706
5.27156613972642,0.00308668371046101,5.3872793689161e-05,0.999999998548861,-0.000137228385889077,0.0110285865979457,-0.0278184854453115,0.000694315536589048
5.27428324084446,0.0030691852578457,5.35673880774603e-05,0.999999998565267,-0.000112401268437772,0.0109520692408786,-0.0281613947155364,0.000208034471370437
5.2770003419625,0.00306422380773492,5.34807944374778e-05,0.999999998569902,-3.18698628959954e-05,0.0108714821546155,-0.0296592150097106,0.000407479365040757
5.28057675714022,0.00305165773379947,5.32614750735676e-05,0.999999998581608,-6.13237986431436e-05,0.0107681458333071,-0.0288938269673513,0.000350694936337465
5.28417012996041,0.00304982732705706,5.32295284493071e-05,0.999999998583309,-8.89042854841371e-06,0.01066115427407,-0.0297746892935011,0.00087024875482096
5.28776350278061,0.00306651254534559,5.35207404444411e-05,0.999999998567765,8.10414087600216e-05,0.0105482508714932,-0.0314198966336399,0.0023949491086005
5.29084308186295,0.0030463839501662,5.31694301852595e-05,0.999999998586506,-0.000114077362616263,0.0104642684259897,-0.0272707546252402,0.00187584463328264
5.29390371563637,0.00301569495344022,5.26338061490069e-05,0.999999998614841,-0.000175004288867744,0.0103850884844899,-0.0258704397067956,0.000770452816893082
5.29761753397653,0.00296358553097909,5.17243251569856e-05,0.999999998662297,-0.000244891082427534,0.0102949477040223,-0.0242717258119376,-0.00136053486614859
5.3,0.00298390439659249,5.20789562617321e-05,0.999999998643891,0.00014885043552767,0.0102183793518114,-0.0321382766664891,0.000117688339044159
5.30272373763741,0.00298124751201459,5.2032584878065e-05,0.999999998646305,-1.7024908380653e-05,0.0101404056545202,-0.0286274625793954,0.000448343636329503
5.30686159142361,0.00296890077399945,5.18170936481102e-05,0.999999998657494,-5.20780195192462e-05,0.0100256296147931,-0.0277380607575053,0.000497653083643959
5.30971224171391,0.00296709637072328,5.17856008699495e-05,0.999999998659126,-1.10475768669899e-05,0.00994468160595673,-0.0283963308693782,0.000910180512336174
5.31256289200422,0.00295605479226942,5.15928889715698e-05,0.999999998669087,-6.76027849829962e-05,0.00986743055590277,-0.0270994482615953,0.000823488928173667
5.316333501553,0.00294619076943517,5.14207292958486e-05,0.999999998677954,-4.565831431821e-05,0.00976419358378458,-0.0273793854236381,0.000963979395896849
5.31966007770968,0.00292431461408554,5.10389183578209e-05,0.999999998697514,-0.000114775949969337,0.00967839308200667,-0.0257924357467424,0.000378892481410672
5.32298665386637,0.0029007512226187,5.06276595943195e-05,0.99999999871842,-0.00012362824257202,0.00959374727770497,-0.0254453228529391,-0.00030660288798396
5.32622504276858,0.00289118700956072,5.04607325863087e-05,0.999999998726857,-5.15463130786165e-05,0.009507119761548,-0.0267501892986494,-0.000264423091380406
5.32971443659269,0.00289392192077432,5.0508465791675e-05,0.999999998724447,1.36795122113559e-05,0.00940972410224079,-0.0279119137066876,0.000476524136085909
5.33242138934136,0.00289425041387077,5.05141990777709e-05,0.999999998724158,2.11798529028242e-06,0.00933522154629973,-0.0275226658381132,0.000990016705892313
5.33512834209002,0.00288176349603119,5.02962612483209e-05,0.999999998735143,-8.05103930367258e-05,0.00926563861576523,-0.0257052623355975,0.000803450983749936
5.33870800914409,0.00287115831347899,5.01111658952432e-05,0.999999998744436,-5.1707421532508e-05,0.00917207542339226,-0.026137400758138,0.000869663160122807
5.34238692410223,0.00284925279076146,4.97288423999283e-05,0.999999998763521,-0.000103922895783636,0.00908048737963226,-0.0248953957354828,0.000352917811280601
5.34606583906037,0.0027991057591737,4.88536115896836e-05,0.999999998806662,-0.000237904605370722,0.00899960415338686,-0.0219856199900762,-0.00168916125359831
5.34906302783377,0.00280559270034563,4.89668300713815e-05,0.999999998801125,3.77748918713817e-05,0.00891735927121662,-0.0274406747082899,-0.000841236675210313
5.35194606728176,0.00281902548950331,4.92012764696269e-05,0.999999998789617,8.13191781650219e-05,0.00883609965989485,-0.0281853969700146,0.000385076241559409
5.35579678928988,0.00284214499139415,4.96047878985505e-05,0.999999998769682,0.000104788512015265,0.00872634999036603,-0.028501062735039,0.00228273334964984
5.35898005581403,0.0028456821903307,4.96665236662153e-05,0.999999998766618,1.93938419144324e-05,0.00864170137243912,-0.026591746963303,0.00306562843208828
5.36158718304991,0.00280007825008615,4.88705847580313e-05,0.999999998805833,-0.000305293465619085,0.00858998371606082,-0.0198370281536901,0.00108499609014283
5.36522365535159,0.00277433999672154,4.8421367493638e-05,0.999999998827686,-0.000123531056380524,0.0085049205800358,-0.0233916633946989,0.000361437679919575
5.36797433987318,0.0027604166403275,4.81783590819167e-05,0.999999998839423,-8.83447047805355e-05,0.00843902307014564,-0.0239567676237767,7.95167599109275e-05
5.37072502439478,0.00275627039978318,4.81059935329225e-05,0.999999998842907,-2.63081965634389e-05,0.00837000718335576,-0.025090440669607,0.000334338915731935
5.37440307737801,0.00274390845955928,4.78902369743293e-05,0.999999998853263,-5.8660535839223e-05,0.00828070630904494,-0.0242793876863205,0.000310554772886015
5.37750497884804,0.00274191035941592,4.7855363548083e-05,0.999999998854932,-1.12425963955229e-05,0.00820289175554022,-0.0250860816362358,0.000749706162160777
5.38060688031807,0.00273466799097786,4.77289603733406e-05,0.999999998860973,-4.07502224387451e-05,0.00812739323666894,-0.0243394316682055,0.000911235459714534
5.3842638656488,0.00272775318373437,4.76082742199382e-05,0.999999998866726,-3.3001541604608e-05,0.0080383838356879,-0.0243395564737579,0.00119235266297705
5.38859609118916,0.00269121411176623,4.69705471091841e-05,0.999999998896884,-0.000147205427216525,0.00794382549992757,-0.0218267342915047,7.5022516585338e-05
5.39074495922033,0.00269045009377777,4.69572124797556e-05,0.99999999889751,-6.20542036541121e-06,0.00789107047321513,-0.0245501473088866,0.000334011122922234
5.39289382725149,0.00268665498970329,4.6890975418273e-05,0.999999998900618,-3.08241644414115e-05,0.00783960675696287,-0.023949221406759,0.000495962660771751
5.3962732118183,0.0026732977593618,4.66578477701218e-05,0.999999998911523,-6.89852379322696e-05,0.00776173049536619,-0.0230445100452483,0.000370811045035252
5.40089399628859,0.00263592570096191,4.60055823034961e-05,0.999999998941743,-0.000141159032956559,0.0076628886056138,-0.0213907163140956,-0.000843866312499356
5.40379198358102,0.00265258151184407,4.62962810426698e-05,0.999999998928327,0.000100310563901406,0.00758713626179126,-0.0261396397493884,0.000560423251080253
5.40668997087346,0.00264998594971998,4.62509799377128e-05,0.999999998930423,-1.56319198236973e-05,0.00751861168623159,-0.0236455748921206,0.000938470417676775
5.40985876785923,0.00264077561129203,4.60902292070936e-05,0.999999998937845,-5.0729261455445e-05,0.00744638453631123,-0.0227932399092126,0.00100550726445944
5.41354249268175,0.0026283791389902,4.5873869950023e-05,0.999999998947794,-5.87338272328145e-05,0.00736358986497546,-0.0224758024349598,0.000999536638986741
5.41612758737218,0.00260985581442531,4.55505769482879e-05,0.999999998962573,-0.000125060410076909,0.00730934496964619,-0.0209837169717895,0.000445806319080479
5.41871268206261,0.00260179735074125,4.54099302244941e-05,0.999999998968969,-5.44067977315949e-05,0.00725167712235305,-0.0223078278357114,0.000460787659460081
5.42274291631485,0.00258358702729206,4.50921001227781e-05,0.999999998983351,-7.8861446295526e-05,0.00716437323124203,-0.0216622373904188,0.000184351052828177
5.42790474753919,0.0025371094444678,4.42809132749363e-05,0.9999999990196,-0.000157150982548056,0.00706184150987177,-0.0198634393327033,-0.00152406630903491
5.42983009689924,0.00255988227944374,4.46783742248867e-05,0.999999999001921,0.000206435755811442,0.00700963486961239,-0.027115411541698,0.000131485596939668
5.4317554462593,0.00255930443022878,4.46682888535156e-05,0.999999999002372,-5.23820330504936e-06,0.00696589503182906,-0.0227178706840674,0.000450478233629602
5.43509579021599,0.00255204757852353,4.4541632898056e-05,0.999999999008022,-3.79170400497085e-05,0.00689261886990047,-0.0219367115718271,0.000641295168954063
5.43958475681584,0.00257345200215201,4.49152105644909e-05,0.999999998991312,8.32213068417072e-05,0.00678383171850471,-0.0242343419082908,0.00256817063257519
5.44348164418011,0.00260860444580524,4.55287364457343e-05,0.999999998963567,0.000157439983381826,0.00668420950686984,-0.0255645602047487,0.00521618160260169
5.44580878133765,0.00252152323131539,4.40088825377742e-05,0.999999999031609,-0.000653100271530546,0.00666346460985837,-0.0089143422183705,0.000884635401616918
5.4481359184952,0.00250688416828538,4.37533826887396e-05,0.999999999042821,-0.00010979148712915,0.00661718987961958,-0.019884831492939,0.000487229483441567
5.45135259755983,0.00249343913422933,4.35187225766421e-05,0.99999999905306,-7.29510490808595e-05,0.00655119467041945,-0.0205165662704373,0.000321031495973092
5.4555530498971,0.00246241823699219,4.29773057834375e-05,0.999999999076476,-0.000128894878512628,0.00647046952829927,-0.019218202145483,-0.000626066626628635
5.4598363206942,0.00244036531956289,4.25924097649781e-05,0.999999999092943,-8.98603046700675e-05,0.00638551757248977,-0.0198334310002175,-0.00118285641784648
5.46184886409803,0.00245893568196165,4.29165237318288e-05,0.999999999079086,0.000161046945139307,0.00633558143992494,-0.0248124499922881,0.000262092277778181
5.46386140750186,0.00245600185138275,4.28653187285783e-05,0.999999999081282,-2.5442931168649e-05,0.00629346330092437,-0.0209278164736407,0.000466695632346694
5.46714308880881,0.00244858619186397,4.27358910538873e-05,0.999999999086822,-3.94394405499624e-05,0.0062260857338741,-0.0205314169012984,0.00063384243632064
5.47158365411591,0.00246189500755815,4.29681737070786e-05,0.999999999076868,5.23092528406181e-05,0.0061273303561627,-0.0222393706390092,0.00211502525950008
5.47569140627958,0.0024895317390439,4.34505256655442e-05,0.999999999056026,0.000117424795775868,0.00603125764845314,-0.023388146091051,0.00440687341043768
5.47776702879934,0.00242089112699433,4.22525209857952e-05,0.999999999107362,-0.000577178494375578,0.00601235539731916,-0.00910678649609839,0.00099060902090119
5.4798426513191,0.00240634004429542,4.19985566831946e-05,0.999999999118061,-0.000122355727213312,0.00597439509652108,-0.018288634102123,0.000551385035346524
5.48321497672296,0.00239196335600045,4.17476361371343e-05,0.999999999128567,-7.44057931044861e-05,0.00590980300461805,-0.0191535762916604,0.000357600148835757
5.4877220768433,0.00234053386527343,4.08500221920895e-05,0.999999999165638,-0.000199155537228924,0.00583566019488703,-0.0164502247013465,-0.00163202090566107
5.49162543133419,0.00228270878154333,3.98407840915793e-05,0.999999999206356,-0.000258556609112926,0.00577684206730712,-0.0150686102728068,-0.00416042567168418
5.49389753078332,0.00235323798447909,4.1071750900608e-05,0.999999999156556,0.000541775057649541,0.005705836422643,-0.0312511165351551,8.05468852206667e-05
5.49616963023244,0.00235320660549907,4.10712032340913e-05,0.999999999156578,-2.41039852982062e-07,0.00566013308514546,-0.0201150251214123,0.000479935485326877
5.49942655500832,0.00234607078866203,4.09466597355705e-05,0.999999999161686,-3.82395993754953e-05,0.00559750409916551,-0.0192294849558353,0.000651197943532513
5.50370759066674,0.00235370456230453,4.1079894219872e-05,0.999999999156221,3.11220216424382e-05,0.0055097781088615,-0.0204917681849622,0.0017943511507777
5.50789907323579,0.00235872823789175,4.11675738993469e-05,0.999999999152615,2.0918536127665e-05,0.00542546713028854,-0.0201148345923234,0.00288063544697015
5.50988123355879,0.00231650403311779,4.04306225026183e-05,0.999999999182682,-0.000371792023475944,0.00540169971440751,-0.0119906627154436,0.000854182034051774
5.51186339388179,0.00230448804389732,4.02209039280074e-05,0.999999999191139,-0.000105803033361091,0.00536734486429527,-0.0173320239102751,0.000529684441484246
5.51521543014963,0.00229042641119698,3.99754821393778e-05,0.99999999920098,-7.3215731936385e-05,0.0053073738608609,-0.017890917234341,0.000341007095491209
5.51972600066859,0.00224039741358596,3.91023114102757e-05,0.999999999235505,-0.000193583212170747,0.00523843410151426,-0.0152840442371372,-0.00158413607618251
5.523658877422,0.00218019276184629,3.80515420131838e-05,0.99999999927604,-0.000267175775840127,0.00518486865022359,-0.0136199160689019,-0.00424647922714938
5.52592085308607,0.00225172457730024,3.93000077118504e-05,0.999999999227755,0.000551935955559257,0.00511657944912208,-0.0301900688792673,4.21362485575165e-05
5.52818282875014,0.00225205563273846,3.93057857192494e-05,0.999999999227528,2.55440741264079e-06,0.00507380950309747,-0.0189082255410525,0.000453360972881136
5.53144439740313,0.00224511656864588,3.91846762039202e-05,0.999999999232281,-3.71322907188477e-05,0.00501512353022141,-0.0179931741808299,0.000627248790824902
5.53573421210325,0.00225363761228668,3.93333964710438e-05,0.999999999226442,3.4668226400064e-05,0.00493228118066378,-0.019311405118558,0.00180756701666695
5.53990180378266,0.0022610646465581,3.9463022672638e-05,0.999999999221335,3.11033833605478e-05,0.00485277463719474,-0.0190773352058301,0.00300452357819546
5.54186230127913,0.00221709919841709,3.86956808460484e-05,0.999999999251322,-0.000391401584830046,0.00483247913586414,-0.0103522199681959,0.00087836099898825
5.54382279877561,0.0022045975222612,3.84774854352725e-05,0.999999999259742,-0.000111295939592245,0.00480113969138047,-0.0159854549878419,0.000519113632096526
5.54721004468145,0.00219049470972556,3.82313449229151e-05,0.999999999269182,-7.26668566086617e-05,0.00474466829155388,-0.016671774472922,0.000325027979885754
5.55175692508725,0.00213599722739682,3.72801844229092e-05,0.999999999305094,-0.000209189689588383,0.00468218917255565,-0.0137410957452475,-0.00184443523640679
5.55561697476452,0.00207424128537771,3.62023399027325e-05,0.999999999344695,-0.000279230738208102,0.00463526166876718,-0.0121572279405612,-0.00461055751734265
5.55794829885672,0.00215235087133938,3.75656093542057e-05,0.999999999294413,0.000584761877149651,0.00456614427467932,-0.0296472696863654,2.8578886329819e-05
5.56027962294893,0.00215296673403764,3.7576358186023e-05,0.999999999294009,4.61061242441063e-06,0.00452478725783871,-0.0177397115136992,0.0004608584759118
5.56346579496503,0.00214618489323452,3.74579927347457e-05,0.999999999298449,-3.71497366627489e-05,0.00447130029012298,-0.0167872190971978,0.000621854922611256
5.56762334735539,0.00214966474726671,3.75187276450536e-05,0.999999999296173,1.46083331364453e-05,0.00439768140375211,-0.0177072660687558,0.00149789539856446
5.57190435778116,0.00214564108436503,3.74485014794784e-05,0.999999999298805,-1.64041099273734e-05,0.00432524067983484,-0.0169214079650818,0.00208673955396131
5.57393647324875,0.00211430383450478,3.69015632912747e-05,0.999999999319137,-0.000269147200199289,0.00430155176215937,-0.011657269507254,0.000642341864810364
5.57596858871633,0.0021048872704163,3.6737213243817e-05,0.999999999325189,-8.0876333156688e-05,0.00427021662705984,-0.0154199579696135,0.000453893107536782
5.57929161250308,0.00209165815157004,3.65063215629671e-05,0.999999999333644,-6.94824039254104e-05,0.004218524648533,-0.0155557052383883,0.000284425460188887
5.58377987104908,0.00204846613226303,3.57524786159668e-05,0.99999999936088,-0.000167958895363683,0.00415834080806034,-0.0134091741498126,-0.00130976382378657
5.58789222581771,0.00199599673194422,3.48367148244269e-05,0.999999999393202,-0.000222685989811543,0.00410841272712277,-0.0121409955479362,-0.00357375843513872
5.58990362017031,0.00205154732642493,3.58062555989507e-05,0.999999999358956,0.000482024210655985,0.00405532870225144,-0.0263916545270129,-0.000169651685543907
5.59191501452291,0.00205454447151446,3.58585656488895e-05,0.999999999357082,2.60068593236344e-05,0.0040210770360944,-0.017028816906445,0.000330385977941949
5.59526662598595,0.00204819801922684,3.57477991607207e-05,0.999999999361047,-3.30487258028028e-05,0.00396835215543682,-0.0157312031060092,0.000528263027451552
5.59976738463353,0.00207348373645797,3.61891181798467e-05,0.999999999345174,9.80543623793582e-05,0.00388614479204371,-0.0182652236723203,0.0026037524353673
5.60360297306998,0.00211118416183488,3.68471147316376e-05,0.999999999321145,0.000171550353520031,0.00381089955926312,-0.0196176503364154,0.0053215572203568
5.6060132732303,0.00202005251848077,3.5256567503389e-05,0.999999999378487,-0.000659895914819116,0.00380471049854293,-0.00256775517924335,0.000763789261070299
5.60842357339061,0.00200526042629967,3.49983967917295e-05,0.999999999387556,-0.00010711143618919,0.00377157260825715,-0.0137484496044618,0.000338077746007314
5.61154888964955,0.00199339782405001,3.47913553247444e-05,0.999999999394781,-6.62465651338138e-05,0.00372629903750907,-0.0144860766070297,0.000196430927148195
5.61558593544479,0.00196968767753295,3.43775352021389e-05,0.999999999409093,-0.000102505679608775,0.00367129478043628,-0.0136248781566031,-0.000443744714102626
5.62001235053669,0.00196251164655096,3.42522898343519e-05,0.99999999941339,-2.82949893447045e-05,0.00360492776853876,-0.0149933999680371,-0.000242262217645706
5.62203590827502,0.0019652634303684,3.43003175222411e-05,0.999999999411744,2.3734280968492e-05,0.00357266383481005,-0.0159441626584747,0.000328095094129462
5.62405946601335,0.00196018767086761,3.42117288069649e-05,0.999999999414779,-4.37786941535147e-05,0.00354332099777662,-0.0145006176387513,0.000390315270074957
5.62730722122356,0.00195342292110572,3.40936616506152e-05,0.999999999418811,-3.63534653250702e-05,0.00349602204388827,-0.0145635834066974,0.000539207314981548
5.63171938169328,0.0019635526201035,3.42704582502592e-05,0.999999999412768,4.0070301377352e-05,0.00342545821972044,-0.0159930321328884,0.00178181192171976
5.6359877739448,0.00198206196164443,3.45935072023332e-05,0.999999999401645,7.56839890126313e-05,0.00335471130715641,-0.0165746042995185,0.00356739355080078
5.63786001066484,0.00193135814655622,3.37085586862375e-05,0.999999999431867,-0.000472669138010854,0.00334478802017461,-0.00530023093533024,0.00102931313472472
5.63973224738487,0.00191655255645701,3.34501523914514e-05,0.999999999440544,-0.000138020097654513,0.00332221363696533,-0.0120574406898969,0.000509989724711114
5.64303834319514,0.00190281917746296,3.32104597107142e-05,0.999999999448533,-7.25002222035592e-05,0.00327821714691769,-0.0133076875482696,0.000288592536576531
5.64748447942141,0.00185148360194127,3.23144848949353e-05,0.999999999477887,-0.000201517625790697,0.00323129948263831,-0.0105524576602457,-0.00176947221662806
5.65045131719921,0.00186267719632954,3.25098499720408e-05,0.999999999471555,6.5849598744454e-05,0.00318418481941209,-0.0158804312048132,-0.000732477173633413
5.65341815497701,0.00187358682313968,3.27002588799403e-05,0.999999999465347,6.417907626273e-05,0.00313745497756991,-0.0157507236128015,0.000309031894554921
5.65704282734959,0.00188997513778957,3.29862889292795e-05,0.999999999455952,7.89119733019648e-05,0.00307965876308804,-0.0159452244343723,0.00173931651803496
5.66021491012541,0.00188565536556435,3.29108946810541e-05,0.999999999458437,-2.37680582742219e-05,0.00303606024239307,-0.0137444460867671,0.00201801094244695
5.66307773048092,0.00185441025670407,3.23655646565885e-05,0.999999999476235,-0.000190486987318922,0.00300671207440296,-0.0102514878146784,0.000786910348864172
5.66620455172513,0.00183301740117117,3.19921888913293e-05,0.99999999948825,-0.000119410652637386,0.00297042488458078,-0.0116051372905564,0.000116254297789017
5.66933137296935,0.00181847631536945,3.17383990674032e-05,0.999999999496337,-8.11654406289546e-05,0.00293200847333756,-0.01228609128656,-0.000194858684319288
5.67267425301762,0.00180824083699285,3.15597562693043e-05,0.999999999501991,-5.34397871322887e-05,0.00288938745383912,-0.0127497902655829,-0.000245878191149545
5.67658239991682,0.00180992936447649,3.15892266333896e-05,0.99999999950106,7.54075137400178e-06,0.00283514423989541,-0.0138795227873508,0.000400865466292819
5.67905419618401,0.00180786695276493,3.1553230758509e-05,0.999999999502197,-1.45626382628239e-05,0.00280219472966907,-0.0133301885206855,0.000698435467606402
5.68152599245119,0.00179675596185366,3.13593073840441e-05,0.999999999508297,-7.84544329705211e-05,0.00277265147772797,-0.0119521387475448,0.000482115997294884
5.68514654055711,0.00178865547890911,3.12179272857294e-05,0.999999999512721,-3.90493633140011e-05,0.0027268096003172,-0.0126615849505799,0.000595082822445922
5.69024146910367,0.00177429512356097,3.09672918032692e-05,0.999999999520513,-4.91931300490978e-05,0.00266403079681627,-0.0123218221663606,0.000670511609101349
5.69232867485327,0.00176344230151358,3.07778743254994e-05,0.999999999526361,-9.07517037531971e-05,0.0026403069630668,-0.0113663129540348,0.000328192725390595
5.69441588060288,0.00175805687945955,3.06838809790915e-05,0.99999999952925,-4.50331005795996e-05,0.0026147705937766,-0.0122347158611667,0.000339757258468456
5.69787940824666,0.0017455489507956,3.0465576441403e-05,0.999999999535924,-6.30295352722988e-05,0.00257395459959594,-0.011784515204868,0.000183742121913364
5.70255061152815,0.00169981870041315,2.96674330048285e-05,0.999999999559922,-0.000170864633551262,0.00252973904992313,-0.00946555887387981,-0.00159180561520206
5.70594950916668,0.00171583837473388,2.99470290666983e-05,0.999999999551588,8.22608068053052e-05,0.00248044324421913,-0.0145034687556359,-0.000264682327800773
5.70843845051046,0.0017248875955076,3.01049677638684e-05,0.999999999546845,6.34561749058356e-05,0.0024455156162629,-0.0140331261897745,0.000624786025839374
5.71092739185424,0.00171519002024501,2.99357131461525e-05,0.999999999551927,-6.80026543072808e-05,0.00241743723305649,-0.0112812554930501,0.000479396660727008
5.71438988267672,0.00170755812715711,2.98025114836679e-05,0.999999999555905,-3.84698962028077e-05,0.00237659416393796,-0.0117958635018916,0.000580454454888451
5.71911543141721,0.00170291290985712,2.97214371473483e-05,0.999999999558318,-1.7156597213969e-05,0.00231936378473548,-0.0121108430672114,0.00106664675145428
5.72139279278056,0.0016828948730487,2.93720564954085e-05,0.999999999568641,-0.000153414674418673,0.00229833671635347,-0.00923308383130762,0.000286058039851247
5.72367015414391,0.00167714933016233,2.92717778547699e-05,0.999999999571581,-4.40328189875601e-05,0.00227238346564501,-0.0113961934746516,0.000302124453388111
5.72741740322067,0.00166358625443658,2.90350575267589e-05,0.999999999578483,-6.31717623415325e-05,0.00223146442874984,-0.0109197536798283,0.000117246610302378
5.73239171986186,0.00160589201208469,2.80281030386848e-05,0.999999999607213,-0.000202430717848929,0.00219187988669423,-0.00795778494031294,-0.00229943123976778
5.73490641375037,0.0016451129183891,2.87126369890374e-05,0.999999999587792,0.000272213629561984,0.00214781452485643,-0.0175231514416815,0.000191965092023324
5.73742110763888,0.00164252408397229,2.86674533046937e-05,0.999999999589089,-1.79678666134081e-05,0.00211879654561057,-0.0115393684211286,0.000424612350707987
5.74078228463376,0.00163681901206876,2.85678810159549e-05,0.999999999591938,-2.9624232502873e-05,0.00208108613789866,-0.0112194055146091,0.000601782862972032
5.74500770291715,0.00164151596786478,2.86498583593825e-05,0.999999999589593,1.94010007916094e-05,0.00202990591862212,-0.012112462209393,0.00147459403451638
5.74798090163842,0.00161065760625231,2.81112783476908e-05,0.999999999604878,-0.000181144976303253,0.00200633989575965,-0.00792615128410824,0.000240460137733201
5.75095410035969,0.00159511464424457,2.78400024852495e-05,0.999999999612467,-9.1240407379151e-05,0.00197757106047126,-0.00967605531464105,-0.000181696390477222
5.7540934557289,0.00158683133287638,2.76954314289624e-05,0.999999999616482,-4.60511918339683e-05,0.00194456726583052,-0.0105129208895418,-0.000190331234646176
5.75770792015013,0.00158014498727879,2.75787326834028e-05,0.999999999619707,-3.2286594085313e-05,0.00190588829298245,-0.0107011629775262,-5.4442308648461e-05
5.76043848320672,0.0015832111593147,2.76322474808416e-05,0.999999999618229,1.95984477744146e-05,0.00187401674352919,-0.0116721528830582,0.000504373961774238
5.7631690462633,0.00157523244089598,2.74929925743983e-05,0.999999999622068,-5.0998604906974e-05,0.0018462747352571,-0.0101598123526995,0.000464150548547221
5.76695239639144,0.00156927015149286,2.73889309933963e-05,0.999999999624923,-2.75051416116716e-05,0.00180635688887645,-0.010550925774403,0.000677444433954023
5.77189891459062,0.00154792474697598,2.70163834045445e-05,0.999999999635057,-7.53151153981275e-05,0.0017595631051219,-0.00945994371604241,0.000329204432338352
5.77391170047807,0.00154398616798419,2.6947642233313e-05,0.999999999636912,-3.41522522017409e-05,0.00173901932779178,-0.0102066382013847,0.000301024006798742
5.77592448636553,0.00153916495813343,2.6863496247518e-05,0.999999999639176,-4.18057312254932e-05,0.00171889699307122,-0.00999725546863422,0.000306411541138454
5.77921156391043,0.00152793001244153,2.66674094539819e-05,0.999999999644425,-5.96538386843417e-05,0.00168746014364096,-0.00956376872795088,0.000156487111955594
5.78366845864232,0.00149231165791327,2.6045751893537e-05,0.999999999660809,-0.000139482217565758,0.0016525369578504,-0.00783576635559791,-0.00115031580891421
5.78797255018513,0.00145546065064637,2.54025804842662e-05,0.999999999677354,-0.000149432558087131,0.00162017336407369,-0.00751926241688487,-0.0026815378353082
5.78987413256065,0.00149284763903465,2.60551065288305e-05,0.999999999660566,0.000343148975917127,0.0015869420186026,-0.0174756276135955,-0.000289333628675346
5.79177571493616,0.00149659115074945,2.61204431338184e-05,0.999999999658861,3.43590716086469e-05,0.00156576804342786,-0.0111349239703567,0.000189735179999629
5.79496424568157,0.00149249292386539,2.60489155812222e-05,0.999999999660727,-2.2432762401151e-05,0.00153416165679896,-0.00991252371469762,0.000402829389602796
5.79928247682252,0.00150898667280191,2.63367858060631e-05,0.999999999653187,6.66639222273041e-05,0.00148393061078886,-0.0116323198945467,0.00186983141966745
5.80319680071738,0.00154472080055965,2.69604639905425e-05,0.999999999636567,0.000159332288653849,0.00143141516256122,-0.0134162245225993,0.00437957339048251
5.80569042438076,0.00146754051504994,2.56134138912342e-05,0.999999999671977,-0.000540197833198922,0.00143370503115527,0.000918289566976797,0.000533876019954864
5.80818404804415,0.00145484094946325,2.53917646582456e-05,0.999999999677629,-8.88864010697998e-05,0.00141321896466402,-0.00821538020835462,0.000170894599598136
5.81130104171816,0.00144495826636816,2.52192792993604e-05,0.999999999681994,-5.53370898306733e-05,0.00138569893647634,-0.00882902920757385,5.36918774589534e-05
5.81527910395491,0.00142597134716556,2.48878950445689e-05,0.999999999690296,-8.33029337334624e-05,0.00135319328749965,-0.00817122685422337,-0.000446183895964418
5.81865212672144,0.00143315308503051,2.50132400162883e-05,0.999999999687169,3.71610215626511e-05,0.00131765753444883,-0.0105352840791371,0.000374529212100013
5.82202514948797,0.0014516325882772,2.53357681919738e-05,0.999999999679049,9.56199225774384e-05,0.00127838263717463,-0.0116438281009819,0.00181560337467938
5.82492776123891,0.00143297123749426,2.50100661780451e-05,0.999999999687248,-0.00011220998258771,0.00125709923892357,-0.00733249916877937,0.00121689544006179
5.82788875758645,0.00141262233679965,2.46549108618724e-05,0.999999999696068,-0.000119944530353117,0.00123606464659896,-0.00710388999369412,0.000518403911258699
5.8310064309836,0.00139636373693309,2.43711447625217e-05,0.999999999703024,-9.10185459756787e-05,0.00121230780343557,-0.00762005512991974,5.25668162070971e-05
5.83412410438075,0.00138569469086376,2.41849347806199e-05,0.999999999707544,-5.97272254774332e-05,0.00118679611229374,-0.00818292614137563,-0.000118954765812345
5.83773078328057,0.00137303787936139,2.39640317471633e-05,0.999999999712863,-6.12483228079915e-05,0.00115768376030132,-0.00807178925573481,-0.00033983425862783
5.84116939382659,0.00137952767825498,2.40773001056161e-05,0.999999999710142,3.2940153288534e-05,0.00112361553762503,-0.00990755487436462,0.000441214192514507
5.84460800437261,0.0014015551734007,2.44617524217626e-05,0.999999999700811,0.000111804553354965,0.00108430008465486,-0.011433528875683,0.00206989625345948
5.84749638630905,0.00137942921357484,2.40755815727513e-05,0.999999999710183,-0.000133697986493226,0.00106593890807846,-0.00635690742445307,0.00127608840621988
5.85042400291815,0.00135761875326813,2.36949172291322e-05,0.999999999719275,-0.000130025339569532,0.00104730741509436,-0.00636404812234664,0.00048463837128996
5.85367608262182,0.0013394898763673,2.33785086376115e-05,0.999999999726723,-9.72942302895504e-05,0.00102467482714169,-0.00695941982208057,-7.26175237605788e-05
5.85692816232548,0.0013251572704606,2.31283574742165e-05,0.99999999973254,-7.69203667366065e-05,0.00100093575421869,-0.00729965901396949,-0.000435403594362063
5.86032121134737,0.00131785704502464,2.30009445042551e-05,0.999999999735478,-3.7551172757474e-05,0.000973703902964576,-0.00802577595504046,-0.000410067856854184
5.86441653406967,0.0013408162368327,2.34016579947947e-05,0.999999999726181,9.78466210893495e-05,0.000929885708960436,-0.0106995704552268,0.00127470917621271
5.86666308488511,0.001322578703167,2.3083352984971e-05,0.999999999733579,-0.000141686093953826,0.000916975414059036,-0.00574671839720741,0.000642905659994238
5.86890963570056,0.00131173695695159,2.28941288168963e-05,0.999999999737929,-8.42287505020607e-05,0.000901548212520427,-0.00686706102195461,0.000352437363063477
5.87236872153383,0.00130556681306852,2.27864394908431e-05,0.999999999740389,-3.11323081507635e-05,0.000874273028365553,-0.00788508451930629,0.000455645739914533
5.87717743124394,0.0013109710123084,2.28807605609882e-05,0.999999999738235,1.96146317527577e-05,0.000831826309691785,-0.00882704950655654,0.00138050777273899
5.87933984498138,0.00128746491662455,2.24705017971217e-05,0.999999999747538,-0.000189722603435398,0.000822129036539683,-0.00448446704911034,0.000356439565539906
5.88150225871882,0.00128078420560169,2.23539013934278e-05,0.999999999750152,-5.39214127732638e-05,0.000806551055342228,-0.00720397809527613,0.000260249771531844
5.88555268750205,0.00126745249162918,2.21212190897309e-05,0.999999999755326,-5.74463386983262e-05,0.000777938346173621,-0.00706411856619512,4.58736825333116e-05
5.88939093605785,0.0012473935689637,2.17711248448997e-05,0.999999999763009,-9.12119785431151e-05,0.000753794775767893,-0.00629025714585065,-0.000565282831752242
5.89322918461366,0.00123685056848826,2.15871147736071e-05,0.999999999766998,-4.79411556235338e-05,0.000726585178549032,-0.00708906596934228,-0.00069805789386108
5.89552285121065,0.00124877759583214,2.17952806706843e-05,0.999999999762483,9.07568246402386e-05,0.000703994232971338,-0.00984927173257895,0.000252460737938364
5.89781651780764,0.00124392390861245,2.17105678478587e-05,0.999999999764326,-3.69333637926328e-05,0.000687483442746927,-0.00719842641736972,0.000276300983720868
5.90166608891161,0.00123902177461163,2.16250094691906e-05,0.999999999766179,-2.22254314512976e-05,0.000658870233157774,-0.00743283051964859,0.000478747452232477
5.9067011797673,0.00128377209796311,2.24060499528167e-05,0.999999999748984,0.000155119441972532,0.000603722615915422,-0.010952655835405,0.00352742332541465
5.90923896291483,0.0012216243429879,2.13213670060359e-05,0.9999999997727,-0.000427413566874728,0.000606251970392934,0.000996678727248404,0.000472168140254893
5.91177674606236,0.0012098528120996,2.1115915034081e-05,0.999999999777059,-8.09572607498652e-05,0.000590999899187967,-0.00600999782814994,0.000131245064347607
5.91502244258015,0.001199621621345,2.09373470690532e-05,0.999999999780814,-5.50168397102364e-05,0.000569972357475024,-0.00647859145107682,-3.41800009897478e-05
5.91906803306915,0.00117886757801228,2.05751206798738e-05,0.999999999788332,-8.95360986838019e-05,0.000546912159048603,-0.0057000822226359,-0.000681985401350845
5.92226076436057,0.00119083257532513,2.07839492779305e-05,0.999999999784014,6.54075081929509e-05,0.00051886981683407,-0.00878318269059943,0.000330007882875613
5.92545349565199,0.00120004947383339,2.09448145036869e-05,0.999999999780657,5.0384830763445e-05,0.000492012288922401,-0.00841208528379651,0.00120786786663961
5.9284428046369,0.00118835346737544,2.07406806817055e-05,0.999999999784912,-6.82879632236718e-05,0.000474281500881417,-0.00593140024349759,0.000944064779649214
5.9316666959243,0.00117287888195802,2.04705982158477e-05,0.999999999790477,-8.37753019062784e-05,0.000456378090263081,-0.00555335432317315,0.000498048339827946
5.93465201473392,0.00115700868387181,2.01936110063568e-05,0.999999999796109,-9.27831254257532e-05,0.000440532778926962,-0.00530774511757316,-1.08505994985929e-05
5.93763733354353,0.00114953974901735,2.00632535015559e-05,0.999999999798733,-4.36661921693484e-05,0.000421876846441646,-0.00624922618825392,-7.17130464137198e-05
5.94128018293878,0.00113829908547897,1.98670669127414e-05,0.99999999980265,-5.38552565773194e-05,0.000400106777895493,-0.00597610995792292,-0.000263019172708283
5.94480404049582,0.00114344920355406,1.99569534300005e-05,0.99999999980086,2.55079882832655e-05,0.000373597169501253,-0.00752289443177574,0.000405373647175567
5.94832789805286,0.00116999444731334,2.042025533425e-05,0.999999999791507,0.000131475775295769,0.000339720951742062,-0.00961339021536082,0.00223362435642008
5.95123544568558,0.00114722614273286,2.00228734543049e-05,0.999999999799542,-0.000136672526205382,0.000327837633714832,-0.00408705876165232,0.00136773934718217
5.95411557278989,0.00112374587301598,1.96130654385695e-05,0.999999999807664,-0.000142288170269763,0.000316556469834888,-0.00391689792547072,0.00043771709615556
5.95739157371283,0.001105681770423,1.92977873719636e-05,0.999999999813798,-9.62386989752764e-05,0.000300843962760653,-0.00479624622942271,-0.000160531061760537
5.96066757463576,0.00109105770230977,1.90425492333988e-05,0.999999999818691,-7.79114977729289e-05,0.000284112445843589,-0.00510729920736748,-0.000584486866099619
5.96400172594651,0.00108663115896997,1.8965291477651e-05,0.999999999820159,-2.31716405649556e-05,0.000263573573942473,-0.00616014991129238,-0.000461529555230278
5.96803999088923,0.00111063463747886,1.93842312094858e-05,0.999999999812126,0.000103742507699261,0.000228533673580639,-0.00867696915850078,0.00121869341486138
5.97031948402184,0.00109362747348076,1.90874002013473e-05,0.999999999817836,-0.000130217987475723,0.000219756723544194,-0.00385039547207978,0.000619376679716656
5.97259897715445,0.00108304755471497,1.8902745784324e-05,0.999999999821343,-8.10067880507164e-05,0.000208790295927083,-0.00481090618796709,0.000313257598676199
5.97608913801494,0.00107770346769217,1.88094738702795e-05,0.999999999823102,-2.67242450389983e-05,0.000188325136181711,-0.00586367235306546,0.000413954787727493
5.98097189118792,0.00108175643676301,1.88802115250347e-05,0.999999999821769,1.44872477189931e-05,0.000155969638687711,-0.00662648639972304,0.00121201926045556
5.98316875456253,0.0010601773636254,1.85035856493206e-05,0.999999999828809,-0.000171438005719148,0.000149876557269479,-0.00277353680190716,0.000256788229845458
5.98536561793714,0.00105477601255185,1.8409314289047e-05,0.999999999830549,-4.29117993314101e-05,0.000138117746410166,-0.00535254535863961,0.000200278866702011
5.98921819641195,0.00104325365354368,1.82082111867913e-05,0.99999999983423,-5.2199612182911e-05,0.000118436018354673,-0.00510871567812703,1.28296054909471e-06
5.99426933182069,0.000965814985072205,1.68566514538116e-05,0.999999999857927,-0.000267575430832615,0.000115201285822062,-0.000640397112897401,-0.00363709492871633
5.99721353727804,0.00102068985129167,1.78143985457887e-05,0.999999999841324,0.000325299000356919,7.79568233456497e-05,-0.0126500894777722,-0.000387223827871995
6,0.00103625118506581,1.80859950561055e-05,0.999999999836448,9.74699959988091e-05,5.57847236932779e-05,-0.00795707743642671,0.000769640891452998
6.00270079777503,0.00102661707630112,1.79178481376936e-05,0.999999999839475,-6.22582408773901e-05,4.32146005690031e-05,-0.00465422596259468,0.000553505096974197
6.00588702414958,0.00101858375249204,1.77776401873687e-05,0.999999999841978,-4.40043907323093e-05,2.73636995295369e-05,-0.00497481948115218,0.000465830776319108
6.01034415581796,0.00100040650598301,1.74603873868888e-05,0.999999999847567,-7.11786916190228e-05,7.95376795875393e-06,-0.0043548032714563,3.09074988291908e-06
6.01273921223173,0.000994601176542559,1.73590652740052e-05,0.999999999849331,-4.23046874037956e-05,-3.74437025293051e-06,-0.00488428503998426,-9.34039807968909e-05
6.0151342686455,0.000993777677964129,1.73446925124283e-05,0.999999999849581,-6.00101170747806e-06,-1.71158702037687e-05,-0.00558295824431239,0.000107171440101013
6.01882693309017,0.00098403634232144,1.71746741319468e-05,0.999999999852515,-4.60421961037491e-05,-3.45276149239867e-05,-0.00471522527462641,-3.19737007234274e-05
6.02397313505308,0.000962756837088356,1.68032767024877e-05,0.999999999858825,-7.21692293052189e-05,-5.56694632093842e-05,-0.00410824301839407,-0.000718151564784865
6.02604659552695,0.000973060143853445,1.69831033293559e-05,0.999999999855787,8.67277814844122e-05,-7.07750140872638e-05,-0.00728518873076552,0.000117579896650582
6.02812005600081,0.000970244571252678,1.69339623171506e-05,0.99999999985662,-2.36999995089158e-05,-8.11436172956708e-05,-0.00500062737587955,0.000190690580247674
6.03163487106049,0.000966601554621061,1.68703796822331e-05,0.999999999857695,-1.80898948727482e-05,-9.89588540790396e-05,-0.00506861285185961,0.000356034738435376
6.03634506648471,0.000997531253663938,1.74102047671029e-05,0.999999999848442,0.000114607789344139,-0.000135249769434277,-0.00770475788936482,0.00250812366776933
6.04049717802225,0.00101924359608942,1.77891566306894e-05,0.999999999841773,9.12672649130421e-05,-0.000164964433986668,-0.00715651886606091,0.00427091876138708
6.04232506509515,0.00095965131001421,1.67490750300417e-05,0.999999999859734,-0.000569007580512143,-0.000153365690580318,0.00634543762483105,0.00110188634856789
6.04415295216806,0.000943118437032582,1.64605219617381e-05,0.999999999864526,-0.00015786154003754,-0.000157025864314467,-0.00200240692568246,0.000374914320850495
6.04722539891787,0.00093234490090285,1.62724882842168e-05,0.999999999867603,-6.11999793187887e-05,-0.000169108541708288,-0.00393259131165454,0.000105493371949933
6.05,0.000926930986392681,1.61779976506053e-05,0.999999999869136,-3.40555744147926e-05,-0.000181424901532042,-0.00443896598435896,8.98007366133989e-05
6.05414439191948,0.000912219068802564,1.59212262494088e-05,0.999999999873257,-6.19563511893998e-05,-0.000197237840132314,-0.00381550271004992,-0.000290843758424287
6.05923265685822,0.00089127191751695,1.55556294906067e-05,0.999999999879011,-7.1850967520115e-05,-0.000215257046120192,-0.00354132620938777,-0.00106852959380569
6.0611066480112,0.000901791612665995,1.57392328072412e-05,0.999999999876138,9.79744842255634e-05,-0.000228275261477611,-0.00694678592088739,-0.000182865366079614
6.06298063916419,0.000903158887626239,1.57630962570746e-05,0.999999999875762,1.27340248102769e-05,-0.00023798457464461,-0.00518108804918104,9.61679134233581e-05
6.06607841162842,0.000901173546034249,1.57284455095218e-05,0.999999999876308,-1.11856980966563e-05,-0.000252405597662289,-0.00465528801233784,0.000294311883528541
6.07027413734411,0.000913252937381792,1.5939270660147e-05,0.99999999987297,5.02476007578593e-05,-0.000276954871929873,-0.00585101980707979,0.00135276917846123
6.07433864423233,0.000944360140308152,1.64821937722266e-05,0.999999999864169,0.000133576624934245,-0.000307381284732671,-0.00748588048674469,0.00348142659130516
6.07670363264449,0.000883040087594101,1.54119569550061e-05,0.999999999881236,-0.000452533641118837,-0.000296725752098028,0.0045055327036168,0.000370999152176986
6.07906862105664,0.000874479196953429,1.52625412264407e-05,0.999999999883527,-6.31782074765871e-05,-0.000304748990888893,-0.0033925065973374,0.000127011852440299
6.08239530151881,0.000865502832619836,1.5105874113979e-05,0.999999999885906,-4.70941270919674e-05,-0.000316983214152554,-0.0036776069727124,-3.70375794660946e-05
6.08672335464917,0.00083782149674048,1.46227436615872e-05,0.999999999893088,-0.000111627662113733,-0.000326962547986651,-0.00230573274715904,-0.00112312851246198
6.09003665033174,0.000853650330278736,1.48990089235498e-05,0.99999999988901,8.3380805234332e-05,-0.000347581052665608,-0.00622295945012777,2.28136927960358e-05
6.09334994601432,0.000882631760316771,1.54048302995918e-05,0.999999999881346,0.000152664121937571,-0.000372716197732381,-0.00758614608377706,0.00189451054032579
6.09608612297681,0.000861158710160994,1.5030054873971e-05,0.999999999887049,-0.000136970463095905,-0.000377204394536948,-0.00164031671419628,0.00102530877750831
6.0988703939277,0.000844425261153903,1.4738001093615e-05,0.999999999891396,-0.000104894166386458,-0.000383480247298439,-0.0022540380847168,0.000392068145077246
6.10343798724953,0.000814889047675006,1.42224969198904e-05,0.99999999989886,-0.000112861224162572,-0.000392792848897771,-0.00203884210856108,-0.000718615609665363
6.1057700790503,0.000821110266336313,1.43310776690057e-05,0.99999999989731,4.65593803341912e-05,-0.000405008882393246,-0.00523823011231299,-0.000213902703709233
6.10810217085108,0.000822507547565388,1.43554648270268e-05,0.99999999989696,1.04572032780222e-05,-0.000415432023295115,-0.00446943850942113,6.96543955843736e-05
6.1117627237338,0.000813974398844515,1.42065332863004e-05,0.999999999899087,-4.06855318071257e-05,-0.000427823283607361,-0.00338507889634374,-5.39281996158767e-05
6.11693817988742,0.000796495807023679,1.39014743104448e-05,0.999999999903375,-5.89433987711286e-05,-0.000443097807256761,-0.00295133862523317,-0.000597845701218416
6.11901658657349,0.00080490084175739,1.40481698402782e-05,0.999999999901324,7.05807630580458e-05,-0.000454612168458752,-0.00553999430388852,0.000110608089769438
6.12109499325956,0.000802139364930027,1.3999972977428e-05,0.999999999902,-2.31893320869496e-05,-0.000462096047409093,-0.00360077698003059,0.00016118533024146
6.12460396332142,0.000799275409018306,1.39499875171414e-05,0.999999999902699,-1.42450517987632e-05,-0.000475236246890142,-0.00374474539520272,0.000324137034110823
6.12931218416839,0.000829855675394872,1.44837138514954e-05,0.999999999895111,0.00011336051382379,-0.000504846043952043,-0.00628895670452223,0.0023998927400026
6.13350838747042,0.000847888911008801,1.47984531877126e-05,0.999999999890503,7.50057405699366e-05,-0.000527703179561093,-0.00544709919035138,0.00392857453205529
6.13534376303831,0.000793775393290313,1.38539941337857e-05,0.999999999904033,-0.00051458626264207,-0.000515577924218355,0.00660641644951891,0.0010213443426487
6.13717913860619,0.000778425184815722,1.35860824550618e-05,0.999999999907709,-0.00014597103908138,-0.00051719274795947,-0.000879832863294435,0.000334216679818389
6.14020016479049,0.000768527503411466,1.34133353262598e-05,0.999999999910041,-5.7181605944335e-05,-0.000525218989996713,-0.00265679327076913,6.86593629237206e-05
6.14431198452637,0.000742006539578921,1.29504571866198e-05,0.999999999916143,-0.000112572575991364,-0.000531309146984746,-0.00148113423720604,-0.000991184117677413
6.14823798780808,0.000695117029150428,1.21320808450588e-05,0.999999999926406,-0.00020845024390025,-0.00052924808612205,0.000524976856819874,-0.00321031371675129
6.15157505913339,0.000756533452637756,1.32039996496257e-05,0.999999999912827,0.000321215431184611,-0.00056335542170438,-0.0102207391624057,0.000326967295188179
6.15429845732488,0.000774906050881592,1.35246619810982e-05,0.999999999908542,0.000117743462010814,-0.000579792408968155,-0.00603546969924673,0.00161259010437856
6.15656370589727,0.000749122215576223,1.30746491612673e-05,0.999999999914527,-0.000198659354808217,-0.000578787621950093,0.000443565898378881,0.000444658074190503
6.159489382149,0.00074188851288564,1.2948397232217e-05,0.99999999991617,-4.31530758013752e-05,-0.000586663977872069,-0.00269214883817956,0.000310834950603515
6.16380358540053,0.000735644725253899,1.28394225802569e-05,0.999999999917575,-2.52595080981308e-05,-0.000599654092272199,-0.00301101122101833,0.000361335719875747
6.16650685647555,0.000723142293895223,1.26212139885611e-05,0.999999999920352,-8.0720203656194e-05,-0.000604619871411677,-0.00183695197472631,-9.31396077809457e-05
6.16921012755057,0.000720698416964261,1.25785602896056e-05,0.99999999992089,-1.57785504209968e-05,-0.000613071801316483,-0.00312655655694625,-1.009861225578e-06
6.17302810215466,0.000711357376757776,1.2415528382454e-05,0.999999999922927,-4.27011502355331e-05,-0.00062276038664982,-0.00253762435270769,-0.000186294467094267
6.17679596064415,0.000714605622403292,1.24722209638774e-05,0.999999999922222,1.50463669444678e-05,-0.000636579995619377,-0.00366776220712017,0.000287806479252101
6.17967232763822,0.000716767063027393,1.25099452193514e-05,0.999999999921751,1.31152441794713e-05,-0.000646900060426347,-0.00358788180655096,0.000656674443910378
6.18254869463228,0.000708252862107085,1.23613443801272e-05,0.999999999923599,-5.16626840532937e-05,-0.000653323374587754,-0.00223313442779064,0.00044508310897259
6.18620150803006,0.000701756511008372,1.22479616640977e-05,0.999999999924994,-3.10398325047315e-05,-0.000662872277017347,-0.00261412270207896,0.000406963309483391
6.18893307493937,0.000690687144934736,1.20547647800185e-05,0.999999999927341,-7.0727494697391e-05,-0.0006676999038325,-0.0017673470851863,3.06349959812312e-05
6.19166464184867,0.000686839699985396,1.19876141978681e-05,0.999999999928149,-2.45831730961603e-05,-0.00067500743693789,-0.00267521658740771,4.39683606507802e-05
6.19580316016552,0.000674485241655533,1.17719882227268e-05,0.99999999993071,-5.21022159740074e-05,-0.000683590851634628,-0.00207403085829195,-0.000287312272365703
6.19974388712556,0.000675186857424702,1.17842337279818e-05,0.999999999930566,3.10742291462384e-06,-0.000696011484512915,-0.00315186335014662,4.29895785373309e-05
6.20238959552108,0.000679345799392978,1.18568209587226e-05,0.999999999929708,2.74358394405071e-05,-0.000705560780193585,-0.00360935305525409,0.000500860471913536
6.20503530391659,0.000671679145595125,1.17230126073488e-05,0.999999999931286,-5.05756233792832e-05,-0.000710823973044625,-0.00198933218035617,0.000307982564413133
6.20866134509248,0.000667937643746609,1.16577110811272e-05,0.999999999932049,-1.80090415575693e-05,-0.000720313636376894,-0.00261708647860025,0.000400667674336671
6.21246977948054,0.000653225378141002,1.14009336058985e-05,0.999999999935009,-6.74233685240474e-05,-0.000726285271453998,-0.00156800261436219,-7.31735536352162e-05
6.21537867669064,0.000642919240251451,1.12210575665728e-05,0.999999999937044,-6.18365058457388e-05,-0.000731067714702168,-0.00164407433564871,-0.000409801439175075
6.21828757390075,0.000642852300719307,1.12198892513372e-05,0.999999999937057,-4.01635104742337e-07,-0.000739396996284963,-0.00286338119953674,-0.000192271676321332
6.22198195262286,0.000639000323654206,1.11526595688441e-05,0.999999999937809,-1.81978317747542e-05,-0.000748500377344204,-0.0024641169040798,-0.000121693777980929
6.22487441662132,0.000643542759987501,1.12319400389173e-05,0.999999999936922,2.74093195699212e-05,-0.000758210714766392,-0.00335711608765615,0.000352791373818955
6.22776688061978,0.000639185779350543,1.11558963813616e-05,0.999999999937773,-2.62902693347633e-05,-0.000764664551876156,-0.00223125927002198,0.000347701572577997
6.23151600808162,0.000637602559013458,1.11282639736966e-05,0.999999999938081,-7.37035695582672e-06,-0.000774339968726878,-0.00258071163202637,0.000558042615223778
6.23507476545464,0.000620978627174571,1.08381216284984e-05,0.999999999941268,-8.15291167122108e-05,-0.000778006266045317,-0.00103021839764344,-4.98193789155571e-05
6.23863352282767,0.000581474168372935,1.01486387532294e-05,0.999999999948503,-0.000193742591313879,-0.000773400055648832,0.00129433111439424,-0.00189913348894076
6.24157038295058,0.000592843528570314,1.03470715225084e-05,0.999999999946469,6.75662990352057e-05,-0.000785135290954457,-0.00399584413777803,-0.00109235809613757
6.244448048526,0.00060738165989944,1.06008097812751e-05,0.999999999943811,8.81750335924713e-05,-0.000797754192391721,-0.00438511741776009,-9.87554426466692e-05
6.2477045542519,0.000614333317712169,1.07221390985723e-05,0.999999999942518,3.7257516957315e-05,-0.000808551159524707,-0.00331550687816486,0.000517835567128888
6.25096105997779,0.000616999002602795,1.07686640767317e-05,0.999999999942018,1.42867791670518e-05,-0.00081771369618281,-0.00281360987184692,0.000911818213769334
6.2542863376743,0.000609517974015653,1.06380954964577e-05,0.999999999943415,-3.92654665859918e-05,-0.000823328341353865,-0.00168847407148826,0.000769716740532416
6.25836313067409,0.000570643445237002,9.95960697414499e-06,0.999999999950403,-0.000166427023001665,-0.000819493970958722,0.000940535954448036,-0.000955320026855812
6.26062897103928,0.000581156233275467,1.01430897389712e-05,0.999999999948559,8.09777986367264e-05,-0.000828713182730107,-0.00406878256430214,-0.000286713643981495
6.26289481140447,0.000583952642191269,1.01918962817816e-05,0.999999999948063,2.15401506490181e-05,-0.000835136121103578,-0.00283468265114344,1.97101611528897e-05
6.26637547042539,0.000577344703191696,1.0076565989474e-05,0.999999999949231,-3.31346137672694e-05,-0.000841024699795115,-0.00169179993103548,-8.38127985435843e-05
6.27123724795117,0.000555929377618812,9.70279804785889e-06,0.999999999952928,-7.68788657340342e-05,-0.000844715027529815,-0.000759049075184933,-0.00092375378663236
6.27340697385343,0.000570328480946417,9.95410981024835e-06,0.999999999950458,0.000115826502388741,-0.000854806306749205,-0.00465094655912811,4.02595559850488e-05
6.2755766997557,0.000568705040181494,9.92577542369075e-06,0.99999999995074,-1.30589705037961e-05,-0.000859153465789272,-0.00200355217012876,0.000114191709758554
6.2795030570741,0.00056727724279262,9.90085565820473e-06,0.999999999950987,-6.34679003117039e-06,-0.000867440887208566,-0.00211071503361481,0.000315804477714464
6.28349454459466,0.00057543078618777,1.00431618361473e-05,0.999999999949567,3.56524171043308e-05,-0.000879129274617252,-0.00292832868660874,0.00104266731597784
6.28748603211521,0.000571429699447429,9.97332969887392e-06,0.999999999950266,-1.74952663429858e-05,-0.000886342544818721,-0.00180716341071357,0.0011642683942268
6.28973832332123,0.000549174788612288,9.58490823008152e-06,0.999999999954065,-0.000172456149441917,-0.000883234850593044,0.00137979237204299,7.72858655565532e-05
6.29199061452724,0.000546290901091992,9.53457489759749e-06,0.999999999954546,-2.23476131114626e-05,-0.000886968258019245,-0.00165760422818884,7.07416279713486e-05
6.2955653127179,0.000538631527147025,9.40089360362233e-06,0.999999999955812,-3.73965260425395e-05,-0.000891700049427154,-0.00132368976499204,-9.29680075386294e-05
6.3,0.000513049246019909,8.95439856780217e-06,0.999999999959909,-0.000100682417369307,-0.000891686784055289,2.99127560101761e-06,-0.0011764821621504
6.30306717542327,0.000533130467739061,9.30488200460975e-06,0.99999999995671,0.000114269120104256,-0.000905005938516587,-0.00434248212875568,0.000106577369301614
6.30613435084654,0.000542503573532828,9.46847356184154e-06,0.999999999955174,5.33362245921757e-05,-0.000914431019574709,-0.00307288620879745,0.000828109619872354
6.30913703053408,0.00053608528220662,9.35645324585198e-06,0.999999999956228,-3.73067818253105e-05,-0.000918029483896433,-0.00119841764562875,0.000698403162550931
6.31245579144677,0.000526557914597831,9.1901693120379e-06,0.99999999995777,-5.01042220865043e-05,-0.0009210471004164,-0.000909259991713053,0.00041989388411186
6.31536849810065,0.000513909097007888,8.96940579861832e-06,0.999999999959775,-7.57932533763738e-05,-0.00092208997977602,-0.00035804476164133,-6.80107383192444e-05
6.31828120475453,0.000509531265567321,8.89299822588614e-06,0.999999999960457,-2.62324984335113e-05,-0.000925999242839834,-0.00134214101464865,-0.000113460224880332
6.32204445510923,0.00049988151012575,8.72457822142503e-06,0.999999999961941,-4.47538666294353e-05,-0.000929519461868882,-0.000935419835846631,-0.000388298831445118
6.32671373183151,0.000509888612739016,8.89923511060466e-06,0.999999999960402,3.74055554157109e-05,-0.000941533337599654,-0.00257296289025961,0.000353717207218141
6.32876774841722,0.000502651976533573,8.77293198205559e-06,0.999999999961518,-6.14908026705887e-05,-0.000942618713718166,-0.000528416433471296,0.000191981237637919
6.33082176500293,0.000498552347455796,8.70137995654062e-06,0.999999999962143,-3.48351741731315e-05,-0.000944784011892239,-0.00105417755101789,0.000119803344517387
6.33412127030997,0.000497068249214387,8.67547755580594e-06,0.999999999962368,-7.8503891720955e-06,-0.000950001432177102,-0.00158127349385736,0.000255477645534688
6.33860907542818,0.000514511648106362,8.97992229919777e-06,0.99999999995968,6.7838227236745e-05,-0.000963871628219587,-0.00309064134407032,0.00149211710342056
6.34305034937657,0.000519671834463196,9.06998454113735e-06,0.999999999958868,2.02784703195238e-05,-0.000973127160699676,-0.00208398144038143,0.00223592280885627
6.344912940928,0.000490875163223969,8.56738781441802e-06,0.9999999999633,-0.000269837327649177,-0.000965950573429512,0.00385301182358921,0.000647591158358676
6.34677553247943,0.000481085049405266,8.39651809414282e-06,0.999999999964749,-9.17376223200856e-05,-0.00096550412739177,0.000239690788568596,0.000215298129131694
6.34978158797365,0.000473399330336394,8.26237699101234e-06,0.999999999965867,-4.46236283371174e-05,-0.000967609341274735,-0.000700324357620127,-8.47761703586967e-06
6.35387419193433,0.000451796986207239,7.88534495982202e-06,0.999999999968911,-9.21252177892322e-05,-0.000966396091616381,0.000296449319311181,-0.000910408878704551
6.35793033491447,0.000409178228417343,7.14150731329936e-06,0.999999999974499,-0.000183385460075338,-0.000957518152597716,0.00218876382369698,-0.00299651657050896
6.36044272908457,0.000460840752688838,8.04318846170241e-06,0.999999999967654,0.000358893186092343,-0.000979714296014808,-0.00883465806488386,-3.53924021087955e-05
6.36295512325468,0.000462337041656912,8.06930363075573e-06,0.999999999967443,1.03945349678395e-05,-0.000984019503431697,-0.00171358756842993,0.000213289984428489
6.36617223574991,0.000460988690774645,8.04577046838876e-06,0.999999999967633,-7.31499517118212e-06,-0.000988298943770299,-0.0013302115934557,0.000341635857191078
6.37027316011848,0.00046713874457237,8.15310915633031e-06,0.999999999966763,2.61742666525597e-05,-0.000996435343563319,-0.00198404044106919,0.000936376277346589
6.37336119887951,0.000445368571821739,7.77314796311591e-06,0.999999999969789,-0.000123042883405985,-0.000993087029862082,0.00108428486827701,-4.2251108453027e-05
6.37644923764054,0.000432392545750225,7.54667358435001e-06,0.999999999971524,-7.33392280014886e-05,-0.000992793177487675,9.51582532305548e-05,-0.000560435787356611
6.37958735238755,0.000429766945883733,7.5008482218411e-06,0.999999999971869,-1.4602832020047e-05,-0.00099617607519461,-0.00107800318970491,-0.000522573624600323
6.3831075094992,0.000431732982364926,7.53516203165127e-06,0.999999999971611,9.74780634009858e-06,-0.0010016290378667,-0.00154906798166313,-0.000221263423680827
6.38592139284318,0.000439298913177344,7.66721243530223e-06,0.999999999970607,4.69281727465831e-05,-0.00100805292170938,-0.00228292471912021,0.00036245615404779
6.38873527618715,0.000435087573218277,7.59371068709785e-06,0.999999999971168,-2.61211071041422e-05,-0.00101022956449098,-0.000773536964942634,0.000309209128411123
6.39236890723607,0.000433604371387061,7.56782393167228e-06,0.999999999971364,-7.12421131309558e-06,-0.00101436054537588,-0.00113687406048711,0.000449312304279497
6.39608731224109,0.000419190112622401,7.31624765700147e-06,0.999999999973236,-6.76570396011114e-05,-0.00101390151669378,0.000123447736723798,-9.16204116018742e-05
6.39894637322828,0.000409854453442523,7.15330966647283e-06,0.999999999974415,-5.6990036681004e-05,-0.00101410205753309,-7.01422041033462e-05,-0.000440977021158388
6.40180543421546,0.000411117846477903,7.17536003468641e-06,0.999999999974257,7.71245115546236e-06,-0.00101801326581674,-0.00136800449559308,-0.000214938152814472
6.40546510770649,0.000408016363311432,7.1212289417377e-06,0.999999999974644,-1.47912356342255e-05,-0.00102125658234362,-0.000886231117295527,-0.000180330919464005
6.40821725302491,0.000411913414661389,7.189245318912e-06,0.999999999974157,2.47139483227527e-05,-0.00102584859968302,-0.00166852284603815,0.000192138343712089
6.41096939834332,0.000408679788692,7.1328078989696e-06,0.999999999974562,-2.0506700560536e-05,-0.0010278515703931,-0.000727785228738369,0.000178468585729045
6.4150860731421,0.000410381143501523,7.16250214213967e-06,0.999999999974349,7.21316222978265e-06,-0.00103307454324478,-0.0012687358382628,0.00050728651362776
6.41895728564321,0.000398669623441203,6.95809755667881e-06,0.999999999975792,-5.28011793222917e-05,-0.00103314540367623,-1.83044540757252e-05,0.00011904123103778
6.4216520409555,0.000387988178907547,6.77167118070176e-06,0.999999999977072,-6.91811887823639e-05,-0.00103223511495014,0.00033780014160605,-0.000323882963547647
6.42434679626778,0.000389034627388309,6.78993515214312e-06,0.999999999976948,6.77759919741991e-06,-0.00103544647410307,-0.00119170714249663,-0.000125025695865616
6.4279667241003,0.000384023822549925,6.70248010954046e-06,0.999999999977538,-2.4159333183078e-05,-0.00103740160819943,-0.000540103059178809,-0.000199563706065567
6.43158238008882,0.000390025590819706,6.80723072678746e-06,0.999999999976831,2.89714003716627e-05,-0.00104318174211227,-0.00159864044898348,0.000311335208059635
6.43519803607733,0.000416585762607427,7.27079317436702e-06,0.999999999973568,0.000128209776888032,-0.00105618695063366,-0.00359691534888954,0.0019347389085415
6.43826535639687,0.000402614288044023,7.0269449418832e-06,0.999999999975311,-7.94987830049788e-05,-0.00105417063526714,0.000657354027770512,0.00137500554846284
6.44128491036999,0.000378298758742798,6.60255889622154e-06,0.999999999978203,-0.000140545938058909,-0.00104837015398152,0.0019209728778676,0.000237984542018677
6.44502461617221,0.000335514889609223,5.85583951311278e-06,0.999999999982855,-0.000199673295872836,-0.00103659939713415,0.00314750878007439,-0.0018411754703549
6.44806618162449,0.000332888929849335,5.81000786927864e-06,0.999999999983122,-1.50684391159696e-05,-0.00103840183661993,-0.000592602564061086,-0.00185391718037945
6.45069572509655,0.000359016138010648,6.26601367603916e-06,0.999999999980368,0.000173416340750144,-0.00105001212296996,-0.00441532398051915,-0.000317837291712932
6.45474330578029,0.000372666457300707,6.50425669159434e-06,0.999999999978847,5.88605970269943e-05,-0.00105835098701288,-0.0020602094669572,0.000593954607228329
6.45724140437898,0.000367841665904046,6.42004819600246e-06,0.999999999979391,-3.37090359995726e-05,-0.00105873450151118,-0.00015352256252263,0.000498905980466305
6.45973950297767,0.00035977087388211,6.27918630197884e-06,0.999999999980286,-5.63876438265749e-05,-0.00105792534017016,0.000323910890246738,0.00020209013785742
6.46343920470337,0.000357890244520561,6.24636312761076e-06,0.999999999980491,-8.87184340852906e-06,-0.00106023904595808,-0.000625376303133635,0.000296608043200409
6.46729489520544,0.000345908297813203,6.03723870677282e-06,0.999999999981776,-5.4237864976412e-05,-0.00105899786883611,0.000321907871313443,-0.000134951567153303
6.47024073753316,0.000336885794926786,5.87976632463695e-06,0.999999999982714,-5.34558080916009e-05,-0.00105803657816285,0.00032632115582533,-0.00048022715561909
6.47318657986088,0.000338032505158986,5.8997801937548e-06,0.999999999982596,6.79393765575181e-06,-0.00106064025703617,-0.000883848686951223,-0.000276179996536751
6.47689042223086,0.000336607756854008,5.87491364482116e-06,0.999999999982743,-6.71371685134237e-06,-0.00106282192695046,-0.000589028823680434,-0.00017772155076932
6.47977203527351,0.00034308697600916,5.98799735203485e-06,0.999999999982072,3.92431966200731e-05,-0.00106716225574216,-0.00150621500092503,0.000321835856357618
6.48265364831616,0.000339896904597293,5.93232010252503e-06,0.999999999982404,-1.93215566027599e-05,-0.0010680157581212,-0.000296189101870431,0.000300089291858781
6.48635732667135,0.000339606553240872,5.92725251536792e-06,0.999999999982434,-1.36825789693453e-06,-0.00107039767847318,-0.000643122896631673,0.000475278502100782
6.48990232429091,0.000324876354698869,5.67016205134183e-06,0.999999999983925,-7.25220413722557e-05,-0.00106746470076873,0.000827356748639655,-0.000129313257564545
6.49344732191047,0.000289914410091131,5.05996100504572e-06,0.999999999987198,-0.000172130170959136,-0.00105726588266472,0.00287696049433992,-0.00183298376885848
6.49641591366,0.000300920877208444,5.25206009525276e-06,0.999999999986208,6.47105113865482e-05,-0.00106299801727371,-0.00193092721823571,-0.00112180055869328
6.49935068848272,0.00031650255857179,5.52401173803585e-06,0.999999999984743,9.26652500497292e-05,-0.00107028858744039,-0.00248420086960182,-0.000147589640631869
6.50254982084758,0.00032540286049353,5.67935131098935e-06,0.999999999983872,4.85567820394249e-05,-0.00107530677066197,-0.00156860756269287,0.000485142267765185
6.50574895321245,0.000327680080446328,5.71909629695713e-06,0.999999999983646,1.24236766208713e-05,-0.00107791390565815,-0.000814950648749657,0.000768873281783631
6.50909676936577,0.000322059550873061,5.62099955019949e-06,0.999999999984202,-2.93017125990973e-05,-0.00107773683614967,5.28910490839479e-05,0.000638183764408721
6.51236241909573,0.000303565387363334,5.29821550455738e-06,0.999999999985964,-9.88422128330485e-05,-0.00107287915451909,0.00148750846914301,-0.00019492365262493
6.51562806882569,0.000285738891221202,4.98708445278722e-06,0.999999999987565,-9.52738589567149e-05,-0.00106820266292443,0.00143202485917514,-0.00100632169498576
6.51868635058941,0.000289174076462318,5.04703974565987e-06,0.999999999987264,1.96042410429626e-05,-0.00107093144245078,-0.000892259032084152,-0.000693244156491483
6.52203116837014,0.000297393584155975,5.1904972178053e-06,0.999999999986529,4.28894730750575e-05,-0.00107544735877243,-0.00135012327059439,-0.000108729155494626
6.52495418736671,0.000305330594630177,5.32902418334348e-06,0.999999999985801,4.73917431609534e-05,-0.0010796147638694,-0.00142571947081284,0.000461244753437704
6.52787720636328,0.000301554728446076,5.26312288631713e-06,0.99999999998615,-2.25456273478134e-05,-0.00107957310254309,1.42528414489633e-05,0.000399968921045375
6.53140972302924,0.000298926186826734,5.21724618053453e-06,0.99999999998639,-1.29869750439558e-05,-0.00108015322928199,-0.00016422477054141,0.000427748381230652
6.53476581946976,0.000284407541291954,4.96384801302594e-06,0.99999999998768,-7.55038396551281e-05,-0.001076371322848,0.00112687656657778,-0.000194408959440228
6.53812191591028,0.000266690679951938,4.65463044952695e-06,0.999999999989167,-9.21360780249251e-05,-0.00107139629631111,0.00148238485546014,-0.00100039604779811
6.54129562332355,0.000267623918986751,4.67091854339239e-06,0.999999999989091,5.13219769329725e-06,-0.00107293114377178,-0.000483613408801225,-0.000823650707484664
6.54470194283153,0.000279501431425834,4.87822024239861e-06,0.999999999988102,6.08579725192768e-05,-0.00107839192982615,-0.00160313383450158,-5.10967348527443e-05
6.54748208192606,0.000286763830122825,5.00497301125209e-06,0.999999999987475,4.55922400086139e-05,-0.00108194251673498,-0.0012771256358443,0.000477479543206132
6.55026222102059,0.000281224952383658,4.9083013578394e-06,0.999999999987954,-3.47722362539971e-05,-0.00108090365559827,0.000373672360046788,0.00030954328036666
6.55382344916981,0.000279009769791396,4.86963912807203e-06,0.999999999988143,-1.08564315870337e-05,-0.00108125502113033,-9.8664145438587e-05,0.000352177735053278
6.5573233738651,0.000265812655621726,4.63930603405228e-06,0.999999999989238,-6.58108713973788e-05,-0.00107762331874289,0.00103765157928297,-0.000197174628822152
6.56082329856039,0.00024124760106576,4.21056495112285e-06,0.999999999991136,-0.000122500087933439,-0.00106989204733045,0.00220898221691528,-0.00136893813029489
6.5639549418685,0.000245220043232868,4.27989714628333e-06,0.999999999990841,2.21392375630903e-05,-0.00107215650892939,-0.000723090523456596,-0.00104126959133689
6.56716852957849,0.000260985029418579,4.55504806175271e-06,0.999999999989626,8.56211002477828e-05,-0.00107859077935671,-0.00200220781505971,-6.94553293656917e-05
6.57005642323799,0.0002693514637062,4.70106988672188e-06,0.99999999998895,5.05634355650041e-05,-0.00108227019377063,-0.00127408237551018,0.000513579072605508
6.57294431689749,0.000264751583495526,4.62078683184917e-06,0.999999999989324,-2.77998653480464e-05,-0.00108130111915626,0.000335564507777307,0.000395911793341579
6.57644144667265,0.000261652984709526,4.56670608083574e-06,0.999999999989573,-1.54643248867075e-05,-0.00108095731526697,9.83103034200957e-05,0.000383039046447475
6.57978068647852,0.000248006894545345,4.32853687744911e-06,0.999999999990632,-7.13243783720851e-05,-0.00107677826905885,0.0012514962839063,-0.000206792619828555
6.58311992628439,0.000232633637457232,4.06022292450836e-06,0.999999999991757,-8.03518071602597e-05,-0.00107193675104483,0.00144988629013875,-0.000900553099807437
6.58635340485146,0.000232175266752881,4.05222284652281e-06,0.99999999999179,-2.47413979084042e-06,-0.00107233421413411,-0.000122921207309982,-0.000807367252236752
6.58986905208062,0.000245026643341451,4.27652168140513e-06,0.999999999990856,6.38001540722979e-05,-0.00107746374024314,-0.00145905597879338,4.07881949229089e-06
6.59254670304275,0.000251110899119005,4.38271197725594e-06,0.999999999990396,3.96580052268688e-05,-0.00108001830712357,-0.000954032813296096,0.000460446924514453
6.59522435400488,0.000245024606174377,4.27648612613226e-06,0.999999999990856,-3.96712837584518e-05,-0.00107821478959802,0.000673544666970373,0.000248421624189504
6.59881389554497,0.000243487152313906,4.2496524941698e-06,0.99999999999097,-7.47550395028555e-06,-0.00107810557806937,3.04249240275718e-05,0.000314165488826491
6.6024941461614,0.000231181775086422,4.03488314585212e-06,0.99999999999186,-5.83572616932047e-05,-0.00107412328839931,0.00108207024061897,-0.000189759734270093
6.60617439677783,0.000191645093793763,3.34483788198828e-06,0.999999999994406,-0.000187499530816762,-0.00106040188249769,0.00372838899621878,-0.00216585681610678
6.60919194944675,0.000204589572556969,3.57076165635936e-06,0.999999999993625,7.4869869447308e-05,-0.00106524348409742,-0.00160447956703356,-0.00138085051345915
6.61209905137503,0.000225608221614495,3.9376062867318e-06,0.999999999992248,0.000126189118725693,-0.00107291368140762,-0.00263843425495194,-0.000142670594657982
6.61588641137537,0.000257862579778293,4.50055103480256e-06,0.999999999989873,0.000148637770907708,-0.00108458929641253,-0.00308278457919515,0.00171605544821675
6.6190339979674,0.000265150202070867,4.6277440384484e-06,0.999999999989292,4.04096916568085e-05,-0.00108730867804543,-0.000863957687386409,0.00225892813749247
6.62167525453227,0.000230614777638824,4.02498717354121e-06,0.9999999999919,-0.000228208373593811,-0.00107510445019733,0.00462061429791817,0.000513167289773043
6.62545616809902,0.000212407353898281,3.70720768096532e-06,0.999999999993128,-8.40483356649992e-05,-0.00106869455269847,0.00169533034429493,-0.000297898026407093
6.62810104775406,0.000208535696852274,3.63963451800492e-06,0.999999999993377,-2.5548672066054e-05,-0.00106733165221639,0.000515297729891511,-0.000430693507156257
6.6307459274091,0.00021220419343265,3.70366186193021e-06,0.999999999993141,2.42080367640367e-05,-0.0010686241849447,-0.000488692453679985,-0.000141393220425433
6.63444991424017,0.000208732946361604,3.64307717139065e-06,0.999999999993364,-1.6356616074285e-05,-0.00106732933967366,0.000349581499634978,-0.000196252148804713
6.63780013538015,0.000215105060579192,3.75429154479994e-06,0.999999999992953,3.31961290802042e-05,-0.00106949781870314,-0.000647264445798204,0.000265918257725915
6.64115035652013,0.000222776381679241,3.88818135597253e-06,0.999999999992441,3.99644696810432e-05,-0.00107208781811771,-0.000773083120890986,0.000805138268920997
6.64455118621329,0.000222635791069333,3.88572758693226e-06,0.999999999992451,-7.2152070573332e-07,-0.00107185651173806,6.80146906843691e-05,0.000935395095388467
6.64826606584135,0.000200318646411101,3.49621993300491e-06,0.999999999993888,-0.000104850679679437,-0.00106367490433106,0.00220238829414163,-9.2512000318238e-05
6.65073417196348,0.000194837850625064,3.40056200090971e-06,0.999999999994218,-3.87576252245375e-05,-0.00106153680884455,0.000866289932731457,-0.000336103156067836
6.65320227808561,0.000197906805150933,3.45412536197978e-06,0.999999999994035,2.17022115014393e-05,-0.00106241810791026,-0.000357075029233971,-9.10922556123984e-05
6.65677803522553,0.000193747200331916,3.38152656230654e-06,0.999999999994283,-2.03030566206792e-05,-0.00106059729818919,0.000509209560330585,-0.000190822549564973
6.66185063452509,0.000192712588688624,3.36346918265173e-06,0.999999999994344,-3.55978830349792e-06,-0.0010596711167338,0.000182585179843895,-0.000147560875828983
6.66395596148862,0.00019462947741448,3.39692520231208e-06,0.999999999994231,1.58911277156034e-05,-0.001060095330965,-0.000201495652953092,9.77015044283076e-05
6.66606128845215,0.000192346424045959,3.35707840403286e-06,0.999999999994365,-1.89266555597841e-05,-0.00105901154630663,0.000514782110875981,5.85220942478816e-05
6.6695413519209,0.000192925776473623,3.36719001142497e-06,0.999999999994331,2.90558131567266e-06,-0.00105873645518964,7.90477298637742e-05,0.000209833262482185
6.67423907092418,0.000222369693410096,3.88108330664678e-06,0.999999999992469,0.000109392088983323,-0.00106849600820595,-0.0020775088951685,0.0019669043809155
6.67743259230513,0.000189955374116865,3.31534671019084e-06,0.999999999994504,-0.000177151341411099,-0.00105644396599444,0.00377390371751565,0.000353694906402972
6.68062611368607,0.000155380782177742,2.7119062433224e-06,0.999999999996323,-0.000188957703703379,-0.00104359156310034,0.00402452382839268,-0.00140234045041088
6.68332352953255,0.000167630182353075,2.92569860777549e-06,0.99999999999572,7.92582147587319e-05,-0.00104745324096595,-0.00143162125730636,-0.000678843074080933
6.686143481667,0.000175092991747818,3.05594920316193e-06,0.999999999995331,4.61889383851643e-05,-0.00104956594979973,-0.000749200246335052,-0.000189111081492094
6.69048463583031,0.000184235153257842,3.21551002226016e-06,0.99999999999483,3.6755391100299e-05,-0.00105193641974313,-0.000546046017769064,0.000413297581760045
6.69300102437417,0.000182139276705358,3.17893007570416e-06,0.999999999994947,-1.45366845852659e-05,-0.00105065408397181,0.00050959370898504,0.000411870638105306
6.69551741291804,0.000175736515355391,3.06718080892834e-06,0.999999999995296,-4.44085898613177e-05,-0.0010478212182745,0.00112576641004727,0.000155939651579325
6.69928774183358,0.000175518043692222,3.06336775908375e-06,0.999999999995308,-1.01133082286217e-06,-0.00104687565888645,0.000250789628499982,0.000270320023880807
6.70309165666494,0.000164890676323187,2.8778852076759e-06,0.999999999995859,-4.876096327901e-05,-0.00104217832177157,0.00123486916061927,-0.000165490956458586
6.70606884816742,0.000156468888466539,2.73089728067349e-06,0.999999999996271,-4.93713376787351e-05,-0.00103843576010128,0.00125707790956114,-0.000533410112069314
6.7090460396699,0.000158417329099694,2.76490398500156e-06,0.999999999996178,1.14224107854397e-05,-0.0010383558808031,2.68304199150054e-05,-0.000342057197969071
6.71273318572151,0.000158911984270146,2.77353734638794e-06,0.999999999996154,2.34147529431852e-06,-0.00103753997075804,0.00022128498129392,-0.00021240222751411
6.71560300362309,0.00016667699600035,2.90906236753543e-06,0.999999999995769,4.72242580525519e-05,-0.00103950313586074,-0.000684073056211394,0.000301896786838709
6.71847282152467,0.000164284477719673,2.86730504612364e-06,0.999999999995889,-1.45505125565544e-05,-0.00103783114144929,0.000582613416177747,0.000268349451673962
6.72215477852407,0.000164987264976613,2.87957099769825e-06,0.999999999995854,3.33136741593504e-06,-0.00103699462347954,0.000227193845525941,0.000426367430149706
6.72570531237866,0.000151627983762133,2.64640755480663e-06,0.999999999996498,-6.56699675150658e-05,-0.00103116118682055,0.00164297452098186,-0.000171037817382796
6.72925584623326,0.000118063796957889,2.06060198431976e-06,0.999999999997877,-0.000164990842075788,-0.00101810858670388,0.00367623592710725,-0.00186565313782343
6.73223249419445,0.000129929927884398,2.26770503845958e-06,0.999999999997429,6.95759313295717e-05,-0.00102136767144571,-0.00109488417317905,-0.00116308634438573
6.73517604591035,0.000146729347684682,2.56091022639842e-06,0.999999999996721,9.96093210650275e-05,-0.00102636913151044,-0.00169912423747224,-0.000177560769997932
6.73836215950467,0.000156825421841444,2.73711996195881e-06,0.999999999996254,5.53055408554793e-05,-0.00102888128639124,-0.000788469967073583,0.000460534366921398
6.74154827309899,0.000159754639996471,2.78824446327302e-06,0.999999999996113,1.60460384731732e-05,-0.00102881877823041,1.96189366694985e-05,0.000720387420119695
6.74489905704833,0.000155239117864944,2.7094337346315e-06,0.999999999996329,-2.35200865926518e-05,-0.00102602403271062,0.000834057212296713,0.000587842022182069
6.74815759023062,0.000138139372241024,2.41098687224159e-06,0.999999999997094,-9.15893273737206e-05,-0.00101875989551506,0.00222926598846225,-0.000230344894573381
6.75141612341291,0.000122246065822465,2.13359634621011e-06,0.999999999997724,-8.51274209941446e-05,-0.00101189885603852,0.002105560720951,-0.000997193147686554
6.75449413658049,0.000126064649850406,2.20024321026159e-06,0.999999999997579,2.16525597595323e-05,-0.00101209150097853,-6.2587432062051e-05,-0.000717612649509285
6.7578741908776,0.000135391044969331,2.36301951242834e-06,0.999999999997208,4.81578956606408e-05,-0.00101410245625107,-0.000594947623847637,-0.000133634368407377
6.76076381379744,0.000144155175644709,2.51598244878826e-06,0.999999999996835,5.29352585452653e-05,-0.00101608139442969,-0.000684843051678598,0.000428946725195376
6.76365343671729,0.000140894390017215,2.45907100338695e-06,0.999999999996977,-1.9695111431536e-05,-0.00101376432285625,0.000801859494374711,0.000342394355642475
6.76719941785701,0.000139584323929993,2.43620603674627e-06,0.999999999997032,-6.44813543552072e-06,-0.00101185177399242,0.000539356750211497,0.000378447350907023
6.77058497118646,0.000126490614266576,2.20767769182008e-06,0.999999999997563,-6.75010323833209e-05,-0.00100578722585944,0.0017913019063156,-0.00022499563596481
6.77397052451592,0.000108660918287475,1.89649079235582e-06,0.999999999998202,-9.19161121338057e-05,-0.000998012667497936,0.00229639223044248,-0.00109460457568049
6.77713801696876,0.000111055570473142,1.9382853574357e-06,0.999999999998122,1.31948428298397e-05,-0.000997500024270836,0.000161845129777608,-0.000895685164725988
6.78050641214893,0.000124779155324209,2.17780709826314e-06,0.999999999997629,7.11085629851458e-05,-0.00100090572717729,-0.00101107581631232,-8.31705147518646e-05
6.78330500220475,0.000133120181873733,2.32338547454823e-06,0.999999999997301,5.20184712236201e-05,-0.0010026278614677,-0.000615357825214169,0.000455085293760793
6.78610359226057,0.000128573501711715,2.24403093568611e-06,0.999999999997482,-2.8355185032285e-05,-0.00099974993109043,0.00102835010482797,0.000293182057196352
6.78965375669833,0.000127330120541114,2.22232984040188e-06,0.999999999997531,-6.11270144376297e-06,-0.000997684357635939,0.000581824726911959,0.000326932256903011
6.79312062303788,0.000115147693194099,2.00970637231193e-06,0.999999999997981,-6.13301602270527e-05,-0.000991741173086153,0.00171428141950123,-0.000229117637217854
6.79658748937743,9.39204839980059e-05,1.63922168083112e-06,0.999999999998657,-0.000106864428909436,-0.000982556678449593,0.00264922086316998,-0.00128251677249367
6.79974234004953,9.76772640764306e-05,1.70478986247287e-06,0.999999999998547,2.07832916535972e-05,-0.00098238352604505,5.48845008973099e-05,-0.00101745556216712
6.80301935333731,0.000113770301823026,1.98566635779821e-06,0.999999999998029,8.57111249360745e-05,-0.000986518070902198,-0.00126168083375509,-8.23615751013629e-05
6.80585827605585,0.000122556911833907,2.13902163257644e-06,0.999999999997712,5.40188268517639e-05,-0.000988249285469938,-0.000609813911605049,0.000475711385886833
6.8086971987744,0.000118286598625501,2.06449060699852e-06,0.999999999997869,-2.62532773756928e-05,-0.000985321276538251,0.0010313802882202,0.000326183916908777
6.81221955707079,0.000116664543815741,2.03618040992047e-06,0.999999999997927,-8.03728488015485e-06,-0.000982974258348643,0.000666320116272667,0.000334662811865849
6.81561322484942,0.000104391504784519,1.82197546960026e-06,0.99999999999834,-6.31190070134544e-05,-0.000976881737234026,0.00179526150231456,-0.000234210492304984
6.81900689262805,8.7640436125018e-05,1.52961416826475e-06,0.99999999999883,-8.61490636110678e-05,-0.000969175159965989,0.00227086968163706,-0.00105478988343942
6.82221577108458,8.91626000135716e-05,1.55618093987494e-06,0.999999999998789,8.27914549277566e-06,-0.000968043003478029,0.000352819997172793,-0.000910154133443061
6.82564091966307,0.000104122245887538,1.81727601530767e-06,0.999999999998349,7.62288319614659e-05,-0.000971556279564055,-0.00102572954297076,-4.17627651038762e-05
6.82837135924179,0.000111703732903259,1.94959792592896e-06,0.9999999999981,4.84617611218378e-05,-0.000972796828793359,-0.000454340480182261,0.000450323184167528
6.83110179882051,0.000106627448437505,1.86100004823387e-06,0.999999999998268,-3.24482103122729e-05,-0.000969522645195903,0.00119914156789066,0.000250819294235936
6.83467098846467,0.000105825589097059,1.84700496260524e-06,0.999999999998294,-3.92108210095937e-06,-0.000967297760220474,0.000623358576383846,0.000298615844133009
6.8382343922693,9.42643507485763e-05,1.6452232878167e-06,0.999999999998647,-5.66261040993173e-05,-0.000961227653230761,0.00170345751492629,-0.000229229005649506
6.84179779607393,6.68390318823304e-05,1.16656117519186e-06,0.99999999999932,-0.000134327216018415,-0.000949494187831685,0.00329276894856313,-0.00162018932175283
6.84490003575185,7.40516123840108e-05,1.29244445251124e-06,0.999999999999165,4.05781920125995e-05,-0.0009503183566058,-0.000265668955233491,-0.0011825973860269
6.8480175264372,9.2658663540889e-05,1.61719875928544e-06,0.999999999998692,0.000104171700752742,-0.000955170235200494,-0.00155634100768361,-0.000119960450280394
6.85170933552439,0.000133152487123792,2.32394930752744e-06,0.9999999999973,0.000191437458317449,-0.000967460276740112,-0.00332900246177124,0.00212297666910003
6.85466600727946,0.000123633445231091,2.15781068486494e-06,0.999999999997672,-5.61910947258693e-05,-0.00096236823822445,0.00172221975838746,0.00171387279955252
6.85729306328188,9.70296222247275e-05,1.69348637978695e-06,0.999999999998566,-0.000176747014396373,-0.000951379050799127,0.00418308076235244,0.000349424594162657
6.8615896664453,7.41062800920337e-05,1.29339858401075e-06,0.999999999999164,-9.31172325111344e-05,-0.000940704499926354,0.00248441628578659,-0.000739002250756388
6.86396092277129,8.06577802407988e-05,1.4077438325515e-06,0.999999999999009,4.82213783839308e-05,-0.000941630804915888,-0.000390638911273134,-0.000378457302475197
6.86633217909728,8.52180099394829e-05,1.48733485544068e-06,0.999999999998894,3.3564917473037e-05,-0.000941840252344123,-8.832762023229e-05,-8.83682299676937e-05
6.86997948671984,8.16576684312367e-05,1.42519517362643e-06,0.999999999998984,-1.70371375943051e-05,-0.0009383852968101,0.000947261896049817,-0.000202237639218085
6.87518073818634,7.73899173729615e-05,1.35070886600413e-06,0.999999999999088,-1.43208433782097e-05,-0.000933713024554219,0.000898297705076903,-0.000405020008148987
6.87724162771397,8.28034132197893e-05,1.44519219257422e-06,0.999999999998956,4.5845895815124e-05,-0.000934377006924778,-0.000322182417668457,4.81994998095583e-06
6.8793025172416,8.20741843868227e-05,1.43246474843849e-06,0.999999999998974,-6.17570421175448e-06,-0.000932850737186717,0.000740587846945912,2.09790154943217e-05
6.88274832562208,8.36358736091276e-05,1.45972136726059e-06,0.999999999998935,7.91007967143492e-06,-0.000931274659914855,0.000457389703034124,0.000178002477049134
6.88739105909673,0.000115027704260963,2.00761217036277e-06,0.999999999997985,0.000118010393251099,-0.000939541042274497,-0.00178049901093498,0.00197182474699313
6.89165211754373,0.000135253908658349,2.36062603227766e-06,0.999999999997214,8.28465195459695e-05,-0.000944048192528363,-0.00105775368020148,0.00332939505785985
6.89350093584424,9.0085779686214e-05,1.57229346475001e-06,0.999999999998764,-0.000426398076712177,-0.000926813083308408,0.00932222988877208,0.000780218262315542
6.89534975414475,7.85421601565465e-05,1.37081929636001e-06,0.99999999999906,-0.000108974564095491,-0.000921530911892813,0.00285705275317067,0.000173294158905499
6.89837265728267,7.27560024520497e-05,1.26983179337699e-06,0.999999999999194,-3.34074558050962e-05,-0.000917539243488216,0.00132047512688262,-7.6617381345544e-05
6.90248778956528,5.20938552145919e-05,9.09209293551721e-07,0.999999999999587,-8.76332703446241e-05,-0.00090753964514405,0.00242995793511519,-0.00110050933592241
6.90645139561603,1.04062891331498e-05,1.8162400828797e-07,0.999999999999983,-0.000183566498775807,-0.000890140509055213,0.00438972386913124,-0.00330616927077175
6.90910104197963,6.81127681464326e-05,1.18879206680248e-06,0.999999999999293,0.000380114143665488,-0.000908931783540912,-0.00709199338593754,-0.000135459880828416
6.91175068834323,7.43043800379051e-05,1.29685608031423e-06,0.999999999999159,4.0784315596424e-05,-0.000909393959445795,-0.000174429279028739,0.000264819042741521
6.91478257848003,7.39264060559691e-05,1.29025918984258e-06,0.999999999999168,-2.17583427300903e-06,-0.000907258585101484,0.000704304657477273,0.000309085705189803
6.91853860308904,7.62993798996839e-05,1.33167539647907e-06,0.999999999999113,1.10266068377791e-05,-0.000905608726381003,0.000439256632271631,0.000519442729636065
6.92178099321975,6.16697192133515e-05,1.07633964905318e-06,0.999999999999421,-7.87492365608514e-05,-0.000898240101895405,0.0022725903387752,-0.000199242369590745
6.92502338335046,4.87020732003496e-05,8.5001152989329e-07,0.999999999999639,-6.98028645646789e-05,-0.000891450764530749,0.00209392981441246,-0.000840117902617695
6.92819534299139,4.96359739441402e-05,8.66311172759255e-07,0.999999999999625,5.13866653776612e-06,-0.000889641416430773,0.00057041964740993,-0.000742403786939961
6.93166841931538,5.9280587036149e-05,1.03464142629568e-06,0.999999999999465,4.84671909953939e-05,-0.000890714105976052,-0.000308858615593452,-0.000175938735919271
6.93445612186421,6.85218056566661e-05,1.19593111812021e-06,0.999999999999285,5.78575687325063e-05,-0.000892099045024751,-0.000496803021283892,0.000386428961273328
6.93724382441304,6.50204068412285e-05,1.13482018036544e-06,0.999999999999356,-2.19216134736094e-05,-0.000888944097705841,0.00113173743024882,0.000257224805942332
6.94081992429436,6.50101926938398e-05,1.13464190986322e-06,0.999999999999356,-4.98505377739963e-08,-0.000886478926231556,0.000689346370654863,0.000328459435165005
6.9444017612829,5.32792637889483e-05,9.29898576155603e-07,0.999999999999568,-5.71615443032948e-05,-0.000879828464069926,0.00185671826576792,-0.000226066482740739
6.94798359827144,2.18883795550324e-05,3.82024291161517e-07,0.999999999999927,-0.000152959022631907,-0.000866173502132636,0.00381227900124176,-0.00184765402445536
6.9510158370656,3.29200456148097e-05,5.74563185885118e-07,0.999999999999835,6.34972730691109e-05,-0.00086797823864743,-0.000595182845846118,-0.0012248601770719
6.95402201400516,5.17512324965005e-05,9.03229399028896e-07,0.999999999999592,0.000109330295505648,-0.00087256623128578,-0.00152618848810278,-0.000165931435316461
6.95710913826275,6.27302597745231e-05,1.09484957369657e-06,0.999999999999401,6.2070768352292e-05,-0.000874296035199829,-0.000560328567855625,0.000482588467099165
6.96019626252034,6.33186482180902e-05,1.10511888931749e-06,0.999999999999389,3.32649895632627e-06,-0.00087232174274076,0.000639524779157654,0.000576968956546583
6.96358489500191,5.99389196878151e-05,1.04613149864063e-06,0.999999999999453,-1.74074323485207e-05,-0.000868713078380004,0.00106493235261857,0.000464445865157083
6.96681840000284,4.54809441783388e-05,7.93792222827676e-07,0.999999999999685,-7.80389316672724e-05,-0.0008612653136493,0.00230331010113528,-0.000253076727231481
6.97005190500376,3.3912609716148e-05,5.91886697490567e-07,0.999999999999825,-6.24416926150793e-05,-0.000854836218718222,0.00198827431200385,-0.000826394109960993
6.9732457336008,3.52843884025244e-05,6.15828752176514e-07,0.99999999999981,7.49634927438632e-06,-0.000853028846897388,0.000565895058522455,-0.000711084132037558
6.97681732637568,4.61904654095357e-05,8.06175704424862e-07,0.999999999999675,5.32946963010922e-05,-0.000854330760551525,-0.000364519063677493,-8.62093171963357e-05
6.97952287819905,5.40547058210554e-05,9.43432592774221e-07,0.999999999999555,5.07315687558224e-05,-0.000855168582208505,-0.000309667569382813,0.000399931324448857
6.98222843002241,4.96430902775875e-05,8.66435376208579e-07,0.999999999999625,-2.84589694053423e-05,-0.000851634867179663,0.00130609770558702,0.000214689234001763
6.98583230241153,4.98374520584496e-05,8.69827629224662e-07,0.999999999999622,9.41280003787624e-07,-0.000849077984424123,0.000709482045828513,0.000289323269771504
6.98948102604948,3.8945837569838e-05,6.79733095540529e-07,0.999999999999769,-5.20989125368437e-05,-0.000842535678102851,0.00179303969564656,-0.000225750249773514
6.99312974968742,3.47476970956328e-06,6.06461721804463e-08,0.999999999999998,-0.000169672188083153,-0.00082724210344484,0.00419148616765147,-0.00207069904297847
6.99615583917532,1.63661548193874e-05,2.85643287489445e-07,0.999999999999959,7.4352432804144e-05,-0.000829597966456078,-0.000778517297869734,-0.00135688263352042
6.99909667219753,3.75649528304157e-05,6.55632110247069e-07,0.999999999999785,0.000125810890983406,-0.000834964691444155,-0.00182489959394011,-0.000176368989112377
7,3.83251848141552e-05,6.68900661442289e-07,0.999999999999776,1.46885229913195e-05,-0.00083456650637982,0.000440797973058766,-0.000112931799746823
7.00375011901834,4.97311310830315e-05,8.67971978139684e-07,0.999999999999623,5.30839996608045e-05,-0.000835841673476251,-0.000340033766980545,0.000549549876574481
7.00680933270448,5.17068968224884e-05,9.02455595541294e-07,0.999999999999593,1.1272052540109e-05,-0.00083426837887578,0.000514280714550097,0.000714237564232475
7.00986854639062,4.41823912888706e-05,7.71128199395176e-07,0.999999999999703,-4.29284808514772e-05,-0.000829310282768588,0.0016207093115628,0.000364438520370542
7.01406186618041,2.5038322853523e-05,4.37001172971305e-07,0.999999999999905,-7.9680788295239e-05,-0.000819363885332407,0.00237196253441363,-0.000559474525549718
7.01648818771576,2.82632628647236e-05,4.93286994346051e-07,0.999999999999878,2.31980059339365e-05,-0.000818690391607135,0.000277578101442429,-0.000388459236659267
7.01891450925111,3.29423705631956e-05,5.74952829739791e-07,0.999999999999835,3.36582906279466e-05,-0.000818530279157496,6.59897904321425e-05,-0.000107840020799639
7.02258792279066,2.99239084919996e-05,5.2227072825086e-07,0.999999999999864,-1.43414567735998e-05,-0.000814688273922726,0.00104589510367137,-0.000218684837594438
7.02788880526081,3.77802622734908e-05,6.59389968939365e-07,0.999999999999783,2.58672478517832e-05,-0.000813473971932266,0.000229075441173914,0.00017193195753861
7.02988193032399,3.26996628585457e-05,5.70716781173693e-07,0.999999999999837,-4.44895252203468e-05,-0.00081015515611324,0.00166513174729169,2.21322267426667e-05
7.03187505538717,3.16052135218172e-05,5.51615036751514e-07,0.999999999999848,-9.58381627678549e-06,-0.000808252227340084,0.000954746296812817,6.21106738469504e-06
7.03517435131344,3.35315203391537e-05,5.85235433117645e-07,0.999999999999829,1.01901730300783e-05,-0.00080642704109349,0.000553204770769487,0.00015719904727311
7.03963858950278,5.72917846177311e-05,9.99930275922682e-07,0.9999999999995,9.28926336850903e-05,-0.00081147140473095,-0.001129949483768,0.00150328360193133
7.04392028188301,8.27428518602433e-05,1.44413519745066e-06,0.999999999998957,0.000103745174122918,-0.000817246158910862,-0.00134870833004454,0.00306981017482072
7.04581938569101,3.87500274608743e-05,6.76315564430423e-07,0.999999999999771,-0.000404306299523865,-0.0008001454722596,0.00900460868926817,0.000610337934498466
7.047718489499,2.9446995369623e-05,5.13947024019423e-07,0.999999999999868,-8.54974539715962e-05,-0.000795379502356907,0.00250958893486405,0.000118226163003391
7.05091821526244,2.45968826314844e-05,4.29296587645997e-07,0.999999999999908,-2.64555285770287e-05,-0.00079119502272749,0.00130776195798536,-9.81817719641088e-05
7.05524902776569,-4.94266244557116e-06,-8.62657334898917e-08,0.999999999999996,-0.000119045172412643,-0.000777353178524889,0.00319613102442603,-0.00162201707327123
7.05914548690575,-5.19899105979069e-05,-9.07395117750845e-07,0.999999999999588,-0.000210737327082234,-0.000757612921116218,0.00506620413537169,-0.00415943970560926
7.06165367946933,1.96699815991559e-05,3.43305942711963e-07,0.999999999999941,0.000498646347421699,-0.000781157533028789,-0.00938708305509814,-0.000243162289953779
7.06416187203292,2.58481669416078e-05,4.51135618736193e-07,0.999999999999898,4.29909878490465e-05,-0.000781411887365374,-0.000101409413407289,0.000137260902639004
7.06725481465511,2.70262303104793e-05,4.71696703320135e-07,0.999999999999889,6.64774200348975e-06,-0.000779431706564834,0.000640225520619325,0.000244222574418662
7.07119183152538,3.42485866114437e-05,5.97750600524104e-07,0.999999999999821,3.20176167280381e-05,-0.000778941026910261,0.000124632347470842,0.000692514246482645
7.0745840949,1.8467721849482e-05,3.22322551615953e-07,0.999999999999948,-8.11930025742299e-05,-0.000770688201178152,0.00243283755437412,-9.92742373221974e-05
7.07797635827462,-9.66437378627077e-06,-1.68675142713855e-07,0.999999999999986,-0.000144740440262681,-0.000758038800657511,0.00372889694098361,-0.00156957428769111
7.08088521141091,1.48800612044504e-06,2.59706060915932e-08,1,6.6914945405028e-05,-0.000759734286878343,-0.000582871029026733,-0.000955613188022904
7.08384205814664,1.44023454909904e-05,2.5136834882754e-07,0.999999999999968,7.62290923002653e-05,-0.000762015977708334,-0.000771663543604317,-0.000230676284874611
7.08700506242299,2.2967264655502e-05,4.0085438841542e-07,0.99999999999992,4.72607769472895e-05,-0.000762586602037541,-0.000180405803897787,0.000268532815800397
7.09016806669934,2.63345016215503e-05,4.59623760167822e-07,0.999999999999894,1.85802378428115e-05,-0.000761305643353416,0.000404981647891863,0.000493890691405415
7.09368872154256,2.79983497107176e-05,4.88663387576804e-07,0.999999999999881,8.24835966662873e-06,-0.000759135175991646,0.000616495356239037,0.000636750104660304
7.09708511736786,1.16987688072333e-05,2.0418203411583e-07,0.999999999999979,-8.37597759783888e-05,-0.000750670425299722,0.00249227449547311,-0.000186454612061427
7.10048151319316,-1.58344724051246e-05,-2.76363678785607e-07,0.999999999999962,-0.000141486957828043,-0.0007382075642671,0.00366943715446488,-0.0016287257037892
7.10339125629189,-3.12015060752042e-06,-5.44569012593326e-08,0.999999999999999,7.6263357278244e-05,-0.000740438745032174,-0.000766796479747197,-0.000932577364283659
7.10639138266257,9.87613588910785e-06,1.72371088639309e-07,0.999999999999985,7.56061451662377e-05,-0.00074269681326257,-0.000752657705510227,-0.000205176121777467
7.10960035945834,1.98384841533709e-05,3.46246867081036e-07,0.99999999999994,5.41841806618434e-05,-0.000743708996327025,-0.000315422369457086,0.000367035091944483
7.11280933625411,2.43419281938865e-05,4.24846793267344e-07,0.99999999999991,2.44937658289994e-05,-0.000742777479676574,0.000290284632683897,0.000652914622491576
7.11621528303976,2.27124601589043e-05,3.96407211000903e-07,0.999999999999921,-8.34997845129792e-06,-0.000739507012851759,0.000960222525670197,0.00061609552045128
7.11949052026844,6.00688267597521e-06,1.04839880476775e-07,0.999999999999994,-8.90217441262506e-05,-0.000730976059061871,0.0026046827128094,-0.000237750475163318
7.12276575749712,-1.10435604188754e-05,-1.92746490452298e-07,0.999999999999981,-9.08594859399529e-05,-0.000722320556760699,0.00264271003803485,-0.00112430577038809
7.12579388689834,-4.71922973861968e-06,-8.23660970969448e-08,0.999999999999997,3.64516765071828e-05,-0.000722171946615756,4.90765503227676e-05,-0.000766238525388679
7.12907784018406,5.65847366661461e-06,9.87589961198208e-08,0.999999999999995,5.5154588831897e-05,-0.000723260591617216,-0.00033150441152616,-0.000183663957087378
7.13205847049676,1.57475581821233e-05,2.7484673942742e-07,0.999999999999962,5.90773510411599e-05,-0.000724485432840222,-0.000410933626281882,0.000397029924153751
7.13503910080947,1.48934815039643e-05,2.59940289329052e-07,0.999999999999966,-5.00110665681329e-06,-0.000721817216739839,0.000895185185834385,0.000390506722658778
7.13854823049286,1.43955401704271e-05,2.51249573577056e-07,0.999999999999968,-2.47660147561192e-06,-0.000718854932005729,0.000844165078347568,0.000409548253573594
7.14187698461086,1.35634864111333e-06,2.36727495923785e-08,1,-6.8366967314969e-05,-0.000711574329471095,0.00218718543832079,-0.000250405316997522
7.14520573872885,-1.37307741104339e-05,-2.39647217074664e-07,0.999999999999971,-7.91046611834098e-05,-0.000703564277668667,0.00240632125969326,-0.00103208902805092
7.14836207638179,-1.04945460566453e-05,-1.83164382190646e-07,0.999999999999983,1.78950546788044e-05,-0.000702206744284554,0.000430097642706746,-0.000840629539146867
7.1517714155292,2.55967225935763e-06,4.46747086977529e-08,0.999999999999999,6.68279338126798e-05,-0.000704138833677466,-0.000566704956406946,-0.000120988905520352
7.15457026531795,1.1790416575866e-05,2.05781589430577e-07,0.999999999999979,5.75618174938321e-05,-0.000705195690016804,-0.000377603808387797,0.00041754358828136
7.15736911510671,8.28066020452523e-06,1.44524784807832e-07,0.99999999999999,-2.18864209393845e-05,-0.000701721061505823,0.00124144872831117,0.000264355870167628
7.16092977322069,8.31582669205424e-06,1.45138555801575e-07,0.999999999999989,1.72375716537179e-07,-0.000698900519445086,0.000792140657834086,0.000307761398970079
7.1644102313695,-2.83837175388196e-06,-4.95389325008463e-08,0.999999999999999,-5.59344431046735e-05,-0.000692163853772817,0.00193556864764644,-0.000249863254380341
7.1678906895183,-2.41815381258088e-05,-4.2204745849189e-07,0.999999999999911,-0.000107028589359468,-0.000681803238053591,0.00297679652398344,-0.00136601998776817
7.17102802540847,-1.87280650381355e-05,-3.26866397443097e-07,0.999999999999947,3.03381800294604e-05,-0.000681245457179124,0.000177788064139103,-0.00106213359910799
7.174266617791,-1.50851531113763e-06,-2.63285589960983e-08,1,9.27989085838447e-05,-0.000684791350748564,-0.00109488726910022,-0.000118844770517157
7.17713986070193,8.48798888173217e-06,1.48143352858897e-07,0.999999999999989,6.07229939352323e-05,-0.000686059111085783,-0.000441229779910219,0.000457155869695518
7.18001310361287,5.49631815939304e-06,9.5928848618563e-08,0.999999999999995,-1.81726731289109e-05,-0.000682707833975496,0.00116637444663523,0.000331108181213531
7.18351959504594,4.6870197201986e-06,8.18039262233688e-08,0.999999999999997,-4.02822099092173e-06,-0.000679628730729549,0.000878115148636708,0.000327211550819577
7.18687692831502,-6.84102092789837e-06,-1.19398339389664e-07,0.999999999999993,-5.99291906662888e-05,-0.000672856635876366,0.00201710533641386,-0.000256484789067712
7.1902342615841,-2.10115553471323e-05,-3.6672082177247e-07,0.999999999999933,-7.36663484261453e-05,-0.000665145187343233,0.00229689694620149,-0.000992823048607202
7.19345778972675,-1.91803244107885e-05,-3.34759812568895e-07,0.999999999999944,9.91491551778838e-06,-0.000663231556028313,0.000593644984699026,-0.000880814200094691
7.19694043298588,-3.95071659739391e-06,-6.8953012437711e-08,0.999999999999998,7.63232924975191e-05,-0.00066587734486755,-0.000759707108185656,-5.27289463270113e-05
7.19963824997864,3.9995434586114e-06,6.98052019293704e-08,0.999999999999998,5.14335163353969e-05,-0.0006665589477677,-0.000252649791286511,0.000418112899903442
7.2023360669714,-4.27765754302192e-07,-7.46592083985034e-09,1,-2.86420920976339e-05,-0.000662839182049246,0.0013788058005549,0.000210928875886465
7.20591877648737,2.01814614948153e-08,3.52232950948984e-10,1,2.18219025460111e-06,-0.000660150477706307,0.000750466743385068,0.000270809022643265
7.20955247771376,-1.03019605866858e-05,-1.79803131648352e-07,0.999999999999984,-4.95790251797991e-05,-0.000653592074555337,0.00180488233411447,-0.000242785690648094
7.21318617894016,-4.29443779264674e-05,-7.49520790037562e-07,0.999999999999719,-0.000156787149766439,-0.000639097036529975,0.00398905609522086,-0.00196503779526121
7.21623739198315,-3.11842303166038e-05,-5.44267493724943e-07,0.999999999999852,6.72694084026899e-05,-0.000640857100733976,-0.000576840810261828,-0.00133375894984679
7.21922634806082,-9.87650128289516e-06,-1.72377465963964e-07,0.999999999999985,0.000124421375924315,-0.000646062981186251,-0.00174170523654326,-0.000170436867522275
7.22296868884673,2.69493804739939e-05,4.70355420643845e-07,0.999999999999889,0.000171746220714862,-0.000656191426804277,-0.00270644663258586,0.0018194345238483
7.22603880255986,2.85618076675617e-05,4.98497584120293e-07,0.999999999999876,9.16648896623824e-06,-0.000654330896874697,0.000606013360881773,0.00196284125792676
7.22868175829563,-9.91507251057175e-07,-1.73050660883457e-08,1,-0.000195161289774115,-0.000641726443191463,0.00476907483263781,0.000403283782136549
7.23268731162558,-1.95044170999745e-05,-3.40416297076832e-07,0.999999999999942,-8.06658167729747e-05,-0.000631970523832711,0.00243559841927323,-0.000526577456344396
7.23519880513907,-1.76754166303593e-05,-3.08494216861526e-07,0.999999999999952,1.2710397237267e-05,-0.00063063366579264,0.000532296035362705,-0.000441705143446876
7.23771029865257,-1.23051002878539e-05,-2.1476451481115e-07,0.999999999999977,3.73203042519666e-05,-0.000630557103123504,3.04849161363007e-05,-0.000140670082811455
7.24141068594207,-1.44336290267592e-05,-2.5191434952837e-07,0.999999999999968,-1.0039445012304e-05,-0.0006268752123517,0.000995001464372594,-0.000231214895996266
7.24519946605672,-6.47282246199748e-06,-1.12972063858901e-07,0.999999999999994,3.66720372956233e-05,-0.00062671413977767,4.25130435538099e-05,0.000212438009816368
7.24820193480549,-2.44865808380338e-07,-4.27371458179442e-09,1,3.62029910625056e-05,-0.000626559566766094,5.14819718407487e-05,0.000579026493679911
7.25120440355426,-4.33434710805662e-06,-7.56486279598824e-08,0.999999999999997,-2.37720753654374e-05,-0.00062273745969674,0.00127298812716084,0.00038897443362817
7.25490349928003,-8.20019685783482e-06,-1.43120434480911e-07,0.99999999999999,-1.8240081231463e-05,-0.000618447971595982,0.00115960451384745,0.000221955176260236
7.257752911015,-1.81331366050107e-05,-3.16482937471338e-07,0.99999999999995,-6.08415066389467e-05,-0.000612672325626973,0.00202696082778072,-0.000300299751094982
7.26060232274998,-1.73195580459891e-05,-3.02283312892781e-07,0.999999999999954,4.98335302135391e-06,-0.000610720269421329,0.000685073407147889,-0.000242757034533566
7.26426490124872,-2.01780900288723e-05,-3.52174107767651e-07,0.999999999999938,-1.36217680773231e-05,-0.000606825243865417,0.00106346541302745,-0.000377555386695726
7.26780343305256,-9.49933137839891e-06,-1.65794609291071e-07,0.999999999999986,5.26714210323992e-05,-0.000607845011017105,-0.000288189341856711,0.000209609650191982
7.2713419648564,1.90760575763417e-05,3.32940013007167e-07,0.999999999999945,0.000140943942274882,-0.000615232393480936,-0.00208769706571949,0.00176888203616247
7.27435305767156,7.01250373844931e-06,1.22391279044351e-07,0.999999999999993,-6.99243586589939e-05,-0.000608582941078729,0.00220831864389135,0.00116411067818994
7.27735420698076,-1.15990670240607e-05,-2.02441909729358e-07,0.999999999999979,-0.000108236263946565,-0.000599614904751446,0.00298820065359277,0.000190188182472393
7.28047582079334,-2.38613020314005e-05,-4.16458284260737e-07,0.999999999999913,-6.85595295833259e-05,-0.000592813145521634,0.0021789239919422,-0.000451093642283872
7.28359743460592,-2.69321521808549e-05,-4.70054730204072e-07,0.99999999999989,-1.71694671926825e-05,-0.000589282784936649,0.0011309408520544,-0.000604465319073011
7.28697944228777,-2.51878296176041e-05,-4.39610558258521e-07,0.999999999999903,9.00180449291848e-06,-0.000587264465339655,0.000596781493970558,-0.000499970722552689
7.29023455697704,-1.14105196768218e-05,-1.99151137724139e-07,0.99999999999998,7.38712590765445e-05,-0.000589627488669921,-0.000725941650553844,0.000255945098902826
7.2934896716663,7.09875371497889e-07,1.23896625114561e-08,1,6.49872033490669e-05,-0.000591404182789553,-0.000545816135294272,0.000934268769899139
7.29662547670234,-3.55739727068951e-06,-6.20882951749919e-08,0.999999999999998,-2.3750825332109e-05,-0.000587448532411863,0.00126144652879621,0.000737507498447666
7.3,-1.58245414270579e-05,-2.76190350520398e-07,0.999999999999962,-6.34466075530058e-05,-0.000580465477537595,0.00206934558107834,0.000112056534287334
7.30289370442439,-2.61026773039274e-05,-4.55577662539114e-07,0.999999999999896,-6.19922720879851e-05,-0.000574566012265319,0.00203872421196855,-0.000433194950369762
7.30578740884877,-2.43652386305303e-05,-4.25253637136855e-07,0.99999999999991,1.04793098931306e-05,-0.000572942302322494,0.000561118104925307,-0.000330237125647882
7.30933446005486,-2.49484777920633e-05,-4.35433080832177e-07,0.999999999999905,-2.86983274384288e-06,-0.000569990729721226,0.000832120099140645,-0.000348580816750637
7.31264768580094,-1.42015688419019e-05,-2.47864135239824e-07,0.999999999999969,5.66121840065491e-05,-0.000571253102966229,-0.000381010333055893,0.000243567343762194
7.31596091154702,-2.86182660267172e-06,-4.9948296837785e-08,0.999999999999999,5.97350900813663e-05,-0.000572729834040691,-0.000445707955821802,0.000877244759472983
7.3192124612356,-4.50469886133841e-06,-7.86218269411947e-08,0.999999999999997,-8.81841978429894e-06,-0.000569640533844291,0.000950100872593081,0.000821096215420007
7.32277103358598,-1.98343700754572e-05,-3.46175062875757e-07,0.99999999999994,-7.51855546525477e-05,-0.000561451204832221,0.00230129619570453,4.07500131368581e-05
7.32542354568538,-2.80204159264661e-05,-4.89048515695071e-07,0.99999999999988,-5.38634499921785e-05,-0.000556502480674658,0.00186567448973927,-0.000407067019029401
7.32807605778477,-2.41934077855985e-05,-4.22254623136311e-07,0.999999999999911,2.51813714908373e-05,-0.000555828426122716,0.000254119312819328,-0.000194370854663225
7.33167233571978,-2.58667481994415e-05,-4.51459922864554e-07,0.999999999999898,-8.12097959501644e-06,-0.000552478104308241,0.000931608144592054,-0.000269675485642006
7.33542878793307,-1.69337852036558e-05,-2.95550306629288e-07,0.999999999999956,4.15044854514036e-05,-0.000552782086984981,-8.09228121322632e-05,0.000217065297703969
7.33838756013955,-1.09524719223727e-05,-1.91156696277635e-07,0.999999999999982,3.52827467160209e-05,-0.000552649927739289,4.46669214352005e-05,0.000565056659313653
7.34134633234603,-1.53074089949732e-05,-2.67164686911675e-07,0.999999999999964,-2.56890308985471e-05,-0.000548845073532545,0.00128595712722015,0.000353957647949491
7.34504307681032,-1.82644537204807e-05,-3.18774853500511e-07,0.999999999999949,-1.39609775810713e-05,-0.000544979269317218,0.00104573206308263,0.000226639090936249
7.34792342088773,-2.78741071633953e-05,-4.86494946054966e-07,0.999999999999882,-5.82291865301436e-05,-0.000539372742728527,0.00194647807276332,-0.000282425719162296
7.35080376496514,-2.74405868270078e-05,-4.78928588810652e-07,0.999999999999885,2.62689353805283e-06,-0.000537341150836632,0.000705329584694094,-0.000250748793957337
7.35448338864795,-3.0525772704211e-05,-5.3277524040387e-07,0.999999999999858,-1.46337387284399e-05,-0.00053345635846802,0.00105575806209746,-0.000405452984037776
7.35800213330617,-1.93546261900859e-05,-3.37801952509718e-07,0.999999999999943,5.54098995045704e-05,-0.000534768587396755,-0.000372925306094674,0.000200803968513189
7.36152087796438,8.79387571924374e-06,1.53482085311987e-07,0.999999999999988,0.000139619121459738,-0.000542123529736745,-0.00209021769249703,0.00173023997960966
7.3645230355578,-3.05479303180128e-06,-5.33161963719121e-08,0.999999999999999,-6.88832199007424e-05,-0.000535647712788668,0.00215705430064029,0.00113052517649247
7.36752620836944,-2.08738339893986e-05,-3.64317130629701e-07,0.999999999999934,-0.000103557455319407,-0.000527051649239095,0.00286232730805815,0.000193284677456698
7.37065795463991,-3.29202169243366e-05,-5.74566175800404e-07,0.999999999999835,-6.71347634873593e-05,-0.000520415905084306,0.00211886391223629,-0.000442085463489136
7.37378970091039,-3.62040410694155e-05,-6.31879719188507e-07,0.9999999999998,-1.83008259412503e-05,-0.000516900625201884,0.00112246637461154,-0.000612819125387697
7.3771728112374,-3.44613300894751e-05,-6.01463674677897e-07,0.999999999999819,8.99055649109764e-06,-0.000514989265075357,0.000564971266608102,-0.000515112071839494
7.38043486606373,-2.03390694026427e-05,-3.54983727867744e-07,0.999999999999937,7.55597192361066e-05,-0.000517575751041736,-0.000792900826038621,0.000252715493710226
7.38369692089006,-7.4178422762962e-06,-1.29465771114999e-07,0.999999999999992,6.91337113443195e-05,-0.000519739669560867,-0.000663360560854204,0.000967839316431124
7.38681467862646,-1.20870727498406e-05,-2.10959216412802e-07,0.999999999999978,-2.61384790569887e-05,-0.000515759639224359,0.00127656818553727,0.000743772474270588
7.39024630561084,-2.39738418021579e-05,-4.18422473799894e-07,0.999999999999913,-6.0456237910354e-05,-0.000508984262075145,0.0019743920828397,0.000134905000120368
7.39307638293093,-3.41197458533744e-05,-5.95501905085031e-07,0.999999999999823,-6.25705276770643e-05,-0.000503278766811146,0.00201602098412275,-0.000411089611502277
7.39590646025103,-3.18289014639232e-05,-5.55519127838274e-07,0.999999999999846,1.41278038458109e-05,-0.00050199984678226,0.000451902857849562,-0.000283847657112358
7.39947160646601,-3.28535727626242e-05,-5.7340301575129e-07,0.999999999999836,-5.01631260952074e-06,-0.000499003204609382,0.000840538365658608,-0.000331341988824125
7.40291950506196,-2.23087704768753e-05,-3.8936149689317e-07,0.999999999999924,5.3377880391962e-05,-0.000500213247237603,-0.000350950758715231,0.000241530046537029
7.40636740365791,-3.45681676412132e-06,-6.03328341720532e-08,0.999999999999998,9.54287527793816e-05,-0.000504383097714484,-0.00120938895412422,0.00127140494457212
7.40951338584299,-8.97711307593282e-06,-1.56680180498863e-07,0.999999999999988,-3.06255219065336e-05,-0.00050011198164444,0.00135764153093312,0.00100488121971065
7.41279209497971,-2.61156251389793e-05,-4.55803644891776e-07,0.999999999999896,-9.12320830913432e-05,-0.00049161663274123,0.00259106512623648,0.00010996759075476
7.41564348998643,-3.66030033651547e-05,-6.3884292484047e-07,0.999999999999796,-6.41928878731415e-05,-0.000485803808174978,0.00203858972627212,-0.000455687665903263
7.41849488499316,-3.41036747837881e-05,-5.95221412006433e-07,0.999999999999823,1.52983058226472e-05,-0.000484613431072947,0.000417471833689527,-0.000318853700389393
7.42201537821954,-3.43809580390623e-05,-6.00060917771614e-07,0.99999999999982,-1.37466697249053e-06,-0.000481953097190771,0.000755670785627804,-0.000328144715160952
7.42540427279576,-2.37802855070892e-05,-4.15044279162984e-07,0.999999999999914,5.45949820648049e-05,-0.000483262845227406,-0.00038648237859708,0.000247617126069207
7.42879316737199,-8.83376666472572e-06,-1.54178313652381e-07,0.999999999999988,7.69767130971096e-05,-0.000486123733733459,-0.000844195191589029,0.00106720511504788
7.43199653769353,-1.21512740729631e-05,-2.12079740885425e-07,0.999999999999977,-1.80751587925403e-05,-0.000482628791809207,0.00109102026099138,0.000915902687731768
7.43541831495614,-2.86353178007824e-05,-4.99780577978574e-07,0.999999999999875,-8.40793584774589e-05,-0.000474299136784497,0.00243430661478871,6.03969413696092e-05
7.43815622113213,-3.77364708234127e-05,-6.58625663951279e-07,0.999999999999783,-5.80169939223667e-05,-0.000469092651292846,0.0019016303543558,-0.000437647613427292
7.44089412730813,-3.41320894125909e-05,-5.95717340834772e-07,0.999999999999823,2.29768001796663e-05,-0.000468408471038416,0.000249891782424236,-0.000242546814929212
7.44446222128997,-3.51169688719391e-05,-6.12906730135657e-07,0.999999999999812,-4.81752705740696e-06,-0.000465501740084832,0.000814645289159168,-0.000289661925428091
7.44801399349957,-2.52894413304114e-05,-4.413840172056e-07,0.999999999999903,4.8292149047867e-05,-0.000466458504085644,-0.000269376509626814,0.000240882512708648
7.45156576570917,-4.8463552089206e-07,-8.45848551168421e-09,1,0.000121890004804861,-0.000472748213505062,-0.00177086509163437,0.0015860946179619
7.45467471066018,-8.75973447436427e-06,-1.52886208178111e-07,0.999999999999988,-4.64555419739367e-05,-0.000467594382293422,0.00165774283329194,0.00117270685930861
7.45781137014656,-2.85951603248311e-05,-4.99079697803933e-07,0.999999999999875,-0.000110370121821899,-0.00045831473963018,0.00295844757887448,0.000126132901609804
7.4607530037506,-3.99240637341118e-05,-6.96806362936256e-07,0.999999999999757,-6.72166189769413e-05,-0.000452203510714015,0.00207749493607128,-0.000483320032134399
7.46369463735464,-3.85089258807507e-05,-6.72107548025506e-07,0.999999999999774,8.39629207283141e-06,-0.000450629116159216,0.00053521096326802,-0.000407130819358978
7.46715898316743,-3.77566578679814e-05,-6.5897799434525e-07,0.999999999999783,3.78990851080065e-06,-0.000448455679422623,0.000627372916574136,-0.000365082250487525
7.47044800198839,-2.64167904969531e-05,-4.61059971981365e-07,0.999999999999894,6.01753997582661e-05,-0.000450177046469867,-0.000523367952859681,0.000249439366916912
7.47373702080936,-1.56296050504987e-05,-2.72788068917534e-07,0.999999999999963,5.72425739445033e-05,-0.000451707620487081,-0.000465358850322703,0.000844023232734989
7.47698731101986,-1.71769539243509e-05,-2.9979440144328e-07,0.999999999999955,-8.30889882955451e-06,-0.000448884420235414,0.00086859943845793,0.000782994632780539
7.48058027217243,-3.19131882145687e-05,-5.56990209152845e-07,0.999999999999845,-7.15832420078589e-05,-0.000441137752645489,0.00215606772825084,2.52328000273165e-05
7.48321902618632,-3.96217624516612e-05,-6.91530210224493e-07,0.999999999999761,-5.09861852842257e-05,-0.000436560615879767,0.00173458258770198,-0.000405338356968633
7.48585778020021,-3.55957924685605e-05,-6.21263778432941e-07,0.999999999999807,2.66286404195704e-05,-0.000436160461466459,0.000151645212551696,-0.000189504616575036
7.48946133822447,-3.7155759361519e-05,-6.48490336937167e-07,0.99999999999979,-7.55546554848979e-06,-0.000433110095161978,0.000846487356093694,-0.000268748934594167
7.49324599256336,-2.81768885866175e-05,-4.91779478804067e-07,0.999999999999879,4.14069143706323e-05,-0.000433690117962311,-0.000153256479560422,0.00020939164453934
7.4961861695639,-2.21792105774146e-05,-3.87100250069027e-07,0.999999999999925,3.56030363872249e-05,-0.000433798386070195,-3.68236700935394e-05,0.000550380793029381
7.49912634656444,-2.64396807691839e-05,-4.61459482598469e-07,0.999999999999894,-2.52907333523908e-05,-0.000430263323918163,0.00120232970715194,0.00033597632864596
7.50282500631464,-2.87840165101288e-05,-5.02375860050133e-07,0.999999999999874,-1.10624875536209e-05,-0.000426895521370909,0.000910546731710405,0.000230829604440506
7.50571385371425,-3.80864984809239e-05,-6.64734799047892e-07,0.999999999999779,-5.62019783460102e-05,-0.00042161342108644,0.00182844558877797,-0.000268907229862362
7.50860270111386,-3.77270988024236e-05,-6.58462091327455e-07,0.999999999999783,2.17135308749307e-06,-0.000419772175015016,0.000637363562946727,-0.000248774686476371
7.51229973707267,-4.09369174967022e-05,-7.14483995934668e-07,0.999999999999745,-1.51531944052838e-05,-0.000416117633036566,0.000988505932634292,-0.000420036230472814
7.51582589391889,-2.95035226104815e-05,-5.14933610489471e-07,0.999999999999867,5.65914660487751e-05,-0.000417794225964381,-0.000475473157019265,0.000190444257453642
7.5193520507651,2.01430307518353e-07,3.51562207949994e-09,1,0.000147029543829139,-0.000425975949088716,-0.00232029472345133,0.00179367898957731
7.52233563139584,-1.24575312384742e-05,-2.1742493678142e-07,0.999999999999976,-7.40521494825386e-05,-0.000419463514152515,0.00218275814941901,0.00114333074859918
7.52530598789465,-3.02706107984951e-05,-5.28321825023465e-07,0.99999999999986,-0.000104666523485328,-0.000411132198945869,0.00280481996352797,0.000197984914107767
7.52847293913704,-4.21479144637804e-05,-7.35619880241841e-07,0.999999999999729,-6.54566614237334e-05,-0.000404785421607428,0.00200406537792353,-0.000435230716152032
7.53163989037943,-4.63533535284248e-05,-8.09018638411856e-07,0.999999999999673,-2.31764724343236e-05,-0.000401172925735546,0.00114068566119107,-0.000663322637612472
7.5350064199216,-4.41973377521356e-05,-7.71389064390679e-07,0.999999999999702,1.11775564568061e-05,-0.00039969583808034,0.000438756778070946,-0.000552573355358657
7.53827099554193,-2.92843656176178e-05,-5.11108599385231e-07,0.999999999999869,7.97287290221664e-05,-0.000402829875571686,-0.000960013752425014,0.000249016362298959
7.54153557116226,-1.52522941588807e-05,-2.66202751555164e-07,0.999999999999965,7.50191989136645e-05,-0.000405656828004145,-0.000865947909080728,0.00101579552983029
7.54462093118446,-2.06731454385349e-05,-3.60814454646073e-07,0.999999999999935,-3.06647206193357e-05,-0.000401690083210669,0.00128566675037294,0.000743973044594111
7.54800430101957,-3.21154302928983e-05,-5.60519999305773e-07,0.999999999999843,-5.90256325476045e-05,-0.000395391439801642,0.00186164791790381,0.000148716552977262
7.55088526709503,-4.24653125692267e-05,-7.4115952222147e-07,0.999999999999725,-6.2701023956603e-05,-0.000389817810766346,0.00193463889865518,-0.00041283879583114
7.55376623317049,-4.0680207709755e-05,-7.10003564930347e-07,0.999999999999748,1.08144131083285e-05,-0.000388564767700525,0.000434938500836186,-0.000319595643463702
7.55731380486054,-4.13368763531689e-05,-7.21464594852521e-07,0.99999999999974,-3.23066901067375e-06,-0.000386013306795247,0.000719213345973069,-0.000356532703572314
7.56070672376506,-3.01819223099528e-05,-5.26773918889784e-07,0.999999999999861,5.7381470480592e-05,-0.000387770598697133,-0.000517929237726403,0.000241720416373678
7.56409964266958,-1.38979348371346e-05,-2.42564722135618e-07,0.999999999999971,8.37653963304403e-05,-0.000391358819642974,-0.00105756165909557,0.00112638407426223
7.56726618208884,-1.80925605245876e-05,-3.157747512704e-07,0.99999999999995,-2.3119885604324e-05,-0.000387817238388181,0.00111843902313537,0.000922066298647081
7.57062629676428,-3.38085729200669e-05,-5.90070912855727e-07,0.999999999999826,-8.16329762761218e-05,-0.00038005953241341,0.00230876226679733,9.83800391239769e-05
7.57342832377832,-4.36616384760177e-05,-7.62039348221875e-07,0.99999999999971,-6.13728684642978e-05,-0.000374752459406309,0.00189401207786583,-0.000441800222302251
7.57623035079236,-4.05987118832856e-05,-7.08581194431822e-07,0.999999999999749,1.90783862975535e-05,-0.000374043525588154,0.000253007488722496,-0.000281011101983587
7.57977811540173,-4.11630630347073e-05,-7.18430980161549e-07,0.999999999999742,-2.776335753425e-06,-0.000371572837849774,0.000696406895726502,-0.000313013650283668
7.58323829962043,-3.07496559567661e-05,-5.3668274030103e-07,0.999999999999856,5.2525596434549e-05,-0.00037306968560102,-0.000432591924775845,0.000243847515435687
7.58669848383913,-1.1731024099537e-05,-2.04744995167722e-07,0.999999999999979,9.59306569111464e-05,-0.000377634130951548,-0.00131913362469614,0.00127357989805032
7.58985836638013,-1.6850178655048e-05,-2.94091097079853e-07,0.999999999999957,-2.82751338864076e-05,-0.000373811454203626,0.00120975279882108,0.00102066941844726
7.59314883126831,-3.44728478788022e-05,-6.01664698024204e-07,0.999999999999819,-9.34742084771407e-05,-0.000365465851077011,0.00253629909761263,9.19991474873599e-05
7.5959774188829,-4.45607592240272e-05,-7.7773196564763e-07,0.999999999999698,-6.22456475150468e-05,-0.000360097086473488,0.00189803723095652,-0.000460694398472029
7.5988060064975,-4.15840216898262e-05,-7.2577809470814e-07,0.999999999999737,1.8367425025636e-05,-0.000359379500066958,0.000253690712222706,-0.000305442472847851
7.60233334759259,-4.17694064253288e-05,-7.29013668725599e-07,0.999999999999734,-9.17284132788288e-07,-0.000357105455093603,0.000644690976021478,-0.000318376957869361
7.60574007212036,-3.12180516981139e-05,-5.44857788189868e-07,0.999999999999852,5.40565810456524e-05,-0.000358732604800958,-0.000477628788030982,0.000246105819660401
7.60914679664813,-1.54617820322715e-05,-2.69859004688835e-07,0.999999999999964,8.07223423141971e-05,-0.000362217948688736,-0.00102307769805386,0.00110059559529725
7.61234874068613,-1.88074807602062e-05,-3.28252463271078e-07,0.999999999999946,-1.82368766878286e-05,-0.000359043728481494,0.000991341562992981,0.000940412606392302
7.61575106851168,-3.56232800922531e-05,-6.21743527969926e-07,0.999999999999807,-8.62618418175212e-05,-0.000350961821356858,0.00237540517522923,5.82982446178812e-05
7.61849602430196,-4.4677180026484e-05,-7.79763891968314e-07,0.999999999999696,-5.75675442780715e-05,-0.000346051820099613,0.00178873600610512,-0.000443543482893989
7.62124098009224,-4.09598394315623e-05,-7.14884059168903e-07,0.999999999999744,2.36360210350621e-05,-0.000345688396454903,0.00013239690271005,-0.000248959146952174
7.62480419858061,-4.1707683772933e-05,-7.27936405218227e-07,0.999999999999735,-3.66307766193328e-06,-0.00034324154826161,0.000686696087057651,-0.000291891388838646
7.62833965709229,-3.16828457683862e-05,-5.52969975059864e-07,0.999999999999847,4.94890350376359e-05,-0.000344650723997671,-0.000398583587222939,0.000241250125158124
7.63187511560396,-8.02355667294761e-06,-1.40037481663297e-07,0.99999999999999,0.000116797437173416,-0.000350916597006527,-0.00177229431151974,0.00151710673293374
7.63499693734565,-1.54162536878202e-05,-2.69064385175177e-07,0.999999999999964,-4.13306441520377e-05,-0.000346396952969502,0.0014477585240271,0.00114325493427749
7.6381660078581,-3.47696777425757e-05,-6.06845356465298e-07,0.999999999999816,-0.000106586764151769,-0.000337601323166422,0.0027754604287103,0.000116377452783736
7.64108023168509,-4.57236555815875e-05,-7.98028335946499e-07,0.999999999999682,-6.56033959059921e-05,-0.000331952361029445,0.00193841052449133,-0.000480681541034211
7.64399445551209,-4.37498273957884e-05,-7.6357853523565e-07,0.999999999999708,1.18212610821808e-05,-0.000330906348713939,0.000358933416786838,-0.000380986492559767
7.64747407168895,-4.3111141537976e-05,-7.52431364130902e-07,0.999999999999717,3.20356342142018e-06,-0.000329053376783619,0.000532521932345761,-0.000352396166190246
7.65078414790856,-3.18956439865568e-05,-5.56684004609317e-07,0.999999999999845,5.91368133342613e-05,-0.000331070339414051,-0.000609340237689393,0.000247868135730432
7.65409422412818,-2.03143702086629e-05,-3.54552645610207e-07,0.999999999999937,6.10654696714386e-05,-0.000333224246857865,-0.000650712340413901,0.000877685232825096
7.65734180246712,-2.18825204525189e-05,-3.81922030531446e-07,0.999999999999927,-8.42762885596805e-06,-0.000330745500728364,0.000763259841889665,0.000808972599324072
7.66090847192394,-3.69717459653379e-05,-6.45278697306031e-07,0.999999999999792,-7.38382600245322e-05,-0.000323277031621428,0.00209396166293029,2.38406178593851e-05
7.66355694986962,-4.46827292053142e-05,-7.79860743409683e-07,0.999999999999696,-5.08148638062683e-05,-0.000318979153427316,0.00162277288399582,-0.000412048455945824
7.6662054278153,-4.05413979725966e-05,-7.07580877983105e-07,0.99999999999975,2.7291095832785e-05,-0.000318900766255701,2.95970641336579e-05,-0.00019563671095163
7.66980422098813,-4.18818439733258e-05,-7.30976074141014e-07,0.999999999999733,-6.50084487615179e-06,-0.000316323352673103,0.000716188305028911,-0.000270768737724788
7.6735590423146,-3.26274182918927e-05,-5.69455875618921e-07,0.999999999999838,4.30167468645481e-05,-0.000317431603600579,-0.000295154104847761,0.000215007409328025
7.67652207138605,-2.63485573183893e-05,-4.59869078356324e-07,0.999999999999894,3.69847188873407e-05,-0.000317948163505587,-0.000174335078243206,0.000564552525772099
7.6794851004575,-3.04154527654712e-05,-5.30849794242263e-07,0.999999999999859,-2.39554571265822e-05,-0.000314790975855985,0.00106552705811152,0.000354740124939238
7.68318203363607,-3.31321912814671e-05,-5.78265826262128e-07,0.999999999999833,-1.2825774697425e-05,-0.000311698008065424,0.000836630699327648,0.00022286289990351
7.68605974731958,-4.25161376444945e-05,-7.42046587127468e-07,0.999999999999725,-5.69135010908012e-05,-0.00030671132554475,0.00173286263649227,-0.000287841366634227
7.68893746100309,-4.17771497125706e-05,-7.29148814582895e-07,0.999999999999734,4.4819512860125e-06,-0.0003053300046218,0.000480006378280829,-0.000253296966192313
7.69261425339965,-4.44863430641963e-05,-7.76433158641891e-07,0.999999999999699,-1.28602159053972e-05,-0.000302273506721526,0.000831294664104128,-0.000404887435041103
7.69613277291899,-3.30422205209809e-05,-5.76695540261121e-07,0.999999999999834,5.67675174978921e-05,-0.000304348647134485,-0.000589776581187987,0.000199908276380451
7.69965129243833,-4.76518836627726e-06,-8.31682264692676e-08,0.999999999999997,0.000140265617706291,-0.000312418035554559,-0.00229340447757046,0.00172025593609545
7.70265652900625,-1.62276288162195e-05,-2.83225552634537e-07,0.99999999999996,-6.65695766851294e-05,-0.00030665054694809,0.00191914628885794,0.00112761909414201
7.70566435099108,-3.38050518524921e-05,-5.90009458633362e-07,0.999999999999826,-0.000101995366596031,-0.000298712739259241,0.00263905501351833,0.000189966144396342
7.70879055227115,-4.55939110730414e-05,-7.9576386708599e-07,0.999999999999683,-6.58161103587841e-05,-0.000292773349538538,0.00189987438063324,-0.000445688335847634
7.71191675355122,-4.8457538499316e-05,-8.45743594224876e-07,0.999999999999642,-1.59873669867566e-05,-0.00029001437669442,0.00088253205630391,-0.000607689819300968
7.71530227607208,-4.6471383584808e-05,-8.11078651512056e-07,0.999999999999671,1.02391706152451e-05,-0.000288842831083628,0.000346045729595418,-0.000511628578027589
7.71856402114911,-3.2183483021057e-05,-5.61707743477107e-07,0.999999999999842,7.64532181840016e-05,-0.000292121798086141,-0.00100527997285915,0.00025102056573536
7.72182576622614,-1.91414336746082e-05,-3.34081041174023e-07,0.999999999999944,6.97867849654746e-05,-0.000294964415680623,-0.000871502072463361,0.000958585726047484
7.72494860145301,-2.34273922314973e-05,-4.08885129595758e-07,0.999999999999916,-2.39539018191684e-05,-0.000291727329763165,0.00103658556481353,0.000741758442596125
7.72838776048824,-3.50962831805992e-05,-6.12545696713726e-07,0.999999999999812,-5.92181300810748e-05,-0.000285698288442562,0.00175305685454941,0.000130384351021866
7.73120991322854,-4.495996930103e-05,-7.84699495898466e-07,0.999999999999692,-6.10008794799783e-05,-0.000280654155413204,0.00178733523431891,-0.000412672912672357
7.73403206596883,-4.23597088337608e-05,-7.39316389335186e-07,0.999999999999727,1.60810242179028e-05,-0.000280047726201476,0.000214881782643915,-0.000280569216898921
7.73759979860017,-4.31413565104082e-05,-7.52958714883244e-07,0.999999999999717,-3.82380827201862e-06,-0.000277841299255824,0.000618439545125136,-0.000329613973806978
7.7410573674108,-3.23998545364449e-05,-5.65484138828154e-07,0.99999999999984,5.42215025421242e-05,-0.00027980024071708,-0.000566566153429488,0.000239577551865862
7.74451493622143,-1.27500976028981e-05,-2.22531183121206e-07,0.999999999999975,9.91890471283238e-05,-0.000284934860224917,-0.00148503754778558,0.00129817155773312
7.74765650079624,-1.82900191954159e-05,-3.19221055212966e-07,0.999999999999949,-3.07776172633728e-05,-0.000281287006260409,0.00116115835840341,0.00101830114159458
7.7509199978708,-3.54089091802349e-05,-6.18002049734707e-07,0.999999999999809,-9.15524015178008e-05,-0.000273462812132053,0.00239748771015033,0.000110975527369779
7.75378153089494,-4.57878960014031e-05,-7.99149542785145e-07,0.999999999999681,-6.33043517309486e-05,-0.000268255130295146,0.00181989227206457,-0.000459697913643334
7.75664306391909,-4.31900647191308e-05,-7.53808833498202e-07,0.999999999999716,1.58449016329047e-05,-0.00026766768985498,0.000205288715946551,-0.000328778033987078
7.76015794010149,-4.31218546697896e-05,-7.5261834355425e-07,0.999999999999717,3.38700392894101e-07,-0.000265842677122915,0.000519225326116707,-0.000333287658084718
7.76353430776363,-3.22055305831444e-05,-5.6209254602757e-07,0.999999999999842,5.64292211607837e-05,-0.000267955937042408,-0.000625897452813684,0.000246646620199308
7.76691067542576,-1.76155058169902e-05,-3.07448575910689e-07,0.999999999999953,7.54195027314951e-05,-0.000271382900235746,-0.0010149851960055,0.00103436664371601
7.77012064156558,-2.0439900113028e-05,-3.56743555751092e-07,0.999999999999936,-1.53568535284136e-05,-0.000268710126266051,0.000832648649011468,0.000897115483475596
7.77356445320669,-3.64647918800457e-05,-6.36430679361248e-07,0.999999999999797,-8.12144079751613e-05,-0.000261228485877642,0.00217248826826431,5.42364743251494e-05
7.77628851195463,-4.51957633673287e-05,-7.88814878712044e-07,0.999999999999689,-5.59401295826487e-05,-0.000256718922895713,0.00165545731542305,-0.00043473446720027
7.77901257070258,-4.13252559490128e-05,-7.21261780539584e-07,0.99999999999974,2.47986935756876e-05,-0.000256695573759562,8.57145102624697e-06,-0.000235346075378194
7.78258625536526,-4.21601601194175e-05,-7.35833607251775e-07,0.999999999999729,-4.07753567749439e-06,-0.000254569310698551,0.000594977806300418,-0.000287234816305618
7.78616534090672,-3.21869916472038e-05,-5.6176898055559e-07,0.999999999999842,4.86338269034572e-05,-0.00025629218244592,-0.000481372050879836,0.000237776866300752
7.78974442644819,-4.94897333145628e-06,-8.63758792273047e-08,0.999999999999996,0.000132825297361814,-0.000264163154121596,-0.00219915718260729,0.00170021401820624
7.79283415965299,-1.42753301941639e-05,-2.4915151369752e-07,0.999999999999969,-5.26827475643896e-05,-0.00025928512618265,0.00157878613317013,0.00122059753766125
7.79592078809004,-3.45624789814625e-05,-6.03229055877821e-07,0.999999999999818,-0.000114713367482315,-0.000250516705262295,0.00284077630307305,0.000137408105869721
7.79962558158765,-7.54816847809229e-05,-1.31740392437922e-06,0.999999999999132,-0.00019277049286625,-0.000234107522111673,0.00442917619057944,-0.00204518177363897
7.80260930483263,-6.96301377647998e-05,-1.2152751626127e-06,0.999999999999262,3.42286309356306e-05,-0.000234699752237657,-0.000198486949813674,-0.00176685132945614
7.80523996042152,-4.3245253421144e-05,-7.54772058058233e-07,0.999999999999715,0.0001750526015263,-0.000242775116051981,-0.00306971533956479,-0.000356621029577135
7.80946949446929,-2.28365724431746e-05,-3.98573379003593e-07,0.999999999999921,8.42170024006549e-05,-0.000247939405277211,-0.00122100665626558,0.000693760979832305
7.81187045391993,-2.91164188654432e-05,-5.08177375591754e-07,0.999999999999871,-4.56500823281363e-05,-0.000244522119597724,0.00142330003889796,0.000396457880934352
7.81427141337057,-3.46935006965206e-05,-6.05515816197194e-07,0.999999999999817,-4.05414762750625e-05,-0.000241358582483863,0.00131761372022321,0.000102518366438033
7.81793429298799,-3.26571283989111e-05,-5.69974414807513e-07,0.999999999999838,9.70313117052985e-06,-0.000240289452968501,0.000291882242123742,0.000212586627371373
7.82320853339731,-3.8092435059426e-05,-6.64838411889057e-07,0.999999999999779,-1.79862861226353e-05,-0.000235788465805306,0.000853390595400857,1.85936457014821e-05
7.82522320061912,-3.70963390361775e-05,-6.47453256617352e-07,0.99999999999979,8.6292937530605e-06,-0.000235167094690044,0.000308423698233123,-1.69499769455146e-05
7.82723786784094,-3.6717257988164e-05,-6.40837044197607e-07,0.999999999999795,3.2840224668888e-06,-0.000234328424215842,0.000416282384068607,-1.10768740251154e-05
7.83058382153195,-3.95096642794303e-05,-6.89573728033597e-07,0.999999999999762,-1.45658572522902e-05,-0.000231724075127157,0.000778357780528777,-0.000163549036924245
7.8351068961836,-6.6835430100803e-05,-1.16649831224527e-06,0.99999999999932,-0.000105442563066571,-0.000219839058338275,0.00262764108581191,-0.00164213033058618
7.83938396119596,-9.22579152687938e-05,-1.61020438246571e-06,0.999999999998704,-0.000103740782274568,-0.000208761342916325,0.00259002736454816,-0.00316364899734663
7.84126822504338,-4.81519877039894e-05,-8.4041072681434e-07,0.999999999999647,0.000408538144327697,-0.000223552414055362,-0.00784978768192538,-0.000661303682197308
7.84315248889081,-3.87036468335767e-05,-6.75506069774939e-07,0.999999999999772,8.7516754760513e-05,-0.000226020770504334,-0.00130998450792398,-0.000134739364172891
7.84629179831239,-3.44668588920478e-05,-6.01560170486483e-07,0.999999999999819,2.35548298553249e-05,-0.000226046779948004,-8.28508444935735e-06,9.04807736689428e-05
7.85055082757158,-9.51558997921014e-06,-1.66078375406995e-07,0.999999999999986,0.000102249073339924,-0.000232921320014739,-0.00161410961239715,0.00142380062944523
7.85447277147516,3.47650303986633e-05,6.06764245012555e-07,0.999999999999816,0.00019705601085066,-0.0002468379702336,-0.00354840623960907,0.00385585924110988
7.85702177433861,-3.2708464919708e-05,-5.70870406121937e-07,0.999999999999837,-0.0004619981672133,-0.000221657132092717,0.00987870139416724,0.000200681771384251
7.85957077720205,-3.93171655371285e-05,-6.86213991174483e-07,0.999999999999765,-4.52504729227855e-05,-0.000218126084003525,0.00138526642705106,-0.000171816931564226
7.86265073970813,-4.09133487436185e-05,-7.14072643592767e-07,0.999999999999745,-9.04512712844087e-06,-0.000216137011940554,0.000645810479526061,-0.000263888778484981
7.86654392608526,-4.77157922022376e-05,-8.32797679126385e-07,0.999999999999653,-3.04955951328537e-05,-0.000211929510053498,0.00108073477082261,-0.00064244761479113
7.86986403688863,-3.28586398480243e-05,-5.73491453075002e-07,0.999999999999836,7.81016783500326e-05,-0.000215695614801321,-0.00113433104220425,0.000143810366628315
7.873184147692,-1.32915873159325e-05,-2.31981961479336e-07,0.999999999999973,0.000102860871766335,-0.000221143457144132,-0.00164086160536495,0.00119672459854463
7.87619489457974,-2.0025540192539e-05,-3.49511610850258e-07,0.999999999999939,-3.90367087481158e-05,-0.000217384246048304,0.00124859751948523,0.000849022235086678
7.87935133263277,-3.17382688975629e-05,-5.53937291145755e-07,0.999999999999847,-6.47646736166042e-05,-0.000211794401536413,0.00177093433103353,0.000225494510737847
7.88240851445767,-4.24521345772561e-05,-7.40929522872783e-07,0.999999999999726,-6.11649036390312e-05,-0.000206610473115427,0.00169565590726804,-0.000356319429172396
7.88546569628257,-4.41001906168276e-05,-7.69693527020675e-07,0.999999999999704,-9.40866647630041e-06,-0.000204656438652415,0.000639162004397704,-0.000454900934826653
7.8889502927662,-4.46597465529562e-05,-7.79459620455195e-07,0.999999999999696,-2.80264687185715e-06,-0.000202905251397682,0.000502550944696496,-0.000497766116802022
7.89232980512768,-3.08993119773103e-05,-5.39294730604957e-07,0.999999999999855,7.10649538045461e-05,-0.000206300686868487,-0.00100471165885025,0.000229655088851928
7.89570931748916,-1.03614658068792e-05,-1.80841693662852e-07,0.999999999999984,0.000106066496760917,-0.000212113318687852,-0.00171996169791302,0.0013343742663895
7.89873886557335,-1.87529776429636e-05,-3.27301204422594e-07,0.999999999999946,-4.83436825195317e-05,-0.000207797849030852,0.00142445986565474,0.000898224196145963
7.90192326453285,-3.24345649387776e-05,-5.66089949633552e-07,0.99999999999984,-7.49870692232179e-05,-0.000201539052832129,0.00196545604941718,0.000169308361856138
7.90494075332151,-4.34605148674047e-05,-7.58529079048085e-07,0.999999999999712,-6.37745963259264e-05,-0.000196303480044834,0.00173507613581759,-0.00043194876496517
7.90795824211017,-4.36322741809793e-05,-7.61526844590927e-07,0.99999999999971,-9.93463688783685e-07,-0.000194933597638912,0.000453980943051406,-0.000452245574177114
7.91142668823715,-4.29817810168219e-05,-7.50173597114668e-07,0.999999999999719,3.27329503201143e-06,-0.000193667345537918,0.000365077632644309,-0.00043019078796333
7.91471163715488,-3.02167882032876e-05,-5.27382443525125e-07,0.999999999999861,6.78218015468699e-05,-0.000196795373789435,-0.000952230409014275,0.000247400271494602
7.9179965860726,-1.77827883581037e-05,-3.10368207034221e-07,0.999999999999952,6.60631997410724e-05,-0.000199812130695629,-0.000918357326628551,0.000918112820411148
7.92117853316118,-2.06138986448406e-05,-3.59780403024857e-07,0.999999999999935,-1.55289181796934e-05,-0.000197450244092289,0.00074227714590799,0.00077611517788862
7.92467238239833,-3.35419241493607e-05,-5.85417013860509e-07,0.999999999999829,-6.45810953823806e-05,-0.000191371666591364,0.00173979387441814,9.66000102943635e-05
7.92741602962791,-4.26503794791002e-05,-7.44389549135254e-07,0.999999999999723,-5.79420464703539e-05,-0.000186974752322123,0.00160258003355219,-0.000412774626258298
7.93015967685749,-3.91899959687959e-05,-6.8399446349874e-07,0.999999999999766,2.20127008258635e-05,-0.00018705224498766,-2.82443984421968e-05,-0.00023723191064886
7.93374452039499,-4.01507840592584e-05,-7.00763379091256e-07,0.999999999999754,-4.67772593619007e-06,-0.000185210600646284,0.000513730745042202,-0.000298604445144329
7.93731650298247,-2.99670330112969e-05,-5.23023393100939e-07,0.999999999999863,4.97594771635393e-05,-0.000187345398269307,-0.000597650624195362,0.000235033426616568
7.94088848556995,-2.55270037387628e-06,-4.45530263410314e-08,0.999999999999999,0.00013395092362342,-0.000195615578600005,-0.00231529133419665,0.00170443370818572
7.94396786084565,-1.21162611148585e-05,-2.11468649485638e-07,0.999999999999978,-5.42043785509313e-05,-0.00019094499256911,0.00151673167857965,0.00120990909479499
7.94704456552167,-3.19973976189352e-05,-5.58459940520185e-07,0.999999999999844,-0.000112780174756311,-0.000182611877100228,0.00270845477430552,0.000146146908330529
7.95079050580077,-7.3980680609369e-05,-1.29120645949945e-06,0.999999999999166,-0.000195610838503751,-0.000166151253038291,0.00439425693831279,-0.00209389791054433
7.95379224509991,-6.96442215394076e-05,-1.21552097085072e-06,0.999999999999261,2.52138780574405e-05,-0.000166473866672114,-0.000107475567220506,-0.00190027639446777
7.95639841101932,-4.1061355541441e-05,-7.16655849530103e-07,0.999999999999743,0.000191417253063582,-0.000175584308908768,-0.00349572610431725,-0.00037386348006147
7.9605250417448,-2.33099895202059e-05,-4.06836065732955e-07,0.999999999999917,7.50781459276037e-05,-0.000180235644251464,-0.00112715085310929,0.000537297415988175
7.96298874961121,-2.63896620668718e-05,-4.60586491555549e-07,0.999999999999894,-2.18168828193386e-05,-0.000178152741913705,0.000845433976225306,0.000404620870692429
7.96545245747763,-3.18377911897536e-05,-5.55674282823614e-07,0.999999999999846,-3.85954002763112e-05,-0.000175231238173037,0.00118581581059055,0.000115686837442365
7.96914336921714,-2.98856820015633e-05,-5.21603550131266e-07,0.999999999999864,9.23098006588074e-06,-0.00017445809739917,0.000209471487922765,0.000219526622878048
7.9731780441799,-3.71993151973374e-05,-6.49250529680656e-07,0.999999999999789,-3.16374877102728e-05,-0.000170262039712338,0.0010399989405732,-0.00015992587127075
7.97598114065439,-4.25990239838073e-05,-7.43493226653401e-07,0.999999999999724,-3.36209252270308e-05,-0.000167239257665093,0.001078372462297,-0.000468368308632445
7.97878423712887,-3.83249062493867e-05,-6.68895799569899e-07,0.999999999999776,2.66125079042319e-05,-0.000167661368473345,-0.000150587328011841,-0.000248787269138349
7.98250083076419,-3.85400240570874e-05,-6.72650313593947e-07,0.999999999999774,-1.01020299566014e-06,-0.000166136145509936,0.000410381955378511,-0.000273241366488393
7.98543809769823,-3.07656373310604e-05,-5.3696166790146e-07,0.999999999999856,4.61955446131328e-05,-0.000167761666135569,-0.000553412632263767,0.000143685318668739
7.98837536463228,-2.98751172432767e-05,-5.21419160314487e-07,0.999999999999864,5.2914862475753e-06,-0.000166943987746571,0.000278380687679211,0.000192003064496202
7.99223211155295,-2.38685572015975e-05,-4.16584910868467e-07,0.999999999999913,2.71820400981774e-05,-0.00016759818826844,-0.000169624954741922,0.000516572594133647
7.99588650868798,-3.51399150513698e-05,-6.13307216517476e-07,0.999999999999812,-5.38316713756485e-05,-0.000162193261258816,0.00147902015295878,-7.47402332911389e-05
7.99866700582744,-4.23729328331467e-05,-7.39547191664752e-07,0.999999999999727,-4.54019439026031e-05,-0.000158563743882591,0.00130534835828837,-0.000483845179141277
8,-3.52285503587676e-05,-6.14854194465086e-07,0.999999999999811,9.35435426250302e-05,-0.000160599286377007,-0.0015270453062132,-0.000107066091725604
8.00391618293019,-4.40129505678172e-05,-7.68170900925843e-07,0.999999999999705,-3.91495262590482e-05,-0.000155996571102763,0.00117530650541333,-0.000585513725141277
8.00829126876538,-7.52199608355356e-05,-1.3128359798009e-06,0.999999999999138,-0.000124492432695888,-0.000143256844141888,0.00291188046150411,-0.00231964055109423
8.01061574840166,-3.51380086620383e-05,-6.13273943746817e-07,0.999999999999812,0.000300954254507374,-0.000156643519094648,-0.00575899859212332,-0.000129577648451801
8.01294022803794,-3.23955370473258e-05,-5.65408784427607e-07,0.99999999999984,2.05917739919655e-05,-0.000156754081855311,-4.75645210813284e-05,2.38141000638123e-05
8.01646383096717,-2.89065297718076e-05,-5.04514119843787e-07,0.999999999999873,1.72819315362191e-05,-0.000156689931099208,1.8206011685123e-05,0.000206716693212724
8.02105465248899,3.06164114801575e-06,5.34357185474138e-08,0.999999999999999,0.000121535946396377,-0.00016636920512098,-0.00210839693413652,0.00193493046620145
8.0241419991657,-2.94708110903712e-05,-5.14362686760215e-07,0.999999999999868,-0.000183911450434571,-0.000153669665746386,0.00411341540307268,0.000195616029519595
8.02722934584241,-5.14310921492912e-05,-8.97641895901619e-07,0.999999999999597,-0.000124145180077488,-0.000144735455095281,0.00289381517097149,-0.000998362850712879
8.03003345723706,-4.38386102683111e-05,-7.65128088680548e-07,0.999999999999707,4.72569697030004e-05,-0.000146419132561945,-0.000600431733872001,-0.00061117845387247
8.0330742283004,-3.71887395517678e-05,-6.49065949844943e-07,0.999999999999789,3.8168654074304e-05,-0.000147686677034395,-0.000416849689124541,-0.000263924521911627
8.03677067474685,-2.62163176596149e-05,-4.57561060908998e-07,0.999999999999895,5.18078353656556e-05,-0.000150261804235906,-0.00069664940066397,0.000308640810566835
8.04046712119331,1.42600957934603e-05,2.48885623245672e-07,0.999999999999969,0.000191115086986293,-0.000163337194015238,-0.0035372864097267,0.00247620827302805
8.04344519271597,-6.47416411626776e-06,-1.12995480143341e-07,0.999999999999994,-0.000121515249259608,-0.000154905515184829,0.0028312546445751,0.00138730773561828
8.04635750724334,-2.97834239716737e-05,-5.19818810823089e-07,0.999999999999865,-0.000139690726003657,-0.000145586296354651,0.00319993556416566,0.000133938974778238
8.04998827923332,-5.81853623840504e-05,-1.01552615006756e-06,0.999999999999484,-0.000136529460019393,-0.000134208431511598,0.00313373157953021,-0.00138575284867059
8.05313218835946,-6.37153900944081e-05,-1.11204334133977e-06,0.999999999999382,-3.069973952801e-05,-0.000131141964004626,0.000975367729771262,-0.00171181352112887
8.0559259279792,-3.97159473836073e-05,-6.9317404739272e-07,0.99999999999976,0.000149931400545547,-0.000138704259076138,-0.00270687182802512,-0.00043516788472192
8.06015654580547,-5.95730977609246e-06,-1.03974670154059e-07,0.999999999999995,0.000139270291345949,-0.000149245311112006,-0.00249161055635897,0.00131394853981637
8.06244649146598,-2.32304373646125e-05,-4.05447618690792e-07,0.999999999999918,-0.000131650699724744,-0.000142313037761753,0.00302726543682847,0.000439853746990654
8.06473643712648,-2.97319521796211e-05,-5.18920458579869e-07,0.999999999999865,-4.95526343032121e-05,-0.000139214674019604,0.00135302937339965,9.57951285500968e-05
8.06828159143927,-2.7771623273791e-05,-4.8470626475112e-07,0.999999999999883,9.6509744880053e-06,-0.000138700392037061,0.000145066176862509,0.000198141079810997
8.07329193627991,-1.74209318025072e-05,-3.04052618719137e-07,0.999999999999954,3.60561302221508e-05,-0.000140680632010148,-0.00039523027577374,0.000804327971216492
8.0754676315037,-3.15004547269056e-05,-5.49786650859886e-07,0.999999999999849,-0.000112945062090185,-0.000134939451581105,0.00263877971797477,-4.24467291445248e-06
8.07764332672749,-3.16735907641552e-05,-5.52808444763748e-07,0.999999999999847,-1.38888658246556e-06,-0.000134146226210417,0.000364584782837526,-2.46399400698079e-05
8.08130982838486,-3.48204721575726e-05,-6.07731886248618e-07,0.999999999999815,-1.49797945337351e-05,-0.00013179975101111,0.000639976582199487,-0.000198715891859749
8.0861929104616,-8.08945713264079e-05,-1.41187661663475e-06,0.999999999999003,-0.000164679748926826,-0.000113790749982691,0.00368803979646477,-0.00270181108953186
8.08916484386371,-3.6570686074198e-05,-6.38278881707952e-07,0.999999999999796,0.00026030116771056,-0.000128572237110342,-0.00497369393175397,-0.000335282133574672
8.09213677726582,-1.6394013563625e-05,-2.86129514301862e-07,0.999999999999959,0.000118491675202454,-0.000134770612656004,-0.0020856374309269,0.000757616910071257
8.09493515581497,-2.14487464344644e-05,-3.7435124570679e-07,0.99999999999993,-3.15260176045977e-05,-0.000132057070239608,0.000969683825376938,0.000496340342158715
8.09805563504841,-2.57063287565618e-05,-4.48660075402088e-07,0.999999999999899,-2.38132748646147e-05,-0.00012952653300676,0.000810945064375842,0.000268853246556303
8.10262437847242,-4.94624397954149e-05,-8.63282430499352e-07,0.999999999999627,-9.07519456921784e-05,-0.000119598817502594,0.00217296411350027,-0.000954374802454989
8.10488951142663,-3.73118567839147e-05,-6.51214750911847e-07,0.999999999999788,9.36226190138997e-05,-0.000123191209321227,-0.00158595185857011,-0.000359786873394543
8.10715464438084,-3.20712363623208e-05,-5.59748669707797e-07,0.999999999999843,4.03800055242594e-05,-0.00012432858322977,-0.000502122361705539,-8.99451338470216e-05
8.11072834926657,-3.42034031947177e-05,-5.96962001134935e-07,0.999999999999822,-1.04130958254904e-05,-0.000122429656729345,0.000531360747779511,-0.000211554824462948
8.11569818492052,-5.21690664390429e-05,-9.10521977052847e-07,0.999999999999585,-6.30926247367467e-05,-0.000114465418297666,0.00160251545246737,-0.00123321718468714
8.11780904451047,-3.23165480738612e-05,-5.6403016676788e-07,0.999999999999841,0.000164147256376083,-0.000120860315588658,-0.00302952281688738,-0.000128237398613881
8.11991990410042,-3.0272506063702e-05,-5.28354903641524e-07,0.99999999999986,1.69008224404186e-05,-0.000120924337131183,-3.03296073454842e-05,-1.50335922451615e-05
8.12376571755606,-2.65414435102484e-05,-4.63235577485899e-07,0.999999999999893,1.69325233547461e-05,-0.00012104944340698,-3.25305107072871e-05,0.000177738361591108
8.12766309467334,-1.42172559202003e-05,-2.48137926406148e-07,0.999999999999969,5.51903612626017e-05,-0.000124222198841502,-0.000814074527314303,0.000837969434821061
8.13156047179063,-7.97549836387013e-06,-1.39198705936954e-07,0.99999999999999,2.79519320791262e-05,-0.000125239391122959,-0.000260994061094188,0.0012070424609716
8.13377961799342,-2.85578497085454e-05,-4.98428504703799e-07,0.999999999999876,-0.000161877481670848,-0.000117238535106617,0.00360537580006536,6.43244484829776e-05
8.13599876419621,-2.98506161363172e-05,-5.2099153532766e-07,0.999999999999864,-1.01674376368303e-05,-0.000116100143368009,0.000512986362582824,-1.45383174182748e-05
8.13987194547698,-3.35654602572939e-05,-5.85827796437048e-07,0.999999999999828,-1.67397951217405e-05,-0.000113600474608236,0.000645378715472605,-0.000218903539519268
8.14491654273725,-0.000103582265930437,-1.8078515871615e-06,0.999999999998366,-0.000242244073743637,-8.71763851655815e-05,0.00523809693406627,-0.00401180802682864
8.14791512657108,-4.18399874302742e-05,-7.30245539651262e-07,0.999999999999733,0.000359371659166731,-0.000108234839701443,-0.00702279999589669,-0.000720866874145531
8.1509137104049,-8.12128638252642e-06,-1.41743186872465e-07,0.99999999999999,0.000196260096563234,-0.00011933135052939,-0.00370058382319879,0.00110235082289356
8.15350899332583,-1.96814020229146e-05,-3.43505266708526e-07,0.999999999999941,-7.77418439464715e-05,-0.000114448970260134,0.001881251646931,0.000500601290800981
8.15636648246115,-2.52699370852246e-05,-4.41043603908974e-07,0.999999999999903,-3.41342810353082e-05,-0.000111616402533058,0.000991278564128498,0.000200761692556653
8.16054039318542,-2.89977291311922e-05,-5.06105848940757e-07,0.999999999999872,-1.55878382001796e-05,-0.000109063500581288,0.000611633099129467,1.35896864357544e-05
8.16325538563132,-3.52534055735282e-05,-6.15287999798948e-07,0.999999999999811,-4.02145320967611e-05,-0.000106045310467881,0.00111167532637589,-0.000341933915462072
8.16597037807722,-3.20249303330067e-05,-5.58940477032741e-07,0.999999999999844,2.07542097773633e-05,-0.000106403637412718,-0.000131980825721278,-0.000178525063828943
8.1697414944936,-3.40392422909688e-05,-5.94096852861469e-07,0.999999999999823,-9.32253792961805e-06,-0.000104596199569368,0.000479284552314166,-0.000298556663782309
8.17320888607619,-2.41863261555158e-05,-4.2213102537496e-07,0.999999999999911,4.95951562985785e-05,-0.000107103246456997,-0.000723035408006193,0.000218318058713049
8.17667627765877,-5.56652920846301e-06,-9.71542625961132e-08,0.999999999999995,9.37236983591172e-05,-0.000112733958550687,-0.00162390429796696,0.00121610438292347
8.17986881771118,-8.76020206850142e-06,-1.52894369235367e-07,0.999999999999988,-1.74594854642717e-05,-0.000110690641478387,0.000640028641380377,0.00105755258800574
8.18316322654463,-2.64300247190742e-05,-4.61290952731318e-07,0.999999999999894,-9.36121164942289e-05,-0.00010347531215582,0.00219017422771553,0.000117868280936713
8.18597461099132,-3.65829883851405e-05,-6.38493597539502e-07,0.999999999999796,-6.30303852667514e-05,-9.90741140124175e-05,0.00156549138933104,-0.000446678173714758
8.18878599543802,-3.34618129531564e-05,-5.84018809719033e-07,0.999999999999829,1.93764989645924e-05,-9.93974844724781e-05,-0.000115021785953397,-0.000291344202251745
8.19231206969023,-3.36664460259055e-05,-5.87590330596977e-07,0.999999999999827,-1.01288873191063e-06,-9.8343458429851e-05,0.000298923382559598,-0.000314498553054945
8.19578222924217,-2.29507499075863e-05,-4.00566151689154e-07,0.99999999999992,5.38949797865908e-05,-0.000101194506460391,-0.000821589897487204,0.00024819186470382
8.1992523887941,-2.80674761279761e-06,-4.89869871158092e-08,0.999999999999999,0.000101314985467222,-0.000107404315176302,-0.0017894879537877,0.00132825061344631
8.20239589405371,-8.50401009357761e-06,-1.4842297575576e-07,0.999999999999989,-3.16322004984631e-05,-0.000104518671429026,0.000917970071293452,0.00103579263338856
8.20565767542978,-2.60448124672231e-05,-4.54567730617494e-07,0.999999999999897,-9.38581466888902e-05,-9.73936692636211e-05,0.00218438986061105,0.000101297441390786
8.20851262058144,-3.62256660892995e-05,-6.32257146986292e-07,0.9999999999998,-6.22391699068372e-05,-9.30010216668598e-05,0.00153861015305608,-0.000463123694672617
8.2113675657331,-3.33885887040464e-05,-5.82740805479763e-07,0.99999999999983,1.73440605252117e-05,-9.32418617557558e-05,-8.43589197347621e-05,-0.000323262658219996
8.21488396643088,-3.31988499414301e-05,-5.7942923935345e-07,0.999999999999832,9.41748796829973e-07,-9.23684915794693e-05,0.000248370493395733,-0.000325921958420535
8.2182550092592,-2.23039320911851e-05,-3.89277051132394e-07,0.999999999999924,5.64075266632085e-05,-9.53466106276861e-05,-0.000883441474905307,0.000248619101480352
8.22162605208752,-8.12032441167754e-06,-1.41726397313844e-07,0.99999999999999,7.34344434129271e-05,-9.94995586071636e-05,-0.0012319475577685,0.00101017602233255
8.22484836006734,-1.04961936339449e-05,-1.83193137839206e-07,0.999999999999983,-1.28686459472319e-05,-9.78075325985251e-05,0.000525097544750585,0.000892682301373909
8.228314919871,-2.65403732632849e-05,-4.63216898152577e-07,0.999999999999893,-8.07785747756017e-05,-9.11956770091026e-05,0.00190732483035695,4.54288572318962e-05
8.23101877211397,-3.49211977073843e-05,-6.09489878733713e-07,0.999999999999814,-5.4097993321001e-05,-8.75125727207141e-05,0.00136216921540912,-0.000429212110473428
8.23372262435694,-3.08523139659201e-05,-5.38474460564308e-07,0.999999999999855,2.62645336312513e-05,-8.82603525651987e-05,-0.00027656091283422,-0.000222439339147906
8.23730167788372,-3.17063959346945e-05,-5.53381003001335e-07,0.999999999999847,-4.16493978798744e-06,-8.70361255999352e-05,0.000342053270816677,-0.000279445959625682
8.24092057101696,-2.17995071155802e-05,-3.80473174478797e-07,0.999999999999928,4.77792026888375e-05,-8.96346390779143e-05,-0.000718040954044159,0.000236924805557276
8.24453946415021,8.95101465177733e-06,1.56224677067768e-07,0.999999999999988,0.000148304421209952,-9.9651848647229e-05,-0.00276803132905236,0.00188251127289298
8.24760207346145,-2.31636423527703e-06,-4.04281825810247e-08,0.999999999999999,-6.42108867516164e-05,-9.48716361681593e-05,0.00156082999601623,0.00129706109477114
8.25061867369365,-2.3588444961715e-05,-4.11696030007382e-07,0.999999999999915,-0.000123074925031004,-8.65492264421031e-05,0.00275887061110188,0.000155790679957631
8.25434639235463,-6.17046567539603e-05,-1.07694942416936e-06,0.99999999999942,-0.000178461266706316,-7.20634936318444e-05,0.00388595120171281,-0.0018797961247465
8.25739086604646,-6.13103974847956e-05,-1.07006830181593e-06,0.999999999999427,2.26020095752028e-06,-7.14489188856609e-05,0.000201865678074906,-0.00189635049929288
8.26003347974108,-3.31108080869968e-05,-5.77892619114027e-07,0.999999999999833,0.000186245792831429,-8.08258435738964e-05,-0.00354835241613949,-0.000392479243098575
8.26411331901933,-1.41046439131175e-05,-2.46172476105275e-07,0.99999999999997,8.13071595191008e-05,-8.65849281404233e-05,-0.00141159594134808,0.00058506680417479
8.26658454746882,-1.77191455901879e-05,-3.09257431189008e-07,0.999999999999952,-2.55277714599322e-05,-8.46968875743348e-05,0.00076400891487064,0.000422662398584402
8.2690557759183,-2.33723092385967e-05,-4.0792375000779e-07,0.999999999999917,-3.99260209388375e-05,-8.20866799622035e-05,0.00105623889716685,0.000121737202167822
8.27274595360647,-2.14973915033139e-05,-3.75200262323072e-07,0.99999999999993,8.86772682780368e-06,-8.18629677402664e-05,6.06236991390484e-05,0.000220179106240121
8.27670700763835,-2.92054585147904e-05,-5.09731410637684e-07,0.99999999999987,-3.3963472154542e-05,-7.81723949659812e-05,0.000931714827562493,-0.000183922636580513
8.27957067395664,-3.48081829458355e-05,-6.07517399041331e-07,0.999999999999815,-3.41471308229549e-05,-7.54979653020166e-05,0.000933918050050297,-0.000502666910317684
8.28243434027492,-3.05563389220967e-05,-5.33308721545857e-07,0.999999999999858,2.59138702794142e-05,-7.63317295830488e-05,-0.000291152735117665,-0.000285626472382439
8.28614722495139,-2.98766114744374e-05,-5.21445239568026e-07,0.999999999999864,3.19521962343637e-06,-7.56992486783827e-05,0.000170347576016375,-0.000264817344638422
8.28896780012007,-2.2269363591408e-05,-3.8867371699381e-07,0.999999999999925,4.70724992719927e-05,-7.77444669234888e-05,-0.000725106803682228,0.00014479408035459
8.29178837528875,-2.24021995138462e-05,-3.90992141205279e-07,0.999999999999924,-8.21968596056152e-07,-7.70404497884012e-05,0.000249600557682475,0.000137204106044396
8.29574469198104,-1.68581367355498e-05,-2.94229991786748e-07,0.999999999999957,2.44576349530079e-05,-7.80966442683432e-05,-0.000266964088592827,0.000434320631728989
8.3,-2.93267968635419e-05,-5.1184916433233e-07,0.999999999999869,-5.11406393088474e-05,-7.26848617384776e-05,0.0012717722208956,-0.000192285641207267
8.30233994517901,-3.02272448224405e-05,-5.27564945957971e-07,0.999999999999861,-6.71630334188833e-06,-7.18308214153798e-05,0.000364983047789968,-0.000290000681824647
8.30467989035803,-2.63030119711385e-05,-4.59074162087835e-07,0.999999999999895,2.92702514932522e-05,-7.26947332507098e-05,-0.000369201741595599,-9.08118220584992e-05
8.30827918396747,-2.8569452116443e-05,-4.98631004922772e-07,0.999999999999876,-1.0990168385044e-05,-7.10753071451396e-05,0.000449928869743638,-0.000220090117901883
8.31325341630584,-4.61458828150632e-05,-8.05397591362235e-07,0.999999999999676,-6.1671141509193e-05,-6.37095883188003e-05,0.00148077498702958,-0.00122479622565981
8.31537708819687,-2.62241055758226e-05,-4.57696985688692e-07,0.999999999999895,0.000163726142038273,-7.03213378037365e-05,-0.00311335734717788,-0.000113262366902623
8.3175007600879,-2.43667350792862e-05,-4.25279755094733e-07,0.99999999999991,1.52647076654698e-05,-7.05107850952215e-05,-8.92074205460599e-05,-9.75212154860771e-06
8.32128063834541,-2.07151983250585e-05,-3.61548415975877e-07,0.999999999999935,1.68606856562778e-05,-7.09756173560266e-05,-0.000122975458239078,0.00017894721384017
8.32525843087414,-7.24530611904266e-06,-1.26454447092186e-07,0.999999999999992,5.91016165839783e-05,-7.48949258041346e-05,-0.000985297352689707,0.00090097805773583
8.32923622340287,-5.12038138177927e-07,-8.93675140698651e-09,1,2.9543445224047e-05,-7.64247031954444e-05,-0.000384579482278252,0.00130659966338274
8.33141024145087,-2.24061060624728e-05,-3.91060323341203e-07,0.999999999999924,-0.000175768353112934,-6.81688122309058e-05,0.00379752641526833,8.34000846933426e-05
8.33358425949887,-2.39253833625723e-05,-4.17576714478746e-07,0.999999999999913,-1.21969507851949e-05,-6.71607042054177e-05,0.00046370729369836,-8.95113742531073e-06
8.33732704411852,-2.73385100870776e-05,-4.77147013609167e-07,0.999999999999886,-1.59160371712826e-05,-6.51459488066505e-05,0.00053830385755847,-0.000197227594604694
8.34225354833474,-8.5564170238165e-05,-1.49337649239236e-06,0.999999999998885,-0.000206278008539433,-4.33932264485835e-05,0.00441544783143234,-0.00334891006516334
8.3463395855083,-9.7939168817512e-05,-1.70936096253131e-06,0.999999999998539,-5.28591544728636e-05,-3.81337535818487e-05,0.001287181844738,-0.00425578134720759
8.34812524693676,-4.34258304472826e-05,-7.57923721717812e-07,0.999999999999713,0.000532820626381784,-5.71459968589368e-05,-0.0106471713921471,-0.00112033798130545
8.34991090836521,-2.79239606762706e-05,-4.87365053998326e-07,0.999999999999881,0.000151517338846198,-6.22865263570547e-05,-0.00287878173107575,-0.000257056867437774
8.35277391717006,-2.18825618818529e-05,-3.81922753609731e-07,0.999999999999927,3.68291917963806e-05,-6.38407350350483e-05,-0.000542858504437655,6.52749449388062e-05
8.35668284621847,-8.21982904159388e-06,-1.43463080726863e-07,0.99999999999999,6.10038376060655e-05,-6.78935485869603e-05,-0.00103680918781574,0.000790923638837402
8.36065861276778,2.66099866565792e-05,4.64431881069048e-07,0.999999999999892,0.000152900064492467,-7.94664229928269e-05,-0.00291085360831506,0.00268658128679407
8.36415859827941,-2.31602992439988e-05,-4.04223477554922e-07,0.999999999999918,-0.000248188272704676,-6.10546305264559e-05,0.00526053390940232,7.33691433273047e-05
8.36638596097963,-2.75261711594403e-05,-4.80422317199719e-07,0.999999999999885,-3.42103419606848e-05,-5.90522691546361e-05,0.000898983076095843,-0.000241314160939325
8.36861332367984,-2.41967363443758e-05,-4.22312717446321e-07,0.999999999999911,2.60889704886471e-05,-5.97882376916074e-05,-0.000330421505622074,-7.82051666083146e-05
8.37194359896623,-2.60444454393302e-05,-4.54561324772318e-07,0.999999999999897,-9.68346594584331e-06,-5.84646459021906e-05,0.000397442155856503,-0.000184127538464836
8.37651742844712,-4.37730213622182e-05,-7.63983346316447e-07,0.999999999999708,-6.76505372220621e-05,-5.12514561882144e-05,0.00157705698127066,-0.00116270016332886
8.37931313924394,-2.0937536636925e-05,-3.65428951571274e-07,0.999999999999933,0.000142559235811475,-5.88213536495316e-05,-0.00270768259360538,6.61733665548199e-05
8.38210885004077,-1.76920581373955e-05,-3.08784665951802e-07,0.999999999999952,2.02611392007383e-05,-5.94272969431944e-05,-0.000216740334640813,0.00024442018242723
8.3854723480955,-1.47252638537463e-05,-2.57004337472779e-07,0.999999999999967,1.53947847260077e-05,-5.98267786669183e-05,-0.000118769720458531,0.000403047771412836
8.38953209637996,-1.05167497402438e-05,-1.83551909575512e-07,0.999999999999983,1.80928527461903e-05,-6.05377826310606e-05,-0.000175134987276056,0.000648846390850223
8.39195508196037,-2.35442863936176e-05,-4.10925317601118e-07,0.999999999999916,-9.38401820729623e-05,-5.54389465034973e-05,0.00210436090449429,-7.57238569977003e-05
8.39437806754077,-2.30000725848454e-05,-4.01426994803224e-07,0.999999999999919,3.9200905175412e-06,-5.51688748376534e-05,0.000111462349601981,-5.53536554381083e-05
8.39829119891663,-2.69857856099856e-05,-4.70990810131538e-07,0.999999999999889,-1.77770201525861e-05,-5.30072959750365e-05,0.000552391078907646,-0.000276452026792801
8.40340012240346,-7.06076453401022e-05,-1.2323358882649e-06,0.999999999999241,-0.000149022603312867,-3.65312201442405e-05,0.00322496038025794,-0.00269608610694749
8.40548304278673,-2.78036536776687e-05,-4.8526530075953e-07,0.999999999999882,0.000358664975150995,-5.13638660068633e-05,-0.00712108152658436,-0.000342492206562966
8.40756596316999,-2.23755504395753e-05,-3.90527027116643e-07,0.999999999999924,4.54833868850707e-05,-5.29061027031469e-05,-0.000740420377405501,-4.50207751921662e-05
8.41120658516975,-1.86976385859727e-05,-3.26335355673155e-07,0.999999999999947,1.76320616223912e-05,-5.35395463877843e-05,-0.000173993258481738,0.000144798471852086
8.4149885907568,-7.20500592018219e-06,-1.25751075932863e-07,0.999999999999992,5.30364842470719e-05,-5.69311588887284e-05,-0.00089677617414179,0.000758181101318371
8.41877059634386,3.10953468345827e-06,5.42716184313065e-08,0.999999999999999,4.75997959866171e-05,-5.99089092437167e-05,-0.000787346894774251,0.00133295458814672
8.42153326092966,-2.3834372170115e-05,-4.15988269514201e-07,0.999999999999914,-0.000170219682245279,-4.98257107652061e-05,0.00364980914814281,-0.000129546684481496
8.42429592551547,-2.63945769243302e-05,-4.60672272000465e-07,0.999999999999894,-1.6174240881759e-05,-4.84170554591389e-05,0.000509890094261379,-0.000281396434949271
8.42756084576308,-2.78009851581579e-05,-4.85218726307912e-07,0.999999999999882,-7.51824009342042e-06,-4.73316948237333e-05,0.00033243097934718,-0.000366710983783782
8.43159858201284,-3.0241762568598e-05,-5.27818328428388e-07,0.999999999999861,-1.05503677024549e-05,-4.57453660116283e-05,0.000392875788308341,-0.000526727347071683
8.43412616683452,-1.8390529355279e-05,-3.20975288434283e-07,0.999999999999948,8.18342625813534e-05,-4.95132729777334e-05,-0.00149071435062604,0.000123518334370108
8.4366537516562,-1.93014310328619e-05,-3.36873521870043e-07,0.999999999999943,-6.28989116384445e-06,-4.87448306032903e-05,0.000304022388428476,7.59528609349072e-05
8.44050722193775,-1.52375824777303e-05,-2.65945984280585e-07,0.999999999999965,1.84061462544864e-05,-4.95168430756517e-05,-0.000200342137334867,0.000290480932459134
8.44557154726238,7.57389168298326e-06,1.32189347057472e-07,0.999999999999991,7.86156705616586e-05,-5.6752221813918e-05,-0.00142869548744818,0.00159253433581963
8.44758670351047,-1.65025110617604e-05,-2.880231528745e-07,0.999999999999958,-0.000208526013965168,-4.78437670283767e-05,0.00442072657838252,0.000223540136957135
8.44960185975857,-1.98775431649055e-05,-3.46928575434888e-07,0.99999999999994,-2.92311936685384e-05,-4.62985927728442e-05,0.000766776401082642,2.82245934994883e-05
8.45310662555915,-2.31150950967538e-05,-4.03434516349941e-07,0.999999999999919,-1.6122601089545e-05,-4.45506432884603e-05,0.000498735032193559,-0.000149853147298183
8.45778875210869,-6.83021276370659e-05,-1.19209701338393e-06,0.999999999999289,-0.000168441089468463,-2.76901439188314e-05,0.00360103452805521,-0.00258487251652164
8.46173719950768,-0.00011430721667769,-1.99503728981493e-06,0.99999999999801,-0.000203355951161219,-1.06691167563132e-05,0.0043108152249575,-0.00518506342352615
8.46380622043377,-3.23623605470975e-05,-5.64829745264335e-07,0.99999999999984,0.000691248467582424,-3.94672789942681e-05,-0.0139187389914192,-0.000684826156184527
8.46587524135985,-2.15546103943244e-05,-3.76198920365546e-07,0.999999999999929,9.11691237728474e-05,-4.29683193480922e-05,-0.00169212418767049,-9.13991380740029e-05
8.46914116488073,-1.76500839265849e-05,-3.08052077772231e-07,0.999999999999953,2.08660252322838e-05,-4.38192374240834e-05,-0.00026054439748878,0.000112800767796265
8.47352668089543,1.33741906506022e-05,2.33423661642449e-07,0.999999999999973,0.000123469105482703,-5.41363698501612e-05,-0.00235254697315044,0.00176949378131099
8.4774309402324,5.79471078406594e-05,1.01136782382756e-06,0.999999999999489,0.000199255247933299,-6.93555853041287e-05,-0.00389810566880809,0.00422946989504634
8.47982902978281,-1.46876856935859e-05,-2.56348474851138e-07,0.999999999999967,-0.000528635929572582,-4.31383685252935e-05,0.0109325428545241,0.0002775044144552
8.48222711933322,-2.0755183161927e-05,-3.62246283030106e-07,0.999999999999934,-4.4159238407466e-05,-4.05967653562142e-05,0.00105984497895236,-6.63588618977915e-05
8.4854225858323,-2.33736450536159e-05,-4.07947064378074e-07,0.999999999999917,-1.43017557408881e-05,-3.91570556810565e-05,0.00045054757281111,-0.000213690126485864
8.48956118692205,-3.73498136347608e-05,-6.51877222932801e-07,0.999999999999788,-5.89402441223234e-05,-3.35331207071629e-05,0.00135889757237599,-0.000980176424150505
8.49307300974329,-2.1360599916e-05,-3.72812798735416e-07,0.999999999999931,7.94642663944127e-05,-3.86695155840532e-05,-0.00146260080258511,-0.00015079056938629
8.49573250356483,-1.1394194109211e-05,-1.98866202817073e-07,0.99999999999998,6.54059033752079e-05,-4.17999238586156e-05,-0.00117706920362551,0.000403900171330936
8.49839199738636,-1.52589928140225e-05,-2.66319665142845e-07,0.999999999999965,-2.53632709275535e-05,-4.0013832148045e-05,0.000671590847892599,0.000200318967947542
8.50192501548592,-1.40712251272099e-05,-2.45589208259169e-07,0.99999999999997,5.8676339321016e-06,-3.98930286881191e-05,3.4192709044191e-05,0.00026355044514715
8.50578376760532,-2.30984958877075e-05,-4.03144805498856e-07,0.999999999999919,-4.08307122003761e-05,-3.60938576279359e-05,0.000984559500747815,-0.000211058283537592
8.5086474933013,-2.85116720883701e-05,-4.97622553191005e-07,0.999999999999876,-3.29912001783445e-05,-3.37350586463415e-05,0.000823681885768688,-0.000519701698183364
8.51151121899729,-2.40175776684193e-05,-4.19185808667367e-07,0.999999999999912,2.73897547637247e-05,-3.49022627943511e-05,-0.000407582384599675,-0.000289380099654239
8.51522020829306,-2.30717354335031e-05,-4.02677747463659e-07,0.999999999999919,4.4508247091766e-06,-3.46842474600318e-05,5.87802543856247e-05,-0.000253950608745147
8.51809296791829,-1.50218879120888e-05,-2.62181403931483e-07,0.999999999999966,4.89064042457722e-05,-3.71206225379193e-05,-0.000848095697424307,0.000179438232613733
8.52096572754351,-1.50236256143594e-05,-2.62211732557524e-07,0.999999999999966,-1.05573142198625e-08,-3.66961691575811e-05,0.000147751095013735,0.000179720272612567
8.52481791478234,-1.0098938685132e-05,-1.76259731012579e-07,0.999999999999984,2.23125191524263e-05,-3.78833269376799e-05,-0.000308177590158318,0.000445152035063828
8.52842915033219,-2.10753737856322e-05,-3.67834663647774e-07,0.999999999999932,-5.3049691716484e-05,-3.34549188825371e-05,0.00122628612673175,-0.000134737711542363
8.5313123421571,-2.82709115213581e-05,-4.93420488587677e-07,0.999999999999878,-4.35579151739537e-05,-3.04800040234922e-05,0.00103181301824478,-0.000538847512725694
8.53419553398202,-2.41532970636886e-05,-4.21554558973633e-07,0.999999999999911,2.49258231772884e-05,-3.15310309831003e-05,-0.000364535911390107,-0.000329483112410514
8.53780618565806,-2.29139344921383e-05,-3.99923601474097e-07,0.99999999999992,5.99087351545168e-06,-3.14577772126973e-05,2.02882407320229e-05,-0.000277375317109845
8.54057201314348,-1.57360402937721e-05,-2.74645714352815e-07,0.999999999999962,4.52949028028305e-05,-3.36194104062963e-05,-0.000781550261177753,0.00010974927021974
8.54333784062889,-1.58713983844645e-05,-2.77008158704611e-07,0.999999999999962,-8.54154629764026e-07,-3.31825312596675e-05,0.000157956036279395,0.000102014693732536
8.54742169147764,-9.70229644492916e-06,-1.69337017968554e-07,0.999999999999986,2.63651011566779e-05,-3.48067820627105e-05,-0.000397725299772032,0.00043219241330104
8.55130579273829,-1.72016528470293e-05,-3.00225478965713e-07,0.999999999999955,-3.36985192233e-05,-3.1602465347185e-05,0.000824982795374302,4.81556845625949e-05
8.55398145011142,-2.4992083671292e-05,-4.36194146997944e-07,0.999999999999905,-5.08169205061879e-05,-2.84646433099259e-05,0.00117272938933363,-0.000394612027444255
8.55665710748455,-2.10789927619116e-05,-3.67897826699403e-07,0.999999999999932,2.55250619845262e-05,-2.94911178097833e-05,-0.000383634507977308,-0.000195277079407596
8.56027957094567,-2.23903961710901e-05,-3.90786134011443e-07,0.999999999999924,-6.31843704090133e-06,-2.85337349381375e-05,0.00026429055307854,-0.000275947372012508
8.56395914632256,-1.27545340906521e-05,-2.22608614439738e-07,0.999999999999975,4.57056867561202e-05,-3.14659106221878e-05,-0.000796878819894641,0.000225053398151833
8.56763872169945,2.42967000139104e-05,4.24057412612075e-07,0.99999999999991,0.000175744742481187,-4.41520007022369e-05,-0.00344770490631124,0.00220691560786219
8.57065377464381,9.28588636492865e-06,1.62069291034052e-07,0.999999999999987,-8.6893373487393e-05,-3.8414275469346e-05,0.00190302636099144,0.00142460124516114
8.57355361753185,-1.37254872789417e-05,-2.39554944458127e-07,0.999999999999971,-0.000138498619062414,-2.98491488454386e-05,0.00295365195791074,0.000188087825232112
8.57736942789116,-4.93522246847225e-05,-8.61358813932321e-07,0.999999999999629,-0.000162954604899983,-1.6680691280315e-05,0.00345102516245375,-0.0017095985302687
8.58052649459518,-6.02974169097696e-05,-1.05238845552299e-06,0.999999999999446,-6.05085858172496e-05,-1.23794100627307e-05,0.00136242962877924,-0.00233369065594047
8.58314775074699,-2.57171574467642e-05,-4.48849071699799e-07,0.999999999999899,0.000230248151599422,-2.43401769985741e-05,-0.0045629905065075,-0.000488939940964328
8.58686207942679,-1.12573445083075e-05,-1.96477726701266e-07,0.999999999999981,6.79453453786322e-05,-2.90081237760814e-05,-0.00125674036411952,0.000261534567410385
8.58955985533282,-7.61363122439831e-06,-1.32882932898397e-07,0.999999999999991,2.35730453595915e-05,-2.9961594501476e-05,-0.000353428438315897,0.000474633073546941
8.59225763123885,-1.27653101582838e-05,-2.22796692300329e-07,0.999999999999975,-3.33288466254533e-05,-2.77892409908989e-05,0.000805238680396369,0.00020082638289774
8.59595246641643,-1.20549595952871e-05,-2.10398736132641e-07,0.999999999999978,3.35548287591082e-06,-2.75792685813002e-05,5.68286268553207e-05,0.000240432844299678
8.59917684932411,-2.04572297203911e-05,-3.57046014457655e-07,0.999999999999936,-4.54807268626941e-05,-2.41905721627584e-05,0.00105095967680157,-0.000213915521560206
8.60240123223179,-2.60910661077434e-05,-4.55375008935608e-07,0.999999999999896,-3.04954458863116e-05,-2.1789387329089e-05,0.000744695931723453,-0.000525902552712446
8.60592687835914,-3.00300388092344e-05,-5.24123051722794e-07,0.999999999999863,-1.94994166470688e-05,-1.99571677755298e-05,0.000519683339558457,-0.000753856978685361
8.6099493260145,-9.06166436163814e-06,-1.58155878821215e-07,0.999999999999987,9.09812144886148e-05,-2.69266217241436e-05,-0.00173264006041832,0.000309165998952383
8.61224478874952,-1.02296036013088e-05,-1.78540264016707e-07,0.999999999999984,-8.88029454125085e-06,-2.62344598570844e-05,0.000301534787081387,0.000299089383091783
8.61454025148455,-1.43745647111374e-05,-2.50883482750333e-07,0.999999999999969,-3.15157452263419e-05,-2.44852604069129e-05,0.000762024764541433,8.2451846782793e-05
8.61804526295341,-1.21480123338462e-05,-2.12022812798495e-07,0.999999999999978,1.10871734078624e-05,-2.48599075589441e-05,-0.000106888994617939,0.000198947455586781
8.62288779804228,6.11718775901634e-06,1.06765067357528e-07,0.999999999999994,6.5830783733226e-05,-3.07846026095891e-05,-0.0012234697202837,0.00121214706285897
8.62501158417342,-1.34959605778503e-05,-2.35548947802841e-07,0.999999999999972,-0.000161181020132499,-2.35612256580596e-05,0.00340117907618726,0.000123203600962934
8.62713537030456,-1.55065698753108e-05,-2.70640700014737e-07,0.999999999999963,-1.65232043365228e-05,-2.25990457397002e-05,0.000453049346283785,7.08270349059738e-06
8.63116321646406,-1.92748238459062e-05,-3.36409138852972e-07,0.999999999999943,-1.63284386329398e-05,-2.0793470480069e-05,0.000448273143544648,-0.000198247485667338
8.63493186024304,-2.96260927074552e-05,-5.17072862246152e-07,0.999999999999866,-4.79386575087403e-05,-1.66806289688247e-05,0.00109133198902451,-0.000763217269284595
8.63870050402203,-3.28813125887071e-05,-5.73887167050368e-07,0.999999999999835,-1.50755306513818e-05,-1.50953095402836e-05,0.000420660460768774,-0.000971159889152394
8.64121470754567,-1.36007485678584e-05,-2.3737784324503e-07,0.999999999999972,0.000133843310869942,-2.16687839322127e-05,-0.00261453550999808,8.16043011086261e-05
8.64372891106932,-1.36313587801057e-05,-2.3791209223348e-07,0.999999999999972,-2.12492339393145e-07,-2.13762044316952e-05,0.000116370650890464,8.32463962374262e-05
8.64740736125753,-9.90456157870304e-06,-1.72867210514895e-07,0.999999999999985,1.76826865637729e-05,-2.22924768332672e-05,-0.000249091969359412,0.00028030171533558
8.65217355941778,1.34191833300418e-05,2.34208932037964e-07,0.999999999999973,8.54089840299414e-05,-3.00621599230463e-05,-0.00163016367102986,0.00157526552557303
8.65428967189436,-1.19648264375157e-05,-2.0882561576431e-07,0.999999999999978,-0.000209362476100232,-2.08037143482182e-05,0.00437521430326537,0.000168175618245024
8.65640578437093,-1.46892767853137e-05,-2.56376244640489e-07,0.999999999999967,-2.24707473740472e-05,-1.96048321211019e-05,0.000566549387325989,1.24877740221029e-05
8.66026470519829,-1.82767709435781e-05,-3.18989829598263e-07,0.999999999999949,-1.62256723470335e-05,-1.79124929040115e-05,0.000438552458784499,-0.000183079355428372
8.66407847683344,-2.94448631830275e-05,-5.13909810343066e-07,0.999999999999868,-5.11095050757806e-05,-1.35328298138384e-05,0.0011483810540206,-0.000791377641291501
8.6678922484686,-3.54744250574186e-05,-6.19145517503893e-07,0.999999999999808,-2.75936047640589e-05,-1.09844520431984e-05,0.000668204081007178,-0.00115122610744924
8.67041484390318,-1.29223984278147e-05,-2.25538399819903e-07,0.999999999999975,0.000156032597335284,-1.87393391754342e-05,-0.00307416997031051,7.88080333977377e-05
8.67293743933776,-1.27035876191249e-05,-2.21719430769315e-07,0.999999999999975,1.5139046865123e-06,-1.85533563425743e-05,7.37267777108315e-05,9.47568703757705e-05
8.67652579273798,-9.2771049967718e-06,-1.61916027246885e-07,0.999999999999987,1.66659737357042e-05,-1.93994697455612e-05,-0.000235794334787617,0.000276082295850997
8.68117024335685,1.03008863114197e-05,1.79784382007886e-07,0.999999999999984,7.35717606440688e-05,-2.5884576652293e-05,-0.00139631302793531,0.00136155506220135
8.6834158647003,-1.29579902109726e-05,-2.26159593622665e-07,0.999999999999974,-0.000180771338326754,-1.73841147262149e-05,0.0037853496320173,7.67881174594591e-05
8.68566148604375,-1.44692826296149e-05,-2.525366222884e-07,0.999999999999968,-1.1745982350352e-05,-1.66190105118039e-05,0.000340709361639567,-1.33838824368898e-05
8.68951122670538,-1.82533510658146e-05,-3.18581075620875e-07,0.999999999999949,-1.71555590719753e-05,-1.48858121127015e-05,0.000450211728902793,-0.000220499132153172
8.69450945400556,-8.39432756761928e-05,-1.46508654545831e-06,0.999999999998927,-0.000229382419202519,8.97355121627178e-06,0.00477356508539404,-0.00377982245135171
8.69747618590959,-2.44517855346138e-05,-4.2676416557052e-07,0.999999999999909,0.000349988611534501,-1.18914279939298e-05,-0.00703298440341837,-0.000604097643175804
8.70044291781363,3.87788666209301e-06,6.76818902726958e-08,0.999999999999998,0.000166663544882754,-2.16760032717783e-05,-0.00329809891636682,0.000930559646177505
8.70309929261095,-4.770858385215e-06,-8.32671869683816e-08,0.999999999999997,-5.68252181103922e-05,-1.83417927925887e-05,0.00125517320919633,0.000481999639890901
8.70605420935255,-9.59905532062532e-06,-1.67535120425991e-07,0.999999999999986,-2.85178706633248e-05,-1.6339330244168e-05,0.000677671394335773,0.000223850950997799
8.71034188124674,-1.64932993808698e-05,-2.87862378713316e-07,0.999999999999959,-2.80635415340978e-05,-1.34769369235089e-05,0.000667586837634272,-0.000124431757869943
8.71291710181261,-2.00958739817734e-05,-3.50739167047801e-07,0.999999999999938,-2.44160788275555e-05,-1.19514403040413e-05,0.000592375130770809,-0.000344565605205086
8.71549232237847,-1.602204118778e-05,-2.79637371616901e-07,0.999999999999961,2.76099827616266e-05,-1.3157414926978e-05,-0.000468299546424228,-0.000134829486417583
8.71926126538035,-1.81581586247563e-05,-3.16919654101398e-07,0.99999999999995,-9.89197301892469e-06,-1.20450781590857e-05,0.000295132287046095,-0.000258531033377262
8.72303400946267,-9.43438267983923e-06,-1.6466104065632e-07,0.999999999999986,4.0357524953446e-05,-1.47979032370145e-05,-0.000729661227442192,0.000192540233071657
8.72600733880859,-2.64954964385008e-06,-4.62433649802271e-08,0.999999999999999,3.98266259465795e-05,-1.69374446228838e-05,-0.000719577664278098,0.000563963983226052
8.72898066815452,-6.32149574837901e-06,-1.10330914460036e-07,0.999999999999994,-2.15541374747703e-05,-1.53601880000493e-05,0.000530468185435581,0.000370751222638862
8.73265941403023,-8.85763522000288e-06,-1.54594898529662e-07,0.999999999999988,-1.20323571035196e-05,-1.41252398290502e-05,0.00033569814624971,0.00024268626488089
8.73553366981094,-1.82052739458634e-05,-3.17741971582851e-07,0.999999999999949,-5.67615012373593e-05,-1.05429029569877e-05,0.00124635284587614,-0.000270255225765096
8.73840792559164,-1.74957730040073e-05,-3.05358844101462e-07,0.999999999999953,4.30829001528045e-06,-1.05391112533787e-05,1.31919491455667e-06,-0.000241489068502766
8.74209272973638,-2.03108303251487e-05,-3.54490862987748e-07,0.999999999999937,-1.33336853076634e-05,-9.21231704560501e-06,0.000360071839820558,-0.000404002818945009
8.74564408058863,-8.85465393241511e-06,-1.54542865245306e-07,0.999999999999988,5.63019555265445e-05,-1.29755872194398e-05,-0.00105967287671737,0.000195297163561657
8.74919543144088,2.31275682938691e-05,4.03652214707852e-07,0.999999999999919,0.000157178240950134,-2.40414173560495e-05,-0.00311594956313696,0.00190824171663515
8.75216675309077,9.37732566757167e-06,1.636652079309e-07,0.999999999999987,-8.0767764333194e-05,-1.88953734171979e-05,0.00173190402965318,0.0011907563381506
8.75510235210838,-9.00594781376419e-06,-1.5718344161297e-07,0.999999999999988,-0.000109295802192061,-1.21067201712231e-05,0.00231252742804857,0.000204605369617885
8.75829780777366,-2.07773211492303e-05,-3.62632663798313e-07,0.999999999999934,-6.42941864028303e-05,-7.64945951939423e-06,0.00139487482184843,-0.000432314627733166
8.76149326343894,-2.57046828568178e-05,-4.48631349032399e-07,0.999999999999899,-2.69128081383088e-05,-5.62843175653095e-06,0.000632469348526414,-0.000709217408388364
8.76484005911655,-2.28883242157226e-05,-3.99476617828298e-07,0.99999999999992,1.46871025120764e-05,-6.35100378835914e-06,-0.00021589965490308,-0.000573878978571593
8.76810017369135,-7.30647128841748e-06,-1.27521980685317e-07,0.999999999999992,8.34187360302777e-05,-1.16229594924836e-05,-0.00161710749213826,0.000253527446612362
8.77136028826614,7.23089636891634e-06,1.26202949508092e-07,0.999999999999992,7.78269979083907e-05,-1.65256358517958e-05,-0.00150383560050979,0.00103782284042761
8.77442867573115,1.54482720556568e-06,2.69623211115044e-08,1,-3.23429258945309e-05,-1.42538176278652e-05,0.00074039483273725,0.000742739772423687
8.77779355074479,-9.45615869995761e-06,-1.65041103905366e-07,0.999999999999986,-5.70610867383717e-05,-1.00699717337124e-05,0.00124338820229514,0.000160613216969281
8.78069869681024,-1.97611191209787e-05,-3.44896592539879e-07,0.99999999999994,-6.19092756722889e-05,-6.17275905057984e-06,0.00134148596845927,-0.000405814170145679
8.7836038428757,-1.81714699290861e-05,-3.17151980189687e-07,0.99999999999995,9.55016089555819e-06,-6.50745886499043e-06,-0.000115209289608704,-0.000331266281058588
8.78714401795287,-1.85667291524464e-05,-3.240505550362e-07,0.999999999999947,-1.9486535824128e-06,-6.08817699431299e-06,0.000118435348969122,-0.000364343265769863
8.79051564420937,-6.99623680150452e-06,-1.22107367435451e-07,0.999999999999993,5.98948911408585e-05,-9.94001968120099e-06,-0.0011424287254442,0.000247266788838289
8.79388727046588,8.59235109783373e-06,1.49964817144547e-07,0.999999999999989,8.06946452191869e-05,-1.52231026607873e-05,-0.00156692426077791,0.00108578452377914
8.79705783873857,4.86150251807576e-06,8.4849225534417e-08,0.999999999999996,-2.05375144168743e-05,-1.36530498932756e-05,0.000495196012977766,0.000897401970659775
8.80044423962084,-1.01498850648043e-05,-1.77148913079832e-07,0.999999999999984,-7.73677268943411e-05,-8.05688669465949e-06,0.0016525400840506,0.000103429444364942
8.80323391495765,-1.9744537734038e-05,-3.44607192743217e-07,0.999999999999941,-6.00278740158496e-05,-4.43438379513582e-06,0.0012985392427998,-0.000430501450983356
8.80602359029447,-1.64802048984933e-05,-2.87633836882003e-07,0.999999999999959,2.04229342064893e-05,-5.38653050867523e-06,-0.000341310940730058,-0.000265892282966738
8.80957908454671,-1.70040072675142e-05,-2.96775912851163e-07,0.999999999999956,-2.57125319873264e-06,-4.93637298602545e-06,0.000126608986181192,-0.000304393308165053
8.81306161664504,-6.5069757548785e-06,-1.13568151270073e-07,0.999999999999994,5.26076304275992e-05,-8.41347544775888e-06,-0.000998440894027299,0.000248026792129568
8.81654414874337,1.4126249411673e-05,2.46549563191603e-07,0.99999999999997,0.000103406861528877,-1.54977046925436e-05,-0.00203421793245949,0.00135570657744948
8.81968808643375,8.36356092981536e-06,1.45971675416436e-07,0.999999999999989,-3.19910563376458e-05,-1.32211469018333e-05,0.00072411034025015,0.0010616081521714
8.82293502625537,-9.53619901007717e-06,-1.6643807085127e-07,0.999999999999986,-9.62166727539327e-05,-6.6227850073552e-06,0.00203217868423667,0.000109088735938792
8.82579687002926,-1.98601518051854e-05,-3.46625038946374e-07,0.99999999999994,-6.29618463938775e-05,-2.7480557267649e-06,0.00135392760287533,-0.000461352310386604
8.82865871380315,-1.71367939248549e-05,-2.99093477224475e-07,0.999999999999955,1.66087199292672e-05,-3.51498442708837e-06,-0.000267984125241149,-0.000326242465760521
8.83216950335873,-1.69132702600221e-05,-2.95192253317019e-07,0.999999999999956,1.11120984203065e-06,-3.34927210877726e-06,4.72008691172843e-05,-0.00032539458721366
8.83553608215528,-5.98827118498751e-06,-1.04515048680334e-07,0.999999999999995,5.66382717172371e-05,-7.00165884847193e-06,-0.00108489566423745,0.000252529986500839
8.83890266095183,8.01679496768329e-06,1.39919467643385e-07,0.99999999999999,7.26062068037598e-05,-1.17515030624225e-05,-0.00141088164008313,0.00100629265220905
8.8421248942115,5.626088281363e-06,9.81937645176533e-08,0.999999999999995,-1.29493117857243e-05,-1.06822083868673e-05,0.000331848935004286,0.000889558683317824
8.84559638305796,-1.03366422141292e-05,-1.8040844023719e-07,0.999999999999984,-8.02543856764129e-05,-4.77137046476858e-06,0.00170268094858869,4.85979885540937e-05
8.84829864761014,-1.87202841186463e-05,-3.26730594779177e-07,0.999999999999947,-5.41479754170041e-05,-1.60950360219379e-06,0.00117008042755005,-0.000424825949652796
8.85100091216233,-1.46768955218584e-05,-2.56160150827638e-07,0.999999999999967,2.61152979616531e-05,-2.86842899626309e-06,-0.000465877921927013,-0.00021797222503701
8.85458114378328,-1.55828336527914e-05,-2.71971754031782e-07,0.999999999999963,-4.41636320722963e-06,-2.31103335804878e-06,0.000155687032914832,-0.000275826631839165
8.85820363073762,-5.72484759971121e-06,-9.99174397898548e-08,0.999999999999995,4.74961860210104e-05,-5.5813097762823e-06,-0.000902771068455364,0.000239797512269457
8.86182611769196,2.53299111723107e-05,4.42090349194503e-07,0.999999999999902,0.000149623116885287,-1.63922722166601e-05,-0.00298440341584415,0.00190356720453251
8.8648860088116,1.38274724807764e-05,2.41334922018453e-07,0.999999999999971,-6.56086832263782e-05,-1.21061946777507e-05,0.00140072877475629,0.00130737371665196
8.867895899199,-7.57200743811795e-06,-1.32156460780659e-07,0.999999999999991,-0.000124088034688341,-4.3052687662174e-06,0.00259176412011671,0.000160780960452422
8.87162707294944,-4.55209170981169e-05,-7.94489881889439e-07,0.999999999999684,-0.000177513422158412,9.42474267347891e-06,0.00367981025758027,-0.00186360937509004
8.874677706922,-4.57253422194564e-05,-7.98057773330601e-07,0.999999999999682,-1.16955736848818e-06,9.68663561832869e-06,8.5848694797798e-05,-0.00191049748950768
8.8773204677504,-1.73096218619154e-05,-3.02109893765611e-07,0.999999999999954,0.000187662793482708,-2.56372226386275e-07,-0.00376235629719004,-0.000393621692333226
8.88138245900967,1.41677146584268e-06,2.47273268272612e-08,1,8.04623150891734e-05,-6.66861154791106e-06,-0.00157859505652325,0.000572094920105476
8.88386320373935,-1.85991799580911e-06,-3.2461692843963e-08,0.999999999999999,-2.30531658445255e-05,-5.35317923284735e-06,0.00053025702295209,0.000428520393660683
8.88634394846903,-7.5422919730295e-06,-1.31637828076104e-07,0.999999999999991,-3.99783718355298e-05,-3.18340406670029e-06,0.000874646689838078,0.000127421465237008
8.89003695323645,-5.74246826801264e-06,-1.00224978468117e-07,0.999999999999995,8.50604090336567e-06,-3.60379339456454e-06,-0.000113833952117559,0.000224097724471143
8.89395473071189,-1.36972101850407e-05,-2.3906141606666e-07,0.999999999999971,-3.54375506186266e-05,-5.44178399146691e-07,0.000780956808954922,-0.000191957940777044
8.89685248627473,-1.95204816884717e-05,-3.40696677039087e-07,0.999999999999942,-3.5073786856229e-05,1.69557437714582e-06,0.000772926745449482,-0.000520004049433579
8.89975024183757,-1.53675802721792e-05,-2.68214873814051e-07,0.999999999999964,2.50130839724979e-05,3.8604674538448e-07,-0.000451911006074927,-0.000306791130722694
8.90345982454175,-1.41543199255978e-05,-2.47039486082317e-07,0.999999999999969,5.70829374092391e-06,1.66820753154921e-07,-5.90972111181899e-05,-0.000256021214686269
8.906338560057,-5.62192646305295e-06,-9.81211270852732e-08,0.999999999999995,5.17304761789267e-05,-2.70439577940183e-06,-0.000997388095345006,0.000205103782767121
8.90921729557225,-5.73140427590788e-06,-1.00031875377474e-07,0.999999999999995,-6.63745690452903e-07,-2.50359769389004e-06,6.97521826677374e-05,0.000201351571900693
8.91300776903837,-1.43179530650343e-06,-2.49895423130863e-08,1,1.97976146608319e-05,-3.82163477222243e-06,-0.000347723599733023,0.000435249299560036
8.91660211794593,-1.26187991610771e-05,-2.20239593008692e-07,0.999999999999976,-5.43213960906586e-05,3.5492857202222e-07,0.00116198050096354,-0.000155093270753615
8.9201964668535,-5.13560634702541e-05,-8.96332398418999e-07,0.999999999999598,-0.000188098824793649,1.43272804000179e-05,0.00388731093929323,-0.0022351407812979
8.92310145117207,-3.30784766349767e-05,-5.77328328824326e-07,0.999999999999833,0.000109812664927472,7.98372154783191e-06,-0.00218368092785686,-0.00128511987456647
8.92590691455344,-1.33133472622852e-05,-2.32361744188247e-07,0.999999999999973,0.000122962426430479,1.10463298198252e-06,-0.00245203291959214,-0.000229392180795428
8.92922253695373,-2.11249384782656e-06,-3.68699730726975e-08,0.999999999999999,5.89608066041727e-05,-2.70296526245133e-06,-0.00114838114379635,0.000366612297379952
8.93253815935401,7.52395355529805e-06,1.31317762307084e-07,0.999999999999991,5.07258412071965e-05,-5.9558729422112e-06,-0.000981085083597629,0.000888354659709379
8.93583919202695,4.51920002355217e-06,7.88749199671906e-08,0.999999999999997,-1.58867989310607e-05,-4.71551976916537e-06,0.000375747014930433,0.000738004955523901
8.93971762812376,-2.23361933303715e-05,-3.8984011597697e-07,0.999999999999924,-0.000120851555690096,5.03507809965241e-06,0.00251405402214474,-0.000661703593240236
8.94209498318115,-1.68437637646872e-05,-2.93979136121903e-07,0.999999999999957,4.03225338837281e-05,3.20266432179436e-06,-0.000770778337112743,-0.000417103291798813
8.94447233823853,-1.10494848593748e-05,-1.92849891445351e-07,0.999999999999981,4.25385532389842e-05,1.26225686177532e-06,-0.000816204316637977,-0.000116252591463125
8.9480330944573,-1.27639810879882e-05,-2.2277349564768e-07,0.999999999999975,-8.40372167143181e-06,2.05056223140963e-06,0.000221387065331726,-0.000214221934472247
8.95309777452835,-1.66396546807413e-05,-2.90416760573818e-07,0.999999999999958,-1.33558811173048e-05,3.67922336015405e-06,0.000321572361115883,-0.000496128289254321
8.95523680239245,-7.88735756561249e-06,-1.37660358802022e-07,0.999999999999991,7.14139373010568e-05,6.71628628509511e-07,-0.00140605682708811,3.16410909327336e-05
8.95737583025654,-8.25117819134552e-06,-1.4401022660773e-07,0.99999999999999,-2.96857647919871e-06,9.05112676629127e-07,0.000109154280801404,1.93348442755919e-05
8.96093753307819,-5.20017992371081e-06,-9.0760261364861e-08,0.999999999999996,1.49507041742161e-05,-8.19884145455177e-09,-0.000256425525603547,0.000179901983218296
8.96572184127481,3.27138715210725e-05,5.70964769117089e-07,0.999999999999837,0.000138311539158075,-1.32640296959953e-05,-0.00277068915917418,0.00222973919470132
8.96879345037329,-3.55923561847184e-06,-6.21203803965903e-08,0.999999999999998,-0.000206108632061412,-2.19398896741002e-07,0.00424683948414469,0.000292462835010656
8.97186505947176,-2.74459753048462e-05,-4.79022635490603e-07,0.999999999999885,-0.000135727640376261,8.41866304406466e-06,0.00281222696765002,-0.00100422480871965
8.97463241099107,-1.93804412919567e-05,-3.38252511034102e-07,0.999999999999943,5.08681761150162e-05,5.67790305153754e-06,-0.000990390983364727,-0.000591330302233478
8.97763303358903,-1.2908597039238e-05,-2.25297520147893e-07,0.999999999999975,3.76438513004295e-05,3.51351552119961e-06,-0.000721312814151086,-0.000251879368173125
8.98216556116834,8.5622305150821e-06,1.49439113802912e-07,0.999999999999989,8.2677187814908e-05,-3.9176825310463e-06,-0.00163952627363346,0.000845704243422121
8.98448668924252,-1.18746716141139e-06,-2.07252117259397e-08,1,-7.33110453584802e-05,-3.46237746068387e-07,0.00153866769555308,0.000367340733827373
8.98680781731669,-6.4464568019624e-06,-1.12511896281828e-07,0.999999999999994,-3.95439982726597e-05,1.62716277855448e-06,0.000850190278846346,9.01845300267366e-05
8.99044678407714,-4.15005768196804e-06,-7.2432170698026e-08,0.999999999999997,1.10140400345191e-05,9.70549479458005e-07,-0.000180439487998117,0.000212432701058956
8.9955659239844,7.59010871170135e-06,1.32472387603493e-07,0.999999999999991,4.00271455778306e-05,-2.98225770932042e-06,-0.000772162367191007,0.000908428998684229
8.99773883966694,-8.30529840989443e-06,-1.44954802613307e-07,0.999999999999989,-0.00012767508304476,2.76359104444057e-06,0.00264430359629054,-7.0164832315256e-06
9,-8.69262269087377e-06,-1.51714886589316e-07,0.999999999999988,-2.98965264743381e-06,2.99754948955349e-06,0.000103468313012626,-3.93013338079535e-05
9.00351050438271,-1.15664811425953e-05,-2.01873178808122e-07,0.99999999999998,-1.42880585667034e-05,4.16767320734765e-06,0.000333320682793563,-0.000197188671340898
9.00819746209778,-4.19488585699181e-05,-7.32145699498445e-07,0.999999999999732,-0.000113137893048547,1.51677935921833e-05,0.00234696386303474,-0.00185311339043865
9.01110976104716,-8.8910598782293e-06,-1.55178268867067e-07,0.999999999999988,0.000198114081232651,3.53091987614777e-06,-0.0039957689503369,-8.11577400027312e-05
9.01402205999654,1.55849972758899e-06,2.72009516378626e-08,1,6.26237977882356e-05,-6.66639927981374e-08,-0.00123530720282356,0.000488876068688278
9.01704929937699,1.08016067463057e-06,1.88523602228667e-08,1,-2.757823338618e-06,2.25605609968591e-07,9.65465779330023e-05,0.000469069816674094
9.02052256527173,-5.48455141948014e-07,-9.57234802648571e-09,1,-8.18385609128464e-06,9.43473381007255e-07,0.000206683793522685,0.000388702302449652
9.02362409495368,-1.21319590200959e-05,-2.11742629617697e-07,0.999999999999978,-6.51840550707705e-05,5.1854543589138e-06,0.00136770607181584,-0.000236406306019809
9.02672562463562,-1.66717954462169e-05,-2.90977722755477e-07,0.999999999999958,-2.55471013542641e-05,6.92115727845908e-06,0.000559628021505679,-0.000489381105699544
9.03013750204778,-1.85653477787511e-05,-3.24026445517017e-07,0.999999999999947,-9.68637461701145e-06,7.72642209531972e-06,0.000236018097833674,-0.000603168277192297
9.03415059762768,-5.34221580533126e-06,-9.32392551551108e-08,0.999999999999996,5.75085207334285e-05,3.17676406195071e-06,-0.00113370288416663,5.98149066265043e-05
9.03654895941231,-1.53226908711324e-06,-2.67431405966538e-08,1,2.77256396363957e-05,1.91262835593813e-06,-0.000527082992279098,0.000303494892961332
9.03894732119695,-5.44550270342521e-06,-9.50419516010221e-08,0.999999999999995,-2.84772762149391e-05,3.39424026133946e-06,0.000617759970532387,9.90615897678259e-05
9.04254386068835,-3.1536951998303e-06,-5.50423648413792e-08,0.999999999999998,1.11216870703744e-05,2.71261970431165e-06,-0.00018952122134537,0.000221412863357141
9.04754174138716,8.47346518109645e-06,1.4788986646323e-07,0.999999999999989,4.06036565364216e-05,-1.23937207653648e-06,-0.000790733516665734,0.00090299186230926
9.04969407309668,-6.83603037910845e-06,-1.19311237881798e-07,0.999999999999993,-0.00012414494622932,4.28272148593548e-06,0.00256563314012781,2.65193222912898e-05
9.05184640480619,-7.39738085908457e-06,-1.29108652015032e-07,0.999999999999992,-4.5520000889896e-06,4.55948708965847e-06,0.000128588731234991,-1.37040849718e-05
9.05548717926812,-1.05733845729991e-05,-1.84540373878408e-07,0.999999999999983,-1.52252556270434e-05,5.81825315201102e-06,0.000345741290901998,-0.000186793466609357
9.0603373788688,-5.6664416623919e-05,-9.88980638809036e-07,0.999999999999511,-0.000165857146336647,2.23795814453967e-05,0.00341456633889609,-0.00268367951273851
9.06351624346794,-1.70420765660238e-05,-2.97440347454079e-07,0.999999999999956,0.00021754317297467,8.39790889224763e-06,-0.00439832277125123,-0.000584919491883882
9.06669510806709,2.54587802388633e-05,4.44339538709819e-07,0.999999999999901,0.00023334743051439,-6.60849086989509e-06,-0.00472067912743856,0.00170255014259063
9.06926746391761,5.97681059648592e-06,1.04315023676765e-07,0.999999999999995,-0.000132184089135411,4.07123313350651e-07,0.00272731091300174,0.000685879055137987
9.07195655627994,-3.20724375297873e-06,-5.59769634034986e-08,0.999999999999998,-5.96082117987181e-05,3.76337044882249e-06,0.00124809663754351,0.000195461301072165
9.07600600256774,-6.32240226432706e-06,-1.10346736148052e-07,0.999999999999994,-1.3426470900085e-05,5.00528456051152e-06,0.000306687389688752,3.97388306540906e-05
9.07884915898388,-1.34025801826688e-05,-2.33919152450111e-07,0.999999999999973,-4.34631086775702e-05,7.61612736734305e-06,0.00091829024671648,-0.000353162052886653
9.08169231540002,-1.09778382706721e-05,-1.91599422574668e-07,0.999999999999982,1.48847701924492e-05,6.84575117768291e-06,-0.000270958075076929,-0.000231027994057367
9.08544158003453,-1.2656005911569e-05,-2.20888973308744e-07,0.999999999999976,-7.81207879125837e-06,7.56241488392037e-06,0.000191147805263147,-0.00033198357360614
9.0886569581848,-2.32448797138672e-06,-4.0569968523702e-08,0.999999999999999,5.60801860178538e-05,3.9896642159249e-06,-0.00111114478640477,0.000218428597472419
9.09187233633508,4.87330209932858e-06,8.50551670776353e-08,0.999999999999996,3.90700968067092e-05,1.53026135322773e-06,-0.000764887595721357,0.000608214758019808
9.0952636724777,6.98153705120489e-06,1.21850808393501e-07,0.999999999999993,1.08498950762752e-05,8.85165613975595e-07,-0.000190218755122494,0.00073008192850802
9.09909036044142,-7.60155040788446e-06,-1.32672082873901e-07,0.999999999999991,-6.65125805083894e-05,6.18817495625265e-06,0.0013857961225357,-1.89291193543309e-05
9.10155761180269,-1.28691149764872e-05,-2.24608428157412e-07,0.999999999999975,-3.72626586519729e-05,8.13558274938418e-06,0.000789302550888606,-0.000339412590859876
9.10402486316396,-8.65455578680252e-06,-1.51050493777232e-07,0.999999999999989,2.98137172138002e-05,6.71027288374569e-06,-0.000577691388892974,-0.000122463071077305
9.10762320098959,-1.06255612805263e-05,-1.85451029217607e-07,0.999999999999983,-9.56011834000372e-06,7.51735722279638e-06,0.00022429365394796,-0.000233853835326385
9.11267950502759,-1.18341902115884e-05,-2.06545583499501e-07,0.999999999999979,-4.17193153801204e-06,8.0935412421568e-06,0.000113953594370634,-0.000379187723318887
9.11479067818728,-5.34992147380807e-06,-9.33737444410982e-08,0.999999999999996,5.36061376768465e-05,5.84832444118823e-06,-0.00106349249025615,3.40882774227129e-05
9.11690185134698,-5.8152585138107e-06,-1.01495407920629e-07,0.999999999999995,-3.84699068488269e-06,6.07386626114269e-06,0.000106832458966459,1.76636951119289e-05
9.12040400269888,-2.87097382426096e-06,-5.01079459719267e-08,0.999999999999999,1.46731128341543e-05,5.12524769344572e-06,-0.00027086738189729,0.000173300272630883
9.1251218174096,3.16762776230374e-05,5.52855339297777e-07,0.999999999999847,0.000127805630835804,-7.03036307190688e-06,-0.00257653416055905,0.00204028561447693
9.1283513585432,8.17188897143558e-07,1.42626368658964e-08,1,-0.000166770658787655,4.03251337523581e-06,0.00342552579128134,0.00040400315771779
9.13158089967679,-3.82264660326677e-05,-6.67177693671776e-07,0.999999999999777,-0.000211002214354401,1.80048998460653e-05,0.00432643087448915,-0.00169992667216342
9.1342170992495,-2.0000241270494e-05,-3.49070061363367e-07,0.999999999999939,0.000120669025062287,1.1593019470558e-05,-0.00243224391729853,-0.000752560658040224
9.1369388196532,-9.78374830022295e-06,-1.70758621025288e-07,0.999999999999985,6.55142387498311e-05,8.03137515293867e-06,-0.00130860036643794,-0.000210617397338284
9.14110663230436,-3.45592272279247e-06,-6.03172302072158e-08,0.999999999999998,2.64986457074314e-05,5.88927115498779e-06,-0.000513963600872036,0.000105484740687536
9.14380537053348,1.2676406210637e-06,2.21245025695873e-08,1,3.05482509890016e-05,4.27876256955749e-06,-0.000596763542329496,0.000374499720120363
9.1465041087626,-2.58300508060218e-06,-4.50819432522496e-08,0.999999999999999,-2.49029139234915e-05,5.71677854618648e-06,0.000532847521523918,0.000171551316939354
9.15028769548053,-8.19155256543568e-07,-1.42969563117041e-08,1,8.13645602323508e-06,5.18440714401479e-06,-0.000140705484467593,0.000269890415435846
9.15363610745684,-1.00354578715924e-05,-1.75151781804469e-07,0.999999999999985,-4.80391381439889e-05,8.54489423930274e-06,0.00100360622261152,-0.000223447242648339
9.15698451943315,-2.09370242318024e-05,-3.6542000841478e-07,0.999999999999933,-5.6823421955445e-05,1.25035821087559e-05,0.00118225830556849,-0.000815956540189488
9.16033145961774,-2.21468444328965e-05,-3.86535354281011e-07,0.999999999999925,-6.30885068201319e-06,1.30143412342777e-05,0.000152604796426569,-0.000897426153677346
9.16395614269402,-4.68980423201844e-06,-8.18525251226858e-08,0.999999999999997,8.40577845694047e-05,6.89184038964081e-06,-0.00168911342475766,8.12123780855242e-06
9.1665095401793,1.78655780152812e-06,3.11813159138571e-08,1,4.42680161189656e-05,4.64862904939268e-06,-0.000878520227727613,0.000384218727141462
9.16906293766458,-2.63613611180099e-06,-4.60092546816487e-08,0.999999999999999,-3.02305344312708e-05,6.28079475285619e-06,0.000639213327682872,0.000152449524772846
9.17265210523735,-9.77031118538777e-07,-1.70524099129447e-08,1,8.06784419553184e-06,5.77301424639351e-06,-0.000141475842564752,0.000242857261866406
9.17673778684414,-8.34833224225912e-06,-1.45705884677822e-07,0.999999999999989,-3.14888645632724e-05,8.48679708817327e-06,0.000664217896291627,-0.000134592659496267
9.1794639937674,-1.34011421310504e-05,-2.33894053714556e-07,0.999999999999973,-3.23483035290759e-05,1.03442983347187e-05,0.000681350058462589,-0.00042550940015563
9.18219020069066,-9.08879275664228e-06,-1.58629358634819e-07,0.999999999999987,2.76078438645045e-05,8.87057070303428e-06,-0.000540578053378741,-0.000202017446724292
9.18591166006475,-1.01134927523692e-05,-1.76513747405426e-07,0.999999999999984,-4.8057460723902e-06,9.31568542156808e-06,0.000119607571597441,-0.000266191492490541
9.18917909604694,-9.97328144022443e-07,-1.74066598359958e-08,1,4.86947834438634e-05,6.14346110172776e-06,-0.000970860435256057,0.000218922107872258
9.19244653202913,6.60890837692139e-06,1.15347211139912e-07,0.999999999999993,4.06293716845613e-05,3.50730473433837e-06,-0.000806796638636048,0.00063041161934578
9.19588393368952,9.44924855808116e-06,1.64920499177842e-07,0.999999999999986,1.44217327317892e-05,2.56867636844586e-06,-0.000273063336388349,0.000793078753558635
9.19973132589929,-8.7850838535674e-06,-1.53328638308542e-07,0.999999999999988,-8.27181426105858e-05,9.13245143676224e-06,0.00170603221882425,-0.000145859374922585
9.20214173800353,-1.1625310508218e-05,-2.02899944935098e-07,0.999999999999979,-2.05654902493071e-05,1.01909642376356e-05,0.000439141837618347,-0.000342256071118126
9.20455215010777,-7.15488336835815e-06,-1.24876272374032e-07,0.999999999999992,3.23694327720249e-05,8.64921154784364e-06,-0.000639622032713864,-0.000111697659117164
9.20812090438835,-9.12128564389544e-06,-1.59196466500866e-07,0.999999999999987,-9.6168554707135e-06,9.41888233832861e-06,0.000215669314828742,-0.000222025456022641
9.21311817011689,-1.67631661038579e-05,-2.92572441571026e-07,0.999999999999957,-2.66897904404642e-05,1.22329576317682e-05,0.000563123004919593,-0.000698675208765693
9.2152789855205,-4.51979049395015e-06,-7.88852256197708e-08,0.999999999999997,9.88919347735529e-05,7.92018983229955e-06,-0.0019958983040699,1.17972306356437e-05
9.21743980092411,-4.52320880366206e-06,-7.89448863790967e-08,0.999999999999997,-2.76102989761421e-08,7.96220171052885e-06,1.94426040091921e-05,1.88228118117072e-05
9.22105119881122,-1.36875136238547e-06,-2.38892179147846e-08,1,1.52449744351763e-05,6.90758335744982e-06,-0.00029202496818251,0.000185838912843598
9.22588236827603,4.02663172913095e-05,7.02779814386018e-07,0.999999999999753,0.000150412656313125,-7.81109209512298e-06,-0.00304660715377183,0.00243854912977587
9.22890197229508,3.41875739863694e-07,5.96685729331308e-09,1,-0.00023076302478668,6.4417918943387e-06,0.00472011690922672,0.000303935666115483
9.23192157631412,-2.1224518361364e-05,-3.70437727555785e-07,0.999999999999931,-0.000124653624274945,1.41649761735034e-05,0.00255768114973172,-0.000868616787491471
9.23470865466504,-1.4851777545662e-05,-2.59212417945562e-07,0.999999999999966,3.99074929391858e-05,1.19471491584551e-05,-0.000795753378916515,-0.000543843101680705
9.23777600054007,-9.50682059550244e-06,-1.65925320787925e-07,0.999999999999986,3.04129697003423e-05,1.00990638288045e-05,-0.000602503077562076,-0.000264310715172825
9.24234220421884,1.42606869361027e-05,2.48895940631132e-07,0.999999999999969,9.08459829217e-05,1.72334639827676e-06,-0.00183428467491698,0.000952174910579624
9.24462193270085,2.30916428322074e-06,4.03025197116568e-08,0.999999999999999,-9.14992388637502e-05,6.01198998904937e-06,0.00188120805816341,0.000361530748662659
9.24690166118285,-2.95395138550746e-06,-5.15561776209534e-08,0.999999999999999,-4.02937007883579e-05,7.92132552301045e-06,0.000837527604288108,8.54493977774547e-05
9.25049450846963,-6.86480517439142e-07,-1.19813452801074e-08,1,1.10148940887455e-05,7.17325300653404e-06,-0.000208211609558339,0.000206930083985917
9.25550789546802,1.58822993648656e-05,2.77198416704305e-07,0.999999999999962,5.76815159247129e-05,1.36076306744393e-06,-0.00115939382715837,0.00114858839325336
9.25764496670685,-3.0272980834693e-06,-5.28363189958534e-08,0.999999999999999,-0.000154433193289652,8.1188643853316e-06,0.00316231915674653,8.50875204295611e-05
9.25978203794568,-4.47355452554438e-06,-7.80782557382422e-08,0.999999999999997,-1.18114624743137e-05,8.66620326262868e-06,0.000256116346218038,-1.28022484956244e-06
9.26352133322989,-7.90126491598579e-06,-1.37903087856265e-07,0.99999999999999,-1.59989590473537e-05,9.94220362963262e-06,0.000341240867602102,-0.000186470760412553
9.26845800857526,-6.77835254590193e-05,-1.18304569786901e-06,0.9999999999993,-0.000211709812149548,3.13121383745676e-05,0.00432881104181745,-0.00341997496362978
9.27251456550371,-8.8428409294338e-05,-1.54336689448674e-06,0.999999999998809,-8.88243904804137e-05,3.87121339736278e-05,0.00182420602732675,-0.00475519027959442
9.2742988624023,-2.56078874642555e-05,-4.46941950731425e-07,0.9999999999999,0.000614485708415562,1.63974790510876e-05,-0.0125061333347214,-0.00118326656250955
9.27608315930089,-9.00654488523093e-06,-1.57193862475934e-07,0.999999999999988,0.000162387822611755,1.05189695846564e-05,-0.00329458033080985,-0.000261174315706564
9.27899031845662,-2.91732388245967e-06,-5.09169070959853e-08,0.999999999999999,3.65569787159788e-05,8.3942859757508e-06,-0.000730845301234577,6.59350130306158e-05
9.28295564204962,1.29373441143976e-05,2.25799251259745e-07,0.999999999999974,6.97840042221748e-05,2.81049912105947e-06,-0.00140815414523997,0.000912159153690998
9.28687496381595,4.95063010945527e-05,8.64047954583509e-07,0.999999999999627,0.000162846722309367,-1.01416255696017e-05,-0.00330468521413682,0.00290661880207342
9.29024942437656,-9.97725695491363e-07,-1.74135984180746e-08,1,-0.000261215544580084,7.86457211533182e-06,0.00533602256169819,0.000242441212352747
9.29255745579883,-9.41291034150558e-06,-1.64286277654295e-07,0.999999999999986,-6.36354764579083e-05,1.08871415291636e-05,0.00130958763587973,-0.000273821578545426
9.2948654872211,-5.83388394560832e-06,-1.01820483030103e-07,0.999999999999995,2.70645338799815e-05,9.6440262334534e-06,-0.00053860414711576,-9.37954165233631e-05
9.29824780853498,-7.65416238348542e-06,-1.33590335074117e-07,0.999999999999991,-9.39291365182695e-06,1.03343531506203e-05,0.000204098562231177,-0.000195151975140909
9.3,-4.64941632879148e-06,-8.11476232333985e-08,0.999999999999997,2.99297838665358e-05,9.2877036261929e-06,-0.000597337417356855,-3.47117479957122e-05
9.30645043325891,-3.88002395474211e-05,-6.7719193066496e-07,0.999999999999771,-9.240376320584e-05,2.15118615672577e-05,0.00189509098852779,-0.00190499804517368
9.30876688605284,-6.55887113067293e-06,-1.14473896444246e-07,0.999999999999993,0.00024292229727106,1.00734232995667e-05,-0.00493791123120566,-0.000149556671225245
9.31108333884677,-3.70703778648213e-06,-6.47000148699558e-08,0.999999999999998,2.14871124094462e-05,9.08655787826729e-06,-0.000426024404160787,8.41732823235202e-06
9.31492715877954,6.73538074032316e-07,1.17554570294052e-08,1,1.98904925924096e-05,7.57319807274238e-06,-0.000393712461039629,0.000240408724907492
9.31980168712784,6.4410101681759e-05,1.12416834589079e-06,0.999999999999368,0.000228209338294097,-1.50387410535692e-05,-0.00463879528656186,0.00368348796049384
9.32290225436647,9.84303160026973e-06,1.71793309802552e-07,0.999999999999985,-0.000307161549094675,4.40177615341394e-06,0.00626998729935616,0.000779883218500782
9.32600282160509,-3.42387712216818e-05,-5.97579289655393e-07,0.999999999999821,-0.000248139304922474,2.01124804931845e-05,0.00506704197349838,-0.00160223092478287
9.32851878332954,-1.49119663278267e-05,-2.602629103671e-07,0.999999999999966,0.000134070552827175,1.32657732243162e-05,-0.00272130819890718,-0.000597409711848473
9.33121044548176,-7.13724287409064e-06,-1.24568387667384e-07,0.999999999999992,5.04129103229198e-05,1.05289991404966e-05,-0.00101675987885675,-0.000186237287485679
9.33521320529983,-5.53291024896518e-06,-9.65675010617815e-08,0.999999999999995,6.99539514691809e-06,9.99951899620667e-06,-0.000132278769737736,-0.000114282038468457
9.33812747339996,2.34533255504721e-06,4.09337751397849e-08,0.999999999999999,4.71820956334518e-05,7.22708107903566e-06,-0.000951332486209173,0.000314592908292718
9.34104174150008,1.19807776253199e-06,2.09104016511099e-08,1,-6.87080694045386e-06,7.66391669618109e-06,0.000149895480490228,0.000257258355454631
9.34477574694061,3.48880084681521e-06,6.08910617232917e-08,0.999999999999998,1.07071777770395e-05,6.8854247059222e-06,-0.000208487106582386,0.000386918078324151
9.34802108406806,-7.93424316194568e-06,-1.38478666829797e-07,0.99999999999999,-6.14326711597081e-05,1.09786198865007e-05,0.00126125423024801,-0.00022495864148475
9.35126642119551,-1.73732207183466e-05,-3.03219903210838e-07,0.999999999999954,-5.07624415927591e-05,1.43655155630947e-05,0.00104361905823146,-0.000739460879736878
9.35455184181893,-1.74932364995207e-05,-3.05314573746679e-07,0.999999999999953,-6.37565406667597e-07,1.44379257126251e-05,2.20398414176698e-05,-0.000759561054508478
9.35819397170003,-4.60041169105983e-06,-8.02923309562342e-08,0.999999999999997,6.17831461634274e-05,9.88488202665048e-06,-0.00125010470098728,-9.44700515544912e-05
9.36081062208449,3.60228949161804e-06,6.28718122387275e-08,0.999999999999998,5.47127518620623e-05,6.99052634185003e-06,-0.00110613007453538,0.000368917117803525
9.36342727246896,-2.41260314265445e-07,-4.21078683832826e-09,1,-2.56368215927292e-05,8.37978159251779e-06,0.000530928877207343,0.000168418895867456
9.36703460342824,1.44304079539867e-06,2.51858131203047e-08,1,8.1491275101909e-06,7.81089687163139e-06,-0.000157702391964593,0.000261404169596977
9.3709516428056,-7.05809965226596e-06,-1.23187077865908e-07,0.999999999999992,-3.78788356950589e-05,1.08661478251075e-05,0.000779989849255201,-0.000179871906087529
9.37378210169856,-1.25480425919032e-05,-2.19004657909193e-07,0.999999999999976,-3.38523128817852e-05,1.28409532380508e-05,0.000697697966170689,-0.000490592167664269
9.37661256059151,-8.17716444370928e-06,-1.42718443019737e-07,0.99999999999999,2.69518893488893e-05,1.13084640770267e-05,-0.000541427810465419,-0.000263889481870345
9.38031815035175,-7.9119679419674e-06,-1.3808989089957e-07,0.99999999999999,1.24907300042345e-06,1.12422205212312e-05,-1.78766566407854e-05,-0.000260340819275867
9.38307761209038,-1.1677631692495e-06,-2.03813121869276e-08,1,4.26563547031211e-05,8.8641971244959e-06,-0.000861770744433994,0.000105979775068424
9.38583707382901,-1.36589270182737e-06,-2.38393248758488e-08,1,-1.25314753979504e-06,8.9546999748759e-06,3.27972840185035e-05,9.73493357960185e-05
9.38997191394132,4.93741723869677e-06,8.61741873599854e-08,0.999999999999996,2.66064731035988e-05,6.74224950572376e-06,-0.000535075216709305,0.000438600051496745
9.39384611004835,-2.58993599111528e-06,-4.52029104608642e-08,0.999999999999999,-3.39108021874657e-05,9.44593268376771e-06,0.000697869468491765,5.64992260935769e-05
9.39652933065577,-1.05833285195607e-05,-1.84713928486551e-07,0.999999999999983,-5.19938679808897e-05,1.23064835578158e-05,0.00106608859001007,-0.000394244640005945
9.39921255126318,-6.74782353560406e-06,-1.17771738039855e-07,0.999999999999993,2.49484482422473e-05,1.09599167544062e-05,-0.000501847220346692,-0.000196540387301928
9.40283018077717,-8.07590681449546e-06,-1.40951163997192e-07,0.99999999999999,-6.40735207065551e-06,1.14552295383509e-05,0.000136916392911174,-0.000274696427746346
9.4064955609654,1.56249940397322e-06,2.72707591597817e-08,1,4.5894808865219e-05,8.05001407657624e-06,-0.000929021080190617,0.000230273142470683
9.41016094115363,3.70829369361952e-05,6.47219345845979e-07,0.999999999999791,0.000169136230036306,-4.56048539086312e-06,-0.0034404342305195,0.00213409842451214
9.41318545762759,2.28930169345903e-05,3.99558521223409e-07,0.99999999999992,-8.18844356626399e-05,5.03720501714413e-07,0.00167438528974064,0.001397927555008
9.41610928374324,2.72027803449023e-07,4.74778082715343e-09,1,-0.000135032223114205,8.56517981376939e-06,0.00275716099151437,0.000185654835650137
9.41991005331443,-3.60640258427289e-05,-6.29435992479901e-07,0.999999999999802,-0.000166856675057334,2.15086503478737e-05,0.00340548678147494,-0.00174700701967691
9.42304431433568,-4.46733850052289e-05,-7.7969765635223e-07,0.999999999999696,-4.7941656056595e-05,2.45869586422527e-05,0.000982148032186309,-0.00224301827557573
9.42566801752435,-1.13889753120176e-05,-1.98775117623054e-07,0.99999999999998,0.000221413207575428,1.27632896280297e-05,-0.00450648116954788,-0.000464791082881859
9.42944956204573,3.54570116699426e-06,6.18841596558551e-08,0.999999999999998,6.89293159990948e-05,7.47080031130651e-06,-0.00139955758468513,0.000312232108981909
9.4321033004465,6.02243757264782e-06,1.05111364638519e-07,0.999999999999994,1.62891734053586e-05,6.60301168300425e-06,-0.000327006093761616,0.000467590448627834
9.43475703884728,6.482377767728e-07,1.13138835404934e-08,1,-3.53454135006952e-05,8.52688213207277e-06,0.000724966126468036,0.000184324801045346
9.43846056782518,1.57860534701425e-06,2.75518608949863e-08,1,4.38446072688403e-06,8.21301283339877e-06,-8.47487087441962e-05,0.000238655542064438
9.44180190633063,-7.10788668870149e-06,-1.24056025576518e-07,0.999999999999992,-4.53733993800069e-05,1.13170337105288e-05,0.000928975281034427,-0.000225941710057532
9.44514324483607,-1.67531503449345e-05,-2.92397633600727e-07,0.999999999999957,-5.03814886608212e-05,1.47614624452523e-05,0.00103085297377294,-0.000750083400031663
9.44854858858617,-1.89792030776566e-05,-3.31249583109742e-07,0.999999999999945,-1.14091123716611e-05,1.55670248961794e-05,0.000236558335969339,-0.000885115530266195
9.45227884735013,7.40776135791329e-07,1.29289825897593e-08,1,9.22666730322424e-05,8.56833445624049e-06,-0.00187619435615729,0.000134949080245504
9.45473942933939,4.42956663259314e-06,7.73105221752282e-08,0.999999999999997,2.61651673736296e-05,7.26601485083368e-06,-0.000529272997645421,0.000370317401313814
9.45720001132864,-2.43164733057572e-07,-4.24402521658773e-09,1,-3.31444136988159e-05,8.93692985736e-06,0.000679073086701053,0.000126156883479613
9.46077503185798,1.60459554951129e-06,2.80054755018197e-08,1,9.02078756018004e-06,8.2925076422234e-06,-0.00018025692715577,0.000226845457472402
9.46583806665265,7.53785189699547e-07,1.31560334130271e-08,1,-2.93291330022349e-06,8.61252292661216e-06,6.3206218674505e-05,0.000256095690380126
9.46795131093095,-3.79388552520202e-06,-6.62157938585295e-08,0.999999999999998,-3.75592297051733e-05,1.02362469586397e-05,0.000768356052684548,-5.59595750687021e-05
9.47006455520924,-2.96873418449033e-06,-5.1814186135865e-08,0.999999999999999,6.81492805663545e-06,9.94930938557289e-06,-0.000135780598586825,-2.26439815498163e-05
9.4735613084821,-5.79535345723512e-06,-1.01147999145589e-07,0.999999999999995,-1.41084626681233e-05,1.09650161736335e-05,0.000290471391260363,-0.000176011405403607
9.47827748199064,-3.92188475904241e-05,-6.84498019290691e-07,0.999999999999766,-0.000123691382237796,2.28648705299558e-05,0.00252320113642184,-0.00198869918525432
9.48144076867222,-7.55848208779121e-06,-1.31920398884971e-07,0.999999999999991,0.000174684647971996,1.1613516560023e-05,-0.00355685560700552,-0.000307444222468506
9.48460405535379,2.24483119846506e-05,3.91796955647046e-07,0.999999999999923,0.000165561141701816,9.49959978112396e-07,-0.00337103704321691,0.00131083737139167
9.48732120278084,1.02997146715161e-05,1.79763933033921e-07,0.999999999999984,-7.80351557309426e-05,5.27709430087421e-06,0.00159252835517758,0.00067992399823378
9.49018806992417,1.82053065115394e-06,3.17742539961125e-08,0.999999999999999,-5.16206966136599e-05,8.29917866054834e-06,0.00105414175424874,0.000228409456829231
9.49458863302844,-1.24227904641668e-05,-2.16818595885064e-07,0.999999999999976,-5.64911453355131e-05,1.33742323060301e-05,0.00115327368912448,-0.000501424138690685
9.49704520829774,-9.47125975752441e-06,-1.6530466708044e-07,0.999999999999986,2.09698149485846e-05,1.23292706726184e-05,-0.000425373342501631,-0.000377340633438643
9.49950178356705,-4.4035569313388e-06,-7.68565672508799e-08,0.999999999999997,3.60046365908961e-05,1.05316275803583e-05,-0.000731767967674594,-0.000112281835452622
9.50324623702333,-6.53398620031284e-06,-1.14039572475332e-07,0.999999999999993,-9.93015553768691e-06,1.12959140175612e-05,0.00020411161365134,-0.000231503814970523
9.50729604841804,6.1506618432794e-07,1.07349300342009e-08,1,3.08099539332521e-05,8.75990279736183e-06,-0.000626204771784872,0.000132012196832408
9.51008314361312,6.25152932384037e-06,1.09109769985989e-07,0.999999999999994,3.52965482217427e-05,6.75959879931315e-06,-0.000717702072601811,0.000449135064118732
9.5128702388082,2.12251709846503e-06,3.70449117980915e-08,0.999999999999999,-2.58566188607654e-05,8.23192322247844e-06,0.000528264849282313,0.000232824996742209
9.51658050482077,2.68130451102627e-06,4.6797591965985e-08,0.999999999999999,2.62856629008601e-06,8.03791451725451e-06,-5.22897022926765e-05,0.000269259470959671
9.5196464801792,-5.74907269655113e-06,-1.00340247491326e-07,0.999999999999995,-4.79905486039722e-05,1.10395442282771e-05,0.000979012992641823,-0.000185797650512159
9.52271245553763,-8.23363090523484e-06,-1.43703968690309e-07,0.99999999999999,-1.4143532197594e-05,1.1926244400249e-05,0.000289206555275779,-0.000325233072971596
9.52638053422772,-1.32691338632631e-05,-2.31590074801814e-07,0.999999999999973,-2.3959711210379e-05,1.37202954893207e-05,0.000489098310218533,-0.000605754761161618
9.53075948361101,7.26928372598548e-06,1.26872935280088e-07,0.999999999999992,8.18605055017482e-05,6.41886263599469e-06,-0.00166739375458509,0.00041084977338879
9.53290012948744,1.87606531380176e-06,3.27435167083014e-08,0.999999999999999,-4.39724382290618e-05,8.3386777759435e-06,0.00089683920216968,0.000198512259233962
9.53504077536387,-1.10552687078457e-06,-1.92950838644606e-08,1,-2.43097661064111e-05,9.40029817807627e-06,0.000495934621330879,4.93432796972198e-05
9.53841877143494,1.2309659905725e-06,2.14844095155636e-08,1,1.20720961546688e-05,8.57090298987023e-06,-0.000245528760471253,0.000174625782450418
9.54303220110139,2.40215484796541e-05,4.1925511239739e-07,0.999999999999912,8.62201727652755e-05,4.67264364725755e-07,-0.00175653238719009,0.00141434458971205
9.54598181471768,-2.30152659552382e-06,-4.01692169141064e-08,0.999999999999999,-0.000155757461511277,9.82930905055544e-06,0.00317399019117085,5.12545125962047e-07
9.54893142833396,-1.1210590413385e-05,-1.9566171380608e-07,0.999999999999981,-5.27162256213962e-05,1.29979113927345e-05,0.00107424319059487,-0.000488774799013381
9.55203219881475,-1.13203980640173e-05,-1.97578218853492e-07,0.99999999999998,-6.18073817227914e-07,1.30368675955202e-05,1.25633944940388e-05,-0.000503837684689719
9.5555752232631,-9.23063145610935e-06,-1.61104910947266e-07,0.999999999999987,1.02943991603809e-05,1.22931457372157e-05,-0.000209911579541171,-0.000405244105936997
9.5583478916125,8.71784322278179e-07,1.52155067910216e-08,1,6.35923217344207e-05,8.69973642573702e-06,-0.00129601122768546,0.000143566912578581
9.56112055996191,8.37613728247358e-07,1.46191174178214e-08,1,-2.15095820359422e-07,8.71101778827922e-06,4.0687745956413e-06,0.000145611804594883
9.56494545970929,5.67765709362188e-06,9.90938100829135e-08,0.999999999999995,2.2085465827675e-05,6.98809053474173e-06,-0.000450450303884874,0.00040883027815323
9.56978533185926,3.74672132250145e-06,6.53926232323265e-08,0.999999999999998,-6.96323907043548e-06,7.67260810964997e-06,0.000141432987008224,0.000405768393217059
9.57182058211483,-1.65188773651004e-06,-2.88308798754168e-08,1,-4.62957824719725e-05,9.59068284729178e-06,0.000942426972995375,2.54414735387841e-05
9.57385583237039,-1.89415533730634e-06,-3.30592471802195e-08,0.999999999999999,-2.07756628121649e-06,9.67525552608087e-06,4.15539457900923e-05,-1.70637674480728e-06
9.57718681908978,-4.69446271361259e-06,-8.19338309646473e-08,0.999999999999997,-1.46727044872296e-05,1.066839525812e-05,0.000298151813773184,-0.000153492139683287
9.58169646673001,-3.14863913057364e-05,-5.4954119785639e-07,0.999999999999849,-0.000103690444175835,2.01923105895015e-05,0.00211189788896667,-0.00160124096061707
9.58597032939811,-5.86915780009339e-05,-1.02436127930719e-06,0.999999999999475,-0.000111098581850791,2.98620752205703e-05,0.00226253517766108,-0.00321160145907261
9.58785548639336,-1.35199516675959e-05,-2.35967671310044e-07,0.999999999999972,0.000418211114503308,1.37958262665539e-05,-0.00852249918415069,-0.000656119052173589
9.58974064338861,-4.01816400601499e-06,-7.01301917900868e-08,0.999999999999998,8.79701159838642e-05,1.04144177862529e-05,-0.00179370126139127,-0.000126678640827711
9.59290658809401,1.82609830871887e-07,3.18714279522441e-09,1,2.31581222692205e-05,8.916329766176e-06,-0.000473188308538772,9.77101183742943e-05
9.59719662745724,2.69428115468887e-05,4.70240771237536e-07,0.999999999999889,0.000108869310721396,-6.0670676001918e-07,-0.00221980166611545,0.00152943598726476
9.6010941812518,7.21232295966961e-05,1.25878782363384e-06,0.999999999999208,0.000202318452537355,-1.66802356544796e-05,-0.00412400437343344,0.00401313526976712
9.60364716719122,2.15493178321895e-06,3.76106547730433e-08,0.999999999999999,-0.000478332900312604,8.19884829502424e-06,0.00974509242895964,0.000225223485072038
9.60620015313065,-4.90800297140619e-06,-8.56608115487031e-08,0.999999999999996,-4.82852116097612e-05,1.07062779615398e-05,0.000982155689851933,-0.000170873721045569
9.60925897686706,-6.41068258026478e-06,-1.11887518325866e-07,0.999999999999994,-8.57411509691769e-06,1.12352366900659e-05,0.00017292880339258,-0.000256523736490064
9.61312142844195,-1.27703138654446e-05,-2.2288402346509e-07,0.999999999999975,-2.87373195461367e-05,1.34896861089748e-05,0.000583683542743275,-0.000608721493050119
9.61648476997766,1.58017726655616e-06,2.75792960665691e-08,1,7.44685952564258e-05,8.3794258264031e-06,-0.00151939974823225,0.00015105523274727
9.61984811151336,2.38512641689661e-05,4.16283090511395e-07,0.999999999999913,0.000115570717489794,4.52070595702493e-07,-0.00235698787843594,0.00135008107390135
9.62283274935544,1.5378539869811e-05,2.68406154877419e-07,0.999999999999964,-4.95460231553476e-05,3.45899259488109e-06,0.0010074662851168,0.000912494349496188
9.6259203444711,2.50847105404159e-06,4.37810790839983e-08,0.999999999999999,-7.27508197737331e-05,8.02924818000938e-06,0.00148019912389185,0.000227596446186614
9.62902830777456,-8.25180903529487e-06,-1.44021236911712e-07,0.99999999999999,-6.04261690563869e-05,1.18488328857794e-05,0.0012289671186021,-0.000353573502693143
9.63213627107801,-1.09986515004589e-05,-1.91962681962421e-07,0.999999999999982,-1.54253574993602e-05,1.28182569132224e-05,0.000311916175575452,-0.000509326418051215
9.63559194062914,-1.11747983167177e-05,-1.95037023873042e-07,0.999999999999981,-8.89651589984753e-07,1.28723073551771e-05,1.5641091011447e-05,-0.000530144908956081
9.63894092920874,3.28191987190796e-06,5.72803075514245e-08,0.999999999999998,7.53413531957301e-05,7.72234203455677e-06,-0.00153776735817598,0.000237257974657854
9.64228991778835,2.27109746366703e-05,3.96381283746809e-07,0.999999999999921,0.000101254742479718,8.03819947742556e-07,-0.00206585418921636,0.00128539560341029
9.64531357305858,1.45342017057119e-05,2.53669673913646e-07,0.999999999999968,-4.71983731869799e-05,3.70366458097696e-06,0.000959052661123057,0.000862143049006994
9.64851993929439,1.65902033923832e-06,2.89553672772619e-08,1,-7.00837927142568e-05,8.27366108713101e-06,0.00142528837009222,0.000179035302045819
9.65153471259209,-9.29823195496581e-06,-1.62284762228302e-07,0.999999999999987,-6.34343317461314e-05,1.21617942375599e-05,0.00128969337541818,-0.000416294684397224
9.65454948588978,-9.50849733996913e-06,-1.65954585499583e-07,0.999999999999986,-1.21728001043512e-06,1.22276625235604e-05,2.1848503849621e-05,-0.000436312751946188
9.65802677690342,-9.09756365411905e-06,-1.58782439674143e-07,0.999999999999987,2.06256703776727e-06,1.20709750733947e-05,-4.50602062213059e-05,-0.000424472045618668
9.66131867094635,3.62916805055652e-06,6.33409315903953e-08,0.999999999999998,6.74758568676154e-05,7.53464562753892e-06,-0.00137803021199589,0.000253367585928108
9.66461056498929,1.64178614248647e-05,2.86545738000052e-07,0.999999999999959,6.78043714343105e-05,2.97609223451516e-06,-0.00138478132454025,0.000945615747724604
9.66778500520591,1.3320736407625e-05,2.32490709103335e-07,0.999999999999973,-1.70282081904232e-05,4.06732111067274e-06,0.000343754741526753,0.000792067429837917
9.67125986538776,2.99652727875843e-07,5.22992671401606e-09,1,-6.54014177539646e-05,8.68667724988756e-06,0.00132936460676959,0.000109707291874263
9.67401788251898,-9.01769031749224e-06,-1.57388386965452e-07,0.999999999999988,-5.89620390091853e-05,1.19908422109747e-05,0.00119802191352449,-0.000407926167746082
9.67677589965021,-5.71072267560216e-06,-9.96709133575576e-08,0.999999999999995,2.09271628353503e-05,1.0805205159471e-05,-0.000429887486223028,-0.00023837816065066
9.6803555971544,-6.65629806913975e-06,-1.1617431730063e-07,0.999999999999993,-4.61027891987087e-06,1.11288621691878e-05,9.04146256319617e-05,-0.000296070870849199
9.68390331471751,3.58141825708029e-06,6.25075404770877e-08,0.999999999999998,5.03652995479884e-05,7.47514096883589e-06,-0.00102987939015883,0.000243998703424712
9.68745103228062,2.90491137172821e-05,5.070026791528e-07,0.999999999999871,0.000125290452458122,-1.59514795788473e-06,-0.00255665474079291,0.00161266153437306
9.69054556298078,2.04902071243086e-05,3.57621578734776e-07,0.999999999999936,-4.82726186591781e-05,1.43727677168431e-06,0.000979930407350726,0.00117375348054352
9.69366398528005,1.17674711863622e-06,2.05381116835584e-08,1,-0.000108094233141838,8.29407094064631e-06,0.00219880231442125,0.00014432958054996
9.69663144483219,-1.0159636639989e-05,-1.77319110174061e-07,0.999999999999984,-6.66756255243451e-05,1.23142079876862e-05,0.00135474030105338,-0.00047397276655591
9.69959890438434,-9.06906487314003e-06,-1.58285042113255e-07,0.999999999999987,6.41426369132227e-06,1.19146706249398e-05,-0.000134639531129314,-0.000424653938018032
9.70305190350356,-7.94887721695195e-06,-1.38734079272575e-07,0.99999999999999,5.66202369756292e-06,1.15024752996142e-05,-0.000119373133642416,-0.000374026919799666
9.70632964850613,3.88861688008884e-06,6.78691679061798e-08,0.999999999999998,6.30321294111784e-05,7.27930750205966e-06,-0.00128843695719005,0.000257174718344556
9.7096073935087,1.47214311407618e-05,2.56937444011915e-07,0.999999999999967,5.76824237265461e-05,3.41328973879358e-06,-0.00117947484024424,0.000844420345601838
9.71284895290853,1.32076573744037e-05,2.30517107658652e-07,0.999999999999973,-8.15050199439362e-06,3.93817368356922e-06,0.000161923284454725,0.000775307201943528
9.71644125712721,-8.37514874328753e-07,-1.46173920914633e-08,1,-6.82387918247746e-05,8.91806226530446e-06,0.00138626582788635,4.36323286114607e-05
9.71908974877295,-8.60467678771118e-06,-1.50179941015489e-07,0.999999999999989,-5.11848127374989e-05,1.16688468966461e-05,0.00103862311054155,-0.00039692592304289
9.72173824041869,-4.52509512907221e-06,-7.89778089682678e-08,0.999999999999997,2.68840312038554e-05,1.02064352128537e-05,-0.000552167754104373,-0.000185669512234941
9.72534277735337,-5.88963727395099e-06,-1.02793562178628e-07,0.999999999999995,-6.60716026550589e-06,1.0675813371543e-05,0.000130218712471331,-0.000264555397062883
9.72910612441056,3.38264010336941e-06,5.90382072137975e-08,0.999999999999998,4.30020848284811e-05,7.36134004941683e-06,-0.000880724863201539,0.00021944391661951
9.73205991398399,9.64600884283112e-06,1.6835461398389e-07,0.999999999999986,3.70088674404584e-05,5.12052890668734e-06,-0.000758622470228006,0.000566518369461932
9.73501370355742,5.58169367228044e-06,9.74189324190269e-08,0.999999999999995,-2.40151438690613e-05,6.55246252219622e-06,0.000484778478598899,0.000355012774245828
9.73870986719756,3.1179369635182e-06,5.4418265883027e-08,0.999999999999999,-1.16338643855007e-05,7.41159227644938e-06,0.000232438235397168,0.00023430069667245
9.7415930096753,-6.1692090356458e-06,-1.07673009915803e-07,0.999999999999994,-5.62203488210065e-05,1.0700881601322e-05,0.00114086950273042,-0.000272383996131668
9.74447615215303,-5.5280486464504e-06,-9.64826500909754e-08,0.999999999999995,3.88130656436565e-06,1.04591558151891e-05,-8.3841082429949e-05,-0.000244469850651622
9.74816048786492,-8.35192588587307e-06,-1.45768605591029e-07,0.999999999999989,-1.33771619510542e-05,1.14457242870436e-05,0.000267773772262317,-0.000404026134641898
9.75168203425499,3.18050429934397e-06,5.55102718973876e-08,0.999999999999998,5.71563896066726e-05,7.32719680540881e-06,-0.00116952242720875,0.000203671600497005
9.75520358064505,3.21355808283499e-05,5.60871692495443e-07,0.999999999999843,0.000143505541208853,-2.98762158084382e-06,-0.00292905935169801,0.00175871685835683
9.75819938228744,2.02287706681441e-05,3.5305865178996e-07,0.999999999999938,-6.93680909193409e-05,1.23215347327968e-06,0.00140856290163436,0.0011413910488393
9.76119122628747,2.62765654558478e-06,4.58612583320349e-08,0.999999999999999,-0.000102678279166622,7.47682608197399e-06,0.00208723202434163,0.000201076553780911
9.76433507013973,-9.13931235348499e-06,-1.59511091936504e-07,0.999999999999987,-6.53252387584808e-05,1.16457013713305e-05,0.00132604400385665,-0.000433926974526495
9.767478913992,-1.25031024778736e-05,-2.18220304953153e-07,0.999999999999976,-1.86743412763227e-05,1.28259031065557e-05,0.000375400875706726,-0.000623751415875534
9.77085615210396,-1.0371735109451e-05,-1.81020926804614e-07,0.999999999999984,1.1014733612284e-05,1.20504479903621e-05,-0.000229612212845285,-0.000521133668954467
9.77411838700508,4.24384598522715e-06,7.40690853897564e-08,0.999999999999997,7.81948633149128e-05,6.83559770717075e-06,-0.00159855143521327,0.00025804385345643
9.7773806219062,1.77184469577162e-05,3.09245237752116e-07,0.999999999999952,7.20905022141354e-05,2.02643681373448e-06,-0.00147419209198646,0.000988148070594344
9.78048805195908,1.30350795397766e-05,2.27505056228447e-07,0.999999999999974,-2.63047534884819e-05,3.67564795521015e-06,0.000530731541309479,0.000749483026208755
9.78390491871105,1.54395999757562e-06,2.69471854767783e-08,1,-5.86964272563669e-05,7.74416668008662e-06,0.00119071623806561,0.00014616560400661
9.78675094820234,-8.48563329486475e-06,-1.48102240112244e-07,0.999999999999989,-6.15065395930288e-05,1.12956886252044e-05,0.00124788655774142,-0.000405179516356226
9.78959697769363,-6.1561084630361e-06,-1.07444361789867e-07,0.999999999999994,1.42858246714558e-05,1.04517528428954e-05,-0.000296530933671437,-0.000288042305534011
9.79315689679473,-6.83618338667361e-06,-1.19313908367591e-07,0.999999999999993,-3.33421806525522e-06,1.06741245292878e-05,6.24653763406897e-05,-0.000332319231628174
9.79658634752492,4.11445168798642e-06,7.18107288696014e-08,0.999999999999997,5.57303930785789e-05,6.76072809898116e-06,-0.0011411146385206,0.000248284721165943
9.80001579825511,2.22571861223132e-05,3.88461180063545e-07,0.999999999999925,9.23327016791024e-05,2.89455203552965e-07,-0.00188697065639628,0.00122624429304071
9.80316954363175,1.74215191473644e-05,3.04062869820739e-07,0.999999999999954,-2.67612949568171e-05,1.9916474962721e-06,0.000539736754060878,0.00098317830751034
9.80647652660271,9.55150692335097e-07,1.66705244339508e-08,1,-8.69046946749341e-05,7.82914989053928e-06,0.00176520485455246,0.000112103989006571
9.8093098201354,-9.13830693081144e-06,-1.59493544000477e-07,0.999999999999987,-6.2176426975088e-05,1.14026123093669e-05,0.00126123974716874,-0.000444313865908409
9.8121431136681,-6.25241381899139e-06,-1.09125207338592e-07,0.999999999999994,1.77773097212501e-05,1.03600578738729e-05,-0.000367965557914964,-0.000297677835532552
9.81567359351742,-6.43857480588326e-06,-1.12374329498617e-07,0.999999999999994,-9.20306105314142e-07,1.04059316171179e-05,1.29936284026042e-05,-0.000315295469832179
9.81908657338758,4.27599250984309e-06,7.46301480873779e-08,0.999999999999997,5.47921419699332e-05,6.57563082001177e-06,-0.00112227465230655,0.000253396139375758
9.82249955325773,2.06828608488347e-05,3.60984020543988e-07,0.999999999999935,8.39014243713389e-05,7.20854444621514e-07,-0.00171544415675862,0.00113853655877463
9.82568921966343,1.70080954542987e-05,2.96847265170988e-07,0.999999999999956,-2.01076687074575e-05,2.00911890799332e-06,0.000403886895843416,0.000957105544037308
9.82906753885641,3.30258876860559e-07,5.76410478515526e-09,1,-8.61621249378388e-05,7.92054032144519e-06,0.00174981139311156,7.74598210204268e-05
9.83183400719396,-8.95316069336989e-06,-1.56262132559442e-07,0.999999999999988,-5.85678986979195e-05,1.12055577697298e-05,0.0011874408261598,-0.000438681468821036
9.83460047553151,-5.36050492946739e-06,-9.35584605885922e-08,0.999999999999996,2.26656026095689e-05,9.91132080547674e-06,-0.000467830029603571,-0.000253857841572937
9.83815652709105,-5.92002341811769e-06,-1.03323900441322e-07,0.999999999999995,-2.74614686801192e-06,1.00889307027844e-05,4.99458161204027e-05,-0.000290709184117716
9.84165660993056,4.31416858688415e-06,7.52964463272394e-08,0.999999999999997,5.10331769158182e-05,6.4280838499923e-06,-0.00104593148809818,0.000250711381005161
9.84515669277007,2.56110081898036e-05,4.46996417667292e-07,0.9999999999999,0.000106197478283817,-1.16712959495743e-06,-0.00217000962354946,0.00139699088085528
9.84830091887293,1.95794247852872e-05,3.41725428149839e-07,0.999999999999942,-3.34807313703214e-05,9.58830846377338e-07,0.000676147443531467,0.00109189641305239
9.85153290074138,1.06671139820086e-06,1.86176260671573e-08,1,-9.99720342606834e-05,7.52287755974208e-06,0.00203096644119194,0.000109140173469246
9.85439871649158,-9.35422110709999e-06,-1.63261957278443e-07,0.999999999999987,-6.34652047442471e-05,1.12112048701513e-05,0.00128700783019789,-0.000463798373321872
9.85726453224177,-6.6871221829525e-06,-1.16712299575671e-07,0.999999999999993,1.62430741402537e-05,1.02448762531573e-05,-0.000337191467011534,-0.000329128808286684
9.86077073615789,-6.43777440801017e-06,-1.12360359920406e-07,0.999999999999994,1.24121122426964e-06,1.01343210325596e-05,-3.15313151324025e-05,-0.000323723262597336
9.86412890922961,4.43795183413981e-06,7.7456871550661e-08,0.999999999999997,5.65239573474678e-05,6.24544887928429e-06,-0.00115803208179757,0.000254830746941075
9.86748708230133,1.79360608812739e-05,3.1304331721638e-07,0.999999999999951,7.0153157873239e-05,1.42391147633138e-06,-0.00143576203488813,0.000984538569619597
9.8707166188177,1.57265586118968e-05,2.74480227785464e-07,0.999999999999962,-1.19407503941963e-05,2.18936585924308e-06,0.000237016791428644,0.000880227125544718
9.87420737516978,-2.24141240704867e-07,-3.91200263980506e-09,1,-7.9751263722232e-05,7.83999267576095e-06,0.00161873996537772,4.38277145720092e-05
9.87689598952951,-8.45250533377953e-06,-1.47524048116835e-07,0.999999999999989,-5.34148919340109e-05,1.07490540223555e-05,0.00108199278787244,-0.000419554636366898
9.87958460388923,-4.3826718834727e-06,-7.64920544011797e-08,0.999999999999997,2.64195545406804e-05,9.28442171248273e-06,-0.000544753584527327,-0.000208808244269676
9.88316898192426,-5.42375315248107e-06,-9.46623503262166e-08,0.999999999999996,-5.06930233013676e-06,9.63161221010809e-06,9.68621317932671e-05,-0.000270541642635389
9.88682096367664,4.26593099285771e-06,7.44545414882376e-08,0.999999999999997,4.63082521439831e-05,6.16196253135299e-06,-0.000950073114821452,0.000238690927665548
9.89047294542902,3.80952105261985e-05,6.64886852922516e-07,0.999999999999779,0.000161674496607078,-5.89270229472608e-06,-0.00330085571162065,0.0020535955789976
9.8935120107399,2.48318241636089e-05,4.33397090931249e-07,0.999999999999906,-7.61713679408116e-05,-1.1953737100542e-06,0.00154564910726106,0.00136713192436507
9.89647011467577,2.54810604606328e-06,4.44728401937786e-08,0.999999999999999,-0.000131477547499762,6.71026832337024e-06,0.0026725369374492,0.000174497833719512
9.90022505070355,-3.37651734885703e-05,-5.89313449882617e-07,0.999999999999826,-0.000168787506734693,1.9600133640984e-05,0.00343277894011189,-0.00175798453698125
9.90332320035236,-3.84321562057472e-05,-6.7076766443101e-07,0.999999999999775,-2.62912459956849e-05,2.12393232816456e-05,0.000529086657027427,-0.00204087298250503
9.90596893868966,-8.24730067704732e-06,-1.43942551216433e-07,0.99999999999999,0.000199122152703983,1.04869288504833e-05,-0.00406404302329281,-0.000427570109000684
9.90989833066929,8.90631655083266e-06,1.55444548036894e-07,0.999999999999988,7.61917112890046e-05,4.36024910155312e-06,-0.00155919281677429,0.000463104307321365
9.91245179505836,8.12266134256286e-06,1.41767184452184e-07,0.99999999999999,-5.35639488188505e-06,4.62213568866482e-06,0.00010256128428198,0.000450439904020548
9.91500525944744,2.41550825707911e-06,4.21585721951401e-08,0.999999999999999,-3.90092036071747e-05,6.63483350981837e-06,0.000788222396899652,0.000150018701246463
9.91871146640554,3.83421339812536e-06,6.69196480213677e-08,0.999999999999998,6.68097494450531e-06,6.10553537304347e-06,-0.000142813972009277,0.000230329267461948
9.92234289924179,-4.93368381563547e-06,-8.61090268351958e-08,0.999999999999996,-4.21400261982074e-05,9.19941789977489e-06,0.000851972944631732,-0.00023235505463268
9.92597433207804,-3.26492187587372e-05,-5.6983636554383e-07,0.999999999999838,-0.000133205641002112,1.9031671087447e-05,0.00270754097102566,-0.00172149659107114
9.92911180092302,-2.5152808994764e-05,-4.38999333083863e-07,0.999999999999904,4.17014602930805e-05,1.63443450759623e-05,-0.000856526755884396,-0.00134317460002957
9.93219950498135,-2.55192497832478e-06,-4.45394931356523e-08,0.999999999999999,0.000127751828704133,8.28565663600934e-06,-0.00260992902419668,-0.000138133804706171
9.9357879652691,3.4992222109502e-05,6.10729488399928e-07,0.999999999999813,0.000182604495797885,-5.09090134773163e-06,-0.00372765947261526,0.00186655924456616
9.93872467086677,2.64586096625044e-05,4.61789854110671e-07,0.999999999999893,-5.07165697533305e-05,-2.07585027746288e-06,0.00102667801384649,0.00143859609807455
9.94142128789526,5.36192611082233e-06,9.35832648825039e-08,0.999999999999996,-0.000136543893826476,5.40856022739164e-06,0.00277548143684984,0.000310508274111183
9.945844233336,-2.10152570836992e-05,-3.66785429263604e-07,0.999999999999933,-0.000104086451057152,1.47593273927107e-05,0.00211414933568637,-0.00105124481381928
9.94814392176695,-7.86644372672264e-06,-1.37295343454163e-07,0.999999999999991,9.97918164565918e-05,1.00670424569538e-05,-0.00204040028753086,-0.000397488433233945
9.95044361019791,-2.07599308581085e-06,-3.62329145960364e-08,0.999999999999999,4.39461396151185e-05,7.99188802904239e-06,-0.000902363294077856,-9.46827184017186e-05
9.95403587882953,-4.15609204547834e-06,-7.25374902095429e-08,0.999999999999997,-1.01063086691098e-05,8.70689554459199e-06,0.000199040658946285,-0.000208956932246844
9.95909019642107,-1.6305407309024e-05,-2.84583043421213e-07,0.999999999999959,-4.1953349660189e-05,1.29923957343931e-05,0.00084788898049682,-0.000923701699695323
9.96123413932479,-7.74983613069118e-07,-1.35260156970579e-08,1,0.000126429219385505,7.45462702713374e-06,-0.00258298329570987,-3.71051403544844e-05
9.96337808222851,-5.04315234765324e-08,-8.80196131462308e-10,1,5.89839381620907e-06,7.18212463543271e-06,-0.000127103380984846,9.86756253252773e-06
9.96702213507523,3.20640190223641e-06,5.59622703362346e-08,0.999999999999998,1.559869432709e-05,5.99854618996156e-06,-0.000324797277991602,0.000183812161586448
9.97187427789162,5.04527098026171e-05,8.80565902608772e-07,0.999999999999612,0.000169946282184301,-1.0837755008857e-05,-0.00346986925898991,0.00273730293731618
9.97512911959091,1.2609278441937e-05,2.20073425112539e-07,0.999999999999976,-0.000202926144653671,2.59826977316565e-06,0.0041280117509016,0.000739143590011166
9.9776149556942,-5.50641812617066e-06,-9.61051262931743e-08,0.999999999999995,-0.000127192034497882,9.02330226280059e-06,0.00258465651904081,-0.000272111071830699
9.98010079179749,-2.81304112598041e-06,-4.90968296423667e-08,0.999999999999999,1.89104569639955e-05,8.04796735366707e-06,-0.000392356884608261,-0.000137379144594364
9.98352438653292,-4.56168789328983e-06,-7.96164731862712e-08,0.999999999999997,-8.91450241704699e-06,8.64581577634662e-06,0.000174625932355263,-0.000234312311198239
9.98818339868063,-1.32551694167419e-05,-2.31346349231801e-07,0.999999999999973,-3.2566962960133e-05,1.17045731108495e-05,0.000656524867830883,-0.000740851371684426
9.99049089734447,9.01628799651668e-07,1.57363911847259e-08,1,0.00010707817269372,6.6538017573799e-06,-0.00218885125813154,5.18442592572328e-05
9.9927983960083,5.28428272815042e-07,9.22281322124933e-09,1,-2.82278731752523e-06,6.77028761208451e-06,5.04814397209947e-05,3.77274773699785e-05
9.99660037319054,4.11869124075045e-06,7.18847230241458e-08,0.999999999999997,1.64814008078598e-05,5.4666044366848e-06,-0.00034289610718556,0.000230396412741265
10,4.07668301415069e-06,7.1151541157056e-08,0.999999999999997,-2.15665397463766e-07,5.45751936020341e-06,-2.6723746430429e-06,0.000232035744563583
10.0039513339409,-4.83176381052983e-06,-8.43301871724528e-08,0.999999999999996,-3.93491743935434e-05,8.59779888100611e-06,0.000794739085011099,-0.00023008983896331
10.0067879881456,-9.58797193910703e-06,-1.67341678926242e-07,0.999999999999986,-2.92638741857762e-05,1.02690817394857e-05,0.000589173983819622,-0.000500254929016795
10.0096246423503,-5.00594358931769e-06,-8.73701978026965e-08,0.999999999999996,2.81921853541776e-05,8.61935246362731e-06,-0.000581575742699579,-0.00026099861818426
10.013367235732,-4.51507001751312e-06,-7.88028377636819e-08,0.999999999999997,2.28915064104255e-06,8.41810759914756e-06,-5.3771501189686e-05,-0.00024470419041038
10.0162370560216,3.20028354755116e-06,5.58554849021723e-08,0.999999999999998,4.69222143130067e-05,5.65382603141534e-06,-0.000963224623438112,0.000174430052176883
10.0191068763111,3.13397409405233e-06,5.46981666134195e-08,0.999999999999999,-4.03272042144546e-07,5.65697579098353e-06,1.09754592636454e-06,0.000174943084575653
10.0229895153718,8.19986759931937e-06,1.43114687835726e-07,0.99999999999999,2.27722741773882e-05,3.82767926268654e-06,-0.000471147716718963,0.000453098360176808
10.0265998017116,-2.82023352144919e-06,-4.92223606244025e-08,0.999999999999999,-5.32747351200069e-05,7.72113440891234e-06,0.00107843389132492,-0.00012420739170305
10.029482010454,-1.01796321642398e-05,-1.776680979079e-07,0.999999999999984,-4.4565036318926e-05,1.03177295719015e-05,0.000900904616933735,-0.000533250870317468
10.0323642191964,-6.16988674539359e-06,-1.07684838182275e-07,0.999999999999994,2.42811211749728e-05,8.87103908119512e-06,-0.000501938138423992,-0.000325831713246705
10.0359710001586,-5.05700243186351e-06,-8.82613427173784e-08,0.999999999999996,5.38527170584327e-06,8.44936507926434e-06,-0.000116911452719285,-0.000275601812233559
10.0387497654265,2.12893084380155e-06,3.71568527715981e-08,0.999999999999999,4.51345052204166e-05,5.87387921685801e-06,-0.000926845420225365,0.000115445607085609
10.0415285306944,1.98367177390755e-06,3.46216037335633e-08,0.999999999999999,-9.12365311078782e-07,5.90562099759259e-06,1.14229802357184e-05,0.000110922023663061
10.0455936480382,8.06406890642865e-06,1.40744553524878e-07,0.99999999999999,2.61057531221246e-05,3.71403681505513e-06,-0.000539119537556978,0.00044191193870063
10.0494614151481,1.87461433927661e-07,3.2718192425475e-09,1,-3.55431778532814e-05,6.48759374704591e-06,0.000717095123149962,4.24191394385028e-05
10.0521436762795,-7.60563174974239e-06,-1.32743315727222e-07,0.999999999999991,-5.07091324481512e-05,9.23971364553599e-06,0.00102604473007172,-0.000396712051984718
10.0548259374108,-3.72304232099972e-06,-6.49793466925367e-08,0.999999999999998,2.52637479039079e-05,7.83957956167215e-06,-0.000521997678564248,-0.000195487382312605
10.0584472640557,-5.05819112983041e-06,-8.82820894107126e-08,0.999999999999996,-6.43486351914471e-06,8.28831143209299e-06,0.000123913668780132,-0.000272755623630576
10.0620986757758,4.55641553151091e-06,7.95244531138728e-08,0.999999999999997,4.59566204497734e-05,4.84263161631884e-06,-0.000943656886690087,0.00023263160216702
10.0657500874958,3.83500084909996e-05,6.69333916335676e-07,0.999999999999776,0.00016152915870369,-7.20198062509171e-06,-0.00329861794966725,0.00204567175054431
10.0687893680177,2.53014364575974e-05,4.41593371669192e-07,0.999999999999903,-7.49323871314123e-05,-2.58317856767789e-06,0.00151970245068258,0.00137095143119811
10.0717429675326,3.04009094659727e-06,5.30595965781935e-08,0.999999999999999,-0.000131545855533014,5.31252733059832e-06,0.00267324864404004,0.000179673752197722
10.0755182507107,-3.39452502582684e-05,-5.92456382420205e-07,0.999999999999824,-0.000170984784065159,1.84387939313837e-05,0.00347689589930732,-0.00178751619882185
10.0786216515881,-3.94275524762598e-05,-6.88140606713523e-07,0.999999999999763,-3.0832054276372e-05,2.03659338887888e-05,0.000620976803686267,-0.00211474820203792
10.0812517238134,-8.03188384400189e-06,-1.40182818215571e-07,0.99999999999999,0.000208343247475189,9.18141153986904e-06,-0.00425255331075788,-0.000436389160853875
10.0851272403973,7.83326265651808e-06,1.36716224529758e-07,0.999999999999991,7.14482925700917e-05,3.51103108126036e-06,-0.00146312893671871,0.000388181762983732
10.0877218569803,8.58012704225143e-06,1.4975146712669e-07,0.999999999999989,5.0239571743127e-06,3.22683030693774e-06,-0.000109534786827782,0.000455012209001726
10.0903164735633,3.01921840362141e-06,5.26953019800006e-08,0.999999999999999,-3.74067466388969e-05,5.18579919324456e-06,0.000755012859747846,0.000162563250582874
10.0940254805428,4.26356434163817e-06,7.44132356322104e-08,0.999999999999997,5.85545774720521e-06,4.71650315509063e-06,-0.000126528755743829,0.000234223749576236
10.0975351311506,-4.58053768746931e-06,-7.99454641580263e-08,0.999999999999997,-4.39812155216978e-05,7.83648889390238e-06,0.000888973315982689,-0.000234674609749846
10.1010447817585,-2.29890054641284e-05,-4.01233837107997e-07,0.99999999999992,-9.15442614801198e-05,1.43578758093613e-05,0.00185812995198163,-0.00122661678868817
10.1042895659402,-2.07829189560892e-05,-3.62730363958891e-07,0.999999999999934,1.18662662884062e-05,1.35497683854259e-05,-0.000249048127292856,-0.00112727544925379
10.1076296771689,-4.43602218041648e-07,-7.74231927397655e-09,1,0.000106280306368326,6.29211444162891e-06,-0.00217287792141467,-5.26840977555317e-05
10.1103580045992,8.54169553723158e-06,1.49080710827596e-07,0.999999999999989,5.74795489573918e-05,3.07700753529211e-06,-0.00117841680973986,0.000449413987513022
10.1130863320295,4.49333251621345e-06,7.84234467948461e-08,0.999999999999997,-2.58976482251066e-05,4.49710361455362e-06,0.000520500605422833,0.000239554027132385
10.1166325392437,5.07759759486945e-06,8.86207961218169e-08,0.999999999999996,2.87556499408521e-06,4.263748582397e-06,-6.58041163587892e-05,0.000276357800579746
10.1202030597323,-4.8940952862277e-06,-8.54180766510076e-08,0.999999999999996,-4.8743277998018e-05,7.78434257961217e-06,0.000986017027060451,-0.000250598206581162
10.1237735802209,-3.11980200126328e-05,-5.44508169323498e-07,0.999999999999852,-0.000128577918580765,1.71132507770939e-05,0.00261275862365183,-0.00166508783966375
10.1268732937017,-2.23038364799036e-05,-3.89275382400729e-07,0.999999999999924,5.00797212016555e-05,1.39276605791556e-05,-0.00102770472744801,-0.00120984950572118
10.1299848696089,-2.11455546471686e-06,-3.69059550753479e-08,0.999999999999999,0.000113244683027097,6.72510055412687e-06,-0.00231476275682911,-0.000134272855244473
10.1336635230354,3.9000591057005e-05,6.8068872416854e-07,0.999999999999768,0.000195069933487585,-7.92361176613922e-06,-0.00398208545944595,0.00205807923074197
10.1366228718351,3.10400828717569e-05,5.41751646204029e-07,0.999999999999853,-4.694853069739e-05,-5.1136848708331e-06,0.000949508518779802,0.00166443662324114
10.1392632976331,6.12713836745567e-06,1.06938738237371e-07,0.999999999999994,-0.000164675299071321,3.72731970226886e-06,0.00334832532680477,0.000331370639856868
10.1435924510865,-1.65871761347681e-05,-2.89500837159926e-07,0.999999999999958,-9.15743873856555e-05,1.17745055020893e-05,0.00185883588705438,-0.000839458814681778
10.1459396892271,-7.42722632775891e-06,-1.296295537102e-07,0.999999999999992,6.81103807434125e-05,8.49973486849869e-06,-0.00139515909229151,-0.000394318231910902
10.1482869273677,-1.8176377956579e-06,-3.17237641429222e-08,0.999999999999999,4.17110594255571e-05,6.48783060558407e-06,-0.00085713683164055,-0.0001006113923536
10.1519159246723,-3.89073591719139e-06,-6.79061520805912e-08,0.999999999999998,-9.97035404012002e-06,7.19900594304071e-06,0.000195970202720161,-0.000214607324982123
10.1570643171787,-1.02148193915231e-05,-1.78282230878642e-07,0.999999999999984,-2.14389401471004e-05,9.41069440215402e-06,0.000429588159094849,-0.000631297912778014
10.159158109052,-2.87189967033564e-08,-5.01241050342966e-10,1,8.49086253979682e-05,5.77346758346207e-06,-0.00173714821665707,-1.81001450235072e-05
10.1612519009252,2.84551416734226e-07,4.96635911322673e-09,1,2.6113388982859e-06,5.64709255251653e-06,-6.03570166448888e-05,8.66461672091761e-06
10.1647683417048,3.30653969477633e-06,5.77100045217353e-08,0.999999999999998,1.49991564522025e-05,4.54714777699585e-06,-0.000312800597096307,0.000170525125807235
10.1694905543731,4.09752400876764e-05,7.15152851325063e-07,0.999999999999744,0.000139223472763514,-8.883030674137e-06,-0.0028440435436962,0.00220571765312337
10.1737438730055,5.79154775421968e-05,1.010815770976e-06,0.999999999999489,6.9513465884388e-05,-1.49369160270682e-05,-0.00142333219683301,0.00332222005597399
10.1755655887097,1.52259176819948e-05,2.6574239518843e-07,0.999999999999965,-0.000408995417947,2.31084682382578e-07,0.00832621724407127,0.000845946272465454
10.1773873044138,3.48810321752069e-06,6.0878885795144e-08,0.999999999999998,-0.000112456355802288,4.39232275983914e-06,0.00228424120626635,0.000186632283979871
10.1803266776081,-1.52140901023951e-06,-2.65535964981875e-08,1,-2.97452812261351e-05,6.15289619698561e-06,0.000598962200701228,-8.42989971333912e-05
10.1843340710309,-1.70704658019444e-05,-2.97935833093019e-07,0.999999999999956,-6.77203877830157e-05,1.16541526959329e-05,0.00137277674499656,-0.000917868889736039
10.1883301616996,-5.40396937148933e-05,-9.43170582094034e-07,0.999999999999555,-0.000161466493755203,2.47731249018411e-05,0.00328295158783549,-0.0029429818663631
10.1910563462648,-1.59929252622626e-06,-2.7912920285186e-08,1,0.00033572842921495,6.10397864089891e-06,-0.00684808596584942,-0.000114660202266643
10.1937825308299,6.46876107553987e-06,1.1290117929302e-07,0.999999999999994,5.16524454646684e-05,3.21536305568794e-06,-0.00105958181340097,0.000333689738126478
10.1967794107817,6.35659530301323e-06,1.10943517254387e-07,0.999999999999994,-6.53233386097949e-07,3.23398957567235e-06,6.21530401086686e-06,0.000333768194611226
10.2004267198401,8.06039728680604e-06,1.40680471673583e-07,0.99999999999999,8.15312164214994e-06,2.60221175937373e-06,-0.00017321751630925,0.000434579867759384
10.2036466410595,-4.39612986997931e-06,-7.67269405764091e-08,0.999999999999997,-6.75194818233376e-05,7.00941100139151e-06,0.00136872890410505,-0.000231552948316594
10.206866562279,-1.37566277853685e-05,-2.40098448826014e-07,0.999999999999971,-5.07377345949299e-05,1.0315516827581e-05,0.00102676606067484,-0.000740936400315262
10.2101189274565,-1.31941624571172e-05,-2.30281576919718e-07,0.999999999999973,3.01837935483999e-06,1.00924065967645e-05,-6.85993788019403e-05,-0.000722559954447446
10.2137502593922,-1.3952485688294e-06,-2.43516814098117e-08,1,5.67091907762771e-05,5.87047144970461e-06,-0.00116264093227868,-0.000112719828307587
10.216399348327,7.19393826479021e-06,1.25557908905797e-07,0.999999999999992,5.65891119568171e-05,2.79725046867339e-06,-0.00116010487252668,0.000370235321083301
10.2190484372618,3.52540011247866e-06,6.1529839412931e-08,0.999999999999998,-2.41698452065838e-05,4.0832812772524e-06,0.000485461545544739,0.000180190066176534
10.2226588666674,5.13145639780196e-06,8.95608095641719e-08,0.999999999999996,7.76388817017373e-06,3.48670302746485e-06,-0.000165237478086484,0.000270868343818824
10.2264858111659,-3.91362783554485e-06,-6.83056914279568e-08,0.999999999999998,-4.12513170894721e-05,6.67664800661104e-06,0.000833548796012714,-0.00020004016875504
10.2293766117737,-9.78545465445691e-06,-1.70788402524876e-07,0.999999999999985,-3.54513247364225e-05,8.74451884658376e-06,0.000715328077059965,-0.000528465012390622
10.2322674123816,-5.51630221092632e-06,-9.62776361157068e-08,0.999999999999995,2.57751317081481e-05,7.20592743644541e-06,-0.000532237126961838,-0.000306372155685
10.2359644680398,-4.28536271081399e-06,-7.47936889458937e-08,0.999999999999997,5.8110964929714e-06,6.74220090078593e-06,-0.0001254313103532,-0.000250948153139177
10.2388507496477,4.14399538454232e-06,7.23263636477119e-08,0.999999999999997,5.09721754765816e-05,3.7242388598767e-06,-0.00104562286390573,0.00020715170392915
10.2417370312556,4.04249169665261e-06,7.05547900911199e-08,0.999999999999998,-6.13790959181636e-07,3.74019836824033e-06,5.52943563090086e-06,0.000206512373247626
10.2455268749716,8.30407128025548e-06,1.44933385160758e-07,0.999999999999989,1.96257684073154e-05,2.1982153029832e-06,-0.000406872467790022,0.000442016417887509
10.2491087323265,-3.0700489286175e-06,-5.35824620016997e-08,0.999999999999999,-5.54225999227152e-05,6.21841328784425e-06,0.00112237802528037,-0.000155303200885116
10.2526905896815,-4.06172144231638e-05,-7.08904124672678e-07,0.999999999999749,-0.000182955823678815,1.9546726891016e-05,0.00372106208663811,-0.00216873181494826
10.2556020844238,-2.31694037413191e-05,-4.043823810099e-07,0.999999999999918,0.000104592922404307,1.33212516594536e-05,-0.00213824024515537,-0.00125980998334062
10.2584252956802,-3.85740161128779e-06,-6.73243586887064e-08,0.999999999999998,0.000119388168901135,6.43357450129097e-06,-0.00243966056120621,-0.000226065445896917
10.2617270070372,7.33232853822166e-06,1.2797327482991e-07,0.999999999999992,5.91504260672557e-05,2.4312097856994e-06,-0.00121220914938134,0.000372715678598046
10.2650287183942,1.63169635307073e-05,2.84784737538677e-07,0.999999999999959,4.7493995008235e-05,-7.8684970749866e-07,-0.000974664089384866,0.000862593938322158
10.2683378969701,1.34076853615517e-05,2.34008254630522e-07,0.999999999999973,-1.53441350303577e-05,2.25040694673829e-07,0.000305782954580404,0.00072008884941722
10.2722596570073,-1.46037364765384e-05,-2.54883284609188e-07,0.999999999999967,-0.00012466125785253,1.01602279458902e-05,0.00253334909755878,-0.000734980134004508
10.274611788043,-7.61730932323382e-06,-1.32947127833291e-07,0.999999999999991,5.18407158981808e-05,7.65913160792867e-06,-0.00106333205932131,-0.000410863489268118
10.2769639190787,-1.84832754848155e-06,-3.22594013763181e-08,0.999999999999999,4.2807022623181e-05,5.59125992122821e-06,-0.000879148166209207,-0.000109453130999043
10.28051031108,-3.66089703247061e-06,-6.38947067931019e-08,0.999999999999998,-8.92041979722736e-06,6.21154427849937e-06,0.000174905751267903,-0.00020931470006757
10.2855293409911,-1.10868573866832e-05,-1.93502165096675e-07,0.999999999999981,-2.58232089863386e-05,8.81781781785832e-06,0.000519278343726109,-0.000669919304113033
10.2876970669877,7.73204295708642e-07,1.34949607506797e-08,1,9.54904476708798e-05,4.58541599062113e-06,-0.00195246162743323,1.98978451582191e-05
10.2898647929844,6.46827999383609e-07,1.12892782833318e-08,1,-1.01750981017086e-06,4.61562063039543e-06,1.39337904426397e-05,2.14083642886973e-05
10.2934885417067,3.77431645226542e-06,6.58742491042229e-08,0.999999999999998,1.50631224742494e-05,3.47868867975255e-06,-0.000313744698584075,0.000189109543628853
10.2983349732017,4.57548482309471e-05,7.98572750380246e-07,0.999999999999681,0.000151183092556517,-1.14839976517817e-05,-0.00308736156633959,0.00246443372506897
10.3,9.59501957598394e-06,1.67464683394229e-07,0.999999999999986,-0.000379037783441524,1.36443036839508e-06,0.00771664938579058,0.000505212167810569
10.3036020958614,5.4669739130918e-06,9.54166949040901e-08,0.999999999999995,-2.0001685480557e-05,2.80821262011961e-06,0.000400817276187475,0.000297953433973498
10.3064143977872,-4.81407211894215e-06,-8.40214089040005e-08,0.999999999999996,-6.38047082222019e-05,6.44548622401488e-06,0.00129334392247624,-0.00026391898600079
10.309226699713,-3.77612494308943e-06,-6.5905813223594e-08,0.999999999999998,6.44155434174624e-06,6.05734541576256e-06,-0.00013801534063331,-0.000214399847948914
10.312892297296,-6.5682422176603e-06,-1.14637452766666e-07,0.999999999999993,-1.32943233509886e-05,7.02561370514573e-06,0.000264150187645357,-0.000370399915967395
10.3166038294624,3.75677588269256e-06,6.55681084125013e-08,0.999999999999998,4.85528760357052e-05,3.32862152640314e-06,-0.000996082483719771,0.000168279577387552
10.3194662513247,1.01125923531646e-05,1.76498032474722e-07,0.999999999999984,3.87538697644271e-05,1.04913597418943e-06,-0.000796348568406426,0.000523575339930074
10.322328673187,5.80640554082021e-06,1.01340894393355e-07,0.999999999999995,-2.6256485485726e-05,2.56146149533857e-06,0.000528337748209033,0.000299421002187172
10.3259833662015,4.94755433403603e-06,8.63511130502441e-08,0.999999999999996,-4.10151585473908e-06,2.84254174278959e-06,7.69094001430656e-05,0.000262447892752641
10.3287203191709,-1.81309006722842e-06,-3.16443913083412e-08,0.999999999999999,-4.31119955941079e-05,5.2286077214186e-06,0.000871796485104138,-0.000106668159937144
10.3314572721403,-1.48746750801253e-06,-2.59612055312538e-08,1,2.07646453578181e-06,5.09457354225535e-06,-4.89720432397615e-05,-9.25846916875145e-05
10.3356014357854,-7.59254671082391e-06,-1.32514938715343e-07,0.999999999999991,-2.57117581033947e-05,7.23823332940014e-06,0.000517271992787126,-0.000425024380569882
10.3395139136961,-5.69957510672343e-07,-9.94763515770311e-09,1,3.13272832089259e-05,4.71468833605841e-06,-0.000644999167006279,-7.28294551202257e-05
10.3421798856715,7.49485452460958e-06,1.30809888412431e-07,0.999999999999991,5.27978256606744e-05,1.82903336273745e-06,-0.00108240259088065,0.000381084569677985
10.3448458576468,3.73948062068644e-06,6.52662491454996e-08,0.999999999999998,-2.45852694151537e-05,3.14704195876506e-06,0.000494382014597344,0.000186321789815804
10.34846855994,5.25412943837028e-06,9.17018580255217e-08,0.999999999999996,7.29720709588544e-06,2.58455847148156e-06,-0.00015526627411353,0.00027247868801469
10.3521982259519,-4.14314475770796e-06,-7.23115174087466e-08,0.999999999999997,-4.39753519240536e-05,5.90216994681731e-06,0.000889519722332877,-0.000219774703958947
10.3551698006647,-1.06134566048907e-05,-1.85239762772881e-07,0.999999999999983,-3.80028288965701e-05,8.18373458497671e-06,0.000767796491310522,-0.000578340151656424
10.3581413753775,-6.63546595067104e-06,-1.15810728243185e-07,0.999999999999993,2.33643913546901e-05,6.74954329979828e-06,-0.000482636791529374,-0.000372417019712795
10.3618301289708,-3.76739902665545e-06,-6.57535172515672e-08,0.999999999999998,1.35702235799203e-05,5.70542231088247e-06,-0.000283055227876112,-0.000231412411814097
10.364704961167,5.66176834818719e-06,9.8816499161067e-08,0.999999999999995,5.724508603701e-05,2.33338939789011e-06,-0.00117294947422183,0.000282700397186925
10.3675797933632,4.8628244192155e-06,8.48722970616914e-08,0.999999999999996,-4.85044035539715e-06,2.59889113442539e-06,9.23538204725524e-05,0.00024572698688232
10.3712521751405,7.49800907110986e-06,1.30864945635268e-07,0.999999999999991,1.25239289818241e-05,1.63796895852408e-06,-0.000261661840778652,0.000394158733224372
10.3747742916912,-3.92336364260128e-06,-6.84756133164304e-08,0.999999999999998,-5.6596809356944e-05,5.67714721031087e-06,0.00114680425638058,-0.000208665977084132
10.3782964082419,-3.2426840090485e-05,-5.6595512559663e-07,0.99999999999984,-0.000141244477609456,1.57913673703511e-05,0.0028716313087627,-0.00174048057551625
10.3813010006524,-2.08453866944952e-05,-3.6382063167035e-07,0.999999999999934,6.72751795616848e-05,1.16531215517987e-05,-0.00137730688664652,-0.0011411369222872
10.3843056046782,-3.1645618263838e-06,-5.52320232533224e-08,0.999999999999998,0.000102705250264193,5.34584205129562e-06,-0.00209920490230778,-0.000197487016507938
10.3874336536382,8.63552162146302e-06,1.50718284921689e-07,0.999999999999989,6.58398608226946e-05,1.12928062159052e-06,-0.00134798447325562,0.000439049900844312
10.3905617025982,1.1539289258121e-05,2.01398590894225e-07,0.99999999999998,1.62018902581486e-05,7.66666053650937e-08,-0.000336508165209477,0.000603468637820061
10.3939454206551,9.49936815332424e-06,1.65795251134601e-07,0.999999999999986,-1.05219581424112e-05,7.8065093594508e-07,0.000208050528666306,0.000504728979028816
10.3972054534539,-4.81111865006146e-06,-8.39698611476773e-08,0.999999999999996,-7.66142943006893e-05,5.8493232066186e-06,0.00155479180222833,-0.000259085955838866
10.4004654862528,-1.77793932052517e-05,-3.10308950438346e-07,0.999999999999952,-6.94284699740909e-05,1.04406404970631e-05,0.00140836536737927,-0.000962702426112214
10.4035890165945,-1.35244006647579e-05,-2.36045320958933e-07,0.999999999999972,2.37755428494224e-05,8.90758760567307e-06,-0.000490807747549922,-0.0007475581460668
10.4070310325071,-1.88506901631706e-06,-3.29006609620633e-08,0.999999999999999,5.9019093795662e-05,4.74641363433482e-06,-0.00120893513478652,-0.000137995287237769
10.4098514902751,7.96779737094815e-06,1.39064298254793e-07,0.99999999999999,6.09705846943524e-05,1.22469533844487e-06,-0.00124863358562737,0.000404357159694557
10.412671948043,5.35762864550526e-06,9.35082599632308e-08,0.999999999999996,-1.61520015684835e-05,2.13531462076721e-06,0.000322862229200598,0.000271467424732566
10.4162405748684,6.15895710497112e-06,1.07494079970844e-07,0.999999999999994,3.91910409577882e-06,1.82803519181996e-06,-8.61057891407285e-05,0.000321154817559472
10.4197006068101,-4.56073866158907e-06,-7.95999059677285e-08,0.999999999999997,-5.40729071547475e-05,5.61881553038208e-06,0.00109559113973023,-0.000247284752778937
10.4231606387519,-2.435038196118e-05,-4.24994339340812e-07,0.99999999999991,-9.98240591960126e-05,1.26352148299772e-05,0.00202784234877654,-0.00131389233614549
10.4263007507918,-1.87234824506498e-05,-3.2678641620321e-07,0.999999999999947,3.12752926927173e-05,1.0614486809294e-05,-0.000643520993827407,-0.00103000657203966
10.4295598804419,-1.53997556781407e-06,-2.68776440586248e-08,1,9.20211235344635e-05,4.48313520860001e-06,-0.00188128496224405,-0.000119743582921942
10.4324245902193,8.88258916120449e-06,1.55030426964979e-07,0.999999999999988,6.34996509793836e-05,7.58856778425777e-07,-0.00130005435787081,0.000452501796502116
10.4352892999968,6.33505846156549e-06,1.10567628460644e-07,0.999999999999994,-1.55208736517556e-05,1.64725576510496e-06,0.000310118321123013,0.000323603828318484
10.4388024915169,6.25757919999802e-06,1.09215360244278e-07,0.999999999999994,-3.84911613447628e-07,1.65327103915063e-06,1.71219644906713e-06,0.000326729021878325
10.4421752343392,-4.66467416524711e-06,-8.141392271628e-08,0.999999999999997,-5.65205510780235e-05,5.51701352327562e-06,0.00114557874338487,-0.000254553177553822
10.4455479771615,-1.90709068295316e-05,-3.32850115516393e-07,0.999999999999945,-7.4549470875171e-05,1.06197932905735e-05,0.0015129465945541,-0.00103348751061063
10.4487596429594,-1.62966113015358e-05,-2.84429524129514e-07,0.99999999999996,1.50764725950657e-05,9.61350587689442e-06,-0.000313322579930389,-0.000899881361661814
10.4522095501138,-3.16060350455157e-07,-5.51629375044966e-09,1,8.08465903280002e-05,3.90915985777836e-06,-0.00165347812676313,-6.07919790620805e-05
10.4549299499314,8.3858406163288e-06,1.46360529302407e-07,0.999999999999989,5.58288609154836e-05,7.98064408971085e-07,-0.00114361698918212,0.000425791741439737
10.457650349749,4.51645836919817e-06,7.88270690717617e-08,0.999999999999997,-2.48248289802975e-05,2.15777048901064e-06,0.000499818471986649,0.0002254007967059
10.4612255206156,5.40326457800528e-06,9.43047572425739e-08,0.999999999999996,4.32921635030469e-06,1.82088053691928e-06,-9.42304479035617e-05,0.000278586706710287
10.4648121381632,-4.51570609500553e-06,-7.88139394102223e-08,0.999999999999997,-4.82679556312392e-05,5.32695643057037e-06,0.000977543840997803,-0.000244888962505868
10.4683987557108,-3.23597955119075e-05,-5.64784976954839e-07,0.99999999999984,-0.000135495639302997,1.52079003743358e-05,0.002754947750265,-0.00174124964147108
10.4714831124861,-2.26366756113625e-05,-3.95084521124166e-07,0.999999999999922,5.50197231353819e-05,1.17314535341476e-05,-0.00112712215005985,-0.00124211875201714
10.4745559730882,-2.13339042961942e-06,-3.72346872273952e-08,0.999999999999999,0.000116454951994342,4.42137452347083e-06,-0.00237891657233172,-0.000148449994235444
10.4782655057436,3.82850706776603e-05,6.6820053768386e-07,0.999999999999777,0.000190168220754559,-9.97507357742075e-06,-0.00388093310888484,0.00200523953348081
10.4812611073047,3.35417665439449e-05,5.85414263127084e-07,0.999999999999829,-2.763594318815e-05,-8.3057054314461e-06,0.000557273092541612,0.00178457822163707
10.4838940343094,6.83835867598446e-06,1.19351874328249e-07,0.999999999999993,-0.000177013030730102,1.17554089101754e-06,0.00360102893297876,0.000355997835951471
10.4880948563041,-1.32411063126844e-05,-2.31100901762946e-07,0.999999999999973,-8.34248098443839e-05,8.29208957428159e-06,0.00169408479873222,-0.000680366811215927
10.490508688008,-7.43223108834472e-06,-1.29716903260697e-07,0.999999999999992,4.20012705670588e-05,6.21185828724571e-06,-0.000861796323084602,-0.000408654031960553
10.492922519712,-1.79984183457144e-06,-3.14131660284067e-08,1,4.07251827333955e-05,4.19460754108676e-06,-0.000835704801967756,-0.000113085269358648
10.4965913520063,-3.75833410676642e-06,-6.5595304553074e-08,0.999999999999998,-9.31689861587218e-06,4.8697046068803e-06,0.000184008701308498,-0.000221324040163529
10.5018992545102,5.7280380440381e-06,9.99731235479607e-08,0.999999999999995,3.11928163675896e-05,1.46456126734296e-06,-0.000641523339405584,0.000179544754849459
10.5038925654955,9.94007180259146e-07,1.73486980839869e-08,1,-4.14508453895651e-05,3.13714315950152e-06,0.000839097313221016,1.9376829973733e-05
10.5058858764808,4.03198351744616e-07,7.03713877655778e-09,1,-5.1730810614101e-06,3.33581958014101e-06,9.96715625946526e-05,1.81081321681199e-06
10.5091859883973,3.20725175293262e-06,5.59771030290339e-08,0.999999999999998,1.4829789258562e-05,2.31957685403138e-06,-0.000307941897668832,0.000152829972658978
10.51365125919,2.81532505351468e-05,4.91366916977148e-07,0.999999999999879,9.75058029332543e-05,-6.57776694149707e-06,-0.00199256533562257,0.00149959350516253
10.5179347164948,5.45122740446402e-05,9.51418664828275e-07,0.999999999999547,0.000107401968809672,-1.59757530543875e-05,-0.00219401886001907,0.00305578024033392
10.5198340298826,1.11821426173733e-05,1.95165206100739e-07,0.999999999999981,-0.000398172025522146,-5.77412544576502e-07,0.00810731952325384,0.000605038187639828
10.5217333432704,2.38975960829058e-06,4.17091734958405e-08,0.999999999999999,-8.07955304213528e-05,2.53858640847125e-06,0.00164059231774922,0.000114129663012297
10.5249294244197,-1.64189169214642e-06,-2.86564159890961e-08,1,-2.20162086628011e-05,3.95426128724355e-06,0.000442940843072292,-0.000102062857483012
10.5292560971254,-2.98006882000191e-05,-5.20120128450532e-07,0.999999999999865,-0.000113589297338053,1.39441642823229e-05,0.00230891118288893,-0.00161038730618007
10.5331565172717,-7.5748164305914e-05,-1.32205486947946e-06,0.999999999999126,-0.000205602143094054,3.02625331026074e-05,0.00418374641924527,-0.00414064274848177
10.5356630502074,-3.83985528691166e-06,-6.70181175567199e-08,0.999999999999998,0.000500706268026492,4.67532201518634e-06,-0.0102082086067655,-0.000244117535896874
10.5381695831431,2.88351501709148e-06,5.03268310789469e-08,0.999999999999999,4.68156420225088e-05,2.27028955541493e-06,-0.00095950562847619,0.000132539702777654
10.5412666476018,4.83948235846682e-06,8.44649012474263e-08,0.999999999999996,1.10227186497153e-05,1.55740309907354e-06,-0.000230181342960011,0.000240915079767314
10.5452101849677,1.31413781587137e-05,2.29360317119222e-07,0.999999999999974,3.67424985300923e-05,-1.41694898573083e-06,-0.00075423453838316,0.00069645057292489
10.5485966129162,-1.9340229359814e-06,-3.3755068041963e-08,0.999999999999999,-7.76970274182689e-05,3.92574009939882e-06,0.00157767688149556,-0.000100875696839056
10.5519830408647,-2.88965072746775e-05,-5.04339194269594e-07,0.999999999999873,-0.000138961800868137,1.34959124592194e-05,0.00282603749599445,-0.00155142846706846
10.554893757543,-1.73019394037557e-05,-3.01975809576077e-07,0.999999999999954,6.95235596777439e-05,9.35630408800735e-06,-0.0014221955719623,-0.000949926078972513
10.5578571734905,-3.86109129237013e-06,-6.73887557719418e-08,0.999999999999998,7.91610283413943e-05,4.55993420225335e-06,-0.00161852739230439,-0.000233526786855651
10.5610142644068,5.41082154280639e-06,9.44366511598106e-08,0.999999999999996,5.12577595080191e-05,1.24522090048003e-06,-0.00104992646384621,0.000264811097424573
10.564171355323,9.36067330071755e-06,1.63374569301046e-07,0.999999999999987,2.18358989238149e-05,-1.76677387819238e-07,-0.000450382433070262,0.000482854731409928
10.5676978670822,1.18992990192538e-05,2.07681946565309e-07,0.999999999999978,1.25640803974628e-05,-1.09860950782732e-06,-0.000261428908502044,0.000630060820685029
10.5710973314115,-3.54373425035426e-06,-6.18498304843748e-08,0.999999999999998,-7.92865436832202e-05,4.37518308418763e-06,0.00161019268380988,-0.000187722794881544
10.5744967957409,-3.04492292645774e-05,-5.31439305361463e-07,0.999999999999859,-0.000138136314836678,1.39254459212045e-05,0.00280934344700212,-0.00163638279887434
10.5774073051321,-1.70709094937534e-05,-2.97943576975952e-07,0.999999999999956,8.02250386444841e-05,9.15184443194744e-06,-0.00164012578130205,-0.000938779756166927
10.5804052424407,-3.3375836798747e-06,-5.82518242746418e-08,0.999999999999998,7.99522231560587e-05,4.251655176282e-06,-0.00163452025553876,-0.00020664686535269
10.5836148704308,7.33284435833375e-06,1.27982277589214e-07,0.999999999999992,5.80235785687081e-05,4.39702855309201e-07,-0.00118766172673266,0.000366624577752987
10.586824498421,1.25464527173686e-05,2.18976909363869e-07,0.999999999999976,2.8350522880966e-05,-1.43149752573265e-06,-0.000582996031556827,0.000654055691108359
10.5902289642865,1.16015267060907e-05,2.02484839279334e-07,0.999999999999979,-4.84424598044393e-06,-1.1134342528677e-06,9.34253082363281e-05,0.000615547275479655
10.5935042803627,-4.42886042735432e-06,-7.72981965686159e-08,0.999999999999997,-8.54216904074277e-05,4.57031139958641e-06,0.00173532737611137,-0.000238646985161204
10.5967795964389,-2.08161844760523e-05,-3.63310956809635e-07,0.999999999999934,-8.73237127613422e-05,1.0380983038192e-05,0.00177407966236356,-0.00112584670073296
10.5998073081239,-1.38540965051124e-05,-2.41799598903248e-07,0.999999999999971,4.01330676590403e-05,7.88903045658343e-06,-0.000823048176598112,-0.00076673481566086
10.6030907858583,-2.80926033198678e-06,-4.90308423388382e-08,0.999999999999999,5.87087144053085e-05,3.94383878861451e-06,-0.00120152837543254,-0.000183976822991837
10.6060719503609,7.87920942601971e-06,1.37518146938216e-07,0.999999999999991,6.25758790292321e-05,1.27113921919844e-07,-0.00128027985823842,0.000396834304170104
10.6090531148634,7.62680835512483e-06,1.33112917215541e-07,0.999999999999991,-1.47768756770216e-06,2.01435339677832e-07,2.49303309813049e-05,0.000390860989088117
10.6125620398608,7.81702129605656e-06,1.36432759314701e-07,0.999999999999991,9.46113724749164e-07,1.15677504531897e-07,-2.44399168432947e-05,0.000409843670008212
10.6158902283495,-4.57843504296722e-06,-7.99087660884659e-08,0.999999999999997,-6.50027863915157e-05,4.50684666818984e-06,0.00131938716167566,-0.000250300797337082
10.6192184168382,-1.89982118714325e-05,-3.31581349147964e-07,0.999999999999945,-7.56184885297958e-05,9.61794269319007e-06,0.00153569908745199,-0.0010305469922959
10.6223749694186,-1.51695196907335e-05,-2.64758064549409e-07,0.999999999999965,2.11697042571823e-05,8.24008009014501e-06,-0.000436508680899604,-0.000839539256708486
10.6257851714047,-1.48248856324067e-06,-2.58743065517099e-08,1,7.00497386868317e-05,3.35497568106188e-06,-0.0014324970863756,-0.000120453665284244
10.6285835255021,8.26809201692799e-06,1.44305428553252e-07,0.99999999999999,6.08142247845344e-05,-1.26838063807213e-07,-0.00124423629880345,0.000417954666622457
10.6313818795995,5.2745835536534e-06,9.20588496827948e-08,0.999999999999996,-1.86704673719888e-05,9.23637232512104e-07,0.000375390411564347,0.00026467411237371
10.6349427967926,5.96839013898703e-06,1.04168058968886e-07,0.999999999999995,3.40058716036216e-06,6.58960929032707e-07,-7.43281264696615e-05,0.000308412462297282
10.6384240866506,-4.54957160797823e-06,-7.94050041144727e-08,0.999999999999997,-5.27313353886787e-05,4.38209543303951e-06,0.00106946983904057,-0.000248890697309944
10.6419053765085,-2.53216764099813e-05,-4.41946625478738e-07,0.999999999999902,-0.000104140027449639,1.17520038189538e-05,0.00211700510060679,-0.0013678522419139
10.6450421621302,-1.92808081952928e-05,-3.36513585453359e-07,0.999999999999943,3.36118092658022e-05,9.58789631166274e-06,-0.000689912467175787,-0.00106232214160847
10.648279211433,-1.47370204339105e-06,-2.57209528505421e-08,1,9.60110902039241e-05,3.23886413065301e-06,-0.00196136406559402,-0.000117954037783269
10.6511536311031,9.03554244178861e-06,1.57699965312899e-07,0.999999999999988,6.38114608202302e-05,-5.12784620875758e-07,-0.00130518476145737,0.000458721976812246
10.6540280507733,6.55498491624429e-06,1.14406069207027e-07,0.999999999999993,-1.5061786751352e-05,3.55259870988593e-07,0.000301989476649883,0.000333563076631652
10.6575339200109,6.33528895616461e-06,1.10571651350307e-07,0.999999999999994,-1.09371388288433e-06,4.16202262469758e-07,1.73829619279232e-05,0.00032925825041847
10.6608899941271,-4.63418433478805e-06,-8.08817747863947e-08,0.999999999999997,-5.70468408942044e-05,4.3009643640461e-06,0.0011575316775069,-0.000254843439448986
10.6642460682433,-1.81899955120571e-05,-3.17475312608384e-07,0.99999999999995,-7.04971134812241e-05,9.10553478069184e-06,0.00143160438365667,-0.000988232734126791
10.6674701323413,-1.58466653736905e-05,-2.76576486232673e-07,0.999999999999962,1.2685487984411e-05,8.256417507787e-06,-0.00026336860778936,-0.000877230688170648
10.6709548318228,-7.06003521171631e-08,-1.23220859751185e-09,1,7.90152146818505e-05,2.62887909716604e-06,-0.00161492789850079,-5.03650682169919e-05
10.6736514816954,8.30095082876571e-06,1.44878923008113e-07,0.999999999999989,5.41824628748379e-05,-3.61246548575627e-07,-0.00110882976547463,0.000419775631908648
10.6763481315679,4.30216729457625e-06,7.50869842619723e-08,0.999999999999997,-2.58809790090639e-05,1.04795995977239e-06,0.000522576743349284,0.000212425166866546
10.6799312895735,5.32698134102495e-06,9.29733635931881e-08,0.999999999999996,4.99179196212117e-06,6.66378864816859e-07,-0.000106492957989108,0.000272813596270347
10.6835676484894,-4.4155503557121e-06,-7.7065891994783e-08,0.999999999999997,-4.67608559880642e-05,4.11392466419713e-06,0.000948076325549857,-0.000240119386944561
10.6872040074053,-3.67522809728021e-05,-6.41448310593416e-07,0.999999999999794,-0.00015520536659039,1.55968525413686e-05,0.00315780926544898,-0.00197600547412227
10.6902532820576,-2.43683265156191e-05,-4.25307530898577e-07,0.99999999999991,7.08826866517976e-05,1.11780999517968e-05,-0.00144911596803067,-0.00133640148303459
10.6932374744461,-2.53271436488369e-06,-4.42042046797774e-08,0.999999999999999,0.000127707358174273,3.39844886388413e-06,-0.0026069535992045,-0.000168889334880862
10.6969821575935,3.47037110729958e-05,6.05694020884554e-07,0.999999999999817,0.000173552260629924,-9.86189594143536e-06,-0.00354111263451593,0.00181290579868389
10.700056672466,3.71813579048302e-05,6.48937115801662e-07,0.999999999999789,1.40650140623987e-05,-1.07572153772462e-05,-0.000291206734373534,0.00197833206420723
10.7026997941266,7.8410861057871e-06,1.36852769478365e-07,0.999999999999991,-0.000193742253318313,-3.34953163263774e-07,0.00394316401293835,0.000409530209895731
10.7066928583925,-9.9437304454518e-06,-1.73550836203935e-07,0.999999999999985,-7.77356899388871e-05,5.97168761231493e-06,0.00157939876635357,-0.000512902043963693
10.709211235297,-7.99636354345681e-06,-1.39562872019762e-07,0.99999999999999,1.34959799402509e-05,5.26733359392901e-06,-0.000279685704370542,-0.000440476534984127
10.7117296122014,-2.27036473400284e-06,-3.96253398295149e-08,0.999999999999999,3.96833103156492e-05,3.21933180231049e-06,-0.000813222908777553,-0.000139450598637154
10.7154312882522,-3.84813496012326e-06,-6.71626251152516e-08,0.999999999999998,-7.43913970521832e-06,3.76346508785194e-06,0.000146996462701389,-0.00022837640281946
10.7191930205969,4.70933397775687e-06,8.21933834878987e-08,0.999999999999997,3.9704049868295e-05,7.02886561255128e-07,-0.000813608796742238,0.000219752208435505
10.7229547529415,4.64378112639461e-05,8.1049270397548e-07,0.999999999999672,0.000193607427047149,-1.41544519522187e-05,-0.0039496001183086,0.00245542746290507
10.725979815596,3.02244958984964e-05,5.27516968184259e-07,0.999999999999861,-9.35437602849432e-05,-8.40187615208617e-06,0.00190163856333413,0.00161614745412274
10.7288191398953,3.91040739199953e-06,6.82494840847163e-08,0.999999999999998,-0.000161752387426475,9.43643960376557e-07,0.00329145920899827,0.000204869647521982
10.7325479891526,-2.69433858195345e-05,-4.7025079418601e-07,0.999999999999889,-0.000144414601157657,1.18998028724028e-05,0.00293821448817281,-0.00143539507411423
10.7357268342094,-3.86952914576039e-05,-6.75360240953973e-07,0.999999999999772,-6.45232602099017e-05,1.60648896718675e-05,0.00131025159295889,-0.00209368215360614
10.7384207240336,-8.68791864698301e-06,-1.51632785535264e-07,0.999999999999988,0.000194413093925913,5.38109194290747e-06,-0.0039659371489413,-0.000491757296939264
10.7421520675769,7.28419497151291e-06,1.27133185610114e-07,0.999999999999992,7.47092750680285e-05,-3.15848153832256e-07,-0.00152677983967938,0.000343623792798637
10.7448188284679,9.51676498935159e-06,1.66098883202708e-07,0.999999999999986,1.46116203082409e-05,-1.12146835033718e-06,-0.000302096899356366,0.000486799074077368
10.7474855893589,3.9246172618566e-06,6.8497493100002e-08,0.999999999999998,-3.65992280864058e-05,8.55627724880252e-07,0.000741384832013925,0.000193024986829301
10.7511878660968,4.59918528453648e-06,8.02709261244337e-08,0.999999999999997,3.18005212951954e-06,5.99555175133864e-07,-6.91662368522968e-05,0.000235535280871942
10.7544427369946,-3.78079868313405e-06,-6.59873853757548e-08,0.999999999999998,-4.49352112868099e-05,3.56562428137982e-06,0.000911270891981204,-0.000212723651780087
10.7576976078923,-1.02235079942937e-05,-1.78433875604385e-07,0.999999999999984,-3.45471429627248e-05,5.84274806610775e-06,0.000699604947872228,-0.000563617347587659
10.7612064234623,-1.41170889931242e-05,-2.46389683727065e-07,0.99999999999997,-1.93671644364668e-05,7.21222992578187e-06,0.000390297475694568,-0.000784912575143276
10.76517253284,7.03405314895882e-06,1.22767387209606e-07,0.999999999999992,9.30778845921344e-05,-3.27268947213081e-07,-0.00190098107616509,0.000296792904434125
10.7674915484386,6.41025066909284e-06,1.11879980053839e-07,0.999999999999994,-4.6948399839891e-06,-1.15055647723934e-07,9.15100785082852e-05,0.000316421073857946
10.7698105640372,2.05797715449978e-06,3.59184772768451e-08,0.999999999999999,-3.27559257570734e-05,1.42293074380108e-06,0.000663206574573456,9.15393242088376e-05
10.7733278659247,4.15190495781271e-06,7.24644117437079e-08,0.999999999999997,1.03903320316397e-05,6.63307753295617e-07,-0.000215967527041219,0.000205836309176163
10.7782021107114,2.04792563189521e-05,3.57430451125561e-07,0.999999999999936,5.8463629106202e-05,-5.16368906831827e-06,-0.0011954665956716,0.00112585098778811
10.7803273473705,2.1836458992724e-06,3.81118106399759e-08,0.999999999999999,-0.000150250862234944,1.33378296205537e-06,0.00305729340894873,0.000106650577821288
10.7824525840297,4.26481663942828e-07,7.44350923518632e-09,1,-1.44305347233829e-05,1.94974810706606e-06,0.00028983367210817,6.43848142989074e-06
10.7863895088736,-3.32694638684628e-06,-5.80661684877965e-08,0.999999999999998,-1.66398090693448e-05,3.26816898005396e-06,0.000334885964365855,-0.000193186519981653
10.7902617786952,-1.51042638774038e-05,-2.63619135750739e-07,0.999999999999965,-5.30833275391293e-05,7.44050969993141e-06,0.00107749224925943,-0.000830265287156364
10.7941340485169,-1.93201401118838e-05,-3.37200056898991e-07,0.999999999999943,-1.9002012911578e-05,8.923614481975e-06,0.000383006569880157,-0.00109453450026576
10.7963488557917,-6.61629312396201e-07,-1.15476099290198e-08,1,0.000147034214071091,2.27899552027701e-06,-0.00300008900877445,-5.98025567232066e-05
10.7985636630665,5.05765581227152e-07,8.82727463567662e-09,1,9.19939391407532e-06,1.85476311994636e-06,-0.000191543709087681,8.6425049687477e-06
10.8024763988846,4.37468578610641e-06,7.63526707077532e-08,0.999999999999997,1.72578469927703e-05,4.62822762556428e-07,-0.00035574606160409,0.000215313046923991
10.8075701407779,7.93307935638124e-05,1.38458354590801e-06,0.999999999999041,0.000256831010013275,-2.62149762673378e-05,-0.00523736765402954,0.00426801753683182
10.8105029512402,1.22900434269975e-05,2.14501723014192e-07,0.999999999999977,-0.000398962646221435,-2.38450098011725e-06,0.00812547404401751,0.000682637418044612
10.8134357617024,-1.63288276484949e-05,-2.84991805456916e-07,0.999999999999959,-0.000170312243118511,7.78155247953111e-06,0.00346631791942332,-0.000872920034066264
10.8160793614536,-8.21600792569807e-06,-1.4339638967338e-07,0.99999999999999,5.35615937032493e-05,4.88562029200707e-06,-0.00109545031780864,-0.000456080296055281
10.819045322043,-3.84415648795591e-06,-6.70931876767323e-08,0.999999999999998,2.57263033997481e-05,3.31895001435681e-06,-0.000528216822302796,-0.000226036169280828
10.8233103734889,1.82371330305114e-06,3.18298017506635e-08,0.999999999999999,2.31938560841356e-05,1.28614766954567e-06,-0.000476618481770079,5.27957380203103e-05
10.825910120291,6.61101720166333e-06,1.15384017075007e-07,0.999999999999993,3.21393665179625e-05,-4.26564521934599e-07,-0.000658799614694362,0.000331498772641986
10.828509867093,2.88138439746979e-06,5.02896447514408e-08,0.999999999999999,-2.5038735415594e-05,8.89621119455443e-07,0.000506274549645488,0.000137065762730123
10.8322781484928,5.1582258363897e-06,9.00280244064385e-08,0.999999999999996,1.05454915486699e-05,6.51287249529811e-08,-0.00021879798959228,0.000263885242061052
10.8360255675492,-3.65493543021598e-06,-6.37906572050642e-08,0.999999999999998,-4.10465654623065e-05,3.18486703865415e-06,0.000832503188670061,-0.000196874246130171
10.8390076102552,-1.04783672273894e-05,-1.82882008351013e-07,0.999999999999983,-3.99361655374605e-05,5.5998971723764e-06,0.000809857661956396,-0.000573817090195343
10.8419896529612,-6.77941029824182e-06,-1.1832303104793e-07,0.999999999999993,2.16492463952768e-05,4.27282884593644e-06,-0.0004450198931682,-0.000382852859180691
10.8456637909648,-3.9441534565516e-06,-6.88384640207406e-08,0.999999999999998,1.34683473996099e-05,3.25028632261045e-06,-0.000278308142566163,-0.000243387811848228
10.8485349355816,5.54174522541982e-06,9.6721700490251e-08,0.999999999999995,5.76634710569758e-05,-1.34221936062084e-07,-0.0011788010394439,0.000273788795722793
10.8514060801984,4.8144439202182e-06,8.40278980604307e-08,0.999999999999996,-4.42116442186985e-06,1.13508045621081e-07,8.62826554378297e-05,0.000240710915755238
10.8550832877989,7.59119931208437e-06,1.32491422171e-07,0.999999999999991,1.31794365114901e-05,-8.8794433604803e-07,-0.000272340452447823,0.000396758923521046
10.8586326832703,-3.75776049432284e-06,-6.55852931273033e-08,0.999999999999998,-5.58057609787396e-05,3.13482640743398e-06,0.00113336785823076,-0.000201178148973468
10.8621820787418,-3.5198242295174e-05,-6.14325218965474e-07,0.999999999999811,-0.000154600953952111,1.43029138780301e-05,0.00314647594511619,-0.00188942669608421
10.8651595102533,-2.17039367708249e-05,-3.78805157295552e-07,0.999999999999928,7.91017562497686e-05,9.49254704630535e-06,-0.00161560956589884,-0.0011889256265713
10.8681056006918,-3.29347813436122e-06,-5.74820372870434e-08,0.999999999999998,0.000109067636148825,2.93408025680081e-06,-0.00222615935471082,-0.000204921311688875
10.8712894998676,8.5712734486334e-06,1.49596942767421e-07,0.999999999999989,6.50394276388207e-05,-1.29728420241124e-06,-0.00132898820771676,0.000433612909082744
10.8744733990434,1.31783777179245e-05,2.30006081249237e-07,0.999999999999974,2.52549261272801e-05,-2.94745844923261e-06,-0.000518287218187743,0.000689633592265476
10.8778254252439,1.05126529245803e-05,1.83480406653337e-07,0.999999999999983,-1.38798660311264e-05,-2.011682123009e-06,0.000279167366317512,0.000558304915602296
10.8810829667195,-4.77262973618553e-06,-8.32981028750258e-08,0.999999999999997,-8.18956601242325e-05,3.41245923140054e-06,0.00166510277612631,-0.000257192956580028
10.8843405081951,-1.87919283646413e-05,-3.27981022761899e-07,0.999999999999946,-7.51127565735582e-05,8.38635497377858e-06,0.00152688638950452,-0.00101740559358385
10.8874215022603,-1.34196129435131e-05,-2.3421643020755e-07,0.999999999999973,3.04332272545921e-05,6.46451371537654e-06,-0.000623773112758926,-0.00074250043649022
10.8908067099498,-2.29329001840635e-06,-4.00254615243121e-08,0.999999999999999,5.7364565631036e-05,2.49528594457285e-06,-0.00117252119656608,-0.000158145521590752
10.8936914200211,7.96957304228688e-06,1.39095289566087e-07,0.99999999999999,6.20931555212638e-05,-1.1648791027585e-06,-0.0012688155679,0.000403514754158547
10.8965761300924,6.15912830280414e-06,1.07497067936702e-07,0.999999999999994,-1.09536906130912e-05,-5.31288440491726e-07,0.000219637553379262,0.000313766873803469
10.900124032554,6.7183124585106e-06,1.17256672578765e-07,0.999999999999993,2.7508097383864e-06,-7.42738612340151e-07,-5.95986428996575e-05,0.000351371821939096
10.9035144490466,-4.58008410856665e-06,-7.99375477127573e-08,0.999999999999997,-5.81622407509309e-05,3.26343379817249e-06,0.00118161660055506,-0.000249144356541588
10.9069048655393,-2.0892278858464e-05,-3.6463905432499e-07,0.999999999999933,-8.39724285288589e-05,9.05270303036735e-06,0.00170753924915796,-0.00113003684598071
10.9100708349276,-1.67984534792194e-05,-2.93188322455472e-07,0.999999999999957,2.25683584094279e-05,7.58559702250923e-06,-0.000463398671275056,-0.000926231590760508
10.9134323236062,-1.26042905546572e-06,-2.1998637005679e-08,1,8.06754719058576e-05,2.04787354475297e-06,-0.00164740209094286,-0.000107102526082969
10.9162347618017,8.52419113830953e-06,1.48775201432824e-07,0.999999999999989,6.09375930984649e-05,-1.441557814413e-06,-0.00124514123623479,0.000433434048219292
10.9190371999971,5.39990082129228e-06,9.4246048612696e-08,0.999999999999996,-1.94577539331563e-05,-3.4008841262072e-07,0.000393039676513439,0.000273325889890075
10.9225852416842,5.87920659947719e-06,1.02611512565856e-07,0.999999999999995,2.35776935306911e-06,-5.22720584349821e-07,-5.14740772058014e-05,0.000305674687432999
10.926045809797,-4.62681480377153e-06,-8.07531522058285e-08,0.999999999999997,-5.29868677030083e-05,3.20181443915315e-06,0.00107627849014042,-0.000251492604830445
10.9295063779098,-2.37737666725602e-05,-4.14930504037061e-07,0.999999999999914,-9.65671938640496e-05,9.99939558216425e-06,0.00196429630089129,-0.00128359198144405
10.9326654033345,-1.86978081548148e-05,-3.26338315207759e-07,0.999999999999947,2.80441518885209e-05,8.18338902400372e-06,-0.000574862913091901,-0.00102901477013055
10.9359542612247,-1.15405415511577e-06,-2.01420447530916e-08,1,9.31010948726116e-05,1.93299792694536e-06,-0.00190047466500511,-0.000100469811781562
10.9387844048356,8.88786771717755e-06,1.5512255514646e-07,0.999999999999988,6.19278114447706e-05,-1.64771140974036e-06,-0.00126520411291208,0.000453069680349757
10.9416145484465,5.86762010288354e-06,1.02409290051526e-07,0.999999999999995,-1.86256502642759e-05,-5.83009337468633e-07,0.000376200722874377,0.00029878664658668
10.9451412523251,5.96867143805257e-06,1.04172968563762e-07,0.999999999999995,5.00092600047109e-07,-6.30635583273788e-07,-1.35044640675407e-05,0.00031120496273206
10.948546134843,-4.66368562105309e-06,-8.13966693652929e-08,0.999999999999997,-5.45010398911701e-05,3.13940619092333e-06,0.00110724577263792,-0.000253928639569282
10.9519510173608,-2.0398709023035e-05,-3.5602463560823e-07,0.999999999999937,-8.06571048500932e-05,8.72415105358349e-06,0.0016402166105331,-0.00110369580249323
10.9551538362232,-1.71532400848253e-05,-2.99380516865269e-07,0.999999999999955,1.76857078645271e-05,7.55936487012625e-06,-0.000363675322741623,-0.000945563441637213
10.9585592162532,-4.36175743454376e-07,-7.61270284061297e-09,1,8.56784885829353e-05,1.60295109728742e-06,-0.00174911866525578,-6.5487338185411e-05
10.9613022894013,8.54452170904444e-06,1.49130036830958e-07,0.999999999999989,5.71412905199693e-05,-1.59971793040492e-06,-0.00116754780306974,0.000435140481090604
10.9640453625493,4.76841964006334e-06,8.3224622835868e-08,0.999999999999997,-2.40261234161351e-05,-2.65604125299233e-07,0.000486357356544739,0.000239943943640986
10.9676093953718,5.47014267627333e-06,9.54720002548238e-08,0.999999999999995,3.43638177010304e-06,-5.26578215633449e-07,-7.32243790499752e-05,0.000283573313729436
10.9711484406886,-4.59961584441575e-06,-8.0278440811954e-08,0.999999999999997,-4.96604098935604e-05,3.04335335376428e-06,0.00100872728371072,-0.000248865022387706
10.9746874860055,-2.8581434561914e-05,-4.98840138048683e-07,0.999999999999876,-0.000118269663076541,1.15609478317308e-05,0.0024067491979848,-0.00153903423862521
10.9778067882383,-2.10850554302215e-05,-3.68003640222866e-07,0.999999999999932,4.1944155474604e-05,8.88497796417043e-06,-0.000857874507767118,-0.00115728590772262
10.9809691812549,-1.69694706958226e-06,-2.96173135962798e-08,1,0.000107003248758479,1.97982933761704e-06,-0.00218352007176904,-0.000125932821541277
10.9838888235833,9.26826529303098e-06,1.61761745311707e-07,0.999999999999987,6.55488026882163e-05,-1.92889599498813e-06,-0.0013387685520627,0.00047365532500403
10.9868084659118,7.33758518222551e-06,1.28065020575383e-07,0.999999999999992,-1.15413879323256e-05,-1.2513212280464e-06,0.000232074579936834,0.000378358289311108
10.990285047084,6.60387633652957e-06,1.15259385466982e-07,0.999999999999993,-3.6833988548522e-06,-1.00111676806767e-06,7.1968536785804e-05,0.00034707996994586
10.9935905678329,-4.69988367117853e-06,-8.20284445227837e-08,0.999999999999997,-5.96843417338814e-05,3.00876374024547e-06,0.00121308586841168,-0.000255873053707326
10.9968960885819,-1.61651807030296e-05,-2.82135627447714e-07,0.99999999999996,-6.05372642079119e-05,7.07609140773158e-06,0.00123046502393231,-0.00087748658113447
11,-1.10652128688558e-05,-1.9312439699558e-07,0.999999999999981,2.86771168574076e-05,5.25281585015751e-06,-0.000587412239581638,-0.000614997961098944
11.0035964706772,-2.09398002278974e-07,-3.65468458686668e-09,1,5.26821235075887e-05,1.38105741190148e-06,-0.00107654386362161,-5.0676687652545e-05
11.0063437382822,8.01862715884765e-06,1.39951445411729e-07,0.99999999999999,5.22723486200617e-05,-1.55334377687484e-06,-0.00106811625612597,0.000408096467937981
11.0090910058871,4.48001321214905e-06,7.81909810848481e-08,0.999999999999997,-2.24806874348831e-05,-3.03097321438616e-07,0.000455087248574958,0.000225109865664936
11.0127099220145,5.54925445256722e-06,9.68527612282534e-08,0.999999999999995,5.15673187406971e-06,-6.94149532645775e-07,-0.000108057826555738,0.000288664444148474
11.0161990394332,-4.48819479668334e-06,-7.83337766730017e-08,0.999999999999997,-5.02094131204635e-05,2.86521500549986e-06,0.00102013320591343,-0.000243073043601294
11.0196881568519,-2.46876795424944e-05,-4.30881292693761e-07,0.999999999999907,-0.000101042032615871,1.00385871554936e-05,0.00205592741349154,-0.0013310638921135
11.0228516043046,-1.9685119210048e-05,-3.43570143862916e-07,0.999999999999941,2.75999997266167e-05,8.25007875758682e-06,-0.000565366874153847,-0.00108122322340085
11.0261102639406,-1.33852986944035e-06,-2.33617533580239e-08,1,9.82638342981474e-05,1.71572697940133e-06,-0.00200522684419664,-0.00010891537161541
11.0289510965521,8.93440077797642e-06,1.55934710268431e-07,0.999999999999988,6.31140542738285e-05,-1.94591281909813e-06,-0.00128893190807811,0.000456630000427323
11.0317919291636,6.03622595620435e-06,1.05352017330109e-07,0.999999999999994,-1.78055872539509e-05,-9.23399354326164e-07,0.000359934429302463,0.000309007406130932
11.0353078778757,6.02196419616481e-06,1.05103102660289e-07,0.999999999999994,-7.07958762214578e-08,-9.28423930419474e-07,-1.42908116836011e-06,0.000315342778047789
11.0387071260645,-4.70733772829127e-06,-8.21585423620327e-08,0.999999999999997,-5.50891357791466e-05,2.8776128604e-06,0.00111967016804155,-0.00025504641210745
11.0421063742534,-2.02749239999138e-05,-3.53864179390106e-07,0.999999999999937,-7.9931097093669e-05,8.40432362359483e-06,0.00162586267790939,-0.00109591276414817
11.0453078782039,-1.70099359510691e-05,-2.96879387899505e-07,0.999999999999956,1.77993819062878e-05,7.2340046452795e-06,-0.000365552876518739,-0.000936589368415902
11.048718224939,-4.55393129406439e-07,-7.94810949910298e-09,1,8.4721965490188e-05,1.33686430557173e-06,-0.00172919084121844,-6.53138769726672e-05
11.05,-1.48549963696915e-06,-2.59268597022922e-08,1,-1.40264471908005e-05,1.69971682513004e-06,0.000283085956816441,-0.000101083145394155
11.0531679846634,5.27699664578352e-06,9.21009660856193e-08,0.999999999999996,3.72564385025346e-05,-7.14143038802633e-07,-0.000761954403328127,0.000263369369041375
11.056881493016,1.9962204589492e-05,3.48406196043352e-07,0.999999999999939,6.90196993306888e-05,-5.94706965786409e-06,-0.00140915978158827,0.00105675213318613
11.0605451373951,2.45770908285615e-05,4.28951155520087e-07,0.999999999999908,2.19849284323729e-05,-7.5982578998842e-06,-0.000450695556432309,0.00133604068529581
11.0631769351076,-2.12300834448963e-06,-3.70534856586581e-08,0.999999999999999,-0.000177067043931549,1.8899717099537e-06,0.00360522754646414,-0.000116595601557612
11.0658087328201,-2.97608504874797e-06,-5.1942482920028e-08,0.999999999999999,-5.65734865967659e-06,2.18609916166899e-06,0.00011251907785634,-0.000171615644599357
11.0692001154374,-5.39250763151205e-06,-9.41170131088063e-08,0.999999999999996,-1.24357924032625e-05,3.03621151014139e-06,0.000250668368746065,-0.00030453857634993
11.0735309084206,-1.37391806268064e-05,-2.39793938463987e-07,0.999999999999971,-3.36374714562711e-05,5.99271810059138e-06,0.000682670957010286,-0.000782267624061212
11.0758124763484,2.36054630311671e-07,4.11993051351666e-09,1,0.000106906248988861,1.01658417604505e-06,-0.00218101502210408,-7.06770937932887e-06
11.0780940442762,6.37508229816236e-07,1.1126617618854e-08,1,3.07099649318962e-06,8.6771810144869e-07,-6.52472682406606e-05,1.92095177311618e-05
11.0821331621971,4.84860275289645e-06,8.4624082159304e-08,0.999999999999996,1.81964146581835e-05,-6.40687492283027e-07,-0.000373449258799394,0.000244745492694333
11.0873646552103,8.55768745100482e-05,1.4935982237658e-06,0.999999999998885,0.000269325436933572,-2.93643109121549e-05,-0.00549052122351148,0.00463026819733622
11.0898100890749,7.75419591880711e-06,1.35336249627891e-07,0.999999999999991,-0.000555427809275488,-1.69420242019166e-06,0.0113150099426545,0.000419853091977194
11.0922555229395,-8.03562164412991e-07,-1.40248055134587e-08,1,-6.10775279200877e-05,1.34278447735599e-06,0.00124190105548173,-5.30492750442276e-05
11.0954822589404,-4.20428437014562e-06,-7.33786049491771e-08,0.999999999999997,-1.83943772962856e-05,2.54379079673351e-06,0.000372204704397724,-0.000237463229078856
11.0995422930212,-1.89246858252376e-05,-3.3029807755589e-07,0.999999999999945,-6.32801270862245e-05,7.76835825927416e-06,0.00128682847448551,-0.00103740786590086
11.1,-1.21980806582867e-05,-2.12896669910939e-07,0.999999999999977,0.000256499055231279,5.37495930849862e-06,-0.00522910740152304,-0.00067266569335892
11.1022885348942,-1.32501797962322e-06,-2.31259263925483e-08,1,8.29223727371492e-05,1.50220666590952e-06,-0.00169224102827225,-8.61824833233463e-05
11.107241481931,7.28554306501439e-06,1.2715671428034e-07,0.999999999999992,3.03420649473387e-05,-1.57287494273388e-06,-0.000620858972600267,0.000345917740435976
11.1097274730601,6.20677525084147e-06,1.0832866405848e-07,0.999999999999994,-7.5736594558024e-06,-1.1953995694613e-06,0.000151840997683296,0.000314093589721591
11.1122134641892,2.09461400565811e-06,3.65579109571211e-08,0.999999999999999,-2.88700761083098e-05,2.60777736217733e-07,0.000585753218762741,9.83942016866116e-05
11.1160995173002,4.78259265869716e-06,8.34719886759748e-08,0.999999999999997,1.20724231961832e-05,-7.04930938341928e-07,-0.00024850629854382,0.000246555137431352
11.1199767821101,-2.97121564365615e-06,-5.18574957685623e-08,0.999999999999999,-3.49033380699509e-05,2.0430066276174e-06,0.000708730948421699,-0.000154909909733822
11.1228867501252,-9.51801017468751e-06,-1.66120615786617e-07,0.999999999999986,-3.92661085704184e-05,4.36399751143734e-06,0.000797600135727296,-0.000518422244062219
11.1257967181403,-5.69827035237233e-06,-9.94535793176745e-08,0.999999999999995,2.2909886336413e-05,2.99831670376313e-06,-0.00046931127784887,-0.000320391094030534
11.1294732344183,-4.52558319592315e-06,-7.89863273417865e-08,0.999999999999997,5.56702335253987e-06,2.57216676038315e-06,-0.000115911344096156,-0.00026783279411209
11.1323198029463,3.69327726863638e-06,6.44598485267679e-08,0.999999999999998,5.03926655759854e-05,-3.57700601740213e-07,-0.00102926289437488,0.000179450391624118
11.1351663714743,3.48791210528464e-06,6.08755502573841e-08,0.999999999999998,-1.25916458155814e-06,-2.915645918436e-07,2.32335913388449e-05,0.00017305717049075
11.1390199411857,8.242316470759e-06,1.43855560406103e-07,0.99999999999999,2.15332837766346e-05,-1.99169809399563e-06,-0.000441184052573513,0.000434567219517688
11.1426949839803,-2.25008199614535e-06,-3.92713392725826e-08,0.999999999999999,-4.98298686340258e-05,1.73106038136297e-06,0.00101298370752091,-0.000112318724367211
11.1455356478717,-9.31734821177527e-06,-1.62618403850284e-07,0.999999999999987,-4.34219144864992e-05,4.2375828392182e-06,0.00088237206289508,-0.000506549512909989
11.1483763117631,-5.18328498792997e-06,-9.04653891085724e-08,0.999999999999996,2.54000534733771e-05,2.76056019111249e-06,-0.000519956849725169,-0.000291843668949699
11.1519961517506,-4.71374556001308e-06,-8.22703801234921e-08,0.999999999999997,2.26391470711254e-06,2.58497360794728e-06,-4.85067250960972e-05,-0.000274898734841339
11.1549724994124,3.48035096826821e-06,6.07435835212529e-08,0.999999999999998,4.80501540455799e-05,-3.36137602851527e-07,-0.000981441532603174,0.000167873287916089
11.1579488470743,4.73313854916745e-06,8.26088516360394e-08,0.999999999999997,7.3463420940715e-06,-7.88607310915654e-07,-0.000152021792972932,0.000239791345324317
11.1617212570155,1.01892320418598e-05,1.77835647380158e-07,0.999999999999984,2.52429606612537e-05,-2.73772463399003e-06,-0.000516676966037397,0.000540329278178328
11.1653538445887,-1.79663265585703e-06,-3.13571552935554e-08,1,-5.75878209283112e-05,1.5166239864645e-06,0.00117116202560504,-8.48646240576853e-05
11.1681349367244,-8.89610391135676e-06,-1.55266303852721e-07,0.999999999999988,-4.45541328770304e-05,4.03499056048468e-06,0.000905531514635421,-0.000483278559320202
11.1709160288602,-4.57102710357133e-06,-7.97794731552195e-08,0.999999999999997,2.71428730200374e-05,2.49043844534577e-06,-0.000555376103972967,-0.00025828157375352
11.1745238494493,-4.69743724709413e-06,-8.19857463676109e-08,0.999999999999997,-6.11525201405465e-07,2.52716571711095e-06,1.01799052525002e-05,-0.000272084768637387
11.1777624632815,4.62526015803449e-06,8.07260185190149e-08,0.999999999999997,5.02411751802976e-05,-7.95657503125129e-07,-0.00102600167613795,0.00022682950761631
11.1810010771138,1.14203713905509e-05,1.99323082565675e-07,0.99999999999998,3.66196991028215e-05,-3.21949251303846e-06,-0.000748417420375505,0.000597206843277463
11.1844466177089,1.41082883813145e-05,2.46236084074796e-07,0.99999999999997,1.36155706813594e-05,-4.18303488252524e-06,-0.000279649112489224,0.000753445002288793
11.188353740556,-4.39506660580848e-06,-7.67083831158097e-08,0.999999999999997,-8.26553143657632e-05,2.38906352145041e-06,0.00168208133227661,-0.00019420953541692
11.1907362987369,-6.14440649336751e-06,-1.07240123890182e-07,0.999999999999994,-1.28146884383758e-05,3.00570087064452e-06,0.000258813133773922,-0.00033319024164963
11.1931188569178,-1.72365889944596e-06,-3.00835229766338e-08,1,3.23839314953552e-05,1.42824597256512e-06,-0.000662084523573737,-0.000103869089353792
11.1966801639796,-3.78486969697039e-06,-6.60584379710934e-08,0.999999999999998,-1.01016043743523e-05,2.15351268940239e-06,0.000203651834632654,-0.000216749764195864
11.2016501983469,-1.46707710406372e-05,-2.56053258465351e-07,0.999999999999967,-3.82280697583462e-05,6.01388462760275e-06,0.000776729425374749,-0.000858628234423017
11.2038258566077,2.23497377125899e-07,3.9007651004184e-09,1,0.000119482929947629,7.12508269648723e-07,-0.00243667696046709,-9.64950347619012e-06
11.2060015148686,5.73593864749448e-07,1.00111015091169e-08,1,2.80850008421681e-06,5.83385937675885e-07,-5.93486276309995e-05,1.709551814936e-05
11.2096704474212,3.83688100381478e-06,6.6966206523793e-08,0.999999999999998,1.55236173458494e-05,-5.84978488305807e-07,-0.000318448052457619,0.000192070913857221
11.2145530595699,5.06168543985772e-05,8.83430766257632e-07,0.99999999999961,0.000167218803145725,-1.723192023102e-05,-0.00340943356458771,0.00272551954360745
11.2175505982622,6.38798301665728e-06,1.11491336202149e-07,0.999999999999994,-0.000257524425633932,-1.50867127262102e-06,0.00524538648948064,0.000361919948967833
11.2205481369545,-1.59765150820923e-05,-2.7884279117704e-07,0.999999999999961,-0.000130218211487667,6.43866938777033e-06,0.00265128876592957,-0.000852659997141411
11.2233122070087,-9.51244099982944e-06,-1.66023415348724e-07,0.999999999999986,4.08163952495096e-05,4.13397532610797e-06,-0.000833804504406741,-0.000521468184435334
11.2263694802773,-4.517687204305e-06,-7.884851629034e-08,0.999999999999997,2.85139375512808e-05,2.35131141503468e-06,-0.000583089490028799,-0.000258650594543706
11.230868131455,1.42071786289826e-05,2.47962044494718e-07,0.999999999999969,7.26463439548073e-05,-4.31745241146836e-06,-0.00148239184660908,0.000698046660469332
11.2332084252545,6.99713098889413e-06,1.22122973949529e-07,0.999999999999993,-5.37706293836724e-05,-1.75780262822803e-06,0.00109373010504862,0.000355760453847373
11.2355487190541,1.96175194968024e-06,3.42390306293384e-08,0.999999999999999,-3.75525258139013e-05,2.82653890142426e-08,0.000763181108959917,9.25532323294405e-05
11.2392015697191,4.2342702526233e-06,7.39019573275286e-08,0.999999999999997,1.08580750586237e-05,-7.87280048268438e-07,-0.000223262736991556,0.000216867433747855
11.244341168053,1.4886186567471e-05,2.5981296866852e-07,0.999999999999966,3.61722841480902e-05,-4.58537661027306e-06,-0.000738987040475648,0.000862793605075148
11.2464352003203,1.0253734154137e-06,1.78961421613887e-08,1,-0.000115526790243944,3.39548701708626e-07,0.00235188606637754,5.48319537953238e-05
11.2485292325876,1.31658376138468e-07,2.29787215144541e-09,1,-7.44891578492158e-06,6.531926526735e-07,0.000149779903521231,-2.86207408783115e-06
11.252076711153,-2.98844722882667e-06,-5.21582436651257e-08,0.999999999999999,-1.53506539395039e-05,1.75584450195788e-06,0.000310826923666999,-0.00016994336900395
11.2568257114492,-4.43082321311406e-05,-7.7332453642627e-07,0.999999999999701,-0.000151856442994915,1.6441401926128e-05,0.00309234712744738,-0.00240042785102762
11.2610087167504,-6.77476245703406e-05,-1.18241910915718e-06,0.999999999999301,-9.77992001629798e-05,2.47681713718054e-05,0.00199061890822016,-0.00385467277747466
11.2628339628844,-1.61650990051172e-05,-2.82134201550151e-07,0.99999999999996,0.00049324027637231,6.42089957620033e-06,-0.0100519439287208,-0.000911343480464083
11.2646592090185,-3.2970724641226e-06,-5.75447701757819e-08,0.999999999999998,0.000123046107143803,1.84118690916464e-06,-0.00250909320205975,-0.000193313570800074
11.2676462096712,1.79455812489408e-06,3.13209478978173e-08,1,2.97508197712288e-05,2.47131543089062e-08,-0.000608126333431779,8.12579804918007e-05
11.271715113268,2.00408895056787e-05,3.49779506902465e-07,0.999999999999939,7.82664301151303e-05,-6.47210858576118e-06,-0.00159670082750774,0.00105830047050507
11.2756532903944,5.92885657473111e-05,1.03478068107553e-06,0.999999999999465,0.000173938640183455,-2.04372621522917e-05,-0.00354609585048846,0.00320714166957411
11.279026822394,-4.12143834554079e-06,-7.19326690476344e-08,0.999999999999997,-0.000328057759719033,2.10775000588647e-06,0.0066829104217691,-0.000143544471421629
11.2817845041715,-3.03748278838103e-05,-5.30140756299046e-07,0.999999999999859,-0.000166156984094736,1.14389886299956e-05,0.00338372567134437,-0.00161618041516718
11.2840389883565,-5.8276756833341e-06,-1.0171212841259e-07,0.999999999999995,0.000190033991249338,2.70478989156721e-06,-0.00387414504678774,-0.000321255055799918
11.2869186311427,-2.81122675747103e-06,-4.90651629380336e-08,0.999999999999999,1.82824639662834e-05,1.62670880899303e-06,-0.000374380144557802,-0.000162969495918622
11.2911700694223,-3.45401215190039e-06,-6.02838844545562e-08,0.999999999999998,-2.63880615896873e-06,1.84745673215372e-06,5.19231160483016e-05,-0.000212997893171615
11.293923142104,4.74705664657038e-06,8.28517682613339e-08,0.999999999999997,5.19912364339413e-05,-1.07409218220139e-06,-0.00106119570824927,0.000238043772391892
11.2966762147858,3.19850538156111e-06,5.58244500509988e-08,0.999999999999998,-9.81714663388616e-06,-5.28307589778236e-07,0.000198245616995214,0.000160096460065916
11.3,2.90697406047032e-06,5.07362686252757e-08,0.999999999999999,-1.53083941883869e-06,-4.30575431464135e-07,2.94038729985238e-05,0.000147146510243267
11.3053154081925,-1.42760797623207e-05,-2.49164596129823e-07,0.999999999999969,-5.64210412248253e-05,5.67135867385062e-06,0.00114797093362257,-0.000695686673113076
11.3074184220778,-3.53044972658044e-06,-6.16179718049623e-08,0.999999999999998,8.91799267877644e-05,1.84570564134529e-06,-0.0018191287557554,-0.000188328658690388
11.3095214359631,-5.82507185042314e-07,-1.01666682955122e-08,1,2.44655082256232e-05,7.93549882978029e-07,-0.000500308517086316,-4.03098791602272e-05
11.3129908881814,-3.18935820070444e-06,-5.56648016277745e-08,0.999999999999998,-1.31139241786004e-05,1.71457419578888e-06,0.00026546678116758,-0.000180898654391455
11.3177003748703,-3.14244959513417e-05,-5.48460920130513e-07,0.99999999999985,-0.000104639029909702,1.17477860850184e-05,0.0021304257877623,-0.00171696983154856
11.3205944851146,-3.69106771306642e-07,-6.44212845070664e-09,1,0.000187283394870768,6.98326066300855e-07,-0.00381791261771713,-4.85258650449977e-05
11.3234885953589,8.45470125203281e-06,1.47562374120459e-07,0.999999999999989,5.32130739923661e-05,-2.44465182615441e-06,-0.00108599107399673,0.000436171270235013
11.32657219382,8.78622007526251e-06,1.53348469118154e-07,0.999999999999988,1.87641000303441e-06,-2.56775912507985e-06,-3.99232586471962e-05,0.000461539782780262
11.3301351768006,7.95778278570654e-06,1.38889510769105e-07,0.99999999999999,-4.0581048037167e-06,-2.27909469259138e-06,8.10176287851775e-05,0.000428806193678136
11.3330961203464,-3.76584651221743e-06,-6.5726420762939e-08,0.999999999999998,-6.91049756151952e-05,1.88528163311766e-06,0.00140643557070995,-0.00020430634614841
11.3360570638922,-5.68166148354249e-06,-9.9163699871562e-08,0.999999999999995,-1.12927783293258e-05,2.56163991123303e-06,0.000228426603766084,-0.000313385352010879
11.339595059706,-9.00567561354026e-06,-1.57178690822837e-07,0.999999999999988,-1.63976991506718e-05,3.73787817385717e-06,0.000332458918699448,-0.00049881558470305
11.3439108080884,1.46363305710399e-06,2.55452158874949e-08,1,4.23388693043698e-05,7.15871582614222e-09,-0.000864443226880244,3.41398826765381e-06
11.3461732600604,4.36706499649083e-06,7.62196628373595e-08,0.999999999999997,2.23980210740533e-05,-1.028811482295e-06,-0.000457897100536002,0.000213923122518657
11.3484357120325,1.44024992709052e-06,2.51371032793379e-08,1,-2.2578406166507e-05,8.44174239392951e-09,0.000458464196140071,6.56373968892161e-05
11.3519724618874,3.92728219640343e-06,6.85440049821944e-08,0.999999999999998,1.22731048234183e-05,-8.81758323851732e-07,-0.000251700036128768,0.000200436709448807
11.3568004866858,2.84940002250661e-05,4.97314120991388e-07,0.999999999999876,8.8808598529214e-05,-9.62618262569306e-06,-0.0018111804862227,0.00155323547634757
11.3592408630363,4.95026905770185e-07,8.63984939164944e-09,1,-0.000200245454554076,3.2729932903283e-07,0.00407866678123856,2.54161349825244e-05
11.3616812393869,-9.12877394100108e-07,-1.59327161940727e-08,1,-1.00691705114013e-05,8.24096362080392e-07,0.000203573941754814,-5.73666716564971e-05
11.3653278711683,-4.73492155370691e-06,-8.2639970935831e-08,0.999999999999997,-1.82928408295606e-05,2.17761289956328e-06,0.000371168963199036,-0.000263341399505629
11.3700014336851,-3.6268249479506e-05,-6.33000367352057e-07,0.9999999999998,-0.000117760358278124,1.33845912065323e-05,0.00239795194065099,-0.00198869548168329
11.3725844038573,-2.63658797438801e-07,-4.60171411715588e-09,1,0.000243285292258503,5.76083748729693e-07,-0.00495882902394076,-3.66236392509412e-05
11.3751673740295,2.6688864188659e-06,4.65808553709704e-08,0.999999999999999,1.98153931622199e-05,-4.70771322430573e-07,-0.000405291196326451,0.000130504880919012
11.3785444836851,5.76079341572754e-06,1.00544812631656e-07,0.999999999999995,1.59793322587442e-05,-1.57553362906426e-06,-0.000327132494738249,0.000299065848352778
11.3827764326574,1.87073202626685e-05,3.2650433280861e-07,0.999999999999947,5.33937251270596e-05,-6.18612944137479e-06,-0.00108947339453407,0.00101585677393058
11.3855014668535,-2.04601212723934e-06,-3.57096481560597e-08,0.999999999999999,-0.00013292089379065,1.19037295631463e-06,0.00270693938742628,-0.000109420882684061
11.3882265010497,-3.42524928205226e-06,-5.97818776733839e-08,0.999999999999998,-8.83373483943031e-06,1.67674853229472e-06,0.000178484210093259,-0.00019118514872261
11.3916958929367,-6.58057123011005e-06,-1.14852634627434e-07,0.999999999999993,-1.58733169234159e-05,2.79370523889585e-06,0.000321945961418473,-0.000364343144332141
11.3960117481713,-1.32233302526123e-05,-2.30790650986655e-07,0.999999999999973,-2.68632773941698e-05,5.14953827514599e-06,0.000545855434951142,-0.00075718228283109
11.3983629820533,1.57888483557882e-06,2.75567388906597e-08,1,0.000109877367732327,-1.17982965625134e-07,-0.00224032210538261,6.79014274007622e-05
11.4007142159353,1.06557745119007e-06,1.85978349582759e-08,1,-3.81029892473303e-06,6.11644429551436e-08,7.61929342511113e-05,4.65353217458469e-05
11.4045034317844,4.65453221123704e-06,8.12369122262185e-08,0.999999999999997,1.65308812595481e-05,-1.22070674368525e-06,-0.000338294580645639,0.000239959744678013
11.4095048014757,4.59909727252647e-05,8.02693900250692e-07,0.999999999999678,0.00014425188149268,-1.59284569893447e-05,-0.00294074446665223,0.00250787665931787
11.4118303794975,3.15718148130701e-06,5.51032119317991e-08,0.999999999999998,-0.000321464462306764,-6.98652370632772e-07,0.00654882548604237,0.000170894219182696
11.4141559575193,-2.60753686627147e-07,-4.55101036835722e-09,1,-2.56513527999772e-05,5.13541454523409e-07,0.000521244100955341,-2.13656190188933e-05
11.417721120104,-3.93512823933525e-06,-6.86809442646075e-08,0.999999999999998,-1.79879409065368e-05,1.81525271498967e-06,0.000365119746864572,-0.000218534109342157
11.4223228993392,-3.99187976910472e-05,-6.96714453146228e-07,0.999999999999757,-0.000136476235989691,1.46058801343929e-05,0.00277949609608422,-0.00216751400465258
11.4255309686526,-6.68563912237763e-06,-1.16686415285633e-07,0.999999999999993,0.000180802838468093,2.7823189334511e-06,-0.0036855691214794,-0.000405755925953057
11.428739037966,3.17263589109298e-05,5.53729422665139e-07,0.999999999999847,0.000208977977862151,-1.08828432035722e-05,-0.00425962184795986,0.00166347205819097
11.4313668674148,1.36579416828719e-05,2.38376051411488e-07,0.999999999999972,-0.000120005265712873,-4.46046966245021e-06,0.00244398415734609,0.000722041962145733
11.434102101624,3.97722296403245e-06,6.94156358082943e-08,0.999999999999998,-6.17718274491819e-05,-1.02134027253768e-06,0.00125734365940485,0.000206907034184245
11.4382892941673,-2.35575570594788e-06,-4.11156934414338e-08,0.999999999999999,-2.63974794823527e-05,1.22535849098796e-06,0.000536564473762911,-0.000111913826766943
11.4409774044995,-6.88914039351078e-06,-1.20238182498901e-07,0.999999999999993,-2.94342416335445e-05,2.83389422189437e-06,0.000598389028753907,-0.000373039032634057
11.4436655148318,-2.97105484488627e-06,-5.18546893005948e-08,0.999999999999999,2.54392434631685e-05,1.43685167303376e-06,-0.000519711758886144,-0.000168313740458786
11.4474518002808,-4.7391092033413e-06,-8.2713059209871e-08,0.999999999999997,-8.15003789986677e-06,2.06058334112378e-06,0.000164734454516751,-0.000269326108070985
11.4508258404542,4.51560823447091e-06,7.88122314216855e-08,0.999999999999997,4.78729601104299e-05,-1.23521230349607e-06,-0.000976809840800186,0.000223306491524459
11.4541998806276,1.66124484371643e-05,2.899419220463e-07,0.999999999999958,6.25747411930371e-05,-5.54169364528196e-06,-0.00127635745885697,0.000877519070706909
11.457523575672,1.7325577349566e-05,3.02388369558875e-07,0.999999999999954,3.74476218370402e-06,-5.79953935101921e-06,-7.75780275536229e-05,0.000930710667809149
11.461089339755,-2.33409495800365e-07,-4.07376420713625e-09,1,-8.59457122327592e-05,4.40660657432359e-07,0.0017500316519062,1.43367412866304e-05
11.4636812155142,-7.38646696475695e-06,-1.289181686248e-07,0.999999999999992,-4.81675882706369e-05,2.98109497974127e-06,0.000980152815309167,-0.00039713631726137
11.4662730912734,-2.98776989311387e-06,-5.21464219267961e-08,0.999999999999999,2.96201492010473e-05,1.41341323353077e-06,-0.000604844480159785,-0.000168343576848286
11.4698587917055,-4.44281798920215e-06,-7.75418019784113e-08,0.999999999999997,-7.08240427018188e-06,1.92633145155773e-06,0.000143045474028145,-0.000250571966099589
11.4738049555509,3.94463902316844e-06,6.88469387569421e-08,0.999999999999998,3.70964679804423e-05,-1.06160770708495e-06,-0.000757175645949996,0.000182529038794653
11.4766287829083,9.30336853379161e-06,1.623744124411e-07,0.999999999999987,3.31208186067301e-05,-2.97080711513385e-06,-0.000676103446262279,0.000485027666491321
11.4794526102658,4.93840119391634e-06,8.6191360618259e-08,0.999999999999996,-2.69786506674224e-05,-1.4219120333276e-06,0.000548509128115692,0.000257247558425006
11.4831663162202,4.80515876309153e-06,8.38658414970053e-08,0.999999999999996,-6.26199044786915e-07,-1.37903410310321e-06,1.15458603214911e-05,0.000258993567712679
11.4859319271334,-1.90994591802185e-06,-3.3334844804507e-08,0.999999999999999,-4.23778651381474e-05,1.00571450156025e-06,0.000862286373450266,-0.000106907619170958
11.4886975380465,-1.71408018471686e-06,-2.99163428665018e-08,1,1.23607479337272e-06,9.32690170247753e-07,-2.6404412481025e-05,-9.96624978252091e-05
11.492828278023,-8.01601125857235e-06,-1.39905789339022e-07,0.99999999999999,-2.66270564347486e-05,3.16890729300557e-06,0.000541359934408798,-0.000442781639795819
11.4966917017474,-2.99462069931784e-07,-5.22659910514715e-09,1,3.48600619149673e-05,4.19876559569745e-07,-0.000711552997959867,-5.19953930950193e-05
11.4993802014004,7.69719962914095e-06,1.34341476711796e-07,0.999999999999991,5.19129975183675e-05,-2.42710965853789e-06,-0.00105894981793183,0.000397523867401985
11.5020687010535,3.86781155763684e-06,6.75060465274532e-08,0.999999999999998,-2.4859750347562e-05,-1.06835418578292e-06,0.000505395442849793,0.000198968011903884
11.5056850336956,5.17756214121126e-06,9.0365506590744e-08,0.999999999999996,6.32117184055611e-06,-1.53834278107392e-06,-0.000129962766649368,0.000274621260606241
11.5093307608287,-4.48213410081538e-06,-7.82279975751438e-08,0.999999999999997,-4.62441367682972e-05,1.89285119795812e-06,0.000941154906471301,-0.000233561780342198
11.5129764879619,-3.78338557741191e-05,-6.60325351982998e-07,0.999999999999782,-0.000159665639568274,1.37498158583885e-05,0.00325229075774054,-0.0020233728116123
11.5160175281435,-2.49797999735418e-05,-4.35979756027883e-07,0.999999999999905,7.3772650986918e-05,9.17481500968727e-06,-0.00150441972992223,-0.00135907685914004
11.5189786409895,-2.8996721557128e-06,-5.06088263455901e-08,0.999999999999999,0.000130143952534166,1.31890279291247e-06,-0.00265302696157015,-0.000177933888618565
11.5227531754722,3.44060905092725e-05,6.00499562125942e-07,0.99999999999982,0.000172500315328206,-1.1952794830567e-05,-0.00351611508241346,0.00180615479386735
11.5258507921418,3.93347841292595e-05,6.86521493616736e-07,0.999999999999764,2.77703604627896e-05,-1.37088980893671e-05,-0.000566920780103243,0.00210364269619571
11.5284791069646,8.07140144455622e-06,1.40872530457732e-07,0.99999999999999,-0.00020760411135321,-2.5933173975958e-06,0.00422916638259497,0.000432048955362786
11.5323696137455,-7.89230379814325e-06,-1.37746686845253e-07,0.999999999999991,-7.16151475876454e-05,3.07986117130097e-06,0.00145821068781767,-0.000397523969925813
11.5349556251791,-8.4023029643405e-06,-1.46647851477821e-07,0.999999999999989,-3.44204380419686e-06,3.25826392664972e-06,6.89876127504766e-05,-0.000452344778824745
11.5375416366127,-2.83025338974134e-06,-4.93972403167167e-08,0.999999999999999,3.76064119044242e-05,1.27379081294322e-06,-0.000767387602363468,-0.000159489977043292
11.541250621706,-4.11943461193505e-06,-7.18976972988814e-08,0.999999999999997,-6.06647274548148e-06,1.72825153550152e-06,0.000122529670818558,-0.000233714462278651
11.5447887922304,4.73263816027394e-06,8.26001182023073e-08,0.999999999999997,4.36660173488461e-05,-1.42369899757559e-06,-0.000890841894518508,0.000234808587599792
11.5483269627548,2.50942884514815e-05,4.37977956923527e-07,0.999999999999904,0.000100441128055156,-8.66881141142589e-06,-0.00204770017835685,0.00133086948236627
11.5515452667182,2.18149131658789e-05,3.80742060781238e-07,0.999999999999928,-1.77844904627428e-05,-7.50581312668175e-06,0.000361369932110393,0.00117468718246894
11.5548229043133,1.08976758868823e-06,1.90200325041289e-08,1,-0.000110360592889848,-1.38497982125989e-07,0.00224775159874045,7.66085009759283e-05
11.5576003136984,-8.58214069431439e-06,-1.49786611985178e-07,0.999999999999989,-6.07784525381649e-05,3.29822977111149e-06,0.00123738609501221,-0.000460022211448787
11.5603777230834,-4.90834310079812e-06,-8.5666747926475e-08,0.999999999999996,2.30862127864424e-05,1.98878558668041e-06,-0.000471462432391762,-0.00027062918694212
11.5639051162356,-5.1563006799018e-06,-8.99944240871085e-08,0.999999999999996,-1.22687661227373e-06,2.07333094821457e-06,2.39682274949378e-05,-0.000290185082004311
11.5673905294311,5.12901896436188e-06,8.95182683253444e-08,0.999999999999996,5.15039917339458e-05,-1.5880918940024e-06,-0.00105049893278154,0.000254978017208092
11.5708759426266,2.5358186282178e-05,4.42583842958052e-07,0.999999999999902,0.000101298054154543,-8.78583791255469e-06,-0.00206510551683331,0.00134494909056046
11.5740318934646,1.98075827754976e-05,3.45707536293744e-07,0.99999999999994,-3.0696392827175e-05,-6.81487509440318e-06,0.000624522661907176,0.00106570420235067
11.5772978047731,1.4907074846424e-06,2.60177537911326e-08,1,-9.78868537146682e-05,-3.03855997715393e-07,0.00199363010247495,9.51501850761074e-05
11.580135794484,-8.60061322433146e-06,-1.50109018455149e-07,0.999999999999989,-6.20603984463143e-05,3.2821366340396e-06,0.00126356787621741,-0.000460802015728372
11.5829737841949,-5.58720426678017e-06,-9.75151104367894e-08,0.999999999999995,1.85320996112057e-05,2.20764000967534e-06,-0.000378611881582775,-0.000306899873615517
11.5864940461478,-5.55051262035172e-06,-9.68747203986354e-08,0.999999999999995,1.81915450249086e-07,2.19114236230074e-06,-4.68648287979745e-06,-0.000311957097683869
11.5898791136947,5.09228631116992e-06,8.88771625841515e-08,0.999999999999996,5.48739073615741e-05,-1.59712427779744e-06,-0.00111911109234329,0.000254259960599954
11.5932641812417,1.96800752847362e-05,3.43482110759001e-07,0.999999999999941,7.52141411198511e-05,-6.78829632390968e-06,-0.00153355050501832,0.00104275101409717
11.5964846280519,1.7062107538786e-05,2.97789953881158e-07,0.999999999999956,-1.41881420718311e-05,-5.86020636920726e-06,0.000288186704951592,0.000917783837981036
11.599934903849,5.45845700136586e-07,9.5268046752371e-09,1,-8.35478570857493e-05,1.04767138995329e-08,0.00170151124961432,5.03114586423747e-05
11.6026450414297,-7.98168372054241e-06,-1.39306660776296e-07,0.99999999999999,-5.49173099219775e-05,3.04055771580444e-06,0.00111805430966395,-0.000427624537267289
11.6053551790104,-3.9973731306052e-06,-6.9767322559814e-08,0.999999999999998,2.56589697553429e-05,1.62103690035838e-06,-0.000523781827736421,-0.000221089410500816
11.6089305676821,-4.89740365920788e-06,-8.54758186523957e-08,0.999999999999996,-4.39350726182727e-06,1.93780926981022e-06,8.85980234727966e-05,-0.000274896332638889
11.6125333850817,4.94681022405598e-06,8.63381258810952e-08,0.999999999999996,4.7688773944172e-05,-1.56650002683171e-06,-0.000972658036178443,0.000244271951587769
11.6161362024813,3.40772048248753e-05,5.94759424070536e-07,0.999999999999823,0.000141117698121611,-1.19296265104993e-05,-0.0028763951469501,0.00180922974052155
11.6192114571498,2.36298021429889e-05,4.12417848989957e-07,0.999999999999915,-5.92931625957753e-05,-8.21675357465949e-06,0.00120733836254783,0.00127191680589046
11.6222586647484,2.68113808469458e-06,4.67946872785349e-08,0.999999999999999,-0.000119986298891873,-7.69280057424811e-07,0.0024440322085872,0.00015364416050686
11.6259712629113,-3.65289799466395e-05,-6.37550972463798e-07,0.999999999999797,-0.000184330657321863,1.31721541441504e-05,0.00375516918066419,-0.00193523038411673
11.6289877497446,-3.3685062172341e-05,-5.87915243646309e-07,0.999999999999827,1.64548136825339e-05,1.21579292703325e-05,-0.000336227184096124,-0.00181581229120519
11.6316288904617,-6.61435651882958e-06,-1.15442299154326e-07,0.999999999999993,0.000178889728001737,2.52823032717507e-06,-0.00364603782028654,-0.00036785488231984
11.6357872371491,1.33030485181311e-05,2.32181997193939e-07,0.999999999999973,8.35967567119257e-05,-4.55895861175821e-06,-0.00170432854010266,0.000661474967639281
11.6382183488625,8.02073590640947e-06,1.39988249999777e-07,0.99999999999999,-3.79224643128556e-05,-2.68222806617778e-06,0.0007719639271168,0.000416700962168527
11.640649460576,2.32250184669323e-06,4.05353041084454e-08,0.999999999999999,-4.09084228177585e-05,-6.57744175091724e-07,0.000832739968253749,0.000117504942379805
11.6443250453985,4.21798544066006e-06,7.36177337407018e-08,0.999999999999997,9.00058935651014e-06,-1.33492789426436e-06,-0.000184238359846592,0.000222547462232832
11.6484915169548,-2.28074996709712e-06,-3.9806596340597e-08,0.999999999999999,-2.72231139818132e-05,9.72916235965479e-07,0.000553908528835687,-0.000104488107678797
11.6511999157278,-7.53663728515527e-06,-1.31539135154526e-07,0.999999999999991,-3.38696575006897e-05,2.83977121901745e-06,0.000689283646751366,-0.000404796718222543
11.6539083145007,-3.4194583908542e-06,-5.96808075553529e-08,0.999999999999998,2.65316645088514e-05,1.37328700998401e-06,-0.00054145800969144,-0.000189864335317082
11.6576339991599,-4.76105464207265e-06,-8.30960793715278e-08,0.999999999999997,-6.28482385329866e-06,1.8473400226376e-06,0.000127239167029243,-0.000268138161604242
11.6609916211472,4.56320556906581e-06,7.96429616255398e-08,0.999999999999997,4.84685416088833e-05,-1.47145597257338e-06,-0.000988436461218773,0.000228571781852536
11.6643492431344,1.59005535759295e-05,2.77517012789724e-07,0.999999999999961,5.89327958639165e-05,-5.50611129710362e-06,-0.00120164072662822,0.000842229341358836
11.6676857692968,1.67679410863955e-05,2.92655780738033e-07,0.999999999999957,4.53728435259712e-06,-5.81715687664169e-06,-9.32243790116507e-05,0.000903310290950398
11.6712964934012,-9.61196025699451e-07,-1.67760354055395e-08,1,-8.56979949716803e-05,4.85316814154053e-07,0.00174548747247229,-1.99665344748972e-05
11.6738579486355,-7.33572632085708e-06,-1.28032577324166e-07,0.999999999999992,-4.34348960805987e-05,2.750179669051e-06,0.000884209423039662,-0.000391859784676316
11.6764194038698,-2.82491546686706e-06,-4.93040759873429e-08,0.999999999999999,3.07358490132407e-05,1.14393496952584e-06,-0.000627082869921621,-0.000157057638103799
11.6800086882637,-4.38417073102186e-06,-7.65182142258981e-08,0.999999999999997,-7.58205125372407e-06,1.69568140069556e-06,0.000153720455283843,-0.000244599066116798
11.6840487185759,3.37672390931435e-06,5.89349501483499e-08,0.999999999999998,3.35277594240413e-05,-1.06757735533356e-06,-0.000683969807767249,0.000152444102476029
11.6868088861359,8.51656635706054e-06,1.48642123895285e-07,0.999999999999989,3.25006260661631e-05,-2.89749587308608e-06,-0.000662973706481905,0.000445095997233854
11.6895690536959,4.1872873668009e-06,7.30819512778391e-08,0.999999999999997,-2.73752121838333e-05,-1.35987547680119e-06,0.000557075019132101,0.000218988491138781
11.6932887210782,4.89042041970753e-06,8.53539381306593e-08,0.999999999999996,3.2992161910202e-06,-1.61266383075856e-06,-6.79599351172581e-05,0.00026417623231252
11.6964114687337,-3.66720096318941e-06,-6.40047311399625e-08,0.999999999999998,-4.78292471081552e-05,1.42844757208083e-06,0.000973857556981085,-0.000195635064222065
11.6995342163892,-7.19484117238928e-06,-1.25573667616242e-07,0.999999999999992,-1.97162701789651e-05,2.68069827523442e-06,0.000401009252526025,-0.000390076604721064
11.7031422306477,-1.19009249992597e-05,-2.07710325269984e-07,0.999999999999978,-2.27650590515037e-05,4.35169055448618e-06,0.00046313350212199,-0.000652478109542716
11.7073805301395,8.44015989125457e-06,1.47308579497158e-07,0.999999999999989,8.37644686163323e-05,-2.88581852190225e-06,-0.00170764456131482,0.000367121871950701
11.7095821804708,4.83737910973033e-06,8.44281926319862e-08,0.999999999999996,-2.85605693011405e-05,-1.60572475956397e-06,0.000581424645010726,0.000241821592346507
11.7117838308022,1.32833915366311e-06,2.31838918145762e-08,1,-2.78174512753253e-05,-3.59277539561155e-07,0.00056614222624673,6.38279440632328e-05
11.7152207846103,3.58541747100438e-06,6.25773399275548e-08,0.999999999999998,1.14617333581309e-05,-1.16438931446438e-06,-0.00023425155525779,0.000186247840774257
11.7199288742289,2.58774026599821e-05,4.51645878281011e-07,0.999999999999898,8.26383034040065e-05,-9.09540773425045e-06,-0.00168455128561849,0.00140787300534753
11.7225875399359,-6.83530145759106e-07,-1.19298515801331e-08,1,-0.000174364053607847,3.48770882168682e-07,0.00355222493431349,-3.14196742113486e-05
11.7252462056429,-2.84395476801666e-06,-4.96363744796821e-08,0.999999999999999,-1.41824986873052e-05,1.11523705238919e-06,0.000288289786941511,-0.000155679206047735
11.7286915630098,-6.20470760287011e-06,-1.08292576793608e-07,0.999999999999994,-1.70247077639133e-05,2.30809602981853e-06,0.000346222133264047,-0.000339082043070641
11.7329656336376,-1.73533823988778e-05,-3.02873659218045e-07,0.999999999999954,-4.55259398748035e-05,6.26996383035271e-06,0.000926954218938928,-0.00096626594757614
11.735384815994,7.62571216361681e-07,1.33093785064494e-08,1,0.00013069830676108,-1.74248545749715e-07,-0.00266379769144751,2.85895357322183e-05
11.7378039983504,1.02350127961709e-06,1.78634672276933e-08,1,1.88249087930182e-06,-2.68613393967378e-07,-3.90069181717497e-05,4.82509740167239e-05
11.7416424242488,5.12140924408621e-06,8.93854536513781e-08,0.999999999999996,1.86331554434032e-05,-1.72849835759688e-06,-0.000380334283441929,0.000268983742661962
11.7466022505624,4.84938155099799e-05,8.46376747503742e-07,0.999999999999642,0.000152624556989405,-1.71563106940671e-05,-0.00311055495920719,0.00264944774217156
11.7489071075775,3.50962172522783e-06,6.12544546047494e-08,0.999999999999998,-0.00034063817744188,-1.15991308634216e-06,0.00694029933427379,0.000194081625715644
11.7512119645927,-2.19524053416137e-07,-3.8314175194355e-09,1,-2.82385725868659e-05,1.64794389968902e-07,0.000574746054793567,-1.51646813162598e-05
11.7547660625169,-3.86418483934577e-06,-6.74427483522318e-08,0.999999999999998,-1.78980242492649e-05,1.45872809941806e-06,0.000364068108707484,-0.000210628629985082
11.7593650209966,-4.05470831732465e-05,-7.07680103453082e-07,0.99999999999975,-0.000139213554098392,1.45016076385103e-05,0.00283605072688713,-0.00219524446606669
11.7635253246609,-4.02923853695788e-05,-7.03234788181485e-07,0.999999999999753,1.06850740479992e-06,1.44074533633966e-05,-2.26315871891762e-05,-0.00236369453291587
11.7654008912039,-1.0035554078637e-05,-1.75153460934161e-07,0.999999999999985,0.00028155829993796,3.64672722761976e-06,-0.0057373203719964,-0.000574148489753499
11.7672764577468,-2.09206517335739e-06,-3.65134254413923e-08,0.999999999999999,7.39190171713772e-05,8.2071578511008e-07,-0.00150675082852438,-0.000122133906069269
11.7702704589587,2.01671231559253e-06,3.51982699726087e-08,0.999999999999999,2.39517923804178e-05,-6.42327761896599e-07,-0.00048865830153797,0.000100017297453908
11.7743554254902,1.83458051869167e-05,3.20194704441145e-07,0.999999999999949,6.97671406281374e-05,-6.45202933852007e-06,-0.00142221522055056,0.000976421055550757
11.7784246482455,5.63849898510735e-05,9.84103721604661e-07,0.999999999999516,0.000163153765989203,-1.99823493689072e-05,-0.00332503793581192,0.0030697750744706
11.7809372274934,2.1126807485447e-06,3.68732351056034e-08,0.999999999999999,-0.000376995267826346,-6.82691509887696e-07,0.00768121358763291,0.000124823491709632
11.7834498067413,-2.26289369057393e-06,-3.94949455231208e-08,0.999999999999999,-3.0394337091008e-05,8.71892500756423e-07,0.000618720389392598,-0.000122936030631504
11.7866701736257,-4.63468085029048e-06,-8.08904406166992e-08,0.999999999999997,-1.28542792106516e-05,1.71351102691806e-06,0.000261342435926488,-0.000252934331341577
11.7907745422601,-1.55605727298551e-05,-2.71583227632011e-07,0.999999999999963,-4.64609307794018e-05,5.5967470616689e-06,0.000946122627051161,-0.000853303767820102
11.7938574926756,2.78437098880435e-06,4.8596441351646e-08,0.999999999999999,0.000103854952508586,-9.29177745015255e-07,-0.00211677903542142,0.000129323307493672
11.796940443091,1.21044194922659e-05,2.11261974182619e-07,0.999999999999978,5.27629416338948e-05,-4.24543172753027e-06,-0.0010756754198471,0.000637996054242344
11.8000816048769,1.12894194946342e-05,1.970375408202e-07,0.999999999999981,-4.52839883207052e-06,-3.95728432829914e-06,9.17327469500304e-05,0.000604036336871245
11.803610466894,5.51736604714123e-06,9.6296203560359e-08,0.999999999999995,-2.85478255515247e-05,-1.90638898246223e-06,0.000581177539924566,0.000309044220957971
11.806418949128,-5.18513974492076e-06,-9.04977607248861e-08,0.999999999999996,-6.65106447970097e-05,1.89823642964118e-06,0.00135469093093215,-0.000275905513103083
11.809227431362,-4.05680936988228e-06,-7.08046806302022e-08,0.999999999999997,7.01200095061127e-06,1.4953989130274e-06,-0.000143436020970647,-0.000221658247241854
11.8128641327767,-6.59994323189186e-06,-1.15190739841228e-07,0.999999999999993,-1.22050325693659e-05,2.39784518747086e-06,0.000248149675088732,-0.000364057805767194
11.8165940057449,3.65441865794954e-06,6.37816378275319e-08,0.999999999999998,4.79835048524714e-05,-1.25107099715122e-06,-0.00097829502927611,0.000170623177533658
11.8194458410794,9.84975347204939e-06,1.71910628597004e-07,0.999999999999985,3.79155799990694e-05,-3.45579312362426e-06,-0.000773088859584611,0.000517748984732843
11.8222976764139,5.48892877825003e-06,9.57998795879327e-08,0.999999999999995,-2.66883392909396e-05,-1.90637023033321e-06,0.000543307278139801,0.000290706098201658
11.8259583482407,4.77675601173102e-06,8.3370119969139e-08,0.999999999999997,-3.39548591268237e-06,-1.65494134994621e-06,6.86838078593864e-05,0.000261587910598255
11.8287099306896,-1.99772279569317e-06,-3.48668403269918e-08,0.999999999999999,-4.29705314995556e-05,7.52877690408807e-07,0.000875067015082851,-0.000107865500307745
11.8314615131386,-1.73093047939893e-06,-3.02104359886352e-08,1,1.69226415153849e-06,6.56576429586303e-07,-3.49985009023929e-05,-9.68438637898052e-05
11.83559364465,-7.90373167898171e-06,-1.3794614099241e-07,0.99999999999999,-2.60726708976501e-05,2.84975102540469e-06,0.000530761082928411,-0.000432901700334337
11.8394797484638,-4.93832972580686e-07,-8.61901132644384e-09,1,3.32793810623121e-05,2.12439212229001e-07,-0.000678651919651378,-5.90554232600132e-05
11.8421590863111,7.50245403625549e-06,1.30942524912196e-07,0.999999999999991,5.20880695869161e-05,-2.63255553482509e-06,-0.00106182755186622,0.000390766639300792
11.8448384241585,3.69888467464978e-06,6.45577162241978e-08,0.999999999999998,-2.47765725976382e-05,-1.28113460371924e-06,0.000504386161100215,0.000193553211672032
11.8484582715691,5.09520268815502e-06,8.89280629647709e-08,0.999999999999996,6.73242376703428e-06,-1.77944636897711e-06,-0.000137660986424519,0.000273706966884612
11.8521358362822,-4.47286241845812e-06,-7.80661761908104e-08,0.999999999999997,-4.54089192670719e-05,1.62161943360622e-06,0.000924814671646375,-0.000228825292393586
11.8558134009953,-4.13256855490985e-05,-7.21269278475546e-07,0.99999999999974,-0.00017489919347918,1.47261570887488e-05,0.00356337377518921,-0.00220524789505731
11.8588280364479,-2.625042544511e-05,-4.58156354066452e-07,0.999999999999895,8.72785212477376e-05,9.3632491663094e-06,-0.00177895735874399,-0.0014236112717758
11.86172924994,-3.24011366939981e-06,-5.65506516699016e-08,0.999999999999998,0.000138426800886363,1.17853517425054e-06,-0.00282113467844089,-0.000191228937982794
11.8655474680792,3.26147659898896e-05,5.6923505129101e-07,0.999999999999838,0.000163894696463298,-1.15747033455386e-05,-0.00334010212479293,0.00171328059763796
11.8687042257802,4.36439206185313e-05,7.61730113272338e-07,0.99999999999971,6.09787257103973e-05,-1.54983553818593e-05,-0.00124293734521355,0.00233762821867252
11.8713236302325,8.99849608637654e-06,1.57053384435094e-07,0.999999999999988,-0.00023084511760548,-3.17825897694149e-06,0.00470339599305015,0.000485732827495112
11.8750368510362,-5.32071734161483e-06,-9.28640361791385e-08,0.999999999999996,-6.73047561192743e-05,1.91265037064168e-06,0.00137102252104832,-0.000262374447362767
11.8777357995562,-8.93969934102647e-06,-1.56027187639279e-07,0.999999999999988,-2.34028737457312e-05,3.1983849019938e-06,0.000476383495949354,-0.000477786266997973
11.8804347480763,-3.73125815000362e-06,-6.51227399594356e-08,0.999999999999998,3.36814307519049e-05,1.34484088097555e-06,-0.000686765237377665,-0.000204640287992057
11.8841291967174,-4.34349449873682e-06,-7.5808280045218e-08,0.999999999999997,-2.89232335420514e-06,1.56092963881689e-06,5.84901236501152e-05,-0.000244051637268538
11.8873523208556,4.14456567512111e-06,7.23363170960049e-08,0.999999999999997,4.59630441746516e-05,-1.45914470847736e-06,-0.000937002181072397,0.00021051748670026
11.8905754449937,9.83080699703499e-06,1.71579950226356e-07,0.999999999999985,3.07911296236802e-05,-3.482736982729e-06,-0.000627835661156423,0.000520928155872
11.8941018767143,1.38656901047464e-05,2.4200194538902e-07,0.999999999999971,1.99697600129064e-05,-4.91912101768554e-06,-0.000407319395001456,0.000749217637662377
11.898126790232,-6.99350246548546e-06,-1.22059644269062e-07,0.999999999999993,-9.04520278666142e-05,2.49784049442256e-06,0.00184276295120525,-0.000313234788886628
11.9004211894621,-5.73835850990744e-06,-1.0015324965772e-07,0.999999999999995,9.54776933491489e-06,2.05020746426726e-06,-0.000195098143461679,-0.000301701314874071
11.9027155886922,-1.54207180051717e-06,-2.69142302211818e-08,1,3.19207827806302e-05,5.56856358790023e-07,-0.0006508680293632,-8.54143821251651e-05
11.9062199856454,-3.68219486747433e-06,-6.42664241374633e-08,0.999999999999998,-1.06586652181952e-05,1.31653146587063e-06,0.000216777698764284,-0.000201976098535811
11.9110610708498,-2.18986513302236e-05,-3.82203567458629e-07,0.999999999999927,-6.56747671022999e-05,7.79284216149776e-06,0.00133778077067197,-0.00121886056483079
11.9131994690763,-2.04141258052318e-06,-3.56293709217633e-08,0.999999999999999,0.000162071868674459,7.30181517020399e-07,-0.00330278081837005,-0.000119888883379434
11.9153378673028,-5.86131517163861e-08,-1.0229924824219e-09,1,1.61833179670166e-05,2.42087364034575e-08,-0.000330140930661343,-8.06181762783916e-06
11.9193534416598,3.83205782797876e-06,6.68820262250518e-08,0.999999999999998,1.69104124767857e-05,-1.36104229475499e-06,-0.000344969587913594,0.000198645437595772
11.9231538540186,1.46683674952296e-05,2.56011308684268e-07,0.999999999999967,4.97654634810572e-05,-5.21628823116773e-06,-0.00101442832312554,0.000784991154143274
11.9269542663775,1.7830466109115e-05,3.11200340769315e-07,0.999999999999952,1.45218536499002e-05,-6.34212705951871e-06,-0.000296241229117643,0.000985974498085189
11.9293328643201,-4.85141045813388e-07,-8.46730858601228e-09,1,-0.00013439330944948,1.70565279868283e-07,0.00273803833037725,-2.28385666637141e-05
11.9317114622627,-7.34998380556852e-07,-1.28281417375433e-08,1,-1.83336287038484e-06,2.58502011010227e-07,3.69699853712702e-05,-4.2058904981189e-05
11.9355397464155,-4.67992865191687e-06,-8.16801637343689e-08,0.999999999999997,-1.79850865947149e-05,1.66004934685791e-06,0.000366103267133892,-0.000254274702073635
11.9405146855378,-5.07707681400826e-05,-8.86117067810962e-07,0.999999999999607,-0.000161697838766971,1.80496353345744e-05,0.0032944294562678,-0.00277614108850391
11.9428928115501,-3.10586075001827e-06,-5.42074961962793e-08,0.999999999999999,0.000349817279368696,1.09750643195957e-06,-0.00712835603118412,-0.000182376186916604
11.9452709375624,7.93531368740476e-07,1.38497351023785e-08,1,2.8618008863692e-05,-2.90064744802911e-07,-0.000583472519787551,3.66019876089225e-05
11.9487505470255,4.38329783052237e-06,7.65029792381397e-08,0.999999999999997,1.80058264587126e-05,-1.5679535608557e-06,-0.000367250643965344,0.000229870299421223
11.9532136863213,3.21384449014446e-05,5.60921680000963e-07,0.999999999999843,0.000108537661196221,-1.14402141670877e-05,-0.00221195440067159,0.00173665572533198
11.9563677622572,2.92823839195307e-06,5.11074012228852e-08,0.999999999999999,-0.000161636653378202,-1.05296210842448e-06,0.00329327900462536,0.000182306149123008
11.9595218381931,-2.25111790294577e-05,-3.92894192569929e-07,0.999999999999923,-0.000140770736918681,7.99313892103723e-06,0.00286806697534594,-0.00119245674020764
11.962298159173,-1.24006763007489e-05,-2.16432630922097e-07,0.999999999999977,6.35594957943131e-05,4.39641223241381e-06,-0.00129550102982245,-0.000668890217442733
11.9652551023633,-4.33848154628348e-06,-7.57207875196614e-08,0.999999999999997,4.75869282383434e-05,1.52816843266385e-06,-0.000970003011604422,-0.000241151873625298
11.9699444560723,2.6467438747159e-05,4.61943950707831e-07,0.999999999999893,0.000114656469014621,-9.42950801735015e-06,-0.00233671357081195,0.00134688884012493
11.9721639545432,7.3735614824363e-06,1.28692925466747e-07,0.999999999999992,-0.000150146994737143,-2.63938825068431e-06,0.00305930364695067,0.000382362074167516
11.9743834530142,1.62433138824125e-06,2.83499308683001e-08,1,-4.52097606330908e-05,-5.9541464146101e-07,0.000920916880975463,8.24469687492725e-05
11.9779121479677,3.77814550801584e-06,6.59410787343101e-08,0.999999999999998,1.0652988813587e-05,-1.36251808712228e-06,-0.000217390127447602,0.000199764394298234
11.9828093849513,2.25827795128212e-05,3.94143856750641e-07,0.999999999999922,6.70179489197636e-05,-8.05148432986226e-06,-0.00136586533694621,0.00125137817220871
11.9848681856773,2.93944069812477e-06,5.13029183493979e-08,0.999999999999999,-0.000166524585926188,-1.06640417405247e-06,0.00339279079689746,0.000160940165270286
11.9869269864033,4.1861819749915e-07,7.30626585512405e-09,1,-2.13700393334374e-05,-1.70573446271531e-07,0.000435122601458645,2.01025945918948e-05
11.9909598545385,-3.29888595571845e-06,-5.75764215750867e-08,0.999999999999998,-1.60884723366374e-05,1.15028947057894e-06,0.000327524449740106,-0.000176495743925325
11.9946217532449,-1.26369065575925e-05,-2.2055562669685e-07,0.999999999999976,-4.45067485993736e-05,4.47011818913609e-06,0.000906586714908894,-0.000680970088096545
11.9982836519513,-1.65159568286389e-05,-2.88257825776986e-07,0.999999999999958,-1.84882773960839e-05,5.84845009589958e-06,0.000376398152236573,-0.000909193381222271
12,-3.61080436812801e-06,-6.30204248692271e-08,0.999999999999998,0.000131230609710035,1.25846545066657e-06,-0.00267427381565416,-0.000200036611016388
12.0033810360732,1.27251250209812e-06,2.22095329344034e-08,1,2.52082367528156e-05,-4.79241017478179e-07,-0.000513956796233752,5.87837997989852e-05
12.0068740711792,1.13765862166861e-05,1.98558887118177e-07,0.99999999999998,5.04859953690265e-05,-4.07364776725634e-06,-0.00102902107786904,0.000601663852187717
12.0103671062852,1.95402760350203e-05,3.4104215355964e-07,0.999999999999942,4.07906769096043e-05,-6.97790105261953e-06,-0.000831441195767168,0.00105240084709335
12.0139372968783,7.18439351075492e-06,1.25391321521588e-07,0.999999999999992,-6.04031707577649e-05,-2.58452955283148e-06,0.00123057057742843,0.000417863985215145
12.0164907100721,-5.24169926556761e-06,-9.14849105835233e-08,0.999999999999996,-8.49358155724055e-05,1.83380179828735e-06,0.00173036285780973,-0.00027594563751224
12.0190441232659,-2.52541129630299e-06,-4.40767420875453e-08,0.999999999999999,1.85665871124521e-05,8.67036439800478e-07,-0.000378616888504567,-0.00013757286493291
12.0226233903129,-4.76522714637801e-06,-8.31689033097099e-08,0.999999999999997,-1.09218341935736e-05,1.66260103362739e-06,0.000222270253483164,-0.000260972486963789
12.0275196516909,-6.80493755467662e-06,-1.18768565721718e-07,0.999999999999993,-7.27078471999999e-06,2.38630008991427e-06,0.000147806458932995,-0.000438981067635871
12.0296776140489,1.34943818791267e-06,2.3552139431222e-08,1,6.595143081274e-05,-5.13954329332808e-07,-0.00134397822484626,5.85189929741422e-05
12.0318355764069,5.98260775553444e-07,1.04416203189424e-08,1,-6.07541603467629e-06,-2.4732692293481e-07,0.000123555170183715,2.74480550512887e-05
12.0353860456369,3.51283754164457e-06,6.13105811893611e-08,0.999999999999998,1.43273909942364e-05,-1.28478976442718e-06,-0.000292204431105186,0.000184190742503053
12.0401648094489,3.89708259620703e-05,6.8016922525976e-07,0.999999999999769,0.000129501826919951,-1.38961243512781e-05,-0.00263903701522837,0.00210828369169767
12.0431261133915,2.80542555777304e-06,4.89639129027379e-08,0.999999999999999,-0.00021315114037213,-1.03505273061634e-06,0.00434304342609985,0.000171335137505941
12.0460874173341,-1.19480363947465e-05,-2.08532574236437e-07,0.999999999999978,-8.69537514989797e-05,4.21103063933029e-06,0.00177154505974565,-0.000633000582353665
12.049004495781,-9.32164262376077e-06,-1.62693355478868e-07,0.999999999999987,1.57140850313867e-05,3.27619891943421e-06,-0.000320468488221311,-0.00050309522133619
12.0522851702563,-5.86934823347772e-06,-1.02439451620299e-07,0.999999999999995,1.8366315924425e-05,2.04758496473302e-06,-0.00037450041567705,-0.000325153695917385
12.0556991591806,5.5833177900492e-06,9.74472786215319e-08,0.999999999999995,5.85493200681738e-05,-2.02628168256526e-06,-0.00119328642756401,0.000283611532729875
12.059113148105,2.28719688506434e-05,3.99191162857301e-07,0.99999999999992,8.83845527682628e-05,-8.17557286738952e-06,-0.00180120419868337,0.00121730719074455
12.0622661886902,1.73366875765882e-05,3.02582279601057e-07,0.999999999999954,-3.06399111095278e-05,-6.20766812665203e-06,0.000624129213545324,0.00093684109539958
12.0656285956359,6.30842550580769e-07,1.10102795693133e-08,1,-8.67152622342749e-05,-2.67131522583324e-07,0.00176675122912363,5.52127304576981e-05
12.0684186501142,-8.52528185256643e-06,-1.48794237987805e-07,0.999999999999989,-5.7276486463814e-05,2.98840351909487e-06,0.00116683565394517,-0.000452655440974139
12.0712087045924,-4.96159631179352e-06,-8.65961917956041e-08,0.999999999999996,2.22927712261324e-05,1.72034316799604e-06,-0.00045449304340881,-0.000268911166632523
12.0747638600484,-5.29874285056084e-06,-9.24805089587964e-08,0.999999999999996,-1.65515045292935e-06,1.83940908000853e-06,3.34910564353409e-05,-0.00029357008704915
12.0781848883768,4.95283549669122e-06,8.64432867269105e-08,0.999999999999996,5.23011733637004e-05,-1.80723441269909e-06,-0.00106594951653458,0.000251148819381025
12.0816059167052,2.09217668413388e-05,3.65153716715928e-07,0.999999999999933,8.14697813740375e-05,-7.48711919098131e-06,-0.00166028580679452,0.00111327716390499
12.0848212533074,1.79802756396736e-05,3.13815010328429e-07,0.999999999999951,-1.59668217481485e-05,-6.44161630356838e-06,0.00032516125580758,0.000971881023277594
12.0882254227403,6.00198367000648e-07,1.04754376692546e-08,1,-8.91082475878847e-05,-2.61224004909868e-07,0.00181553604203791,5.6692554830155e-05
12.0909563472205,-8.23194288186557e-06,-1.43674507124664e-07,0.99999999999999,-5.64460664912256e-05,2.87914214557357e-06,0.00114992786260131,-0.000436691425066397
12.0936872717008,-4.32683315050446e-06,-7.55174846607421e-08,0.999999999999997,2.49574907534725e-05,1.48972605874916e-06,-0.000508771332521181,-0.00023453135691561
12.0972511488175,-5.0539169403078e-06,-8.82074907306887e-08,0.999999999999996,-3.56073053427816e-06,1.74754067706248e-06,7.23410515764509e-05,-0.000279315512612978
12.1008112300027,4.93277115820572e-06,8.60930979581039e-08,0.999999999999996,4.89597230004433e-05,-1.80487494131403e-06,-0.000997846799982411,0.000248352579990981
12.104371311188,3.04540885720248e-05,5.31524116275785e-07,0.999999999999859,0.000125118219259592,-1.08819286526029e-05,-0.00254967604359802,0.00162075655464429
12.1074776067999,2.2094865977865e-05,3.8562815910061e-07,0.999999999999926,-4.69678277287959e-05,-7.90956201805494e-06,0.00095688466453276,0.00119359249575287
12.1106042751027,2.19245799605109e-06,3.82656107427684e-08,0.999999999999999,-0.000111096705732928,-8.32065468472293e-07,0.00226359046250653,0.000133650888002034
12.1142881808081,-4.00355459314386e-05,-6.98752094336967e-07,0.999999999999756,-0.000200064215539539,1.41852046705997e-05,0.00407645345452525,-0.00211823111666463
12.1172360076519,-3.10035415400371e-05,-5.41113879652454e-07,0.999999999999854,5.34760767981703e-05,1.09723312427548e-05,-0.00108991253493994,-0.00166806094127987
12.1198650010946,-5.94731507687166e-06,-1.0380022974491e-07,0.999999999999995,0.000166342617219297,2.06086492099105e-06,-0.00338968754242431,-0.000327318447589536
12.1241914254739,1.57811534111689e-05,2.75433086787229e-07,0.999999999999962,8.76551358073801e-05,-5.66766651658959e-06,-0.00178635537338218,0.000791445762530736
12.1265478338822,7.48026799599891e-06,1.30555305461739e-07,0.999999999999991,-6.14824581419605e-05,-2.71573198902929e-06,0.0012527261900897,0.000391075252907173
12.1289042422904,1.9496294246591e-06,3.40274526540641e-08,0.999999999999999,-4.09639740164691e-05,-7.4920831054624e-07,0.000834542803191267,0.00010134936219809
12.1325421017193,4.03837978644778e-06,7.04830237194992e-08,0.999999999999998,1.00211599095134e-05,-1.49267735884957e-06,-0.00020436992215671,0.000216005770249872
12.1377095092211,9.18994395549154e-06,1.60394780097078e-07,0.999999999999987,1.73997805180426e-05,-3.32522573136011e-06,-0.000354635931440115,0.000572713034699928
12.1397913546974,1.39777440888038e-07,2.439576563508e-09,1,-7.58726837931879e-05,-1.07377933290035e-07,0.00154567081688884,1.74536229028384e-05
12.1418732001738,-1.30076989942228e-07,-2.27027175557542e-09,1,-2.26234289364038e-06,-1.18170642059659e-08,4.59019990530217e-05,-7.50914526203371e-06
12.1453651301832,-3.11810985912746e-06,-5.44212834806707e-08,0.999999999999999,-1.49347242310045e-05,1.05025914412419e-06,0.000304151631177061,-0.000167813487004668
12.1500599474774,-3.927422046696e-05,-6.85464458302543e-07,0.999999999999765,-0.000134412722641889,1.39079167904441e-05,0.00273869180429193,-0.00212115082489248
12.1543125643468,-5.8591664224214e-05,-1.02261745493533e-06,0.999999999999477,-7.92813006647282e-05,2.07761677907155e-05,0.00161506460874264,-0.00335579520731406
12.1561446912342,-1.46251993034436e-05,-2.5525788160547e-07,0.999999999999967,0.000418835386679779,5.1406887805395e-06,-0.00853405903145504,-0.000819877858091097
12.1579768181216,-3.15627471107723e-06,-5.50873858057303e-08,0.999999999999998,0.000109255803829153,1.06176450475448e-06,-0.00222633285054645,-0.00017668789500512
12.160949047205,1.71290860487502e-06,2.98958949408117e-08,1,2.85924396675995e-05,-6.70356403354812e-07,-0.000582768306036689,8.61937269818793e-05
12.1649993020372,1.86334208066384e-05,3.25214543985453e-07,0.999999999999947,7.29135971148617e-05,-6.68856497765319e-06,-0.00148588393167564,0.000992873820581485
12.1689808291145,5.69262537667095e-05,9.93550559054741e-07,0.999999999999506,0.000167859216349817,-2.03073211646361e-05,-0.00342048563845332,0.00309135322277117
12.1716793378166,2.01155885911012e-06,3.51083251891324e-08,0.999999999999999,-0.000355174779724599,-7.78040459100929e-07,0.00723706419404271,0.000127665991764583
12.1743778465188,-5.73508130094607e-06,-1.00096051571068e-07,0.999999999999995,-5.0103368817459e-05,1.97648276812013e-06,0.00102075758549215,-0.00030373443931987
12.1773847804383,-5.92261376539352e-06,-1.03369110530056e-07,0.999999999999995,-1.08850378708872e-06,2.04271270412141e-06,2.20257371038443e-05,-0.000319663823449081
12.1810685214099,-8.30420516748479e-06,-1.44935721933736e-07,0.999999999999989,-1.12838040796377e-05,2.8891244146927e-06,0.000229769605706945,-0.000457177723939942
12.1842997076648,4.48129827434671e-06,7.82134096512902e-08,0.999999999999997,6.90610549769358e-05,-1.65835603837129e-06,-0.00140737181159913,0.000225882955330208
12.1875308939196,1.47719327204055e-05,2.57818862854156e-07,0.999999999999967,5.55849892387976e-05,-5.31850347020221e-06,-0.00113275656157797,0.000785018023425762
12.1907529598802,1.36503343839231e-05,2.38243278997648e-07,0.999999999999972,-6.07547582697772e-06,-4.91998718010777e-06,0.000123683467367982,0.000736804276192677
12.1943222275128,2.20375294801642e-06,3.8462744843418e-08,0.999999999999999,-5.59724163945458e-05,-8.4950361645641e-07,0.00114042542691351,0.000142861615877569
12.197023070964,-7.09131972522055e-06,-1.23766877516718e-07,0.999999999999992,-6.0066281251444e-05,2.45572425801624e-06,0.00122377617737074,-0.000375061903272448
12.1997239144153,-3.75070312958654e-06,-6.54621188761406e-08,0.999999999999998,2.15876113119958e-05,1.26728814347281e-06,-0.000440024065069142,-0.000202791751727426
12.2033236177053,-5.19896257146688e-06,-9.07390145600479e-08,0.999999999999996,-7.02193865643805e-06,1.78186199462169e-06,0.00014294896264793,-0.000285725584148522
12.2070390048951,4.46888651104608e-06,7.79967835157161e-08,0.999999999999997,4.54154007259469e-05,-1.6569231531678e-06,-0.000925552297012698,0.000220797142984924
12.2100009716855,1.08822883135871e-05,1.89931761223395e-07,0.999999999999982,3.77907605418658e-05,-3.93807117509601e-06,-0.000770146386970919,0.0005765255380412
12.2129629384758,6.8228642866929e-06,1.19081446219525e-07,0.999999999999993,-2.39200234230567e-05,-2.49469792074583e-06,0.000487302308400237,0.000366115375518271
12.2166491478951,4.11237766883357e-06,7.17745304066348e-08,0.999999999999997,-1.2833485684509e-05,-1.53110949478979e-06,0.000261403603633269,0.00023316160330539
12.2195308862662,-5.25741694944023e-06,-9.17592359178881e-08,0.999999999999996,-5.67483044150677e-05,1.8007728422945e-06,0.00115620570228188,-0.000277479600047952
12.2224126246372,-4.5731522072114e-06,-7.98165632106848e-08,0.999999999999997,4.14425987702743e-06,1.5570619736697e-06,-8.45707823700166e-05,-0.000246668945980975
12.2260895792221,-7.30636837721126e-06,-1.27520184545931e-07,0.999999999999992,-1.29736770564246e-05,2.5286484494551e-06,0.000264236735417736,-0.000400523684262825
12.229608786031,4.197313269133e-06,7.32569362840177e-08,0.999999999999997,5.70518107442354e-05,-1.5629431556712e-06,-0.00116264596749585,0.000206565957936421
12.2331279928399,3.27490502895598e-05,5.71578754453989e-07,0.999999999999837,0.000141600606395973,-1.17174011314543e-05,-0.00288543939792491,0.00174089327606892
12.2361288014749,2.10805154238584e-05,3.67924402163769e-07,0.999999999999932,-6.78664910223209e-05,-7.5678171487799e-06,0.00138282192813233,0.00113680659246603
12.2391301561794,3.51383991650458e-06,6.13280759310075e-08,0.999999999999998,-0.000102152646527738,-1.32071666929719e-06,0.00208142692035836,0.000199163141399932
12.2422640190809,-8.26555560852959e-06,-1.44261159875524e-07,0.99999999999999,-6.5602498344631e-05,2.86815196853787e-06,0.00133664706131818,-0.000436132749984937
12.2453978819824,-1.13430069885031e-05,-1.97972819026105e-07,0.99999999999998,-1.713912217578e-05,3.9622513910462e-06,0.000349121661318437,-0.000609916413277046
12.2487799703185,-9.29679100447916e-06,-1.62259612897951e-07,0.999999999999987,1.05595131111739e-05,3.23414757895184e-06,-0.000215282316645468,-0.000510996551132074
12.252041335332,5.12632006946756e-06,8.94711637232732e-08,0.999999999999996,7.71857107610773e-05,-1.89560033683033e-06,-0.00157288371417759,0.000258682949748022
12.2553027003455,1.83130393352435e-05,3.19622832447228e-07,0.999999999999949,7.05691229802887e-05,-6.5855679330178e-06,-0.00143803823758445,0.000973978470774969
12.2584195245,1.38745079328745e-05,2.4215584552273e-07,0.999999999999971,-2.48544618124264e-05,-5.00727077005791e-06,0.000506379919018647,0.000749005295475464
12.2618505257222,2.28532438604031e-06,3.98864350125214e-08,0.999999999999999,-5.89534650126589e-05,-8.8594269088916e-07,0.00120120274295603,0.000141662049669581
12.2646818338171,-7.65066662131829e-06,-1.33529322514434e-07,0.999999999999991,-6.12493419006027e-05,2.64735316689687e-06,0.00124793761025944,-0.000404720906834128
12.2675131419119,-5.15994504520112e-06,-9.00580302607271e-08,0.999999999999996,1.5353783762669e-05,1.76127069751717e-06,-0.000312958688951502,-0.000278318876390373
12.2710780326839,-5.91399896752175e-06,-1.032187539428e-07,0.999999999999995,-3.6917607084734e-06,2.02909933660082e-06,7.51295498833253e-05,-0.00032566473838932
12.2745246880853,4.89743839415923e-06,8.54764248916622e-08,0.999999999999996,5.47473294722098e-05,-1.81618612101354e-06,-0.00111565706746219,0.000247867515768844
12.2779713434866,2.39395903978978e-05,4.17824674022123e-07,0.999999999999913,9.64263062100822e-05,-8.58855989377897e-06,-0.00196491177218581,0.00127451664460459
12.2811176896873,1.86712602700052e-05,3.2587496720839e-07,0.999999999999947,-2.92242814194603e-05,-6.71509364992832e-06,0.000595441863137831,0.00100938953711838
12.2843980554685,1.79660672219901e-06,3.13567026658359e-08,1,-8.9782141441115e-05,-7.14007252202473e-07,0.0018293954997929,0.00011627204727349
12.2872485028749,-8.48228178144899e-06,-1.48043745168214e-07,0.999999999999989,-6.29376453081247e-05,2.94126742589403e-06,0.00128235120910408,-0.000448867343738668
12.2900989502813,-5.77772301798894e-06,-1.0084028993217e-07,0.999999999999995,1.65600162030377e-05,1.97916647732179e-06,-0.000337526293735131,-0.00031150874500071
12.2936200220532,-5.82596443404241e-06,-1.01682261478128e-07,0.999999999999995,-2.39123653392595e-07,1.99602585359623e-06,4.78813763721377e-06,-0.000321258749558563
12.2970102163398,4.99438160298651e-06,8.71684030731468e-08,0.999999999999996,5.57049680896673e-05,-1.85237479941241e-06,-0.00113515637385483,0.000254183983259231
12.3,8.98454402635359e-06,1.56809875050258e-07,0.999999999999988,2.32931475625876e-05,-3.27158926141607e-06,-0.000474688012012074,0.000477188198156668
12.3032709800642,9.08634475405031e-06,1.58586632929492e-07,0.999999999999987,5.43188232380227e-07,-3.30797409785635e-06,-1.11235274217334e-05,0.00049035801860206
12.3072084266866,2.16626016852619e-06,3.78083723955892e-08,0.999999999999999,-3.0674259772282e-05,-8.47027030087354e-07,0.000625010902697941,0.000148253719318923
12.3097596623938,-5.80425752473066e-06,-1.01303404440206e-07,0.999999999999995,-5.4527214574785e-05,1.98728548031664e-06,0.0011109567424275,-0.000305629824337053
12.3123108981009,-2.43606666831519e-06,-4.25173841601887e-08,0.999999999999999,2.30421752544345e-05,7.89229403456555e-07,-0.000469598349338065,-0.000131478862533534
12.3159731361788,-4.72340335397782e-06,-8.24389404266561e-08,0.999999999999997,-1.09008631928904e-05,1.60244767998553e-06,0.000222055000041332,-0.000257755157680902
12.3210994163821,3.53607500188947e-06,6.1716151380436e-08,0.999999999999998,2.81207983352062e-05,-1.33579222398145e-06,-0.0005731719272912,8.62626536178136e-05
12.3231318305814,1.12148693865927e-06,1.9573639597716e-08,1,-2.0735198463974e-05,-4.7671277639677e-07,0.000422689158487546,4.34359845719196e-05
12.3251642447806,2.76046018935996e-07,4.81791191745575e-09,1,-7.26019710234754e-06,-1.76086223425511e-07,0.00014791598734168,1.10523945530459e-05
12.3285113557008,3.01842450130055e-06,5.26814457705624e-08,0.999999999999999,1.42999544965623e-05,-1.15156514275014e-06,-0.000291439077639115,0.000158759441024868
12.3330429557843,2.95456632379704e-05,5.1566910318801e-07,0.999999999999867,0.00010216869292963,-1.05858561657093e-05,-0.00208188958623655,0.00159262979945299
12.3373782154116,4.89962960312104e-05,8.55146687026348e-07,0.999999999999634,7.83061714926422e-05,-1.75025377561355e-05,-0.00159544806657309,0.00280618616104227
12.3392528913785,1.12226862406364e-05,1.95872825817368e-07,0.999999999999981,-0.000351673501373891,-4.06971897623491e-06,0.00716540832513063,0.000628265488864436
12.3411275673453,2.33553170510333e-06,4.07627180387703e-08,0.999999999999999,-8.27396896957849e-05,-9.09327249953174e-07,0.00168583359585387,0.000128089609492569
12.3441926074069,-1.87501081999789e-06,-3.27251123194819e-08,0.999999999999999,-2.39761402404282e-05,5.87949470043459e-07,0.000488501517086038,-9.87360232365297e-05
12.3483615069663,-2.21062269255612e-05,-3.85826445044057e-07,0.999999999999926,-8.46989301836301e-05,7.78275574485427e-06,0.00172582864429533,-0.00118335108391357
12.3523517283503,-6.32294023397165e-05,-1.10356125489604e-06,0.999999999999391,-0.000179873430763182,2.24072523236316e-05,0.00366508400693402,-0.00344488187364728
12.354890886379,-2.63335573898488e-06,-4.59607280215745e-08,0.999999999999999,0.000416516228969202,8.57038857825553e-07,-0.00848714937083464,-0.000161335293841016
12.3574300444078,2.87225977956555e-06,5.01303901260254e-08,0.999999999999999,3.78436934846712e-05,-1.10099773452234e-06,-0.000771136168056283,0.000148554705580787
12.3605709160743,4.83241032065497e-06,8.4341470902784e-08,0.999999999999996,1.08922249646747e-05,-1.79821352986385e-06,-0.000221981624647869,0.000257151365508621
12.3645520127499,1.3148254454085e-05,2.2948033111379e-07,0.999999999999974,3.64570046994018e-05,-4.75573947058945e-06,-0.000742892268568733,0.000715324071012503
12.3677494203778,-3.05494913806799e-06,-5.33189209402493e-08,0.999999999999999,-8.8446418148444e-05,1.0066452184851e-06,0.00180220521108269,-0.000149336134500744
12.3709468280058,-1.6165669907963e-05,-2.82144165684518e-07,0.99999999999996,-7.15658656540736e-05,5.6691608177149e-06,0.00145821745042776,-0.000860386387416108
12.3740356958134,-1.32147507370829e-05,-2.30640910192442e-07,0.999999999999973,1.66738296035496e-05,4.61952264459748e-06,-0.000339813238536598,-0.000714399580368357
12.3773993119654,-4.50001950976136e-06,-7.85401568493168e-08,0.999999999999997,4.52194146027299e-05,1.52005005113805e-06,-0.000921470362064936,-0.000258482535201287
12.3803112483807,6.21192225926559e-06,1.08418496302109e-07,0.999999999999994,6.42042361125185e-05,-2.28957886259277e-06,-0.001308280254245,0.000324430808070566
12.383223184796,5.73827416729495e-06,1.00151777601433e-07,0.999999999999995,-2.83890769636712e-06,-2.12118630917391e-06,5.78283758309812e-05,0.00030589512695085
12.3867872570814,7.37938602443671e-06,1.28794582902075e-07,0.999999999999992,8.03653882599188e-06,-2.70489636344312e-06,-0.000163776154780174,0.00040143360928698
12.3903120825284,-4.45147683025008e-06,-7.76929272641046e-08,0.999999999999997,-5.85809179124376e-05,1.50256705189343e-06,0.00119366575128467,-0.000222963832943544
12.3938369079754,-3.39914214823289e-05,-5.93262222299737e-07,0.999999999999824,-0.000146268035903726,1.20079934729498e-05,0.00298041040018241,-0.00181046551793696
12.3968222910128,-2.09859395822644e-05,-3.6627374233511e-07,0.999999999999933,7.60332852192301e-05,7.38254303152176e-06,-0.00154936582127548,-0.00113496870325959
12.3998134100881,-3.31288917230682e-06,-5.78208238104237e-08,0.999999999999998,0.000103122915122776,1.09722740841111e-06,-0.00210132577970731,-0.00019121973925524
12.4029622954892,8.48901735023425e-06,1.48161303020512e-07,0.999999999999989,6.5414297628436e-05,-3.10004297462401e-06,-0.00133293843639274,0.000445036615552845
12.4061111808904,1.18756864157026e-05,2.07269828888372e-07,0.999999999999979,1.87712534237106e-05,-4.30449628111584e-06,-0.000382501473708334,0.000635562396504829
12.4094854912473,9.48575079487636e-06,1.65557583394261e-07,0.999999999999986,-1.23617098257113e-05,-3.45455523907169e-06,0.000251885852853344,0.000518512355917904
12.4127232348402,-5.0795597846957e-06,-8.86550427948342e-08,0.999999999999996,-7.85153669205111e-05,1.72538146035088e-06,0.00159986007255854,-0.00025943364745
12.4159609784331,-1.71165280439353e-05,-2.98739770876611e-07,0.999999999999955,-6.48861535991023e-05,6.00608325249181e-06,0.00132212501371677,-0.000913202181575648
12.4190942176651,-1.33182148813176e-05,-2.32446700167096e-07,0.999999999999973,2.11579984162292e-05,4.65513146582247e-06,-0.000431167774502386,-0.0007219311979317
12.4225724172003,-2.12274068024632e-06,-3.70488140363224e-08,0.999999999999999,5.61778828827961e-05,6.7344531261487e-07,-0.00114475495523652,-0.000137009187426994
12.4253717680965,7.56981358914017e-06,1.32118170892705e-07,0.999999999999991,6.04307895660325e-05,-2.77356317752075e-06,-0.00123135991805438,0.000397614185696365
12.4281711189927,4.80355339884419e-06,8.38378226051954e-08,0.999999999999996,-1.72469797742232e-05,-1.78977716396713e-06,0.000351433618019541,0.000256324840345222
12.4317505824137,5.76371755188707e-06,1.00595848435416e-07,0.999999999999995,4.68171450832048e-06,-2.13126165951198e-06,-9.54010295339037e-05,0.000314358825792834
12.4352456451349,-4.80039048028835e-06,-8.37826192624236e-08,0.999999999999996,-5.27539796582001e-05,1.62573835017123e-06,0.00107494494645378,-0.000244941453160879
12.4387407078561,-2.69054373902715e-05,-4.69588469149411e-07,0.99999999999989,-0.000110385958897911,9.48707958417936e-06,0.00224927043121258,-0.00143506887084663
12.4418579963158,-2.00452952809524e-05,-3.49856402187094e-07,0.999999999999939,3.84090431508681e-05,7.04721239169761e-06,-0.000782688937525029,-0.0010861794679009
12.4450527908956,-2.11539421941917e-06,-3.69205941065199e-08,0.999999999999999,9.79517775778153e-05,6.70568730691864e-07,-0.0019959479402721,-0.000133872925320135
12.4479666873237,8.76500590342886e-06,1.52978211971573e-07,0.999999999999988,6.5170060350042e-05,-3.19888124504525e-06,-0.00132792982561751,0.000461092798518953
12.4508805837519,6.86689556256884e-06,1.19849936957414e-07,0.999999999999993,-1.13690640112697e-05,-2.52381642486368e-06,0.00023167083553612,0.000367369977470304
12.4543671917241,6.36061373142348e-06,1.11013652060902e-07,0.999999999999994,-2.53434999492462e-06,-2.34374052955251e-06,5.16478757433467e-05,0.000348171111013538
12.4576907514529,-4.97047379544137e-06,-8.67511331145509e-08,0.999999999999996,-5.95039058452064e-05,1.68603443237451e-06,0.00121248760085948,-0.000255830126643436
12.4610143111817,-1.73787850095364e-05,-3.03317018412639e-07,0.999999999999954,-6.51608224215894e-05,6.09885809992308e-06,0.00132774014237344,-0.000927972682780334
12.4642442291991,-1.5362654771729e-05,-2.68128907613887e-07,0.999999999999964,1.0894428468248e-05,5.38175882500939e-06,-0.000222017794585786,-0.000833731537737014
12.4677709168327,-3.49947125954632e-07,-6.10772955579963e-09,1,7.42966787191352e-05,4.25429363728375e-08,-0.00151394635513846,-4.9009344364355e-05
12.4704496618678,7.80805403986105e-06,1.3627625116922e-07,0.999999999999991,5.31532411105539e-05,-2.85863799686361e-06,-0.00108303735339071,0.000410456506185761
12.473128406903,3.78415954695196e-06,6.60460435150887e-08,0.999999999999998,-2.62175782814615e-05,-1.42754751032917e-06,0.000534239155939113,0.000201680081146115
12.47672049351,4.95465186570129e-06,8.64749883465673e-08,0.999999999999996,5.68720831823897e-06,-1.843787583173e-06,-0.000115876959098455,0.000269676606037455
12.4804023792968,-4.63054037048216e-06,-8.08181756114316e-08,0.999999999999997,-4.5436815166726e-05,1.56514163446176e-06,0.000925865009146517,-0.000233810795101436
12.4840842650835,-4.17488103810404e-05,-7.28654199939879e-07,0.999999999999735,-0.000175952232591831,1.47658393728883e-05,0.00358530886153417,-0.0022245460913167
12.4870989173649,-2.64055081958487e-05,-4.6086305867989e-07,0.999999999999894,8.88298603847519e-05,9.30903397611641e-06,-0.00181009446115812,-0.00142865985201614
12.4900006325808,-3.2412253350048e-06,-5.657005389489e-08,0.999999999999998,0.000139328974312318,1.07092829348966e-06,-0.00283904693242767,-0.000187954570786912
12.4937966448621,3.17754114284875e-05,5.54585550602913e-07,0.999999999999846,0.000160999374924905,-1.13824089395936e-05,-0.00328063670773809,0.00167276075016195
12.4969505299804,4.2037214610374e-05,7.33687803318425e-07,0.999999999999731,5.67878175641703e-05,-1.50317040348993e-05,-0.00115707927157775,0.00225500235302455
12.499587474517,8.7836687464895e-06,1.53303940030764e-07,0.999999999999988,-0.000220097106797921,-3.20540793269367e-06,0.00448484825454318,0.000477749317241872
12.5033435997947,-6.42283443917514e-06,-1.12099608274089e-07,0.999999999999994,-7.06588648362988e-05,2.20276229087445e-06,0.00143982690238888,-0.000316072629618507
12.5060059571363,-8.95092966551298e-06,-1.56223193777636e-07,0.999999999999988,-1.65731266850063e-05,3.1017471342221e-06,0.000337664981815758,-0.000475014709710655
12.5086683144779,-3.51178750091252e-06,-6.12922545213068e-08,0.999999999999998,3.56567233751964e-05,1.1673723532372e-06,-0.000726564669114826,-0.000189419293715426
12.5123697375799,-4.31377048560531e-06,-7.52894981491673e-08,0.999999999999997,-3.78158433721008e-06,1.45259573263788e-06,7.70577617153743e-05,-0.000238574204384096
12.5156744619227,4.29366636777435e-06,7.49386150998082e-08,0.999999999999997,4.54585912981065e-05,-1.6085115902645e-06,-0.000926282196467705,0.000221035329920608
12.5189791862654,1.25126165203864e-05,2.18386356320177e-07,0.999999999999976,4.3406870390272e-05,-4.5314138992633e-06,-0.000884461760155763,0.000667311194040334
12.5224252783245,1.54843603390989e-05,2.70253070482498e-07,0.999999999999963,1.50508788718468e-05,-5.58815873210745e-06,-0.000306650203978821,0.000840154519771782
12.5262511763766,-4.62162876886274e-06,-8.06626388215467e-08,0.999999999999997,-9.17211343638083e-05,1.56259442472108e-06,0.00186903912737523,-0.000195898310851363
12.5286530084173,-6.6638365268243e-06,-1.16305888207747e-07,0.999999999999993,-1.48400257729355e-05,2.28867730111854e-06,0.000302303768163094,-0.000349433649922952
12.531054840458,-2.06929127805521e-06,-3.61159459848649e-08,0.999999999999999,3.33869899577254e-05,6.5467613000339e-07,-0.000680314503024617,-0.000110788821241103
12.5346132041833,-4.03311023930733e-06,-7.03910527718092e-08,0.999999999999998,-9.63226624172158e-06,1.35313194916012e-06,0.000196285673156823,-0.000218658650463609
12.5396007548322,-1.20049425707514e-05,-2.09525774372442e-07,0.999999999999978,-2.78964027423788e-05,4.1879717199172e-06,0.000568383154437501,-0.000708059748071465
12.5417699529153,4.775823642285e-07,8.33538470524611e-09,1,0.000100433962566453,-2.50958855591248e-07,-0.00204634634802764,1.50239789626288e-05
12.5439391509984,4.29548420579426e-07,7.49703423585235e-09,1,-3.86479444142844e-07,-2.33788019752954e-07,7.91575281761387e-06,2.08221839940278e-05
12.5475646623994,3.56573252173558e-06,6.2233772749726e-08,0.999999999999998,1.50976600156825e-05,-1.34906251437826e-06,-0.000307618531925266,0.000189129700588385
12.5524110068126,4.58267848724012e-05,7.99828281626445e-07,0.99999999999968,0.000152196056653268,-1.63784866497991e-05,-0.00310118779309209,0.00247956388939979
12.5553841232376,4.60553436428356e-06,8.0381738470492e-08,0.999999999999997,-0.000241983979200341,-1.7185280657241e-06,0.00493083905515031,0.000274064895041194
12.5583572396627,-1.38379086182812e-05,-2.41517066979104e-07,0.999999999999971,-0.00010826982850015,4.84065864671855e-06,0.00220616544216355,-0.00072950150097221
12.561190479451,-9.43795818148175e-06,-1.64723444932392e-07,0.999999999999986,2.71045261904809e-05,3.27586109633474e-06,-0.000552299723034009,-0.000506576127890871
12.5643535966564,-5.259034260219e-06,-9.17874633160056e-08,0.999999999999996,2.30582608481573e-05,1.78971834711178e-06,-0.00046983486627239,-0.000288342516284103
12.5680364833358,5.83930529353201e-06,1.01915103401267e-07,0.999999999999995,5.25953100321606e-05,-2.1572506335983e-06,-0.00107170524761692,0.000295387589707215
12.5717193700153,4.7191397092001e-05,8.23645257871401e-07,0.999999999999661,0.000195968602157587,-1.68635464904159e-05,-0.00399314373124941,0.00251432212919553
12.5746698782565,2.55374602954355e-05,4.45712764752658e-07,0.999999999999901,-0.000128090641414314,-9.16234277879032e-06,0.00261012784305444,0.00138063804602756
12.5775429516234,2.87629935678759e-06,5.02008940489385e-08,0.999999999999999,-0.000137661597944394,-1.10308116123231e-06,0.00280510122376582,0.000165762379667022
12.581313053074,-2.81507146624162e-05,-4.91322657648587e-07,0.999999999999879,-0.000143636334139929,9.93150382998612e-06,0.00292686685911556,-0.00148379833957749
12.5845227766338,-4.12102660295189e-05,-7.19254827837814e-07,0.999999999999741,-7.10130221326857e-05,1.45759175935481e-05,0.00144698248216262,-0.00221268428223897
12.5872235173762,-9.2548301768032e-06,-1.61527258298144e-07,0.999999999999987,0.00020650911092253,3.21137329367577e-06,-0.00420793603827606,-0.000505928767473095
12.5910467061479,1.05177923641201e-05,1.83570106795013e-07,0.999999999999983,9.02642756329074e-05,-3.82057089672494e-06,-0.00183928772816392,0.000526984517497046
12.5936084069703,9.0615244070108e-06,1.58153436152165e-07,0.999999999999987,-9.92179509061548e-06,-3.30242147438042e-06,0.000202267734710944,0.000479192066899405
12.5961701077927,2.96466109449312e-06,5.17430973046837e-08,0.999999999999999,-4.15389408157887e-05,-1.13402937559331e-06,0.000846465785491422,0.000158339165545381
12.5998638976289,4.13551844726616e-06,7.21784131817579e-08,0.999999999999997,5.53234395640276e-06,-1.55028788103828e-06,-0.000112691442635505,0.000226101233928782
12.6034246094337,-4.61612288478009e-06,-8.05665430160712e-08,0.999999999999997,-4.28973094627151e-05,1.56228322484434e-06,0.000874142945714167,-0.000236736291547462
12.6069853212385,-2.61682668683199e-05,-4.56722416392711e-07,0.999999999999896,-0.000105640639849066,9.22715207111698e-06,0.00215262264021229,-0.00139634007753775
12.6101955355242,-2.23520310164172e-05,-3.90116535744365e-07,0.999999999999924,2.07481104755324e-05,7.86994691485073e-06,-0.000422777121870707,-0.00121205288228532
12.613444633079,-9.80891011339751e-07,-1.71197777510957e-08,1,0.000114800110401012,2.69589074897259e-07,-0.00233922118735836,-7.8263037927508e-05
12.616238229292,8.86818800920333e-06,1.54779079446479e-07,0.999999999999988,6.1533179489512e-05,-3.23293080556529e-06,-0.00125376740708854,0.000467246174394576
12.619031825505,5.29024518712502e-06,9.2332196753115e-08,0.999999999999996,-2.23535822400191e-05,-1.96033551749816e-06,0.000455540167949684,0.000283130818986705
12.6225506660919,5.37550157341875e-06,9.38202014022927e-08,0.999999999999996,4.22867877201537e-07,-1.9904944472203e-06,-8.57070076852097e-06,0.000294204478368946
12.6260055899338,-4.99340646693592e-06,-8.7151383738409e-08,0.999999999999996,-5.23807740556334e-05,1.69724663336377e-06,0.0010673870827156,-0.000256005814148885
12.6294605137756,-2.32676724845178e-05,-4.06097494130513e-07,0.999999999999918,-9.23163939321379e-05,8.19637739580807e-06,0.00188112128078523,-0.00124149175405758
12.6326387320599,-1.87745885656885e-05,-3.27678386178539e-07,0.999999999999946,2.46739213413985e-05,6.59848725759431e-06,-0.000502762867522359,-0.00101792390690985
12.635964751416,-9.85811179749586e-07,-1.72056508895999e-08,1,9.33466411485808e-05,2.72163510563335e-07,-0.00190207063449308,-7.77181046286713e-05
12.6387573939791,8.56884943441329e-06,1.49554635738165e-07,0.999999999999989,5.97141534808667e-05,-3.12564162974738e-06,-0.00121669890205627,0.000451481334415623
12.6415500365421,5.10945243609953e-06,8.91767679839818e-08,0.999999999999996,-2.16203350019938e-05,-1.89519621422e-06,0.000440602543198058,0.000273476090465963
12.6450915022567,5.41735393102373e-06,9.45506628422217e-08,0.999999999999996,1.51742111636947e-06,-2.0045215127482e-06,-3.08700711339214e-05,0.000296533717099796
12.6485391613241,-4.93786333119553e-06,-8.61819731428571e-08,0.999999999999996,-5.24218411553717e-05,1.67836289553255e-06,0.00106822755277264,-0.000253060915587105
12.6519868203914,-2.27807431518241e-05,-3.9759897405047e-07,0.999999999999921,-9.03270871123103e-05,8.02408873190499e-06,0.00184058971970794,-0.00121543554327831
12.655170685317,-1.86157643431857e-05,-3.24906380563944e-07,0.999999999999947,2.28315569865962e-05,6.54289870757257e-06,-0.000465217607826708,-0.00100924214912395
12.6585076498098,-1.00830136364324e-06,-1.75981786479231e-08,1,9.20921401999821e-05,2.81067833922394e-07,-0.00187650509530606,-7.91608388671929e-05
12.6612929233049,8.50274928934341e-06,1.4840097057065e-07,0.999999999999989,5.9598868661155e-05,-3.10121649362162e-06,-0.0012143454973167,0.000447990363193132
12.6640781968,5.00901828043167e-06,8.74238612861172e-08,0.999999999999996,-2.18926828522514e-05,-1.85855106585252e-06,0.000446155621688462,0.000268108861549756
12.6676225836156,5.38867653275775e-06,9.40501478215747e-08,0.999999999999996,1.86951562576165e-06,-1.99338370713635e-06,-3.80411756108028e-05,0.000294916254011615
12.671086862569,-4.93643512366505e-06,-8.61570462190484e-08,0.999999999999996,-5.20186729942703e-05,1.6788086561766e-06,0.00106001635914808,-0.000252717258552395
12.6745511415225,-2.38401766556981e-05,-4.16089576899011e-07,0.999999999999913,-9.52384421442395e-05,8.40183150010119e-06,0.00194067017531102,-0.0012717835637139
12.6777217605684,-1.9087729318564e-05,-3.3314372333839e-07,0.999999999999944,2.61607756592765e-05,6.71172232409246e-06,-0.000533053372715387,-0.00103461607619187
12.6810244758603,-1.21736632407735e-06,-2.12470505580501e-08,1,9.443643947797e-05,3.56410375747093e-07,-0.00192426878691396,-8.92205514472916e-05
12.6838357506644,8.60420944286532e-06,1.50171784309186e-07,0.999999999999989,6.0975481521806e-05,-3.13630473343417e-06,-0.00124239547985354,0.000453410066901023
12.6866470254684,5.34678554718443e-06,9.33190121964147e-08,0.999999999999996,-2.02231286784247e-05,-1.97766828261732e-06,0.000412139165173947,0.000286320446015456
12.6901799422619,5.53848453717199e-06,9.66647907444453e-08,0.999999999999995,9.47030101061609e-07,-2.0456428322651e-06,-1.92403483071061e-05,0.000303349342835753
12.6936056124893,-4.94939985288192e-06,-8.63833234305124e-08,0.999999999999996,-5.34342484902198e-05,1.68444298423126e-06,0.00108886307464498,-0.000253733257595008
12.6970312827167,-2.16627029363751e-05,-3.7808549112118e-07,0.999999999999929,-8.51518530183892e-05,7.62846797471632e-06,0.00173514220457949,-0.00115578369296588
12.7002256103454,-1.80018705037102e-05,-3.14191911807387e-07,0.999999999999951,2.00021997551419e-05,6.3265964141386e-06,-0.00040755730528609,-0.000975987274548457
12.7035988123991,-8.41997741866342e-07,-1.4695632889925e-08,1,8.87869372047494e-05,2.23962146379856e-07,-0.00180915171124501,-7.11316068539104e-05
12.706360916066,8.37731729459587e-06,1.46211769274961e-07,0.999999999999989,5.82553812494394e-05,-3.05454767362014e-06,-0.00118696117720188,0.000441409545201578
12.7091230197329,4.71418450212732e-06,8.22780411086113e-08,0.999999999999997,-2.31467518518021e-05,-1.75162091203292e-06,0.000471715373035365,0.000252330792883427
12.712678259034,5.27049762203288e-06,9.19875367230052e-08,0.999999999999996,2.73103855805388e-06,-1.949258089311e-06,-5.55904006847923e-05,0.000288343760807311
12.716181507926,-4.91486043900348e-06,-8.57804969366245e-08,0.999999999999996,-5.07437636139913e-05,1.67325945007993e-06,0.00103404515380054,-0.000251044240895189
12.7196847568181,-2.63220732222249e-05,-4.59406843678842e-07,0.999999999999894,-0.000106651385115436,9.28663872964418e-06,0.00217323390776528,-0.00140380738768092
12.7228293076514,-2.02477078499431e-05,-3.53389167963401e-07,0.999999999999938,3.37147279010786e-05,7.12641464322921e-06,-0.000686973816274899,-0.00109704502689981
12.7260591277354,-1.61730703114889e-06,-2.82273327092026e-08,1,0.000100674906587789,5.00832546620593e-07,-0.00205137807192017,-0.000108474634032457
12.728925058319,8.81413781735413e-06,1.53835725637375e-07,0.999999999999988,6.35266811378718e-05,-3.20876941843798e-06,-0.00129437955905417,0.000464562884768357
12.7317909889026,6.14818300977252e-06,1.07306036535705e-07,0.999999999999994,-1.62354557253416e-05,-2.26046198823974e-06,0.000330889881154246,0.00032948470608056
12.7352966299865,5.89729329207742e-06,1.02927184902526e-07,0.999999999999995,-1.24908726487295e-06,-2.1710133208492e-06,2.5515637581966e-05,0.000323418983501879
12.738653713216,-4.96391469332991e-06,-8.66366551867314e-08,0.999999999999996,-5.64668276391062e-05,1.691848867399e-06,0.0011506602381273,-0.000254935622782372
12.7420107964455,-1.83853251197228e-05,-3.20884457388777e-07,0.999999999999948,-6.97771804240435e-05,6.46516114576288e-06,0.00142186295425905,-0.000981082143796811
12.7452416537534,-1.62056627042378e-05,-2.82842171656593e-07,0.99999999999996,1.17746722019293e-05,5.69007962221405e-06,-0.00023989964572076,-0.000878861809398441
12.7487354572976,-2.44850428506714e-07,-4.27344615236114e-09,1,7.97322236305714e-05,1.38776729678763e-08,-0.00162464828874948,-4.26088890988425e-05
12.7514217375521,7.95582138120742e-06,1.38855277802632e-07,0.99999999999999,5.32813818335015e-05,-2.90233306289836e-06,-0.00108559437568593,0.000418991888642378
12.7541080178067,3.88121969072073e-06,6.77400625963127e-08,0.999999999999998,-2.64734906514714e-05,-1.45306390288291e-06,0.000539507803608888,0.000207561402868398
12.7576930154408,4.94455639957738e-06,8.62987892231815e-08,0.999999999999996,5.17677513933596e-06,-1.83100377991125e-06,-0.000105422629413132,0.000269903098172796
12.7613501134601,-4.71542298640348e-06,-8.22996567369645e-08,0.999999999999997,-4.61017027906263e-05,1.60471141985556e-06,0.000939464893112527,-0.000238195796311818
12.7650072114793,-3.90463887997685e-05,-6.81488045569745e-07,0.999999999999768,-0.000163842583840276,1.38143205034345e-05,0.00333860591629618,-0.00208039926293265
12.7680426810602,-2.54619635633204e-05,-4.44395098202755e-07,0.999999999999901,7.810750233256e-05,8.98320245990392e-06,-0.00159155541337039,-0.00137744126523283
12.7709919267246,-3.01987906175662e-06,-5.27068326396901e-08,0.999999999999999,0.000132809643596764,1.00208165561444e-06,-0.00270615666261185,-0.000176545576079836
12.7747513044257,3.30297409860966e-05,5.76477731288272e-07,0.999999999999834,0.000167364019779952,-1.18184287339416e-05,-0.00341027462757701,0.0017410684940775
12.7778577413984,3.8490786912489e-05,6.71790963306426e-07,0.999999999999774,3.06824934338917e-05,-1.37602364492696e-05,-0.000625091618591549,0.00206597878706299
12.7805036287089,7.96672646581046e-06,1.39045607434164e-07,0.99999999999999,-0.000201348467772827,-2.90452659657098e-06,0.00410286175437095,0.000434242330854552
12.7844093838392,-8.9210480645835e-06,-1.55701661455649e-07,0.999999999999988,-7.54648612251721e-05,3.10179033821899e-06,0.00153781195552917,-0.000443729167664621
12.7869765608827,-8.57537978722155e-06,-1.49668611895986e-07,0.999999999999989,2.35007148218964e-06,2.97884456941384e-06,-4.7891425765283e-05,-0.00045406017515666
12.7895437379262,-2.87661881325942e-06,-5.02064696161888e-08,0.999999999999999,3.87437798774355e-05,9.52259170081059e-07,-0.000789421751983738,-0.00015444757045861
12.7932508922934,-4.21583589718441e-06,-7.35802171296369e-08,0.999999999999997,-6.30503755660066e-06,1.42872192212535e-06,0.000128525198804007,-0.000231193844848333
12.7968355943522,4.59617678343847e-06,8.02184178747235e-08,0.999999999999997,4.29041612061306e-05,-1.70500171983834e-06,-0.000874193612358531,0.000234280446973704
12.8004202964109,2.83479858947965e-05,4.9476569017309e-07,0.999999999999878,0.000115643438563336,-1.01518343530276e-05,-0.00235635556170757,0.0015113573245149
12.8035994236895,2.31889272577882e-05,4.04723130653853e-07,0.999999999999918,-2.83230432853974e-05,-8.31677189953692e-06,0.000577222077861033,0.00125601965874717
12.8067827955419,1.59777371256983e-06,2.7886411986157e-08,1,-0.000118376594421311,-6.37885746202728e-07,0.00241218635751422,0.000107936395704138
12.8103379348415,-3.94460811599583e-05,-6.88463993250122e-07,0.999999999999763,-0.000201497141141806,1.39591345901619e-05,0.0041058926545814,-0.00208673207327434
12.8131912405523,-2.42871153332785e-05,-4.23890128377298e-07,0.99999999999991,9.27253830096601e-05,8.56801819952906e-06,-0.00188942824118813,-0.00130505327584301
12.8158686258605,-4.96016384083888e-06,-8.65711904610063e-08,0.999999999999996,0.000125988193362421,1.69475183772034e-06,-0.00256715622541727,-0.000271477041690717
12.8204445894424,2.23108781658673e-05,3.89398283005689e-07,0.999999999999924,0.000104015135816822,-8.00393594319425e-06,-0.00211948535150616,0.00113179061156555
12.8226987973746,7.17627122356222e-06,1.25249560867283e-07,0.999999999999992,-0.000117180282426842,-2.62104702682362e-06,0.0023879291877176,0.000375605533096683
12.8249530053067,1.62065264745834e-06,2.82857247293109e-08,1,-4.30145927334212e-05,-6.45076627649155e-07,0.000876569712576586,8.56142619796418e-05
12.8285127399032,3.7880760371211e-06,6.6114399163662e-08,0.999999999999998,1.06268243905609e-05,-1.41567202877204e-06,-0.000216475520920461,0.000203776246065095
12.8334710129521,2.11774056424387e-05,3.69615455490972e-07,0.999999999999932,6.12110412912334e-05,-7.59941559223217e-06,-0.00124715672221299,0.00118606407379933
12.8355972427391,1.86446832367359e-06,3.25411110472435e-08,0.999999999999999,-0.000158531475054936,-7.31097154470856e-07,0.00323028041449492,0.000107710383215913
12.8377234725262,8.04982986563331e-08,1.40496035380674e-09,1,-1.464383148207e-05,-9.65568341410521e-08,0.000298434498566551,5.34325724964071e-06
12.8415691591928,-3.55314885875332e-06,-6.20141463987244e-08,0.999999999999998,-1.64909708588724e-05,1.19594889696611e-06,0.00033609231410001,-0.000188188494630295
12.8455039897158,-1.62537507705863e-05,-2.83681466745292e-07,0.99999999999996,-5.63346550896506e-05,5.71298013028659e-06,0.00114796080974154,-0.00087510048985782
12.8494388202387,-2.17401028826504e-05,-3.7943637502455e-07,0.999999999999928,-2.43352052193328e-05,7.66412930730303e-06,0.000495866128321594,-0.00121468254988325
12.8516117215845,-1.4519351752056e-06,-2.53410493328585e-08,1,0.000162959688152292,4.49232716650724e-07,-0.00332039768151984,-8.59014883787917e-05
12.8537846229303,7.29011398349952e-08,1.27236491857746e-09,1,1.22478704812324e-05,-9.28877300268258e-08,-0.000249491514068934,2.52474318554207e-06
12.8576139934882,3.7387305955024e-06,6.52531587365652e-08,0.999999999999998,1.67079139638336e-05,-1.39636731194512e-06,-0.000340390035957661,0.000198165501134588
12.862629375731,7.26320440027022e-05,1.26766831030022e-06,0.999999999999197,0.000239745465723187,-2.58970430166233e-05,-0.00488510636256588,0.00391661042183483
12.866659045221,8.390257308507e-05,1.46437615122912e-06,0.999999999998928,4.8814882067993e-05,-2.99036505571501e-05,-0.00099427696252356,0.00477120707610836
12.868426863353,2.27599089688579e-05,3.97235348960748e-07,0.999999999999921,-0.000603648521840329,-8.1601064126541e-06,0.0122996499191938,0.00126455975943169
12.870194681485,5.26088879202593e-06,9.18198310021196e-08,0.999999999999996,-0.000172764105327852,-1.93687505453423e-06,0.00352028935864161,0.000288950233080152
12.8730270640506,-1.23784980870326e-06,-2.16045548070539e-08,1,-4.00455740643741e-05,3.74485775170197e-07,0.000816048247782848,-6.27811131666125e-05
12.8768952700093,-1.41225202594622e-05,-2.46484477207216e-07,0.99999999999997,-5.81354573159271e-05,4.95701870432859e-06,0.00118466621945847,-0.000752713615158384
12.8808568311099,-4.78557013802739e-05,-8.35239554936877e-07,0.999999999999651,-0.00014861693730585,1.69539161220921e-05,0.00302832573143235,-0.00259264880906774
12.884345303547,-3.70525230446608e-06,-6.46688523300405e-08,0.999999999999998,0.000220890580769015,1.25221960989234e-06,-0.0045010235269843,-0.000282150223183666
12.886603410536,4.45026576026617e-06,7.76717901054132e-08,0.999999999999997,6.30353845618543e-05,-1.64766808790704e-06,-0.00128421182516346,0.000225451399124997
12.888861517525,1.46225461128609e-06,2.55211574694121e-08,1,-2.3094845766521e-05,-5.84811871115183e-07,0.00047068461412778,7.64576030570042e-05
12.8922255144232,3.47045155349273e-06,6.05708061394003e-08,0.999999999999998,1.04190490453055e-05,-1.29878262803914e-06,-0.000212238827365886,0.00018577570052535
12.8968366944998,2.17252465880638e-05,3.79177083769369e-07,0.999999999999928,6.90943039174086e-05,-7.79047125778146e-06,-0.00140781503257611,0.0011879779305944
12.8995367571904,-1.37759887685694e-06,-2.40436361729295e-08,1,-0.000149337539954441,4.25892433616845e-07,0.00304302700818543,-6.3652578678691e-05
12.902236819881,-3.27413532913845e-06,-5.71444416493342e-08,0.999999999999998,-1.22592729388114e-05,1.1005016250265e-06,0.000249849454884628,-0.000173330466393276
12.9057017510196,-6.67862611232873e-06,-1.16564015169805e-07,0.999999999999993,-1.71488468728625e-05,2.3114705143089e-06,0.000349492916554674,-0.000359508023146091
12.9099839139739,-1.59128711500384e-05,-2.77731995013782e-07,0.999999999999961,-3.76370496786558e-05,5.59561663627423e-06,0.000766936278931029,-0.000887503941430363
12.9121821114087,-9.05206216769969e-07,-1.57988288921575e-08,1,0.000119158162036187,2.58609438447999e-07,-0.00242790165859169,-5.42787417241797e-05
12.9143803088435,1.08537532109532e-07,1.89433729730041e-09,1,8.04894315200095e-06,-1.01750092388363e-07,-0.000163934105796837,4.84476181016641e-06
12.9184629205949,4.22214506632388e-06,7.36903329041859e-08,0.999999999999997,1.75858004579224e-05,-1.56445300860929e-06,-0.000358276271489095,0.000224155510064729
12.9224281713353,1.71652418763738e-05,2.99589987643928e-07,0.999999999999955,5.6969828524572e-05,-6.16721705627334e-06,-0.00116077503011938,0.000926519494399804
12.9263934220757,1.43829170193008e-05,2.51029258027926e-07,0.999999999999968,-1.22465722333178e-05,-5.17716234417692e-06,0.000249682750702114,0.00083142379133095
12.9286786240743,-1.92995450232985e-06,-3.36840604793444e-08,0.999999999999999,-0.000124590000660933,6.24195317035156e-07,0.00253866295624754,-9.33955052174277e-05
12.9309638260728,-9.94362067298485e-07,-1.7354892031296e-08,1,7.14561271106419e-06,2.915621034025e-07,-0.000145559654615463,-5.18957238071518e-05
12.9345166996661,-3.82144779860046e-06,-6.66968462786671e-08,0.999999999999998,-1.38879003015103e-05,1.29720631942636e-06,0.000283050941616767,-0.000204523861235616
12.9392894351187,-3.28803987675482e-05,-5.7387121786237e-07,0.999999999999835,-0.000106264924302038,1.16318312807553e-05,0.00216534628075988,-0.00179307508614188
12.9419180135161,-1.18618911306253e-07,-2.07029055742525e-09,1,0.000217532384758464,-1.92543508555528e-08,-0.00443246647817621,-1.87466767095986e-05
12.9445465919134,2.85416212471023e-06,4.98145264619104e-08,0.999999999999999,1.97387367526125e-05,-1.07626746909145e-06,-0.000402123489751174,0.000150157020344663
12.9479257590282,5.99247186216184e-06,1.0458836432784e-07,0.999999999999995,1.6209271695018e-05,-2.19213547563485e-06,-0.000330219834843653,0.000321521654924346
12.9521198169053,1.72650063609305e-05,3.01331206375998e-07,0.999999999999955,4.69099015357045e-05,-6.20068194623214e-06,-0.000955768038518943,0.000949489271002205
12.9547758313153,-2.11978491674453e-06,-3.6997226231306e-08,0.999999999999999,-0.000127382001893791,6.93387414927126e-07,0.00259564456244918,-0.000104955099688014
12.9574318457253,-2.69023141342073e-06,-4.69533958047724e-08,0.999999999999999,-3.74853748379529e-06,8.96393910741219e-07,7.64327539218587e-05,-0.000142612702124285
12.9610053861463,-6.24413947206086e-06,-1.08980792741202e-07,0.999999999999994,-1.73574073967451e-05,2.16051506880931e-06,0.00035374474866196,-0.000336461616405754
12.9655245536186,-1.76480143071094e-05,-3.08015956098121e-07,0.999999999999953,-4.40424402453672e-05,6.2162160414417e-06,0.000897444274306047,-0.000993559473518894
12.9677612832192,-1.21940580640635e-07,-2.12826462397273e-09,1,0.000136756669826833,-1.63697218020418e-08,-0.00278647260791586,-1.44912127292755e-05
12.9699980128197,4.06997438177013e-07,7.10344534337094e-09,1,4.12732498603261e-06,-2.04297815233121e-07,-8.40191382029246e-05,2.05664534015316e-05
12.9737794061225,3.97725508473368e-06,6.94161964202887e-08,0.999999999999998,1.64787807263927e-05,-1.47377302628092e-06,-0.000335716258372628,0.000211908011104975
12.9787588074853,5.83248402846163e-05,1.0179604986662e-06,0.999999999999482,0.000190493642332738,-2.08013602981647e-05,-0.00388150821021937,0.0031597347510386
12.9815161203854,4.63006851671457e-06,8.08099402095993e-08,0.999999999999997,-0.000339878204771938,-1.70530009315528e-06,0.00692560507180743,0.000271143718353757
12.9842734332854,-6.38017171635975e-06,-1.11355003293095e-07,0.999999999999994,-6.96928315609694e-05,2.21046140133911e-06,0.00142013679131283,-0.000334647675770328
12.9872609323297,-6.84108418058519e-06,-1.1939944335731e-07,0.999999999999993,-2.6927004644427e-06,2.37453644469886e-06,5.49205341741087e-05,-0.000366363730895337
12.9907995771185,-8.13396075845004e-06,-1.41964396462968e-07,0.99999999999999,-6.37672172617239e-06,2.83451707411513e-06,0.000129987793880308,-0.000444339216985858
12.9942222307579,4.64121971315258e-06,8.10045653029791e-08,0.999999999999997,6.51450556366492e-05,-1.70864877803692e-06,-0.00132738112901851,0.000232888535989319
12.9976448843974,2.68302413128418e-05,4.68276050013678e-07,0.99999999999989,0.000113149481515953,-9.59966451394352e-06,-0.00230552564390071,0.0014285323998338
13,5.24846317169218e-06,9.16029630156929e-08,0.999999999999996,-0.000159938258052647,-1.92414116168633e-06,0.00325908560228234,0.000281543066481596
13.0032550205976,3.21634377707043e-06,5.61357887859095e-08,0.999999999999998,-1.08961443302432e-05,-1.20120685779869e-06,0.000222098227093288,0.000176412533722527
13.0070428638223,-5.71019491813998e-06,-9.96617022521906e-08,0.999999999999995,-4.11309237998999e-05,1.97371437416292e-06,0.000838187074723575,-0.000292853570479128
13.0108307070469,-4.6157650322392e-05,-8.05602973109875e-07,0.999999999999675,-0.000186370245280489,1.63586312016249e-05,0.00379765369747544,-0.00246288615367627
13.0139034439073,-2.96196338152008e-05,-5.1696013331028e-07,0.999999999999866,9.39367257641689e-05,1.04771142027451e-05,-0.00191409719286488,-0.00160549110106492
13.0168476245024,-1.69240960956567e-06,-2.95381199793126e-08,1,0.00016555438689181,5.45305812745484e-07,-0.00337336928526607,-0.000108582681702539
13.0202341593608,2.2414811534819e-05,3.91212262496586e-07,0.999999999999924,0.000124242153137607,-8.02792645363154e-06,-0.00253156474833264,0.00118471044849359
13.0232526983707,1.99763766670189e-05,3.48653545458044e-07,0.999999999999939,-1.40991111590671e-05,-7.16041950412964e-06,0.000287392989342534,0.0010735202042606
13.0261995707541,6.0309531018614e-06,1.05259988660846e-07,0.999999999999994,-8.25938571919983e-05,-2.2006621867489e-06,0.00168305806024286,0.000331876865047058
13.0295284912508,-5.71061814123148e-06,-9.96690888886077e-08,0.999999999999995,-6.15602198217262e-05,1.97532998725799e-06,0.00125445836813292,-0.000294367678367599
13.0328574117476,-1.82757567686658e-05,-3.18972128906852e-07,0.999999999999949,-6.58781248251035e-05,6.44415525526714e-06,0.00134242475071474,-0.000975530234560334
13.0360720824398,-1.50272573131353e-05,-2.62275117658605e-07,0.999999999999966,1.76369577717656e-05,5.28899696798089e-06,-0.000359339539845705,-0.000815358689780506
13.0396255736829,1.13784568356803e-06,1.98591535578677e-08,1,7.93963603442623e-05,-4.5982214966784e-07,-0.0016177946488061,3.0048324604312e-05
13.0422806128776,8.05878064050263e-06,1.40652255872748e-07,0.99999999999999,4.54957887461463e-05,-2.92086844266854e-06,-0.000926934072352682,0.000425011226948325
13.0449356520723,3.6057056441452e-06,6.29314353480766e-08,0.999999999999998,-2.92729465839045e-05,-1.33697145157215e-06,0.000596562564596878,0.000193130682726479
13.0485384687251,4.74182563017793e-06,8.27604698020598e-08,0.999999999999997,5.50375896548571e-06,-1.74075567011734e-06,-0.000112074595366559,0.000259156715195553
13.0522126530676,-4.68580162808336e-06,-8.17826665053653e-08,0.999999999999997,-4.47835821416435e-05,1.61236715648309e-06,0.000912616927730846,-0.000236444217371366
13.0558868374102,-3.98415256069275e-05,-6.95365800858462e-07,0.999999999999758,-0.000166998462012368,1.41153335797491e-05,0.003402923004849,-0.00212248981254679
13.0589259946321,-2.6140818317279e-05,-4.56243348802146e-07,0.999999999999896,7.8680513905125e-05,9.24288884783032e-06,-0.00160322233309709,-0.00141389757623306
13.0618641715485,-3.05411756163382e-06,-5.3304407193491e-08,0.999999999999999,0.000137139101243216,1.03254764479911e-06,-0.00279436583862714,-0.000178122948215752
13.0656009052224,3.18442480218772e-05,5.55786975803419e-07,0.999999999999846,0.000163001015365078,-1.1378492336672e-05,-0.00332136059578198,0.00167879211657615
13.0687088489722,3.72832792702917e-05,6.50715979207094e-07,0.999999999999788,3.05439901889794e-05,-1.33124482640285e-05,-0.000622262203890325,0.00200142526162605
13.0713726499892,7.91359787742994e-06,1.38118338639987e-07,0.99999999999999,-0.000192430905047502,-2.8672542377219e-06,0.00392116151306322,0.000431811235596305
13.0752963013775,-9.69609134205914e-06,-1.69228718493047e-07,0.999999999999986,-7.83318971850909e-05,3.39584381261951e-06,0.00159624223220439,-0.000483816121254375
13.0778477835852,-8.59485491852399e-06,-1.50008517059472e-07,0.999999999999989,7.53295530556507e-06,3.00420279623395e-06,-0.000153495491837298,-0.000454764670417289
13.0803992657929,-2.80400195289066e-06,-4.89390663102929e-08,0.999999999999999,3.9612053904992e-05,9.44885420623133e-07,-0.000807106304481865,-0.000150221986335906
13.0841052449383,-4.1904784770569e-06,-7.31376466586006e-08,0.999999999999997,-6.5296051052908e-06,1.43818484592483e-06,0.000133109066710694,-0.000229341407556539
13.0877306890435,4.57480726770444e-06,7.9845449465608e-08,0.999999999999997,4.21970637767043e-05,-1.67889613131761e-06,-0.000859779074461005,0.000232845659268139
13.0913561331486,3.16672528237074e-05,5.52697826835137e-07,0.999999999999847,0.000130426056409719,-1.1313764593489e-05,-0.00265756916468933,0.00168822809897863
13.0945010421298,2.45894447927499e-05,4.29166772870847e-07,0.999999999999908,-3.92796913058922e-05,-8.79629270404339e-06,0.000800491176228908,0.00133163602887688
13.0976037520154,2.10393035254754e-06,3.67205118845997e-08,0.999999999999999,-0.000126485000357187,-7.99337212498929e-07,0.00257741000172206,0.000132841557725246
13.1011827170342,-3.58100947583162e-05,-6.25004058983741e-07,0.999999999999805,-0.000184892718253511,1.26846257007679e-05,0.00376755929221694,-0.00189265812604189
13.1041048742095,-2.61680071003403e-05,-4.56717882586177e-07,0.999999999999896,5.75897072965822e-05,9.25555131623669e-06,-0.00117347362885472,-0.00140567764868773
13.10680159415,-5.53306575527316e-06,-9.65702151588633e-08,0.999999999999995,0.000133550266758173,1.91712615243835e-06,-0.00272124110982312,-0.000302587712626658
13.1112625440278,2.1580637829004e-05,3.76653184796552e-07,0.999999999999929,0.000106081308447401,-7.72556828759004e-06,-0.00216157874537278,0.00109604926335415
13.1135466869528,7.49798360424085e-06,1.30864501154554e-07,0.999999999999991,-0.000107606525383034,-2.71679599180549e-06,0.00219284539547476,0.000393571609176914
13.1158308298779,1.73483113961997e-06,3.0278515352494e-08,1,-4.40366426720919e-05,-6.67007634100107e-07,0.00089739934188563,9.21146931409307e-05
13.1194101102305,3.83823395712712e-06,6.6989820013719e-08,0.999999999999998,1.02566161475329e-05,-1.41481616315923e-06,-0.000208927062254797,0.000207063375700539
13.124429690875,1.7816992131896e-05,3.10965175503504e-07,0.999999999999952,4.8604728715122e-05,-6.38555995997015e-06,-0.000990270731530836,0.00101451387493518
13.126584355656,7.61793741186991e-07,1.32958090047985e-08,1,-0.000138151126393426,-3.20209388639155e-07,0.00281498571134971,5.01469176947849e-05
13.128739020437,-1.80884715252085e-07,-3.15703384768129e-09,1,-7.63591765985086e-06,1.51387623420471e-08,0.000155638201326997,-8.23327666033855e-06
13.1324356316544,-3.54590368125365e-06,-6.18876941964637e-08,0.999999999999998,-1.58877027892581e-05,1.21210880834087e-06,0.000323801983930327,-0.000188262935140413
13.1373365908333,-5.59925480300409e-05,-9.77254319705124e-07,0.999999999999522,-0.0001867729544551,1.98643507910831e-05,0.00380583500123979,-0.00302263346148189
13.140575922651,-1.44924562710217e-05,-2.52941078630625e-07,0.999999999999968,0.00022359958221034,5.10534171371639e-06,-0.00455618933410839,-0.000830606290365981
13.1430355102155,4.83894758573269e-06,8.4455567702466e-08,0.999999999999996,0.000137176106759363,-1.76926063475416e-06,-0.00279502240443422,0.000248349283947584
13.14549509778,2.39258242666664e-06,4.17584409706886e-08,0.999999999999999,-1.73594660128721e-05,-8.99028713728891e-07,0.000353812132400734,0.000126809652310056
13.1489100813386,4.24043461651019e-06,7.40095457736459e-08,0.999999999999997,9.44400002201874e-06,-1.5559643742478e-06,-0.000192368615906659,0.000228441507581118
13.153545520402,1.51075063687598e-05,2.63675727900868e-07,0.999999999999965,4.09165517086582e-05,-5.42022022464271e-06,-0.000833633189347953,0.000847270337125746
13.155816776082,-7.7854564671206e-08,-1.3588184912194e-09,1,-0.000116690757767504,-1.97443121669114e-08,0.00237774899578435,2.3842633637104e-06
13.1580880317621,-4.29145548517767e-07,-7.4900027919121e-09,1,-2.69946900054915e-06,1.05302503263399e-07,5.50562477519028e-05,-2.19217500338936e-05
13.1620105729293,-4.34928340846742e-06,-7.59093155801179e-08,0.999999999999997,-1.74425990377952e-05,1.49970437942621e-06,0.000355484319153376,-0.000231982763734356
13.1671313352007,-7.06026095366991e-05,-1.23224799691503e-06,0.999999999999241,-0.000225813779287824,2.50620081746879e-05,0.00460132740919128,-0.00383156226169877
13.1696636968423,-5.42478974922768e-06,-9.46804423524603e-08,0.999999999999996,0.00044921212511173,1.88257493205145e-06,-0.00915328713802078,-0.000308786369387397
13.1721960584838,2.11572279626131e-06,3.6926328854261e-08,0.999999999999999,5.19699750012486e-05,-7.98886698911389e-07,-0.00105887784230382,0.000109278485592626
13.1753881342676,5.05165425386226e-06,8.81679994022737e-08,0.999999999999996,1.60527738121814e-05,-1.84279923230552e-06,-0.000327032503020673,0.000269734242456677
13.1793577575108,1.56840916643702e-05,2.73739039727855e-07,0.999999999999963,4.67477715030052e-05,-5.62378886548436e-06,-0.000952480727148821,0.000851728950179582
13.1827199112445,-1.37086869930023e-06,-2.39261724153212e-08,1,-8.85340872896027e-05,4.4189335095753e-07,0.00180410614648226,-5.02010710350063e-05
13.1860820649782,-3.05930909122417e-05,-5.33950164780549e-07,0.999999999999857,-0.000151695619164719,1.08346257749308e-05,0.00309109375924975,-0.0016221889625857
13.1889318104771,-1.70016162434337e-05,-2.96734181608463e-07,0.999999999999956,8.32411116249362e-05,6.00103383867318e-06,-0.0016961486344008,-0.000914802630955938
13.1918368418244,-4.19522675613793e-06,-7.32205197623681e-08,0.999999999999997,7.69401893221389e-05,1.4467488095877e-06,-0.00156772319629435,-0.000231864865390143
13.1949978311386,3.68027500460464e-06,6.42329162092005e-08,0.999999999999998,4.34843089636583e-05,-1.35388369883044e-06,-0.000885998726979148,0.000190843312709909
13.1981588204528,7.56277890103112e-06,1.31995392423351e-07,0.999999999999991,2.14371101821578e-05,-2.73442710235572e-06,-0.000436744090624631,0.000404052419676065
13.2017936931139,1.28254860179988e-05,2.23846959182574e-07,0.999999999999975,2.52695418308249e-05,-4.60576239211956e-06,-0.00051482829365496,0.000697169714828337
13.2060245102429,-1.04519754708919e-05,-1.82421385304747e-07,0.999999999999983,-9.60259760958127e-05,3.67328064367792e-06,0.00195684256339223,-0.000475204333860374
13.2082038681561,-4.77784280621867e-06,-8.33890881112411e-08,0.999999999999997,4.54410432493693e-05,1.65507554377792e-06,-0.000926054911676497,-0.000243587278919989
13.2103832260694,-1.18412665287812e-06,-2.06669088533431e-08,1,2.87801186191177e-05,3.77087241653528e-07,-0.00058640588328017,-6.16402965463067e-05
13.2137865542027,-3.39649234244798e-06,-5.9279974394492e-08,0.999999999999998,-1.13456781212997e-05,1.16409285220623e-06,0.000231245880425433,-0.000181611267089176
13.2184494464007,-2.50939630660581e-05,-4.37972277876551e-07,0.999999999999904,-8.12140378552823e-05,8.88070959864553e-06,0.00165489923824051,-0.0013683799205895
13.22120246792,9.59096724770271e-07,1.67393956923351e-08,1,0.000165168223488983,-3.84535181340408e-07,-0.00336548214935804,3.92806662577023e-05
13.2239554894393,4.27096458621119e-06,7.45423942654625e-08,0.999999999999997,2.09962029602767e-05,-1.56214390600269e-06,-0.000427751369325963,0.000225956353922434
13.2273011932367,7.11854711771415e-06,1.24242085162464e-07,0.999999999999992,1.48547791157895e-05,-2.57462473468603e-06,-0.000302621179279199,0.000383024237892945
13.2313614050953,1.27977219015566e-05,2.23362383936751e-07,0.999999999999975,2.44125927968772e-05,-4.59397665084288e-06,-0.000497351366494455,0.000711737472649866
13.2337225613049,-3.7012499455428e-07,-6.45989979889826e-09,1,-9.73346374968046e-05,8.90500918887868e-08,0.00198336167834764,-1.46458694461317e-05
13.2360837175145,-5.48080083140785e-07,-9.56580201541096e-09,1,-1.31541581360542e-06,1.52458356175916e-07,2.68547519342742e-05,-2.84555854287938e-05
13.2401670430107,-5.09882904904406e-06,-8.89913549021502e-08,0.999999999999996,-1.94511931419529e-05,1.77112745612249e-06,0.000396409520005099,-0.00027272655991247
13.2454203475048,-7.99073246113773e-05,-1.39464591092798e-06,0.999999999999027,-0.000248539668220395,2.83758202451862e-05,0.00506437287594954,-0.00435901473933707
13.2476430227135,-8.28631688203727e-06,-1.4462351245514e-07,0.99999999999999,0.000562395438419807,2.90509356710932e-06,-0.011459491057507,-0.000458377800448191
13.2498656979222,-5.40393799309391e-07,-9.43165105531033e-09,1,6.08239390394988e-05,1.50543509607096e-07,-0.00123929490313958,-3.13094544843242e-05
13.253327872778,3.27971540239207e-06,5.72418323001123e-08,0.999999999999998,1.92576880522249e-05,-1.20782892471538e-06,-0.000392346571416928,0.00017293290643605
13.2578206671291,4.11476271764852e-05,7.18161573612703e-07,0.999999999999742,0.000147106608864432,-1.46748120383505e-05,-0.00299746261708996,0.00221006081093746
13.2617328546287,7.00873991694726e-05,1.22325587966653e-06,0.999999999999252,0.000129107898358454,-2.49661004284858e-05,-0.00263057135969551,0.00386647037300374
13.2638267878855,8.42808539262809e-06,1.47097839740599e-07,0.999999999999989,-0.000513940946492714,-3.038046656482e-06,0.0104721837241482,0.000469022583546105
13.2659207211424,9.41076820257377e-07,1.64248890276901e-08,1,-6.2405499451541e-05,-3.7533122895481e-07,0.00127163338124378,5.32176183087302e-05
13.2692735820849,-2.56951099633343e-06,-4.48464270522182e-08,0.999999999999999,-1.82743385816237e-05,8.73371617608119e-07,0.000372429059238226,-0.000134645954572427
13.2737565536161,-3.68176224629595e-05,-6.42588734734823e-07,0.999999999999793,-0.000133336181932161,1.305357418267e-05,0.00271699306592817,-0.00197361199796643
13.2777081382478,-8.00534108094128e-05,-1.39719559607542e-06,0.999999999999024,-0.000190963102571942,2.84295983824148e-05,0.00389110335040757,-0.00438727926163095
13.2799278275788,-7.36336111888789e-06,-1.28514895537927e-07,0.999999999999992,0.000571557777379156,2.57877180530913e-06,-0.0116461462490598,-0.000411930514122717
13.2821475169099,-2.64298306628865e-07,-4.61287565811925e-09,1,5.58195321054882e-05,5.42816101088003e-08,-0.00113731690280491,-1.69197649200801e-05
13.2854512996701,3.07821771238038e-06,5.37250341742455e-08,0.999999999999999,1.76579133879835e-05,-1.13424808700175e-06,-0.000359748138233455,0.000162812809014955
13.2898173252674,2.87808919292553e-05,5.02321325826147e-07,0.999999999999874,0.000102747059459526,-1.02748131642794e-05,-0.00209356653402172,0.00154829682701467
13.2939262767028,5.57125126693153e-05,9.72366780638454e-07,0.999999999999527,0.000114395475880234,-1.98519115383977e-05,-0.00233078889465326,0.00309840510129956
13.2958018412865,1.09437371793872e-05,1.91004246253222e-07,0.999999999999982,-0.000416601241653639,-3.93081613614913e-06,0.00848869483904815,0.000603762996511668
13.2976774058702,2.05502035532953e-06,3.58668713960041e-08,0.999999999999999,-8.2715026825853e-05,-7.69614510688872e-07,0.00168546668713795,0.000112842201410934
13.3,1.15549928023459e-07,2.01672669445182e-09,1,-1.45742832412352e-05,-7.97392506519558e-08,0.000297027901344177,6.85547000401912e-06
13.3049211921083,-6.76858175753341e-06,-1.18134037359382e-07,0.999999999999993,-2.44149712935115e-05,2.36884145101737e-06,0.000497558446772066,-0.000356620839953343
13.308151983767,-1.01841914288571e-05,-1.77747672086942e-07,0.999999999999984,-1.84517112290323e-05,3.58371389488945e-06,0.000376029336524804,-0.00054663992035092
13.3113827754257,-5.54620044320339e-06,-9.67994587094677e-08,0.999999999999995,2.50552254458783e-05,1.93441461560842e-06,-0.00051049385213003,-0.000304858813766831
13.3147577989879,5.51582942639378e-06,9.62693844689615e-08,0.999999999999995,5.72051837922026e-05,-1.99949726940177e-06,-0.00116559538400695,0.000284208971128343
13.3181328225501,1.96319898974827e-05,3.4264286242933e-07,0.999999999999941,7.29990393904327e-05,-7.01951605288111e-06,-0.00148740258874317,0.00104798934120853
13.3213487745435,1.62601388014219e-05,2.83792958916092e-07,0.99999999999996,-1.82993725134345e-05,-5.82008755045339e-06,0.000372962191250107,0.000882307196782447
13.3248447893539,-8.64815852462116e-07,-1.50938840489054e-08,1,-8.54935860347864e-05,2.70516464326164e-07,0.00174215623938436,-1.61385363308148e-05
13.3275208164296,-8.23780449142287e-06,-1.43776811510906e-07,0.99999999999999,-4.80873039836582e-05,2.89266271664329e-06,0.00097986536684921,-0.000434386505519854
13.3301968435054,-3.8323240251701e-06,-6.68866722425002e-08,0.999999999999998,2.87329451798295e-05,1.32601817183564e-06,-0.00058543673155673,-0.000205171207361326
13.3337871952676,-4.80689442245463e-06,-8.38961344675845e-08,0.999999999999996,-4.7375475585066e-06,1.6727882435627e-06,9.65838710791797e-05,-0.000262748670012945
13.3374154974713,4.78012327623694e-06,8.34288898215529e-08,0.999999999999997,4.61166173312913e-05,-1.73656824338173e-06,-0.000939656151985264,0.000242359878677528
13.341043799675,3.5411399726985e-05,6.18045517975671e-07,0.999999999999809,0.000147346223700092,-1.26300130730805e-05,-0.00300235322699048,0.00188721788669713
13.3441167741663,2.44198815889733e-05,4.26207336674715e-07,0.999999999999909,-6.24275215560761e-05,-8.72070079162139e-06,0.00127215904083935,0.00132162589888827
13.3471380249879,2.62813546677082e-06,4.58696170835889e-08,0.999999999999999,-0.000125887502246915,-9.70521568969401e-07,0.00256522204885284,0.000157407232411798
13.3508319976024,-3.47208722364035e-05,-6.05993539689491e-07,0.999999999999816,-0.000176466699891421,1.23125031465078e-05,0.0035958644260858,-0.00183267160137748
13.3538624625415,-3.31850589268279e-05,-5.7918854074145e-07,0.999999999999832,8.84517705588366e-06,1.17663039249576e-05,-0.000180236113113127,-0.00178203561987851
13.3565251871977,-6.83343279026047e-06,-1.19265901403788e-07,0.999999999999993,0.000172726323120025,2.39477592060038e-06,-0.0035195257544616,-0.000373059288207877
13.3606773931655,1.39624151009885e-05,2.43690115042424e-07,0.99999999999997,8.74128160443769e-05,-5.00101362232726e-06,-0.00178117116544522,0.000702914718442965
13.3631039133081,8.00641566933921e-06,1.39738314713234e-07,0.99999999999999,-4.2839867062074e-05,-2.88248062580774e-06,0.000873074556189554,0.000422612629051103
13.3655304334506,2.19997007957706e-06,3.83967213339813e-08,0.999999999999999,-4.17641673783194e-05,-8.1731508950947e-07,0.000851081142953042,0.00011761353820322
13.3692025508098,4.07456105707383e-06,7.11145060194789e-08,0.999999999999997,8.90978732027575e-06,-1.48377037569958e-06,-0.000181490737087081,0.000221481644348898
13.3733736074882,-2.40332532588041e-06,-4.19459399331788e-08,0.999999999999999,-2.71059481254773e-05,8.20363923722124e-07,0.000552410210909746,-0.000104413437880792
13.3760802478103,-7.63980925992463e-06,-1.33339825810036e-07,0.999999999999991,-3.37665426507849e-05,2.68270617144218e-06,0.000688064177758325,-0.000403765723093384
13.3787868881324,-3.52360216126654e-06,-6.14984592444893e-08,0.999999999999998,2.65426351549898e-05,1.2189403465383e-06,-0.000540805445388049,-0.000188906228656383
13.3825134925809,-4.88115408025418e-06,-8.51922099975908e-08,0.999999999999996,-6.3579999112259e-06,1.70190699015452e-06,0.000129599653057675,-0.000268049633760806
13.3858761303094,4.4475131245497e-06,7.76237475490529e-08,0.999999999999997,4.84191193617688e-05,-1.61556230989767e-06,-0.000986567560321678,0.000228763604453794
13.3892387680379,1.60180135269714e-05,2.79567075674637e-07,0.999999999999961,6.00550354901453e-05,-5.73026453408562e-06,-0.00122365314268422,0.00085486735968635
13.3925704159268,1.67721678818025e-05,2.92729552234693e-07,0.999999999999957,3.95074059416144e-06,-5.99820974047301e-06,-8.042422708642e-05,0.000909960660333119
13.3961690514654,-9.67289264783284e-07,-1.68823824896635e-08,1,-8.60359242841665e-05,3.10966903032749e-07,0.00175321356548916,-1.4525545161536e-05
13.3987385341748,-7.4985204603528e-06,-1.30873871061317e-07,0.999999999999991,-4.43635943354213e-05,2.63370036913396e-06,0.000903969292186656,-0.000394290806178844
13.4013080168842,-2.99858773167485e-06,-5.23352288276343e-08,0.999999999999999,3.05659352936665e-05,1.03344974045013e-06,-0.00062279096988287,-0.000160094891328948
13.4048967759218,-4.5248273278535e-06,-7.89731349552603e-08,0.999999999999997,-7.42259534533669e-06,1.57640941487568e-06,0.0001512945474313,-0.000245983479756522
13.4089071643217,3.4428236895078e-06,6.00886089475701e-08,0.999999999999998,3.4675380545407e-05,-1.25708132761484e-06,-0.000706537736477694,0.000162926690946182
13.4116880998544,8.63881985195649e-06,1.50775849903289e-07,0.999999999999989,3.26103355824309e-05,-3.10473987155925e-06,-0.000664401789323296,0.000457909669733336
13.4144690353872,4.28975180110741e-06,7.48702930226812e-08,0.999999999999997,-2.7294971777304e-05,-1.5578624936348e-06,0.00055624352298487,0.000230775319850064
13.4181870638427,4.74310319076881e-06,8.27827674407643e-08,0.999999999999997,2.12813713311197e-06,-1.71885156226223e-06,-4.32995794827678e-05,0.000262967878467394
13.421205023946,-3.30211918533112e-06,-5.76328520773008e-08,0.999999999999998,-4.65266652678589e-05,1.14248470663911e-06,0.000948102748532399,-0.000171032101756525
13.4242229840493,-5.01506917130056e-06,-8.75294692544581e-08,0.999999999999996,-9.90623340065073e-06,1.7518084773669e-06,0.000201899213333272,-0.000267621182287188
13.4279709539036,-1.05634457146155e-05,-1.84366908075725e-07,0.999999999999983,-2.58373046170742e-05,3.72517467708589e-06,0.000526516027724393,-0.000573678211882016
13.4315601376014,2.18915402532094e-06,3.82079455751378e-08,0.999999999999999,6.20126670536393e-05,-8.10045704350494e-07,-0.00126357990094449,9.34915560231493e-05
13.4343528792141,9.3469855536319e-06,1.63135673047221e-07,0.999999999999987,4.4733006055665e-05,-3.35540489994147e-06,-0.000911419511218254,0.000494799344243282
13.4371456208268,4.98718101359703e-06,8.70427290802162e-08,0.999999999999996,-2.72466824791162e-05,-1.80470635182646e-06,0.000555260300871483,0.000268072120989252
13.4407469168016,4.92061280348723e-06,8.58808946366407e-08,0.999999999999996,-3.22615650502846e-07,-1.78080559759585e-06,6.63670922845623e-06,0.000271774120054735
13.4439425033521,-4.25246521338411e-06,-7.42195193000758e-08,0.999999999999997,-5.01004780840215e-05,1.48166098448569e-06,0.00102092887504986,-0.000219864761112582
13.4471380899026,-9.71568355225847e-06,-1.69570667068768e-07,0.999999999999986,-2.98383868698801e-05,3.42472439020972e-06,0.000608045933053117,-0.000518656681321731
13.450632735444,-1.30697188145031e-05,-2.28109625622926e-07,0.999999999999974,-1.67510432344224e-05,4.61766580216348e-06,0.000341362635436745,-0.000709790085584514
13.4546549379209,6.03879485811815e-06,1.05396853126665e-07,0.999999999999994,8.29163824213188e-05,-2.17814247798515e-06,-0.0016895738887335,0.000262268978560879
13.4569734595371,5.87895763776945e-06,1.02607167364345e-07,0.999999999999995,-1.20321749120398e-06,-2.12089308235298e-06,2.46921983528991e-05,0.000305848718484433
13.4592919811533,1.68172830250725e-06,2.93516960027268e-08,1,-3.1595768118117e-05,-6.2803264913764e-07,0.000643884630101461,8.91426313261333e-05
13.4628207242686,3.83744054308005e-06,6.69759723262661e-08,0.999999999999998,1.06622315917873e-05,-1.39449751212273e-06,-0.000217206194368758,0.000206693257940885
13.4677037987966,2.08924446435463e-05,3.64641947820528e-07,0.999999999999933,6.09587205325871e-05,-7.45942082252359e-06,-0.0012420296425092,0.00116619555466936
13.4697986555455,2.26045137766942e-06,3.94523191215731e-08,0.999999999999999,-0.000155232394232575,-8.33272990170867e-07,0.00316305534303278,0.000128439424507612
13.4718935122943,2.04094528925236e-07,3.56212151505217e-09,1,-1.71325307213227e-05,-1.01881072216386e-07,0.000349136960488775,1.21846682336749e-05
13.4758523042355,-3.5249299346241e-06,-6.1521633261299e-08,0.999999999999998,-1.64403069785321e-05,1.22451271724157e-06,0.000335050138825593,-0.000185789068454924
13.4796459352257,-1.43301058147386e-05,-2.50107528626371e-07,0.999999999999969,-4.97111858931416e-05,5.06741322372826e-06,0.00101298742982338,-0.000769851843003847
13.4834395662159,-1.90358752796371e-05,-3.32238699628657e-07,0.999999999999945,-2.16497522331266e-05,6.74098975782086e-06,0.000441154276313306,-0.00105212106338847
13.4859589748238,1.72946870617873e-06,3.01849232330252e-08,1,0.000143852657220867,-6.43715856003212e-07,-0.00293112661077244,8.44287289322883e-05
13.4884783834316,1.7454263466293e-06,3.04634365997371e-08,1,1.10547120402049e-07,-6.49228121424339e-07,-2.187920373056e-06,9.23057152412322e-05
13.492110701009,5.2311546940287e-06,9.13008730919572e-08,0.999999999999996,1.67489310050169e-05,-1.88869726949614e-06,-0.000341233694923298,0.000281350167116262
13.4968150299297,2.63568449615273e-05,4.60013725016314e-07,0.999999999999894,7.83773537398701e-05,-9.40132452851613e-06,-0.00159696045614589,0.0014600680209609
13.4989905459974,2.18500278368451e-06,3.81354927405361e-08,0.999999999999999,-0.000193920991226168,-8.04993304269856e-07,0.00395139863680978,0.000125016771312328
13.5011660620651,3.75500808659466e-08,6.55372545500892e-10,1,-1.72281514035209e-05,-4.12061278553846e-08,0.000351083215498313,3.38777604972795e-06
13.5050317271033,-3.74611693087729e-06,-6.53820746085135e-08,0.999999999999998,-1.70830753570808e-05,1.30460642819036e-06,0.000348145155548118,-0.000198191775283309
13.5089601120523,-1.6474907449941e-05,-2.87541378962809e-07,0.999999999999959,-5.65523255075621e-05,5.83161016388917e-06,0.0011523829244032,-0.000887051017570889
13.5128884970013,-2.04593321390516e-05,-3.57082708585538e-07,0.999999999999936,-1.77022696415249e-05,7.24856123215327e-06,0.000360695575067901,-0.00114665312499725
13.5151323433934,-3.14418391242613e-07,-5.4876361560073e-09,1,0.000156693022155315,8.45877277878962e-08,-0.00319272011203906,-2.51605094420142e-05
13.5173761897855,4.22256503449294e-07,7.36976627314898e-09,1,5.73007246594828e-06,-1.7725565567221e-07,-0.000116693987780388,2.14921666690445e-05
13.521108629481,3.92463504417096e-06,6.84978034599363e-08,0.999999999999998,1.63775016272253e-05,-1.42265884616748e-06,-0.000333670009991691,0.000209269810495784
13.526026039318,5.36596568588814e-05,9.36537687677702e-07,0.999999999999561,0.00017652380277192,-1.91099499174809e-05,-0.00359687145419033,0.00290661073361805
13.5288453057168,4.32714965282577e-06,7.55230086683391e-08,0.999999999999997,-0.000305403802695253,-1.56530280455184e-06,0.00622312496623033,0.000256189324387509
13.5316645721157,-8.0607377395931e-06,-1.40686413695664e-07,0.99999999999999,-7.66899582298321e-05,2.84035599747867e-06,0.00156269687883345,-0.000423412018848363
13.5346108431042,-7.49439311434364e-06,-1.30801835284088e-07,0.999999999999991,3.35494543784816e-06,2.63903438213656e-06,-6.83309906410583e-05,-0.000401377291290456
13.5380471325197,-7.10429250449313e-06,-1.23993295228159e-07,0.999999999999992,1.98136397507469e-06,2.50041672201449e-06,-4.03393437974754e-05,-0.000388362797804894
13.541504653996,5.05326983822609e-06,8.81961966687664e-08,0.999999999999996,6.13704045962547e-05,-1.82316288653284e-06,-0.00125048525027601,0.000255810508490423
13.5449621754722,2.80460057020781e-05,4.89495141534347e-07,0.99999999999988,0.000116065495940842,-1.00000750751282e-05,-0.002364963528005,0.00149436410046456
13.5480120814483,1.87379467434897e-05,3.27038865737239e-07,0.999999999999946,-5.32659947790302e-05,-6.68952733858694e-06,0.00108545894940095,0.00101378362702456
13.5511655501285,2.5402507136039e-06,4.43357387785235e-08,0.999999999999999,-8.9648306554939e-05,-9.28815948565474e-07,0.00182678566814219,0.000152634711478912
13.5541642846021,-8.65019946378762e-06,-1.50974461597341e-07,0.999999999999989,-6.51308750724979e-05,3.05103218525101e-06,0.00132717590331829,-0.000455624516003559
13.5571630190757,-8.24218092612888e-06,-1.43853194706024e-07,0.99999999999999,2.37475740316545e-06,2.90601659560494e-06,-4.8358929716043e-05,-0.000442035520321919
13.5606229822792,-7.24123059804228e-06,-1.26383315831995e-07,0.999999999999992,5.0491516373093e-06,2.55014778488481e-06,-0.000102853351260841,-0.00039743716154053
13.5638803838208,4.9829635107599e-06,8.69691197694961e-08,0.999999999999996,6.54977388817653e-05,-1.79711291494009e-06,-0.0013345793094199,0.000255558953912327
13.5671377853623,1.53806634584041e-05,2.68443218490326e-07,0.999999999999964,5.57113074350939e-05,-5.49474829145199e-06,-0.00113514877713006,0.000820447093225319
13.570373567821,1.3872148924998e-05,2.42114673068204e-07,0.999999999999971,-8.13668587390214e-06,-4.95804824597539e-06,0.000165864069151452,0.000751970009374441
13.5739751750157,5.67729319659289e-07,9.90874588816197e-09,1,-6.44728629816632e-05,-2.26200360737425e-07,0.00131381564656821,6.06455023151792e-05
13.5766300104336,-7.43718170461523e-06,-1.2980330781462e-07,0.999999999999992,-5.26255046768679e-05,2.6206478069145e-06,0.00107232566976514,-0.000391415674145026
13.5792848458516,-3.48836446651703e-06,-6.08834454502976e-08,0.999999999999998,2.5960126152741e-05,1.21637672553346e-06,-0.000528948450775917,-0.000186523232763937
13.5828917628783,-4.90269248019075e-06,-8.55681259920954e-08,0.999999999999996,-6.84370623407682e-06,1.71949937311045e-06,0.000139488278728078,-0.000267287591160491
13.5866502299347,4.39412481149751e-06,7.66919457042067e-08,0.999999999999997,4.31718754644714e-05,-1.58670904390975e-06,-0.000879669388451503,0.000218904718397784
13.5896037797096,1.06640459512216e-05,1.86122713432787e-07,0.999999999999983,3.70505920233204e-05,-3.81633918688416e-06,-0.000754898448625856,0.000567021521841954
13.5925573294844,6.58831266014795e-06,1.14987748070408e-07,0.999999999999993,-2.40845662964878e-05,-2.36668249295139e-06,0.000490818440331113,0.000355584447221255
13.5962518232534,4.11253480314064e-06,7.1777272917661e-08,0.999999999999997,-1.16959123102456e-05,-1.48597178074428e-06,0.000238384679276397,0.000235028401532832
13.599135534919,-5.18480069839765e-06,-9.04918432467404e-08,0.999999999999996,-5.62709226801076e-05,1.82060074155142e-06,0.00114663770368824,-0.000271523596945101
13.6020192465845,-4.56875798390295e-06,-7.97398695458845e-08,0.999999999999997,3.7285189879659e-06,1.60160526565474e-06,-7.59422235281716e-05,-0.000244310529475638
13.6057039742413,-7.42046043303284e-06,-1.29511466570387e-07,0.999999999999992,-1.35075375063484e-05,2.61589953618066e-06,0.000275269806891234,-0.000404550890051277
13.609226155729,4.10327444467605e-06,7.16156491725388e-08,0.999999999999997,5.71029960958797e-05,-1.48228829898562e-06,-0.00116353681644198,0.000203414470400831
13.6127483372168,3.31443076980019e-05,5.78477297624203e-07,0.999999999999833,0.000143905602314124,-1.1810231499821e-05,-0.00293225753323872,0.001763803702249
13.6157428650138,2.11538000945987e-05,3.69203460959426e-07,0.999999999999932,-6.98854212901274e-05,-7.54569662096276e-06,0.00142410929796644,0.00114268306380125
13.6187324558054,3.52720788447685e-06,6.15613909864248e-08,0.999999999999998,-0.000102904407802382,-1.27685103964788e-06,0.00209689085178235,0.000201598822861588
13.6218786834328,-8.25225893877537e-06,-1.44029089208763e-07,0.99999999999999,-6.53450749724813e-05,2.9124967483698e-06,0.00133154631009136,-0.00043333812217917
13.6250249110602,-1.16992174716008e-05,-2.0418986478628e-07,0.999999999999979,-1.91215584825874e-05,4.13845247232929e-06,0.000389658940525937,-0.000626964616160369
13.6284009746586,-9.56095670242221e-06,-1.66870174097886e-07,0.999999999999986,1.10542025056544e-05,3.37808578057593e-06,-0.000225222857803858,-0.000523308467034666
13.6316631666698,5.08384195207693e-06,8.8729780714758e-08,0.999999999999996,7.83522103963793e-05,-1.83005430371125e-06,-0.00159651549217605,0.000258088071982818
13.634925358681,1.85959064981204e-05,3.24559795785204e-07,0.999999999999947,7.2291886640299e-05,-6.63528418798487e-06,-0.00147300645327402,0.000990885787582739
13.6380308582847,1.38496560846601e-05,2.41722098946183e-07,0.999999999999971,-2.66745153466393e-05,-4.94713341780469e-06,0.000543600381769653,0.000749495416007552
13.6414450477346,2.36789659754576e-06,4.13275919739445e-08,0.999999999999999,-5.86946067036318e-05,-8.63561778256613e-07,0.0011960588887927,0.000147268816112014
13.6442940397016,-7.69235923956495e-06,-1.34256995976615e-07,0.999999999999991,-6.16304257731095e-05,2.71429983422467e-06,0.00125583422274268,-0.000405020470355664
13.6471430316686,-5.409781629073e-06,-9.44185012412263e-08,0.999999999999996,1.39833650627306e-05,1.90260437300372e-06,-0.000284906195111118,-0.00028984107505908
13.6507019796955,-6.09169144186488e-06,-1.06320072676103e-07,0.999999999999994,-3.34412622633161e-06,2.14522391932742e-06,6.81717025622511e-05,-0.00033354809050461
13.6541281680764,4.87251162631945e-06,8.50413707209779e-08,0.999999999999996,5.58525749669256e-05,-1.75396243417039e-06,-0.00113805369698665,0.000248510599908656
13.6575543564573,2.28380764622476e-05,3.98599629088429e-07,0.999999999999921,9.15181021896202e-05,-8.14303936546825e-06,-0.00186477689517789,0.0012176774762937
13.6607093589897,1.80640591907502e-05,3.15277309153728e-07,0.99999999999995,-2.64095889240202e-05,-6.44499529386746e-06,0.000538206880713209,0.000978430429353616
13.6640212035426,1.66214877651862e-06,2.90099688082453e-08,1,-8.64374326084068e-05,-6.11640675338156e-07,0.00176136123705742,0.00011158965483677
13.6668515035338,-8.4104989574837e-06,-1.46790898543641e-07,0.999999999999989,-6.21138635119487e-05,2.9706132893732e-06,0.00126567995471742,-0.000443290926989106
13.669681803525,-5.50697688585652e-06,-9.611487848942e-08,0.999999999999995,1.79048228850668e-05,1.93808007597609e-06,-0.000364814053847234,-0.00029515741852739
13.6732139403259,-5.73201599258012e-06,-1.00042551847494e-07,0.999999999999995,-1.11198223044572e-06,2.01821468417565e-06,2.26872889463833e-05,-0.000314163404064883
13.6766311367968,4.95078966615767e-06,8.64075802481622e-08,0.999999999999996,5.45623096824628e-05,-1.78089709332731e-06,-0.00111176275925651,0.000253377534959317
13.6800483332678,2.15714207089762e-05,3.76492315704516e-07,0.999999999999929,8.48896860100111e-05,-7.69166727199303e-06,-0.00172971329827091,0.00115056428551952
13.6832354728102,1.77766449922779e-05,3.10260985073407e-07,0.999999999999952,-2.07808066607071e-05,-6.34188400339111e-06,0.000423509310040905,0.000963401406557503
13.6866060521659,1.01299340026959e-06,1.76800701356772e-08,1,-8.6804339568978e-05,-3.79868978961678e-07,0.00176883983292642,7.94977894583007e-05
13.6893777727791,-8.34480530091873e-06,-1.45644327938908e-07,0.999999999999989,-5.89252745393077e-05,2.94813589009116e-06,0.00120069997433903,-0.000439894692053388
13.6921494933922,-4.80049916591436e-06,-8.3784516184447e-08,0.999999999999996,2.23181988334462e-05,1.68771075325407e-06,-0.000454744656033897,-0.000257193547678969
13.6957032531302,-5.3347509807212e-06,-9.31089693875813e-08,0.999999999999996,-2.62382768970372e-06,1.87781370976906e-06,5.349347466626e-05,-0.000292121150654745
13.6991944721825,4.92090531623327e-06,8.58859999471632e-08,0.999999999999996,5.12700482709344e-05,-1.76939543483343e-06,-0.0010446806946192,0.000251234906184643
13.7026856912348,2.56201873465955e-05,4.47156624175866e-07,0.9999999999999,0.000103479792822767,-9.13069736100729e-06,-0.00210851906338239,0.0013662132150267
13.7058357860294,1.98908966259567e-05,3.47161637296768e-07,0.99999999999994,-3.17434850050216e-05,-7.09291865578344e-06,0.000646894407326957,0.0010775687467425
13.7090841331508,1.54936193987456e-06,2.70414671558976e-08,1,-9.85486335616677e-05,-5.69777976737884e-07,0.00200814150563386,0.000105073227047662
13.7119375086351,-8.74834978330417e-06,-1.5268750783479e-07,0.999999999999988,-6.29881962516656e-05,3.09251504800061e-06,0.00128349495002287,-0.000461277789055893
13.7147908841195,-5.94318772053e-06,-1.03728193787345e-07,0.999999999999995,1.71583846273378e-05,2.09495549955562e-06,-0.00034960682668686,-0.000318651566762148
13.7183035482875,-5.81005220627561e-06,-1.0140454071227e-07,0.999999999999995,6.61507324339049e-07,2.04769891154951e-06,-1.34532041054831e-05,-0.000318745482292114
13.7216759265753,4.96483016813015e-06,8.66526332362147e-08,0.999999999999996,5.57639617806487e-05,-1.78416309806948e-06,-0.00113624916384018,0.000254700674763441
13.7250483048631,1.90750708731015e-05,3.32922791786885e-07,0.999999999999945,7.30256624663312e-05,-6.80214899330958e-06,-0.00148796649339555,0.00101766857228967
13.7282710915446,1.65954303555664e-05,2.89644900490043e-07,0.999999999999958,-1.34287173101938e-05,-5.92009147475192e-06,0.00027369404361219,0.000899760343710562
13.7317377311515,3.83465002712953e-07,6.69272686351002e-09,1,-8.16214564278905e-05,-1.54261647209625e-07,0.00166323312525788,4.90554677905812e-05
13.7344405504492,-8.04906202247652e-06,-1.40482633989449e-07,0.99999999999999,-5.44525344236231e-05,2.84465328736461e-06,0.00110955065958065,-0.000424133967512599
13.737143369747,-4.0453977658252e-06,-7.06055105664723e-08,0.999999999999998,2.58534203453723e-05,1.42085519834084e-06,-0.000526782567445609,-0.0002165560942287
13.7407225254372,-5.00546881551264e-06,-8.7361911436596e-08,0.999999999999996,-4.68166302906116e-06,1.7623929967079e-06,9.54241245500957e-05,-0.000273540035740751
13.7443422784771,4.78561221209946e-06,8.35246898247847e-08,0.999999999999997,4.72094641200421e-05,-1.71961249520943e-06,-0.000961945595050057,0.000242376827900402
13.7479620315171,3.54807687547982e-05,6.19256235909917e-07,0.999999999999808,0.000148002236665692,-1.26358506208666e-05,-0.003015741130756,0.00189074325451308
13.7510245425947,2.40996721873537e-05,4.20618628320613e-07,0.999999999999912,-6.48610250060975e-05,-8.58805418693336e-06,0.00132172466688043,0.001304108389083
13.754040302836,2.70889615954832e-06,4.72791570787478e-08,0.999999999999999,-0.000123796138078116,-9.80539014074126e-07,0.00252258620187654,0.00016125959753966
13.7577672516028,-3.54504045565739e-05,-6.18726280676175e-07,0.999999999999809,-0.000178699917661251,1.25905900525103e-05,0.0036413511201107,-0.00187073416344765
13.7608121755917,-3.51864354029214e-05,-6.14119149821238e-07,0.999999999999811,1.51305282882574e-06,1.24966393350724e-05,-3.08548646143498e-05,-0.00188936437956651
13.7634556289947,-7.09850774385529e-06,-1.23892332108589e-07,0.999999999999992,0.000185449388725664,2.5075595571458e-06,-0.00377879926559642,-0.000387278556797697
13.7675356668114,1.18258257076633e-05,2.06399595365711e-07,0.999999999999979,8.09531534550383e-05,-4.22271404250342e-06,-0.00164956157322128,0.000592352582089478
13.7700064489481,8.10293483328484e-06,1.41422891915358e-07,0.99999999999999,-2.62980302816822e-05,-2.89842970179436e-06,0.00053597778656367,0.000428122961457808
13.7724772310848,2.37156311061733e-06,4.13915846991108e-08,0.999999999999999,-4.04856849701384e-05,-8.60013374264129e-07,0.000825008525540601,0.000126949489711699
13.7761672162637,4.13621802506592e-06,7.21906231177375e-08,0.999999999999997,8.34665640242838e-06,-1.48744452398549e-06,-0.000170036224888684,0.000225364483904303
13.7801295736323,-3.68383972092677e-06,-6.42951322459211e-08,0.999999999999998,-3.44455945453603e-05,1.29389129633215e-06,0.000701939669131641,-0.000178389922432521
13.7829923005428,-9.36674278030121e-06,-1.63480501703663e-07,0.999999999999987,-3.46471642455861e-05,3.31497277450072e-06,0.000705998700318919,-0.00049688810011088
13.7858550274533,-5.1989335412827e-06,-9.07385078877515e-08,0.999999999999996,2.54100359868607e-05,1.83280133936891e-06,-0.000517748105732535,-0.000279779199959797
13.7895680405054,-4.64506021720267e-06,-8.10715947435895e-08,0.999999999999997,2.60352253240383e-06,1.63589496904415e-06,-5.30314242270776e-05,-0.000259772016357435
13.7923853568168,2.84114382932243e-06,4.95873143443961e-08,0.999999999999999,4.63770818189862e-05,-1.02635884536418e-06,-0.000944960920273566,0.000147855475886162
13.7952026731283,2.61798603008317e-06,4.56924759961666e-08,0.999999999999999,-1.38246398969954e-06,-9.46878797641901e-07,2.82112616883322e-05,0.000139884855753362
13.7991667215718,8.0824439843905e-06,1.41065259135623e-07,0.99999999999999,2.40594393583781e-05,-2.89008489272124e-06,-0.000490207454017877,0.000438992590393119
13.802891134919,-1.67778088664322e-06,-2.92828005989539e-08,1,-4.57382260920745e-05,5.81247717246455e-07,0.000932048160706264,-6.68260295901547e-05
13.80569177979,-8.99706464665009e-06,-1.57028401098824e-07,0.999999999999988,-4.56129235882774e-05,3.18426891132947e-06,0.000929436366965105,-0.000475824032557954
13.8084924246611,-4.93952215385254e-06,-8.62109250599286e-08,0.999999999999996,2.52861320518047e-05,1.74130443393426e-06,-0.000515225794003708,-0.000265165455163156
13.8121068433819,-5.06200564164855e-06,-8.83486652012952e-08,0.999999999999996,-5.91447838909861e-07,1.78494215221513e-06,1.20732326968778e-05,-0.000279098214512539
13.815310785087,4.29454807973367e-06,7.49540038765525e-08,0.999999999999997,5.09693009758647e-05,-1.54250719885506e-06,-0.00103854865578341,0.000222177036377534
13.8185147267922,1.01358955806274e-05,1.76904750520289e-07,0.999999999999984,3.18204124876957e-05,-3.61977901068776e-06,-0.000648348816243219,0.00054134277050862
13.8219875464922,1.32056804759219e-05,2.30482604271166e-07,0.999999999999973,1.54277671684817e-05,-4.71133810649303e-06,-0.000314314934282826,0.00071734174103955
13.8259679112102,-5.13615916905553e-06,-8.96428884065149e-08,0.999999999999996,-8.04261708064454e-05,1.81212434063748e-06,0.00163891073039472,-0.000217290312642141
13.8283144112762,-6.04604390266587e-06,-1.05523372821647e-07,0.999999999999994,-6.76773235395503e-06,2.13552077888955e-06,0.000137820766741023,-0.000314889850847236
13.8306609113422,-1.7916420368829e-06,-3.12700525607443e-08,1,3.16442864576256e-05,6.22521792048681e-07,-0.000644789663027356,-9.48137007355392e-05
13.8342073493753,-3.92638406696606e-06,-6.85283296664033e-08,0.999999999999998,-1.05058305707207e-05,1.38181907927486e-06,0.000214101382889615,-0.000211415730391702
13.8391289900464,-1.88309901215935e-05,-3.28662779032328e-07,0.999999999999946,-5.28552299426405e-05,6.68234935534675e-06,0.00107698441034084,-0.0010610487555107
13.841302538791,-9.20715579753685e-07,-1.60695183411102e-08,1,0.000143817000411225,3.13071056313631e-07,-0.00293035907980139,-5.74307122589664e-05
13.8434760875355,1.59911435629726e-07,2.79098106332969e-09,1,8.67728384356815e-06,-7.11354376825873e-08,-0.000176764609009374,7.46644629901938e-06
13.8472611471217,3.71071887779925e-06,6.47642620335061e-08,0.999999999999998,1.63731321948969e-05,-1.33382525156426e-06,-0.000333598397893174,0.000197243566720498
13.8522454077379,6.51715932353675e-05,1.13745888072738e-06,0.999999999999353,0.000215216398440635,-2.31913874103969e-05,-0.00438531686888013,0.00351853954133892
13.855389542195,1.4500230160184e-05,2.53076758592194e-07,0.999999999999968,-0.000281279994283402,-5.17044711607796e-06,0.00573160611922832,0.000829212041753623
13.857882560563,-5.31499065470171e-06,-9.27640866372737e-08,0.999999999999996,-0.000138723745350435,1.87646475889904e-06,0.00282665862617422,-0.000273482527043343
13.8603755789309,-2.72373610159515e-06,-4.75381629282701e-08,0.999999999999999,1.81410310852184e-05,9.54936651424583e-07,-0.000369643529033515,-0.000144340226529548
13.8637689653217,-4.34993932079546e-06,-7.59207634098465e-08,0.999999999999997,-8.36409333137599e-06,1.53336458866962e-06,0.000170457434149954,-0.000234359690554814
13.8683789571811,-1.2540900099362e-05,-2.1887999789755e-07,0.999999999999976,-3.10107346925699e-05,4.44632157073271e-06,0.000631878986099333,-0.000710543311734608
13.8707115979549,1.26788592714703e-06,2.21287839684167e-08,1,0.000103320144523034,-4.64373334411509e-07,-0.00210520838029128,6.11708441248411e-05
13.8730442387286,7.89726429116668e-07,1.37833263781035e-08,1,-3.57768657916182e-06,-2.9421919521846e-07,7.29448533638713e-05,4.14396526027341e-05
13.8768676781397,4.44616134581213e-06,7.76001545593238e-08,0.999999999999997,1.66909479448717e-05,-1.5944706645567e-06,-0.000340073773775457,0.000238261162961529
13.8819117727375,5.02671736634014e-05,8.77327686098022e-07,0.999999999999615,0.000158547290508017,-1.78897516418032e-05,-0.00323056609297673,0.00274782942865698
13.884247576858,3.44602596581368e-06,6.01444992126662e-08,0.999999999999998,-0.000349850905601313,-1.23850104205304e-06,0.00712870161208231,0.000196523990074403
13.8865833809786,-4.56769865247002e-07,-7.972138072451e-09,1,-2.91619646893866e-05,1.49499687501054e-07,0.000594228222022683,-2.2253576945212e-05
13.890110177548,-4.12121581705901e-06,-7.19287851929479e-08,0.999999999999997,-1.81344871649788e-05,1.45281897951331e-06,0.000369547623851141,-0.000219055148935632
13.8946523932596,-3.72599583288824e-05,-6.50308951994835e-07,0.999999999999789,-0.000127334367965017,1.32382662234328e-05,0.00259464719249866,-0.00201401501447123
13.8979296559711,-7.31026503455798e-06,-1.27588194046453e-07,0.999999999999992,0.000159499193065948,2.58696147735923e-06,-0.00325006131144661,-0.000432216526440093
13.9005173415528,6.87673732990779e-06,1.20021708201694e-07,0.999999999999993,9.56877852538182e-05,-2.45824111280702e-06,-0.00194969691287233,0.000359138402997054
13.9031050271345,3.42414246848836e-06,5.97625601324881e-08,0.999999999999998,-2.32868894485716e-05,-1.23024369343034e-06,0.000474554338460177,0.00018268265111098
13.9065543455933,4.70408184374113e-06,8.2101716456568e-08,0.999999999999997,6.47639717560037e-06,-1.68532116070444e-06,-0.000131932575294101,0.000255036357193892
13.9113299522901,1.11134164866059e-06,1.93965708836694e-08,1,-1.31302993636992e-05,-4.07143233011086e-07,0.000267647234965354,0.000121680446276738
13.9135572285493,-2.99181172443384e-06,-5.22169651911398e-08,0.999999999999999,-3.21529652110938e-05,1.05187006595028e-06,0.000655066156697287,-0.000150795577855288
13.9157845048084,-9.34843350108372e-07,-1.63160944497652e-08,1,1.6118732732169e-05,3.20350115974858e-07,-0.000328437007749632,-4.86507798791573e-05
13.9193803683239,-3.73609384312053e-06,-6.52071387259416e-08,0.999999999999998,-1.35964682935343e-05,1.31667751701986e-06,0.000277075978205046,-0.000199819345631336
13.9242482466793,-3.54247187855542e-05,-6.18277979400969e-07,0.999999999999809,-0.000113616405400367,1.25863211153655e-05,0.00231510378349443,-0.00193317971177699
13.9267985960129,-6.4259133985947e-07,-1.12153346253496e-08,1,0.000238031173529235,2.16647276647925e-07,-0.00485018804128843,-4.59109789390331e-05
13.9293489453464,2.0197304184828e-06,3.52509458052079e-08,0.999999999999999,1.82195747928314e-05,-7.30056964782384e-07,-0.000371205712478055,0.000105991532124257
13.9327921257457,5.44682553550774e-06,9.50650393763132e-08,0.999999999999995,1.73717571068646e-05,-1.94875817773231e-06,-0.000353946372723009,0.000291993236021121
13.937120706602,2.21164382458645e-05,3.86004666204325e-07,0.999999999999926,6.72136287820221e-05,-7.87686152978614e-06,-0.00136952584434961,0.00121070104433823
13.9398244344782,-1.75350897537791e-06,-3.06045050836168e-08,1,-0.000154086946009766,6.12209203197574e-07,0.00313976521367133,-8.30192941855211e-05
13.9425281623544,-3.55603305849694e-06,-6.20644851805356e-08,0.999999999999998,-1.16357790196408e-05,1.25328213254878e-06,0.000237107045790375,-0.000188127849447111
13.9459531424663,-6.55652200839969e-06,-1.14432896526046e-07,0.999999999999993,-1.52901358941388e-05,2.32044195814001e-06,0.000311581320395625,-0.000352834141440226
13.9502073411964,-1.41742890497766e-05,-2.47388013047978e-07,0.999999999999969,-3.12526811648964e-05,5.02955454004828e-06,0.00063680912759924,-0.000792524591221685
13.9525137894966,2.67298895807003e-07,4.66524581877747e-09,1,0.000109281989471007,-1.06223711007287e-07,-0.00222670425798371,8.50738572194581e-06
13.9548202377969,4.91270905573095e-07,8.57429482150466e-09,1,1.69483486894135e-06,-1.85788634937913e-07,-3.44967298512278e-05,2.55428304702072e-05
13.958793973508,4.59922076576451e-06,8.02715453886855e-08,0.999999999999997,1.80427828571782e-05,-1.64663012694476e-06,-0.000367624220183152,0.000245856711323495
13.9639599862376,7.25910169893379e-05,1.26695225383475e-06,0.999999999999197,0.000229709211063254,-2.58266915583015e-05,-0.0046806043068904,0.00394797982681952
13.9663588076373,5.9044960089625e-06,1.0305289602726e-07,0.999999999999995,-0.000485196337645908,-2.11055186870578e-06,0.00988658000650822,0.000332002382320482
13.968757629037,-7.13262464452091e-07,-1.2448778435578e-08,1,-4.81493430384657e-05,2.42972767385736e-07,0.000981117075398858,-3.50305596272584e-05
13.9720973307407,-4.28592498632065e-06,-7.48035025047883e-08,0.999999999999997,-1.86707465517851e-05,1.51362782306301e-06,0.000380469625251848,-0.000227831593166868
13.9763413377003,-2.5036715801689e-05,-4.36973124625551e-07,0.999999999999905,-8.53367172983078e-05,8.89344664274792e-06,0.00173887999948866,-0.00135330561637933
13.9805638263354,-2.05160546227063e-05,-3.58072702685219e-07,0.999999999999936,1.86857630081199e-05,7.28513004035356e-06,-0.000380893056530046,-0.00123835196457852
13.9825554005071,-3.3220463883622e-06,-5.79806473809066e-08,0.999999999999998,0.000150680833067208,1.17097428307882e-06,-0.00307001157386375,-0.00019886182588754
13.9845469746788,-5.37159520200571e-07,-9.37520223593296e-09,1,2.44055410218041e-05,1.80708337260955e-07,-0.000497227750740039,-3.18173543925826e-05
13.9877318059582,2.495432849772e-06,4.35535194909464e-08,0.999999999999999,1.66190033578746e-05,-8.97714312189265e-07,-0.00033861217591657,0.000131697758916404
13.992063288369,2.42299914095517e-05,4.22893127826607e-07,0.999999999999911,8.75773170380158e-05,-8.62722866663149e-06,-0.00178449630435078,0.00130184699282469
13.9962497367427,6.15094424093453e-05,1.0735422911087e-06,0.999999999999424,0.00015541793549186,-2.18846010087703e-05,-0.00316673494063675,0.00339813407867924
13.9983936272942,6.18303888192449e-06,1.07914386268411e-07,0.999999999999994,-0.000450409142476205,-2.20880590281939e-06,0.00917761174546079,0.000347835275652586
14,1.91896619499524e-06,3.34922783371344e-08,0.999999999999999,-4.63292906187811e-05,-6.9237098656471e-07,0.000944011878896326,0.000105948000381815
14.003479591457,-2.81880968497768e-06,-4.91975099899646e-08,0.999999999999999,-2.37642232858195e-05,9.92661765528683e-07,0.000484261664889802,-0.000145806728453808
14.0078958046817,-5.08875313492706e-05,-8.88154970256487e-07,0.999999999999606,-0.000189972136211498,1.80878827230954e-05,0.00387101348772125,-0.00271909276420912
14.0114818069119,-7.69665512349089e-05,-1.34331973295366e-06,0.999999999999098,-0.000126928187289626,2.7362297183105e-05,0.00258628240157545,-0.00418591353775879
14.0144116231344,2.72514089165118e-06,4.75626811400472e-08,0.999999999999999,0.000474733672170136,-9.79024737248309e-07,-0.00967341285867671,9.59624236397829e-05
14.0169967851072,1.09056111970538e-05,1.90338822330948e-07,0.999999999999982,5.52290892006784e-05,-3.88803448203504e-06,-0.00112527175297204,0.000574560287133196
14.0195467924215,4.03442015563196e-06,7.04139151245996e-08,0.999999999999998,-4.70292404775365e-05,-1.44426059682759e-06,0.000958339951202897,0.00021580005534815
14.0229193462632,4.03796345044972e-06,7.04757572855384e-08,0.999999999999998,1.83368935949455e-08,-1.44542049126592e-06,-3.43921696366415e-07,0.000219847732950315
14.0278873951958,-1.32542761639239e-05,-2.31330759029073e-07,0.999999999999973,-6.07495055730723e-05,4.70489228363509e-06,0.00123797346974942,-0.000632918644700253
14.0300324748296,-4.24084856599158e-06,-7.4016770555033e-08,0.999999999999997,7.33371321004459e-05,1.49905411017896e-06,-0.00149450776691863,-0.000215970813482068
14.0321775544635,-9.60488681332715e-07,-1.67636899173945e-08,1,2.66904219936729e-05,3.32427582939868e-07,-0.000543861639832083,-4.97820499687978e-05
14.0356582604257,-3.46884397309857e-06,-6.05427485685315e-08,0.999999999999998,-1.25776377340404e-05,1.22456951529228e-06,0.00025631062837355,-0.000185325533215543
14.0404000984154,-3.01961427898429e-05,-5.27022113085081e-07,0.999999999999861,-9.83752219144326e-05,1.07297950229471e-05,0.00200454455178595,-0.00164404925778161
14.0431398870536,2.00233133060601e-07,3.4947274434914e-09,1,0.000193634221680345,-8.02041331065236e-08,-0.00394555952429714,-2.78858968387474e-06
14.0458796756918,4.3750443565752e-06,7.6358928943034e-08,0.999999999999997,2.65948257771908e-05,-1.56481136579371e-06,-0.000541869256621454,0.000231064551147226
14.0491655324361,6.94915387617537e-06,1.21285615366986e-07,0.999999999999993,1.36727465373939e-05,-2.48016604464224e-06,-0.000278574128472583,0.000373523985673057
14.0531427190062,1.24608371309886e-05,2.17482635490513e-07,0.999999999999976,2.41872032977887e-05,-4.4401348083712e-06,-0.000492802821592115,0.000689038901218007
14.0557896403203,-2.34433691423409e-06,-4.09163979294288e-08,0.999999999999999,-9.76224839187227e-05,8.25139264647806e-07,0.00198920687402732,-0.000118531777872502
14.0584365616344,-2.25899374103521e-06,-3.94268785630086e-08,0.999999999999999,5.62736549245001e-07,7.94814181286522e-07,-1.14567377578371e-05,-0.00011977440086524
14.0621571856677,-6.32142708122764e-06,-1.10329715992157e-07,0.999999999999994,-1.90567057554077e-05,2.23963555799818e-06,0.000388327700885462,-0.000340887459601652
14.0669051378013,-1.94309203548327e-05,-3.39133536884609e-07,0.999999999999942,-4.81900015958081e-05,6.90161291954637e-06,0.000981892241206158,-0.00111055997536984
14.0690437615589,-9.57705766786183e-07,-1.67151188957558e-08,1,0.00015075976633715,3.32191435956592e-07,-0.00307179860882037,-6.18701892547671e-05
14.0711823853166,1.52669173318973e-07,2.66457974071397e-09,1,9.06176159644674e-06,-6.26050007685406e-08,-0.000184603035157491,6.70101290906714e-06
14.0747804800477,3.35660377259386e-06,5.85837875166259e-08,0.999999999999998,1.55413383903172e-05,-1.20197189845856e-06,-0.000316658393636151,0.000178282757643993
14.0795770206444,4.76518021480817e-05,8.31680841992836e-07,0.999999999999654,0.000161178048822959,-1.69548536413756e-05,-0.00328421732816213,0.00257113835190855
14.0837682231716,6.34908251152167e-05,1.10812394306821e-06,0.999999999999386,6.59579438788444e-05,-2.25865291712235e-05,-0.00134368966740868,0.003639137930777
14.0855766718174,1.67968675546769e-05,2.93160642850516e-07,0.999999999999957,-0.000450642213212842,-5.98140387921868e-06,0.00918197225600795,0.000938227638835539
14.0873851204632,3.78608216506839e-06,6.60795995314789e-08,0.999999999999998,-0.000125566763451324,-1.35440285315456e-06,0.00255854709330601,0.000208980102236331
14.0902957703211,-1.5439629940341e-06,-2.69472377748446e-08,1,-3.19608478683816e-05,5.41214161729805e-07,0.000651269341017538,-7.92216793762386e-05
14.0942663166253,-1.6308224308842e-05,-2.84632209343065e-07,0.999999999999959,-6.48991226459821e-05,5.79204034581853e-06,0.00132244426378465,-0.000870304783573462
14.098255179242,-5.2453740538416e-05,-9.15490477382054e-07,0.999999999999581,-0.00015815492501222,1.86466457157844e-05,0.00322262424279202,-0.00284776561303808
14.101047529297,-1.83234784852448e-06,-3.19805029985865e-08,0.999999999999999,0.000316403730550974,6.43844317306168e-07,-0.00644718643592098,-0.000122237578130964
14.1038398793519,8.23498397161887e-06,1.43727584153708e-07,0.99999999999999,6.29248065951366e-05,-2.93633974492427e-06,-0.00128214012992798,0.000434071324599289
14.1067749686608,6.84516117986229e-06,1.19470600418297e-07,0.999999999999993,-8.26447892461761e-06,-2.44196323389816e-06,0.000168436616059424,0.000367293335148966
14.1102841380708,6.67586063392061e-06,1.1651574846619e-07,0.999999999999993,-8.42037418784361e-07,-2.38163738539996e-06,1.7190919402644e-05,0.00036649561587465
14.1135922852023,-4.9320967498365e-06,-8.60813273115579e-08,0.999999999999996,-6.12418576698895e-05,1.74668494994349e-06,0.001247925854339,-0.000252495708443872
14.1169004323338,-1.70299676480917e-05,-2.97229006967312e-07,0.999999999999956,-6.38265685482594e-05,6.04918199358185e-06,0.0013005760846256,-0.000908119864909465
14.1201252690949,-1.50573122414797e-05,-2.62799675114666e-07,0.999999999999965,1.06763022141046e-05,5.34761871364715e-06,-0.000217550013196828,-0.000815883924949262
14.1236551098324,-6.96922230836713e-07,-1.21635875584446e-08,1,7.10049280394452e-05,2.40469243346172e-07,-0.00144684982981177,-6.58614129198003e-05
14.1263420398674,7.70342489318278e-06,1.34450128066132e-07,0.999999999999991,5.4565512952354e-05,-2.74684833079418e-06,-0.00111179581726136,0.000405925722359279
14.1290289699023,3.80906653599616e-06,6.6480752480668e-08,0.999999999999998,-2.52962952891042e-05,-1.36177383051207e-06,0.0005154858824985,0.000204074950909529
14.1326215623895,4.9990941407175e-06,8.72506523726771e-08,0.999999999999996,5.78131251064715e-06,-1.78489517788722e-06,-0.000117776048600165,0.000273174110929085
14.1362964262887,-4.64669534690748e-06,-8.11001331406355e-08,0.999999999999997,-4.58114341466948e-05,1.6456473133917e-06,0.000933515522054009,-0.000233628353000026
14.1399712901878,-4.12720988785939e-05,-7.2033401464006e-07,0.999999999999741,-0.000173947634264731,1.46711201379868e-05,0.00354447761389455,-0.00219811440251036
14.1429867074759,-2.6162035762676e-05,-4.56613663083186e-07,0.999999999999896,8.74573322250842e-05,9.29730968500284e-06,-0.00178211170782475,-0.00141445832506086
14.1458947727973,-3.24651316851599e-06,-5.66623439999574e-08,0.999999999999998,0.000137531752168656,1.14771197570148e-06,-0.00280241219106117,-0.00018727660446342
14.1496976736712,3.22926776465767e-05,5.63613549217907e-07,0.999999999999841,0.000163105985087992,-1.14914191787156e-05,-0.00332354998822009,0.00170108536340172
14.1528478972791,4.23339896110653e-05,7.38867504218097e-07,0.999999999999727,5.56322270446402e-05,-1.50622599604738e-05,-0.00113351978339534,0.00227196024609982
14.1554779236538,8.73865692639457e-06,1.52518335567792e-07,0.999999999999988,-0.000222944216188857,-3.11438394209528e-06,0.00454287308050637,0.000476236865806204
14.1592335558149,-6.26846956039158e-06,-1.09405432889874e-07,0.999999999999994,-6.97415926863341e-05,2.22291594538457e-06,0.00142114553783841,-0.000307033157478144
14.161898879625,-8.94450682319266e-06,-1.5611109403181e-07,0.999999999999988,-1.75234472311708e-05,3.17453906009733e-06,0.000357038462295932,-0.00047370440411811
14.1645642034352,-3.54657700961129e-06,-6.18994459932515e-08,0.999999999999998,3.53471678293623e-05,1.25484197490319e-06,-0.000720249103636559,-0.000190333079835476
14.1682651099026,-4.34748195086344e-06,-7.58778742135932e-08,0.999999999999997,-3.77702823448906e-06,1.5397073871596e-06,7.69717945509828e-05,-0.000239465151503139
14.1715678216742,4.27586184991352e-06,7.46278676414065e-08,0.999999999999997,4.55703531705754e-05,-1.52703762503228e-06,-0.000928553632354604,0.000221012854792718
14.1748705334459,1.24465723426891e-05,2.17233667967587e-07,0.999999999999976,4.31783970826678e-05,-4.43276796729966e-06,-0.000879801370257042,0.000664701385370284
14.1783169611297,1.54197858082606e-05,2.69126032306439e-07,0.999999999999964,1.50568557065866e-05,-5.49002239051009e-06,-0.000306768201800947,0.000837567785127611
14.1821454559034,-4.63412445337794e-06,-8.08807296586274e-08,0.999999999999997,-9.14215070551567e-05,1.64222081574586e-06,0.00186293664424944,-0.000195607153883156
14.1845465134669,-6.66884275000613e-06,-1.1639326328536e-07,0.999999999999993,-1.47903716127693e-05,2.36564440374486e-06,0.000301293729487489,-0.000348802145064691
14.1869475710303,-2.08095991829583e-06,-3.63196021762944e-08,0.999999999999999,3.33493300322148e-05,7.34015528489788e-07,-0.000679545921808891,-0.000110524146505036
14.1905059234764,-4.048189603628e-06,-7.06542373283126e-08,0.999999999999998,-9.64902596692062e-06,1.43368567199541e-06,0.000196627555617639,-0.000218579955114954
14.1954925198416,-1.21431898496655e-05,-2.11938644571416e-07,0.999999999999978,-2.83328340406894e-05,4.31232551096163e-06,0.000577275485751291,-0.000714420576176775
14.1976622221885,4.44749135974318e-07,7.7623367681518e-09,1,0.000101258581230037,-1.64099232423808e-07,-0.00206315154231221,1.41442676039792e-05
14.1998319245354,4.11564434792688e-07,7.1831544712419e-09,1,-2.66940899858817e-07,-1.52214719517227e-07,5.47748539033805e-06,2.07126324292161e-05
14.2034592780277,3.55308874615712e-06,6.20130972359988e-08,0.999999999999998,1.51156877545092e-05,-1.26940005201656e-06,-0.00030798909862864,0.000189290225131779
14.2083072380822,4.59792278867736e-05,8.02488914148907e-07,0.999999999999678,0.000152739669592281,-1.63575561959081e-05,-0.00311226907285417,0.00248861712518927
14.2112798849759,4.62510822227546e-06,8.07233667397684e-08,0.999999999999997,-0.000242802314975238,-1.6503602061911e-06,0.00494750857243841,0.000275995212414118
14.2142525318697,-1.38582262321086e-05,-2.4187167623654e-07,0.999999999999971,-0.000108521144456588,4.92299490055699e-06,0.00221128016265347,-0.000729751582532981
14.2170847310189,-9.44434807414531e-06,-1.64834969598221e-07,0.999999999999986,2.72003141662503e-05,3.35322436591889e-06,-0.000554258529139135,-0.000506104185283745
14.2202469263469,-5.26855764858586e-06,-9.19536777989534e-08,0.999999999999996,2.30476881530074e-05,1.86817169230518e-06,-0.000469627116469177,-0.000288034855836828
14.2239336873248,5.82255473407107e-06,1.01622750987123e-07,0.999999999999995,5.25058255595717e-05,-2.0762590768207e-06,-0.00106989056051036,0.000295202596678701
14.2268812534357,1.11662721453522e-05,1.94888214110126e-07,0.999999999999981,3.16415169711854e-05,-3.97657400879747e-06,-0.00064470646643805,0.000594386117837108
14.2298288195467,6.42957473816694e-06,1.12217248684065e-07,0.999999999999994,-2.80471963357229e-05,-2.29193620831234e-06,0.000571535204666808,0.000347356706749801
14.2335666504878,3.29044717565805e-06,5.74291370781811e-08,0.999999999999998,-1.4657728631572e-05,-1.17540901745923e-06,0.00029870992252886,0.000192273963908865
14.2364381578808,-5.90043684607709e-06,-1.02982050270035e-07,0.999999999999995,-5.58630591514692e-05,2.09321780194702e-06,0.00113829650147902,-0.000309896643604403
14.2393096652738,-4.70679727027895e-06,-8.2149109590249e-08,0.999999999999997,7.25505381970399e-06,1.66872514944074e-06,-0.000147829204111842,-0.000251981911402033
14.2429756197489,-6.91491708937448e-06,-1.20688070712007e-07,0.999999999999993,-1.0512667678562e-05,2.45403415647818e-06,0.000214216791933839,-0.000377801010492144
14.2464288845103,4.46359080518996e-06,7.79043560123096e-08,0.999999999999997,5.75086014090155e-05,-1.5925893762745e-06,-0.00117182544992246,0.000224914990101074
14.2498821492717,2.60855729923328e-05,4.55279135985501e-07,0.999999999999896,0.000109280581144319,-9.28211911674196e-06,-0.0022267420171122,0.00138938312417436
14.2529678577349,1.90257008193636e-05,3.32061121797272e-07,0.999999999999945,-3.99318392069447e-05,-6.77120891462208e-06,0.000813722434294018,0.00102901799691737
14.2561415262438,2.86283769430174e-06,4.99659437157683e-08,0.999999999999999,-8.88861509267647e-05,-1.02297743276107e-06,0.00181122617739693,0.000170645523519252
14.2591100380101,-8.37209226749198e-06,-1.46120575348492e-07,0.999999999999989,-6.60554966605307e-05,2.97259233800283e-06,0.00134598414469848,-0.00044078367727163
14.2620785497764,-7.63374117811113e-06,-1.3323391780311e-07,0.999999999999991,4.34111721966705e-06,2.71000612920256e-06,-8.84571898225371e-05,-0.000409310831831632
14.2655481244653,-7.0584624295059e-06,-1.23193409523196e-07,0.999999999999992,2.8938729326164e-06,2.50541949166472e-06,-5.89659125056581e-05,-0.000387024614054813
14.2688665684377,5.02434542570907e-06,8.76913704361393e-08,0.999999999999996,6.35492965110964e-05,-1.79166552812611e-06,-0.00129490961893378,0.000256926567270416
14.2721850124102,1.82829659084394e-05,3.19097952132139e-07,0.999999999999949,6.97334605069856e-05,-6.50685453189083e-06,-0.00142090360510553,0.000974948702023914
14.2753721594455,1.52232245680123e-05,2.65695391482302e-07,0.999999999999965,-1.6755599932491e-05,-5.41856937103561e-06,0.000341460606867206,0.000824779745867883
14.2788427843288,1.1802947472769e-06,2.06000294839762e-08,1,-7.06199518056504e-05,-4.24216532822745e-07,0.00143903562213229,8.90254182099067e-05
14.2815848275205,-7.8742558067351e-06,-1.37431689971809e-07,0.999999999999991,-5.76328337704075e-05,2.79586921810642e-06,0.00117433808509361,-0.000414889264851222
14.2843268707121,-4.33394478958398e-06,-7.56416061778932e-08,0.999999999999997,2.25343218451197e-05,1.53679849746952e-06,-0.000459172461057451,-0.000232130322375022
14.2879065208772,-5.26923880335096e-06,-9.19655661923202e-08,0.999999999999996,-4.56021098754053e-06,1.86944364381638e-06,9.29267193733823e-05,-0.000288197364404165
14.2914675217783,4.81771014475324e-06,8.40849044326765e-08,0.999999999999996,4.94384796618508e-05,-1.7178586231177e-06,-0.00100738594753606,0.000244572847950875
14.2950285226795,3.09582248152408e-05,5.40322953598539e-07,0.999999999999854,0.000128120733983699,-1.10143632476091e-05,-0.00261064371581955,0.00164999641246705
14.2981220508181,2.21151216466482e-05,3.85981687213071e-07,0.999999999999926,-4.98916639740923e-05,-7.86925455938236e-06,0.00101667369660617,0.00119705984471725
14.3,3.72019693162263e-06,6.49296852794052e-08,0.999999999999998,-0.000170958833721323,-1.32733691407186e-06,0.00348354348892759,0.000201038841869457
14.3040988769342,3.25394686743668e-06,5.67920865217255e-08,0.999999999999998,-1.98532400176084e-06,-1.16138083320259e-06,4.04881833571597e-05,0.000191111542784375
14.3068900455668,-5.08215550747401e-06,-8.87003467037846e-08,0.999999999999996,-5.21259917896565e-05,1.8032374860469e-06,0.00106214231725123,-0.000266689186345907
14.3096812141993,-3.49037785912945e-06,-6.09185857805197e-08,0.999999999999998,9.95345125298512e-06,1.23714851863538e-06,-0.000202814319709474,-0.000186695388972405
14.3134489474355,-6.49202809442325e-06,-1.13307265379659e-07,0.999999999999994,-1.39045617922687e-05,2.30466680473861e-06,0.000283331706144835,-0.000354067950988372
14.3170092568333,4.01738034387882e-06,7.01165143055874e-08,0.999999999999998,5.15190561239461e-05,-1.43289009587345e-06,-0.0010497842976494,0.0001996923261446
14.3205695662312,3.36657717243069e-05,5.87578561813931e-07,0.999999999999827,0.000145341876137015,-1.19769414019402e-05,-0.00296155477737499,0.00179178756527357
14.3235926533011,2.25388903209187e-05,3.93377845845902e-07,0.999999999999923,-6.4239206968051e-05,-8.01962863656206e-06,0.00130903036327762,0.00121777342583206
14.3265779015362,3.53362358362354e-06,6.16733660603518e-08,0.999999999999998,-0.000111114538444463,-1.26056136059548e-06,0.00226415585695323,0.00020269830139597
14.3296995166305,-8.46287902815579e-06,-1.47705103239296e-07,0.999999999999989,-6.70737624514886e-05,3.00587592929719e-06,0.00136674034466692,-0.000444673495859215
14.3328211317248,-1.12649550098841e-05,-1.96610555011506e-07,0.999999999999981,-1.56667142792869e-05,4.00239376635422e-06,0.000319231489775469,-0.00060383329913017
14.3361964825744,-9.10375650596045e-06,-1.58890525328864e-07,0.999999999999987,1.11751433740631e-05,3.23377362387772e-06,-0.000227715629193156,-0.000498516125254416
14.3394688604992,5.12587524426006e-06,8.94634000588066e-08,0.999999999999996,7.58940229697624e-05,-1.82681190331349e-06,-0.00154645509887384,0.000260572789479933
14.342741238424,1.86744833286487e-05,3.25931220193704e-07,0.999999999999947,7.2261769750223e-05,-6.64513332078178e-06,-0.00147242205156299,0.000995156954323349
14.3458571315717,1.40665057275924e-05,2.45506839197126e-07,0.99999999999997,-2.58110202062873e-05,-5.00624642736085e-06,0.000525976603086382,0.000761321185879806
14.3492778105074,2.18040480121501e-06,3.80552428074945e-08,0.999999999999999,-6.06463220581716e-05,-7.78971096185709e-07,0.00123580008842883,0.000137860634313796
14.352112061263,-7.75793058169139e-06,-1.35401431791673e-07,0.999999999999991,-6.12001864164033e-05,2.75544486141094e-06,0.00124703714041491,-0.000408633411747225
14.3549463120187,-5.25407735839813e-06,-9.17009490585333e-08,0.999999999999996,1.54187072704772e-05,1.86497358746374e-06,-0.000314182248045255,-0.000281575465141326
14.3585082955385,-5.94521220835836e-06,-1.03763527765616e-07,0.999999999999995,-3.386477966565e-06,2.11077326385164e-06,6.90064047240295e-05,-0.000325612186701519
14.3619453553817,4.8740715558661e-06,8.5068596627666e-08,0.999999999999996,5.49400164711803e-05,-1.73697220292599e-06,-0.00111948748127939,0.000248559097026042
14.3653824152248,2.32456638296305e-05,4.05713370638796e-07,0.999999999999918,9.3290425144402e-05,-8.27054596498958e-06,-0.00190091940794908,0.00123936177191156
14.368537710587,1.83674043849513e-05,3.2057168156264e-07,0.999999999999949,-2.69837461480362e-05,-6.53551700055003e-06,0.000549878463111618,0.000994813713706992
14.3718398297412,1.63862306247319e-06,2.85993676392699e-08,1,-8.84196784805239e-05,-5.86009208469233e-07,0.00180172413960871,0.000110224491593634
14.3746726880179,-8.46170556273312e-06,-1.47684622404012e-07,0.999999999999989,-6.22283124765313e-05,3.00600982485347e-06,0.00126798402266917,-0.000446097654995694
14.3775055462946,-5.55929340593247e-06,-9.7027974017931e-08,0.999999999999995,1.78818152686973e-05,1.9737918028846e-06,-0.000364373336451115,-0.000298057460935475
14.3810348354754,-5.7347098433293e-06,-1.00089568412624e-07,0.999999999999995,-8.67481874633776e-07,2.0361796884973e-06,1.76771815559742e-05,-0.000314435571926844
14.3844463608525,4.95639052270385e-06,8.65053336358249e-08,0.999999999999996,5.46954460023858e-05,-1.76597661736065e-06,-0.00111450330441336,0.000253677891090909
14.3878578862296,2.12316767706801e-05,3.70562665367556e-07,0.999999999999931,8.32640242512148e-05,-7.55402355709134e-06,-0.00169661553116341,0.00113240429639531
14.3910498755549,1.76234838629233e-05,3.07587819080096e-07,0.999999999999953,-1.97290278473827e-05,-6.27068548159072e-06,0.000402049613802686,0.000955076757036355
14.3944330731927,9.29499182082983e-07,1.62228211219423e-08,1,-8.61211874531287e-05,-3.33537070708802e-07,0.00175489257396674,7.53713913121253e-05
14.3971953048673,-8.30736066172892e-06,-1.44990795697824e-07,0.999999999999989,-5.83635392738204e-05,2.95137838001095e-06,0.00118922517651595,-0.000437987712670542
14.3999575365418,-4.68711524331717e-06,-8.18055934162997e-08,0.999999999999997,2.28746932649296e-05,1.66387030698226e-06,-0.000466111544842889,-0.000251176754276452
14.4035150954608,-5.28232838039244e-06,-9.21940224093874e-08,0.999999999999996,-2.9201003355109e-06,1.87555682326454e-06,5.95033058059429e-05,-0.000289265493946066
14.4070218696736,4.91238638508508e-06,8.57373165498766e-08,0.999999999999996,5.07393200024527e-05,-1.75007584919059e-06,-0.00103389395850702,0.000250527689839824
14.4105286438864,2.66379527742618e-05,4.64919981901609e-07,0.999999999999892,0.00010812862258666,-9.47646011030439e-06,-0.0022032739470157,0.00142030192677722
14.4136687265637,2.03641039258686e-05,3.55420662724703e-07,0.999999999999937,-3.4871476464752e-05,-7.24509808188764e-06,0.00071060613931817,0.00110298769326827
14.416888837318,1.69622255724065e-06,2.96046684704474e-08,1,-0.000101181611165077,-6.05988975389573e-07,0.00206176421029834,0.000112086103598566
14.4197635784524,-8.82684862373432e-06,-1.54057571059293e-07,0.999999999999988,-6.3888270611105e-05,3.13637869365794e-06,0.00130181031756198,-0.000465487926633962
14.4226383195868,-6.27819888106818e-06,-1.09575241569663e-07,0.999999999999994,1.54735078431058e-05,2.22996774322055e-06,-0.000315301763904688,-0.000336740142667441
14.4261397451753,-5.96120418896858e-06,-1.0404264048118e-07,0.999999999999995,1.58009957616308e-06,2.11722820680486e-06,-3.21981814445401e-05,-0.000327227161931364
14.4294881269679,4.97078494785931e-06,8.67565637487195e-08,0.999999999999996,5.69825115684521e-05,-1.77059485547738e-06,-0.00116110506601304,0.000255076283834993
14.4328365087604,1.80462756658606e-05,3.14966928091795e-07,0.99999999999995,6.81554190894389e-05,-6.42067259886109e-06,-0.0013887537417991,0.000962749832963007
14.436070450858,1.59933108739298e-05,2.79135933045083e-07,0.999999999999961,-1.10796649925754e-05,-5.69044603823908e-06,0.000225800752946563,0.000867113175799413
14.4395775734842,2.06028854248849e-07,3.59588186075392e-09,1,-7.85658445852171e-05,-7.57331784023114e-08,0.00160094569207091,4.06200716386172e-05
14.4422568349071,-7.90030813841084e-06,-1.37886388937373e-07,0.99999999999999,-5.28064449353197e-05,2.80709810578526e-06,0.00107597984261561,-0.000416261532647297
14.44493609633,-3.8052894670943e-06,-6.6414830192256e-08,0.999999999999998,2.66758436235493e-05,1.35074010733495e-06,-0.000543566964379657,-0.000203707699860657
14.4485238182493,-4.91642477054377e-06,-8.58077996725954e-08,0.999999999999996,-5.40537140749922e-06,1.74591008209631e-06,0.00011014509587316,-0.000268527894794395
14.4521980610483,4.68251036983586e-06,8.17252232124131e-08,0.999999999999997,4.55966118863958e-05,-1.66786107390255e-06,-0.000929108755925047,0.000235932212881933
14.4558723038474,4.08175583394959e-05,7.12400785649013e-07,0.999999999999746,0.000171647764431474,-1.45188372104354e-05,-0.00349758490098405,0.00217429453952731
14.4588950668482,2.61160440416747e-05,4.55810956123054e-07,0.999999999999896,-8.48858575606142e-05,-9.29023674949998e-06,0.00172974211327166,0.0014123495279171
14.4618138694033,3.1654764844078e-06,5.5247987047371e-08,0.999999999999998,-0.00013723537701423,-1.1280914141224e-06,0.00279640201122485,0.000183476356649783
14.4655915087795,-3.20479012971593e-05,-5.59341395989562e-07,0.999999999999844,-0.00016269138523688,1.1395269455525e-05,0.00331512874113827,-0.00168857065096826
14.4687272253415,-4.03642719478209e-05,-7.044894456598e-07,0.999999999999752,-4.62886382735904e-05,1.43527466770297e-05,0.000943158338121692,-0.00216633428055905
14.4713712432535,-8.43237139337818e-06,-1.47172644565431e-07,0.999999999999989,0.000210784048996392,2.99652613350808e-06,-0.00429506187999152,-0.000459629158777068
14.475190185256,7.52368686196398e-06,1.31313107630311e-07,0.999999999999991,7.2922226106099e-05,-2.67815971197924e-06,-0.00148593140238947,0.00037189961681486
14.4778102915311,8.81366134289828e-06,1.53827409589319e-07,0.999999999999988,8.59289646865837e-06,-3.13675804433307e-06,-0.000175030431669195,0.000466802440263709
14.4804303978063,3.22027884558118e-06,5.62044686877137e-08,0.999999999999998,-3.72591531223475e-05,-1.14747795108897e-06,0.000759236414237139,0.000172868716779504
14.4841369121075,4.26861417153503e-06,7.45013717905763e-08,0.999999999999997,4.93641778121351e-06,-1.52024101406204e-06,-0.00010056970854002,0.000234698534710735
14.487556925749,-4.49779905095288e-06,-7.85014025322039e-08,0.999999999999997,-4.47374748641923e-05,1.59748694083648e-06,0.00091161272488701,-0.000231421208287294
14.4909769393905,-1.76536197513286e-05,-3.08113789555782e-07,0.999999999999952,-6.71378570646305e-05,6.27620642483784e-06,0.00136804117597594,-0.000942139885611397
14.4943094487279,-1.82562939680333e-05,-3.18632438954157e-07,0.999999999999949,-3.15637507158523e-06,6.49048216273757e-06,6.42986159094447e-05,-0.000990578231197276
14.4978577974374,1.48431666396647e-06,2.59062129284331e-08,1,9.70983068728777e-05,-5.30149564141526e-07,-0.00197856307306345,4.22907271504015e-05
14.5004339115287,7.78422327529933e-06,1.3586032586435e-07,0.999999999999991,4.26821596558192e-05,-2.77045283751523e-06,-0.000869644431103,0.000409798501985118
14.5030100256199,3.10236596983568e-06,5.41465007754596e-08,0.999999999999999,-3.17198005186437e-05,-1.10534143242282e-06,0.000646365551403254,0.000165920591132355
14.5065902508182,4.49647255178915e-06,7.84782507542718e-08,0.999999999999997,6.79615069762337e-06,-1.60108503628941e-06,-0.000138467156788726,0.000244828037006769
14.5105543484807,-3.78265366454647e-06,-6.6019760908965e-08,0.999999999999998,-3.6451678027293e-05,1.34341921912802e-06,0.000742793065683254,-0.000182219089771517
14.5133730497946,-9.0717909283081e-06,-1.58332620751528e-07,0.999999999999987,-3.27501390046973e-05,3.2243810617627e-06,0.000667315062212096,-0.000481061419343164
14.5161917511085,-4.70553290721854e-06,-8.21270422919043e-08,0.999999999999997,2.70357054449669e-05,1.67156151720141e-06,-0.000550898932394946,-0.000253129921899453
14.51990917265,-4.65389018807681e-06,-8.12257068081985e-08,0.999999999999997,2.42462543902039e-07,1.65317899060727e-06,-4.94496693177638e-06,-0.000259115008779214
14.5226847648313,2.08674168245489e-06,3.64205129974438e-08,0.999999999999999,4.23859890504404e-05,-7.43994771825491e-07,-0.000863662096532615,0.00010802408894536
14.5254603570126,1.9328744229792e-06,3.37350227085727e-08,0.999999999999999,-9.67537776965606e-07,-6.89231954168564e-07,1.97301383198923e-05,0.000103095484332782
14.5295800283483,8.26700488502566e-06,1.44286454522153e-07,0.99999999999999,2.68350125060014e-05,-2.94182907531116e-06,-0.000546790493123389,0.000448105434145346
14.5334287582396,3.17537879978479e-07,5.54208150542703e-09,1,-3.60493921201273e-05,-1.14535340858488e-07,0.000734604353718736,4.45162724201799e-05
14.5361238910887,-7.64116469280485e-06,-1.33363482576585e-07,0.999999999999991,-5.15394126594966e-05,2.71579585161374e-06,0.00105016388836479,-0.000402689705059995
14.5388190239378,-3.78698915099532e-06,-6.6095429422173e-08,0.999999999999998,2.49590862197519e-05,1.34508715828616e-06,-0.000508586689440739,-0.000202785317487012
14.54243390268,-5.03286204699323e-06,-8.78400135186934e-08,0.999999999999996,-6.01530110617679e-06,1.78816674264242e-06,0.000122571078024392,-0.000275069157737747
14.5460539020793,4.68256575324038e-06,8.17261898351728e-08,0.999999999999997,4.68415004119196e-05,-1.66703530280438e-06,-0.000954475861544797,0.000236752771791376
14.5496739014786,3.53772950496319e-05,6.17450279065528e-07,0.999999999999809,0.000147990104454907,-1.25832235198142e-05,-0.00301552210729496,0.00188493510531641
14.5527370395255,2.41966203226676e-05,4.22310692485509e-07,0.999999999999911,-6.37057761009918e-05,-8.60678980631667e-06,0.00129815687463598,0.00130909789898637
14.5557482310475,2.81111132639773e-06,4.90631482857454e-08,0.999999999999999,-0.000123953438852753,-1.00123177230804e-06,0.0025257636315618,0.000166484917454205
14.5594913406225,-3.58962216275777e-05,-6.26507256426787e-07,0.999999999999804,-0.000180483737165717,1.27647008342491e-05,0.00367767288956343,-0.00189397706901389
14.5625409031143,-3.62196994204446e-05,-6.32153008969399e-07,0.9999999999998,-1.85133197229172e-06,1.28795813995874e-05,3.76711628787232e-05,-0.0019447748413927
14.5651718460409,-7.22800113624257e-06,-1.26152418165324e-07,0.999999999999992,0.000192326707546059,2.56901315831053e-06,-0.00391896309769605,-0.000394244563735425
14.5692016571933,1.02917882824149e-05,1.79625591446311e-07,0.999999999999984,7.58789923517796e-05,-3.66184626873084e-06,-0.00154619141974916,0.000513003244064457
14.5717081576827,8.17540324574336e-06,1.42687704316452e-07,0.99999999999999,-1.47368361929194e-05,-2.90897975851017e-06,0.000300365594741567,0.000432132609081387
14.5742146581721,2.5260916707523e-06,4.40886168618322e-08,0.999999999999999,-3.93373501706194e-05,-8.99814709249057e-07,0.000801581750234043,0.000135243206463394
14.5779158551638,4.18773020597532e-06,7.30896802794896e-08,0.999999999999997,7.83559034622785e-06,-1.49070701601062e-06,-0.000159648975206275,0.000228516825297418
14.5817356163625,-4.21119374135937e-06,-7.34991962260995e-08,0.999999999999997,-3.83764504841665e-05,1.49636902008188e-06,0.000782005963373171,-0.000209735065185042
14.5847109217148,-1.06402832438821e-05,-1.85707975950524e-07,0.999999999999983,-3.77133660044646e-05,3.7827615392829e-06,0.000768456426656321,-0.000565621249562515
14.587686227067,-6.82113349168294e-06,-1.19051238147924e-07,0.999999999999993,2.2403326687866e-05,2.42450662782143e-06,-0.000456509416902231,-0.00036800708697445
14.5913872116054,-4.10430946681081e-06,-7.16337137166216e-08,0.999999999999997,1.2812137943156e-05,1.45825513049819e-06,-0.000261079582284431,-0.000235162040739871
14.594254923349,5.32216618083533e-06,9.28893231938683e-08,0.999999999999996,5.73708418490474e-05,-1.89409469477338e-06,-0.00116899818566426,0.000279035263252114
14.5971226350926,4.48650933716237e-06,7.83043598549516e-08,0.999999999999997,-5.08592377580769e-06,-1.59685010104077e-06,0.00010365218693839,0.000240136874457467
14.6008003151935,7.18219130174686e-06,1.2535288572358e-07,0.999999999999992,1.27929903031323e-05,-2.55547360933655e-06,-0.000260659840442733,0.000391806407940096
14.6043372498817,-4.14703886259301e-06,-7.23794823604086e-08,0.999999999999997,-5.59050097084977e-05,1.47371764152303e-06,0.00113917603971152,-0.000205600764827936
14.60787418457,-3.39963606737337e-05,-5.93348427452136e-07,0.999999999999824,-0.000147293911540116,1.20892962603908e-05,0.00300134991301495,-0.00180903799321905
14.6108681673372,-2.16098227870114e-05,-3.77162558405837e-07,0.999999999999929,7.22067846926502e-05,7.68406327741403e-06,-0.00147136217055242,-0.00116716410121078
14.6138459636665,-3.51801037821001e-06,-6.14008642190955e-08,0.999999999999998,0.00010603871429261,1.24991618048786e-06,-0.0021607075788112,-0.000200865229517893
14.6169977221687,8.33603466967398e-06,1.45491251546208e-07,0.999999999999989,6.56433910222461e-05,-2.9658006258455e-06,-0.00133757608758334,0.000437972594365855
14.6201494806708,1.19342917987691e-05,2.08292685782275e-07,0.999999999999978,1.99258395568471e-05,-4.2454097486236e-06,-0.000405998467807454,0.000639801210494293
14.6235187697623,9.60894970659994e-06,1.67707810038711e-07,0.999999999999986,-1.20455308647872e-05,-3.41834518962396e-06,0.000245471533177758,0.00052619074865516
14.6267766933918,-5.10140401700269e-06,-8.90362965711616e-08,0.999999999999996,-7.88060543486672e-05,1.81326603439912e-06,0.00160581149805292,-0.000258831752195648
14.6300346170213,-1.84331282184224e-05,-3.21718778853743e-07,0.999999999999948,-7.14204839474945e-05,6.55451675303923e-06,0.00145529829972518,-0.000982011524610265
14.6331414050621,-1.37548941048054e-05,-2.4006819039201e-07,0.999999999999971,2.62813514759108e-05,4.89070468012919e-06,-0.000535540903033468,-0.000744165191986624
14.6365623475217,-2.35642851922627e-06,-4.11274362483929e-08,0.999999999999999,5.81537855416107e-05,8.36917669458739e-07,-0.00118499128780677,-0.000146563885518533
14.6394075091405,7.67067098843383e-06,1.33878464585378e-07,0.999999999999991,6.15100033953231e-05,-2.7290161816177e-06,-0.00125333261474166,0.000404086611493641
14.6422526707593,5.35020829327519e-06,9.33787503851583e-08,0.999999999999996,-1.4234591782887e-05,-1.90371267070507e-06,0.000290072629074528,0.000286854390292702
14.6458138429672,6.06100428619602e-06,1.05784480771609e-07,0.999999999999994,3.48360867216407e-06,-2.15643789617429e-06,-7.09668644806856e-05,0.000332063618869861
14.6492448060565,-4.87179792099448e-06,-8.50289142131682e-08,0.999999999999996,-5.56151115635325e-05,1.73174215439618e-06,0.00113326198775945,-0.000248222172731771
14.6526757691459,-2.30988648111388e-05,-4.03151244427419e-07,0.999999999999919,-9.27210004681722e-05,8.21397940071344e-06,0.00188933459133716,-0.00123135024834441
14.6558283377819,-1.82017595270662e-05,-3.17680633403545e-07,0.999999999999949,2.71114195735378e-05,6.47230606021198e-06,-0.000552461672248815,-0.000985647388777531
14.6591320894112,-1.69928813315345e-06,-2.96581728635955e-08,1,8.71804217921023e-05,6.03342334152298e-07,-0.00177645428124329,-0.000113165795054136
14.6619678754476,8.43095043141952e-06,1.47147844100707e-07,0.999999999999989,6.23481513394902e-05,-2.99926423796597e-06,-0.00127040846025292,0.000444579423639422
14.664803661484,5.5825366132555e-06,9.74336445144416e-08,0.999999999999995,-1.75310121948616e-05,-1.98619988108971e-06,0.000357242875121817,0.000299430435548084
14.6683329479826,5.76337641608912e-06,1.00589894492546e-07,0.999999999999995,8.94302567761776e-07,-2.05045423570525e-06,-1.82060466443386e-05,0.000316130432830915
14.6717429205296,-4.9578113650082e-06,-8.65301320121873e-08,0.999999999999996,-5.48743498448397e-05,1.76246182480942e-06,0.00111816620455853,-0.000253603587080005
14.6751528930766,-2.12027607524013e-05,-3.70057985642025e-07,0.999999999999931,-8.31466675238372e-05,7.53977878083944e-06,0.00169424148623502,-0.0011307213263842
14.6783440386905,-1.75846812720467e-05,-3.06910586110995e-07,0.999999999999953,1.97883165390665e-05,6.2529797020637e-06,-0.000403240476759133,-0.0009528279415552
14.6817274185865,-9.5419045615921e-07,-1.66537651510848e-08,1,8.57890127293388e-05,3.38469979961563e-07,-0.00174810689429859,-7.65030050337323e-05
14.6844906700759,8.29875710959279e-06,1.44840635385682e-07,0.99999999999999,5.84436129515869e-05,-2.952120489763e-06,-0.00119084002389903,0.000437651938388967
14.6872539215654,4.69315482716813e-06,8.19110040399492e-08,0.999999999999997,-2.27737618476669e-05,-1.66977362739597e-06,0.000464071716695828,0.000251625422578613
14.6908114323413,5.28809874582321e-06,9.22947342851977e-08,0.999999999999996,2.91881905615669e-06,-1.88130496692502e-06,-5.94604915776073e-05,0.00028970957716889
14.6943171361,-4.9145789421145e-06,-8.57755838890777e-08,0.999999999999996,-5.07944568142453e-05,1.74721757768945e-06,0.00103503398871649,-0.00025052584946756
14.6978228398587,-2.6581637567127e-05,-4.63937096118165e-07,0.999999999999892,-0.000107870355928335,9.45285168365287e-06,0.00219802773889959,-0.00141717858181884
14.7009632578048,-2.03340807755084e-05,-3.54896659899096e-07,0.999999999999937,3.47216319899065e-05,7.23089143858357e-06,-0.000707536475463957,-0.0011012406441118
14.7041847739303,-1.69498940004895e-06,-2.95831458172576e-08,1,0.000100981494864129,6.0207296800594e-07,-0.00205767042980411,-0.000111925496084172
14.7070586694749,8.81919876476771e-06,1.53924055833013e-07,0.999999999999988,6.38531215898133e-05,-3.13708928648584e-06,-0.0013010779954845,0.00046520216517618
14.7099325650196,6.261276575096e-06,1.09279891613419e-07,0.999999999999994,-1.55343726052897e-05,-2.22733494534772e-06,0.000316557900938748,0.000335950498939197
14.7134345188895,5.95344024687031e-06,1.03907134128631e-07,0.999999999999995,-1.53421709260946e-06,-2.11779718717986e-06,3.12790408543581e-05,0.000326917773213147
14.7167839402719,-4.97284516224012e-06,-8.67925212729616e-08,0.999999999999996,-5.69351041969661e-05,1.76805000984939e-06,0.00116015477107412,-0.000255060567567557
14.7201333616542,-1.80941065949124e-05,-3.15801735288037e-07,0.99999999999995,-6.8372768868176e-05,6.4344576910156e-06,0.00139319815231561,-0.000965181536517257
14.7233667350349,-1.60212351515161e-05,-2.79623303630205e-07,0.999999999999961,1.11890670820565e-05,5.69720128971379e-06,-0.000228014619562853,-0.000868504101747381
14.7268719657231,-2.18007295428468e-07,-3.80494509859475e-09,1,7.86876479929082e-05,7.6871500092816e-08,-0.00160341224001252,-4.10864945954671e-05
14.7295523748145,7.90480810951758e-06,1.3796492824943e-07,0.99999999999999,5.28911328517407e-05,-2.81177979216095e-06,-0.00107769045462771,0.000416618300108822
14.7322327839058,3.81420893082214e-06,6.65705042018189e-08,0.999999999999998,-2.66356446401405e-05,-1.35695310417771e-06,0.000542762928492459,0.000204304180742368
14.7358201300673,4.9185182973216e-06,8.58443386078471e-08,0.999999999999996,5.3727277877627e-06,-1.74964175070917e-06,-0.000109464943960431,0.000268770395096789
14.7394916453254,-4.69047366827105e-06,-8.1864208989426e-08,0.999999999999997,-4.56782924239519e-05,1.6677601639183e-06,0.000930787883044459,-0.000236288032686952
14.7431631605834,-4.05356385002187e-05,-7.07480356226933e-07,0.99999999999975,-0.00017039726196477,1.44156961450774e-05,0.00347211848108968,-0.00215920210912902
14.7461879053265,-2.60139296643368e-05,-4.54028724024884e-07,0.999999999999897,8.37927341753716e-05,9.2510863184959e-06,-0.0017074531126838,-0.00140675263941653
14.7491114702156,-3.14576082962979e-06,-5.49038839573082e-08,0.999999999999998,0.000136519918390096,1.11828679423415e-06,-0.00278180913808121,-0.000182408803516371
14.7528862417936,3.21980423904724e-05,5.6196185241042e-07,0.999999999999842,0.000163418030367055,-1.14514035808929e-05,-0.00332992079528045,0.00169674355061838
14.7560173615595,4.00604150526946e-05,6.99186142384961e-07,0.999999999999756,4.38259473397545e-05,-1.42473767923048e-05,-0.000892962716363215,0.00215020412975565
14.7586617040365,8.35453081699313e-06,1.45814070215861e-07,0.999999999999989,-0.000209266415747094,-2.97149950142801e-06,0.00426415163276352,0.000455531542471066
14.7624942095844,-7.73795668399807e-06,-1.35052821512468e-07,0.999999999999991,-7.32854494846621e-05,2.75176234188782e-06,0.00149334730813169,-0.000382779848814177
14.7651058733815,-8.77875922947701e-06,-1.53218252794214e-07,0.999999999999988,-6.95550143225419e-06,3.12177925068851e-06,0.00014167861468325,-0.00046480234028317
14.7677175371787,-3.16450623386018e-06,-5.52310529807459e-08,0.999999999999998,3.75190711453158e-05,1.12511298534766e-06,-0.000764518873948662,-0.000169740586884065
14.7714246050979,-4.26199360318304e-06,-7.43858210744807e-08,0.999999999999997,-5.16709391665634e-06,1.5154077729795e-06,0.000105283959221347,-0.00023409710144254
14.774869631563,4.52745801142197e-06,7.90190490451084e-08,0.999999999999997,4.45293734813436e-05,-1.61046949244038e-06,-0.000907359434548673,0.000232805033999612
14.7783146580282,1.89975253095596e-05,3.31569366382764e-07,0.999999999999945,7.3308672630756e-05,-6.75654044690247e-06,-0.00149376819206651,0.0010138483930851
14.7816231212749,1.89282597917257e-05,3.30360455038464e-07,0.999999999999945,-3.65399659643403e-07,-6.73180052340907e-06,7.47776887586646e-06,0.00102691553402331
14.7851132892764,-9.10340547092452e-07,-1.58884398611698e-08,1,-9.92069421168763e-05,3.23710503264526e-07,0.00202153908456826,-1.41675701772494e-05
14.787729698157,-8.00310026750049e-06,-1.39680450035122e-07,0.99999999999999,-4.73137096765124e-05,2.84603161005562e-06,0.000964039346238549,-0.00042151390085423
14.7903461070377,-3.41323587339147e-06,-5.95722041378654e-08,0.999999999999998,3.06176326222626e-05,1.21367008090553e-06,-0.000623893895646309,-0.000182584926601284
14.7939213255593,-4.61955980231918e-06,-8.06265285432479e-08,0.999999999999997,-5.88896154967261e-06,1.64267493607459e-06,0.000119994023463777,-0.00025183391267561
14.7977567855646,4.3424027962265e-06,7.57892262419608e-08,0.999999999999997,4.0781485028893e-05,-1.54460444883034e-06,-0.000831003160115755,0.000215023913895534
14.8006678029314,1.01500814098485e-05,1.77152339947324e-07,0.999999999999984,3.48205115025096e-05,-3.60995654213811e-06,-0.000709494940445478,0.000539292453375953
14.8035788202982,5.89788217836284e-06,1.02937462907127e-07,0.999999999999995,-2.54944810313063e-05,-2.09766195870657e-06,0.000519507235054225,0.00031799762080509
14.8072876236222,4.28482070916431e-06,7.47842292325555e-08,0.999999999999997,-7.59092117200582e-06,-1.52391925566992e-06,0.000154697527186673,0.000242627447375163
14.8101829527292,-4.57486618131204e-06,-7.9846477702035e-08,0.999999999999997,-5.34069534824486e-05,1.62690075247399e-06,0.00108824243866188,-0.000239281605342499
14.8130782818362,-4.32241528033657e-06,-7.54403782803867e-08,0.999999999999997,1.52179571261063e-06,1.53710093680699e-06,-3.1015408731774e-05,-0.000231144931126475
14.8168086731086,-7.86534910700094e-06,-1.37276238735962e-07,0.999999999999991,-1.65762398470853e-05,2.79707834013224e-06,0.000337760119864942,-0.000428530589732749
14.8203467846848,3.76039950270854e-06,6.56313525126214e-08,0.999999999999998,5.73491216647843e-05,-1.33753350687124e-06,-0.00116859283771186,0.000183845115415104
14.8238848962611,3.56397260857331e-05,6.22030564704912e-07,0.999999999999806,0.000157258808888605,-1.26750263148147e-05,-0.00320439097628343,0.00189545225817965
14.8268443499529,2.17690358357358e-05,3.79941350318216e-07,0.999999999999928,-8.1801994420681e-05,-7.74193467306752e-06,0.00166689266177006,0.00117498814258837
14.8297695339695,3.78117205345882e-06,6.59939019172514e-08,0.999999999999998,-0.000107325708954633,-1.34472905262904e-06,0.002186941260517,0.000213496753229256
14.8329823856256,-7.86712623239326e-06,-1.37307255425279e-07,0.999999999999991,-6.32774802884573e-05,2.79785939003322e-06,0.00128938055223218,-0.000412439582216656
14.8361952372818,-1.34859237764167e-05,-2.35373772571457e-07,0.999999999999972,-3.05232010815361e-05,4.79608398227839e-06,0.000621947355836584,-0.000722462859768002
14.8395413449849,-1.09373817185533e-05,-1.90893322536189e-07,0.999999999999982,1.32931913679205e-05,3.88966970534826e-06,-0.000270886163073749,-0.000597857823603138
14.8428162899999,4.98169171098956e-06,8.69469226760775e-08,0.999999999999996,8.48381404687335e-05,-1.77178347854893e-06,-0.00172871701903976,0.000250619832346707
14.846091235015,2.09998545380629e-05,3.66516604129063e-07,0.999999999999933,8.53662214694189e-05,-7.46840140029373e-06,-0.00173945452384862,0.00111810921543841
14.8491265180112,1.41067825374689e-05,2.46209802141671e-07,0.99999999999997,-3.9636107122515e-05,-5.01687139213636e-06,0.000807677574436431,0.000762533203421373
14.8524294163078,2.94560783926584e-06,5.14105552677448e-08,0.999999999999999,-5.89782758598354e-05,-1.04746117848065e-06,0.00120179607641577,0.000174000308082724
14.8553920063104,-7.66396516707634e-06,-1.33761425923639e-07,0.999999999999991,-6.25034112156728e-05,2.72567574165355e-06,0.00127359402310677,-0.000403340677626297
14.8583545963129,-7.01804608659676e-06,-1.22488011267816e-07,0.999999999999992,3.80525642974797e-06,2.495930361041e-06,-7.75488273492381e-05,-0.000376256041910178
14.861870549045,-7.20448750957394e-06,-1.25742027960871e-07,0.999999999999992,-9.25500693830138e-07,2.56220054437536e-06,1.88484284014565e-05,-0.00039483261488046
14.8651975714639,4.91463762945732e-06,8.57766081764393e-08,0.999999999999996,6.35759575696793e-05,-1.74784053061368e-06,-0.00129546499311388,0.000250716712198374
14.8685245938828,1.8829101612948e-05,3.28629818338511e-07,0.999999999999946,7.29941610199383e-05,-6.69631152390184e-06,-0.00148735727333191,0.00100378832400975
14.8716989146936,1.54909325820564e-05,2.70367777761348e-07,0.999999999999963,-1.83541752868285e-05,-5.50904173341003e-06,0.00037402325135834,0.00083895573324752
14.8751352956367,1.56947753859319e-06,2.73925505845475e-08,1,-7.07067205864246e-05,-5.57936678786423e-07,0.00144079051086376,0.000108421352272414
14.8779059542914,-7.89955816036773e-06,-1.37873299351203e-07,0.99999999999999,-5.96485783840729e-05,2.80953315454438e-06,0.00121540408007778,-0.000416249271981444
14.880676612946,-4.63309784336065e-06,-8.08628119336918e-08,0.999999999999997,2.0576510687233e-05,1.64782305133658e-06,-0.000419290229516253,-0.00024826272396131
14.8842459367857,-5.4485396704619e-06,-9.50949566750869e-08,0.999999999999995,-3.98735037238571e-06,1.93780235707267e-06,8.12420835875785e-05,-0.000298207822149068
14.8877674573067,4.85947707413839e-06,8.48138748688954e-08,0.999999999999996,5.10883950470349e-05,-1.72815609581344e-06,-0.00104101578593865,0.000247105489870593
14.8912889778277,2.82461345003574e-05,4.92988047992381e-07,0.999999999999878,0.000115908503354559,-1.00453182378393e-05,-0.00236180993192756,0.00150561482655442
14.8944033147453,2.08429618288689e-05,3.63778309781253e-07,0.999999999999934,-4.14886833473133e-05,-7.41234640296047e-06,0.000845435771576108,0.00112842335711286
14.8975728904699,2.09651235665095e-06,3.65910434323047e-08,0.999999999999999,-0.000103227464740799,-7.45330109506739e-07,0.00210344124035932,0.000131662671842031
14.9004972705934,-8.88840367585002e-06,-1.55131909389949e-07,0.999999999999988,-6.55602024093273e-05,3.16127615849479e-06,0.00133587498989322,-0.00046863904673038
14.903421650717,-7.08575348757421e-06,-1.23669728342841e-07,0.999999999999992,1.07585812096251e-05,2.52014770515716e-06,-0.000219235676023424,-0.000380142577534408
14.9068991853397,-6.39440298346345e-06,-1.11603385760786e-07,0.999999999999994,3.46979797219603e-06,2.27424226671712e-06,-7.07125780532796e-05,-0.000351144139174557
14.9102065741536,4.9892953892334e-06,8.70796318966948e-08,0.999999999999996,6.00724707118753e-05,-1.77424837062761e-06,-0.0012240745993624,0.000256043452818128
14.9135139629675,1.66590549997297e-05,2.90755360016102e-07,0.999999999999958,6.15820333133164e-05,-5.92441785561099e-06,-0.00125481753687566,0.000888684463349698
14.9167555193748,1.49997659875839e-05,2.61795303511995e-07,0.999999999999966,-8.93399739685274e-06,-5.33422756098477e-06,0.000182070036883061,0.000813194871158149
14.9203160845109,1.61711139536058e-07,2.82239182205618e-09,1,-7.27336537294741e-05,-5.71143367791931e-08,0.00148209989776897,3.91698981138033e-05
14.9229729227095,-7.6776154921608e-06,-1.3399966904033e-07,0.999999999999991,-5.14980780286495e-05,2.73073198602842e-06,0.00104930978644028,-0.000404392019972229
14.9256297609081,-3.56841582421739e-06,-6.22806052128607e-08,0.999999999999998,2.69941405782763e-05,1.2693110033632e-06,-0.000550060211954378,-0.00019098456643637
14.9292279667038,-4.8551745662512e-06,-8.47387819401709e-08,0.999999999999996,-6.24149312259381e-06,1.72691409289484e-06,0.000127175352250045,-0.000264964123882367
14.9329635890775,4.5136514647496e-06,7.87780793473452e-08,0.999999999999997,4.37723208962587e-05,-1.60505617586667e-06,-0.000891945152766684,0.000225761947431569
14.9359395823383,1.09282411739568e-05,1.90733789937555e-07,0.999999999999982,3.76196115974884e-05,-3.88626113667526e-06,-0.000766535660820385,0.000581151322369499
14.9389155755992,6.93799617025214e-06,1.21090876661657e-07,0.999999999999993,-2.34015695505395e-05,-2.46712841556606e-06,0.000476860193124288,0.000374481781027178
14.9426105728537,3.93816463481304e-06,6.87339393630876e-08,0.999999999999998,-1.41696823276504e-05,-1.40019213413859e-06,0.000288751576232573,0.000226565911066681
14.9454804728061,-5.50659959214241e-06,-9.61082934718617e-08,0.999999999999995,-5.74383203500916e-05,1.95868836355522e-06,0.00117038243614053,-0.000288788379287112
14.9483503727584,-4.59045281035422e-06,-8.0118515698108e-08,0.999999999999997,5.57154536371291e-06,1.63284522748235e-06,-0.000113538151672403,-0.000245667096835977
14.9520188457589,-7.11617463437807e-06,-1.24200677516801e-07,0.999999999999992,-1.20164880082202e-05,2.531058589836e-06,0.000244846660241807,-0.00038829918629851
14.9555364360133,4.255105533925e-06,7.42656015868224e-08,0.999999999999997,5.64210907895955e-05,-1.51305075093571e-06,-0.00114968175606093,0.000212007835800014
14.9590540262677,3.20162805083383e-05,5.58789509112558e-07,0.999999999999844,0.000137743134499777,-1.13859676255929e-05,-0.00280672737887286,0.00170412206061173
14.9620686779336,2.09705691723658e-05,3.66005478074997e-07,0.999999999999933,-6.39490237680631e-05,-7.45756274701013e-06,0.00130310407765097,0.00113306950556934
14.9650909240628,3.37448033097155e-06,5.88957923192415e-08,0.999999999999998,-0.000101616371606605,-1.19968208912134e-06,0.00207060589716317,0.000194234386358207
14.9681999893224,-8.40573539751958e-06,-1.46707758738151e-07,0.999999999999989,-6.61303426896059e-05,2.9897994939286e-06,0.00134750519314498,-0.000441902288636766
14.9713090545819,-1.07759999601417e-05,-1.88076679499249e-07,0.999999999999982,-1.33059029990537e-05,3.83271582476183e-06,0.000271115676407296,-0.000577751573919223
14.9747022379834,-8.89425192113205e-06,-1.55233980525585e-07,0.999999999999988,9.67902264262747e-06,3.16344365642092e-06,-0.000197240198701281,-0.000487303656648027
14.9779636681243,5.09855929974121e-06,8.89866468886605e-08,0.999999999999996,7.48814528792331e-05,-1.81295169483688e-06,-0.00152583226875253,0.000259531098658303
14.9812250982652,1.77550309362766e-05,3.09883748631472e-07,0.999999999999952,6.77301343889227e-05,-6.31402984299594e-06,-0.00138009338042286,0.000946227590303098
14.9843628783333,1.38550240976025e-05,2.41815788446318e-07,0.999999999999971,-2.16930309670755e-05,-4.92695936979197e-06,0.000442054714830297,0.000749984814665705
14.9878236045761,2.00397563116017e-06,3.49759728934764e-08,0.999999999999999,-5.97677484544426e-05,-7.12178061448857e-07,0.00121788925577136,0.000129788251418838
14.9906227266729,-7.67192851001553e-06,-1.33900412477393e-07,0.999999999999991,-6.03319110545092e-05,2.72886943370906e-06,0.00122933097458408,-0.000404138923784599
14.9934218487696,-4.8271925017451e-06,-8.4250402783034e-08,0.999999999999996,1.77377077449712e-05,1.71713837377734e-06,-0.00036144584800791,-0.000258686329936281
14.9969967205595,-5.70423873190559e-06,-9.95577471915385e-08,0.999999999999995,-4.28192822237935e-06,2.0290210963983e-06,8.72430512062723e-05,-0.0003122631109719
15,1.55556784291638e-06,2.71497805970368e-08,1,4.21897230340494e-05,-5.52833533940684e-07,-0.00085967845533169,7.82068965541006e-05
