time,theta_deg,sin_theta,cos_theta,theta_dot,x,x_dot,u
0,30,0.5,0.866025403784439,0,0,0,1620
2.17146121249193e-08,29.999999999875,0.49999999999811,0.86602540378553,-0.000100476594997041,5.14706328880291e-11,0.00237032246267767,1619.99674280577
1.30287672749516e-07,29.9999999954997,0.499999999931979,0.866025403823711,-0.000703327984511549,1.8529427840028e-09,0.0165922572390545,1619.98045676211
6.73152975872499e-07,29.9999998798682,0.499999998184208,0.866025404832787,-0.00371759188548167,4.94632782300862e-08,0.0877019311644928,1619.89902473175
3.38747949148742e-06,29.999996957827,0.499999954017571,0.866025430332405,-0.0187889108586019,1.25258933775216e-06,0.443250306328569,1619.49181928352
1.6959112069562e-05,29.9999237505073,0.499998847488878,0.866026069186023,-0.0941455465447368,3.13950884381709e-05,2.22099286338734,1617.45466028249
8.48172749599349e-05,29.9980927674862,0.499971171913649,0.866042047048117,-0.47093350165687,0.000785284520609804,11.1097825237262,1607.24065172015
0.000289692109418918,29.9777491952619,0.499663641508832,0.86621951337645,-1.73306945124654,0.00916123596507104,40.8832615610394,1576.12028476974
0.000617129568652655,29.899002586557,0.498472648610887,0.866905426552889,-4.19740490259472,0.0415777085673789,99.000501280972,1525.51812022174
0.00105978720074587,29.7021168238601,0.495490760159868,0.868613208854318,-7.76289520438405,0.122589130323788,183.011465030722,1455.47325954625
0.00162010471570728,29.3041602695661,0.489445771758893,0.872033735876853,-12.3959218958209,0.286171425618528,291.945711006385,1364.24569430058
0.00231163468458158,28.5857295542717,0.478473167156012,0.878102174186863,-18.1322314197848,0.580946386945715,426.264911999451,1248.00436733969
0.00316332375915497,27.3618438478281,0.459608441693963,0.88812165851512,-25.0805556666764,1.08156266147448,587.79229354271,1099.9401700121
0.00423249809869534,25.3121624143439,0.427549767134935,0.903991812254327,-33.459173409151,1.91582021459776,780.282057163779,907.767119927182
0.00564960135050638,21.762808037758,0.370765056593586,0.928726694355856,-43.7144718370564,3.34929395956615,1011.55208213405,645.442808294236
0.00809724614673353,13.6731833328576,0.236383397130514,0.971659863100786,-57.6842630796841,6.57329821679627,1317.18632630015,186.66911939561
0.0101121412691768,5.65324763503361,0.0985077686364441,0.99513628188217,-69.4697615603558,9.72977026630418,1566.56890691182,-173.944476825595
0.0120798963190681,-2.63587342835979,-0.0459884440998339,0.998941971792795,-73.5215771193783,12.9769992064157,1650.22010249237,-482.515505924077
0.014048463837253,-10.5923535144605,-0.183820170012095,0.982959889871771,-70.5420429266575,16.1052680149779,1589.10922773263,-721.549049106404
0.0157014347480646,-16.5461307743303,-0.284787230836533,0.958590753738246,-62.8643949118691,18.4679964229223,1429.38293256734,-857.268716837016
0.0173544056588762,-21.6068166436436,-0.368235168261212,0.929732682471492,-53.43447380166,20.4981757763166,1228.20029083117,-933.427280478077
0.0194391731034874,-26.6102629060703,-0.447919242904545,0.89407401921531,-41.887938845014,22.5279744481124,973.633139294482,-954.36254759368
0.0216582462737964,-30.2910324315964,-0.504392484494853,0.863474505463311,-28.9497201295766,24.031875456253,677.71582670758,-903.697615308901
0.0242926237016852,-32.6718815188248,-0.539827275540737,0.841775808979009,-15.7736150960493,24.9944369631791,365.384814163678,-775.768457737446
0.0267479276373561,-33.2130835709283,-0.547754285509321,0.836639254820244,-3.84708287659501,25.1804257893574,75.749817966024,-616.204815051017
0.0292032315730269,-32.4048012404794,-0.535897545628582,0.84428302161613,5.7455974175235,24.7895957419066,-159.177868683709,-437.808234172821
0.0320613488006167,-30.1155762692874,-0.501745916253291,0.86501504930443,13.9793122131197,23.762600879762,-359.325661043911,-226.284126192393
0.0352566869440615,-26.3599616453028,-0.444009146294922,0.896022253075477,20.5135850047824,22.1167311966741,-515.084666849525,-7.05054614374998
0.0373885096856831,-23.4768516163397,-0.398378529896787,0.917221100344554,23.6041025926955,20.8647299518847,-587.291438610455,118.230495341205
0.0395203324273046,-20.5493974724464,-0.351014801561847,0.936369910390385,23.9671491041628,19.5932680691091,-596.420076562512,219.692644383921
0.0423990305385764,-16.9205184966572,-0.291044824557026,0.956709417795482,22.0015728762683,17.9961348269321,-554.810952882918,310.475529662321
0.0452296816039164,-14.1385982274776,-0.24426832640848,0.969707680032287,17.1528270720712,16.7153555780922,-452.468078641847,342.417594879122
0.047795424805147,-12.5515493506371,-0.217317905492575,0.976100880007963,10.7957913627749,15.8956306817669,-319.488285473055,323.503706197849
0.0506443724142284,-11.9272390898703,-0.206669356797677,0.978410842622277,3.82466478837032,15.3984431137529,-174.516220104982,258.281418732978
0.0538467091711285,-12.5210685410802,-0.216798598384082,0.976216352935504,-3.236473833238,15.308679598297,-28.0306295902413,149.202205474305
0.0570490459280286,-14.1017679584061,-0.243644938715224,0.969864497668852,-8.61508686032102,15.5761978207278,83.5384416877409,28.4938220088956
0.060074102569995,-16.0284622001031,-0.276114837286838,0.961124651972918,-11.1162077861027,15.9853335101992,135.248935109335,-73.6617354696919
0.0632970645019399,-18.0471014916905,-0.309798730712416,0.950802159467981,-10.9315290693069,16.4054857982234,130.362162785669,-152.79170238085
0.0659137031208706,-19.3788938350779,-0.331813652471446,0.943344952831974,-8.88321420344245,16.6292550838984,85.5178411172567,-188.669556479851
0.0685303417398013,-20.2784043252882,-0.346582121941153,0.93801963345698,-5.99984254486567,16.6876748928854,22.3262809637988,-198.910507403878
0.0717745821730503,-20.6932960990008,-0.353365389595315,0.935485382801972,-2.2320255356261,16.4911010300847,-60.5916444373436,-180.687055581248
0.0756685436411481,-20.1770951235031,-0.34492299427552,0.938630986074938,2.31368663975025,15.8646524857252,-160.876924307504,-126.559319457294
0.0786754612432176,-19.1394397424817,-0.327868280165875,0.944723446761575,6.02294618495547,15.1349474095145,-242.675448009768,-72.4054528825002
0.081682378845287,-17.7142006524136,-0.304269166961596,0.952586097965164,8.27262933067961,14.256196646438,-292.243047322533,-17.3954657241336
0.0848224084162363,-16.0167902489122,-0.27591903703229,0.961180880481491,9.43475200768528,13.2573626483276,-318.097003719758,32.4271017769139
0.0887609991645813,-13.9157640644479,-0.240495111293667,0.970650349736632,9.31039220181085,12.010803198457,-316.498851878524,73.9591726264899
0.0910233141297116,-12.8551529732428,-0.222487074550589,0.97493563975163,8.18239542681627,11.3466369147914,-293.578168337568,84.7742838241634
0.0932856290948418,-11.9628415175548,-0.207277281382885,0.978282233623059,6.88399851261261,10.7427157073623,-266.948332454821,85.9234826045561
0.0966965910792721,-10.9841670291144,-0.190537727720041,0.981679873642769,5.00770521821262,9.96342966428721,-228.465179803303,71.7028558108011
0.101371296716566,-10.31741974208,-0.179101339240265,0.983830630892504,2.48934079285149,9.13620478508435,-176.957640413408,32.0169450050642
0.103803188589528,-10.1966731449589,-0.177027593122185,0.984205888660176,0.866578692816891,8.78607721540481,-143.973329395242,8.3750683882804
0.10623508046249,-10.1558707072639,-0.176326658981199,0.984331706962916,0.292832460413226,8.4637959757732,-132.522849068574,-13.5753362644165
0.109885424980876,-10.1110590992824,-0.175556749358395,0.984469312754193,0.214256517008319,7.98403099353275,-131.430055389013,-38.5544831926208
0.114525641924999,-9.83950327098465,-0.170888860099373,0.985290311275787,1.0214055428547,7.29329906733935,-148.857679395402,-50.9389769719052
0.117421413695944,-9.45761487051947,-0.164317946067447,0.986407427283562,2.30170417094617,6.78369889379027,-175.980779515231,-47.5093838518913
0.120317185466889,-8.89371011756505,-0.154601927965188,0.987976843792124,3.39874665035788,6.20710623986669,-199.115365274603,-37.302122461158
0.123278575765396,-8.14878835038269,-0.141744203075492,0.989903318963268,4.39028165711902,5.55555567799704,-220.015092977806,-22.4525157943989
0.126668114292554,-7.14601505853216,-0.124398392740532,0.992232351762213,5.16344495087675,4.75435323618541,-236.37508038108,-3.82257439913391
0.130207109424279,-6.02232589620367,-0.104915981119081,0.99448108926506,5.54170744000135,3.88881388307046,-244.57206661741,13.1696588557658
0.133746104556004,-4.92422055877444,-0.0858380990426852,0.996309099001278,5.41553547221789,3.03111589051656,-242.356364060841,24.2501091676687
0.136770986305844,-4.07031543571508,-0.070980667289745,0.997477691415253,4.9269548794165,2.32739386025905,-232.644476199667,27.8090483411833
0.139864174876734,-3.31252501866117,-0.0577822659133735,0.998329209101845,4.2758265506731,1.64826462102449,-219.556365113258,25.9998723382278
0.143599720681369,-2.56226114867543,-0.0447049891770265,0.999000232203518,3.50539799933899,0.886128548089526,-204.022681769655,18.2112245541107
0.146622728949564,-2.06800107403137,-0.0360855914886803,0.999348702949532,2.85360306633983,0.309103190422945,-190.877862868406,9.51289979973399
0.149269212284044,-1.69199412780108,-0.0295265764668264,0.999563995591152,2.47972814964988,-0.176144065887087,-183.355492924534,1.72997436137628
0.15365366508225,-1.11513461352093,-0.0194615418843997,0.999810606258746,2.2963179920108,-0.964090016749099,-179.713635230447,-8.53957349535399
0.155918096631522,-0.809649413531303,-0.0141305777610252,0.999900158401897,2.35455231916709,-1.37388223680908,-180.969135583641,-11.6573318508966
0.158182528180793,-0.483541665304604,-0.00843929395014545,0.999964388524723,2.51350230686009,-1.7910805664486,-184.239761971937,-13.0221111375182
0.161721086955048,0.0830543714207033,0.00144957173181099,0.999998949370345,2.79463109149295,-2.46336871483882,-189.989255874893,-11.8109788239583
0.166670245763442,0.996946417060235,0.0173991194533398,0.999848623863757,3.22285580675725,-3.44678131676112,-198.70297963654,-5.13293026927458
0.168833042265391,1.43059265512097,0.0249659578160264,0.999688301897311,3.49942985215005,-3.88861783167297,-204.28945326739,-1.36345993228034
0.17099583876734,1.8754286041969,0.0327265593701019,0.999464342691522,3.58972836122652,-4.33432054719949,-206.077046603702,2.37717670984567
0.174797735896543,2.66010477313994,0.0464109092652766,0.998922433175454,3.60219707282372,-5.11838412885646,-206.229562508275,7.89169167409196
0.179807042857131,3.64148613771245,0.0635131439172289,0.997981002098612,3.41930254309948,-6.1317224953039,-202.291130174313,11.4663668929179
0.182972546922613,4.20575604521882,0.0733383889060127,0.997307114540286,3.11115309037232,-6.75137937127828,-195.752986935451,11.3115678441469
0.185423612200724,4.60824273325134,0.0803423229333688,0.996767330496777,2.86598564483295,-7.21841383756015,-190.543463061822,10.1165525257913
0.187874677478835,4.98207426111123,0.0868440658615292,0.996221917157336,2.66194093938784,-7.67474938551546,-186.178455559938,8.2683236627649
0.191265321780827,5.4596015523209,0.0951438889047403,0.995463530423934,2.45806482704302,-8.29101992675576,-181.75617562667,5.21570293813429
0.195852585816346,6.05767835728916,0.105529572692614,0.994416165037211,2.27551964431941,-9.10591109782687,-177.642090091478,1.44611204112222
0.197999658567227,6.32892289394364,0.11023604830881,0.993905434965147,2.20491375558829,-9.48347689299376,-175.851421435025,0.202323771279893
0.200146731318109,6.5997234465487,0.11493235571137,0.993373320363817,2.20130466340199,-9.86038250311898,-175.5439399855,-0.582650383531416
0.204310242018974,7.13269799804757,0.124167768238032,0.992261238450231,2.23421084304194,-10.5925628025903,-175.856471155245,-0.746204641693922
0.208060392487659,7.62687919241216,0.132721385037036,0.991153385684502,2.29993143345128,-11.2552957493363,-176.721694843991,0.406018259328278
0.211810542956344,8.13193252917389,0.141452977706004,0.989944975793152,2.35053065157872,-11.92008245388,-177.269341615731,2.27521012096561
0.214262825746137,8.46393986131815,0.147186926813752,0.989108694014527,2.36294978327845,-12.3543656007616,-177.093420338451,3.59958664383358
0.216715108535931,8.79345692903657,0.152872981452063,0.988245845699317,2.34522616932285,-12.7868755830974,-176.370353425763,4.81860018668444
0.220526578601272,9.29296539848833,0.161482656742852,0.986875550194284,2.28732412535701,-13.4527306691424,-174.697708398623,6.2354960617612
0.225434741693754,9.89933806836385,0.171917719411727,0.98511131236641,2.15624448169742,-14.2934377166613,-171.287512594386,6.90501576156136
0.227760624442477,10.1687972191752,0.17654872975883,0.984291900820353,2.02200621844195,-14.6839515774764,-167.899203444125,6.77007895163861
0.230086507191201,10.4264819225105,0.180973729480031,0.98348793039777,1.93365143092262,-15.0692595210196,-165.660949054589,6.41339672109648
0.233650038614656,10.7997415144062,0.18737688306887,0.98228809607538,1.82813284607212,-15.6499040001264,-162.940748967446,5.58940391769453
0.23824100504721,11.2485196654927,0.195064981684993,0.98079032056818,1.70610185514148,-16.3828244073995,-159.644035311622,4.41923746107592
0.242394046916968,11.6324540832444,0.201632750263546,0.979461195771001,1.6134967841979,-17.0343071380154,-156.868808706186,3.63393421444627
0.244282420480842,11.8024512604532,0.204537930113031,0.978858639000074,1.57119889737531,-17.327728296168,-155.383004595049,3.42950933548669
0.246170794044715,11.9703406443676,0.207405321543027,0.978255095870005,1.55171761801226,-17.61965292591,-154.590508640263,3.32705935505494
0.249199228077365,12.2361995427582,0.211942286780311,0.977282183954221,1.53218233338273,-18.0850352083258,-153.670932699383,3.37177871006988
0.253324780968068,12.5926267689573,0.218017651635882,0.975944826091709,1.50787756350011,-18.7137749770703,-152.401335142583,3.76956858166209
0.257354617882184,12.9334356967927,0.223818912528805,0.974630747716499,1.47604928876549,-19.3216503842054,-150.843674344714,4.36468574263475
0.260001241773493,13.1517649981919,0.227531172546097,0.97377079722068,1.43978340689272,-19.7168867755093,-149.336062672756,4.7603213289842
0.262647865664803,13.3647138816054,0.231148766855822,0.97291841774171,1.40430197362602,-20.1085529874036,-147.987106585233,5.11239501911142
0.265687564409982,13.6012457920869,0.235163246563882,0.97195588761298,1.35811505350055,-20.5534333925708,-146.356742053061,5.41277323270168
0.269420423891505,13.878214455312,0.239858930093695,0.970807753190253,1.29498983876903,-21.0918188198936,-144.228688486057,5.5918782563041
0.272907805686111,14.1224960173181,0.243995793431719,0.969776290072935,1.22255543270779,-21.5864483415327,-141.834060843059,5.57592232162155
0.276395187480717,14.3526759542872,0.247889791078541,0.968788238718368,1.15198105878669,-22.0729058243264,-139.490744473752,5.42398297447015
0.279296651918022,14.5338465719613,0.250951878179591,0.967999563449352,1.08980270294871,-22.4715153635082,-137.382190199106,5.23322262975719
0.282142681417517,14.7032262519915,0.253812409791299,0.967253462457454,1.03872187657413,-22.8573697615145,-135.576387410858,5.0317444292925
0.285480193871949,14.8924696586227,0.257005780850124,0.966409865745181,0.989635418145358,-23.3037491327033,-133.746128975821,4.82170282517887
0.28881770632638,15.0728028953163,0.260046189705526,0.965596178130194,0.943040295445981,-23.7439446183298,-131.893286283322,4.67437008121809
0.29214641096677,15.2448945950554,0.262945244953095,0.964810757691143,0.902323005578827,-24.1771881153244,-130.153781665603,4.60907340870219
0.295697963376699,15.4207968469114,0.265906041023198,0.963998950905741,0.864431409761858,-24.6333276705116,-128.433851605849,4.62827676734322
0.298348245986776,15.5471148138389,0.268030687272634,0.963410375011687,0.831860126511734,-24.9696682773594,-126.907449631605,4.69006259096524
0.3,15.623697565187,0.269318162157526,0.963051259036658,0.809213206421165,-25.1775286953584,-125.842235789845,4.74169864100367
0.303764896293278,15.7920446130673,0.272146642665676,0.962255789738779,0.780422631234442,-25.6462154426178,-124.488620867511,4.88007869361155
0.308395834059977,15.9866634783551,0.275413599106874,0.961325828960711,0.733488584146616,-26.2127154666161,-122.329440069787,5.04196515375061
0.311271221342107,16.100015639882,0.277314915563789,0.960779078459689,0.688035467497508,-26.55866283373,-120.313311971535,5.10667707948845
0.314146608624237,16.2075260497417,0.27911724238266,0.960257030697875,0.652576661196574,-26.9001075535417,-118.747384720536,5.14250109826732
0.317069056493037,16.310670982947,0.280845461824263,0.959753002898515,0.615996853323753,-27.242457094574,-117.144789711147,5.14650116132468
0.320401224016038,16.4207190404289,0.282688341152004,0.959211812780018,0.576411877621715,-27.6270113508934,-115.406639571666,5.11456167198487
0.324810743658123,16.554312813858,0.284924118075032,0.958550075342527,0.528776691285477,-28.1265003786934,-113.275156557374,5.03295931054242
0.327086083567297,16.6180811741321,0.285990776799462,0.95823237034951,0.48914355208839,-28.3801091339532,-111.459722671427,4.98139670814476
0.329361423476472,16.6785257288285,0.287001510929851,0.957930129353902,0.46364786645694,-28.6309689824429,-110.251592510697,4.93001657337217
0.332890552535251,16.7660484352501,0.288464470681821,0.957490600034411,0.432843166648469,-29.014737051519,-108.742996553632,4.85990859714869
0.337696745038464,16.873874328655,0.290265876506244,0.95694603867515,0.391560857698357,-29.5272326319457,-106.632345684068,4.79735872738054
0.340220729968505,16.9254896233562,0.291127829989531,0.95668416240972,0.356918468965619,-29.7917605519758,-104.805665391087,4.77762563273393
0.342744714898546,16.9738878920547,0.291935845885787,0.956437902786663,0.334672814801256,-30.0531914342837,-103.578622517241,4.77046034366253
0.346307865143204,17.0367997788431,0.292985857217147,0.956116775017954,0.308159770906867,-30.416997458986,-102.102353176862,4.77336215688608
0.350765455858251,17.1066986986259,0.294152069138266,0.955758630733553,0.273682886515077,-30.8634789433794,-100.162063530469,4.78535449659573
0.353606539874281,17.1462676819425,0.294812054490193,0.955555258751304,0.243079414985799,-31.1430664678766,-98.4087492378647,4.79589982280264
0.356447623890311,17.1818678082336,0.295405721692276,0.95537189596066,0.21869800906934,-31.4187346705684,-97.0292329041952,4.79933963813616
0.359593835569997,17.2167093125631,0.295986627701202,0.95519208341677,0.193279737286535,-31.7194473031744,-95.5792754021233,4.79412867976446
0.363251401873751,17.2512224683636,0.296561951307148,0.955013617199722,0.164690986833202,-32.0630227314621,-93.9355297360071,4.77543687489687
0.366439362757544,17.2761076411769,0.296976712668069,0.954884721907764,0.136240128518619,-32.3572277217283,-92.2862610271756,4.74738155667396
0.369627323641338,17.2963035381223,0.297313276655008,0.954779982783815,0.110567510059859,-32.646586543916,-90.7661143706781,4.71232125482695
0.372794326674983,17.3118787923248,0.297572812548839,0.954699126024411,0.0858349249376432,-32.9292984514753,-89.2679623467135,4.67405070661204
0.376227689027029,17.3238924215917,0.297772984823026,0.954636710748956,0.0610705670768874,-33.2305094869493,-87.7306280516948,4.63166848867679
0.379031004864334,17.3300935399043,0.297876303344966,0.954604477207989,0.0386078266389259,-33.4724281453829,-86.2973251940535,4.59871891249686
0.381834320701639,17.3331545967115,0.297927303160301,0.954588561649274,0.0190579738345576,-33.7107721722646,-85.0221811292075,4.56735101638023
0.385498505102171,17.332637241242,0.297918683636951,0.95459125176173,-0.00246427454495182,-34.016999131987,-83.5730209642027,4.53161426823394
0.390072144924064,17.3250947462902,0.297793017355067,0.954630461914224,-0.0287826273713088,-34.3908971793882,-81.7506541751323,4.49458831142326
0.39227527957706,17.3188036138653,0.297688196205144,0.954663154123028,-0.0498385218282048,-34.5677307773809,-80.2645438635719,4.47783570543028
0.394478414230056,17.3108618767522,0.297555868000705,0.954704407352531,-0.0629146569697966,-34.7424651901078,-79.3117263574007,4.463124360344
0.398025789634337,17.2946280011475,0.297285355288699,0.954788676897077,-0.079871608547391,-35.0194126687948,-78.07109401296,4.43978874465803
0.402755727140396,17.266486015462,0.296816355599012,0.954934579460248,-0.10384287480146,-35.3802879205747,-76.2959872763007,4.40430896489072
0.406143828123273,17.2420014601145,0.296408250484363,0.955061332608958,-0.126128503506793,-35.6329825916096,-74.5829809418394,4.38058274712862
0.408628161573339,17.2217600084737,0.296070827949352,0.955165988107505,-0.142203123540898,-35.8151990969385,-73.3462351134863,4.36102110089131
0.411112495023406,17.199601356184,0.295701403547132,0.955280419531488,-0.155672114083409,-35.9948256518811,-72.3037219250075,4.33822995216005
0.41453790248134,17.1660391850311,0.295141777862964,0.955453468757055,-0.171007507261186,-36.2383029246439,-71.0797987547037,4.30499324305198
0.419098145593131,17.1161314614889,0.294309414341584,0.955710190711553,-0.191010451994076,-36.554984314381,-69.4439708528499,4.25893393254785
0.421501823211158,17.0874640395049,0.293831196624112,0.955857326116425,-0.208156409131897,-36.7184976653829,-68.0263234035559,4.231827148738
0.423905500829186,17.0572806970578,0.293327611474321,0.956011983369858,-0.219163627022673,-36.8797052698494,-67.0670655904423,4.20628667103902
0.427753763301031,17.0058463315206,0.292469282371025,0.956274918038415,-0.233273856413363,-37.1330214315653,-65.8261133613405,4.16578618417207
0.432650898290865,16.9350336348734,0.291287185063917,0.956635654686537,-0.252375054245918,-37.4469670853747,-64.1080252966468,4.11230197380939
0.4353278703191,16.8940621572774,0.290603032751511,0.956843705813872,-0.267125384918465,-37.6147120545892,-62.6622047018935,4.09112519967635
0.438004842347335,16.8513921560084,0.289890360089331,0.957059861830637,-0.278199400710305,-37.7796913470408,-61.6290684816898,4.06672968173152
0.441107322318759,16.799955033875,0.289031045633403,0.957319724365931,-0.289364362460985,-37.9674941323202,-60.5331177023573,4.0383994647737
0.444822872233341,16.7356614572065,0.287956622300246,0.957643453313097,-0.302010369001901,-38.1876584275591,-59.2548344929503,4.00509232033583
0.449196554798761,16.6563146691354,0.286630141895158,0.958041315266289,-0.316635394089106,-38.4402442015529,-57.7512817209934,3.9637005035729
0.451334813162055,16.6161623294016,0.285958685285236,0.958241947688547,-0.327738940609027,-38.5611818909612,-56.5589694324685,3.94394987929738
0.45347307152535,16.5751313154729,0.285272389769343,0.958446484492112,-0.334911019539042,-38.6804554213417,-55.7806916264376,3.92403350467326
0.456836306424015,16.5088547045286,0.284163520907439,0.958775830622303,-0.343938235922789,-38.864714556133,-54.7862817623692,3.8916488945585
0.461394316256654,16.4157494742746,0.282605142572306,0.959236328227662,-0.356513671191036,-39.1079685517842,-53.36846662972,3.84497924786002
0.464894198626572,16.3418924067607,0.281368405486247,0.959599823048195,-0.368312093876348,-39.2897987955121,-51.9532442835318,3.81187663456672
0.467418742733018,16.2873642271697,0.280455030631494,0.959867165702363,-0.376977477459112,-39.4183048878953,-50.9026925119154,3.78793895713454
0.469943286839465,16.231797588541,0.27952399974517,0.960138705378792,-0.384156805127515,-39.5446000581851,-50.026921679544,3.76256079989803
0.473405224734251,16.1540237409366,0.278220441021253,0.96051724929745,-0.392095339054259,-39.7142497863415,-49.0042667755246,3.72846115714336
0.478035731604845,16.0472793359568,0.276430475886928,0.961033918236462,-0.402340689052984,-39.9348390005666,-47.6382435853768,3.68420752684028
0.480303348445761,15.9938837820712,0.27553474134803,0.961291114236616,-0.410972526052509,-40.0402404080208,-46.4811362980016,3.66094942378911
0.482570965286677,15.9398265155808,0.274627662518608,0.961550647121391,-0.416065566220311,-40.1439516243777,-45.7357762058783,3.63922199803815
0.486447008727209,15.8458917078354,0.273050859091204,0.961999598934197,-0.422975568395435,-40.3173259046772,-44.7297051644256,3.60219988838978
0.491476733168476,15.7211650816733,0.270956046184454,0.962591720843312,-0.432805080447633,-40.5350266762605,-43.2828426537864,3.5494253644348
0.494447948949496,15.6462665051077,0.269697489370017,0.962945099280073,-0.439963591496213,-40.6598941360624,-42.0257123698761,3.52680177246565
0.497419164730516,15.5703445203764,0.268421265386581,0.963301626848137,-0.445975218856136,-40.7819588717157,-41.0824203455744,3.50147800543832
0.500093992553415,15.5011453013308,0.267257638302992,0.963625111113605,-0.451525964331482,-40.8894694431515,-40.1934548891069,3.4758700249023
0.503034947084092,15.4242295966916,0.265963796408832,0.963983018003845,-0.45646142381405,-41.0051239830382,-39.3255110476181,3.44799159761092
0.507113167681533,15.3161929651211,0.264145643178281,0.964482803988714,-0.462357267984193,-41.1611239163263,-38.2519605207252,3.40967037055058
0.509854699372395,15.2426969419245,0.262908238205264,0.96482084258364,-0.467894497144765,-41.2631593636972,-37.2184088591713,3.38335590019883
0.512596231063256,15.1685601565567,0.261659606866493,0.965160219929558,-0.471973753149207,-41.3629501494256,-36.3996469787504,3.35797733878019
0.51630170472828,15.067353793636,0.259954355731432,0.965620905395205,-0.47669594136022,-41.4942849631715,-35.4434616512303,3.32330080629589
0.520216998098685,14.9592663885207,0.258132268660818,0.966109585852464,-0.481823690009699,-41.6286947623706,-34.3294324290157,3.28790200591843
0.522956634501631,14.8829618397527,0.25684540860736,0.966452500683463,-0.486110349832314,-41.7201067986863,-33.3664847705192,3.26334540671589
0.525696270904577,14.8061180343569,0.25554899372922,0.966796106634684,-0.489545770554131,-41.8093642663527,-32.5800414866768,3.23807722674663
0.529323631078581,14.7036243696093,0.253819130710302,0.967251698827904,-0.493155304813942,-41.9242762923092,-31.6792434288953,3.20545938223025
0.532948874612918,14.6003583923951,0.252075411382241,0.967707593737113,-0.497161443254056,-42.0354322751487,-30.6616594958668,3.17215757886818
0.536574118147255,14.49629752962,0.250317441542119,0.968163817987332,-0.500988322767547,-42.1429389097717,-29.6550103751136,3.13712037872534
0.539601306672244,14.4089247436335,0.248840756628162,0.968544411909296,-0.503748867807659,-42.2299802518238,-28.7531950301476,3.11138265909834
0.54249870410983,14.3248806849106,0.247419784378027,0.968908380755544,-0.506263145824279,-42.31097369729,-27.9538610808218,3.08772096999203
0.545675283154873,14.2322647559967,0.245853267054838,0.969307057169431,-0.508865945540513,-42.397182056911,-27.1387421495255,3.06094194704836
0.548851862199917,14.1391938138554,0.244278406451609,0.9697051408245,-0.511365955407993,-42.4807135797453,-26.296063044507,3.03374479517683
0.552195312949186,14.0407786009608,0.242612413969161,0.970123299683116,-0.513741528700086,-42.5657739444166,-25.4408905798461,3.00472668474502
0.556123458446121,13.9245932396776,0.24064468388801,0.97061327835366,-0.516227593553643,-42.6620032239392,-24.4973816773636,2.96954630764774
0.558565871425396,13.8520961697949,0.239416362398478,0.970916992031698,-0.518058402996505,-42.7198484450618,-23.6836364748378,2.94828388153019
0.561008284404672,13.7794220538758,0.238184656496062,0.971219887260271,-0.51932356015444,-42.7761862616213,-23.0664580632199,2.92779436768092
0.564588994600714,13.6725499836752,0.236372656360206,0.971662476030242,-0.520921661150994,-42.8560692715478,-22.3092642389065,2.89719927918706
0.56952874560263,13.5245570562622,0.233862101594466,0.972269776059001,-0.522893532896517,-42.961051968528,-21.2526293206903,2.85458392792189
0.571708012125823,13.4591225422466,0.232751570850691,0.972536223626933,-0.524051419071731,-43.0054805735641,-20.3869533915387,2.83781172503203
0.573887278649015,13.393567142185,0.231638684060545,0.972801891469532,-0.525019570282712,-43.0487503488112,-19.8552011819658,2.81975832328674
0.577545417274453,13.2833350095554,0.229766669673027,0.973245743636912,-0.525926940685935,-43.118823566576,-19.1554298345954,2.7898602382896
0.582392288544465,13.1370342153496,0.227280807912269,0.973829263451631,-0.526820378534062,-43.2068093409661,-18.1531073322595,2.75445821304409
0.58659096228893,13.0100197226251,0.225121445963188,0.974330711087074,-0.527981269970328,-43.2785778163793,-17.0931298264721,2.72210032677065
0.588387765057742,12.9555227958909,0.224194608831663,0.974544394766507,-0.52935737869443,-43.308016293944,-16.3838113318392,2.7030845136893
0.590184567826555,12.9010555861672,0.223268074441236,0.974757080987516,-0.529068721705386,-43.3367372567935,-15.9844827423172,2.68738568422741
0.593067163424464,12.8136572254086,0.221780931385324,0.97509651751704,-0.52917209656085,-43.3812942231244,-15.4572380403466,2.66385641115369
0.596996882869198,12.6944371210355,0.219751488127645,0.975555884337584,-0.529499213657795,-43.439026977981,-14.6913171966833,2.63143706894811
0.60097077462135,12.5738007782228,0.217696968290943,0.976016408671971,-0.529833601659133,-43.4939119949282,-13.8114021141837,2.59682478977635
0.604403448295306,12.4697208018754,0.215923638925566,0.976410252994684,-0.529190492659337,-43.5385862591137,-13.0144221178009,2.57394871802752
0.606691519507601,12.4003258797549,0.214740882157786,0.976671056973685,-0.529340987579654,-43.5669363060554,-12.3903691412054,2.55729292878531
0.608979590719896,12.3309249214672,0.213557707459083,0.976930450740901,-0.529387031159882,-43.5941553333729,-11.8960577674668,2.53938156249126
0.612348442452917,12.2287979764209,0.211816038035986,0.97730955486516,-0.529097623558057,-43.6322108901318,-11.2962990878521,2.51368984581794
0.616927560004479,12.0901296897088,0.209450117650239,0.977819333116451,-0.528533750001747,-43.6801280576663,-10.464279851949,2.48056133607379
0.619739052047518,12.0050186675674,0.207997368191848,0.97812938552385,-0.528355600288058,-43.7073730513549,-9.69058182328518,2.45716570832611
0.622550544090556,11.9200223391157,0.206546118381885,0.97843686611931,-0.52764360022378,-43.7330113733513,-9.11911597259119,2.43571846454632
0.625870847749333,11.819765192072,0.204833717278399,0.978796785990796,-0.527005206268634,-43.7612273127299,-8.49799966457133,2.41071631473377
0.62981410060072,11.7008851040367,0.20280242234638,0.97921967785091,-0.526176998907622,-43.7918676321037,-7.77031565780722,2.38110995241217
0.632417528827492,11.6225527963277,0.201463486508724,0.97949602531289,-0.525137073550976,-43.8104205624061,-7.12634598932286,2.36334395224904
0.635020957054265,11.5443042251798,0.20012560602578,0.979770249503839,-0.524575706550531,-43.8276367795474,-6.61290254301038,2.34433586979624
0.638783549041537,11.4314305410248,0.198195054467454,0.980162598952155,-0.523579871010567,-43.850199865685,-5.99668691525305,2.31745498243984
0.643553872153004,11.2887374564021,0.195753382537099,0.980653156434671,-0.522074519544522,-43.874923107265,-5.18271844534712,2.28535083087185
0.645523790057311,11.2298890092445,0.194746051425117,0.980853697273108,-0.521391861225159,-43.8838577027016,-4.53551664108227,2.26903182193855
0.647493707961618,11.1711570619945,0.193740509651092,0.981052809445106,-0.520359682694469,-43.8920789581614,-4.17340003960775,2.25467293598402
0.651319436801477,11.0573481623874,0.191791424273135,0.981435708324943,-0.519205646652611,-43.9059935688429,-3.63711367529397,2.22737065915739
0.654935455312621,10.9500808207243,0.189953676417122,0.981793053965865,-0.517743005493877,-43.9166762719244,-2.95427223302137,2.20122077172316
0.658551473823765,10.8431386005598,0.188120835902551,0.982145890944581,-0.516173754507141,-43.9249958373911,-2.30075300805963,2.17548742839278
0.66246744781391,10.7277667100836,0.186142787882322,0.982522703309902,-0.514206518768166,-43.9313959692546,-1.63436526381631,2.15108924439037
0.664721342200836,10.6615129329621,0.185006526945418,0.982737291949173,-0.513043805140709,-43.9338401719932,-1.08443534565946,2.13540738252198
0.666975236587762,10.5953990789247,0.183872419110637,0.982950117498544,-0.511960294514185,-43.935397156218,-0.690797330076503,2.11969977530119
0.670399706369264,10.4952390365938,0.182153821800963,0.983270046936905,-0.510479761583339,-43.9360862593553,-0.201229148245955,2.09675646360007
0.67510339192456,10.3582525382731,0.179802437063533,0.983702741495628,-0.508296185696956,-43.9337769627578,0.490954714201796,2.06708703724831
0.677671193170153,10.283693874023,0.178522198539656,0.98393588440943,-0.506773715172485,-43.9309204376407,1.11244011660832,2.04784024968261
0.680238994415746,10.2093788808288,0.177245843238888,0.984166607366118,-0.505117487991245,-43.9269787961292,1.53502593642097,2.03078079707773
0.683834522144128,10.1056687294068,0.175464130001808,0.984485824724109,-0.503426408248424,-43.9196304574804,2.04374411875815,2.0068542689914
0.688354997586413,9.97584943435541,0.173233059003368,0.984880859428355,-0.501224740670038,-43.907394383092,2.70681138402989,1.97545762076989
0.690826624699385,9.90522537337495,0.172018941505311,0.98509364212921,-0.498708882407429,-43.8993393286072,3.25900878920207,1.96210420454182
0.693298251812357,9.83476448925744,0.17080736877059,0.985304441669511,-0.497556615746067,-43.8902970555425,3.65842930645322,1.94638666324191
0.696893115832649,9.73266419829525,0.169051299540915,0.985607253485651,-0.495703379731581,-43.8754315879396,4.13519607946537,1.92384821415049
0.701485870025494,9.60292607158006,0.166819100905276,0.98598751897433,-0.493028231312232,-43.8535342189372,4.76780774301715,1.89743439943279
0.704118313237006,9.52882441137679,0.165543766385547,0.986202444435668,-0.491299468905836,-43.8394963399326,5.33264267323039,1.87796037392813
0.706750756448519,9.45502771096871,0.16427340521269,0.986414845964834,-0.48927756298634,-43.8244276993602,5.72420347245702,1.86132646998867
0.710119945815439,9.36095384440244,0.162653591248976,0.986683236532278,-0.48732752387978,-43.8036275367296,6.17364011499419,1.84023913512772
0.71429328561118,9.24500698362849,0.160656553614406,0.987010370655112,-0.484900481844846,-43.7755297200246,6.73269325773703,1.81360648566947
0.717025012946929,9.1695197340605,0.159356027358125,0.987221179141046,-0.482295956479386,-43.7557770392169,7.23083909185038,1.79886933586246
0.719756740282679,9.09428932557162,0.158059650864559,0.987429565472178,-0.480654971880978,-43.7349356134239,7.62939460327826,1.78251111608533
0.7232384611427,8.9988307191555,0.15641430846093,0.987691532872834,-0.478518252412829,-43.7068290353585,8.07261098618553,1.76196032966721
0.727544545993685,8.88144076728028,0.154390358507926,0.988009927682811,-0.475801392652908,-43.6697072297822,8.62077893513477,1.73716618959844
0.729869180768687,8.81834253185538,0.153302197475645,0.988179354292093,-0.473739777192471,-43.648582450146,9.08735422159117,1.72198501080862
0.732193815543688,8.75548925787539,0.152218076082294,0.988346931655987,-0.471900613552599,-43.626723697272,9.40309123350537,1.70835130992964
0.736036360902568,8.65207038585753,0.150433863046878,0.98862007507879,-0.469740668444931,-43.5889762457613,9.82355391682356,1.68562693287966
0.741059322661838,8.51771531252234,0.148115198400027,0.988970114817895,-0.466843768445993,-43.5366143842027,10.4244993428257,1.65176987377366
0.743542415429783,8.45182032160039,0.1469777014436,0.98913980572938,-0.463166163989668,-43.5095451299252,10.9014268926833,1.64256459432425
0.746025508197728,8.38609981164196,0.145843022787794,0.989307744184851,-0.461939763053414,-43.481640145029,11.2379953163497,1.62894450733536
0.749363324499101,8.29815986164086,0.144324420848183,0.989530424770677,-0.459834075028962,-43.4428713963543,11.6150036952967,1.61042715160297
0.753559161410166,8.18830546155645,0.142426909290712,0.989805322025445,-0.456957937097086,-43.3921266931599,12.0940599622938,1.58857382505821
0.756784286528303,8.10431481922704,0.140975788043697,0.990013043947128,-0.454529109977667,-43.3515926907895,12.5681953057996,1.56865036565211
0.760009411646439,8.02076821521711,0.139532037975249,0.990217557094638,-0.452126123924064,-43.309765698737,12.9691067851114,1.548723611709
0.762867389873823,7.9471588217621,0.138259764660157,0.99039600033326,-0.449522765385707,-43.2716516883639,13.3360044551742,1.53392990969065
0.765867154740799,7.87027730555774,0.136930691985934,0.990580630535573,-0.447313589962888,-43.2305805320948,13.691458527716,1.51850568931615
0.769347723094588,7.78156295724151,0.135396755538462,0.99079146069678,-0.444857653835124,-43.1815743168122,14.0799462332657,1.50072804202187
0.772828291448377,7.69339220363355,0.133871896612374,0.990998645456898,-0.442131800902105,-43.1311397380559,14.4903284836904,1.48391588460606
0.776001883472175,7.61342011427457,0.132488554265531,0.991184535285246,-0.439809609599077,-43.0839056260528,14.8834858572984,1.46657315288335
0.779328118783463,7.53005476597296,0.131046241223203,0.991376256857743,-0.437431412322861,-43.0331455221309,15.2605270437953,1.44733661969454
0.782112155810491,7.46066494796157,0.129845508670873,0.991534237370552,-0.435008866585171,-42.9896950240894,15.6070115518283,1.43189553822657
0.784896192837518,7.39164026685873,0.12865090555721,0.991689943732067,-0.432719801744101,-42.9453801080614,15.9175023886933,1.41776757298666
0.788430496172758,7.30450031108534,0.127142516802121,0.99188445920945,-0.430319356893776,-42.8878778674452,16.2697525260134,1.3995019586924
0.791942905834256,7.21846878163088,0.125653026340316,0.992074249727065,-0.42749382737621,-42.8293800170427,16.6546206280346,1.38250648576739
0.795455315495753,7.13300799796132,0.124173136884672,0.992260566623617,-0.42465777062367,-42.769554407328,17.0326401189723,1.36682920703329
0.798575329402634,7.05750879277251,0.122865518071859,0.992423329264752,-0.422340974274952,-42.7152904517763,17.3922159231481,1.35051605487947
0.801745804434636,6.98121438440947,0.121543909916028,0.992586055696091,-0.419996566241826,-42.6590908692311,17.7259186645486,1.33298774314453
0.804679357139604,6.91103153582082,0.120327978751417,0.992734192787575,-0.417555745368392,-42.6061625110607,18.0424091514422,1.3173678327971
0.807612909844573,6.8412560341352,0.119118925970375,0.992879993491492,-0.415132218208391,-42.5523571592343,18.3413619040527,1.30303507645291
0.811077690589906,6.75933961461173,0.117699273031186,0.993049284339871,-0.41264118488743,-42.4876821755545,18.6664001082521,1.2861233179808
0.814479026511489,6.6794668165566,0.116314805403564,0.993212397246395,-0.409851699738527,-42.4230288253684,19.0082225562892,1.27073459540774
0.817880362433072,6.60012357659485,0.114939293017316,0.993372517699518,-0.407134375568571,-42.3572364353597,19.3431026883421,1.25606766655454
0.821004057025545,6.5276755166408,0.113683124451304,0.993517059347744,-0.404795393866958,-42.2958076133262,19.6654379021126,1.24066171454193
0.824289560859605,6.4519309055655,0.112369603041181,0.993666479414681,-0.402371423281274,-42.230178859142,19.9752480894675,1.22370250735307
0.827174071835617,6.38583451131865,0.111223235169301,0.993795447744894,-0.399929039236566,-42.1717171727025,20.2674515457569,1.20911123996251
0.830058582811628,6.32013347281419,0.110083577606984,0.993922333958367,-0.397536862719064,-42.1124837717573,20.5349889245361,1.19580831011818
0.833567554015385,6.24070724727944,0.108705648286577,0.994073982171647,-0.39505857059438,-42.0393879186776,20.8311350635935,1.17950424634599
0.837010258076485,6.1633375698278,0.10736319620303,0.994219867082262,-0.392236912836981,-41.9665882423843,21.1460744232877,1.16473585277262
0.840452962137584,6.08651357535067,0.106030018629112,0.99436292929167,-0.389470493066908,-41.8927286155855,21.4539575542768,1.15092696568497
0.843566164561623,6.01745587200326,0.10483145187938,0.994490003316706,-0.387152562895161,-41.825018430516,21.7493679648621,1.13627015115351
0.846796595781865,5.9462387403851,0.103595246565203,0.994619537757576,-0.384770126902699,-41.7538572410882,22.0283871025936,1.12025736501988
0.849712053394761,5.8823715501907,0.102486487243573,0.994734396677059,-0.382338864389219,-41.6888641813572,22.2925757670048,1.10620678607581
0.852627511007658,5.81890524344577,0.101384561264985,0.994847310262789,-0.379938988610196,-41.6231556417725,22.5379848755131,1.09343494434284
0.856116851707195,5.74344022284304,0.100074147298996,0.994979982231994,-0.3774676057794,-41.5435736126787,22.8071822004551,1.07809833603328
0.859516160183781,5.6704629334883,0.0988067664546829,0.995106638960252,-0.374692084344162,-41.4650832068611,23.0901097556311,1.06437509735881
0.862915468660368,5.5980082796103,0.0975483035271143,0.995230791564942,-0.372008682728832,-41.3856544111987,23.3661629150344,1.05133814454538
0.866053581272695,5.53153761919065,0.0963936391711474,0.995343290692886,-0.369690965117327,-41.311491389087,23.6330021492454,1.03742693954296
0.869362672553751,5.46189912865043,0.0951838071863358,0.995459714327764,-0.367297497353347,-41.2324369120361,23.8900865332624,1.02192440010391
0.87222042496255,5.40215213562924,0.0941457084039651,0.995558429018164,-0.364895763249169,-41.1634787151313,24.1302209010373,1.00884038723935
0.875078177371349,5.34278706811496,0.0931141441475935,0.995655440481124,-0.362563210725534,-41.0938995885122,24.3474999460747,0.997061284969611
0.878599517364355,5.27012439503573,0.0918513765009403,0.995772727400627,-0.360147810507352,-41.0073086526539,24.5903366418216,0.98235629415354
0.882047760139403,5.19951649489468,0.0906241761690711,0.995885163406744,-0.357382126426209,-40.92162326723,24.8490002049557,0.9691589553941
0.885496002914452,5.12944310052679,0.089406129739339,0.995995252983182,-0.354676723639637,-40.8350676693456,25.1013642399802,0.956914613832526
0.888624661594486,5.06627025923297,0.0883079170695218,0.996093224443798,-0.352411110055857,-40.7557730183911,25.3446153971692,0.943676343177899
0.891874337008668,5.00108565860373,0.087174618945131,0.996193046458251,-0.350092165393802,-40.6726645272976,25.5743975939274,0.929026706999505
0.894761931965744,4.94355491056803,0.086174296759077,0.996280076373144,-0.34772916190941,-40.5981948175044,25.7895275827138,0.916435907885123
0.897649526922821,4.8864071028321,0.0851805469702447,0.996365532532037,-0.345414582070889,-40.5231545265446,25.9871249518129,0.90514865550719
0.901150899969971,4.81758961651218,0.0839837594259035,0.996467123468051,-0.343034490485506,-40.4313973743596,26.2060485841829,0.891335529816702
0.904551492104971,4.75127698054781,0.0828304184602642,0.996563656661077,-0.340344795055713,-40.3414982388868,26.4363181186986,0.879106772083587
0.907952084239971,4.68546916650489,0.0816857479054349,0.99665813526461,-0.337753833153925,-40.2508366839502,26.6605200910675,0.867531316102783
0.911112011297452,4.62472542300075,0.080629066845304,0.996744176596811,-0.335507214201024,-40.1659031401721,26.8783241616231,0.854985956180592
0.914453274602694,4.56093828296748,0.0795193461875124,0.996833322868929,-0.333196013694828,-40.0753920808633,27.0888735906654,0.840774658312592
0.917272696746066,4.50748720348202,0.0785893685785226,0.99690707247287,-0.33088245687492,-39.9984705483143,27.2827298068339,0.829116684378832
0.920092118889437,4.45439497860243,0.0776655668511656,0.996979468056232,-0.328661010745299,-39.9210624936143,27.4552907523813,0.81877666824295
0.923628620393169,4.38826558766797,0.076514825996805,0.99706844369014,-0.326360840770766,-39.8232753494391,27.6508136846694,0.805526018370148
0.92710164600381,4.3238537621781,0.0753938751013378,0.997153831460926,-0.323694253383439,-39.7265165173515,27.8600974870781,0.79368788376571
0.930574671614452,4.2599636485284,0.0742819093577013,0.997237282667558,-0.321072450270401,-39.6290493985175,28.0640368833856,0.782920564680969
0.933706684272563,4.20273370498462,0.0732857810649391,0.997310981737242,-0.318916637511832,-39.5405345124228,28.2613436651979,0.770978436905269
0.936940429026054,4.14405207478206,0.0722643092084196,0.997385517046759,-0.316718768965019,-39.4485481587952,28.4457681851236,0.75766919253925
0.9398267767419,4.09204814494029,0.0713590127757549,0.997450696172833,-0.314459617852619,-39.3659491190605,28.6171479899134,0.746290221840724
0.942713124457747,4.04041021729518,0.0704600296250922,0.997514603514771,-0.312246459900076,-39.2828960877166,28.7744372889912,0.736223166101968
0.946211957168949,3.97826846609379,0.0693781058411207,0.997590436216135,-0.309982857410456,-39.1816078582215,28.9491490035552,0.723882233267632
0.949592604955681,3.91872057390857,0.0683412660528233,0.997662002561137,-0.307428293871206,-39.0831241587632,29.1316060326606,0.713119412329579
0.952973252742414,3.85964505661971,0.0673125782456155,0.997731936348601,-0.304989560893031,-38.9840410972784,29.3088980974792,0.702873156852716
0.956158169570188,3.80438134358622,0.0663502009581604,0.997796397484382,-0.302844250405707,-38.8901422984937,29.4823393709665,0.691606725484021
0.959557042736131,3.74583552426676,0.0653306008659054,0.997863674351612,-0.300634139761659,-38.7893595856005,29.651801633277,0.678555077699158
0.962327636505375,3.69846092570377,0.0645055023062597,0.997917351373458,-0.298435207612565,-38.7067816430505,29.8051426617043,0.668241534726706
0.96509823027462,3.65141641960643,0.0636861091522732,0.997969979258417,-0.296355797622751,-38.6238347423047,29.9383120205444,0.659239301594765
0.968655418499145,3.59145512790635,0.062641676965518,0.998036081665862,-0.29419920956112,-38.516791691951,30.0920400038581,0.647298184069413
0.972185452063133,3.53246757150663,0.0616141387794839,0.998100044034897,-0.291647956943956,-38.4099796667535,30.2580763784246,0.636604158739193
0.975715485627122,3.47399659986373,0.0605955348263881,0.998162402196709,-0.289093843871523,-38.3025973374602,30.4196340762039,0.627349480124051
0.978822705410527,3.42288266517871,0.0597050437108633,0.998216062661528,-0.2871076126212,-38.2075885445234,30.5767855380657,0.616546860346096
0.981972212931205,3.37143903665831,0.0588087607959285,0.998269267108653,-0.28507971197373,-38.11083923192,30.7188701624806,0.604607527960388
0.984915713278548,3.32372114842979,0.0579773476487462,0.998317898847665,-0.282940092885689,-38.0200285499299,30.8512557411398,0.59410727706063
0.98785921362589,3.27636188329955,0.0571521432119783,0.998365480436036,-0.280813660713095,-37.9288521771503,30.9754924479529,0.58488932516798
0.991324243206638,3.22103867363802,0.0561881228046795,0.998420199543101,-0.27866202549319,-37.8210505713105,31.1113089592956,0.574044334583979
0.994639620283948,3.16855637920481,0.0552735576033762,0.998471248374166,-0.276284964123541,-37.7174452210329,31.2499446855459,0.564811425051767
0.997954997361257,3.11649592552666,0.0543662976484481,0.998521059207066,-0.274064248372942,-37.6133934070948,31.3846092048596,0.555760495214264
1,3.08455229987361,0.0538095923264798,0.998551214396967,-0.272626270552397,-37.5489785362563,31.4986737024803,0.54806225521729
1.00371737401418,3.02694500811412,0.0528055850456532,0.998604811818963,-0.270469667707301,-37.4314853727197,31.6064950925765,0.536999641536934
1.00776345217124,2.96481821176095,0.0517227498913166,0.998661482757636,-0.267992141522855,-37.3029935701941,31.7571232037387,0.524133586990391
1.01045199876778,2.92387399883501,0.051009081939831,0.99869818942444,-0.265798378244498,-37.2172725166222,31.8837894356048,0.515491167885511
1.01314054536432,2.88321763143925,0.050300405432919,0.998734133397514,-0.263929765572721,-37.1312919144529,31.9803280627059,0.507884121538593
1.0168293172147,2.82786059431973,0.0493354425771177,0.998782265614343,-0.261919847871553,-37.0128951177521,32.0965355145597,0.496866548059292
1.02032241117184,2.77592360252788,0.0484300547630517,0.998826576436394,-0.259503901547831,-36.9003432484439,32.2212544779502,0.487569770277227
1.02381550512897,2.72445301677997,0.0475327582759899,0.998869679633272,-0.257173497265006,-36.7873772614456,32.3398077419748,0.479319173124975
1.02701289441922,2.67769312378198,0.0467175509167541,0.998908139138099,-0.255243893254533,-36.683600761745,32.456635798747,0.469835098563911
1.0303012481155,2.62996424283438,0.0458854182313702,0.998946709486413,-0.253326192304603,-36.5765115043692,32.5662222701405,0.458703978756073
1.03310245112639,2.58962591406425,0.0451821118208489,0.99897876692721,-0.251333676656909,-36.485016217434,32.6628547018626,0.449812070399233
1.03590365413729,2.54959436152717,0.0444841319707651,0.999010091041531,-0.249422263841545,-36.3932821097299,32.7481112034033,0.442269105419159
1.03942927476891,2.49960270405877,0.043612459841756,0.999048524020005,-0.24747955396206,-36.2774780313047,32.8464376985145,0.432441716181933
1.04290426704284,2.4507825128058,0.0427611817610688,0.999085322349596,-0.245201431153986,-36.1629776047811,32.9498362866839,0.423879197171774
1.04637925931678,2.40240821615994,0.0419176481246963,0.999121069128108,-0.242961907035015,-36.0481290556339,33.0500156816886,0.416346271441015
1.04952658679984,2.3589204361863,0.041159298291326,0.999152597036191,-0.241158554045282,-35.9437965569247,33.1495528414627,0.407329018137503
1.05,2.3523984222985,0.0410455638691113,0.999157275751254,-0.24044664611133,-35.9280751919809,33.2085479206167,0.4053843900806
1.05236706600079,2.31994831253995,0.0404796733448179,0.999180362119821,-0.239267201561129,-35.8493903716644,33.2414982472811,0.397978387728835
1.05694332115397,2.25778652840133,0.0393956111796048,0.999223691582513,-0.23707764663847,-35.6968446775389,33.3341758751156,0.38485844095113
1.05965435788989,2.22131671911954,0.0387595791268126,0.999248565185816,-0.234787762596127,-35.6062177476424,33.4288830158107,0.37778082586847
1.0623653946258,2.18510869915297,0.0381280971338942,0.999272859737994,-0.23310239793958,-35.5154044151137,33.4976399713079,0.371202468298802
1.06636433104031,2.13214593683189,0.0372043785423373,0.999307677453385,-0.231155109168835,-35.3811075684094,33.583141311557,0.360790878744192
1.06928106761505,2.09387508067571,0.0365368802834676,0.999332305281457,-0.229006778763559,-35.2829131103934,33.6658644001333,0.3540571531531
1.07219780418979,2.05587975744769,0.0358741715850411,0.999356314741187,-0.227358033094899,-35.1845116840844,33.7368232569451,0.346649887440351
1.07603405871039,2.00635232378588,0.0350102979146213,0.999386951605798,-0.225328320323775,-35.0547923004806,33.8140712267996,0.337441662302591
1.07949545963854,1.96205998203391,0.0342377142488112,0.999413717597981,-0.223333619258779,-34.9374547746974,33.8988543132547,0.32767285807405
1.0829568605667,1.91814377640455,0.0334716712584888,0.999439666624836,-0.221437042146956,-34.8198485778164,33.9764734921028,0.316668282042939
1.08596519325539,1.88035582737217,0.0328125094518435,0.999461524633876,-0.219232444160769,-34.717451320036,34.0378769160955,0.310182107509559
1.0890028746859,1.84251373531347,0.0321523888871836,0.999482978288699,-0.217425400712899,-34.6138713708907,34.0983580782835,0.304317246866806
1.09211928586537,1.80399751411129,0.0314804943575813,0.999504366411174,-0.215708016911802,-34.507413517334,34.1604003534847,0.297925149276178
1.09523569704483,1.76578333253579,0.0308138546850751,0.99952514043392,-0.214016460293105,-34.400763160227,34.2221712621546,0.290778075412613
1.09864437729453,1.7243393032493,0.0300908554031054,0.999547167682001,-0.212203760211054,-34.2839007021272,34.283784203671,0.282635435178952
1.1,1.70795070667232,0.0298049487318765,0.99955573382933,-0.210998951916781,-34.2373623279627,34.329886904783,0.278811246044001
1.10402932062621,1.65961474335129,0.028961691311355,0.999580522237396,-0.209370706711068,-34.0988547096682,34.3749309482981,0.269008182956862
1.10697006910853,1.62466028715313,0.0283518715216598,0.999598004890576,-0.207454106520739,-33.997589617941,34.435142051753,0.261598672835749
1.10991081759085,1.58999706056441,0.0277471221386705,0.999614974484187,-0.205725663712825,-33.8961875960091,34.4817050970089,0.255097380455518
1.11368787137061,1.54587160659676,0.0269772760520063,0.999636047057535,-0.203898197002381,-33.7657444047971,34.5356986737262,0.246484079629
1.11631920319582,1.51540998133793,0.0264458101057407,0.999650248400835,-0.20204812299999,-33.6747449748698,34.5830309409079,0.241283926318923
1.11895053502104,1.48515145838232,0.0259178802976478,0.999664075317742,-0.20070097100811,-33.5836381720578,34.6238364690241,0.235378183557544
1.12315895697337,1.43721747231216,0.0250815464811581,0.99968540852916,-0.198793250773342,-33.4377256617244,34.6715495704122,0.226646549654236
1.12852492033996,1.37692638177897,0.0240295857873071,0.999711247814533,-0.19610235246372,-33.2513435892941,34.7341306112539,0.21774619443454
1.13034323982874,1.35663986459913,0.0236756200074216,0.999719693222687,-0.194721841092365,-33.1880815736117,34.7914742555299,0.21135139512116
1.13216155931753,1.33648180095352,0.0233238925867594,0.999727961014696,-0.193488869042079,-33.1247884682068,34.8085723082474,0.206674156989355
1.13521647328385,1.30285630197145,0.0227371725869948,0.999741477074323,-0.192108739013147,-33.0183674866288,34.8359995571901,0.199741966907537
1.13934388405852,1.25785014353669,0.0219518630759754,0.999759028820192,-0.190314386244753,-32.8744063626751,34.8792819065424,0.189173548288254
1.14332237949293,1.21491748708819,0.021202721335328,0.999775197035802,-0.188341604007345,-32.7354518993509,34.9263850153534,0.177116060251694
1.14588145011721,1.18769865553287,0.0207277675259861,0.999785156747883,-0.185637013953031,-32.6460391620015,34.9395348846899,0.177400152620516
1.14844052074149,1.16058084563656,0.0202545718376887,0.999794855117625,-0.184948029229885,-32.5565292134649,34.9775217953323,0.172681867804287
1.1515835846882,1.12753116759628,0.0196778611343526,0.999806372144715,-0.183523373468596,-32.4465061736228,35.0050274852018,0.166476031113407
1.15555697654696,1.08617545541087,0.0189562024882275,0.999820315050272,-0.181656722467453,-32.3072964616002,35.0354852908385,0.159251203827353
1.15869877528824,1.05376144193244,0.0183905698793239,0.999830879168829,-0.180066040370832,-32.197115505863,35.0693869373466,0.151453084348026
1.16184057402953,1.02164458616576,0.0178301169407173,0.999841030829342,-0.178415272484394,-32.08686219666,35.0924162500583,0.144279381949688
1.16499874605397,0.98966718645043,0.0172720920039249,0.999850826292506,-0.17671960454928,-31.975969477892,35.1129444215336,0.138195920632554
1.16851366546959,0.95442495613017,0.0166570875762107,0.999861261092497,-0.174994895217543,-31.8524754146752,35.1342516326061,0.132092218067444
1.17131664374884,0.926581575496875,0.0161711943829385,0.999869237686723,-0.17337225569483,-31.753942542255,35.1529204309779,0.127769187845345
1.17411962202809,0.898938499149446,0.0156887929098623,0.99987692331458,-0.172125021879241,-31.6553563057814,35.1719587709562,0.122288755110592
1.17772039787389,0.863759447694998,0.015074875283502,0.999886367611434,-0.170516105945518,-31.5286511419919,35.1882953050894,0.115699401163273
1.1813862458445,0.82829500729398,0.0144559715180445,0.99989550698434,-0.168848042073046,-31.3995839397404,35.2080073386166,0.107879238570435
1.18431307832981,0.800251742830285,0.013966573651983,0.999902462653445,-0.167227642974363,-31.2964954700639,35.2218550921375,0.101835958446257
1.18723991081512,0.772464338099734,0.0134816376291694,0.999909118593703,-0.165701899772775,-31.1933806600412,35.2308547005353,0.0968758665296434
1.19090468628402,0.737996878006802,0.0128801192341996,0.999917047823725,-0.164149391559376,-31.0642242088935,35.2426641805994,0.0904173207873313
1.19380349772313,0.711006316709303,0.0124090827375259,0.999923004368643,-0.162505968910627,-30.9620388885261,35.2507648439934,0.0860967539076762
1.19670230916225,0.684227313536897,0.0119417356097798,0.999928694933107,-0.161232210365177,-30.8598265475773,35.2600861061772,0.0809347828121334
1.20042154738062,0.650207974072471,0.0113480263940422,0.999935609075384,-0.159642767724599,-30.7286627478967,35.2663077704391,0.074739526891308
1.20396422760926,0.618121444494402,0.0107880451170881,0.999941807348083,-0.158076809232872,-30.6036952707431,35.274839694325,0.0674736168044658
1.2075069078379,0.586331523453197,0.0102332369814479,0.999947639059607,-0.156615543969366,-30.4787004970546,35.282544746225,0.0582443676895705
1.21046005956178,0.560159724950889,0.00977647579234973,0.999952209118557,-0.15467679880466,-30.3745259014395,35.2757343189633,0.0545524594038378
1.21337472571857,0.534560817935529,0.00932971097136704,0.999956477299483,-0.15328864037805,-30.2717093488433,35.275584600579,0.0513693167408977
1.21659840124811,0.506491383042249,0.00883982713525531,0.999960927964797,-0.151970647657562,-30.1579885139381,35.2767621502741,0.0470995852191041
1.21982207677765,0.478681685047013,0.00835447428347037,0.999965100770745,-0.150564406856274,-30.0442699661024,35.2760526900392,0.0423536171947321
1.22316258821726,0.450131067309516,0.00785618837422995,0.999969139675934,-0.149169458631061,-29.9264351014401,35.2744981696746,0.0366435023119749
1.22643719526656,0.42239717804871,0.00737215472865445,0.999972825298096,-0.147818554928009,-29.8109316450877,35.27246311191,0.0297892730054614
1.22971180231586,0.394936180945383,0.00689288210934866,0.999976243805935,-0.146364069983965,-29.6954477153026,35.2665000858161,0.0229500268161011
1.23273888538361,0.369832208450319,0.00645474489507982,0.999979167917182,-0.14474230325422,-29.5887285336679,35.254791244879,0.018800406920314
1.23603073181707,0.342800136537315,0.00598295536421999,0.999982101962385,-0.14332341075294,-29.4727046409921,35.2458399932043,0.0146710946667836
1.23900598497192,0.318602071238127,0.00556062649009282,0.999984539597007,-0.14194957205403,-29.3678677948819,35.2362776052546,0.0110742091698137
1.24198123812677,0.294604118925026,0.00514178920847512,0.999986780914496,-0.140775678505669,-29.2630538480489,35.2285810241336,0.00645526694453791
1.24549268281607,0.266563725994253,0.00465239790144505,0.999989177538321,-0.139372031598958,-29.139393923073,35.2162531145139,0.00112138547568819
1.24881256139947,0.240308999439412,0.00419417096563437,0.999991204426274,-0.138026560634955,-29.0225194247812,35.2044496072977,-0.00506846586483567
1.25213243998287,0.214320221468425,0.00374058479514462,0.999993003988223,-0.136628413590521,-28.9056941742203,35.1896154109112,-0.0113669825772087
1.25530423556142,0.18976952596241,0.00331209699235315,0.999994514991714,-0.13509397425638,-28.7941412408236,35.1702783594615,-0.015760884237733
1.25874410714227,0.163435395444832,0.00285248189652122,0.999995931665239,-0.133614663332383,-28.6732268820893,35.1508351089338,-0.0195046736510758
1.26151670128236,0.142412723530149,0.00248556836299874,0.999996910970185,-0.132336297322296,-28.5758157635396,35.1335657610374,-0.0225759588643211
1.26428929542246,0.121549826170031,0.00212144308062416,0.999997749737096,-0.131330527311546,-28.4784427320507,35.1198287844135,-0.0268533237043451
1.26785936970563,0.0949624146501117,0.00165740604247332,0.999998626501662,-0.12997989223718,-28.3531374210611,35.0987965657391,-0.0318333260220718
1.27138009719251,0.0690152613555086,0.0012045432534943,0.999999274537512,-0.128627750429038,-28.2296408135064,35.0770140589012,-0.0377571411846054
1.27490082467938,0.0433333065631669,0.000756308803201494,0.999999713998456,-0.127313082635784,-28.1062238761927,35.0543851444923,-0.044902800695525
1.27801424902882,0.0209117457244988,0.000364978807129242,0.999999933395233,-0.125691205614777,-27.9971797509598,35.0238557274246,-0.0484962881846456
1.28118311262116,-0.00166035857745593,-2.89787239362794e-05,0.999999999580117,-0.124321393992603,-27.8862788329736,34.9970627495845,-0.0510134588830797
1.28410897062048,-0.0223092252625449,-0.000389369424561882,0.999999924195723,-0.123174368183337,-27.7839509468226,34.9736337768016,-0.0538675201377274
1.2870348286198,-0.0427867827469876,-0.000746770165862405,0.999999721167121,-0.122152476625054,-27.6816872566293,34.9516928767958,-0.0579182603326833
1.2905118414153,-0.0668682687772939,-0.00116707119033625,0.999999318972186,-0.120879975059523,-27.5602583278498,34.9233482651022,-0.062549196954242
1.29381856403264,-0.0895384227671189,-0.00156273964825272,0.99999877892165,-0.119655887367827,-27.4448717447156,34.8945455930477,-0.0679454586366326
1.29712528664997,-0.11196584141094,-0.00195417133862434,0.999998090605367,-0.118374700074846,-27.3295882433814,34.863372189053,-0.0733366823873007
1.3,-0.131232062602226,-0.0022904295739627,0.999997376962743,-0.116971312705694,-27.2294651232915,34.8289056677444,-0.0761218203461018
1.30362099533002,-0.155251801836144,-0.00270965179587683,0.999996328886834,-0.115775773480553,-27.103464777218,34.7971578501913,-0.0801225191413595
1.30654493332313,-0.174431864974302,-0.00304440566137827,0.999995365786347,-0.114487808322269,-27.0018219567854,34.7623036713305,-0.0828950372532811
1.30946887131624,-0.193445556699356,-0.00337625547334469,0.999994300433247,-0.11349471990975,-26.9002638320588,34.7333373573595,-0.0866457745317488
1.31309076614622,-0.216737789382099,-0.00378277901659309,0.999992845265861,-0.112241290688307,-26.7745953995019,34.6968751043337,-0.0909726063320919
1.31629434759554,-0.237127292450465,-0.00413864018483456,0.999991435792037,-0.111083163333754,-26.6635571277702,34.6606675959691,-0.0958981412227127
1.31949792904487,-0.257292221936461,-0.00449058132009095,0.999989917288873,-0.109859673783901,-26.5526403762549,34.6227349826267,-0.100433708192272
1.32284771498615,-0.278134285815189,-0.00485433998484566,0.999988217622244,-0.10859280084511,-26.4367964897196,34.5824743927238,-0.104507958613757
1.32664561343444,-0.301453276610883,-0.00526132794384493,0.999986159118349,-0.107162730433271,-26.3056312595816,34.5362657595534,-0.107653250495598
1.32915074599327,-0.316676325333594,-0.00552701640000092,0.999984725928208,-0.10605918695457,-26.2192100474519,34.4976603433999,-0.109905038674624
1.3316558785521,-0.331787822882942,-0.00579075756338628,0.999983233422862,-0.105282008416542,-26.1328625259017,34.4682445030416,-0.113148288224346
1.3352666176809,-0.353327523558711,-0.00616668953880866,0.999980985789296,-0.104116825745434,-26.0085555381565,34.4270198734288,-0.117022110702772
1.34037296707571,-0.38335090840286,-0.00669068562273952,0.999977617112452,-0.102618696373636,-25.8330507476016,34.3699141960839,-0.123070366106359
1.34244185960956,-0.395361212869535,-0.00690030013943312,0.999976192645598,-0.10131959668334,-25.7620458073883,34.320265094333,-0.125483794252705
1.34451075214341,-0.407283638674217,-0.0071083806196905,0.999974735143326,-0.100578247401573,-25.6911010860318,34.2911582868125,-0.127659351968428
1.34792487619342,-0.42677907602154,-0.00744863117585076,0.999972258562009,-0.0996623338352072,-25.5741561992987,34.2532623361306,-0.131598443321653
1.35254196220205,-0.45282202018726,-0.00790315290389512,0.99996876959942,-0.0984463191188731,-25.416256498664,34.198994850772,-0.139346319262057
1.3559737079753,-0.471826979626227,-0.00823484122036505,0.999966093120199,-0.0966560865327273,-25.2991259366084,34.1314799506665,-0.140784928669202
1.35847342689451,-0.485528398617924,-0.00847396774791223,0.99996409529073,-0.0956647052444175,-25.2139169795662,34.0874153439052,-0.141842876908261
1.36097314581373,-0.499141062434921,-0.00871154477963655,0.999962053773818,-0.0950450075596973,-25.1287915190003,34.0540129978423,-0.144669470301954
1.36444628201588,-0.517843878913108,-0.00903795765003204,0.999959156826676,-0.0939858698136837,-25.0106811806028,34.0068259702411,-0.147999567819575
1.36919555112708,-0.543036831452517,-0.009477638773552,0.999955086173013,-0.0925826605769808,-24.8494832344727,33.9416323555649,-0.151963912213385
1.37146190993166,-0.554937105745616,-0.00968532820738097,0.99995309610877,-0.0916443450547334,-24.7726759539174,33.8901679645463,-0.155505340275917
1.37372826873625,-0.56671621503153,-0.00989090259854885,0.999951083826497,-0.0907112499467038,-24.695960554531,33.8496266484211,-0.157665105568198
1.37744187779172,-0.58581674932747,-0.010224252948074,0.999947730959801,-0.0897690649108452,-24.5704357549049,33.8012961921918,-0.161559972494554
1.38239008372712,-0.610935489532648,-0.0106626337570267,0.999943152504863,-0.0885987216896195,-24.4035136357599,33.7338666426124,-0.17032752019318
1.38492931838305,-0.623533253605529,-0.0108824934597811,0.999940783914777,-0.0865900522223108,-24.3180581046341,33.654050414946,-0.168449131179192
1.38746855303897,-0.63608415231333,-0.0111015347319169,0.999938376064543,-0.0862679256618969,-24.2326880567162,33.620385464827,-0.170393286952672
1.39082407594048,-0.6524933979986,-0.0113879119888824,0.99993515562787,-0.0853504426531259,-24.1200447251199,33.5695314568074,-0.173144481105341
1.3950285833699,-0.67274801955621,-0.0117413981817532,0.999931067408518,-0.0840787751858785,-23.9791882124769,33.5013113920066,-0.175480710548053
1.39795093964567,-0.686697532966891,-0.0119848459867598,0.99992817915422,-0.0833111760146078,-23.8814507124131,33.4447585581533,-0.180221241092962
1.40087329592143,-0.700465122942941,-0.0122251181557818,0.999925270450786,-0.0822246682033707,-23.7838782967224,33.3882683983258,-0.183337553021548
1.40408930044137,-0.715432548847717,-0.0124863290766023,0.999922042754429,-0.081228387885173,-23.6766851860736,33.331144276684,-0.18624057237867
1.4078639531852,-0.732763636690629,-0.0127887894657089,0.999918220088024,-0.0801357280628862,-23.5511174970156,33.2660240768594,-0.189367579047405
1.41051989675935,-0.744791204487679,-0.0129986926741598,0.999915513425391,-0.0790380718584014,-23.4629310812136,33.2034221887815,-0.190511054013071
1.4131758403335,-0.756718911617178,-0.0132068525643851,0.999912785719506,-0.0783818465308161,-23.3748701122256,33.1561897041695,-0.192839659090407
1.41693200969842,-0.773371091676042,-0.0134974620246171,0.999908905110307,-0.0773754699072937,-23.2505632014079,33.094064388747,-0.195586998496308
1.42190523721691,-0.795059112637339,-0.0138759539407071,0.999903724316614,-0.0761130216963424,-23.0863948423835,33.0104260088263,-0.199538944011724
1.42394792350076,-0.803854128770858,-0.0140294409874127,0.999901582549793,-0.0751471190215394,-23.0191021061831,32.9432555221463,-0.201798164941634
1.42599060978461,-0.812570349347134,-0.014181552599947,0.999899436726441,-0.0744738673721194,-22.9518948080277,32.9014292046911,-0.203445897273918
1.42935664600658,-0.826786144645042,-0.0144296396436345,0.999895887330153,-0.073710565596046,-22.8413266678899,32.8481729983168,-0.206352359045987
1.43390752913802,-0.845751669589955,-0.0147606152393097,0.999891056184501,-0.0727355207982704,-22.69218434807,32.7721709198312,-0.212619702798649
1.43818331297902,-0.863258032883334,-0.0150661249379787,0.999886499498495,-0.0714591033788967,-22.5524418914127,32.6823015039537,-0.218569272195218
1.44005912651044,-0.870744323569403,-0.0151967704002114,0.999884522417166,-0.0696553356956605,-22.4912898631006,32.6002703829029,-0.215419314886836
1.44193494004186,-0.878236047814666,-0.0153275104253603,0.999882526812105,-0.0697058916258891,-22.430188347341,32.5733420387001,-0.215823361991068
1.44504860039008,-0.890567901738227,-0.0155427162385946,0.99987920469021,-0.0691248979561821,-22.328919881155,32.5239283866669,-0.217685538236376
1.44927631869739,-0.907032006145779,-0.0158300337123764,0.999874697165932,-0.0679687740328496,-22.1917544367695,32.4443197051285,-0.218460975705128
1.45320512217692,-0.922039360299273,-0.016091928088066,0.999870516542221,-0.0666685781958047,-22.0646398525705,32.3545285125823,-0.216954451532795
1.45577977580857,-0.93191129989072,-0.0162642033880641,0.99986772909628,-0.0669207878337814,-21.9814568215966,32.3084355703418,-0.225121862987206
1.45835442944021,-0.941574087108536,-0.0164328283006915,0.999864971960734,-0.0655029670001887,-21.8984539264378,32.2384705028317,-0.227576121583228
1.4614191222455,-0.952929985356381,-0.016630999028318,0.999861695371575,-0.0646713476808918,-21.7998442236695,32.176047986921,-0.229804631934678
1.46527418889324,-0.967016569289485,-0.0168768217899973,0.999857576300879,-0.063775102341088,-21.6760916122779,32.1012897310744,-0.232979031380831
1.46857611006153,-0.978866270042915,-0.017083608265569,0.999854064515732,-0.062635139660413,-21.5703678414015,32.0188658323446,-0.233776837264944
1.47187803122982,-0.990545621454048,-0.0172874212979031,0.999850561366482,-0.0617347072302729,-21.4648873457989,31.9451889450405,-0.234246460967672
1.47493060493344,-1.00123534167461,-0.0174739639290232,0.999847318636504,-0.0611191840328919,-21.3675750012762,31.8787862213271,-0.236688937973467
1.47816467216039,-1.01241913134242,-0.0176691277449739,0.999843888777009,-0.060355564326973,-21.2647014620967,31.80933850796,-0.239812176261154
1.48115718087078,-1.0226300914887,-0.0178473145164408,0.999840723997853,-0.0595536693757786,-21.1697220593812,31.7390563929628,-0.242736104457597
1.48414968958117,-1.03269028780599,-0.018022869823314,0.999837574890708,-0.0586743652655568,-21.0749530404618,31.6687529063597,-0.24461925263671
1.48765133972026,-1.04429628802829,-0.0182253994677366,0.999833903613116,-0.0578478456785476,-20.9643202313391,31.5944782397457,-0.246805915703629
1.49105287909767,-1.05537630157549,-0.0184187497231384,0.999830360440528,-0.0568515298833087,-20.8571292893554,31.5124801128436,-0.24760845555617
1.49445441847508,-1.0662765809125,-0.0186089628792824,0.999826838257784,-0.055929313969255,-20.7502113086123,31.4322337272325,-0.247638129085046
1.4975150440235,-1.0759897601621,-0.0187784602142237,0.999823669169711,-0.0553896437377408,-20.6542231192189,31.3622780293456,-0.250107908130882
1.50072174408139,-1.08603596882881,-0.018953768425495,0.999820361196186,-0.0546790829859801,-20.5538852533566,31.2900689340763,-0.253312551644983
1.50369608670629,-1.09522050366178,-0.0191140397582209,0.999817310054252,-0.0538943872025971,-20.4610362876117,31.2166342127562,-0.256046681909394
1.50667042933119,-1.10426064636868,-0.0192717909498673,0.999814281791166,-0.0530471014887866,-20.3684045380092,31.1436042462104,-0.257631643378427
1.51015117544854,-1.1146849122725,-0.0194536946028724,0.999810758977067,-0.0522697594111774,-20.2602691553902,31.0667250564736,-0.259483980464724
1.51345264170269,-1.12439749869647,-0.0196231788550368,0.999807446887461,-0.0513458563357017,-20.1579791650307,30.9832003374047,-0.26007975478095
1.51675410795684,-1.13396096329671,-0.019790060386281,0.999804157577826,-0.0505575196967182,-20.0559520112101,30.9035882745664,-0.260596903604223
1.5199546770866,-1.14311766759011,-0.01994984347294,0.999800982068634,-0.0499331937764104,-19.9572856291435,30.8277615843649,-0.262464522674506
1.52345853987721,-1.15300418851758,-0.0201223611758291,0.99979752479225,-0.0492463181532014,-19.8495483358097,30.7481484784297,-0.265525747540501
1.52617851691471,-1.16056293456172,-0.0202542592945889,0.999794861449301,-0.0485022498255166,-19.7661222838347,30.6716015705145,-0.267764555193915
1.5288984939522,-1.16800148695377,-0.0203840597217839,0.999792223469086,-0.0477310025172059,-19.6828859641761,30.6018464535219,-0.268759745814846
1.53248569110753,-1.17767385776993,-0.0205528390720051,0.999788768093581,-0.0470603398436815,-19.5733864745828,30.5250826347321,-0.270603421671392
1.5360969155179,-1.18722210901462,-0.0207194520064038,0.999785329112482,-0.0461473459109365,-19.46348277659,30.4339153438228,-0.271373025593098
1.53970813992827,-1.19656514065294,-0.0208824833887497,0.99978193716806,-0.0451555056336178,-19.3539171133503,30.3403086568339,-0.270104786258942
1.54276461896215,-1.20440951422013,-0.0210193634840971,0.999779068774058,-0.0447934191553335,-19.2614138000222,30.2646647671459,-0.272556414030101
1.54577749276204,-1.21204343026345,-0.0211525708307038,0.999776259343685,-0.0442225524950006,-19.170453748149,30.1904619690184,-0.275921670781738
1.54953915293717,-1.22143765782774,-0.021316494062763,0.999772777725455,-0.0435871913052395,-19.0572007065086,30.1071963887936,-0.281330081418877
1.55259436922951,-1.22888180295501,-0.0214463892031302,0.999769999745015,-0.0425255792176266,-18.9655004377457,30.0143295886108,-0.282789116165389
1.5552140757133,-1.23511763339878,-0.0215551998164812,0.999767659689426,-0.041545025564402,-18.8870803769712,29.9346744606253,-0.281022951687318
1.55921260624703,-1.24452496212489,-0.0217193502375987,0.999764107089896,-0.0410622999381558,-18.7677050128253,29.8548086950552,-0.281129021514816
1.56173961122877,-1.25039086509656,-0.0218217052934963,0.999761878238055,-0.0405140952226112,-18.6924654928104,29.774187450571,-0.282222138493049
1.56426661621051,-1.25618732124092,-0.0219228483361971,0.999759665480073,-0.0400344460725303,-18.6173873652845,29.7103203469866,-0.283766394674384
1.56797098020233,-1.26452815004689,-0.0220683880417176,0.999756463469599,-0.0392982237519865,-18.507633479747,29.6282670331152,-0.285069273094911
1.57172343193088,-1.27282886021921,-0.0222132272500912,0.999753255826224,-0.0386080177017537,-18.3968104905653,29.5334882894086,-0.287328514782226
1.57547588365943,-1.28102111823913,-0.0223561736182182,0.999750069517953,-0.0381035882574057,-18.2863328881754,29.4414453221132,-0.292669684882552
1.57850528819055,-1.28742743660023,-0.0224679568815073,0.999747563594716,-0.0369086885502689,-18.1974417832679,29.3427648879951,-0.292337889981785
1.58135618074565,-1.29333879707262,-0.0225711034207122,0.999745240193906,-0.0361896148387508,-18.1140152032238,29.2633196207106,-0.290875171484922
1.58508789542798,-1.30093972097587,-0.0227037305732857,0.999742237088168,-0.0355496493162317,-18.0051335778182,29.1773714429855,-0.289203424787461
1.58825675438715,-1.30729754333618,-0.02281466676408,0.9997397116152,-0.0350173153409897,-17.9129524161815,29.0897016321628,-0.289197415966258
1.59094382862938,-1.31267029973086,-0.0229084145447923,0.999737567836202,-0.0348975430306457,-17.834968827865,29.021746809575,-0.29299493231453
1.59468774123084,-1.3199742393577,-0.0230358586988912,0.999734639398878,-0.0340493511535712,-17.7266493362614,28.9321635236531,-0.295733180912748
1.59735074753416,-1.3250580975171,-0.0231245651262168,0.999732591490206,-0.0333195094112467,-17.649835080232,28.8449396208427,-0.296859011293142
1.60001375383749,-1.33004961317646,-0.0232116601250771,0.999730573121698,-0.0327142984272157,-17.5732145342987,28.7721984876853,-0.297191969687818
1.60371699497004,-1.33687678420019,-0.0233307844689788,0.999727800201666,-0.0321763041336042,-17.46697328027,28.6887216430599,-0.298441140663398
1.60699077276536,-1.34277160702347,-0.0234336404073833,0.999725394544551,-0.0314267105223418,-17.3733641163337,28.5936217387783,-0.298639008108885
1.61026455056068,-1.34855331199352,-0.0235345223656301,0.999723024770872,-0.0308236521887251,-17.2800415583496,28.5060757995183,-0.298935666934199
1.6137506834694,-1.3545910838482,-0.023639872045739,0.999720539175654,-0.0302280495631075,-17.1809799592615,28.4158985563004,-0.299591668865455
1.61766373894596,-1.3612592330471,-0.023756220519941,0.99971778116957,-0.0297417604305317,-17.0701615274422,28.3201790731584,-0.302615417629713
1.6200132236435,-1.3651641935768,-0.0238243556486575,0.999716159756321,-0.0290082410304392,-17.0038301569127,28.2323058323767,-0.303406345362708
1.62236270834104,-1.36900280182468,-0.0238913329314981,0.999714561367772,-0.0285153389974435,-16.9376513956225,28.1673514875459,-0.303640117021867
1.62589715171263,-1.3746854599972,-0.0239904855990869,0.999712186882165,-0.028061305543357,-16.8383720026357,28.0891168846746,-0.304794148103873
1.63081224468988,-1.38239472853423,-0.0241249987745426,0.999708949861973,-0.0273752947328601,-16.7008690367089,27.9756591713139,-0.307500365746435
1.6330005028327,-1.38570612389073,-0.0241827766648547,0.999707553894026,-0.0264113043499019,-16.6398778043125,27.87204635631,-0.306325032016977
1.63518876097553,-1.38899864045368,-0.0242402250741041,0.999706162573962,-0.0262607292874756,-16.579006881437,27.8170667730246,-0.306779711775257
1.63896012024092,-1.39455695518042,-0.024337207347301,0.999703806303914,-0.0257230579260889,-16.4744074331409,27.7352118786087,-0.307361662882996
1.64393385533673,-1.40157637870759,-0.024459682929197,0.999700817200328,-0.0246318008058474,-16.3370898856765,27.6085366066515,-0.302913793022855
1.64693399290372,-1.40584995501989,-0.0245342485231338,0.999698990021199,-0.0248615191201358,-16.2545332619177,27.5176127478341,-0.308622109913249
1.64993413047072,-1.40999210369437,-0.0246065208301789,0.999697213726553,-0.0240969391777281,-16.1722400199918,27.4298228291762,-0.312003393503383
1.65260813588993,-1.41355008330922,-0.0246686004391319,0.999695683772004,-0.0232230116483638,-16.0991232538537,27.3435370074044,-0.311747412449527
1.65555497627157,-1.41740007131279,-0.0247357749016957,0.999694023909322,-0.0228023775033714,-16.0187719078422,27.2669488690341,-0.311857260713266
1.65986246373311,-1.42287882164815,-0.0248313677625929,0.999691654048907,-0.0221990738454205,-15.9017521059012,27.1666030338711,-0.31198069295622
1.6624115529994,-1.42604355831593,-0.0248865857679853,0.999690280961465,-0.021668552585303,-15.8327423361866,27.0723236832871,-0.312206419502535
1.66496064226569,-1.42915984981532,-0.0249409584327864,0.999688925912683,-0.0213368546309679,-15.7639084346078,27.00333114614,-0.313102619615671
1.66872669956315,-1.43363881927908,-0.0250191068032176,0.999686973154482,-0.0207571893002708,-15.662547883877,26.9142348947594,-0.313594089449114
1.67254613834295,-1.43806778441026,-0.0250963825554049,0.999685036190216,-0.0202385817529051,-15.5601465269033,26.8105768615329,-0.315073389864828
1.67549100986198,-1.44139234463118,-0.0251543887595359,0.999683578301721,-0.0197035835556796,-15.4814700829428,26.7164266597384,-0.316235266837262
1.678435881381,-1.44462046196109,-0.0252107121680272,0.999682159484694,-0.0191319980119915,-15.4030419415718,26.6321097081023,-0.316378963203999
1.68212039889335,-1.44855573245236,-0.0252793737051619,0.999680425568629,-0.0186410912145491,-15.3052544308817,26.5401128811077,-0.316816393018357
1.68500238202474,-1.45153679817179,-0.0253313864556746,0.999679108944582,-0.0180533367651066,-15.2290354033779,26.4467292239436,-0.31638685662393
1.68788436515613,-1.45446218983969,-0.0253824277551852,0.999677814278807,-0.0177161746573942,-15.1530425798252,26.3682402318934,-0.316857750772004
1.69160275419942,-1.4581231867607,-0.0254463035669797,0.999676190391057,-0.0171839066416003,-15.0553411597822,26.2752011437135,-0.317070511451337
1.69517243392947,-1.46155236061055,-0.0255061345155456,0.999674665629811,-0.0167663148598831,-14.9619021949038,26.1757277807418,-0.318656739209672
1.69874211365953,-1.46491531732421,-0.0255648100434396,0.999673166833762,-0.0164425583508944,-14.868805619791,26.0798116786042,-0.322505110733678
1.70168170948091,-1.4675241493824,-0.0256103278443706,0.99967200176243,-0.0154894454250513,-14.7924385170859,25.9787764527546,-0.321415769255841
1.70455729339072,-1.47000014012427,-0.0256535278369601,0.999670894099412,-0.0150279706834949,-14.7179714629768,25.8963245186513,-0.319963583963829
1.70781339247161,-1.47273869589981,-0.0257013088924575,0.999669666800596,-0.0146791648058832,-14.6339248546161,25.8120549383548,-0.319240842803252
1.7110694915525,-1.47539821585636,-0.0257477109113158,0.99966847273625,-0.014255518217063,-14.550173675861,25.7213237909794,-0.318913267033229
1.71438872146499,-1.47803935820172,-0.0257937922315947,0.999667284791452,-0.0138877484102642,-14.4650992099618,25.6307842910063,-0.319562263825641
1.71847278874298,-1.48122117124206,-0.0258493068288184,0.999665850840404,-0.0135975021851729,-14.3608281132819,25.5311897631795,-0.323140283049695
1.72073470323376,-1.48286704136457,-0.0258780230721277,0.999665107884575,-0.0126997960422358,-14.3033020696129,25.4324572849581,-0.322111573806986
1.72299661772454,-1.48448730739827,-0.0259062925684166,0.999664375680838,-0.0125022308144925,-14.245915015598,25.3710094916338,-0.32177737560477
1.72647342581287,-1.48691926297939,-0.0259487239314335,0.99966327517136,-0.0122082183066976,-14.1579793046767,25.292080749699,-0.322285498345705
1.73132827584092,-1.49018019629058,-0.0260056187479797,0.999661796706033,-0.0117231269018283,-14.0357529806933,25.1761276408758,-0.324224391514988
1.73348654703772,-1.4915287338856,-0.0260291472017993,0.999661184349951,-0.0109052194899669,-13.9816450442062,25.0700359469532,-0.322675566196962
1.73564481823452,-1.49287025243017,-0.0260525531772407,0.999660574631683,-0.0108484585319995,-13.9276585484746,25.0137683399317,-0.322701195786824
1.73959756085241,-1.49523354836905,-0.026093786450021,0.999659499183947,-0.0104351078023312,-13.8291276144647,24.927232439591,-0.322629285536663
1.74354021274952,-1.49745832620901,-0.0261326029072285,0.999658485216473,-0.00984862459227116,-13.7312937645544,24.8142246547275,-0.321666008625441
1.74748286464663,-1.49958697974889,-0.0261697422141284,0.999657513647772,-0.00942310248904785,-13.6338926187769,24.7044751399065,-0.321621948592809
1.74976447331138,-1.50080376644002,-0.0261909718689201,0.999656957657256,-0.00930787754399568,-13.5777142943915,24.6222436185141,-0.323696937878246
1.75204608197612,-1.50194803836194,-0.0262109363252653,0.999656434389812,-0.00875317177929742,-13.5216955207685,24.5523145527138,-0.323840946239936
1.75569414402294,-1.5037053435897,-0.0262415965376999,0.999655630010231,-0.00840741242696904,-13.4324310152216,24.4690206474492,-0.324340663951614
1.76053560257286,-1.50595135504029,-0.0262807833129729,0.999654600563843,-0.00809679447757187,-13.3145250229285,24.3534032311741,-0.328270784836443
1.7632134379709,-1.5070122674737,-0.0262992933279455,0.999654113766582,-0.00691469500023162,-13.249634634894,24.2324035607286,-0.324454674803226
1.76589127336894,-1.50808627727789,-0.0263180318469659,0.99965362061051,-0.00700005956139572,-13.1849245920069,24.165056199644,-0.324022696574892
1.76911329040997,-1.50931985605839,-0.0263395543946147,0.999653053751297,-0.00668215314450803,-13.1073306549533,24.0824105104245,-0.323889075208593
1.77304120953337,-1.51072090978859,-0.0263639989034499,0.999652409371287,-0.00622543382924899,-13.0131363244403,23.9807204664056,-0.323338273769615
1.775973530988,-1.51173672680508,-0.0263817220882847,0.999651941797572,-0.00604618279745542,-12.9430879796344,23.8883580431964,-0.324988892288161
1.77890585244263,-1.51267122491852,-0.0263980264768549,0.999651511376903,-0.00556216949116283,-12.8732910992412,23.8026019565441,-0.325370822565484
1.7822764966747,-1.5136719964152,-0.0264154871435379,0.999651050136481,-0.00518202351671466,-12.7933622084791,23.7132385558706,-0.325646450248863
1.78631245160411,-1.51476142486117,-0.0264344946171366,0.999650547688709,-0.00471118079359041,-12.6980827099912,23.6076715807144,-0.325442409417058
1.78879971236226,-1.51536521556225,-0.0264450290688195,0.99965026906291,-0.00423684396265779,-12.6395986792052,23.5134296209979,-0.324429848118332
1.79128697312042,-1.51595187261682,-0.0264552645836862,0.999649998237287,-0.00411661589908721,-12.581281239453,23.4464519093521,-0.324674191542806
1.79495731561794,-1.51673356257835,-0.0264689028696859,0.999649637213397,-0.00371710911660285,-12.4955479115184,23.35839992935,-0.32440823574339
1.79996308231304,-1.51765010394035,-0.0264848939261603,0.999649213671336,-0.00319564723486806,-12.3792383173253,23.2351208670762,-0.323246160973039
1.80207430193846,-1.51802359633404,-0.0264914103109375,0.99964904100376,-0.00308763329142936,-12.3303837010759,23.1404708733671,-0.324736386345236
1.80418552156389,-1.51834481631756,-0.0264970146892592,0.999648892468029,-0.00265550124117531,-12.2816635176408,23.0767954448748,-0.324804003124274
1.80773952193579,-1.51882686670591,-0.0265054251007622,0.999648669503555,-0.00236729475430703,-12.1999311510763,22.997287003888,-0.325049391976949
1.81249656665602,-1.51941786932933,-0.026515736417065,0.999648396048461,-0.00216835078778669,-12.0910653421151,22.8851766934558,-0.328924079794401
1.8167085208364,-1.51979629424736,-0.0265223388550178,0.999648220896561,-0.00156809891757854,-11.9952168623117,22.7562968870235,-0.330995048687912
1.81852704158309,-1.51982856700916,-0.0265229019228205,0.999648205957272,-0.000309738535092283,-11.9540233585049,22.652204480981,-0.326099052824575
1.82034556232977,-1.51990296171093,-0.0265241998985091,0.999648171518232,-0.000714004772401849,-11.9129009154492,22.6131283520639,-0.324784902122484
1.82328805256465,-1.5200095322322,-0.0265260592505418,0.999648122181319,-0.000632119848624104,-11.8465491831894,22.5495165534568,-0.324188902800923
1.82729989836943,-1.52005797195431,-0.0265269043856829,0.999648099754965,-0.000210734081193223,-11.7564814703311,22.4504423253414,-0.32250501187018
1.83127718270926,-1.51997643316063,-0.0265254817660347,0.999648137504932,0.000357812088915094,-11.6676492219327,22.3349000997528,-0.318670700448298
1.83403736567808,-1.52000877480782,-0.0265260460356442,0.999648122531981,-0.000204503917087389,-11.6062111492058,22.2586956809972,-0.323665671443445
1.8367975486469,-1.51992027143209,-0.0265245019038434,0.999648163504917,0.000559627866373849,-11.5450143233746,22.1712931796435,-0.324465425299108
1.83974893699784,-1.51975929585935,-0.0265216933384827,0.999648238022986,0.000951943094400479,-11.4798211437396,22.0889872437067,-0.324243298642995
1.84330707092667,-1.51950457325582,-0.0265172491539549,0.999648355921875,0.00124946058797796,-11.4015484541472,21.9982415383774,-0.324122340297134
1.8466083601992,-1.51918434296545,-0.0265116620459735,0.999648504113101,0.00169299702944116,-11.3292502800252,21.8999815386234,-0.322791675757135
1.84990964947173,-1.51880482873473,-0.0265050406007366,0.9996486796984,0.00200642001878312,-11.2572566491352,21.8077317516901,-0.32139308743819
1.85311902793186,-1.51840565422907,-0.0264980761382964,0.999648864332356,0.00217079708743323,-11.187549799417,21.7197350154073,-0.321368861059872
1.85662320578653,-1.51792820949043,-0.0264897460806984,0.999649085105659,0.00237801362578472,-11.1117605597909,21.6282514099454,-0.322409645460288
1.85934080348054,-1.51751109811879,-0.0264824686678626,0.99964927792364,0.00267882431560281,-11.053220038623,21.5412756998506,-0.323116721471356
1.86205840117455,-1.51703336586951,-0.0264741335905702,0.999649498699734,0.00306815122457588,-10.9948929501439,21.4627384353958,-0.322584207448711
1.86564419384293,-1.51635588577643,-0.0264623134748967,0.999649811666844,0.00329752981683249,-10.9182422849808,21.3762122497786,-0.322428216375734
1.86927661086957,-1.51558365242431,-0.0264488401777489,0.999650168235494,0.00371048106242412,-10.8409658670238,21.2741040993584,-0.321202630813009
1.87290902789621,-1.51470453915249,-0.0264335021211609,0.999650573933517,0.0042240252093282,-10.7640698248414,21.1693871101572,-0.317738613668128
1.87594521185619,-1.51399229659591,-0.0264210754851414,0.999650902450555,0.00409427684520464,-10.7000501793357,21.0855621231709,-0.318676441547465
1.87891399647065,-1.51326842963402,-0.0264084460316519,0.999651236170992,0.00425556699866361,-10.6376924926866,21.0044495466625,-0.320480294480165
1.88270859206514,-1.51230053775418,-0.0263915590194106,0.999651682143598,0.00445183147608605,-10.5583367074345,20.9128438791545,-0.323777168338805
1.88580721007868,-1.51141249002592,-0.026376065058171,0.999652091075714,0.00500202241941327,-10.4938470453295,20.8123950171277,-0.324036552913064
1.88842097905915,-1.51056242588272,-0.0263612337988389,0.999652482292023,0.00567625458210363,-10.4396773401445,20.7247486636163,-0.320677506751654
1.89228692060463,-1.50930516647057,-0.0263392981018914,0.999653060504243,0.00567606003234752,-10.3598805327326,20.6409761950761,-0.318863091747124
1.89489256868027,-1.50843505125324,-0.026324116992194,0.999653460387439,0.00582825269308871,-10.3063233748344,20.5542561172747,-0.318421779071517
1.89749821675591,-1.50754607195046,-0.026308606749986,0.999653868702,0.00595460912800619,-10.2529482603474,20.4843911908435,-0.318660523124257
1.90120592644651,-1.5062121138287,-0.0262853328401647,0.999654480947033,0.00627933771825807,-10.177324670014,20.396308407056,-0.318130781571083
1.90469990829745,-1.50491689375478,-0.0262627347893763,0.999655074894027,0.00646994054123134,-10.1063983418193,20.2995697232022,-0.318585718122574
1.90819389014839,-1.50358335163044,-0.0262394681095097,0.999655685880559,0.00666136854077651,-10.0358001679351,20.2056498562507,-0.319879110399622
1.91144933810211,-1.50226056084981,-0.0262163889972806,0.999656291406173,0.007091821084276,-9.97033308483362,20.110007603299,-0.319360038398482
1.91481776355279,-1.50081121984662,-0.0261911019107803,0.999656954250156,0.00750967265276456,-9.90290961744083,20.0163157475488,-0.317060038635851
1.91752685699746,-1.49962380036701,-0.0261703846350461,0.999657496829816,0.0076499315895572,-9.84890282203492,19.9353756187737,-0.315851426955257
1.92023595044213,-1.4984285678671,-0.0261495310317735,0.999658042545959,0.00770026685174309,-9.79508722861195,19.8647977716708,-0.315900147848859
1.92378871887193,-1.49680373083413,-0.0261211819627167,0.999658783712158,0.00798215718080219,-9.72481794074374,19.7787413552931,-0.315369947362552
1.92740324961636,-1.49511632276161,-0.0260917411738042,0.999659552569033,0.00814789768650357,-9.65367120735637,19.6835325019862,-0.31583227881662
1.93101778036078,-1.49341228765505,-0.0260620102643451,0.999660328121998,0.00822818376213456,-9.58286479430661,19.5893791078984,-0.318259154621198
1.93408477738925,-1.49185934872868,-0.0260349155638598,0.999661034136863,0.00883727538562046,-9.52308427000178,19.4915494700207,-0.316812720851612
1.93711384292946,-1.49027067122405,-0.026007197299375,0.999661755639692,0.00915386373788564,-9.46429843497514,19.4072509314764,-0.314359699486867
1.94082682779793,-1.48825247540603,-0.0259719850356478,0.999662671101261,0.00948675074696268,-9.39258410856059,19.3144677274277,-0.310188354274158
1.94385908304317,-1.48662336449505,-0.0259435612672667,0.999663409167692,0.00937696433087553,-9.33427151736409,19.2307660405518,-0.309839963934852
1.94650821016325,-1.48521790422328,-0.0259190396067579,0.999664045260138,0.00925961954132078,-9.28351197836608,19.1608543861116,-0.312071719179195
1.95063587079572,-1.48293467570474,-0.0258792031187125,0.999665077336375,0.00965434389406968,-9.204811239338,19.0666690010697,-0.313308986606708
1.95307931416068,-1.48152316869068,-0.0258545759170204,0.999665714578704,0.0100822655288473,-9.15844807872697,18.9745182048343,-0.312537409123578
1.95552275752565,-1.48008818163876,-0.0258295390323962,0.999666361799463,0.0102499812922288,-9.11224469827197,18.9091268156513,-0.311627867944139
1.95920218544012,-1.47790505098764,-0.0257914489083477,0.999667345252013,0.0103556364600615,-9.04296322791564,18.8294136933356,-0.311250146758262
1.96329830225563,-1.47540101032926,-0.0257477596678994,0.999668471480462,0.0106695575494783,-8.96626485056647,18.7246557663209,-0.309972263634189
1.96605905475056,-1.47367864599498,-0.0257177086937732,0.999669245030346,0.010888672058586,-8.9148221569387,18.6335767955597,-0.30899673729116
1.96881980724549,-1.47194657700692,-0.0256874883741374,0.999670022027783,0.0109500242302749,-8.8635752056883,18.5626749752294,-0.308949666716933
1.97254147496601,-1.4695581946866,-0.0256458169717219,0.999671091945672,0.0112006601385285,-8.79481403990793,18.4759013818806,-0.308257170119169
1.97569464474175,-1.46751450782776,-0.0256101596226912,0.999672006072042,0.0113121294136969,-8.73683625899227,18.3871421582558,-0.30858615386649
1.97884781451749,-1.46542913880787,-0.0255737749880692,0.999672937531501,0.0115428467557486,-8.67912309280267,18.3032219303979,-0.308484850782828
1.98241056331812,-1.46303204901716,-0.0255319515397345,0.999674006589435,0.0117429298709644,-8.61422795531555,18.2149068369715,-0.308320844442602
1.98655255274304,-1.46014911257705,-0.0254816511773529,0.999675290008349,0.012147962692273,-8.5392158107713,18.1101728780341,-0.305869811351356
1.98880505542262,-1.45857974887431,-0.0254542694980133,0.99967598759014,0.0121600582420355,-8.49860323175343,18.0299803352272,-0.305532693594695
1.9910575581022,-1.45699793331148,-0.0254266705438843,0.999676689947831,0.0122565402390179,-8.45812177701076,17.971767629693,-0.305489223157736
1.99453949533442,-1.45450659437949,-0.0253832025109042,0.999677794606988,0.012487895170532,-8.3958106001062,17.8955485837165,-0.304662694982604
1.99932329431741,-1.45098961111576,-0.0253218393033464,0.999679350819199,0.0128314207824999,-8.31072758715298,17.7856580629147,-0.301727216410699
2,-1.45051032528363,-0.0253134768688993,0.999679562604342,0.0123615273877182,-8.29873137743802,17.7273665990264,-0.302634474551075
2.00331031357254,-1.44809419278227,-0.0252713208917658,0.99968062917133,0.0127388135260143,-8.24023749117458,17.6701949774817,-0.304140519299644
2.0065463906376,-1.44569828988642,-0.0252295178305289,0.999681685052817,0.0129219401299643,-8.18333004882478,17.585317409244,-0.305541268301647
2.00937653479993,-1.44351723282663,-0.0251914633025676,0.999682644731154,0.0134504197255897,-8.13380401346706,17.4994744144085,-0.303545977667792
2.01253866084376,-1.44106617938697,-0.0251486979029917,0.999683721480841,0.0135285412634566,-8.07870761503749,17.4238463824045,-0.302028703801684
2.01572638219369,-1.43856490909642,-0.0251050562842548,0.999684818404763,0.0136948613947976,-8.02342573460977,17.3421307445543,-0.300428627404569
2.01891410354362,-1.43604641073455,-0.0250611140255451,0.999685920959077,0.0137891878854717,-7.96840023857905,17.2617020091492,-0.299452287717319
2.02235864688739,-1.43330243600847,-0.025013237644945,0.999687120024319,0.0139035537608074,-7.909230393629,17.1778488597285,-0.298907577955621
2.02549933597675,-1.4307963003136,-0.0249695109871238,0.999688213155014,0.0139269816695806,-7.85553537075254,17.0965738246487,-0.299746029958432
2.02864002506611,-1.42825061960237,-0.0249250943052258,0.999689321576396,0.0141467394101265,-7.80209602529427,17.0151657607114,-0.299930182129305
2.03184706537883,-1.42560636897882,-0.0248789577371518,0.999690470826802,0.0143904894010144,-7.74779250656643,16.932596235974,-0.299195461796023
2.03551520246676,-1.42253401790086,-0.0248253516570936,0.999691803464999,0.0146184945661109,-7.68600617970532,16.8440615440398,-0.297604801971347
2.03819461085361,-1.42026367716898,-0.0247857389289644,0.999692786382769,0.0147886828703956,-7.64109048655819,16.7632875106479,-0.29617662985573
2.04087401924045,-1.41799666039907,-0.0247461841582328,0.999693766295262,0.0147670310457912,-7.59634816826264,16.6985811178353,-0.295949037026803
2.04449778539075,-1.41489023024375,-0.0246919832909005,0.999695106500558,0.0149616260941837,-7.53612797453476,16.6181235847617,-0.295049040265241
2.04826503284246,-1.41164556731142,-0.0246353704661855,0.999696503205845,0.0150322090631517,-7.47386601812842,16.5271746028097,-0.295164152316763
2.0511888436223,-1.40910101012551,-0.0245909730195722,0.999697596298976,0.0151893895478792,-7.42578948217912,16.4431078374325,-0.295184480494408
2.05411265440215,-1.40651691695181,-0.0245458856992074,0.999698704358089,0.0154253942731602,-7.37793322614997,16.3677678319616,-0.29419593375488
2.05779960030827,-1.40323498620059,-0.0244886224199034,0.999700108718597,0.0155360287050397,-7.31788785567833,16.2859374671124,-0.293275938404718
2.06069346113642,-1.40062286163267,-0.0244430458923831,0.999701224120238,0.0157541004525709,-7.27100025914194,16.2024365789297,-0.291799965756404
2.06358732196457,-1.39800758082597,-0.0243974142436975,0.999702338788012,0.0157731361843736,-7.22431458545963,16.1326602952503,-0.291208748213979
2.06731153322422,-1.39460648033475,-0.0243380714682744,0.999703785267019,0.0159390532986881,-7.16454063082212,16.0500977173984,-0.290073262173584
2.07086027845224,-1.39136300253427,-0.0242814788310023,0.999705161427998,0.0159519388392974,-7.10789196972824,15.9630115587247,-0.29041404992498
2.07440902368026,-1.38812975687355,-0.0242250646480368,0.999706530059096,0.0159016155512466,-7.05153963431744,15.8795100211291,-0.292834110283797
2.07735944886149,-1.38534502657215,-0.0241764761703391,0.999707706282184,0.0164731215177951,-7.00495055450387,15.7906325196685,-0.290835091640338
2.08026475543722,-1.3825774468874,-0.0241281868831171,0.999708872921379,0.016625914185318,-6.95928470632649,15.7180824078364,-0.288452210390775
2.08349582140463,-1.37949398717658,-0.0240743859913438,0.999710169968846,0.016655965817285,-6.90873514426883,15.6448560839058,-0.286630034612783
2.08672688737203,-1.37639816103482,-0.0240203692571849,0.999711469305393,0.0167227657336972,-6.85843652732786,15.5671897288308,-0.285305843306158
2.09006280858172,-1.37319567268056,-0.0239644913807788,0.999712810337479,0.0167551817100221,-6.80676590530417,15.4891613967576,-0.284813785032793
2.09334237402919,-1.37004953595336,-0.0239095966697826,0.999714124731209,0.0167432074422911,-6.7562224062362,15.4116451943355,-0.285644702304154
2.09662193947665,-1.366882835587,-0.023854343085615,0.99971544467211,0.0168526436512287,-6.70593848178626,15.3324961051697,-0.286551260406959
2.09963757206875,-1.36391090497201,-0.0238024878390534,0.999716680651409,0.0172003627061013,-6.65994479810857,15.2517530810109,-0.285176056778147
2.10290832450633,-1.36066234030822,-0.0237458057151607,0.999718028601534,0.0173348947770258,-6.61030907957244,15.1756268575515,-0.283387840089987
2.10590362762359,-1.35766853031026,-0.0236935685746497,0.999719267998871,0.0174445922826556,-6.56507878031127,15.1004080356841,-0.28167116038269
2.10889893074085,-1.35467713787935,-0.0236413735521611,0.999720503669184,0.0174305053928181,-6.52005614649424,15.0310776754474,-0.280985285038972
2.11240164725005,-1.35115771575503,-0.0235799651719652,0.999721953966446,0.0175365330524145,-6.46767800095679,14.9535782869614,-0.280167177649091
2.11571277084926,-1.34783287599522,-0.0235219518662308,0.99972332061446,0.0175255918938958,-6.41842506046114,14.8749930408555,-0.280609093195949
2.11902389444847,-1.34449043473996,-0.0234636313618166,0.999724691104164,0.0176183712902513,-6.36943134759915,14.7967031112024,-0.281173901274796
2.12218895607515,-1.34124787692098,-0.0234070535947865,0.999726017387769,0.0178806345033889,-6.32285168075718,14.7168277702048,-0.280137278033426
2.12562745878737,-1.33768842179454,-0.0233449463590779,0.999727469603337,0.0180672277246239,-6.27252156024272,14.6372199549481,-0.278086864079393
2.12840864767826,-1.33479686565293,-0.0232944929080323,0.999728646483713,0.0181458998856996,-6.23201524113435,14.5643897978508,-0.276487488908433
2.13118983656915,-1.3319152268973,-0.0232442124419296,0.999729816794495,0.0180836635381172,-6.19168214336536,14.5021065994868,-0.276125107843127
2.13475866454187,-1.32819029272275,-0.0231792175923367,0.999731325843002,0.0182167272457776,-6.14019460628691,14.4270156679229,-0.275198472488198
2.13827288725368,-1.3245224652895,-0.0231152190791357,0.99973280762758,0.0182161662350083,-6.08977780613547,14.3465011429013,-0.275359813981135
2.14178710996549,-1.3208579384702,-0.0230512780624824,0.999734283987343,0.0181997738246339,-6.0396398528655,14.2671530467978,-0.276759982176935
2.14490057307858,-1.31754552620484,-0.0229934808854856,0.999735614968662,0.0185685515177673,-5.99547631220104,14.184700142685,-0.275353323560061
2.14807453765284,-1.31413382611185,-0.0229339511879566,0.999736982352313,0.0187605747701415,-5.95069204194093,14.1098834635231,-0.27283536696876
2.15099933123798,-1.31098753444857,-0.0228790524477809,0.999738240220455,0.0187750510091932,-5.90962506239748,14.0409838670698,-0.271060864327013
2.15392412482311,-1.30785160777714,-0.0228243344947226,0.999739490944953,0.0187131993846441,-5.8687463811258,13.9766038462959,-0.270516669063293
2.15740239174265,-1.30410365872846,-0.0227589374357929,0.999740981838193,0.0188065069787754,-5.8203879191837,13.9030336258769,-0.269730162834208
2.16071498357955,-1.30053775829447,-0.0226967168088208,0.999742396343228,0.0187879178708953,-5.77458270278325,13.8276064953655,-0.270024703243688
2.16402757541646,-1.29695771547878,-0.0226342493260461,0.999743812562722,0.0188624308615517,-5.72902682018723,13.7523379996645,-0.270388421471136
2.16726218160804,-1.29342335958316,-0.0225725789389218,0.999745206880256,0.0190706823836036,-5.68479224750079,13.6754121109167,-0.269451475693287
2.17080655814688,-1.28951170483026,-0.0225043250267763,0.999746745608651,0.0192618515248839,-5.63660122229491,13.5964744935492,-0.267203670556696
2.1734759205807,-1.28656053462563,-0.0224528304046243,0.99974790342707,0.0192958573946844,-5.60049227345852,13.5271810148168,-0.26573838816062
2.17614528301452,-1.283621990191,-0.022401556028863,0.999749053656709,0.019213305376087,-5.56453576892667,13.4700721327045,-0.265462675050768
2.17974039977924,-1.27963829151385,-0.0223320447644107,0.999750608790332,0.019339749686571,-5.51636593086941,13.3986852749732,-0.264453759918875
2.18344941729927,-1.27553115561107,-0.0222603795398868,0.999752207050697,0.0193266933744783,-5.46696570327301,13.3189523450846,-0.264435460477115
2.1871584348193,-1.27146283422704,-0.0221893914753374,0.999753785142099,0.0191440463133919,-5.41785205176732,13.2416876545919,-0.267393387200926
2.19015222146598,-1.26807793554796,-0.0221303283556426,0.999755094294033,0.019733412486811,-5.37846364218889,13.1567189740035,-0.265036461177125
2.19300536911591,-1.26482911161086,-0.0220736395323849,0.999756347535635,0.0198737259606696,-5.34111480626041,13.0903971721981,-0.262020124482531
2.19684220489221,-1.26044271863522,-0.0219971011213635,0.999758034497476,0.0199531604099527,-5.29117311885953,13.0163734682897,-0.257823946906035
2.20004531469463,-1.256791390511,-0.0219333887988053,0.99975943429197,0.0198955707950469,-5.24971981961609,12.9415792153577,-0.255458152157568
2.20266928254926,-1.25388081257558,-0.0218826018229558,0.999760547199907,0.0193596762320167,-5.21589739058877,12.889803115357,-0.258309017176385
2.20626824514656,-1.249812020676,-0.0218116049570696,0.999762098646071,0.0197317458312864,-5.16977505801596,12.8154520437202,-0.25871555504061
2.2090411957139,-1.24665826994125,-0.0217565746848305,0.999763297715006,0.0198500956912079,-5.13443419223664,12.7448596436025,-0.258555039697942
2.21181414628123,-1.24347886240126,-0.0217010966564036,0.999764503472648,0.020011582784481,-5.09926654697346,12.6823917012684,-0.257406360444886
2.21548509791725,-1.23926990047165,-0.0216276536537852,0.999766094942928,0.0200112262558784,-5.05296177166708,12.6138342036507,-0.256501707617121
2.21851155912722,-1.23577604991006,-0.021566688681082,0.999767411921059,0.020148679147624,-5.01501001425785,12.5399781382304,-0.254975344368308
2.22153802033719,-1.232284755883,-0.0215057682378095,0.999768724222008,0.0201339358742452,-4.97725111338773,12.4762546916971,-0.254034273431325
2.22529128852784,-1.22793739568265,-0.0214299099749332,0.999770353110386,0.0202159146141735,-4.93069898668969,12.4030909419255,-0.252528717386638
2.22885804331285,-1.22382756830984,-0.0213581963730958,0.999771887706235,0.0201107235197616,-4.8867269839345,12.3282943195155,-0.252847622839687
2.23166592241036,-1.22057915397094,-0.021301513746063,0.999773097013581,0.0201915836522908,-4.85230279039747,12.2598560485021,-0.25286122383394
2.23447380150786,-1.21730343901915,-0.0212443546725152,0.999774313230015,0.0203612795566323,-4.81805304106966,12.1977293674176,-0.251742820752932
2.23807101777316,-1.21310708085583,-0.0211711308784183,0.999775866490749,0.0203602622531805,-4.77441509622659,12.1310317825674,-0.250815921507812
2.24121399252702,-1.20941658593869,-0.0211067339839409,0.999777228076601,0.0204937336047608,-4.73651611055621,12.058316925316,-0.249149186659509
2.24435696728089,-1.20572731397406,-0.0210423583417174,0.999778585065423,0.020486942411875,-4.69882120373315,11.9933851764821,-0.247942167668871
2.24791219057785,-1.20154643244375,-0.0209694042941016,0.999780117867699,0.0205247722138833,-4.65643050968113,11.923496925837,-0.246627995538261
2.25207276020004,-1.19668603977085,-0.0208845930162419,0.999781893101964,0.0203890002536174,-4.60714054351152,11.8469273790806,-0.247348815910265
2.25432041440357,-1.19403200542531,-0.0208382814591304,0.999782859437903,0.0206088809025622,-4.58067044133969,11.7767680322974,-0.246657838569562
2.2565680686071,-1.19137188045897,-0.0207918635788998,0.999783825838824,0.020656175271113,-4.55430576529682,11.7298630729872,-0.245729824213688
2.26004736697569,-1.18726216700878,-0.0207201510002027,0.99978531462636,0.0206156596591545,-4.51369430129949,11.6723142700332,-0.245053621169004
2.26482829883257,-1.18163485241918,-0.020621956818151,0.999787344837386,0.0205431013396643,-4.45828382792147,11.5898898032289,-0.245915589031334
2.26727668710579,-1.17868364001492,-0.0205704593709591,0.999788405714563,0.0210376654484944,-4.43011110468207,11.5066403264276,-0.242851831674332
2.26972507537901,-1.17577157984167,-0.0205196450606605,0.999789449917624,0.0207585694619471,-4.40204540780504,11.462927340402,-0.242109042950485
2.27341831983897,-1.17136818984123,-0.0204428075279227,0.999791023974699,0.0208092517542052,-4.35994200187297,11.4001134743632,-0.240777452831452
2.27815359917796,-1.16566084019797,-0.0203432162003564,0.999793055364272,0.0210361492335206,-4.30638118545292,11.3110151663261,-0.236288033659909
2.28063987326962,-1.16275759280415,-0.0202925554343779,0.999794084896456,0.0203803861336198,-4.27840495581138,11.2522709122459,-0.239280290307105
2.28312614736129,-1.15978891819911,-0.0202407529299936,0.999795134975574,0.0208396759037185,-4.25057503902013,11.193422673913,-0.238898992494752
2.28659166641791,-1.15564570602762,-0.0201684549974764,0.999796596024919,0.0208663385830398,-4.21199058236892,11.1338174804036,-0.238334238116843
2.29100077570583,-1.15039508967951,-0.0200768330099345,0.999798440074944,0.0207843664217278,-4.16323630926875,11.0576240951302,-0.239201848768711
2.29377499396824,-1.14701588526478,-0.0200178666195662,0.999799622432416,0.0212594098791477,-4.13278322765987,10.9771758125405,-0.235891812089221
2.29654921223066,-1.14367492270556,-0.0199595674728987,0.999800787990435,0.0210188209176949,-4.1024676580868,10.927607962139,-0.234810486798014
2.3,-1.13951424688984,-0.0198869643945203,0.999802234768042,0.0210437433265157,-4.06497078114503,10.8661788113669,-0.233449580089215
2.30396511831948,-1.1347299603952,-0.0198034792872998,0.99980389187486,0.0210590315250033,-4.02217307503889,10.7935508244306,-0.231968041142448
2.3062414535092,-1.13200955081584,-0.0197560084720672,0.99980483101916,0.0208581338885898,-3.99773208855331,10.7369892605985,-0.232737947095283
2.30851778869892,-1.12926356259691,-0.0197080912675279,0.999805776707952,0.0210542524043925,-3.97340061045329,10.6888819405257,-0.232198855927678
2.312595445353,-1.1243464095082,-0.0196222873521762,0.999807464384553,0.0210465270872719,-3.93006464143546,10.6276650277806,-0.231550761905542
2.31786359491588,-1.11813300171243,-0.0195138636926165,0.99980958643323,0.0205849174384241,-3.8745005497419,10.547174302919,-0.238710717364513
2.32031306640394,-1.11501787817965,-0.0194595048541744,0.999810645907929,0.022196282960806,-3.84892705912443,10.44041163253,-0.2299474263428
2.322762537892,-1.1120342879123,-0.019407441214444,0.999811657876376,0.0212590650471167,-3.82342129952878,10.4127603525922,-0.228368033183928
2.32595498950552,-1.10815951730094,-0.0193398264022958,0.999812968066893,0.0211835645813209,-3.79034553996036,10.3606142151971,-0.227207975363402
2.32996386849193,-1.10327360689255,-0.0192545670576869,0.999814613639659,0.021271588360003,-3.74909202031577,10.2905375254507,-0.224845687654495
2.3342029469867,-1.09813449879355,-0.0191648892515218,0.999816336643874,0.0211589280675305,-3.70579003051802,10.2149535214256,-0.223876933363303
2.33629425090629,-1.09562081380815,-0.0191210252114321,0.999817176485213,0.0209783374583619,-3.68454429366685,10.1590862294792,-0.224872141166785
2.33838555482588,-1.09308159879784,-0.0190767156326341,0.999818022902504,0.0211914021347302,-3.66338966214664,10.1155223408922,-0.224411768638996
2.34172961197702,-1.08902281249358,-0.019005889291293,0.999819371772845,0.0211836046581957,-3.62973221623315,10.0648536769162,-0.223807531388353
2.34625890164018,-1.0835637848168,-0.0189106284081506,0.999821178077965,0.0210359712014646,-3.58446419175993,9.9945085962213,-0.225218518365232
2.35057793723265,-1.07834914538777,-0.0188196319776671,0.99982289504303,0.0210724420746978,-3.54165519898712,9.91170178070266,-0.226505288818027
2.35245663651065,-1.07599077836462,-0.0187784779820766,0.999823668835999,0.0219094508666073,-3.52317369234409,9.8373948718044,-0.221878966305653
2.35433533578864,-1.07368789501536,-0.0187382921574457,0.999824422789833,0.0213940023316553,-3.50473745889731,9.81329671156771,-0.220473200779917
2.35742512766373,-1.06991900699484,-0.0186725241612384,0.999825653222325,0.021289299653935,-3.47455083172091,9.76979304651429,-0.219262760974021
2.36162450808191,-1.0647666520071,-0.0185826142053246,0.999827328316893,0.0214140063087339,-3.43381461618884,9.70052995335403,-0.21608283440308
2.36559217153021,-1.05985849039862,-0.0184969653486341,0.999828916501664,0.0215904351274223,-3.39563578756882,9.62249674588184,-0.21088265401753
2.36813480138207,-1.05687418418563,-0.0184448882653125,0.999829878577791,0.0204850773957976,-3.37126231926247,9.58592863545662,-0.216336303591778
2.37067743123393,-1.05378731045443,-0.0183910212938469,0.999830870865553,0.021189128320537,-3.3470422944057,9.52558031166852,-0.216268333161728
2.37379733416116,-1.04998976496468,-0.0183247527910327,0.99983208762029,0.0212441456790401,-3.31748620921234,9.47339897514765,-0.215642564803928
2.37774781769223,-1.04519088702491,-0.0182410105701116,0.999833618925359,0.021201511104031,-3.28030919977755,9.41074912536758,-0.215387834058253
2.3809878972207,-1.04121536125183,-0.0181716360565389,0.999834882189569,0.0214149108466241,-3.25004018422409,9.34205944253311,-0.213043755593375
2.38422797674916,-1.03724111386472,-0.0181022837638684,0.999836140236255,0.0214080245822875,-3.2199578251426,9.28445083436922,-0.210732901832106
2.38728875239404,-1.03352021752975,-0.0180373524749338,0.999837313724435,0.0212174624034266,-3.19169954340682,9.23239237839732,-0.21031235640234
2.39057770686264,-1.02953199292403,-0.0179677561048231,0.999838566839946,0.0211640663753093,-3.16151576838629,9.17731616801349,-0.21038052993275
2.39354059529848,-1.02594322877258,-0.0179051304305848,0.999839690302532,0.021140097535511,-3.13448620126097,9.12270836740204,-0.210657408483717
2.39650348373432,-1.022336187626,-0.017842185743138,0.999840815534107,0.0212477606315497,-3.10761730293839,9.06848128251132,-0.209918337382913
2.4000406811566,-1.01803306177967,-0.0177670939340871,0.999842152728688,0.0212325480260115,-3.07574033018488,9.01192920494204,-0.209145671538376
2.40350640259692,-1.01379344698327,-0.0176931103282474,0.999843464671802,0.0213506014513267,-3.04472730502477,8.94850486232806,-0.20706542990534
2.40697212403723,-1.00953221272874,-0.0176187493533772,0.999844777788644,0.0214594765393512,-3.01393041089264,8.88614236963895,-0.203724894549226
2.40998105679163,-1.00589259591457,-0.0175552358811807,0.999845894972398,0.0211115708136714,-2.98733964198695,8.8372758968315,-0.203944426664136
2.41305599369298,-1.00218360164801,-0.0174905116584139,0.999847029300946,0.0210521919525197,-2.96032291385919,8.7861081363684,-0.204682670316689
2.41614183722967,-0.998454768263742,-0.0174254411570032,0.99984816547338,0.0210899933972891,-2.93337580465728,8.7324936865895,-0.205004227789896
2.41922768076635,-0.994709918169822,-0.0173600910795963,0.99984930226395,0.0211805826690531,-2.90659713902705,8.67790777849981,-0.204386318642857
2.42264545452535,-0.9905582485071,-0.0172876416486195,0.999850557556592,0.0212010244618734,-2.87712864554919,8.62213111686583,-0.203379828937293
2.42589827600579,-0.986587258350729,-0.0172183451117473,0.999851753307265,0.0213066881197627,-2.8492733632335,8.563421781121,-0.201240390566946
2.42915109748623,-0.982621796427908,-0.0171491449638563,0.999852942600565,0.0212770259087075,-2.82159480473387,8.50909238828089,-0.199259664827516
2.43231697545023,-0.978790653530858,-0.0170822887010493,0.999854087061074,0.0211208576035712,-2.79481689058577,8.45829007074891,-0.198721964900568
2.43582365418923,-0.974565168494059,-0.0170085507891549,0.999855344137367,0.0210309047035301,-2.76534594810516,8.40423223057421,-0.198943584161079
2.43858027962094,-0.971245443919424,-0.0169506190179299,0.999856327936624,0.0210184972612838,-2.74232198941373,8.35222603208881,-0.199164289192393
2.44133690505265,-0.967905202340597,-0.0168923291516201,0.99985731442833,0.021148398578911,-2.71943166166791,8.30374975233108,-0.19816242109624
2.44492471831136,-0.963570278540306,-0.0168166812056101,0.999858589618166,0.0210876898217942,-2.68982341927199,8.25244801246412,-0.197359165729277
2.4484831948916,-0.959254112441531,-0.0167413605011083,0.99985985360378,0.0211695392081282,-2.6606729311517,8.1918448704049,-0.195481505858678
2.45204167147184,-0.95491241607477,-0.0166655941762524,0.999861119341458,0.0212947577462342,-2.63173944762078,8.13086242905024,-0.192015247205247
2.45512434353171,-0.951212153221507,-0.0166010213407229,0.999862193549914,0.0209499319825194,-2.60682036323854,8.08359887080825,-0.192078822479332
2.45821595597999,-0.947522639277701,-0.0165366360141622,0.99986326048582,0.0208286669803373,-2.58197677623125,8.03580248910246,-0.193160179071705
2.46120895166272,-0.943940576570651,-0.0164741257424232,0.999864292382233,0.0208883656637559,-2.55807698730615,7.98524002657076,-0.193525535162311
2.46420194734546,-0.940339794720087,-0.0164112887396063,0.999865325732373,0.0209975240863203,-2.53432859591622,7.9346560795126,-0.192725295006228
2.46764052239894,-0.936205591625805,-0.0163391429584888,0.99986650729354,0.0209841154603172,-2.50722169580979,7.88317825982245,-0.191740192155565
2.47090777097766,-0.932261813159938,-0.0162703201891976,0.999867629579506,0.0210672428314961,-2.48164649284051,7.82774935947661,-0.189749182095026
2.47417501955637,-0.928324569247023,-0.0162016113773151,0.999868745280489,0.0210323359484046,-2.45623931579194,7.77632201421702,-0.1878796297545
2.47740774408187,-0.924454952191186,-0.0161340826466237,0.999869837217401,0.0208918384114991,-2.43125831025179,7.72753921439095,-0.187201832313953
2.48099847060174,-0.920182655557756,-0.0160595266646361,0.999871037485989,0.0207661715429278,-2.40369546509895,7.67611930353738,-0.187564978915664
2.48365712615223,-0.91701894427013,-0.0160043165825765,0.999871922723468,0.0207688350382392,-2.38341835704388,7.62682779698499,-0.187703514872678
2.48631578170271,-0.913836686833022,-0.0159487828015198,0.999872810074936,0.0208905850603408,-2.36325879638138,7.58261470117662,-0.186663857978205
2.48992081692734,-0.909538565581566,-0.015873775930553,0.999874003681317,0.0208087751751746,-2.3360937280371,7.53531287536778,-0.185898789251921
2.4936640514344,-0.905062258858007,-0.0157956594351577,0.999875240789074,0.0208713321347961,-2.30810616229855,7.47684006592796,-0.184080546265764
2.49663014198739,-0.90152157260864,-0.0157338704819042,0.999876214998466,0.020834371617269,-2.28608114800411,7.42560414152411,-0.182704109936206
2.49959623254039,-0.898003506577985,-0.0156724762173718,0.999877179202134,0.0207012680295686,-2.2641838532372,7.38254425334453,-0.182336511490736
2.50328963246894,-0.893624404828086,-0.0155960558150173,0.999878374125081,0.0206936008269232,-2.23710556757708,7.33153359613539,-0.181656656537426
2.50616653835925,-0.890230833436462,-0.0155368339972887,0.999879296109956,0.020587741289951,-2.21615184970444,7.28342138100201,-0.181858209112743
2.50904344424956,-0.886823002450123,-0.0154773632779894,0.999880218439169,0.0206742498123932,-2.19532932316941,7.23781984149282,-0.181078685808616
2.51271855763817,-0.882482101030251,-0.0154016092863734,0.999881388181313,0.0206151523150468,-2.16890778372106,7.18931272440093,-0.180435551122456
2.51623958424833,-0.878304362795973,-0.0153287026066358,0.999882508536077,0.020708530649622,-2.14379210452408,7.13305577541597,-0.178477323539694
2.51976061085849,-0.87410230716996,-0.0152553714762408,0.999883630049578,0.0208290689466223,-2.11887146305411,7.07766348543457,-0.174855444262943
2.52276414686544,-0.870587357090592,-0.0151940311346441,0.99988456404621,0.0204250762388843,-2.09773536653198,7.03707112990039,-0.175189450822463
2.5257676410496,-0.867088060325888,-0.0151329639064606,0.999885490145449,0.0203343993041865,-2.07672845151697,6.99415871214777,-0.176137768033179
2.52889767054864,-0.863434644344719,-0.0150692070395452,0.999886453053145,0.0203717370190443,-2.05498137286553,6.94788296981981,-0.176508107069602
2.53202770004769,-0.859770704896861,-0.0150052664628968,0.999887414651458,0.0204304167032117,-2.03338283096003,6.90042758769415,-0.176039341187179
2.5354108018244,-0.855807190779673,-0.0149360978440008,0.999888450268926,0.0204476175592416,-2.01020128483186,6.85215747505192,-0.175032072797892
2.53867304921935,-0.851969074223926,-0.0148691175120338,0.999889448561396,0.0205342400079056,-1.98801240183068,6.80171682733978,-0.172856919303955
2.5419352966143,-0.848139165242062,-0.0148022803468373,0.999890440246597,0.0204903288109568,-1.96597579967028,6.75503709329454,-0.170777885145963
2.54505444813395,-0.844513435668509,-0.0147390063314383,0.99989137494648,0.0202878630444403,-1.94503744462939,6.71283677917246,-0.170414816178962
2.54848768603746,-0.840541398894426,-0.014669688706803,0.999892394327132,0.0201923436902444,-1.9221465731909,6.66742943012834,-0.170672145754816
2.55131590314837,-0.837275171962487,-0.0146126884031315,0.99989322896879,0.0201563076115283,-1.90341498784143,6.62310728452267,-0.170963090113983
2.55414412025928,-0.833991403731707,-0.0145553819309859,0.99989406481729,0.0202645572288085,-1.88480427597983,6.58036887968115,-0.170045692081594
2.55770968176452,-0.829865533726817,-0.0144833795056097,0.99989511035813,0.0201959820322193,-1.86149924765745,6.5361453695671,-0.16926727590001
2.56116113429515,-0.825858449267632,-0.0144134499886759,0.999896120834271,0.0202630100218789,-1.83911678624863,6.48493966240403,-0.167405117159777
2.56461258682578,-0.821843451982814,-0.0143433823105904,0.999897128400663,0.0203030235695625,-1.81690553914366,6.43533321343056,-0.164701508171559
2.56775610122725,-0.818234525888872,-0.0142804011190179,0.999898029872987,0.0200373323472356,-1.79680480401906,6.39435121253204,-0.16443381650679
2.57102780870425,-0.814505471079295,-0.0142153234410565,0.999898957184908,0.0198930634452927,-1.77602171692181,6.35236714875623,-0.16526014567427
2.57388460854249,-0.81124693792465,-0.0141584570322843,0.999899764023607,0.0199076363603369,-1.75799719504298,6.30934013561454,-0.165595032225847
2.57674140838073,-0.807970427678096,-0.0141012768494708,0.999900572052649,0.0200174653513461,-1.7400923935945,6.26743295376054,-0.16467136720306
2.58025905087892,-0.803949178641599,-0.0140310997573235,0.999901559274512,0.0199520092691832,-1.71819611759521,6.22470191628944,-0.163843505658872
2.58364294867016,-0.800069071562014,-0.0139633857478019,0.999902507176804,0.0200126150511901,-1.69729723972732,6.17597786847275,-0.161998297590825
2.5870268464614,-0.796189327679064,-0.0138956780126082,0.999903450405373,0.0200107417744252,-1.67655504954515,6.12967396233162,-0.15974186536358
2.5902316975246,-0.792552915800197,-0.0138322167521672,0.999904330313516,0.0198035287735227,-1.65704073047585,6.08899405448121,-0.159245234518941
2.59366036511692,-0.788693514890843,-0.0137648639120538,0.999905259772886,0.0196458977748418,-1.63630684366879,6.0472140412484,-0.159956848645729
2.5963948165245,-0.785614222905089,-0.0137111252001171,0.999905998104695,0.0196543202898533,-1.61988529445313,6.00542733000097,-0.160201101399001
2.59912926793209,-0.782517394270726,-0.0136570804048649,0.999906737728482,0.019766252159314,-1.60357052888184,5.96637611699549,-0.15920440425032
2.60269894784885,-0.778492882330541,-0.0135868459379237,0.999907694548581,0.0196771099314225,-1.58241663968781,5.92599047738647,-0.158451401330663
2.60625916673069,-0.774468642165226,-0.0135166161468808,0.999908646371226,0.0197280681628576,-1.56149163806069,5.8774480787736,-0.156665144259148
2.60981938561254,-0.770425335606119,-0.0134460535478945,0.999909597735709,0.0198215375138121,-1.54074144761752,5.82834683254338,-0.153349776670589
2.61292170573328,-0.766965013493665,-0.0133856649691231,0.999910407973302,0.0194673701266716,-1.52277398515247,5.79162103385897,-0.153405055766425
2.61604166440707,-0.763512383903734,-0.0133254105894538,0.999911212774725,0.0193142796096536,-1.5048220679271,5.75389583721098,-0.15457517444966
2.61899772129374,-0.760234256639274,-0.0132682015334931,0.999911973539704,0.0193548758557863,-1.48793304596566,5.71336161951948,-0.154992709527552
2.62195377818041,-0.756939952218869,-0.0132107101141042,0.99991273476153,0.0194503897940029,-1.47116348470698,5.6729494395981,-0.154193820386674
2.62540977745175,-0.75309762385921,-0.0131436546557486,0.999913618440258,0.0194043098836701,-1.4516980499016,5.63236079556077,-0.153304905907925
2.62869021213093,-0.749439687626688,-0.0130798171127807,0.99991445553322,0.0194617595926404,-1.43336774011286,5.58776856771129,-0.151428841778347
2.63197064681011,-0.745791558177065,-0.0130161506626516,0.99991528632276,0.0194095833820567,-1.41517198941928,5.54674988929802,-0.149625457146169
2.63521931651143,-0.742208442334587,-0.0129536187660618,0.999916098360689,0.0192500853214156,-1.39727726374052,5.50832412155309,-0.148988574943915
2.63881897107341,-0.73827058859088,-0.0128848959886673,0.999916986282042,0.0190930857687228,-1.37759425094879,5.46802823793718,-0.149497563111363
2.6414579351919,-0.735384923964112,-0.0128345358044333,0.999917633953259,0.0190848933839526,-1.36326795317157,5.42875807853638,-0.149670055451165
2.64409689931039,-0.732483612646232,-0.0127839025236831,0.999918282579264,0.0191883757598715,-1.34903487903629,5.39343223182547,-0.148682956502117
2.64770184974859,-0.728541749330992,-0.0127151096220037,0.999919159726075,0.0190844492022756,-1.3297252253718,5.35642694553641,-0.148006227311834
2.65148942244871,-0.724392167912725,-0.0126426915851564,0.999920077980977,0.019121443748408,-1.309614788442,5.30958440194756,-0.146288953894447
2.65442642689686,-0.721184049597374,-0.0125867038129829,0.999920784305999,0.019064399930226,-1.29413959780401,5.26903888338735,-0.145013266218326
2.65736343134501,-0.718001231814069,-0.0125311575442646,0.999921481962759,0.0189140502816247,-1.27876189343918,5.23584646747915,-0.144735624534162
2.66106172947241,-0.713997704564956,-0.0124612882679664,0.999922355132989,0.0188937532300699,-1.25954737921854,5.19550170341586,-0.144084560673503
2.66395175736731,-0.710890309164416,-0.0124070581797792,0.999923029491432,0.0187660060294069,-1.24464110929475,5.15782908189632,-0.144328883017224
2.6668417852622,-0.707772495502627,-0.0123526462360108,0.99992370315488,0.0188289234017385,-1.22984017467043,5.12138123319513,-0.143648634779952
2.67054269695835,-0.703796484429516,-0.0122832570165824,0.999924557952781,0.0187506457918837,-1.21102818319077,5.08306953100926,-0.143135305993256
2.67407194002751,-0.699989246190037,-0.0122168131598633,0.999925371953436,0.0188280720212996,-1.19324807149422,5.03793911276361,-0.141252134282694
2.67760118309666,-0.696158735165614,-0.0121499630924611,0.999926186474208,0.0189431637606451,-1.17562547471264,4.99330775360909,-0.137547214874826
2.68057975434866,-0.693002902306111,-0.0120948874656428,0.999926854173441,0.0184919779925074,-1.16084069749641,4.96371446757892,-0.138082616586064
2.68354041448933,-0.689882398845632,-0.012040428371772,0.999927511415015,0.0183955797415014,-1.14624330700319,4.93045125061294,-0.139132870632009
2.6867171923602,-0.686529148746882,-0.0119819073387318,0.999928214371675,0.0184228351005357,-1.13069722799153,4.89366258630307,-0.13956783941206
2.68989397023106,-0.683171226951301,-0.0119233047339559,0.999928914875563,0.0184485015130642,-1.11527139902169,4.85580975343045,-0.139309163887845
2.6932556748077,-0.679614565261424,-0.011861233666797,0.999929653093607,0.0184654705530496,-1.09907726240202,4.81723966235034,-0.138366556042486
2.69652211353063,-0.676144698679706,-0.0118006773088777,0.999930369583328,0.0185402518133116,-1.08347295130409,4.77716327215304,-0.136195707320478
2.69978855225356,-0.672685242083669,-0.0117403025836818,0.999931080272657,0.0184846289957291,-1.06798842219784,4.74049275669757,-0.134072599126569
2.7028636330187,-0.669471436182032,-0.0116842149365492,0.999931737230755,0.0182406573315321,-1.05350801923632,4.70895045284926,-0.133921408513019
2.70623055497038,-0.665971174122622,-0.0116231279874119,0.999932449166337,0.0181444947331734,-1.03777101069047,4.67400455718216,-0.134255915950769
2.70912827088787,-0.662967722496865,-0.0115707113926954,0.999933057078256,0.0180901514456288,-1.02432735598592,4.63939705869578,-0.134645299170419
2.71202598680536,-0.65995004339307,-0.0115180464663205,0.999933665102641,0.0181758452621,-1.01098404373273,4.6047689397866,-0.133875403634869
2.71556720229696,-0.65627664892678,-0.0114539378674488,0.999934401502083,0.0181047519738537,-0.994801173474373,4.56986317177408,-0.133173995493411
2.71894527453934,-0.652761412479707,-0.0113925894205713,0.999935102347294,0.0181619709660908,-0.97949907504368,4.52983161185878,-0.131359628383628
2.72232334678173,-0.64924842498842,-0.0113312801799739,0.999935798983856,0.0181503514149473,-0.964323678055599,4.49232458609972,-0.129108708862133
2.72549301169855,-0.645994869796337,-0.0112744985569088,0.999936440821261,0.0179152219516347,-0.95018466569241,4.46072778486614,-0.128779631467021
2.72887190429949,-0.642556313299533,-0.0112144882187051,0.999937115649775,0.0177614797133214,-0.935224082607409,4.4276586597763,-0.129503966377993
2.73166483483346,-0.639716498864831,-0.0111649272097264,0.999937670257702,0.0177462745415098,-0.922951896218378,4.39401776727443,-0.129874147950483
2.73445776536743,-0.636860533520599,-0.0111150843041852,0.999938225542414,0.017847203134279,-0.91077086498778,4.36137994928234,-0.128990315470227
2.738011017059,-0.633245489404368,-0.0110519937572937,0.999938924851907,0.0177568120442174,-0.895390092474862,4.32864706696448,-0.128308059334067
2.74148799217536,-0.629699290667293,-0.0109901046723872,0.999939606975986,0.0178007727466548,-0.880475085863587,4.28965008725959,-0.126584294126718
2.74496496729172,-0.626146495515531,-0.0109281004231004,0.999940286527722,0.0178338846186906,-0.865692729303442,4.25149909489124,-0.123903386535477
2.74811275079863,-0.62298244259359,-0.0108728805628356,0.999940888487048,0.0175435003944331,-0.852403078681517,4.2219074446247,-0.12375643291672
2.75137018469272,-0.619739239643852,-0.0108162793216455,0.99994150233983,0.0173770432873696,-0.838750687149991,4.19114922218386,-0.124778064894147
2.75422406861298,-0.616896173927661,-0.0107666613534557,0.999942037821843,0.0173871324078261,-0.826882746334579,4.1585226123474,-0.12520346027233
2.75707795253324,-0.614037099555753,-0.0107167639710504,0.999942573836112,0.0174850353915725,-0.815106497092707,4.12639391471886,-0.124362052946025
2.76059274473186,-0.610532105365481,-0.0106555937751231,0.999943227549094,0.0174046388596265,-0.800714910156908,4.0945768974534,-0.123642603160128
2.76396921986396,-0.607156475504107,-0.0105966812460519,0.999943853597075,0.0174489232422983,-0.78701430529539,4.05766496878654,-0.121917226198073
2.76734569499606,-0.60378489398543,-0.0105378393331849,0.999944475429605,0.0174279970081201,-0.773430741425263,4.02300130718351,-0.119829102886637
2.77056269119519,-0.600611738618622,-0.0104824603832867,0.999945057502817,0.0172154411756025,-0.760584448343355,3.99325715256127,-0.119401184655618
2.77401653800548,-0.597239579789562,-0.0104236083243538,0.999945672719023,0.0170404993909658,-0.746898457715108,3.96253550894623,-0.120225540220105
2.77672975436305,-0.594590877529737,-0.010377382249366,0.999946153519104,0.0170382930244382,-0.736232680214518,3.93104570184142,-0.12053922450952
2.77944297072062,-0.591926530356066,-0.0103308831115151,0.999946635003157,0.0171389319790249,-0.7256473854652,3.90138247537331,-0.119624565121955
2.78301906637534,-0.588436268538827,-0.0102699697827293,0.999947262469707,0.0170343766915087,-0.711801930393555,3.87166798889965,-0.119001374013143
2.7866187705202,-0.584915667103119,-0.0102085269171916,0.999947891631449,0.0170697602444203,-0.697997745755066,3.83481088528226,-0.117344079147582
2.79021847466506,-0.58137297139273,-0.0101466984151232,0.999948520930589,0.0171768851145506,-0.684331150811723,3.7965883843182,-0.113833289716465
2.79329446983492,-0.5784182876046,-0.0100951320959182,0.999949042855668,0.0167649679568527,-0.672729253095948,3.77175420476913,-0.114175240823087
2.79634498895706,-0.575515871070635,-0.0100444779395273,0.999949552959009,0.0166059358272151,-0.661306082139467,3.74466459612005,-0.115566964011899
2.80006060852785,-0.572017815139274,-0.00998342840734673,0.999950164336821,0.0164313359476228,-0.647502894292657,3.71490880157221,-0.118609206869602
2.8030751639825,-0.569126391443495,-0.00993296604604415,0.999950666875886,0.0167403998104288,-0.636422430299515,3.67565439078403,-0.117783551880871
2.80571272046636,-0.566559524622565,-0.0098881679687433,0.999951110872038,0.016985523441706,-0.626813477372783,3.64312688108525,-0.114652491674921
2.80986771491508,-0.562570897687295,-0.00981855667558594,0.99995179681063,0.0167544562365527,-0.611793467867717,3.61492889832729,-0.112014469195864
2.81230256525661,-0.560270868226291,-0.00977841551572303,0.99995219015211,0.0164868806524552,-0.603055709726799,3.58862226227501,-0.111954855812034
2.81473741559814,-0.557977629736967,-0.00973839285929742,0.999952580727965,0.0164382021718205,-0.594372391199184,3.56626375737035,-0.11201552630962
2.81841501278786,-0.554505825031109,-0.00967780129169634,0.999953168984507,0.0164766340567986,-0.581367259268688,3.53631223311345,-0.111112621996287
2.82256525596766,-0.550619037909959,-0.00960996721377859,0.999953823198927,0.0163453633074877,-0.566833733682026,3.50184915848175,-0.110909753647095
2.82528516515187,-0.548082370513409,-0.00956569605067159,0.999954247682896,0.0162774545395946,-0.557393384131476,3.47083263123488,-0.110924881497125
2.82800507433608,-0.545535892639809,-0.00952125365145047,0.999954671837131,0.0163404070553233,-0.548025922831394,3.44403458559034,-0.110014186456799
2.83172973941752,-0.542072611003798,-0.00946081070651229,0.999955245528906,0.0162284839443623,-0.53530155619937,3.41624450891816,-0.109431391949984
2.83504424257966,-0.538983310050237,-0.00940689463265427,0.999955754187839,0.0162674375575858,-0.524089295168149,3.38278785166644,-0.107912625219675
2.83835874574181,-0.535904210016722,-0.00935315656330246,0.999956258274482,0.0162137222244442,-0.512974757365702,3.35330432910098,-0.106362626645933
2.84173989418983,-0.532788109536096,-0.00929877271523351,0.999956765478383,0.0160851302585375,-0.501731709018192,3.32521583135022,-0.105522301572067
2.84545771947022,-0.52940991050204,-0.00923981455231023,0.999957312002387,0.0158589206015365,-0.48947232550011,3.29746090618356,-0.106470841963421
2.84794968674997,-0.52714051464169,-0.00920020780608307,0.999957677192552,0.0158944421606205,-0.481327126142367,3.26858198496953,-0.106539800568121
2.85044165402973,-0.524860123417702,-0.00916040914817645,0.999958042571906,0.0159714517182872,-0.473241865760618,3.24452911056725,-0.105648796329925
2.85402898985248,-0.521602857255894,-0.00910356149954744,0.999958561725447,0.0158474204663839,-0.461691480688097,3.2197668808281,-0.105158096539028
2.85912321362273,-0.516984460175273,-0.0090229585750221,0.999959292280718,0.0158230652709188,-0.445483987256411,3.18154328561979,-0.103844853524291
2.86120639657325,-0.515106243669531,-0.00899017884253173,0.999959587525606,0.015736045690294,-0.438918825116028,3.15150531486946,-0.103282442400258
2.86328957952376,-0.513234989769649,-0.00895752061590204,0.999959880607425,0.0156777116890782,-0.432389448944672,3.13432680972818,-0.102982728266299
2.86672621142935,-0.510148975006558,-0.00890366164542936,0.999960361619051,0.0156726468998629,-0.421700822032647,3.11020417829494,-0.102082741952567
2.87137284308076,-0.50594720531518,-0.00883032981289757,0.999961011877661,0.0157823389126811,-0.407423105030072,3.07270256686313,-0.0982999208528164
2.87468045621627,-0.503055226039134,-0.00877985720931245,0.999961456310884,0.0152601160409787,-0.397338618060109,3.04887136337628,-0.100209649483171
2.87729019062395,-0.500768162632901,-0.00873994195422794,0.999961805977927,0.0152953444316207,-0.389450260511849,3.0226667989743,-0.101118802452342
2.87989992503164,-0.49845666803515,-0.00869960029662235,0.999962157761322,0.0154587345187225,-0.381628966805569,2.99696922538903,-0.100328096126046
2.88335387568895,-0.495417980825976,-0.00864656719464091,0.999962617739158,0.0153549086250276,-0.371359572446254,2.97323134526742,-0.0998262047405192
2.88814824841154,-0.49120456091236,-0.00857303187008442,0.999963250887029,0.0153384091135054,-0.357270713421751,2.93862405776739,-0.098449576895683
2.89035263666107,-0.48927749557124,-0.0085393994661444,0.999963538663664,0.0152575822842524,-0.350854169665306,2.91080473588047,-0.0978087244743426
2.8925570249106,-0.487361978299317,-0.00850596859708294,0.999963823594747,0.0151661501920178,-0.34447421464202,2.89420660115139,-0.0976204946707759
2.8961177587699,-0.484266325578317,-0.00845194120680129,0.99996428170702,0.015173650886199,-0.334254811341799,2.87002727640307,-0.0967235539907807
2.90094809853774,-0.480038772640908,-0.00837815910126531,0.999964902609124,0.0152752645996908,-0.32056946135543,2.83320649149588,-0.0928904244134849
2.90356231376695,-0.477850170796874,-0.0083399621276296,0.999965221911097,0.0146117686741409,-0.313207574513987,2.8160982153213,-0.0957012044062311
2.90617652899616,-0.47561324750591,-0.00830092180253644,0.999965546755101,0.0149343772867836,-0.305918769421458,2.78814269425452,-0.0955490679720301
2.90956292389967,-0.472724241116135,-0.00825050085561749,0.999965964038592,0.0148897795589127,-0.296556611758049,2.76463848138311,-0.09526978016217
2.91377185720622,-0.469163769643089,-0.00818836100466035,0.99996647481006,0.0147642990757878,-0.285038935649104,2.73648339616445,-0.0957477069087087
2.9164546320195,-0.466853136139079,-0.0081480341875701,0.999966804218459,0.0150322577400967,-0.27778651433266,2.703328389898,-0.0933097651462296
2.91913740683278,-0.46458424356439,-0.00810843584993068,0.999967126093687,0.0147607043298372,-0.270576760069326,2.68742431442412,-0.0927469115642519
2.92266265645853,-0.461609539961419,-0.00805651917364271,0.999967545722762,0.0147275732656313,-0.261187508473514,2.66342886110641,-0.091806871673983
2.92709320666216,-0.457879106240003,-0.00799141291869086,0.99996806814996,0.014695319536784,-0.249523317520874,2.63267323843376,-0.0900795995933612
2.92937925097322,-0.455999543133142,-0.00795860939719351,0.99996832976673,0.0143499251326853,-0.24354907057512,2.61335570655656,-0.091315801894041
2.93166529528428,-0.454096016273962,-0.00792538763388878,0.999968593622246,0.0145328815071836,-0.237624134715921,2.59178522066676,-0.0909424376586445
2.93545826375851,-0.4509552785168,-0.00787057312878363,0.999969026559635,0.014452061802417,-0.227876851775554,2.56982967472375,-0.0906453893020527
2.94045380713655,-0.446920945744902,-0.00780016290025426,0.999969578266624,0.014095041252224,-0.21517212346638,2.54321248916089,-0.0946632134461696
2.94299595235517,-0.444740510250546,-0.00776210827383407,0.999969874383796,0.0149699467304566,-0.208825614051962,2.49651725948932,-0.0892918020124986
2.9455380975738,-0.44264836430674,-0.00772559453354769,0.999970157149254,0.0143637880653642,-0.202496898238316,2.48951781640395,-0.0883425642400608
2.94882375059105,-0.439960228664042,-0.00767867910748846,0.999970518509003,0.0142792977404774,-0.194384054550327,2.46917238228829,-0.0874923687499209
2.95292486099625,-0.436603843301198,-0.00762010084582449,0.999970966610081,0.0142839303894694,-0.184372101326953,2.4412786377773,-0.0855617125588015
2.95600437608422,-0.434147684462727,-0.00757723402475778,0.999971292350202,0.0139203924834391,-0.176914017201386,2.4218371764725,-0.0869941458100545
2.9590838911722,-0.431683376178125,-0.00753422495913651,0.999971617324344,0.0139665798418736,-0.16952930153261,2.39801249801027,-0.0875161034138181
2.96217057712236,-0.429200569108542,-0.00749089302393127,0.999971942867251,0.0140387323996475,-0.162202239822957,2.37376326194691,-0.0868611379946713
2.9656257700473,-0.426425674606152,-0.00744246332853909,0.999972304486281,0.0140168860362691,-0.154081894209418,2.35018587672114,-0.085773543053393
2.9684815170486,-0.424131016589429,-0.00740241509416901,0.999972601750055,0.0140241196369236,-0.147436572594409,2.32699941975627,-0.0843096380051849
2.97133726404991,-0.421863419157175,-0.00736283913142104,0.999972893932593,0.0138587351346299,-0.140840831355102,2.30963780625187,-0.0838777099927956
2.97500156380023,-0.41895886739914,-0.0073121465046244,0.999973265899391,0.0138345645625175,-0.132462035284172,2.28660225468336,-0.0829771633126235
2.97868901003428,-0.41607400709332,-0.0072617975306506,0.999973632800697,0.0136545206630552,-0.124113984973918,2.26391105941681,-0.0833919318264074
2.98153793269268,-0.413850821975719,-0.00722299664810765,0.999973913819466,0.0136198503209807,-0.117728606689203,2.24133086445275,-0.0835811157441624
2.98438685535108,-0.411616168727996,-0.00718399560322542,0.999974194770632,0.013690107275508,-0.111404796905746,2.21971971222455,-0.0827198766661563
2.98803277567262,-0.408776580736253,-0.00713443671347828,0.999974549582529,0.0135933195147456,-0.103388055954715,2.19882505486037,-0.082088628818715
2.99079811215088,-0.406620127878089,-0.00709680046377752,0.999974817394507,0.0136103518811993,-0.0973705807359327,2.17603726204644,-0.0809836477669432
2.99356344862914,-0.40448365182286,-0.0070595128563212,0.999975081328646,0.0134842692189432,-0.0913992231703647,2.15936021258895,-0.0805589054471165
2.99768495275221,-0.401301388800285,-0.00700397326205988,0.999975471878458,0.0134758975728065,-0.0825968786233012,2.13571169267833,-0.0792978131734225
3,-0.399540462247542,-0.00697324004637212,0.999975686666059,0.0132757403808695,-0.0776943989525533,2.11765858144777,-0.0796396095486056
3.00463427818988,-0.396018648800358,-0.00691177428741676,0.999976113402815,0.0132636060624456,-0.067989390014878,2.09417918822053,-0.0796299096662028
3.00749896946843,-0.393846369339153,-0.00687386175920959,0.999976374733181,0.0132347346310702,-0.0620614148436495,2.0693242638839,-0.079359467544946
3.01036366074697,-0.39167103269778,-0.00683589586450869,0.999976634990903,0.0132533606729582,-0.0561898454150974,2.04963427386687,-0.0784894551457056
3.01445129737197,-0.388589825692963,-0.00678211990398531,0.999977001160331,0.0131560635406567,-0.0478987620458935,2.0283318038844,-0.0777550867925105
3.01724783331169,-0.386478439601242,-0.00674527010782928,0.999977250406814,0.0131772449471933,-0.0422917419873945,2.0049876630788,-0.0765364064776894
3.02004436925141,-0.384392396025704,-0.00670886260290812,0.999977495328058,0.0130190812912772,-0.0367274436825107,1.98971099417985,-0.0762854394306141
3.023799199743,-0.381594035527989,-0.00666002308972478,0.999977821800286,0.0130074059141247,-0.0293363970375036,1.96841020162107,-0.0754531406136389
3.02727593143492,-0.379038326736094,-0.00661541853924368,0.999978117879362,0.0128297312227173,-0.0225622995562964,1.9484096218771,-0.0759339304794628
3.03075266312683,-0.376514080967733,-0.00657136309709782,0.999978408360424,0.0126717859448012,-0.0158554314572892,1.92907267322604,-0.0775041154270009
3.03386575979574,-0.374217931303485,-0.00653128858536491,0.999978670907242,0.012873153654353,-0.00992892641648364,1.90373305782575,-0.0764856855645664
3.03704387917303,-0.371863924695857,-0.0064902042902566,0.99997893840234,0.0129275087054221,-0.00394617959195288,1.88248020740776,-0.0743861030660899
3.03998580250473,-0.36970162105898,-0.00645246576260266,0.99997918262611,0.0128281106052722,0.00154058506270287,1.86502639124626,-0.0728489641955028
3.04292772583644,-0.367569888535566,-0.0064152607813659,0.999979422002827,0.01264674402097,0.00698345308232516,1.8501053242829,-0.0725134068233009
3.04640185011894,-0.3650614558713,-0.00637148126708885,0.999979701907225,0.0126018545958523,0.0133440311788001,1.83084356783346,-0.0720312491138277
3.04974744518627,-0.362677112487874,-0.00632986746374282,0.999979966188269,0.0124386369843044,0.0194091290161774,1.81286070648978,-0.0726706056680753
3.05309304025359,-0.360307969708585,-0.00628851894477979,0.999980227069256,0.0123593385082083,0.0254101527434111,1.79370892366661,-0.0735768245606154
3.05627155278092,-0.358036190445338,-0.00624886969582208,0.999980475623162,0.0124743972789923,0.0310400829283063,1.77124681324483,-0.0728027915812228
3.05970375660859,-0.355574360647747,-0.00620590349338,0.999980743195503,0.0125187890198463,0.0370467535642876,1.75009146821717,-0.0709249730082785
3.06246565325793,-0.353605987512097,-0.0061715495591593,0.999980955806679,0.0124387681679051,0.0418327480325853,1.73286515606403,-0.0696052770274921
3.06522754990728,-0.351667640051635,-0.00613771965467677,0.999981164021323,0.0122490264944473,0.046583251362834,1.72001487868041,-0.0695288962108235
3.06879724706148,-0.349163641092187,-0.0060940174457097,0.999981431303287,0.0122427826285924,0.052655650597096,1.70109647175625,-0.0689340335985678
3.07231723744811,-0.346725997858216,-0.00605147332978884,0.999981689667635,0.012086652447504,0.0585801168063337,1.68309158790344,-0.0694050774111958
3.07583722783474,-0.344322882171634,-0.00600953181141832,0.999981942600669,0.0119154532911496,0.064443332892881,1.66569093734398,-0.0711254071749103
3.07896081542431,-0.342150969319075,-0.00597162546126857,0.999982169685715,0.0121357347141902,0.069571086370562,1.6416230794382,-0.070044931577362
3.08214449297199,-0.339925756668616,-0.00593278886194822,0.999982400853295,0.0121988758993073,0.0747345998139849,1.62187073473784,-0.0678026081865184
3.08505271589884,-0.337912763238662,-0.00589765611343737,0.999982608674955,0.0120806980955221,0.0794068167567694,1.60655391980219,-0.0663305078418516
3.08796093882569,-0.335930882668085,-0.00586306637015002,0.999982812078657,0.0118939786281698,0.0840411791385781,1.59353753078115,-0.0661106702508923
3.09144569961478,-0.333563114075392,-0.00582174171758455,0.999983053518095,0.011858879380517,0.0895327441056991,1.57588003868444,-0.0656700909302118
3.09476549020677,-0.33133715707771,-0.005782892092959,0.999983278939724,0.0117026292896678,0.0947104109101743,1.55963656773154,-0.0662882689093851
3.09808528079875,-0.329122964886252,-0.005744247790822,0.999983501672561,0.0116407776159587,0.0998297613128763,1.54207027848607,-0.0670071148677758
3.10132561022592,-0.326947376895294,-0.00570627723954186,0.999983719067498,0.0117183065680528,0.104761587065966,1.5220136914894,-0.0664216893244147
3.1048715149389,-0.324554034224754,-0.00566450620492861,0.999983956556031,0.0117802685381197,0.11008671548968,1.50176861894558,-0.064520356189552
3.1075334624591,-0.322771236629906,-0.00563339101346755,0.999984132326953,0.0116890688830687,0.114043365590226,1.48637419427783,-0.0633597972543292
3.1101954099793,-0.321016559811761,-0.00560276660899126,0.999984304379986,0.0115046925428352,0.117970868055721,1.475424453597,-0.0633856026631809
3.11379074695222,-0.318644801927791,-0.00556137226978732,0.999984535449662,0.0115135199974748,0.123213102443109,1.45806482865705,-0.0627755484480339
3.1175112224103,-0.316222282948321,-0.00551909198630075,0.999984769695842,0.0113643895411082,0.128574883744288,1.44115486356132,-0.0631674434642545
3.12123169786839,-0.313870025266056,-0.00547803796552493,0.999984995437456,0.0110347835574764,0.133886735851105,1.42773475236216,-0.0666645522534702
3.12421946298813,-0.311897986657164,-0.00544361991202091,0.999985183391361,0.0115198368419945,0.13806909128754,1.3998273856278,-0.0645825009410699
3.12705672596299,-0.310019858272436,-0.00541084087069491,0.99998536129339,0.0115532202616136,0.141994727827122,1.38359981939106,-0.0618599775144865
3.13089629338249,-0.307489350824064,-0.00536667582524026,0.999985599291603,0.0115027767180112,0.147243131204461,1.36692569862866,-0.0581774730808694
3.13411396225272,-0.305398575967789,-0.00533018544201022,0.999985794460678,0.0113407894446744,0.151592274946377,1.35164428576211,-0.056054280183548
3.13674161783872,-0.303789718632573,-0.00530210598110769,0.999985943737293,0.0106862778531338,0.155138804034654,1.3496932806442,-0.0592630739437022
3.1403113836928,-0.301548789231326,-0.00526299493046868,0.999986150346274,0.0109563478265243,0.159879765484908,1.32808751163412,-0.0601131786701747
3.1431020537365,-0.299795466822256,-0.00523239410293865,0.999986310932281,0.0109655560879682,0.163539665414843,1.31147712650154,-0.0603205423155828
3.14589272378021,-0.298030756212119,-0.00520159451159335,0.99998647161576,0.0110367797014301,0.167155555899837,1.29570691925689,-0.0595206654235977
3.14955702530432,-0.295735233038842,-0.00516153061200697,0.999986679212149,0.0109337174263335,0.17185082288349,1.28135388225011,-0.0590575786679413
3.15252276884119,-0.293872673109612,-0.00512902323903422,0.999986846473799,0.0109610972346735,0.175599547133307,1.26400823375584,-0.0579414933569754
3.15548851237807,-0.29202987503543,-0.00509686076559849,0.99998701092081,0.0108447994386531,0.17931105743477,1.25146030171399,-0.0574596638480025
3.15932372876602,-0.289650356122214,-0.00505533086100802,0.999987221733301,0.0108287083303945,0.184046787724298,1.23480132813426,-0.0563954760165504
3.16293371309357,-0.287454171043454,-0.00501700068649553,0.999987414772862,0.010617957622434,0.188453265775239,1.22063633831242,-0.0570704401294242
3.16573757251905,-0.28575289966037,-0.00498730827087394,0.99998756330077,0.0105899699660223,0.191833092460038,1.20541944937937,-0.0574590928771053
3.16854143194453,-0.284037875109729,-0.00495737581574848,0.999987712137015,0.0106755798415611,0.195169579566671,1.18996233417166,-0.0567172652462277
3.17214111364357,-0.28185591142087,-0.0049192938295853,0.999987900200907,0.0105793938780008,0.199404122594424,1.17636596282532,-0.0562764966687337
3.1753179466161,-0.279923549904474,-0.00488556816407272,0.999988065540641,0.0106162555889785,0.203086912835003,1.1592646741008,-0.0550040581132101
3.17849477958864,-0.278007659378556,-0.00485212996263412,0.999988228348127,0.0105257651485379,0.206727205930059,1.14588746922718,-0.0541257838908662
3.18200510726446,-0.275904629929035,-0.00481542560328932,0.999988405770917,0.0104562284636137,0.210698781146132,1.13139728904193,-0.0533416168652944
3.18606880915289,-0.273525301043359,-0.00477389895758126,0.999988604879447,0.0102190377598908,0.215243432347803,1.11835250873188,-0.0545919767717518
3.18836766260788,-0.272165134737058,-0.00475015984633177,0.999988717927075,0.0103266175441367,0.217775040179625,1.1012480270687,-0.054348873395357
3.19066651606286,-0.270803498401227,-0.00472639507583646,0.999988830532415,0.0103377782622506,0.220281508414985,1.09031231630987,-0.0536962476762981
3.19418388928944,-0.268744261203881,-0.0046904550050543,0.99998899975542,0.010217985655218,0.224077760418716,1.07928609197474,-0.0534920194151676
3.19903978503258,-0.265947060766232,-0.00464163517904468,0.99998922755341,0.0100538314777801,0.229241482820925,1.06339235340962,-0.0547774060101583
3.20113863768627,-0.264694455436128,-0.00461977332620701,0.99998932879027,0.0104162086842876,0.231424605057875,1.04015030932113,-0.0525598398858257
3.20323749033995,-0.263477211004998,-0.0045985286287503,0.999989426711328,0.0101221603562728,0.23360034553551,1.03663326428177,-0.0520868657216584
3.20727015357515,-0.261150144478796,-0.0045579140816073,0.999989612655664,0.0100715012452851,0.237729226117241,1.02385950448011,-0.0512543856479148
3.21099178206296,-0.259003582314071,-0.00452044989020162,0.999989782714199,0.0100667160883863,0.241475500869054,1.00662244071068,-0.0498599463642243
3.21471341055076,-0.256880252437565,-0.00448339116829836,0.99998994955131,0.00995776380485856,0.245168631778101,0.992342712645413,-0.0490347798892641
3.21739183617646,-0.255400171075068,-0.00445755913345849,0.999990065033934,0.00964458102742741,0.247805922257079,0.984642042577134,-0.0506828587399564
3.22007026180216,-0.253891032691734,-0.00443121995993925,0.999990182096638,0.00983392385612909,0.250401519198425,0.969075607865922,-0.0504281444635225
3.22357022016249,-0.251932692159763,-0.00439704080277034,0.999990332969364,0.0097656847994461,0.25375115514313,0.957050227418145,-0.0503211148288732
3.22802464901589,-0.249461492965953,-0.00435391065323376,0.999990521686093,0.00968262460217885,0.257945470158563,0.941605569079208,-0.0505779327453034
3.23033866190847,-0.248151477192902,-0.00433104678031793,0.99999062097291,0.00988070920698872,0.260081530946642,0.92309804968269,-0.0488406629560659
3.23265267480105,-0.246873381481782,-0.00430874001014531,0.999990717336679,0.00963995420518552,0.262206200283436,0.91817523731533,-0.0486244842970845
3.23639299835364,-0.244809384542708,-0.00427271679941387,0.999990871903915,0.00963112998953201,0.265593352492335,0.905577328076481,-0.0478796531539506
3.24135513635174,-0.242024878306876,-0.0042241184361442,0.999991078371921,0.00979392388446339,0.269980100569583,0.884043950194292,-0.0433537907897725
3.24378674363926,-0.240780001294793,-0.00420239142634766,0.999991169914165,0.00893532551687178,0.272134968564894,0.886190795021319,-0.047240197277135
3.24621835092679,-0.239469604283976,-0.00417952088485414,0.999991265764443,0.00940560692690075,0.274242167449745,0.866586843879277,-0.0473064406442764
3.24969754803458,-0.23760131113792,-0.0041469133006516,0.999991401518072,0.00937223899102556,0.277217448139536,0.855163015376915,-0.0472732993660182
3.25413507017782,-0.235269055534375,-0.00410620810795315,0.99999156949195,0.00917303350067662,0.280958885361883,0.843136575227225,-0.0491949656084305
3.25708231235477,-0.233647285763499,-0.00407790312272831,0.999991685318494,0.00960396890100474,0.28337407204316,0.819473438650575,-0.0460548257364677
3.26002955453171,-0.232067458165821,-0.0040503301572506,0.999991797379167,0.00935559127412017,0.285769438161202,0.8127483166399,-0.0447579684460423
3.26307059267917,-0.23046504211534,-0.00402236294900878,0.999991910265431,0.00919667386975861,0.288214717416268,0.804093581367156,-0.0445056475268041
3.26655104186994,-0.228643086163518,-0.00399056407404139,0.999992037667486,0.00913650176819991,0.2909728365347,0.792460675980172,-0.0443558891409852
3.26948107073763,-0.227131853022997,-0.00396418828860342,0.999992142574737,0.0090019570654103,0.293266031787445,0.782652784766766,-0.0450503318158174
3.27241109960532,-0.225611227664367,-0.00393764857654845,0.999992247431793,0.00905790365755815,0.295522512687053,0.770122412270524,-0.0448636748035733
3.27606178808442,-0.223731419131327,-0.00390483998057925,0.999992376083301,0.00898703036330211,0.298292904123942,0.758868211502873,-0.0448975034463424
3.28056799169269,-0.221393846328732,-0.00386404194647356,0.999992534562052,0.00905381679504222,0.301636059497452,0.74190064722813,-0.043335140615437
3.28271782120501,-0.220296791341174,-0.0038448948671005,0.999992608364412,0.0089063907154374,0.303210316988457,0.73227085309826,-0.0430533894054917
3.28486765071733,-0.219206358623334,-0.00382586336588251,0.999992681357972,0.00885262812175922,0.30476950185783,0.72525977545483,-0.0430354441756219
3.28829281358348,-0.217465771047671,-0.00379548460234006,0.999992797122376,0.00886935462686391,0.307216680309514,0.714470682802142,-0.0424443997599784
3.29295394363148,-0.215072458567273,-0.00375371371710167,0.999992954791848,0.00896159995147075,0.310468079223999,0.697555931930075,-0.0394672028138022
3.2958871067685,-0.213655927283677,-0.00372899075528037,0.999993047289803,0.00842883048142309,0.312504902577504,0.694411888586274,-0.0419391644914444
3.29882026990551,-0.212211648888317,-0.0037037835160437,0.99999314097031,0.00859393498996484,0.31450039570186,0.68032122017849,-0.0425696233222955
3.3,-0.211613564997214,-0.00369334505433741,0.999993179577896,0.00884823838237729,0.315288054647942,0.667660297691927,-0.0417971993824031
3.3039210373319,-0.209694214219884,-0.00365984629018352,0.999993302740139,0.00854340005705848,0.317894189800457,0.664654511526832,-0.04245109143959
3.3081351612325,-0.207673176632834,-0.00362457276395093,0.999993431214565,0.00837036618586786,0.320648483178555,0.653586235969585,-0.0447493904459252
3.31050216859724,-0.206446810631904,-0.00360316877917065,0.999993508566305,0.00904269453045311,0.322135383737521,0.628177411321709,-0.0406924117696141
3.31286917596199,-0.205290748419384,-0.00358299181745045,0.999993581064217,0.00852430468399525,0.323627489793564,0.630376600539906,-0.0402234374725678
3.31636014109805,-0.203594018463575,-0.00355337848172493,0.999993686730754,0.0084829046100161,0.325795161020962,0.620937518111449,-0.0395656474525703
3.32090278001351,-0.20135966397509,-0.00351438188274969,0.999993824540923,0.00858462299261586,0.328542906259363,0.604878637624364,-0.0364815808590875
3.32384217398568,-0.200009243209014,-0.00349081273867159,0.99999390709465,0.00801841770054289,0.330316838567721,0.603502737350989,-0.0391631625239316
3.32678156795785,-0.198629155527939,-0.00346672581042055,0.999993990888023,0.00819457147596571,0.332050642127048,0.589850688863947,-0.0399103560058329
3.32980847799658,-0.197194068414468,-0.00344167896466292,0.999994077405414,0.0082747735685874,0.333800426786642,0.578076202200366,-0.0395495050762826
3.33326811070381,-0.19556027579865,-0.0034131640717099,0.999994175138545,0.00824222189287978,0.335764798093225,0.56779764582554,-0.0390144310350578
3.33629971447896,-0.194120275980516,-0.00338803147897473,0.999994260604878,0.00829024500514438,0.337450225430145,0.555952380958455,-0.0376676380470427
3.33933131825412,-0.192702119866535,-0.00336328012650179,0.999994344157401,0.00816448828144686,0.339112883900742,0.548441878922849,-0.0371044975132973
3.34284670189608,-0.19106672181186,-0.00333473720593602,0.999994439748426,0.00811947814004031,0.341006148854838,0.538565672177599,-0.0364596944821483
3.34707829590973,-0.189142693179454,-0.00330115675624075,0.99999455116719,0.00793569383779313,0.34324741011537,0.529649407127708,-0.0373110773571614
3.34935464712997,-0.188101593477269,-0.00328298623706077,0.999994610986163,0.00798234362215744,0.344426896822133,0.518147944955018,-0.0372923873915475
3.3516309983502,-0.187056541024799,-0.00326474672865753,0.999994670700198,0.00801265024020885,0.34558829616379,0.51020217413329,-0.0367667333413478
3.3551613743169,-0.185457474831381,-0.00323683790609248,0.999994761426463,0.00790538183348687,0.347364435542404,0.503102047875829,-0.0366749840212228
3.36000301529668,-0.183313836856688,-0.00319942455920018,0.999994881828147,0.00772745042133801,0.349753566201028,0.493454733343522,-0.0384348457599122
3.36234144539199,-0.182220569116109,-0.00318034353460042,0.999994942694713,0.00815979990901038,0.350860487501117,0.473360868177784,-0.0357503465907945
3.3646798754873,-0.181174167902574,-0.00316208047996032,0.999995000611022,0.00781000317677636,0.351967021591322,0.473195282777092,-0.035400636990332
3.36845732860213,-0.179489347886691,-0.00313267496902709,0.999995093161731,0.00778451927442827,0.353720678213562,0.464243120676767,-0.0346842063195772
3.37333707967062,-0.177249429312212,-0.00309358120436963,0.999995214866217,0.00801146483755693,0.355898668354229,0.446332222709319,-0.029443216139717
3.37601396257916,-0.176167631236013,-0.00307470035589573,0.999995273097689,0.00705332990516432,0.357114952930813,0.454365998865258,-0.03410705323929
3.3786908454877,-0.17501377743585,-0.00305456190256706,0.99999533481491,0.00752313365491416,0.35828400444786,0.436721200362425,-0.0346171600581829
3.38180763916463,-0.173664715621121,-0.00303101644108702,0.999995406459117,0.0075544206388104,0.35961615241787,0.427409738369858,-0.0345325373094772
3.38558938052629,-0.172042198634611,-0.00300269830637244,0.999995491891279,0.00748815449710241,0.361198862710812,0.418513626814932,-0.0346932488553912
3.38877488164428,-0.170649476026775,-0.00297839081999533,0.999995564584225,0.00763069739212327,0.362490096403261,0.405347116393661,-0.0329818775839801
3.39196038276228,-0.169271942739335,-0.00295434843435363,0.999995635903142,0.00754747543041796,0.36375709215982,0.397738286576526,-0.0316664643941248
3.39511885679257,-0.167935788510563,-0.0029310282447179,0.999995704527489,0.00738340425878492,0.364994866183279,0.391889884668326,-0.0315551096397947
3.39862113350746,-0.166475431285199,-0.00290554031141389,0.999995778908841,0.00727756368579955,0.366341405061525,0.384475296461225,-0.0321088368175212
3.40141838625927,-0.165321058134325,-0.00288539278359106,0.999995837245578,0.00720264275952067,0.367396028948417,0.377021306426262,-0.0328988758183209
3.40421563901108,-0.164149823356606,-0.00286495096489919,0.999995896019563,0.0073078498794295,0.368422517202547,0.366962997342663,-0.032468278930346
3.40780242478097,-0.162663942262061,-0.00283901755297639,0.999995969981546,0.0072302944911487,0.369712259231601,0.35958156182136,-0.032322835674744
3.41140688363726,-0.16115843059079,-0.00281274152230177,0.99999604423474,0.0072898974959818,0.370967898234319,0.348357146739241,-0.0310238856289622
3.41501134249356,-0.159621365531601,-0.00278591478131334,0.999996119331886,0.00744268340124376,0.372176476808125,0.335300976371107,-0.0275116504500026
3.41800940571891,-0.158425424352206,-0.00276504175046896,0.999996177264752,0.00696219848337768,0.373184017860956,0.33606397767431,-0.0285960451408472
3.4209505852727,-0.1572698030809,-0.0027448724309198,0.999996232830573,0.00685758748199851,0.374155020610938,0.330140588911404,-0.0303098949824067
3.42410778762157,-0.156018884870862,-0.00272303987107629,0.999996292520058,0.00691518598614358,0.375167725697249,0.320760272674292,-0.0312360623823928
3.42726498997044,-0.154759664972499,-0.00270106241866863,0.999996352124252,0.00696107845001994,0.376150862697634,0.311394992068714,-0.0313498094559554
3.43061350554421,-0.153419331984418,-0.00267766927955215,0.999996415037189,0.00698614750319068,0.377163020216641,0.302270512621908,-0.0308033610344531
3.4338430636426,-0.152113253548097,-0.00265487399157588,0.999996475815835,0.00705835544946215,0.378106576132055,0.292162545669971,-0.0291457261430204
3.43707262174099,-0.150819901344811,-0.00263230081611844,0.999996535490205,0.00698957988913037,0.379027501304802,0.285155165100635,-0.0277592505181637
3.44021277398729,-0.149596074804906,-0.0026109410869262,0.999996591487511,0.00680215509289326,0.379909100813069,0.280750562112242,-0.0278383772090233
3.44371263969787,-0.148252929806418,-0.00258749886355901,0.999996652419212,0.00669805772388047,0.380869366915337,0.274372270731474,-0.0286087939826579
3.44649630861589,-0.147191913897394,-0.00256898070407914,0.999996700163627,0.00665245098244762,0.381613508816062,0.267324140420481,-0.0293380668888448
3.44927997753391,-0.146113913320428,-0.0025501661063044,0.999996748321128,0.00675894294922728,0.382332090472405,0.258141926178692,-0.0288546075114687
3.45286598247859,-0.144741682976615,-0.00252621624585749,0.999996809110649,0.00667872408567021,0.383235110090725,0.251817728155009,-0.0286900230087611
3.45638154937146,-0.143384431789218,-0.00250252781874163,0.999996868672356,0.00673817416039014,0.384085208440951,0.241809749645154,-0.0274305883434915
3.45989711626433,-0.142012307023992,-0.00247857979811429,0.999996928316375,0.00681201514040586,0.384899684087219,0.231676901929892,-0.0249001783178108
3.4630041383316,-0.14085735222844,-0.00245842209563628,0.999996978075834,0.00648780840870756,0.385615009958876,0.230228770884105,-0.02535561782699
3.46616603852016,-0.139708081663336,-0.00243836360040116,0.999997027187057,0.00634382939407107,0.386328347481061,0.225604060737019,-0.0268793857223196
3.46910401661114,-0.138635430493226,-0.00241964236098607,0.999997072661138,0.0063721695887584,0.386968038648932,0.217731769285406,-0.0277482597443993
3.47204199470212,-0.137545915044432,-0.00240062678438215,0.99999711849137,0.00647235317757576,0.387581252697666,0.208719748665337,-0.0273974054916438
3.47551421116939,-0.136267684574266,-0.00237831751776741,0.999997171798893,0.00642509777659507,0.388283131698247,0.202141487201953,-0.0270846697280534
3.47881750823677,-0.135039661298288,-0.00235688452838281,0.999997222543803,0.00648838085700844,0.388920503160321,0.192950088676369,-0.0257363815529827
3.48212080530414,-0.13381865025362,-0.00233557392410601,0.999997272543503,0.00645133104834826,0.389535146269034,0.186069583261162,-0.0243570418561791
3.48535534974044,-0.132653893656074,-0.00231524514145932,0.999997319816376,0.00628491523671013,0.390123740361122,0.181971249330181,-0.0242730868453333
3.48891014576969,-0.131404410978456,-0.00229343761268779,0.9999973700685,0.00613469422481179,0.390754095959912,0.177325391837503,-0.0253833666845674
3.49157620381816,-0.130467517779066,-0.00227708578431731,0.999997407436805,0.00613335147683775,0.391208262355486,0.170351277923343,-0.0260040652056336
3.49424226186663,-0.129513665762276,-0.00226043796889337,0.999997445206831,0.00624437201559004,0.391640527063419,0.162136270131606,-0.0254378332996579
3.49783992904781,-0.128245948708814,-0.00223831218830222,0.999997494976136,0.00615005097812078,0.392205799565813,0.157121955402194,-0.0253145736543817
3.50155509757187,-0.126926358742865,-0.00221528105572221,0.999997546261912,0.00619923148382649,0.392755998292283,0.148095227149686,-0.0241635216175504
3.50527026609594,-0.125559155910717,-0.00219141892268177,0.99999759883867,0.00642290943439689,0.393259276887866,0.135465885954582,-0.0199622726791135
3.50825993443128,-0.124556538024828,-0.00217391998111687,0.999997637033166,0.00585315201732723,0.393677416957803,0.139861691343543,-0.021415547617355
3.51110333140383,-0.123621445964086,-0.00215759958412352,0.999997672379308,0.0057397667039557,0.394063979483823,0.135950952241616,-0.0235518581722881
3.51494430623625,-0.122368317219342,-0.00213572841196996,0.999997719329474,0.00569418533091366,0.394562592825941,0.129814269520843,-0.0265023748946052
3.51815686118395,-0.121306765773782,-0.00211720088595541,0.999997758727693,0.00576723766781782,0.394951112557035,0.120937925550993,-0.0279474887767212
3.52078149365172,-0.120353461108212,-0.00210056261776527,0.999997793815911,0.00633928955507168,0.395222033973646,0.103222611141815,-0.0242212925316952
3.52436014613802,-0.119126371609208,-0.0020791459125602,0.999997838573801,0.00598458555455797,0.39559445598618,0.104067666240585,-0.0226748305515752
3.52714581156931,-0.11818634173894,-0.00206273933143952,0.999997872550962,0.00588965786018928,0.395871653673277,0.0995086071652907,-0.0219313773437473
3.52993147700061,-0.117269539640445,-0.00204673815000997,0.999997905429279,0.00574412670961157,0.396141412472284,0.0968381902495794,-0.0221923576663696
3.53359776537532,-0.116059219104269,-0.00202561411543999,0.999997948441623,0.00576170671855593,0.396471414327298,0.0900097922710626,-0.0219431986262794
3.53658237005471,-0.115093898286238,-0.00200876612310533,0.999997982427296,0.00564497761765221,0.396727426958308,0.0857777355835281,-0.022496605074713
3.5395669747341,-0.114122488401922,-0.00199181185615623,0.999998016340797,0.00568058509886705,0.396963727054769,0.0791729967096972,-0.0224301041706773
3.5433758492047,-0.112898427943438,-0.00197044801283795,0.99999805866543,0.00560897593472281,0.397245594909474,0.0740029257672403,-0.0227595175106219
3.54697048086789,-0.111719435656872,-0.00194987075511347,0.999998099000212,0.00572445223441061,0.397477435992446,0.0644964782751995,-0.0213722148511659
3.54977751798899,-0.110808441636204,-0.00193397093996664,0.999998129876453,0.0056642803214543,0.397644727853054,0.059597309686549,-0.020459952606849
3.55258455511009,-0.109923045758046,-0.00191851789537804,0.999998159642849,0.00550511895311244,0.397806177027045,0.0575158670961903,-0.0206804002471097
3.55618351475086,-0.108785393769707,-0.0018986621586045,0.999998197539379,0.00551708685849425,0.397990623256914,0.0512498744857362,-0.0204584125635856
3.55934098205025,-0.107809781478457,-0.00188163454231649,0.999998229724158,0.00539281806925187,0.398140567435642,0.0474887511130395,-0.0211359627224467
3.56249844934965,-0.106831929145099,-0.00186456782944073,0.999998261691894,0.00540520018011758,0.398271319716731,0.0414104941366483,-0.0213810862680071
3.56603329891082,-0.105742139660306,-0.00184554744750468,0.999998296975859,0.00538082719903152,0.398397838100849,0.0357917308584779,-0.0215475606912241
3.57015147531259,-0.104439054335033,-0.00182280435640101,0.999998338690759,0.00552262145707421,0.398504837518632,0.0259822327514412,-0.019528094809184
3.57242141719934,-0.103747283774572,-0.00181073070237814,0.999998360625818,0.00531893526388628,0.39856025236915,0.0244124533944423,-0.0194412568559074
3.5746913590861,-0.103062761633124,-0.00179878355666399,0.999998382187549,0.00526320309819753,0.398609094063826,0.0215167158951737,-0.019667654800367
3.57818829986868,-0.101999300393791,-0.00178022268628957,0.999998415402338,0.00530775361884864,0.398663396273577,0.0155284899365053,-0.0192406383856314
3.58300274809132,-0.100516242750446,-0.00175433848783895,0.999998461147051,0.00537636665227054,0.39869654066381,0.00688435905841974,-0.0169465212350715
3.58533715300523,-0.0998613019819844,-0.00174290763249983,0.999998481135339,0.00489669669004518,0.398721030733991,0.0104909264177322,-0.0190972750492151
3.58767155791915,-0.0991699097676315,-0.00173084058013836,0.999998502094321,0.00516922770817721,0.398723243139745,0.00094773864685299,-0.0190817716985824
3.59148885988986,-0.0980499294892589,-0.001711293265674,0.999998535736607,0.00512072232298558,0.398710733915656,-0.00327698049162998,-0.0192421108197165
3.59641961790514,-0.0967015941740922,-0.00168776040899009,0.999998575731387,0.00477267199032121,0.398693393664117,-0.00351675168099715,-0.0241240195514798
3.59904984674651,-0.0958405707495571,-0.00167273273650862,0.999998600981618,0.0057134548365414,0.398617244390655,-0.0289515772411983,-0.018747548671116
3.60168007558788,-0.0950675178616229,-0.00165924043704628,0.999998623459639,0.00512971266008761,0.398561033198365,-0.0213712173653365,-0.0178867674826442
3.60482778640015,-0.0941588012147667,-0.001643380361215,0.999998649649583,0.00503861326570069,0.398484815708537,-0.0242136251943017,-0.0174814857085919
3.60868324905864,-0.0930464842816479,-0.00162396679431308,0.999998681365056,0.00503534712387418,0.398369973758011,-0.0297868143717797,-0.0166004107578123
3.61188438906167,-0.0921678797734558,-0.00160863227285258,0.999998706150268,0.00479033765355938,0.398272599775276,-0.0304185329735408,-0.0179479803704919
3.61508552906469,-0.0912892953617239,-0.00159329810176278,0.999998730699774,0.00479022808340648,0.398159068499357,-0.0354658889681902,-0.0190093544731446
3.61818353755752,-0.0904168444841048,-0.0015780709805301,0.999998754845215,0.00491513835795337,0.398026067010718,-0.0429312860008548,-0.0185625661511832
3.62157310947131,-0.0894583168394196,-0.00156134153776968,0.999998781105558,0.0049355682064494,0.397862131323347,-0.0483647172979391,-0.017530315588723
3.6244673494432,-0.0886395004036754,-0.00154705051225681,0.99999880331664,0.00493775323123868,0.397708094163116,-0.053221972513237,-0.0163232504852283
3.62736158941509,-0.0878461861545231,-0.00153320458302748,0.999998824641163,0.00478396601013392,0.397550416370079,-0.054479861576389,-0.0162401548103276
3.63092202973292,-0.0868721074746759,-0.00151620372265205,0.999998850562475,0.00477493754119846,0.397339831994818,-0.05914559898855,-0.0158998725707482
3.63443204859646,-0.0859419897786273,-0.0014999701248854,0.99999887504418,0.00462493703260236,0.397124504162484,-0.0613466310880038,-0.0168142886272343
3.63794206746,-0.0850463743858488,-0.00148433870485193,0.999998898368698,0.00445337704532201,0.396903325604208,-0.0630134956178821,-0.0192424951605218
3.64096029976354,-0.0842196978781389,-0.00146991049368409,0.999998919680987,0.00478035666489474,0.396678687759541,-0.0744269566008473,-0.0180427368637476
3.64400835572305,-0.0833788576130058,-0.00145523507827057,0.999998941144873,0.00481468559135565,0.396436377646744,-0.0794966089912987,-0.0162133598391664
3.64709509584144,-0.0825431269359683,-0.00144064884158678,0.999998962264919,0.00472545514515375,0.396183094046681,-0.0820553692076483,-0.0149151314340035
3.65018183595984,-0.0817305554121872,-0.00142646680766166,0.999998982595706,0.00459450681105488,0.395924583203372,-0.0837488202418678,-0.0145789248151452
3.65358796942169,-0.0808463704657966,-0.00141103488468185,0.999999004489782,0.00453063236774155,0.395628289952789,-0.0869881506118903,-0.0145591979573893
3.65683221491176,-0.0800311456002863,-0.00139680654065669,0.999999024465268,0.00438572176205558,0.395340725579402,-0.0886382902487197,-0.0156902253390756
3.66007646040184,-0.0792173479774171,-0.00138260310640826,0.999999044203868,0.00437804352581043,0.395039253001748,-0.0929253284241377,-0.016618714070959
3.66325413513869,-0.078400916165273,-0.00136835369664798,0.999999063803642,0.00448422963958161,0.394723260549841,-0.0994414086004153,-0.016211891056463
3.66678870790024,-0.0774830729890298,-0.00135233432602798,0.999999085595517,0.00453219852103803,0.394352415624488,-0.104919307189439,-0.0149133407968862
3.66952334029462,-0.0767778057069053,-0.0013400251010018,0.999999102165961,0.00450123980283451,0.394055847762244,-0.108448895308461,-0.0138714228931331
3.67225797268899,-0.0760987752411972,-0.00132817379420053,0.999999117976797,0.00433378810707801,0.393758781662638,-0.108631090678772,-0.0140484200627704
3.67585325603416,-0.0752018615340764,-0.00131251971055018,0.999999138645634,0.00435406497697041,0.39335192812929,-0.113163134664754,-0.0137477148565399
3.67944735944701,-0.0743320419724118,-0.00129733850822662,0.999999158456043,0.00422392277168038,0.392938107541918,-0.115138753629703,-0.0145220793239023
3.68304146285986,-0.0735035707260764,-0.0012828789692532,0.999999177110437,0.00402313159798524,0.392522559297752,-0.115619445639877,-0.0171802828311557
3.68610287944763,-0.0727387314356508,-0.00126953001625747,0.999999194146444,0.0043603879066567,0.392134747590452,-0.126677208469373,-0.0160308240928145
3.68913558518063,-0.0719682276895282,-0.00125608219971127,0.999999211128443,0.00443426710427186,0.391734509159165,-0.131974041177648,-0.0139204173189706
3.69290682662653,-0.0709892139533467,-0.00123899519988958,0.999999232445153,0.00453087222437182,0.391213590027751,-0.138129350477018,-0.00984895325914001
3.69594856771619,-0.0702645218493138,-0.00122634694622047,0.999999248036301,0.00415823138976398,0.390803920942859,-0.134682431152381,-0.00968127602411356
3.69855417003376,-0.0697012312404018,-0.00121651567778304,0.999999260044529,0.00377312980757341,0.390464577084178,-0.130236243801914,-0.0124707019180064
3.70256711667227,-0.0687859203234439,-0.00120054050026906,0.999999279350994,0.00398091243651888,0.389909135134021,-0.138412493409538,-0.0138053998104011
3.70509137239329,-0.0681939095163736,-0.00119020796986052,0.999999291702243,0.00409330073207034,0.389544237321397,-0.144556595271514,-0.013644995546205
3.70761562811431,-0.0675970105115875,-0.00117979012423967,0.999999304047389,0.00412709887063395,0.389170165713365,-0.14819085281957,-0.0130088000362128
3.71132024642508,-0.0667441534975928,-0.00116490497152595,0.999999321497973,0.00401800177352585,0.388616080621967,-0.149566040254777,-0.0130048998442197
3.71509401065018,-0.065863947252191,-0.0011495424847337,0.99999933927582,0.00407086827966105,0.388031471461903,-0.154914065954458,-0.012030239471947
3.71810405866023,-0.0651670190430075,-0.00113737880078552,0.999999353184523,0.00404102919941936,0.387555481846844,-0.15813356247795,-0.0112278139820046
3.72111410667029,-0.064493101907503,-0.00112561673541485,0.999999366493282,0.00390760308834949,0.38707756691547,-0.158773192247145,-0.0114294394347228
3.72481032806051,-0.0636699314576387,-0.00111124970974553,0.999999382561851,0.00388695187286839,0.386478588486765,-0.162051556297464,-0.0115829873884853
3.72765495285878,-0.0630531843313643,-0.00110048544832193,0.999999394465706,0.00378407303917219,0.386013426225816,-0.163523239068869,-0.0123985859599173
3.73049957765705,-0.0624208182865343,-0.00108944858537823,0.999999406550714,0.00387990344695006,0.385533977916305,-0.168545359585519,-0.0121624408960825
3.73415881712981,-0.0616201368638632,-0.00107547406648032,0.999999421677599,0.00381897035960965,0.384909073929223,-0.170774280211892,-0.0122388258018011
3.73769959737672,-0.0608274967521985,-0.00106163989464654,0.999999436460208,0.00390709921746089,0.384284598188612,-0.176366703681886,-0.0110363688278053
3.74124037762364,-0.0600085617276867,-0.00104734679005569,0.9999994515322,0.00403671268503149,0.383637716836406,-0.182694577775478,-0.00808505207953228
3.74425383783324,-0.0593814805796909,-0.00103640216528624,0.999999462935132,0.00363191479178473,0.383101870835011,-0.177817513464478,-0.00903849380363173
3.74725675130125,-0.0587728950496734,-0.00102578034965378,0.999999473887199,0.00353717194716431,0.382564510017584,-0.178946487520165,-0.0106689204880666
3.75037467812635,-0.0581326174888541,-0.00101460540390631,0.999999485287805,0.00358409680206735,0.381993988053464,-0.182981191067803,-0.011690817012626
3.75349260495146,-0.0574801273799654,-0.00100321730896556,0.999999496777389,0.00365245927040723,0.381409452596993,-0.187475681521676,-0.0118256583096856
3.75687568129022,-0.0567683336295448,-0.000990794170600112,0.999999509163335,0.00367214431363423,0.380763039523481,-0.191072564962858,-0.0114983737773195
3.76012992803735,-0.0560669950893709,-0.000978553509837193,0.9999995212164,0.00376144393720075,0.380124828702571,-0.196116296796486,-0.010013885493095
3.76338417478448,-0.0553735846882053,-0.000966451220992293,0.99999953298591,0.00371892345857589,0.379479273246432,-0.198373235436731,-0.00867592862319164
3.76652428475316,-0.054737290910908,-0.000955345804695524,0.999999543657093,0.00353663455565891,0.378858501415132,-0.197691111933272,-0.00889124956210097
3.76999654848353,-0.0540523864721578,-0.000943391972564885,0.999999555005694,0.00344266405030359,0.378167958770701,-0.19887390418853,-0.00985207300289179
3.77278925878713,-0.0535057995846536,-0.000933852235932057,0.999999563959906,0.00341594358100099,0.377605981102045,-0.201230205629071,-0.010694073684863
3.77558196909073,-0.0529402423607349,-0.000923981404524983,0.999999573129091,0.00353450039307627,0.377030116265824,-0.206202854438285,-0.0103175358167207
3.77916025624555,-0.0522289878408136,-0.000911567676560853,0.999999584522099,0.00346918306307453,0.376286709164339,-0.207755014989288,-0.0102773376678384
3.78265768919848,-0.0515188172939114,-0.000899172867346786,0.999999595743996,0.00354397481265491,0.375543709699244,-0.212441374886628,-0.00914291438224164
3.78615512215141,-0.0507932444699269,-0.000886509237652854,0.999999607050609,0.00362083702874538,0.374784444818423,-0.21709204752162,-0.00687318295113419
3.7892758034301,-0.0501978988117873,-0.00087611849976623,0.999999616208114,0.00332963894548487,0.374116496403514,-0.214039293108517,-0.00737157091075269
3.79247349388575,-0.049612221269579,-0.000865896502177233,0.999999625111553,0.0031966826083746,0.373432043175733,-0.214046117744973,-0.00897141206900093
3.7953820513688,-0.0490733354250067,-0.000856491173384847,0.999999633211368,0.00323367591494977,0.372799741040868,-0.217393721303723,-0.00992632727601674
3.79829060885184,-0.0485150626383545,-0.000846747478666856,0.999999641509289,0.00335001054926993,0.37215344091432,-0.222206413424829,-0.0096396920621574
3.80177907950905,-0.0478537009557616,-0.000835204543840964,0.999999651216624,0.00330888232754374,0.371371947973281,-0.224021646685116,-0.00947722689885239
3.8051057783357,-0.0472084397618361,-0.000823942615346862,0.999999660559226,0.00338531768464356,0.370612229538825,-0.228370067157526,-0.00827499996888217
3.80843247716235,-0.046565716952852,-0.000812724989908538,0.999999669738991,0.00337200022573963,0.369844470048727,-0.230787194785229,-0.00693864050261421
3.81166328132414,-0.0459713903019623,-0.000802352036400407,0.999999678115553,0.0032106424193272,0.369101015019322,-0.230114544916586,-0.00698960651163713
3.81518805584241,-0.0453512081792278,-0.000791527819834038,0.999999686741806,0.00307089714466179,0.368290580056742,-0.229925335189504,-0.00828155523720361
3.81786627663776,-0.0448774487622936,-0.00078325916070947,0.999999693252496,0.00308737117648678,0.36766743471233,-0.232671385979131,-0.00900904348506688
3.82054449743311,-0.0443848109540204,-0.000774661011543909,0.999999699950114,0.00321039691316953,0.367032067779635,-0.237234709624465,-0.00853733230603521
3.82413613077813,-0.0437406464113109,-0.000763418222673701,0.999999708596266,0.00313027280762247,0.366177329878423,-0.237980277802146,-0.00853172704237601
3.82781828415244,-0.0430664245955344,-0.000751650835476104,0.999999717510471,0.00319579044592828,0.365286111698524,-0.242037223684397,-0.00749859237038082
3.83150043752676,-0.0423483105144285,-0.000739117383837733,0.999999726852709,0.00340383841902511,0.364369287847887,-0.248991217213312,-0.00379500459739394
3.83451528723117,-0.0418465940596213,-0.000730360782153532,0.999999733286528,0.0029044910713166,0.363641956074509,-0.241249761908435,-0.00511999129061393
3.83741711453666,-0.04138227442922,-0.000722256877958914,0.999999739172467,0.00279269076999114,0.3629423448125,-0.241093348554938,-0.00724966155538798
3.84121188650584,-0.0407886019874868,-0.000711895341836303,0.999999746602479,0.00273047731740688,0.362023271689605,-0.242194558818663,-0.0104587083242734
3.84436542569127,-0.0402657787756617,-0.000702770357666841,0.999999753056882,0.00289357002265028,0.361241376254289,-0.247942197430141,-0.0113926587399078
3.84700322170247,-0.0397566033919556,-0.000693883572917961,0.999999759262765,0.00336901977182522,0.360556542342057,-0.259623530145486,-0.00812015309629864
3.85076172015628,-0.0390933835911321,-0.000682308206469564,0.999999767227729,0.00307978553963779,0.359594735607138,-0.255901857281553,-0.00656562281703317
3.85342221295714,-0.0386422464012714,-0.000674434378940041,0.999999772569108,0.00295953792422162,0.358914705589838,-0.255603028536734,-0.00619780235035593
3.856082705758,-0.0382081200136015,-0.000666857445809353,0.999999777650549,0.00284794412230004,0.358236041667628,-0.255089554082136,-0.00662447430611351
3.85978442911018,-0.0375936329772971,-0.000656132626161532,0.999999784744965,0.00289725108387661,0.357280361091919,-0.25817179858793,-0.00641490516196916
3.8630935988441,-0.037065605551012,-0.000646916810988044,0.999999790749298,0.00278493334296103,0.356426130405913,-0.258140486796541,-0.0071340469699185
3.86640276857802,-0.0365413996225401,-0.000637767693465247,0.999999796626164,0.00276477791892421,0.355566312999911,-0.259828741085348,-0.0078448637061473
3.86984449867356,-0.035990238818823,-0.000628148124659455,0.999999802714947,0.00279498114778874,0.354662674355947,-0.262553604983727,-0.00803946654788781
3.87365960009004,-0.0353427695750415,-0.000616847656739616,0.999999809749466,0.0029620366212487,0.353639502940815,-0.268189833883172,-0.00606080478747881
3.8760676500588,-0.0349557217935555,-0.000610092399861314,0.999999813893614,0.00280528155026023,0.352996837536137,-0.266882088417758,-0.00569408625291294
3.87847570002756,-0.0345831369659478,-0.00060358956907395,0.999999817839799,0.00270045558401534,0.352355844836498,-0.266187457882903,-0.00604950596275036
3.88203619293401,-0.0340205128807767,-0.000593769928096498,0.999999823718621,0.00275794475519775,0.351397636221944,-0.269122461336443,-0.00574739466168589
3.88703190286563,-0.0332312068831466,-0.000579993942004657,0.999999831803499,0.00275756372025832,0.350040797657875,-0.271600749971348,-0.00479330149425007
3.88919603993159,-0.0329188568930838,-0.000574542407167828,0.999999834950498,0.00251903441372152,0.349459105565223,-0.268787084607899,-0.00595972553799982
3.89136017699755,-0.0325868804474251,-0.000568748326098715,0.999999838262658,0.00267731748924056,0.348867795266582,-0.273231445430123,-0.00589720494188023
3.89497159647864,-0.0320427157312679,-0.000559250861639178,0.999999843619225,0.00262984292460965,0.347878732145108,-0.273871015719548,-0.00608835087995502
3.89980488090471,-0.0313883908512912,-0.000547830739855535,0.999999849940729,0.00236280808795281,0.34657016581331,-0.270740601305848,-0.00995093524290613
3.90279160169685,-0.0308705147338385,-0.000538792097822618,0.999999854851527,0.00302627664118517,0.345714884809111,-0.286361218112395,-0.00600551304312447
3.90577832248899,-0.0303940718976572,-0.000530476602822163,0.999999859297277,0.00278415585775165,0.344869627153612,-0.283005246999983,-0.00407311513652613
3.90860680375386,-0.0299864930755743,-0.000523363011402956,0.99999986304557,0.00251498657427732,0.34408038256992,-0.279034757448755,-0.00442381511063585
3.91175270585018,-0.029535112109199,-0.000515484928421652,0.999999867137635,0.00250423687797326,0.343198432086157,-0.280348992677194,-0.00475375888753179
3.9154435375851,-0.0290205152732862,-0.00050650352048725,0.999999871727084,0.0024334377051247,0.342162661494812,-0.280633381778312,-0.00569431340070956
3.91839246418559,-0.0286064883260771,-0.000499277387980227,0.999999875361037,0.0024504283760638,0.341329206039442,-0.282630111997679,-0.00614504434171995
3.92134139078608,-0.0281774776250933,-0.000491789739641097,0.999999879071419,0.00253911008066567,0.340486166985263,-0.285879972067626,-0.00561791152172836
3.92508287236213,-0.0276426507053928,-0.000482455250071542,0.999999883618459,0.00249486479816669,0.339413899763198,-0.286588935497905,-0.00523076568217661
3.92795139501149,-0.0272238438186133,-0.000475145691805087,0.999999887118279,0.00254819640554654,0.33858420466136,-0.289241258744621,-0.00425137424028971
3.93081991766085,-0.0268266257023332,-0.000468212928598648,0.999999890388321,0.00241684128908798,0.337758351729162,-0.287901834200763,-0.00428280956185674
3.93448573745317,-0.0263163656169667,-0.000459307211025216,0.999999894518437,0.00242939343331316,0.336696524412384,-0.289656168861564,-0.00396099071542826
3.93793781920651,-0.0258641296931645,-0.000451414205977412,0.999999898112602,0.00228644812901415,0.335701124141594,-0.288347826590486,-0.00494754995710156
3.94138990095986,-0.0254340548984971,-0.000443907985532769,0.999999901472845,0.00217440423869047,0.334708331301367,-0.287592505381467,-0.00692707944417095
3.94447971994558,-0.0250057455195614,-0.000436432577377366,0.999999904763298,0.00241936790283023,0.333799905021104,-0.294006310551551,-0.00621428400350944
3.94766014472901,-0.0245519626261272,-0.000428512572538382,0.999999908188483,0.00249023514749186,0.332855986504872,-0.296790076957483,-0.00458984766284835
3.95062141170875,-0.0241394269825366,-0.000421312467925901,0.999999911247898,0.00243142726128383,0.331976838424871,-0.296882410810881,-0.00341818704613105
3.9535826786885,-0.0237514999462843,-0.000414541864477094,0.999999914077518,0.00228638757883743,0.331102816756844,-0.295151255866528,-0.00341149991908024
3.95705555899205,-0.0232993814828324,-0.000406650909345989,0.999999917317516,0.00227216463182323,0.330074258030374,-0.296168781117129,-0.00335869904445396
3.96037820324695,-0.0228911960035048,-0.000399526729351676,0.999999920189193,0.00214412980342388,0.329094357156968,-0.294915976022035,-0.00442305840612872
3.96370084750184,-0.0224890930619176,-0.000392508709639358,0.999999922968453,0.00211217925371002,0.328112295583449,-0.295566271373139,-0.00563943938327237
3.9668891665721,-0.0220781173927103,-0.000385335831608605,0.999999925758146,0.00224973674692011,0.327157008797262,-0.2996208237435,-0.00529094948453845
3.97035714915105,-0.0216153636380517,-0.000377259255550986,0.999999928837724,0.0023288976979809,0.326107981246024,-0.302489279388244,-0.00387168048314251
3.97309862464995,-0.0212561877579961,-0.000370990454288998,0.999999931183039,0.00228665246259907,0.325277921419513,-0.30277849531882,-0.00290094501297834
3.97584010014885,-0.0209220559833304,-0.000365158755080594,0.99999993332954,0.00212721200892938,0.324454031981593,-0.300527740718547,-0.00316444108385301
3.97941913004011,-0.0204794571273468,-0.000357433948282319,0.999999936120484,0.002158352273431,0.323372118033363,-0.302292515318885,-0.00297876979995507
3.98298002805583,-0.0200629024861143,-0.000350163698733386,0.99999993869269,0.00204169003770467,0.322299691954748,-0.301167310572165,-0.00385042470929772
3.98654092607154,-0.0196791278424637,-0.000343465568018853,0.9999999410157,0.00188102301380423,0.321234571234489,-0.299115761125008,-0.00628701209360279
3.98963514164658,-0.0192923186703601,-0.000336714474779166,0.99999994331168,0.00218184333521821,0.32028661429854,-0.306364218316388,-0.00540412651455466
3.99274220975668,-0.0188873254479755,-0.000329646009992639,0.999999945666753,0.00227496306111932,0.319325649886953,-0.309283342860124,-0.00344165963673618
3.99571379586278,-0.01851624838267,-0.000323169493769443,0.999999947780738,0.00217948137358144,0.318409449611511,-0.308320285104252,-0.00225794875544534
3.99868538196887,-0.0181702224195841,-0.000317130201725719,0.999999949714216,0.00203234640950028,0.317499357499287,-0.306264762228651,-0.00227382362790537
4,-0.0180278533054911,-0.000314645392055624,0.999999950499137,0.00189013822663488,0.317099665679623,-0.304036465496398,-0.00281665417364237
4.00542018566884,-0.0173328205277488,-0.000302514782252361,0.999999954242402,0.00223804332951484,0.315407724180524,-0.312155634967508,0.00110723083704348
4.0078872129427,-0.0171208908584224,-0.000298815911907142,0.999999955354524,0.0014993229104519,0.314671845169367,-0.298285721829597,-0.00262436537568559
4.01035424021656,-0.0168468451506479,-0.00029403291221566,0.999999956772322,0.0019387705812173,0.313912091599901,-0.307963182051553,-0.00289622702234955
4.01387882891842,-0.0164571673719493,-0.000287231752242761,0.999999958748959,0.00192963231612716,0.312824267388557,-0.308638625202646,-0.00319388599467948
4.01832293159825,-0.016008148199548,-0.000279394889594317,0.999999960969247,0.00176342976919536,0.311462721482728,-0.306371387863377,-0.0055963690044744
4.02117999570925,-0.0156376917093514,-0.00027292920435157,0.999999962754824,0.00226305229358462,0.310555453951661,-0.317552387982777,-0.00255131314927411
4.02403705982025,-0.0153124887572764,-0.000267253342307688,0.999999964287825,0.00198660654098246,0.30966209550952,-0.312684072682321,-0.00179451764034973
4.02716049732195,-0.0149722886062426,-0.000261315729763735,0.999999965857044,0.0019009865726724,0.308688447174672,-0.3117233286456,-0.00165291513617254
4.03083555768507,-0.0145767426353393,-0.000254412150458011,0.999999967637228,0.00187849418870781,0.307541329343791,-0.312135779426742,-0.00153534313138203
4.03361911689345,-0.0143000199170883,-0.000249582428062817,0.999999968854305,0.00173508885099262,0.306678364766969,-0.310021994223049,-0.00256686943520581
4.03640267610184,-0.0140056897805362,-0.000244445398248866,0.999999970123223,0.00184548974392233,0.305807242636492,-0.312952613996127,-0.00252942297211653
4.04015053951287,-0.0136206391233844,-0.000237724996689914,0.999999971743413,0.00179312878224875,0.304635411969952,-0.312666321586966,-0.00289068492705059
4.04487932722011,-0.0131274093245478,-0.00022911651296581,0.999999973752811,0.00182044204384021,0.303149590587817,-0.314207673112928,-0.00278892734042339
4.04697578408768,-0.012900179114271,-0.000225150597738782,0.999999974653604,0.00189172283517168,0.302486206574822,-0.31643103335785,-0.00196964149138262
4.04907224095525,-0.0126868838828134,-0.000221427893763849,0.999999975484844,0.00177571221489426,0.301826807202289,-0.314530378723037,-0.00194892231413581
4.05248777633623,-0.012335797446025,-0.000215300279628897,0.999999976822895,0.00179404210396191,0.300749204749823,-0.315500304422751,-0.00161477753573552
4.05710663011588,-0.0118199490625676,-0.000206297027096541,0.999999978720768,0.00194923960834058,0.299273441863717,-0.319508466063326,0.0013399464570863
4.06053884169851,-0.0115209622681345,-0.000201078723221957,0.999999979783673,0.00152039111144458,0.298203995318391,-0.311591089178789,-0.000741976666239208
4.06303673881257,-0.0113027226240546,-0.000197269722949935,0.999999980542328,0.00152488280087523,0.297423977043658,-0.312269977151711,-0.00222334455726068
4.06553463592662,-0.0110536128662656,-0.000192921937560419,0.999999981390563,0.00174057828395028,0.296631774444713,-0.317147809847226,-0.00190841844632924
4.06900756899058,-0.0107207735449866,-0.00018711279562888,0.999999982494401,0.0016726904692489,0.295533190470291,-0.316327425317374,-0.00202802487301936
4.07375555988726,-0.0102794639446065,-0.000179410490210946,0.999999983905938,0.00162222416068288,0.29403258791905,-0.316050005970206,-0.00272533546300967
4.07602252210427,-0.0100412855599857,-0.000175253493257596,0.999999984643106,0.00183373017314055,0.293304938214301,-0.320980076018087,-0.00135632640045727
4.07828948432129,-0.00982894523889468,-0.000171547455575534,0.999999985285735,0.00163480348722135,0.292585593750558,-0.317316476800121,-0.0013611200772554
4.08200666238767,-0.00947601026824902,-0.000165387578379761,0.999999986323474,0.00165713806904196,0.291402517419316,-0.318272708521697,-0.000976008726600128
4.08695738631493,-0.00894407073138802,-0.000156103482159982,0.999999987815851,0.00187530075927282,0.289801360804305,-0.323418683516462,0.0032251492376084
4.08949649057667,-0.0087914131203935,-0.000153439104251812,0.999999988228221,0.00104933774490324,0.289021419419592,-0.30717186232423,-0.00101057350787853
4.0920355948384,-0.00856869841084598,-0.000149551999322193,0.9999999888171,0.0015308961639768,0.288215592676333,-0.317366543549927,-0.00137512185531557
4.09538821555773,-0.00827338697625875,-0.000144397842525533,0.999999989574631,0.00153735160754456,0.28714969842946,-0.317928670168399,-0.00163284483793458
4.09958859089651,-0.0079264750400194,-0.000138343087084201,0.999999990430595,0.00144147963300778,0.285820247297338,-0.316507698692137,-0.00300405779122486
4.10251746388565,-0.00762917927584573,-0.000133154297194952,0.999999991134967,0.00177159950475846,0.284872118186787,-0.323718069737703,-0.000816421986896083
4.10544633687479,-0.00736353955122424,-0.000128518009415903,0.999999991741561,0.00158295966944456,0.283934126509645,-0.32025686351683,-0.000200362809181776
4.10865667085867,-0.00708434226473027,-0.000123645097542685,0.999999992355945,0.00151788316618258,0.282909008995823,-0.319318027024646,-4.07273089386255e-05
4.11241769973195,-0.00676544105918523,-0.000118079221558004,0.999999993028649,0.00147988122741812,0.281709367467035,-0.318966317252101,-9.90134186328664e-05
4.11508232829528,-0.00655949315968029,-0.00011448475264838,0.999999993446621,0.00134895684276121,0.280865551299506,-0.316673092505168,-0.00114821137921668
4.11774695685862,-0.00633315722384195,-0.000110534445377423,0.999999993891068,0.00148249829275173,0.280013688128749,-0.319693026817314,-0.000994173013126695
4.12149865428793,-0.00602692755953096,-0.000105189729499016,0.99999999446756,0.0014246127280263,0.278817424331161,-0.318859348368931,-0.00127984199549552
4.12646749151672,-0.00561377754848953,-9.79789015389138e-05,0.999999995200067,0.00145121034666715,0.27722815175116,-0.319847985921781,-0.00113592969837666
4.12850859820452,-0.00544094632712233,-9.49624276898507e-05,0.999999995491069,0.00147786192712345,0.276573504285961,-0.320731625206469,-0.000590119447890353
4.13054970489233,-0.00527593664839407,-9.20824655109802e-05,0.99999999576041,0.00141098072368106,0.275921249746697,-0.319559258299241,-0.000541690318506056
4.13390719177239,-0.00500142683620429,-8.72913654785111e-05,0.999999996190109,0.00142698995495352,0.274846425331049,-0.320127659181347,-0.000217984147948588
4.13844909485366,-0.00459113711587563,-8.01304589967946e-05,0.999999996789555,0.00157663128840497,0.273377059910329,-0.323513160547668,0.00255431839874662
4.14273836674375,-0.00421182390978677,-7.35101946737946e-05,0.999999997298126,0.00154344711927496,0.27199081737665,-0.323188310091004,0.00524714707727149
4.1446162994465,-0.00414374266583364,-7.23219528111179e-05,0.999999997384768,0.000632739322389463,0.271418304905354,-0.304863145764089,0.000856541910205195
4.14649423214926,-0.00401605555017208,-7.00933922360994e-05,0.999999997543458,0.00118670950103642,0.270824344094236,-0.316284396265235,-7.3856551480754e-05
4.14960222289495,-0.00378583478078207,-6.60752818130848e-05,0.999999997817029,0.00129283217393937,0.269834085734677,-0.318616894510463,-0.000438906721641374
4.15382346390717,-0.00350772404003719,-6.12213337117629e-05,0.999999998125974,0.00114988651372988,0.268500428435595,-0.315939624205483,-0.00259438872061852
4.15776493759015,-0.00329050258814068,-5.74301041768802e-05,0.999999998350892,0.000961881226793715,0.267269304110337,-0.312351273731791,-0.00679304261229668
4.16032528077636,-0.00298451245195935,-5.20895688299038e-05,0.999999998643338,0.00208586699773379,0.266410482578885,-0.335432193651565,-0.000450079059944791
4.16288562396257,-0.00278496596419318,-4.86068256120095e-05,0.999999998818688,0.00136026421812014,0.265589182119361,-0.320777489497288,0.000232847156859596
4.16597161490201,-0.00255743109338243,-4.46355929575804e-05,0.999999999003832,0.00128685817187276,0.264603467213547,-0.319416007744966,0.000437738365918594
4.16986512127025,-0.00226502348529217,-3.95321174430491e-05,0.999999999218606,0.00131076593599287,0.263357329987662,-0.320055268446782,0.00115489092391617
4.17314481211833,-0.00205822029952075,-3.59227209502949e-05,0.999999999354779,0.00110052948967394,0.262321234330203,-0.315912598306555,-0.000225403169397259
4.17642450296641,-0.0018567253303261,-3.24059703136979e-05,0.999999999474927,0.00107228113915394,0.26128664852384,-0.315452234459379,-0.001787527657684
4.1794776955579,-0.00163469375208085,-2.85307882317201e-05,0.999999999592997,0.00126922294210079,0.260310957352477,-0.319564240421861,-0.0012951831513942
4.18272788789505,-0.00139061740313843,-2.4270852317916e-05,0.999999999705463,0.00131067194596461,0.259269285983577,-0.32049530022992,-0.000227167874751091
4.18571341910706,-0.00116678744817666,-2.0364282640218e-05,0.999999999792648,0.00130850069929278,0.25831234815416,-0.320525146603049,0.000868787761536559
4.18869895031907,-0.000963718510207593,-1.6820061064744e-05,0.999999999858543,0.0011871326489011,0.257362613900634,-0.318112317736249,0.000954860774354971
4.19221209486701,-0.000726403922514944,-1.26781401469479e-05,0.999999999919632,0.00117897822356197,0.256245434619796,-0.317999804902128,0.00109833314570445
4.19563268640874,-0.000522200494477129,-9.11411798404218e-06,0.999999999958466,0.00104193152547945,0.255167088556784,-0.315251338797987,-6.9305997800688e-05
4.19905327795048,-0.000336632502796845,-5.87534554300016e-06,0.99999999998274,0.000946845714146341,0.254095266968043,-0.313343927699196,-0.00212888542773976
4.20209644567885,-0.000123441132946787,-2.15445420231182e-06,0.999999999997679,0.00122270333837467,0.253124552910099,-0.318981451101792,-0.0012944374719971
4.20526081177519,0.000107034077920411,1.86809707154625e-06,0.999999999998255,0.00127120287330933,0.252112036812209,-0.319974385727287,0.000173133915321859
4.20827110065682,0.000318881973937179,5.56554037043378e-06,0.999999999984512,0.00122826859623722,0.251151472516904,-0.319093725909402,0.00130112398446346
4.21128138953846,0.000508771077128614,8.87973043469565e-06,0.999999999960575,0.00110095415910682,0.25019876477149,-0.316483826926329,0.0013522187654538
4.21474287863566,0.000723428120300166,1.2626202600416e-05,0.99999999992029,0.0010823296161647,0.249104669591914,-0.316076448271427,0.00133448572313269
4.2180220187078,0.00090335524767409,1.57665233864285e-05,0.999999999875708,0.000957665948159018,0.248076673898748,-0.313495511186225,0.000171474552190173
4.22130115877994,0.00108238563130847,1.88911930414866e-05,0.999999999821561,0.000952893010603022,0.247049164928091,-0.313347081262973,-0.000943181370661815
4.22449836221133,0.00128009618898076,2.23418932380871e-05,0.99999999975042,0.00107928703048913,0.246039293043651,-0.315861003564997,-0.000688356641629209
4.22802151382709,0.00151423787886331,2.64284366415033e-05,0.999999999650769,0.00115991130962186,0.244920944708669,-0.31742838712325,0.000582735890151495
4.23073929822484,0.00169086925903801,2.95112357866865e-05,0.999999999564543,0.00113430599901211,0.244059878923419,-0.316826377383943,0.00149936685972293
4.23345708262259,0.00184370740343483,3.21787646277798e-05,0.999999999482264,0.000981508630548716,0.243207486845417,-0.31363491478825,0.00119517972302537
4.23704922513259,0.00205411364401538,3.58510462905273e-05,0.999999999357351,0.00102230957002892,0.242078238575543,-0.314366222033997,0.00135480179427175
4.24066728993218,0.00224366812155222,3.91593960331144e-05,0.999999999233271,0.000914397593235353,0.240949253539338,-0.312041132135946,0.000457331090990609
4.24428535473177,0.00239236838322896,4.1754705195826e-05,0.999999999128272,0.000717319702270038,0.23983530231368,-0.307885924482014,-0.00251754834413855
4.24733556548331,0.00258445857964232,4.51073115808781e-05,0.999999998982665,0.00109913925997321,0.238872879767209,-0.315526573363298,-0.0013833072473535
4.25033434041933,0.00278868689907361,4.86717681768486e-05,0.999999998815529,0.00118863758566179,0.237921625776225,-0.317214199557993,0.000683217611859951
4.25410456453223,0.00306504535221652,5.34951330936127e-05,0.999999998569135,0.00127933108977788,0.236719302852962,-0.31889958985449,0.00443925236917772
4.25717317744785,0.00323495767972487,5.64606626438776e-05,0.999999998406097,0.000966407180147681,0.23576082694045,-0.312348262511056,0.00473564110298758
4.25979267925737,0.00332041528345333,5.79521791973631e-05,0.999999998320772,0.000569389397062998,0.234964224022655,-0.304104740413311,0.00182252986279668
4.26375783152675,0.00350094736338072,6.11030583919857e-05,0.999999998133208,0.00079464267350834,0.233740947254551,-0.308506883216212,0.000326617276212804
4.2663022597171,0.00363545490601076,6.34506578750935e-05,0.999999997987007,0.000922643247139994,0.232949831734633,-0.3109207494704,0.000360493040373111
4.26884668790745,0.00377764513928323,6.59323456046834e-05,0.999999997826463,0.000975342021517291,0.2321563886953,-0.311835500935538,0.000912295529775231
4.27255311005674,0.00396535721949239,6.92085394426203e-05,0.999999997605089,0.000883923555778755,0.231008252981351,-0.309769278215998,0.000794162401394835
4.27623869417417,0.00416795861019857,7.27446007706539e-05,0.999999997354111,0.000959430370946075,0.229861827876226,-0.311056556734622,0.00165383180380953
4.27992427829161,0.00441203654781173,7.70045644015366e-05,0.999999997035149,0.00115584491008541,0.2287016193464,-0.314796377686328,0.00488468275564222
4.28301083687355,0.00454521914543281,7.93290392292813e-05,0.999999996853452,0.000753095971820261,0.227756087794311,-0.306338443605463,0.0039147168595231
4.28598716368403,0.00464785948903445,8.11204511647432e-05,0.999999996709736,0.000601886840824942,0.226854188894267,-0.303024149386631,0.00164209315208484
4.28963403551884,0.00476251695036371,8.31216013701688e-05,0.9999999965454,0.000548730611554962,0.225754010736009,-0.301677220394436,-0.0016134988104337
4.29267637641266,0.00490818382195389,8.56639678814431e-05,0.999999996330842,0.000835661291437797,0.224819255456516,-0.307248698326099,-0.00162221521665743
4.29537815462345,0.00507977529788446,8.86588040934109e-05,0.999999996069808,0.00110846856762061,0.223974777588385,-0.312563727384539,0.00074381692881921
4.29951264950523,0.00531130116093975,9.26996926906308e-05,0.999999995703383,0.000977359684649159,0.222694766810714,-0.309593025090765,0.00277151056064789
4.3,0.00531925806864022,9.28385669276837e-05,0.9999999956905,0.000284957621138834,0.222550863434331,-0.295276967863617,0.0020235774535291
4.30243675247385,0.00542845240708981,9.47443676497834e-05,0.999999995511752,0.000782106820834484,0.221806986617644,-0.30527385307712,0.00192332265389574
4.3053057261055,0.00555708909623235,9.69895014038678e-05,0.999999995296518,0.000782556430506354,0.220931844397591,-0.305036689915392,0.00183531872590436
4.30923584453065,0.00574078558465885,0.000100195609935678,0.99999999498042,0.00081577911924317,0.21973162660028,-0.30538972811311,0.00223951924328185
4.3124614156276,0.00586428032137025,0.000102350999689122,0.999999994762136,0.000668219580258817,0.218757398142825,-0.302032858112195,0.00120189569529867
4.31568698672455,0.00599053291789719,0.000104554523175917,0.999999994534176,0.000683142126574703,0.217783234375462,-0.302012802720313,0.000388386360129715
4.31900947951716,0.00613238930819215,0.000107030384237702,0.999999994272248,0.000745181774704241,0.216776718633025,-0.302939932533484,0.000269666669466255
4.32269278064265,0.00631192305576409,0.000110163839232799,0.999999993931964,0.000850719207261001,0.215654339463747,-0.304720991045933,0.00141927735824404
4.32527918668612,0.00643648862977408,0.000112337918620456,0.999999993690096,0.000840579307567088,0.214867616306849,-0.304176198042488,0.002296406006461
4.3278655927296,0.00653817168980625,0.000114112622800144,0.999999993489155,0.000686166116701626,0.214089766453657,-0.300745451455413,0.00196854755377497
4.33147448447756,0.00669096193948461,0.000116779315704204,0.999999993181296,0.000738922945896604,0.213001781775769,-0.301473348016197,0.00218070323140955
4.3355383286309,0.00684336361792586,0.000119439226760016,0.999999992867135,0.000654530777756529,0.211785414327979,-0.299314491868751,0.00152624891708762
4.33825950633766,0.00694358821080514,0.00012118847588457,0.999999992656677,0.000642827968519558,0.210972654198505,-0.298679548732209,0.00100905872084119
4.34098068404441,0.00705973093479658,0.000123215548805319,0.999999992408964,0.000744924865014672,0.210155114941904,-0.300435820333108,0.00142914912433088
4.34469388074432,0.00720394298549875,0.000125732523891626,0.999999992095666,0.000677845885693522,0.209046060537286,-0.298679142056858,0.00133822753336175
4.3479962879526,0.0073486939736468,0.000128258905209951,0.999999991774827,0.000765012059193371,0.208055263855601,-0.300022565116208,0.00224295200533393
4.35129869516088,0.00749125702183144,0.000130747099771587,0.999999991452598,0.000753448749828725,0.207066615639458,-0.299371989518763,0.00313312779938205
4.35469621233089,0.0076235641568491,0.000133056294881438,0.999999991148011,0.000679671364230703,0.206056056762242,-0.297440403284899,0.00338357662980147
4.35845203349091,0.00773127663302676,0.000134936232219337,0.999999990896107,0.00050053963558903,0.204954380620564,-0.293324973351652,0.0017380569885935
4.36091833370295,0.00781449619705368,0.000136388687600315,0.999999990699063,0.000588920759627191,0.204227524860164,-0.294715037873982,0.00127868361013217
4.363384633915,0.00791259749963492,0.000138100878314727,0.999999990464074,0.000694234514589264,0.203496191737603,-0.296530454399231,0.00171937888488417
4.36696780161179,0.00803833052788348,0.000140295333614907,0.99999999015861,0.000612434445478231,0.202441117024941,-0.294453065539337,0.00155744537373613
4.37203436503354,0.00821934931345148,0.000143454707399232,0.999999989710373,0.00062357332833583,0.200951125379312,-0.294083291098975,0.00153946030601899
4.37414266844957,0.00830098173687907,0.000144879461949619,0.999999989504971,0.000675782505666246,0.200329926970901,-0.294643742302937,0.00210928476074395
4.37625097186561,0.00837251927472268,0.000146128027510543,0.9999999893233,0.000592213418924529,0.199712949491627,-0.29264169216843,0.00206741452422453
4.37974035804787,0.00849692228622932,0.000148299269637203,0.999999989003663,0.00062224186053872,0.198691076429583,-0.292851810796869,0.00236449046770983
4.38444706000918,0.0087147714450153,0.000152101454687827,0.999999988432574,0.000807823636331114,0.19729771961187,-0.296036763994341,0.00562538347807048
4.38764748277629,0.00876533910187652,0.000152984026784805,0.999999988297944,0.000275767350588207,0.196386843733751,-0.284611110594719,0.00271552713315171
4.39084790554339,0.00880848610568598,0.000153737084054795,0.999999988182454,0.000235299313136211,0.195480141522716,-0.283307011921655,-0.000564960762444167
4.39352879283488,0.00892159777551793,0.000155711255092161,0.999999987877002,0.00073638719063835,0.194694448767737,-0.293071908496046,0.000842086045389989
4.39632413079348,0.00902748967665827,0.000157559417395584,0.999999987587515,0.000661158812804518,0.19388067100615,-0.291119633346501,0.00175763019178395
4.40061752538775,0.0091800812213,0.000160222642226667,0.999999987164352,0.000620307499398796,0.192636710469217,-0.289738226855379,0.00269683485299276
4.40318276651085,0.00926144558192136,0.0001616427181949,0.999999986935816,0.000553583822523023,0.191898328082968,-0.28784131815046,0.00287027737511435
4.40574800763396,0.0093314356258117,0.000162864274888322,0.999999986737614,0.000476195667728196,0.191165032319103,-0.285858415904858,0.00244510517728368
4.40953041411989,0.00944894009201851,0.000164915114681886,0.999999986401502,0.000542205029717292,0.190080630992407,-0.286696136633938,0.00266458761756919
4.41317991289668,0.0095413365417022,0.000166527736923876,0.999999986134256,0.000441874997846406,0.18904398586008,-0.284051371360993,0.00185422160074597
4.41682941167347,0.00959318860465383,0.000167432726133716,0.999999985983141,0.000247976305188327,0.188023936603102,-0.279503931736066,-0.00105579638311273
4.41993127604288,0.00969851703671597,0.000169271054043112,0.999999985673655,0.000592652584547309,0.187136897174318,-0.285969766290002,-0.000213614947824577
4.4229454676515,0.00982475705031456,0.000171474357896192,0.999999985298272,0.00073097671652861,0.186267971200883,-0.288278280302113,0.0019834961072164
4.42663353254445,0.00999580217184753,0.000174459658391759,0.999999984781914,0.000809449027302955,0.185200965665504,-0.289313113069192,0.00563129341804794
4.42964997256196,0.0100749354840542,0.000175840795216588,0.999999984540007,0.000457869819387803,0.184351598219686,-0.281579425046116,0.00550180986310927
4.43230099780568,0.0100999181182195,0.000176276824431837,0.99999998446324,0.000164475695974217,0.183622260036804,-0.275115517895902,0.00300531320219726
4.43638916577864,0.0101768833728585,0.000177620121513893,0.999999984225546,0.000328581680589782,0.182486252874188,-0.277876831414779,0.00135773872006711
4.4388743956609,0.0102478179325839,0.000178858163114887,0.999999984004879,0.000498159799822959,0.181788500620454,-0.280759642685803,0.0016068414337241
4.44135962554316,0.0103226067580738,0.000180163474342355,0.999999983770561,0.000525227568611513,0.181090462790921,-0.280874551893999,0.00215323005033568
4.44506138490116,0.0104143096904713,0.000181763992420219,0.999999983480925,0.000432366869178256,0.180059763384331,-0.278435010736616,0.00199453596226556
4.44895638978496,0.0105268793245667,0.000183728703140141,0.999999983121882,0.000504418046020818,0.178972178533615,-0.279225542242147,0.00276775958568337
4.45187174002806,0.0106098423098501,0.000185176680365987,0.999999982854798,0.000496673514238858,0.17816038464377,-0.278455013000942,0.00338171007467957
4.45478709027116,0.0106737458636189,0.00018629200776374,0.999999982647644,0.000382570642971625,0.177356909805509,-0.275601478814427,0.00301726239139303
4.45849373766074,0.0107601560174165,0.00018780014942828,0.999999982365552,0.000406874874358188,0.176335757872576,-0.275492062127763,0.00291252033723727
4.46137849569318,0.0108125599178471,0.000188714770015474,0.999999982193368,0.000317052797189137,0.175548058249273,-0.273055699799516,0.00206664975829959
4.46426325372563,0.0108802044618814,0.000189895390008729,0.99999998196987,0.000409261366509933,0.174756479680135,-0.27440033452876,0.00209242890889258
4.46801383622021,0.0109593475668307,0.000191276697745259,0.999999981706612,0.000368291529012357,0.173732769871803,-0.272946884866842,0.00172973612988755
4.47158454990776,0.0110601905184364,0.000193036739245714,0.999999981368409,0.000492910293839688,0.17275154222773,-0.274798746114594,0.00282193574931856
4.47515526359532,0.0112029282666345,0.000195527982871635,0.999999980884404,0.00069768788285179,0.171757827545644,-0.278295816757779,0.00626080120069346
4.47808606033316,0.0112375362797211,0.000196132006635987,0.999999980766118,0.00020609541703618,0.17097337167157,-0.267659597114136,0.00475842171213592
4.48094650282035,0.0112647151634057,0.000196606367634155,0.999999980672968,0.000165834834798132,0.170211680400189,-0.266284420955875,0.00294684459412642
4.48421713900436,0.0113129611218846,0.000197448418444049,0.999999980507061,0.000257457809081658,0.169336587159563,-0.267560557455138,0.00185148228964509
4.48748777518837,0.0113667591689642,0.000198387371478339,0.999999980321225,0.000287085753307437,0.168461593064626,-0.267530243570079,0.00110067255221944
4.49080400731938,0.0114397604433775,0.00019966148404977,0.999999980067646,0.000384204888659933,0.16756996800904,-0.268866900856666,0.00138461214066311
4.49483658603302,0.011577432964724,0.000202064322788315,0.999999979585005,0.000595856636075022,0.166471257255064,-0.272458600810209,0.00436589193135296
4.49712606272874,0.0116010977644903,0.000202477351452612,0.999999979501461,0.000180403091028838,0.165868280453489,-0.263368831271933,0.00333846477006751
4.49941553942446,0.0116348831017475,0.000203067016814525,0.999999979381893,0.000257554652178371,0.165262743469772,-0.264487070276684,0.00279467252988944
4.50291685205667,0.0117049921987491,0.000204290651367421,0.999999979132665,0.000349478811751667,0.164332152723523,-0.26578339154484,0.00298941858292971
4.50782434867297,0.0118202482940185,0.000206302249670474,0.999999978719691,0.000409903154851818,0.163025914134056,-0.266172081531235,0.00436835984048613
4.51002943090989,0.0118306422267739,0.000206483658015422,0.999999978682249,8.22682917552139e-05,0.162455283696094,-0.25877966291085,0.00270062416915383
4.51223451314682,0.0118692124383261,0.000207156835185802,0.999999978543023,0.00030528438962673,0.161875617561591,-0.262877331645541,0.00263129472903255
4.5160320704836,0.0119301186158064,0.000208219848494711,0.999999978322247,0.000279920284952773,0.160881606061626,-0.261750228321395,0.00229935384090137
4.52103354794389,0.0119106901895453,0.000207880758495313,0.999999978392795,-6.77979675864772e-05,0.15961240325031,-0.253765576550564,-0.00341873362493424
4.52390638056374,0.0120594878106363,0.000210477766845668,0.999999977849555,0.000903988763295722,0.158828815750006,-0.272757798310388,0.00196563218073308
4.52677921318359,0.0121396305145583,0.000211876520869368,0.99999997755417,0.000486890202103994,0.158071350062601,-0.263665095617069,0.00374478644163082
4.52959362008863,0.0121800285150422,0.000212581598973155,0.999999977404532,0.000250524584204426,0.157344504359438,-0.25825892548222,0.00347610453419631
4.53281516019994,0.0122272915813112,0.000213406495075425,0.999999977228834,0.00025605644892777,0.156514174511615,-0.257743135001202,0.0032604009701941
4.53735031096095,0.0122605484630206,0.000213986937146948,0.999999977104795,0.000127987384623811,0.155360786091993,-0.254321957615654,0.00135241831419849
4.53961480884738,0.0123118108416936,0.000214881634416625,0.999999976912941,0.000395097427826941,0.154774166275424,-0.259050723820422,0.00214919010547122
4.54187930673381,0.0123545475669834,0.000215627530967172,0.999999976752384,0.000329387177748344,0.154191660549762,-0.257233945393835,0.00259713160798997
4.54544650594078,0.0124033751127395,0.000216479732386395,0.999999976568262,0.000238899312784694,0.153282834364364,-0.254773039761998,0.00238276672672209
4.55038755883883,0.0124393158555037,0.000217107016668502,0.999999976432271,0.000126953568356994,0.152039724994264,-0.251587950129225,0.000411010545658896
4.55238616930985,0.0125033662148987,0.000218224906300548,0.999999976188945,0.000559333434271518,0.151520770506936,-0.259657644574559,0.00241045964437069
4.55438477978088,0.0125366435678697,0.000218805705662373,0.999999976062031,0.00029060158750876,0.151013615019139,-0.253754043196666,0.0027171852548457
4.55838625436634,0.0125977297163834,0.000219871860055655,0.999999975828182,0.000266440382453258,0.150002772512524,-0.252617500130199,0.00306512253952879
4.56197958172791,0.0126614335819082,0.000220983702228299,0.999999975583101,0.000309418566074763,0.149094828844663,-0.252674910048735,0.00392885424866504
4.56557290908949,0.0127154629818969,0.000221926693127855,0.999999975374271,0.000262428336689732,0.148193119380629,-0.250939971035483,0.00435953635268976
4.56868048612674,0.0127193646450262,0.000221994789994088,0.999999975359156,2.1913171288946e-05,0.147430794320723,-0.245311717382736,0.00246200502240392
4.57178806316398,0.0127388488137622,0.000222334852882153,0.999999975283606,0.000109430238536576,0.146665030911735,-0.246418157879541,0.00142507325071885
4.5748530482311,0.0127821547459971,0.000223090683966553,0.999999975115273,0.000246601887642027,0.145903262697865,-0.248538964200374,0.00173693804873627
4.57831522928703,0.0128356142252707,0.000224023727872961,0.999999974906684,0.000269495995342238,0.145043636838341,-0.248290267214585,0.00238443978427186
4.58120667350446,0.0128877483639344,0.000224933640222409,0.999999974702428,0.000314691311314319,0.144325075609981,-0.248512914076299,0.00340364825423778
4.58409811772188,0.0129191314994237,0.000225481379252408,0.999999974579074,0.000189434415019596,0.143615736828884,-0.245323349771925,0.00334379113517493
4.58768931396184,0.0129621506521622,0.000226232205089962,0.999999974409494,0.000209074026183691,0.142735867894687,-0.245007199664079,0.00353701850370583
4.59120841624972,0.0129792493373237,0.000226530633436145,0.999999974341936,8.48024096536381e-05,0.141885346553324,-0.241687018957006,0.00244286778496831
4.5947275185376,0.0129655087353539,0.000226290814696712,0.999999974396233,-6.81477052841977e-05,0.141048545553538,-0.237788200322379,-0.000273875270413199
4.59773332534949,0.0130174298693113,0.000227197009412343,0.999999974190759,0.000301481364451819,0.140313346630453,-0.244592872761483,0.000829507590433959
4.60075289311127,0.0130791734625266,0.000228274638378018,0.999999973945344,0.000356881871391406,0.139573406031725,-0.245048515914103,0.00252182174564422
4.60386805840232,0.0131306261714733,0.000229172657534718,0.999999973739946,0.000288273364746113,0.138816534594808,-0.242963491886696,0.00366854704514984
4.60698322369337,0.0131645450842256,0.000229764654225357,0.999999973604102,0.000190037012779339,0.138068077306346,-0.240262463957528,0.00392454641755467
4.61037387912566,0.0131921215848612,0.000230245954944894,0.9999999734934,0.000141949172329311,0.137259234111451,-0.238550690580782,0.00375075399019198
4.61361912699633,0.013196030652226,0.000230314181039284,0.999999973477689,2.10233852445555e-05,0.136495502614233,-0.235338417173044,0.00241118887139206
4.616864374867,0.0132030760005548,0.000230437145561308,0.999999973449361,3.78906420055649e-05,0.13573303596169,-0.234948664302004,0.00126367583578607
4.62001682291671,0.0132358388849575,0.000231008965751365,0.999999973317429,0.000181389255670928,0.134985438701166,-0.237148161916517,0.00157215339869474
4.62351473823469,0.0132854351998001,0.00023187458471904,0.999999973117088,0.000247467108882811,0.134153844732511,-0.237739880202048,0.00266736948867771
4.6262871396622,0.0133244876210396,0.00023255617803217,0.999999972958812,0.000245849437511089,0.133496802702469,-0.236993829077011,0.00360943900662
4.6290595410897,0.0133405101155633,0.000232835823308419,0.999999972893739,0.000100867529877378,0.132849702040392,-0.233407996279786,0.0033308628928248
4.63264515258064,0.0133693327211501,0.000233338872661247,0.999999972776485,0.00014029667401623,0.132012512355585,-0.233485888508188,0.00344526763961561
4.63617647596736,0.0133763946637839,0.000233462126808438,0.999999972747717,3.49031048843615e-05,0.131198455220412,-0.230524663425952,0.00246702670268192
4.63970779935409,0.0133571713062561,0.000233126615935419,0.99999997282599,-9.50099567234286e-05,0.130396602909163,-0.227068501928413,0.000106510202726756
4.64280714355557,0.0133926362605382,0.000233745596139845,0.999999972681498,0.000199713288054657,0.129676584542659,-0.232313134552663,0.000851127264741652
4.64594510446403,0.0134469952377716,0.000234694339244563,0.999999972459283,0.000302343833596972,0.128943282485894,-0.23368744167226,0.00265527294996634
4.64890057368297,0.0134858677233372,0.000235372792087377,0.999999972299824,0.000229558425851857,0.12825908295209,-0.231502845443098,0.00375858715567287
4.65185604290191,0.0135016695310322,0.000235648585651773,0.999999972234872,9.33163405247696e-05,0.127585102017626,-0.228045323614134,0.00365458785072446
4.65531749457494,0.0135203662529611,0.000235974904999688,0.999999972157922,9.4272400082886e-05,0.126798230783051,-0.227324056176789,0.003582043731225
4.65860651618539,0.0135179206926581,0.000235932221921534,0.999999972167993,-1.29774396150345e-05,0.12606031138996,-0.224358329160441,0.00246133450978316
4.66189553779583,0.0135156227295963,0.000235892114901132,0.999999972177455,-1.21942103972426e-05,0.125324843960391,-0.223612829795391,0.00137008172306041
4.66513300040861,0.0135354838034673,0.000236238756023505,0.999999972095625,0.000107071856417126,0.124595487108662,-0.225286571294471,0.00150953615975762
4.66870724970754,0.0135788957609955,0.000236996437595898,0.999999971916344,0.000211983420918495,0.123785441639413,-0.226633735227019,0.0028462185261613
4.67136494202441,0.0136057644627351,0.000237465384893793,0.999999971805095,0.000176449060004256,0.123186968197324,-0.225185375406843,0.00364969230249299
4.67402263434128,0.0136107062459064,0.00023755163527862,0.99999997178461,3.24531123156297e-05,0.12259793587229,-0.22163300141855,0.00327344526983038
4.67762401479265,0.0136288993332919,0.000237869164545629,0.99999997170913,8.81687675786345e-05,0.121798287079772,-0.22203952159859,0.00341161115351066
4.6813622390277,0.0136276100096177,0.000237846661603027,0.999999971714482,-6.01968791164564e-06,0.120978626282703,-0.21926474858961,0.00253257710546935
4.68433454154485,0.0136278279069147,0.000237850464628183,0.999999971713578,1.27948795331394e-06,0.12032879018272,-0.218630538524248,0.00189702045946591
4.68730684406201,0.0136461619895107,0.000238170454725751,0.999999971637417,0.000107657314416787,0.119674574948833,-0.220103852185636,0.00227047520993416
4.69100119434883,0.0136644647355082,0.000238489897896491,0.999999971561284,8.64680268549876e-05,0.118865908300807,-0.218892791760989,0.00252875354728748
4.69387381689726,0.0136909745124483,0.000238952580774883,0.999999971450832,0.000161066371852094,0.118234952553279,-0.219644501458877,0.00345293213469355
4.69674643944568,0.013698502695319,0.000239083972348914,0.999999971419427,4.57392419539687e-05,0.117612679686576,-0.216621869463679,0.00338152117186036
4.70041720984747,0.0137139912311007,0.000239354298286883,0.999999971354759,7.36428368202391e-05,0.116818237678497,-0.216423780602408,0.00364343853590916
4.70393540015106,0.0137031589843886,0.000239165239921781,0.999999971399994,-5.37373917266756e-05,0.116068914928326,-0.212985280928493,0.00256317823976436
4.70745359045466,0.0136618352426637,0.000238444004590003,0.999999971572228,-0.000205001802093188,0.115333340679731,-0.209077447528784,-0.000135827605625832
4.71046475321028,0.0136889933159004,0.00023891800237298,0.999999971459094,0.000157413542523897,0.114683845830712,-0.215695696888596,0.000905038089305206
4.71348153950046,0.0137271048741977,0.000239583174529296,0.999999971299951,0.000220490320284554,0.114031396964708,-0.216272815918661,0.00259110476684245
4.7165969726878,0.0137544403923158,0.000240060269309475,0.999999971185533,0.000153139151190562,0.113364134448651,-0.214179690570797,0.00373347113779926
4.71971240587513,0.0137646321660914,0.000240238149313349,0.999999971142815,5.70963966507692e-05,0.112705251410666,-0.211490023494358,0.00399449886412307
4.72310265308326,0.0137666557006683,0.000240273466653224,0.99999997113433,1.0417334998452e-05,0.1119940670574,-0.209773597500981,0.00382774903454348
4.72636389851299,0.0137459946238171,0.000239912862845557,0.999999971220909,-0.000110572425728599,0.11132053656875,-0.206525544661662,0.00247591762698311
4.72962514394272,0.013727112793481,0.000239583312746859,0.999999971299918,-0.000101050385587162,0.110648877174029,-0.205951808655284,0.00123036937036586
4.73275774250717,0.013737704703407,0.000239768176443833,0.99999997125561,5.9012892485344e-05,0.109995854128327,-0.208460494463675,0.00159477215361964
4.73621129638712,0.0137619341643917,0.000240191060301822,0.999999971154127,0.000122448898979415,0.109274139452385,-0.208977389966886,0.00270150093422294
4.73901829129367,0.0137814552577904,0.000240531767645378,0.999999971072234,0.00012137797350544,0.10868967270819,-0.208217956801518,0.00366551888422736
4.74182528620023,0.0137780973504492,0.000240473161107992,0.999999971086329,-2.08787479249757e-05,0.108115199246234,-0.204657821292904,0.00341164435769944
4.74539782196613,0.0137810515982545,0.000240524722457622,0.999999971073929,1.44327039670559e-05,0.107384166944238,-0.204625607663248,0.00350414417967226
4.74887481083625,0.0137627480463687,0.000240205265221635,0.999999971150715,-9.18775576076549e-05,0.106683106577311,-0.20162859103515,0.00249345515695482
4.75235179970637,0.0137255641544244,0.000239556283897172,0.999999971306393,-0.00018665039417045,0.105991610273205,-0.198877917052989,0.000482633969312078
4.75548392833301,0.0137361025431943,0.000239740213473781,0.999999971262315,5.87235084555757e-05,0.105355478334821,-0.203098919046316,0.00103630880427544
4.75871631953406,0.0137667165488921,0.000240274528655042,0.999999971134075,0.000165300288058104,0.104694388101326,-0.204520490366272,0.00270955490702539
4.76159930435847,0.0137844511605368,0.000240584056010859,0.999999971059656,0.000107363508174636,0.104110240030399,-0.202619197291906,0.00375183494507292
4.76448228918288,0.0137785459141379,0.000240480990021038,0.999999971084446,-3.57497521073845e-05,0.103536457920759,-0.19902363161342,0.00353993941838634
4.76798515005928,0.013775464732342,0.000240427213255402,0.999999971097377,-1.53522418071077e-05,0.102840485328879,-0.198686906627713,0.00352792533342799
4.77133706286137,0.0137525160472207,0.000240026683152588,0.999999971193595,-0.000119492999377001,0.102184323537172,-0.195757416869437,0.00246828178809289
4.77468897566345,0.0137246742668889,0.00023954075243015,0.999999971310114,-0.000144971174699161,0.101532548166748,-0.194448784592214,0.00115619364408439
4.77791056514938,0.0137249607546019,0.000239545752583865,0.999999971308916,1.55207666288087e-06,0.100898988773955,-0.196660498042447,0.00135757678904248
4.78139596073487,0.0137481177619554,0.000239949918595478,0.999999971212018,0.000115959871215524,0.100208175301701,-0.198202314575555,0.0028242707025917
4.78409521845164,0.0137590733460028,0.000240141129603075,0.999999971166118,7.08383686071167e-05,0.0996776225957059,-0.196555039075683,0.00367103811362433
4.78679447616841,0.0137474454541515,0.000239938184611051,0.999999971214833,-7.51854839979769e-05,0.0991568153646391,-0.192944611339256,0.00329975483488164
4.79037783958228,0.0137427925258397,0.000239856975694487,0.999999971234315,-2.26627638677154e-05,0.0984642367850539,-0.193276120670282,0.00340563783025826
4.79400995279371,0.0137180863323346,0.000239425771284571,0.99999997133765,-0.000118719983986485,0.097772425496447,-0.19047073930129,0.00247976538635824
4.79764206600514,0.0136529161097928,0.000238288336359405,0.999999971609334,-0.000313160656455728,0.0970981040841639,-0.185655394815678,-0.000604841723817522
4.80069370734666,0.0136677908080472,0.000238547948811807,0.999999971547438,8.50730576519575e-05,0.0965091819112233,-0.192985382956762,0.000520847879446396
4.8036844074038,0.0136995447518572,0.000239102159665979,0.999999971415078,0.000185311418527321,0.0959280326962834,-0.194318789526556,0.00260258799556533
4.8074278980752,0.013757317570479,0.000240110485540142,0.999999971173477,0.000269354458610094,0.0951971477533524,-0.195241555833121,0.00618530369974461
4.81049685408718,0.0137525416893279,0.000240027130691774,0.999999971193488,-2.71606534745457e-05,0.0946189534220398,-0.18840098360995,0.00643124702829128
4.81313830535984,0.0136926067686494,0.000238981069019015,0.999999971444024,-0.000396017792790731,0.094142921262901,-0.180216142567823,0.00362389006453145
4.81714429397009,0.0136486137772249,0.000238213246492711,0.999999971627224,-0.000191668679784465,0.0934074141232589,-0.183601904848039,0.00195620803733634
4.8196562250662,0.0136446680886271,0.000238144381237374,0.999999971643626,-2.74152652502208e-05,0.0929397262434482,-0.186186587894337,0.00210228902487535
4.82216815616231,0.0136468801454992,0.000238182988911938,0.999999971634431,1.53697192247142e-05,0.0924713238916242,-0.186471019268455,0.00263978015130692
4.82586872474956,0.0136316513554824,0.000237917196392581,0.999999971697703,-7.18247806038227e-05,0.091790535644232,-0.183968552761846,0.0024735251124228
4.82965704317299,0.0136336953538522,0.000237952870893031,0.999999971689215,9.41697541559725e-06,0.0910906442536088,-0.184749884353507,0.00326673602741194
4.83265972097057,0.013634757451031,0.000237971407985251,0.999999971684804,6.17352043551179e-06,0.09053847649268,-0.183891778656636,0.00392230019175093
4.83566239876814,0.0136169279880509,0.000237660225161186,0.999999971758808,-0.000103635106342473,0.0899951283169947,-0.180954538686826,0.00357805517282089
4.83936139351748,0.0135965658052396,0.000237304838038257,0.999999971843207,-9.60766794853871e-05,0.0893280945927346,-0.180328378238065,0.00327374174957026
4.84221068394063,0.0135680313525562,0.00023680681790267,0.999999971961265,-0.000174787429717626,0.0888210263918127,-0.177962975203537,0.0023326982442196
4.84505997436378,0.0135584870296767,0.000236640238048218,0.999999972000698,-5.8463629318529e-05,0.088309091352205,-0.179671063170397,0.00243311086106796
4.84872245729112,0.0135387492556742,0.000236295748914491,0.999999972082159,-9.4058907629655e-05,0.0876564742905274,-0.178189789447126,0.00218710268147334
4.85226105391281,0.0135433289235666,0.000236375679195628,0.999999972063269,2.25881308086128e-05,0.0870204768134126,-0.179731556068673,0.00323736059352239
4.85579965053449,0.0135795839061947,0.000237008447995018,0.999999971913497,0.000178819143509355,0.0863761154384698,-0.182095176091572,0.00603344136775433
4.85881079658477,0.0135447404790119,0.000236400315485035,0.999999972057445,-0.000201960488420362,0.085853445930593,-0.173578265268065,0.00494384890800458
4.86181197661465,0.0134978475330097,0.000235581879204128,0.999999972250589,-0.000272704834614675,0.085338918001272,-0.171441874262293,0.00319098651081876
4.8649335102592,0.0134614764186291,0.000234947083523134,0.999999972399934,-0.000203360197533254,0.0848015522886094,-0.17214798040122,0.00203547400747513
4.86805504390374,0.0134412692329029,0.000234594401609369,0.999999972482733,-0.00011298354067126,0.0842606856138134,-0.17326953234722,0.00175636269906799
4.87143707036049,0.0134280914182653,0.000234364405362048,0.999999972536662,-6.8005456664851e-05,0.0836741176297769,-0.173436840763346,0.00193970629131193
4.87469215836265,0.0134367562936829,0.000234515635963205,0.999999972501208,4.64597593713956e-05,0.0831044590596934,-0.175005581939996,0.00329281691901716
4.8779472463648,0.0134420785072816,0.000234608526111441,0.999999972479419,2.85369092109733e-05,0.0825384245063945,-0.173892242828359,0.00450633837059561
4.88108315529305,0.0134182444904946,0.00023419254405596,0.999999972576926,-0.000132651195052826,0.0820057142172944,-0.169874285666086,0.00414905969660936
4.88454849287671,0.0133783027443791,0.000233495429096309,0.999999972739942,-0.000201167984902123,0.0814245024881007,-0.167721532220768,0.00304695237081521
4.88734793036678,0.0133453265932529,0.000232919886700171,0.999999972874163,-0.000205592164079624,0.0809572361936236,-0.166914351949298,0.00208453569671335
4.89014736785685,0.0133345471453767,0.000232731749848285,0.999999972917966,-6.72052359280676e-05,0.0804838678815157,-0.169094081860223,0.0023400166947092
4.89372349717887,0.0133123256064745,0.000232343910840066,0.999999973008153,-0.000108452179376161,0.0798847744652146,-0.167525657590608,0.00223690310228629
4.89721150579019,0.0133107822602792,0.000232316974368188,0.999999973014411,-7.72259349311963e-06,0.0792960936010023,-0.1687727668736,0.00323529304162653
4.90069951440152,0.0133284851921127,0.000232625948807589,0.999999972942584,8.85819050869399e-05,0.0787033380929812,-0.16994095315492,0.00530708060529399
4.90382525412726,0.0132978611933439,0.000232091459213376,0.999999973066777,-0.000170996197873055,0.0781910298706041,-0.163899834064259,0.00471324393031655
4.90703851739905,0.0132459940331869,0.000231186206519265,0.999999973276469,-0.000281723793486198,0.0776739381632248,-0.160924164515144,0.00300890488059294
4.90993568805579,0.0132085582250543,0.000230532828426616,0.999999973427307,-0.000225522824670128,0.0772064017211397,-0.161376907845386,0.00194884303572738
4.91283285871253,0.0131940093211352,0.000230278902157411,0.999999973485813,-8.76462956556539e-05,0.0767326256910371,-0.163530591130466,0.00213672733131921
4.91632785357729,0.0131721580492977,0.000229897525528195,0.999999973573564,-0.000109120801050769,0.0761651410231413,-0.162370672877811,0.00215337796656832
4.91966553046445,0.0131703960966248,0.0002298667736536,0.999999973580633,-9.21355674834648e-06,0.0756189784649018,-0.163635539539414,0.00321754262102093
4.92300320735162,0.013171429228117,0.000229884805199269,0.999999973576488,5.40242412766294e-06,0.0750743314885284,-0.163181456679603,0.00446714947597165
4.92623017762924,0.013145833078571,0.00022943806812564,0.999999973679086,-0.000138438549778213,0.0745595901389954,-0.159512268552082,0.00427885856703547
4.92973800131,0.0130943781778461,0.000228540010715249,0.999999973884731,-0.000256015557127587,0.0740111053144656,-0.156360431551234,0.00283200218016243
4.93242508348461,0.0130610004369203,0.00022795745925439,0.999999974017698,-0.000216797045336913,0.0735906698223479,-0.156465439013979,0.00199342831351348
4.93511216565923,0.0130494636510764,0.000227756104361544,0.999999974063578,-7.49344028164569e-05,0.0731640828575944,-0.158754714978025,0.00236254558985629
4.93870033487096,0.0130221574995509,0.000227279522123711,0.999999974172009,-0.000132820450220047,0.0726011919401172,-0.156874128354161,0.00224042750362066
4.94236085019903,0.013013332660757,0.000227125499634775,0.999999974207003,-4.20767239329585e-05,0.0720231422670526,-0.157914834731354,0.00314654837609879
4.94602136552711,0.0130493265899732,0.000227753712194079,0.999999974064123,0.000171618616300859,0.0714321359812832,-0.161454394477345,0.00649427737020213
4.94905218184671,0.0130021460045211,0.000226930255656202,0.999999974251329,-0.000271694643397266,0.0709724283628652,-0.15167782205901,0.0051962234886555
4.95199217638524,0.0129399344653942,0.000225844459493528,0.99999997449714,-0.000369319118205219,0.0705342909659581,-0.149026602316791,0.00302627151858816
4.95576289353995,0.0128470691321015,0.000224223653707647,0.999999974861876,-0.000429840202916475,0.0699798045411368,-0.14705065431093,-0.000418039142885566
4.95887944437889,0.0128118048357764,0.000223608175643805,0.999999974999692,-0.000197486937026881,0.0695091287912377,-0.151024569860243,-0.00110772973966054
4.96152063359109,0.012847807224808,0.000224236535855236,0.999999974858988,0.00023790806969909,0.069088489003114,-0.159261512268956,0.00189026525384137
4.96538897876057,0.0128472974974425,0.000224227639434646,0.999999974860983,-2.29980015340707e-06,0.0684941155389371,-0.153650576186092,0.00340915987890218
4.96798035456522,0.0128279723823341,0.000223890352556142,0.999999974936555,-0.000130157457812601,0.0681045397306625,-0.150335511960852,0.00349940996699693
4.97057173036986,0.0127975122269279,0.000223358722566929,0.99999997505544,-0.000205153571918308,0.067720396378418,-0.148239152173799,0.00296236478615559
4.97427956724931,0.0127703474689867,0.000222884608112148,0.999999975161225,-0.000127868210495012,0.0671674669315704,-0.149124534014002,0.00308247637690186
4.97778958895985,0.0127264195694408,0.000222117921650565,0.999999975331814,-0.000218427845691017,0.066653280859208,-0.146490852412383,0.002235808448228
4.98129961067038,0.0126650880298111,0.000221047484374989,0.999999975569005,-0.000304966005948543,0.0661479694645333,-0.143962469849678,0.000452044673447595
4.98454624219444,0.012642498294531,0.000220653219126812,0.999999975656078,-0.000121438252192081,0.0656708203821447,-0.146967427271436,0.000619358810631333
4.9878888098798,0.012651654674124,0.000220813028094379,0.999999975620803,4.78102424554182e-05,0.0651704342413107,-0.149701124385715,0.00254815578066372
4.99061412240994,0.012645125897183,0.000220699079443406,0.999999975645958,-4.18112243969212e-05,0.0647692199564451,-0.147217715557081,0.00344002190025536
4.99333943494007,0.0126150808738639,0.000220174694875391,0.999999975761552,-0.00019241264073672,0.0643779743912643,-0.143559889317165,0.00305526564806353
4.99688638958022,0.0125863516773784,0.000219673275817393,0.999999975871826,-0.000141366079072181,0.0638674844086603,-0.143923459529528,0.00311574718453334
5,0.0125477248934471,0.000218999111274551,0.999999976019694,-0.000216521808500598,0.0634263634213707,-0.141675074211787,0.00245219668534753
5.00400780902965,0.0124683607818219,0.000217613946251778,0.999999976322085,-0.000345616531509307,0.0628721643964973,-0.138279798456778,2.9586978741003e-05
5.0076232135946,0.0123928490642204,0.000216296018186813,0.999999976608016,-0.000364531291673623,0.0623765725535379,-0.137077838470537,-0.00242321446335666
5.01072105260874,0.0124506555481687,0.000217304931637002,0.999999976389283,0.00032568299039829,0.0619105813734996,-0.150424595309922,0.00208563341627695
5.01381174718443,0.0124822061175092,0.000217855592939837,0.99999997626947,0.000178167496782435,0.0614569947425906,-0.146758801234091,0.00525071283376571
5.0164042649946,0.0124282099207756,0.000216913181545549,0.999999976474336,-0.000363512031763841,0.0611067028519854,-0.135116483764279,0.00361176190260973
5.01924751494041,0.0123903132361545,0.000216251759638834,0.999999976617588,-0.000232628834901519,0.060716591069046,-0.137206292226983,0.00292726377638122
5.02365785019034,0.0123339125028527,0.000215267381165091,0.999999976829977,-0.000223198110998366,0.0601140071564275,-0.136629956334339,0.00205118437537611
5.02618766827678,0.0123098235054386,0.000214846948856432,0.999999976920394,-0.000166190731513964,0.0597672747864214,-0.137058222433218,0.00192155436342471
5.02871748636321,0.0122951193314464,0.000214590312612398,0.999999976975499,-0.000101444547070809,0.0594185547837869,-0.137843904470624,0.00233936576348003
5.03250511446609,0.0122568596424773,0.000213922555084426,0.99999997711857,-0.00017629965909025,0.0589047484071914,-0.135653861107573,0.0021115313668677
5.03630762291464,0.0122371935412082,0.000213579316874091,0.999999977191937,-9.02662605015777e-05,0.0583852866764736,-0.136610276544093,0.00288636404867708
5.03927693705111,0.0122219181948864,0.000213312711792467,0.999999977248843,-8.97867572930605e-05,0.0579817240565682,-0.135911056007598,0.00354207112774953
5.04224625118758,0.0121878439677317,0.000212718004352037,0.999999977375525,-0.000200284451758885,0.0575866885242842,-0.133039319562905,0.00319011756528702
5.04592897692041,0.0121492480947558,0.000212044379306118,0.99999997751859,-0.000182914805494722,0.0570979899273168,-0.132700242271848,0.00296646475811013
5.04880338015996,0.0121056187826915,0.000211282904177274,0.999999977679767,-0.000264915908605036,0.0567233173915911,-0.130347938163539,0.00204381528775061
5.0516777833995,0.0120797678281174,0.000210831719915221,0.999999977774993,-0.00015696624116425,0.0563440353930182,-0.131951562451152,0.00208543609645835
5.05536868256973,0.0120396346292833,0.000210131263471724,0.999999977922426,-0.000189779353676956,0.0558619894388855,-0.130603934678338,0.00177700614484909
5.05892526739507,0.0120263571761247,0.000209899528202939,0.999999977971094,-6.51566840877461e-05,0.0553911127546671,-0.132395741235597,0.00284433422166516
5.06248185222041,0.012051020445569,0.000210329983449546,0.999999977880649,0.000121030504612674,0.0549093452196741,-0.13545790657383,0.00597915532713517
5.06544643831371,0.0119970270875209,0.000209387621598149,0.999999978078412,-0.000317872998958837,0.0545362654124409,-0.125845495962146,0.0046415573640483
5.06836835843712,0.0119355576845432,0.000208314778150351,0.999999978302476,-0.000367170704838731,0.0541732498823507,-0.124238690572443,0.00285018230794514
5.07157740037262,0.0118833414270136,0.000207403432553079,0.999999978491908,-0.000283993053153647,0.0537711320881555,-0.125307740527467,0.00170161080203672
5.07478644230812,0.0118424078113058,0.000206689006199544,0.999999978639827,-0.000222629178180813,0.0533670987857973,-0.125904650197535,0.00115220069559171
5.0781262105183,0.0118150335254372,0.000206211234790936,0.999999978738463,-0.000143055262737441,0.0529434122487751,-0.12686106051644,0.00139978076446845
5.08138874488241,0.0118114443601576,0.00020614859204074,0.999999978751379,-1.92006411386475e-05,0.052523471554036,-0.128716098551629,0.00290335111302045
5.08465127924652,0.0118062584899515,0.000206058081532985,0.999999978770033,-2.774239274625e-05,0.0521062490349792,-0.127882950029995,0.00435220677544587
5.08770581364083,0.0117650373203068,0.000205338636416382,0.999999978918022,-0.00023553348528802,0.0517305031036232,-0.123012506277968,0.00377491235932124
5.09104895056874,0.0117121521404244,0.000204415615921297,0.999999979107128,-0.000276094139833336,0.0513241672194858,-0.121543296879261,0.00272651114972366
5.0939763738881,0.0116642652607685,0.000203579832220186,0.999999979277626,-0.000285501489645752,0.0509707588375048,-0.120723360930946,0.00169508479008745
5.09690379720747,0.0116372207710569,0.000203107816839956,0.999999979373607,-0.000161239198603745,0.0506116510433403,-0.122670264935487,0.00179065602890703
5.10043550061172,0.0116011934073394,0.000202479020735202,0.999999979501123,-0.000178043296876595,0.0501818990482463,-0.121684056077819,0.00173211697153665
5.1037886305111,0.0115885641043746,0.000202258597820747,0.99999997954573,-6.57364687867808e-05,0.0497684977683891,-0.123288179182742,0.00284584486983237
5.10714176041047,0.0115813405185781,0.000202132522467376,0.999999979571221,-3.75993056433048e-05,0.0493554025465542,-0.123196903857456,0.00427642446623706
5.1103150293829,0.0115428156862485,0.000201460137313135,0.999999979706906,-0.000211890379849254,0.04897778189673,-0.119000517480798,0.00395224936050657
5.11372353482162,0.0114819604659377,0.000200398013373125,0.999999979920318,-0.000311609877274935,0.0485813042390487,-0.116320089496561,0.00256509899404965
5.11650362398051,0.0114364751863739,0.000199604145499425,0.999999980079092,-0.000285554830872517,0.0482581382316778,-0.116243037147601,0.00160858647643575
5.1192837131394,0.011413912085392,0.000199210345105661,0.999999980157619,-0.000141650277773891,0.0479283351050772,-0.118630413541082,0.00190225495778277
5.12284547444793,0.0113761647587931,0.000198551529985714,0.999999980288645,-0.00018496891731631,0.0475111533738082,-0.11712793057495,0.00181570405063608
5.12634640963332,0.0113587885128464,0.000198248257288276,0.999999980348814,-8.66261976718032e-05,0.0470964899466787,-0.118443617253766,0.00279342508890458
5.12984734481872,0.01136190327997,0.000198302620228947,0.999999980338035,1.55281200194983e-05,0.0466769202576156,-0.11984503192551,0.00489727458097498
5.13297780356916,0.0113177986489827,0.000197532849217918,0.999999980490387,-0.000245897195098972,0.0463204365044257,-0.113875882613117,0.00429561275125775
5.13618876986896,0.0112515788034364,0.000196377094905389,0.999999980718018,-0.000359939727494714,0.0459642122607858,-0.110939888612881,0.00254073596069052
5.13907901822277,0.0112023679309256,0.000195518203168785,0.999999980886316,-0.000297168840857922,0.0456415690705039,-0.111631649182296,0.0014843155501858
5.14196926657657,0.0111763752982508,0.000195064546156,0.999999980974911,-0.000156961259345822,0.0453122725720228,-0.113933634127817,0.00168500475321526
5.14546523061885,0.0111405457867727,0.000194439203223185,0.999999981096698,-0.000178875679816127,0.0449176630217489,-0.112875746289773,0.00170087581346836
5.14880231999129,0.0111254814021175,0.000194176280116129,0.999999981147786,-7.87881541893549e-05,0.0445363570375876,-0.114263042311679,0.00275354924497415
5.15213940936373,0.0111132813535107,0.000193963349103045,0.999999981189109,-6.38074061941146e-05,0.0441561513538708,-0.113933323709123,0.00398314803921318
5.15537350494887,0.0110756646192224,0.000193306813248176,0.999999981316238,-0.000203004472160741,0.0437988687084754,-0.110473743273966,0.00380997129392351
5.15889225731032,0.0110107391499569,0.000192173650062138,0.999999981534644,-0.000322035508806478,0.0434209198492723,-0.107409905665157,0.00234826074854588
5.16156839560562,0.0109679172399284,0.000191426266753894,0.999999981677992,-0.00027927679346958,0.0431327065813321,-0.107697449136697,0.00152356984162667
5.16424453390091,0.0109468909918482,0.000191059289502266,0.999999981748174,-0.000137129407319734,0.0428380882466378,-0.11009084814949,0.00189775888622135
5.16783469756572,0.0109067107948241,0.000190358012782847,0.999999981881913,-0.000195332803082567,0.042449210272199,-0.10831761745325,0.00176944124155826
5.17151879727437,0.0108846895195443,0.000189973669030677,0.999999981955002,-0.000104325015475955,0.0420458287608662,-0.109492560797287,0.00266339146675709
5.17520289698302,0.0109123066517924,0.000190455678909644,0.999999981863317,0.000130835190631679,0.0416273206628051,-0.113598472125595,0.00624320367842376
5.17821757144205,0.0108524150765647,0.000189410373746569,0.999999982061855,-0.000346738991600244,0.041316068625609,-0.10324565435686,0.00480047416921546
5.18111787375093,0.0107796271730718,0.00018813998519763,0.999999982301673,-0.000438019363598342,0.0410236056336376,-0.100838795692665,0.00255780292227559
5.18490984510148,0.010676446619664,0.000186339144848203,0.999999982638861,-0.000474908751810773,0.0406464173938243,-0.099470224045318,-0.000773272844907739
5.18806412324116,0.0106242018907174,0.000185427302327026,0.999999982808358,-0.000289081208616192,0.0403227293822722,-0.102618728348769,-0.00182207944681905
5.1907044941985,0.0106550987688621,0.00018596655456994,0.99999998270822,0.000204233519048668,0.0400266380383915,-0.112140054812144,0.00134120083027921
5.19446528446306,0.0106421324039481,0.000185740248814084,0.99999998275028,-6.01750546680855e-05,0.03962736241537,-0.106168011224718,0.00277106395720769
5.19712322089967,0.0106177142419829,0.000185314071497842,0.999999982829347,-0.00016034142792387,0.0393521525879898,-0.103542667006473,0.00303614103764042
5.19978115733628,0.0105791710437844,0.000184641365796538,0.999999982953783,-0.0002530932280949,0.0390832479094636,-0.101170470001616,0.00251409256535155
5.203483250896,0.0105405864310819,0.00018396793727571,0.999999983077899,-0.000181904784793325,0.0387054648440361,-0.102045790937818,0.0025954854596204
5.20679731629388,0.0104891987586489,0.00018307105321192,0.999999983242495,-0.000270629565568321,0.0383753661065972,-0.0996053782313286,0.001761784740111
5.21011138169176,0.0104378843370033,0.000182175447615383,0.999999983406053,-0.000270243795443958,0.038047214492313,-0.09901784511988,0.00092087508383483
5.2135487126995,0.0103954523996331,0.000181434870612513,0.999999983540694,-0.000215451178091529,0.0377050970455957,-0.0995299684395499,0.000615723966883919
5.21735250650855,0.0103900811891871,0.000181341125306954,0.999999983557698,-2.46452125974963e-05,0.0373141729700463,-0.102772152007659,0.00246506626471264
5.21976693504717,0.0103680789216263,0.000180957113301415,0.999999983627261,-0.000159048820744929,0.0370739845915695,-0.0994804255479709,0.00276672105478215
5.22218136358579,0.010333449977095,0.000180352724212715,0.999999983736447,-0.000250323871216707,0.0368393196727541,-0.0971927373546691,0.0023292978745997
5.22574386624003,0.0102980493300133,0.000179734866373818,0.999999983847689,-0.000173433652933824,0.0364893701373707,-0.0982313753413992,0.00251202118864818
5.2307479045614,0.0102546151289468,0.000178976796569426,0.999999983983653,-0.000151491608956474,0.0359993531255935,-0.0979243123866732,0.0032198216560753
5.23290656077523,0.0102112667223398,0.000178220224160707,0.999999984118776,-0.000350483053270117,0.0357980760257933,-0.0932418504208032,0.0020549457873571
5.23506521698907,0.0101880360013845,0.00017781477159885,0.999999984190953,-0.000187826373501626,0.03559045927957,-0.0961786989946643,0.00205542103882522
5.23866237151721,0.0101431315774361,0.000177031041564575,0.999999984330005,-0.000217875001054094,0.0352484966765687,-0.0950647519660331,0.0017514346521371
5.24348217602946,0.0100183240565203,0.000174852739427057,0.99999998471326,-0.000451948240991846,0.0348168136428006,-0.0895644279081092,-0.00216006996691211
5.24648453102944,0.010055615211082,0.000175503592846043,0.999999984599244,0.000216780969930527,0.0345090287232728,-0.102514499294604,0.00158790022993446
5.24948688602942,0.0100577058384011,0.000175540081175631,0.99999998459284,1.215323642628e-05,0.0342153153297692,-0.0978276697810125,0.00348617573530549
5.25230835621076,0.0100174098924371,0.000174836784254146,0.999999984716049,-0.00024926612265027,0.0339557376062291,-0.092000874315978,0.00300615543953053
5.25543257239391,0.00997442732759064,0.00017408659698804,0.999999984846928,-0.000240120156079402,0.0336693141006132,-0.0916785167303757,0.00254593189599352
5.25913874370702,0.00991386170578435,0.000173029527489923,0.999999985030391,-0.000285218740509366,0.0333351020865038,-0.0901771628653759,0.00149676072235552
5.26208108557223,0.00987218754901014,0.000172302176252064,0.99999998515598,-0.000247201474887314,0.0330691524553116,-0.0903870601634914,0.000968850715883492
5.26502342743744,0.00984839583947366,0.000171886932592123,0.999999985227441,-0.000141126927159549,0.0327983089927334,-0.09205030380082,0.00141115232576026
5.26876997466676,0.00981262141330223,0.00017126255107661,0.999999985334569,-0.000166655185824367,0.0324575009312608,-0.0909659055689545,0.00167342124556415
5.27164176847837,0.00979740249474251,0.00017099693084304,0.999999985380025,-9.24927954043048e-05,0.0321935235667673,-0.0919207233565976,0.00256443362268712
5.27451356228997,0.00976358632845884,0.000170406727409587,0.999999985480774,-0.000205517345871891,0.0319375415523376,-0.0891366272172579,0.00245292130347612
5.27818169366802,0.00972711038257944,0.000169770102065421,0.999999985589056,-0.000173555766618244,0.0316101898699896,-0.0892420823055914,0.00267077054711984
5.28163053018201,0.00966863225554664,0.000168749466222919,0.999999985761809,-0.000295936282564277,0.0313130496789048,-0.0861566472865406,0.00158001373850684
5.285079366696,0.00959239104595616,0.000167418806108659,0.999999985985472,-0.000385828707060936,0.0310241966128954,-0.0837537716959797,-0.000485080653919716
5.28816952466432,0.00957055245810366,0.000167037650851977,0.999999986049211,-0.000123344911787655,0.0307505233006882,-0.0885628874035204,0.00013280695233411
5.29135288561408,0.00956427573228072,0.000166928101321649,0.999999986067504,-3.44131669590902e-05,0.0304644685503319,-0.0898593514435186,0.00165730097002416
5.29431297380153,0.00955169674514294,0.000166708556582583,0.999999986104128,-7.41683112858236e-05,0.0302023643873381,-0.0885460656561107,0.00274446976760823
5.29727306198898,0.00951743931766325,0.000166110651688078,0.999999986203626,-0.000201988881722754,0.0299494001299071,-0.0854583517151571,0.00266712911565845
5.3,0.00947724588016239,0.000165409143875631,0.999999986319907,-0.000257251107011008,0.0297206925932441,-0.0838697233816598,0.00212243531532066
5.30510422922372,0.0093981449371294,0.000164028571997002,0.999999986547314,-0.000270476077159973,0.0292972160058638,-0.082965824773706,0.000967241033265898
5.30743762983578,0.00938191331615204,0.000163745276771816,0.999999986593742,-0.000121408740328051,0.0290979354975837,-0.0854034696186665,0.00140406558053616
5.30977103044784,0.0093634960194789,0.000163423834309854,0.999999986646325,-0.000137757084917972,0.0289003078570065,-0.0846951181704352,0.00178144460134699
5.31353777662748,0.00931697915332289,0.000162611961848509,0.999999986778675,-0.00021553681437871,0.0285890934960772,-0.0826215375518973,0.00150319347550409
5.31878411443742,0.00922857175385312,0.000161068961664844,0.999999987028395,-0.000294109960084964,0.0281678029499339,-0.080301833661035,-0.000302122805711191
5.32080996182346,0.00923928635055191,0.000161255966652832,0.999999986998257,9.23095153689182e-05,0.027990343233755,-0.0875977713826652,0.00160076421316601
5.3228358092095,0.0092212932952081,0.000160941928598664,0.999999987048848,-0.000155015654390497,0.0278237417932941,-0.082237902819616,0.00184947833330729
5.32632097468849,0.0091886693906953,0.000160372534057408,0.999999987140325,-0.000163376617849888,0.0275392375852735,-0.0816329123353471,0.0021515171952205
5.33098755460301,0.00921131761790768,0.000160767820186908,0.999999987076854,8.47057463574645e-05,0.0271376895343304,-0.0860476105196858,0.00612647137611645
5.33501994485537,0.009241483529426,0.000161294314657942,0.999999986992072,0.000130566350206852,0.0267896871740427,-0.086301756156728,0.0103664912059028
5.33696902804691,0.00909198405970436,0.000158685056714708,0.999999987409526,-0.00133871041931616,0.0266807367536226,-0.055898291511112,0.00327589031425825
5.33891811123845,0.00904902298275105,0.000157935244481067,0.999999987528229,-0.000384699968832828,0.0265344877033662,-0.0750347911731959,0.00208526484231009
5.34217453111134,0.00900568845989436,0.000157178914386824,0.999999987647394,-0.000232258164841009,0.0262813393991911,-0.0777382260446231,0.00167692769726576
5.34657893314907,0.00889462652491594,0.000155240517971465,0.999999987950191,-0.000440104337071232,0.0259602026991917,-0.0729126672016956,-0.00168224640921789
5.34959059383669,0.00889056680895545,0.000155169662562112,0.999999987961188,-2.35270229802399e-05,0.0257167636502549,-0.0808321634430491,-0.000169903993239594
5.35260225452431,0.00889259135009276,0.000155204997470375,0.999999987955704,1.17326991162252e-05,0.0254725468966879,-0.0810903946021355,0.0017018208430624
5.35620895557312,0.00890443129104405,0.000155411643420724,0.99999998792361,5.72950045055231e-05,0.0251785460690116,-0.0815151640507969,0.00444164644521769
5.35932225393976,0.00887231002398706,0.000154851021557413,0.999999988010581,-0.000180073286924846,0.0249414092910938,-0.076168985426994,0.00458775259611012
5.36216341835825,0.00880158323800822,0.000153616606287411,0.999999988200969,-0.000434475131621708,0.0247410058323438,-0.0705356780640831,0.00246869619319974
5.36533486481948,0.00874576341827098,0.000152642366656549,0.999999988350154,-0.000307190947157513,0.0245105142525002,-0.0726771152095291,0.00133188423044977
5.36850631128071,0.00869931812964514,0.000151831743457383,0.999999988473561,-0.000255600470785057,0.0242781957822709,-0.0732531584781039,0.000683258152188043
5.3718502816132,0.00866147901169705,0.000151171326270717,0.999999988573615,-0.000197494932244902,0.0240309058711748,-0.0739509883485703,0.00058935755209118
5.37571113515392,0.00864451083082876,0.000150875175649869,0.999999988618341,-7.67059980655809e-05,0.0237379557650426,-0.0758770316052432,0.00187112671708585
5.37818975627017,0.00862588918056373,0.000150550166544281,0.999999988667324,-0.000131124965872606,0.0235537970552958,-0.0742988545281697,0.00238132709917107
5.38066837738642,0.00859113110702552,0.000149943523726236,0.99999998875847,-0.000244750123734015,0.0233762825869908,-0.0716182344857374,0.00197522517929315
5.3842822496146,0.00855531232265416,0.000149318368011892,0.999999988852012,-0.000172987776509683,0.0231137961151412,-0.0726330249872005,0.00216551404769182
5.38938734529416,0.00849553771337003,0.00014827510428234,0.999999989007247,-0.000204357333649571,0.0227495154571491,-0.0713562841634048,0.00208261441617585
5.39146753960993,0.00846749175219305,0.000147785609923278,0.999999989079707,-0.000235311845972055,0.0226034791608307,-0.0702031993891814,0.00165473746794065
5.3935477339257,0.00844605600368676,0.000147411485538289,0.999999989134927,-0.000179850692902919,0.0224557199087866,-0.0710314661105483,0.00169377023484597
5.39699224778712,0.008403558543141,0.000146669764936048,0.99999998924399,-0.000215333901996251,0.0222149164822071,-0.0699092633293049,0.00141328988128946
5.40164319719534,0.00829671797180841,0.000144805045211385,0.999999989515749,-0.000400933138762888,0.0219100694328195,-0.0655451226471467,-0.00164724842274497
5.40504731404523,0.00830403031122995,0.000144932669608975,0.999999989497261,3.74911921526409e-05,0.0216584975072548,-0.0739022591345112,0.000656256756033799
5.40754782924263,0.00830476248382005,0.000144945448431231,0.999999989495408,5.11047579450405e-06,0.0214764061648615,-0.0728215299723308,0.00220713807774564
5.41004834444002,0.00827243389288379,0.000144381208082767,0.999999989577033,-0.000225649640104629,0.0213069599240349,-0.0677645314866591,0.00193404049635016
5.41351437687065,0.00823826405840184,0.000143784831972386,0.999999989662961,-0.000172063051488092,0.0210697637771676,-0.0684344857165276,0.00210741725263187
5.41825206592041,0.00819980348097634,0.000143113568270999,0.999999989759253,-0.000141685893954531,0.0207453463665194,-0.0684758765805826,0.00286016513731452
5.42052493542214,0.00815216815571499,0.000142282175013395,0.999999989877891,-0.000365790145644359,0.0206012045656569,-0.0634184236062507,0.00154096404073685
5.42279780492387,0.0081288905564449,0.000141875904268273,0.999999989935614,-0.000178747943475634,0.0204491215833592,-0.0669123247867017,0.00158729999682536
5.42651780640602,0.00808297014915381,0.000141074441975207,0.999999990049001,-0.000215446769291047,0.0202045396885474,-0.0657477949903232,0.00126049403661972
5.43147301353943,0.00795511151432282,0.000138842887842158,0.999999990361326,-0.000450345282210533,0.0199054377434898,-0.0603611386981548,-0.00282581550965917
5.43398865441492,0.00800646424926109,0.00013973916213804,0.999999990236483,0.000356280704972205,0.019713537515931,-0.0762828388695776,0.00141496630886498
5.43650429529041,0.00798635332122525,0.000139388160231602,0.99999999028547,-0.000139527828982553,0.0195479199896603,-0.0658351229240536,0.001793752492926
5.43988706790158,0.00795617099720181,0.000138861379306587,0.999999990358759,-0.000155724605423761,0.019327693694826,-0.0651023051644318,0.00211122762339915
5.44414384865251,0.00794051975992385,0.000138588213686704,0.999999990396653,-6.4171879759384e-05,0.0190448372532072,-0.0664484403046988,0.00373467762578261
5.44706414863114,0.00786703641362373,0.000137305687360587,0.999999990573574,-0.00043917623110871,0.018874520740054,-0.058321581481245,0.00144948406286404
5.44998444860977,0.00782496936680595,0.00013657147889391,0.999999990674115,-0.000251415429556611,0.0186941801324722,-0.0617541378973781,0.000836347435857775
5.45317106916347,0.00778961564311331,0.000135954440018361,0.999999990758195,-0.000193634250102447,0.0184949466953267,-0.0625218578076615,0.000737360174946508
5.45689865717199,0.00775241869994695,0.000135305230894402,0.999999990846247,-0.000174163327182795,0.0182621331422768,-0.0624568896878951,0.000825321726348964
5.45955917519262,0.00774343482752357,0.000135148432742469,0.999999990867451,-5.89351968868842e-05,0.0180908490051378,-0.06437999510269,0.00187327086414554
5.46221969321325,0.00771354353653467,0.000134626731301787,0.999999990937822,-0.000196090175440283,0.0179279377043312,-0.0612329251458234,0.00178362748751617
5.46603403740874,0.00768038633830553,0.000134048029027174,0.999999991015563,-0.000151717372679782,0.0176925540202129,-0.061710132084325,0.00216563099117875
5.47103312268936,0.00763126191299317,0.000133190646069977,0.999999991130126,-0.000171507969302504,0.0173889668575661,-0.0607285424441921,0.00253158363951212
5.47305206344181,0.0075968481844914,0.000132590013205037,0.999999991209944,-0.000297499007594511,0.017272466208494,-0.0577038473918881,0.00165938126798091
5.47507100419425,0.00757415884440213,0.000132194009518845,0.999999991262372,-0.000196144284662053,0.0171523265624254,-0.0595062762110869,0.00155224802106112
5.4784106913533,0.00753383615328577,0.000131490245801717,0.999999991355158,-0.000210727439346321,0.0169557461160305,-0.0588619343767093,0.00126225849290902
5.48292418227579,0.00743573462023912,0.000129778051063408,0.999999991578829,-0.00037935043679493,0.0167078670098882,-0.0549195978011031,-0.00148774933169312
5.48713840086875,0.00733415893127481,0.000128005220865726,0.999999991807332,-0.000420678276008895,0.0164823298370772,-0.0535181476319419,-0.00483158394615235
5.48898406296924,0.00740407464010687,0.000129225480173618,0.999999991650388,0.000661149902608559,0.0163435831697262,-0.075174468454658,0.000167920496144967
5.49082972506972,0.00740425777774454,0.000129228676528353,0.999999991649975,1.73182012069444e-06,0.016230068168324,-0.0615036746825022,0.00123975524102168
5.49407109543273,0.00737845361733392,0.000128778308972223,0.999999991708074,-0.000138943566899509,0.0160410478003463,-0.0583149553457816,0.00165702300417159
5.49843987093988,0.00739491100960822,0.000129065544651314,0.999999991671043,6.57474116050109e-05,0.0157701584255931,-0.0620057895649523,0.00495345047896152
5.50142665669677,0.00733464228058908,0.000128013656902628,0.999999991806252,-0.000352180518789988,0.015611774993297,-0.0530280526250472,0.00341278475024474
5.50441344245366,0.00727072787044441,0.000126898140015194,0.999999991948431,-0.000373484068591465,0.015455802393423,-0.0522208864543327,0.0016399735595602
5.50814075497266,0.00717625343541634,0.000125249250078097,0.999999992156313,-0.000442380385813484,0.0152679476119761,-0.0503995252583392,-0.00135142734274081
5.51131162761119,0.00713210143146769,0.000124478652243847,0.999999992252533,-0.000243023901652049,0.015096609704193,-0.0540349384270673,-0.00202330070037028
5.51407277854455,0.00715430076559061,0.000124866103713031,0.999999992204228,0.000140322453044787,0.0149268521211593,-0.0614807329012388,0.000675221807437638
5.51735455650864,0.00714488963934098,0.000124701848574933,0.999999992224724,-5.00506558255852e-05,0.0147390328709158,-0.0572309438049197,0.00196475564804575
5.52063633447274,0.00713408323402109,0.00012451324122326,0.999999992248226,-5.74710889037632e-05,0.0145530251690609,-0.0566789416864408,0.00319645021539867
5.52378613031537,0.00709416894673936,0.000123816605496977,0.999999992334724,-0.000221168534870047,0.0143862357623841,-0.0529524499396668,0.00280077137227493
5.52727604591138,0.00703495653729797,0.000122783154002042,0.999999992462149,-0.000296125070752672,0.0142081681284056,-0.0510234786714608,0.00155860467604145
5.53003372914599,0.0069909654541885,0.000122015364766014,0.999999992556125,-0.000278418214297705,0.0140675036300721,-0.0510082146376042,0.000668804063016941
5.5327914123806,0.00696919646957555,0.000121635424312522,0.999999992602412,-0.000137775235220552,0.0139198480203838,-0.0535433540136812,0.000986851485055902
5.53637904071632,0.00693122689949816,0.00012097273030398,0.999999992682799,-0.000184716462075977,0.0137325447011143,-0.052208116823257,0.000884502556506503
5.53988230817413,0.00691399139789232,0.000120671914054921,0.999999992719145,-8.58673381000426e-05,0.0135440649864076,-0.0538011205186274,0.00184266939681744
5.54338557563194,0.00691718164275053,0.000120727594331236,0.999999992712424,1.58938126737701e-05,0.0133497717359341,-0.0554605815323383,0.00391254879784024
5.54652883859205,0.00687472835240324,0.000119986644641738,0.999999992801603,-0.000235726283250212,0.0131927891899269,-0.0499425431468448,0.00336247117073437
5.54975171719892,0.00680900955508243,0.000118839635256217,0.999999992938571,-0.000355895934539322,0.0130409226855251,-0.0471213852355546,0.00158826086538795
5.55262495330222,0.00676122293717883,0.000118005601441255,0.999999993037339,-0.000290276813608437,0.0129027101584359,-0.0481034353321932,0.000542296762711652
5.55549818940552,0.0067369849504421,0.000117582568771579,0.99999999308717,-0.000147232130392969,0.0127570804672855,-0.0506849022895174,0.000765737167369697
5.5589999713481,0.00670248014610314,0.000116980346332249,0.999999993157799,-0.000171975997748029,0.0125826474141745,-0.0498126542346778,0.000771633660517235
5.56235671574717,0.00668867453706496,0.000116739393000935,0.999999993185957,-7.17818529840251e-05,0.0124099086673379,-0.0514602025952085,0.00181176926900852
5.56571346014625,0.00667961337348953,0.000116581245863558,0.999999993204407,-4.71132501171861e-05,0.0122367709476573,-0.0515790596770936,0.00312110511934089
5.56893851937483,0.0066434160001,0.000115949482521607,0.999999993277859,-0.000195892013586257,0.0120814100391211,-0.0481730404078959,0.00291603083326178
5.57242472908148,0.00658046731666816,0.000114850820743242,0.999999993404645,-0.000315145065307658,0.0119232643435073,-0.0453632193472821,0.00141857146161475
5.57511936851727,0.00653889387532492,0.000114125227315173,0.999999993487716,-0.000269272921337116,0.0117994459547178,-0.0459498911599022,0.000572710201126453
5.57781400795306,0.0065195454930923,0.000113787534342472,0.999999993526199,-0.000125320282338673,0.0116685380470885,-0.0485808623932146,0.000941486163170437
5.58139756003815,0.00648244926565281,0.000113140083037752,0.999999993599661,-0.000180673056652792,0.011499743989858,-0.0471024428339729,0.000825292218792989
5.58503695856462,0.006464216282811,0.000112821857456734,0.999999993635614,-8.74390591561711e-05,0.0113228655783986,-0.0486010010095804,0.00173740820008672
5.58867635709109,0.00648716150956025,0.000113222327208567,0.999999993590352,0.000110037345863089,0.0111328062441531,-0.0522227320978933,0.00487281751314498
5.59172397322015,0.00643491065635782,0.000112310377789007,0.999999993693189,-0.000299233691757941,0.0110001874067664,-0.0435155976903494,0.00370365763572942
5.59470348511412,0.00636652720217735,0.000111116861367118,0.999999993826521,-0.000400574480589091,0.010877666708057,-0.0411210638082542,0.00159203532060677
5.59844923447345,0.00626362516042747,0.000109320881942467,0.999999994024472,-0.000479471332241232,0.0107310303318061,-0.0391474074167979,-0.00195611444973483
5.60152775916131,0.00622870006859517,0.000108711324102055,0.999999994090924,-0.000198003233964544,0.0105939947406314,-0.0445133968602935,-0.00229461575108996
5.60417188075273,0.00625602805906884,0.000109188287510943,0.999999994038959,0.000180386338232845,0.0104567245558356,-0.0519152315994378,0.000527382441607837
5.60815502733894,0.00624943035411504,0.00010907313583711,0.999999994051526,-2.89097255214423e-05,0.0102683407963866,-0.0472952113038801,0.00216885178376545
5.61067856130901,0.00622196885003209,0.000108593842176151,0.999999994103689,-0.00018992954700884,0.0101581462973071,-0.0436667389408263,0.00204898531615225
5.61320209527908,0.00618747033416648,0.000107991729490775,0.999999994168893,-0.000238599002845616,0.0100511307190056,-0.0424070290198776,0.00150310627253233
5.61690461807154,0.00615482570489457,0.000107421973230192,0.99999999423026,-0.000153883256315879,0.00988894529860032,-0.0438040302508089,0.00165318545447967
5.62064578611282,0.00610367749596859,0.000106529268583044,0.999999994325757,-0.000238616561033149,0.00973299153609543,-0.0416858480518046,0.000835667662849041
5.6243869541541,0.00599770506050419,0.000104679700678147,0.99999999452108,-0.000494382474886167,0.0095979993834692,-0.0360828893909297,-0.00294409759789997
5.62742945012189,0.005995033294707,0.000104633069568399,0.99999999452596,-1.53265971415389e-05,0.00945959123911819,-0.0454916442999705,-0.00159757894005987
5.63030626827287,0.00601386288255875,0.000104961707871401,0.99999999449152,0.000114236732236532,0.00932200668130157,-0.0478252536643025,0.000865102187074619
5.63400688505293,0.00603575514774452,0.0001053437999775,0.999999994451342,0.000103250925702594,0.00914710546011996,-0.047262721750641,0.00388098382662731
5.63714654396042,0.00602073488775517,0.000105081646987631,0.999999994478924,-8.34972839546612e-05,0.00901176465814825,-0.0431068488518499,0.00470449359556491
5.63984773162166,0.00594507672303956,0.000103761162914527,0.999999994616811,-0.000488853143841606,0.00891844027500615,-0.0345493889525805,0.00201329282371463
5.64369945544603,0.00587780573738221,0.000102587062729993,0.999999994737947,-0.000304824604337821,0.00877220239934818,-0.0379668642732474,0.000378372247850502
5.64628859933818,0.00585395752686986,0.000102170832938025,0.99999999478056,-0.000160759622287095,0.00866714144034703,-0.0405774894626892,0.000340564822291851
5.64887774323033,0.0058403190503365,0.000101932796618802,0.999999994804852,-9.19363041910531e-05,0.00855912322784038,-0.0417196637213213,0.000886634940182224
5.65258684592869,0.00580381362363261,0.000101295656731263,0.999999994869595,-0.000171777365752213,0.00841158303540746,-0.039777866624795,0.000759857499036041
5.65606820518789,0.00578728108896674,0.000101007109569119,0.999999994898782,-8.2883478014308e-05,0.00826804111083789,-0.0412315747621597,0.00158621509072036
5.65954956444709,0.00578454684975461,0.000100959388092574,0.999999994903601,-1.37077139231509e-05,0.00812079090329238,-0.0422967572669961,0.00316488936336481
5.66283022587559,0.0057526186512966,0.000100402135908076,0.999999994959705,-0.000169859706485252,0.00799355941672972,-0.0387822667274895,0.00309762549755935
5.66624669876445,0.00568487507973454,9.92197875431469e-05,0.999999995077717,-0.000346072809379704,0.00787444744380411,-0.0348640181849205,0.00117434106151323
5.66891296371372,0.00564615644484773,9.85440198857983e-05,0.999999995144538,-0.000253451053631651,0.00777724768433978,-0.0364554015875799,0.000358363409596635
5.67157922866298,0.00562975898382931,9.82578302034449e-05,0.999999995172699,-0.000107337301125234,0.00767279862949933,-0.0391742969389629,0.000766244860683357
5.67514296906786,0.00559564125968186,9.7662363586642e-05,0.999999995231031,-0.00016709034666067,0.00753860120222287,-0.0376563419413723,0.000660635926877089
5.67884462509421,0.00557913781939678,9.73743242171305e-05,0.999999995259121,-7.78136511957454e-05,0.00739376619498026,-0.0391270842594796,0.00155061727894306
5.68254628112056,0.00561536765842494,9.80066541926222e-05,0.999999995197348,0.000170823537899724,0.00723148376451053,-0.0438404944474941,0.00528135195155627
5.68555434916721,0.00555873008983395,9.7018142145085e-05,0.99999999529374,-0.000328620242929006,0.00713117861815623,-0.033345371447306,0.00374266529053386
5.68843625725631,0.00549001654595215,9.58188645692086e-05,0.999999995409373,-0.000416140121188423,0.00704102001199657,-0.0312843447369941,0.00144362541557172
5.6922116208067,0.00539633598999872,9.4183830430101e-05,0.999999995564703,-0.000433079920559211,0.00692539256180466,-0.0306268386205828,-0.00174386221093155
5.6953798466496,0.00534813805244325,9.33426177307853e-05,0.999999995643578,-0.000265515384548265,0.00681856825718041,-0.0337173894542987,-0.00287116304837656
5.69804034575765,0.00538233253925746,9.39394241091065e-05,0.999999995587692,0.000224321210682782,0.00670302814777301,-0.0434279827637985,0.000217213224087881
5.7018004548318,0.00537769884111989,9.38585508204189e-05,0.999999995595286,-2.15082295351441e-05,0.00655968372382866,-0.03812241111025,0.00171284434897129
5.70444888715276,0.00535768153629012,9.35091829452972e-05,0.999999995628016,-0.000131914972449902,0.00646545743422182,-0.0355781376254647,0.00193593292155594
5.70709731947372,0.00532424063902297,9.29255291856999e-05,0.999999995682423,-0.000220377072698413,0.00637664617128709,-0.0335335217864028,0.00140319256490904
5.71079988072663,0.00529312033277194,9.2382377379722e-05,0.999999995732748,-0.00014669623841698,0.00624799691164416,-0.0347460179199043,0.00148687096561772
5.71412425369683,0.00524852801785965,9.16040946667096e-05,0.999999995804345,-0.000234114139202221,0.00613946665006231,-0.0326468367282206,0.000658191413677525
5.71744862666703,0.0052035220827209,9.08185929188668e-05,0.999999995875992,-0.000236285687000645,0.00603207766058414,-0.0323035322573002,-0.000211645177317575
5.72087997568448,0.00516869173563701,9.02106886851308e-05,0.999999995931016,-0.000177161878064268,0.00591813592192054,-0.0332061058446666,-0.000506200934843045
5.72466475414596,0.00517201098897563,9.02686205843617e-05,0.999999995925788,1.53065496584465e-05,0.00577882910900658,-0.0368071247318983,0.00135713773481706
5.72708846497745,0.00515570540886652,8.99840345261659e-05,0.999999995951437,-0.000117417497027081,0.00569684034114002,-0.033827784569491,0.00167960341641143
5.72951217580895,0.00512639499623133,8.94724713226231e-05,0.999999995997338,-0.000211066105310314,0.0056199933948328,-0.031706317976805,0.00124024775609808
5.73307684858451,0.00509910993025467,8.89962570866024e-05,0.999999996039833,-0.000133592693607363,0.00550227849821994,-0.0330226374268463,0.00142251021832829
5.73809296113446,0.00506481910178898,8.83977692289937e-05,0.999999996092917,-0.000119313084386257,0.00533704834331931,-0.0329398818817032,0.00200299985893329
5.74024328095106,0.00502891486120238,8.77711220177605e-05,0.999999996148115,-0.000291420470958727,0.00527442418298598,-0.0291231843049643,0.000954232221985273
5.74239360076765,0.00501120907558602,8.74620977632888e-05,0.999999996175191,-0.000143710834673458,0.00520572654887641,-0.0319476356862702,0.000968327984609628
5.7459700394175,0.00497538103634892,8.68367805164424e-05,0.999999996229687,-0.000174843555403038,0.00509461453460643,-0.0310677814295987,0.000671288716850672
5.75076988398261,0.00486550741444045,8.49191240601199e-05,0.999999996394371,-0.000399524700723464,0.00496918143807109,-0.0261327413489901,-0.00308926780512342
5.75379627875588,0.00490751367918471,8.56522716837053e-05,0.999999996331844,0.000242251153989324,0.00485151925726386,-0.0388786624423493,0.000512955595759862
5.75682267352915,0.00491902671013329,8.58532119799031e-05,0.999999996314613,6.63959304686387e-05,0.00474547242171316,-0.0350406485258822,0.00251394398878029
5.75963263515499,0.00488487323909526,8.52571214614866e-05,0.999999996365612,-0.000212134754837172,0.00466364390533671,-0.0291208661442706,0.00196711360486853
5.76272270278603,0.00484946937731526,8.46392075077342e-05,0.999999996418102,-0.000199967777330549,0.0045736514130485,-0.029123146491673,0.00145772633879343
5.76735870183273,0.00475801855427609,8.3043089547652e-05,0.999999996551923,-0.000344287811454548,0.00445375286692867,-0.0258625044811632,-0.00126913087093527
5.76957742085311,0.00477094476365704,8.32686944603717e-05,0.999999996533162,0.000101682507531491,0.00437683392839054,-0.0346681746682272,0.000298909994498477
5.77179613987348,0.00476251214960724,8.31215175811621e-05,0.999999996545407,-6.63341677640345e-05,0.00430791457050292,-0.0310626795257357,0.000811933223385972
5.77531489706042,0.00472960871405208,8.25472442974769e-05,0.999999996592976,-0.000163203442336956,0.00420638090702361,-0.0288549786431285,0.000594769987833324
5.78019064226029,0.00465482182731507,8.12419668909772e-05,0.999999996699871,-0.000267708290193557,0.00407773133211304,-0.0263856230456778,-0.00135051996030788
5.78235165500702,0.00467487992780955,8.15920467851415e-05,0.999999996671369,0.000161998070512943,0.00400240257911833,-0.0348580789764441,0.00073180369965458
5.78451266775375,0.00466074911280085,8.13454175380679e-05,0.999999996691462,-0.000114126697431546,0.00393960639202995,-0.0290586842596483,0.000926448590595551
5.78848557265391,0.00463542389091153,8.09034090337556e-05,0.999999996727319,-0.000111255747840588,0.00382489747681114,-0.0288728066997568,0.00129179214260587
5.79234225934027,0.00462503630168437,8.0722111400989e-05,0.99999999674197,-4.70086496784091e-05,0.00370969143470953,-0.029871765966626,0.00241403384805551
5.79619894602664,0.00459932580508237,8.02733785844152e-05,0.999999996778092,-0.000116351898538852,0.00360110551596643,-0.0281552346803505,0.00276431854135861
5.79840284107093,0.00455020259322104,7.94160168010131e-05,0.999999996846548,-0.000389021150692421,0.00355182123988662,-0.0223623516952402,0.00101599773375217
5.80060673611522,0.00453054018048048,7.90728429608818e-05,0.999999996873743,-0.000155712424735451,0.00349243798093114,-0.0269446855508544,0.00089566078713851
5.80454439247942,0.00449209348398788,7.8401821522651e-05,0.999999996926577,-0.000170411376272011,0.00338845529823973,-0.0264072516933196,0.000516975994769849
5.80859881616148,0.00443385368953845,7.73853453569076e-05,0.999999997005754,-0.000250707930038157,0.00328927034303735,-0.0244633918357441,-0.000898736050777751
5.81265323984354,0.00440640661394882,7.69063035192502e-05,0.99999999704271,-0.000118152881062328,0.00318039055820842,-0.0268545651286196,-0.000778785068679722
5.81485226414219,0.00441924175648224,7.71303190157567e-05,0.999999997025457,0.000101870405574198,0.00311200128272032,-0.0310998271051993,0.000952041181255969
5.81705128844084,0.00440145600963402,7.68198991742487e-05,0.999999997049351,-0.000141162534046759,0.0030548670751368,-0.0259816172193432,0.000941731572496796
5.82052429009797,0.00437916491014135,7.64308460953541e-05,0.999999997079163,-0.000112022140628193,0.00296331176316554,-0.0263620121756471,0.00120402531946793
5.82520343442121,0.00439592934019311,7.67234405961197e-05,0.999999997056757,6.25316257440586e-05,0.00282474397622668,-0.029613915999665,0.00409217383474831
5.82822230204433,0.00431635885711481,7.53346736830149e-05,0.999999997162343,-0.000460029087226689,0.00276835160694218,-0.0186799741905716,0.00108763441824761
5.83124116966744,0.00426501250997866,7.44385108691301e-05,0.999999997229454,-0.000296853962570763,0.00270259424905704,-0.0217821269742628,-0.000437014455944016
5.83416047730748,0.0042485660774986,7.41514664729383e-05,0.99999999725078,-9.83261897605027e-05,0.00262783240119393,-0.0256094448004272,-0.000135276599841198
5.83739799353955,0.00423195754095204,7.38615928270567e-05,0.999999997272233,-8.95358126095704e-05,0.00254506931170987,-0.0255637604729632,0.000293049337906796
5.84075465964463,0.00422616469690728,7.37604886256965e-05,0.999999997279695,-3.0120422607028e-05,0.00245599997752979,-0.0265350593093963,0.00135107088824596
5.84411132574971,0.00422430473028158,7.37280260841892e-05,0.999999997282089,-9.6710666415269e-06,0.0023663451751062,-0.0267094788748743,0.00263383899678792
5.84733881213438,0.00419454849183555,7.3208681751699e-05,0.999999997320244,-0.000160912943384813,0.00229084938978758,-0.0233915116349344,0.00237689141433522
5.85086777955611,0.00413751662913851,7.22132879717216e-05,0.99999999739262,-0.000282063749435906,0.0022178632439526,-0.0206820117935,0.000785939172189913
5.85352367611892,0.00410474410554558,7.16412995323171e-05,0.999999997433762,-0.000215365481055358,0.0021599061826664,-0.0218220325661878,5.73652053234425e-05
5.85617957268174,0.0040927508565554,7.14319778499626e-05,0.999999997448736,-7.88139439693314e-05,0.00209505670553453,-0.0244171697195622,0.000470205432774139
5.85977543928589,0.00406378873923797,7.09264935457051e-05,0.999999997484716,-0.000140573708978531,0.00201256928742965,-0.0229395100501167,0.000349347082868707
5.86345658213185,0.00405322864637698,7.07421851564269e-05,0.999999997497772,-5.00682525653347e-05,0.00192227040576292,-0.0245301216077083,0.00123410152414921
5.86713772497781,0.00409047452466717,7.13922483637462e-05,0.999999997451573,0.000176592769192432,0.00181590810975761,-0.0288938246778603,0.00469530234453539
5.87017004864644,0.00404234289216226,7.05521929042913e-05,0.999999997511194,-0.000277033573382009,0.00175702197154096,-0.0194194764978086,0.00336201860094687
5.87309484169415,0.00397894166121003,6.94456326770686e-05,0.999999997588652,-0.000378337958236042,0.00170685697296921,-0.0171516403907674,0.00111908830975375
5.87683926822456,0.00388947366652277,6.78841215983004e-05,0.999999997695873,-0.000417022758963949,0.00164643435886592,-0.0161366803735032,-0.00218120379381442
5.87996088448897,0.00385461598037376,6.72757402067626e-05,0.999999997736987,-0.000194893075059731,0.00158265624405526,-0.0204311194613612,-0.0028846066932537
5.88262486540577,0.0038889425319191,6.78748515507164e-05,0.999999997696502,0.000224893257133947,0.00150595873095694,-0.028790564006916,-1.53351196734257e-05
5.88651195511085,0.00389163798069219,6.79218960065172e-05,0.999999997693308,1.21027451071492e-05,0.00141175126786576,-0.024235988937426,0.00158966669163859
5.88908411725791,0.00387226575179823,6.75837868296437e-05,0.999999997716216,-0.000131449402611149,0.00135748812671573,-0.0210963143253344,0.00159722640115406
5.89165627940496,0.00384334222079348,6.70789759834525e-05,0.999999997750206,-0.000196259340770244,0.00130705829385383,-0.0196060084779717,0.00104865967030284
5.89536345710612,0.0038189837115496,6.66538397972197e-05,0.999999997778633,-0.000114679203818828,0.00122897683475862,-0.0210622380121971,0.00117530966444165
5.89891875089738,0.00377773304448815,6.59338798399356e-05,0.999999997826362,-0.000202503646993849,0.00116129911021603,-0.0190357614633209,0.000334283465172577
5.90247404468865,0.00371395438166877,6.4820732183597e-05,0.999999997899136,-0.000313095829506887,0.00110245219065012,-0.0165519146998357,-0.00173935728174979
5.90568223129809,0.00369798536835714,6.45420203235972e-05,0.999999997917164,-8.68752022600623e-05,0.00103526040615112,-0.0209438516766334,-0.00141574430869437
5.90893106294228,0.00371293135354158,6.48028769744745e-05,0.999999997900294,8.02924497146773e-05,0.00095682195369814,-0.0241435879243516,0.000590567129970521
5.91172883153007,0.00371106639579862,6.47703273215176e-05,0.999999997902402,-1.16341477158873e-05,0.000895052673483094,-0.0220780519463327,0.00157366402950544
5.91452660011786,0.00368514171480493,6.43178562815909e-05,0.999999997931607,-0.000161725684834629,0.000842334930330743,-0.0188427818449391,0.00124613756048774
5.91804447353804,0.00366070279044404,6.38913165867241e-05,0.99999999795895,-0.000121249301721854,0.000773845482412452,-0.0194689915576035,0.00126082491297981
5.92149768623594,0.00361798017349894,6.31456662574679e-05,0.999999998006312,-0.000215929453524573,0.000714029226890186,-0.0173219146213435,0.000263984521351597
5.92495089893383,0.0035612662078214,6.21558208264744e-05,0.999999998068327,-0.000286644791251833,0.000659928989229098,-0.0156666392701721,-0.00150915166657193
5.92812754030312,0.00354748088686584,6.19152215878188e-05,0.999999998083253,-7.57401327845764e-05,0.000597159413506337,-0.0197597299870457,-0.00110869299880232
5.93145297653905,0.00355643332803816,6.20714711620666e-05,0.999999998073566,4.69861887170985e-05,0.000523796265193266,-0.0220612103520208,0.000567468813619579
5.93424766373788,0.003554509842943,6.20379000141076e-05,0.999999998075649,-1.20124885667614e-05,0.000466023125112607,-0.0206724888942493,0.00151615280566656
5.9370423509367,0.00352928493147261,6.15976422562666e-05,0.999999998102865,-0.000157533823057902,0.000417009890402875,-0.0175380037988858,0.00119511815590975
5.94058344466403,0.00350577496591396,6.11873159510109e-05,0.999999998128056,-0.000115875584670951,0.000352575817497153,-0.0181960935991149,0.00123106712178799
5.94402864877553,0.00346385653332573,6.04557012864242e-05,0.999999998172554,-0.000212357422742697,0.000297379890842343,-0.0160210904400759,0.000237840371076018
5.94747385288703,0.00340884827964737,5.94956261456912e-05,0.999999998230135,-0.000278670032714728,0.000247544603601775,-0.0144651189386041,-0.0014830364579049
5.95065882012519,0.003394875523149,5.92517555396451e-05,0.999999998244615,-7.6569266884089e-05,0.000188980961235839,-0.0183875179826673,-0.00112253450728884
5.9539996269751,0.00340410016439046,5.94127559013404e-05,0.999999998235062,4.81920593472362e-05,0.000119698366951944,-0.0207382819170309,0.000537763299848113
5.95678249170017,0.00340262803504868,5.93870623973565e-05,0.999999998236588,-9.23275349959883e-06,6.57400036242983e-05,-0.0193895027816794,0.00147807229673554
5.95956535642523,0.00337788872765952,5.89552800295085e-05,0.999999998262137,-0.000155157512585931,2.05052513643888e-05,-0.0162547434851999,0.00114955140289802
5.96311091610161,0.00335521743049033,5.85595912488912e-05,0.999999998285387,-0.000111601218824766,-3.9627138918364e-05,-0.0169599148713456,0.00119475887456788
5.96657922894847,0.00331392722677515,5.78389412464626e-05,0.999999998327328,-0.000207781141860517,-9.09556406189442e-05,-0.014799270990541,0.000208163370128842
5.97004754179532,0.00325686312491841,5.68429847860065e-05,0.999999998384438,-0.000287158773176045,-0.00013599031775885,-0.0129846063859964,-0.0016503841408531
5.97321543988359,0.00324501565302443,5.66362073937519e-05,0.99999999839617,-6.52727413653739e-05,-0.000190853460404508,-0.0173184683083197,-0.00121639632696271
5.97651051069951,0.00325588967065006,5.68259948039336e-05,0.999999998385403,5.75973692493347e-05,-0.000255571125174399,-0.0196407508018541,0.000484624171427625
5.97932741021339,0.00325546693070418,5.68186166000103e-05,0.999999998385822,-2.61926415864923e-06,-0.000306960311891357,-0.0182431735543531,0.00146128163086007
5.98214430972728,0.00323160424262214,5.64021341252696e-05,0.9999999984094,-0.000147851378210441,-0.00034957339764806,-0.0151276556180549,0.00116280834687006
5.98567455850707,0.00320927045296298,5.6012335961885e-05,0.999999998431309,-0.000110416627358268,-0.000405053133583093,-0.0157155315094543,0.00118474614182411
5.98909238762938,0.00316859248194559,5.53023714357006e-05,0.999999998470824,-0.000207723821723709,-0.000451339085317277,-0.0135425002473345,0.000176166372767501
5.99251021675168,0.00311764472400595,5.44131653144827e-05,0.999999998519604,-0.000260166933669229,-0.000493337506568027,-0.0122880400827079,-0.00140834355048951
5.99570915695681,0.00310366117876655,5.41691064093133e-05,0.999999998532854,-7.62936753670936e-05,-0.000544060082351385,-0.0158560562344956,-0.00110834375643635
5.99909656605219,0.00311293306367865,5.43309313286574e-05,0.999999998524075,4.77724759619601e-05,-0.00060573592291488,-0.0182073788039599,0.000498021276390464
6,0.00310511566371385,5.41944919605271e-05,0.999999998531478,-0.000151023069989765,-0.00061842179175912,-0.0140418332463613,0.000409844228965499
6.00326699858471,0.00310511681821054,5.41945121102955e-05,0.999999998531477,6.16766977629102e-09,-0.00067398915929619,-0.0170086904221729,0.0015034652012751
6.00668182783161,0.00310317884540234,5.4160688104028e-05,0.99999999853331,-9.90503591002063e-06,-0.000730778224595003,-0.016630133219804,0.00255285096667907
6.01002189154478,0.0030698156477869,5.35783904574899e-05,0.999999998564678,-0.000174337287365831,-0.000774540534305431,-0.013102238001592,0.00189998758725876
6.01291041963481,0.0030206191009012,5.27197487349355e-05,0.999999998610314,-0.000297259260427706,-0.000804682777674299,-0.0104351567405204,0.000199313858398237
6.01579894772484,0.00299912520675081,5.23446095134537e-05,0.999999998630021,-0.000129872104513761,-0.000844244667575474,-0.0136962108963783,-2.07770291310184e-05
6.0191522070691,0.00297601062817287,5.1941184012606e-05,0.999999998651057,-0.000120308470052265,-0.000890285926880326,-0.0137303007546058,-0.000175837669952061
6.02328473907623,0.00295823571633739,5.16309532772412e-05,0.999999998667122,-7.50703770100125e-05,-0.000950045247291466,-0.0144607035851442,0.0001505422729608
6.02574222784043,0.00295867002834169,5.16385334516871e-05,0.999999998666731,3.08452049357049e-06,-0.000989083950445447,-0.0158856079924218,0.00102603201126233
6.02819971660464,0.00293870807244988,5.12901315966985e-05,0.999999998684661,-0.000141771494756867,-0.00102056424938911,-0.0128099462354268,0.000759930596534009
6.03186979823577,0.0029214212673909,5.09884199316634e-05,0.99999999870009,-8.22084345127892e-05,-0.0010714677557752,-0.0138698567231525,0.00101600467171728
6.03690256206499,0.00291232794004356,5.08297114296964e-05,0.99999999870817,-3.15350585798261e-05,-0.00114537638998127,-0.0146854962231722,0.00226403729003105
6.03901038923234,0.00287225423414528,5.01302933191867e-05,0.999999998743477,-0.000331819478481671,-0.00116306235184024,-0.00839061291783748,0.000672057460189899
6.0411182163997,0.00285803652420363,4.98821474689216e-05,0.999999998755886,-0.000117725900120577,-0.00118972487603652,-0.0126492933620148,0.000559862714631654
6.04468272881245,0.00283135103520808,4.94163978240185e-05,0.99999999877901,-0.000130662932694646,-0.0012333795551308,-0.0122470268129954,0.000253267203168043
6.04944889682762,0.00272730278322148,4.76004132480445e-05,0.9999999988671,-0.000381015644503638,-0.00126647401952809,-0.00694362101629481,-0.00386021387253
6.05,0.00275805284012063,4.81371029854953e-05,0.99999999884141,0.000973846214215184,-0.00128544448040855,-0.0344227031001873,-0.00202507878573512
6.05275551586191,0.0027809099969733,4.85360356297532e-05,0.999999998822127,0.000144776029141693,-0.00133352808717409,-0.0174499473692929,5.5487417147772e-05
6.05585270838857,0.00277824173845176,4.84894657333128e-05,0.999999998824386,-1.50361645568727e-05,-0.00137705542129154,-0.0140538031597361,0.000875567412313489
6.05894990091522,0.00276602466593081,4.82762375931168e-05,0.999999998834702,-6.8845620222274e-05,-0.00141673167861572,-0.0128103942466215,0.00118643945471279
6.06258360444512,0.00275426421106882,4.80709789344811e-05,0.99999999884459,-5.648745341628e-05,-0.00146361961790247,-0.0129036226816305,0.00169002231678572
6.06685223379404,0.00269735080540521,4.7077652618252e-05,0.999999998891847,-0.000232703811026687,-0.00150258384078591,-0.00912804080619676,7.30487692207089e-05
6.0690462898705,0.00268848511270855,4.69229170903963e-05,0.99999999889912,-7.0524873856591e-05,-0.00152953374298442,-0.0122831419340882,0.000142381903684065
6.07124034594696,0.00268169576764705,4.68044206651492e-05,0.999999998904673,-5.4007929263327e-05,-0.00155699935100228,-0.0125181887156553,0.000425361750338212
6.07467628492759,0.00265810650212106,4.63927103140403e-05,0.999999998923858,-0.000119824698248904,-0.00159495903062232,-0.0110478328730567,0.00019606172162422
6.07937385105036,0.00259010734069401,4.5205901059788e-05,0.999999998978213,-0.000252643438001685,-0.00163327332974298,-0.00815620219477699,-0.00208430997196236
6.08208950159154,0.00262404863631686,4.57982884201862e-05,0.999999998951258,0.000218138288424826,-0.00168101838287896,-0.0175814422408546,0.000569152487126927
6.08480515213271,0.00261436624641925,4.56292988371877e-05,0.999999998958984,-6.22280299371874e-05,-0.00171291815188418,-0.0117466399014089,0.00087417257955378
6.08817070305125,0.0026010847843693,4.53974935951775e-05,0.999999998969534,-6.88758684271863e-05,-0.00175153972799881,-0.0114755584002214,0.00116586955698887
6.09228659552395,0.00259168285876442,4.52333990375133e-05,0.99999999897697,-3.98685240008575e-05,-0.00180052260063384,-0.0119009116394501,0.00191864401944938
6.09474871341317,0.00255077327293776,4.45193920699299e-05,0.999999999009012,-0.000289997067738551,-0.00181691944135572,-0.00665964891186584,0.000411475483941879
6.0972108313024,0.00253739131749461,4.42858328873219e-05,0.999999999019383,-9.48610884394087e-05,-0.00184284116368417,-0.010528221431586,0.000403856679976407
6.10110400172338,0.00250846537486178,4.37809799496254e-05,0.999999999041613,-0.000129676557559704,-0.0018805302451271,-0.00968081983769185,-1.78648991722586e-05
6.10612472095519,0.0024067930222234,4.20064626394697e-05,0.999999999117729,-0.000353438865998732,-0.00190527989701728,-0.0049295032738292,-0.00414222326864042
6.10824817412526,0.00247008851132696,4.31111773249865e-05,0.999999999070713,0.000520244431141182,-0.00195322571667039,-0.0225791744922533,-3.48803514003846e-05
6.11037162729533,0.00246722162595963,4.30611407360958e-05,0.999999999072869,-2.35637826359587e-05,-0.00197745076186662,-0.0114083256168293,0.000436148707043216
6.11401596871542,0.0024542075067074,4.28340015061066e-05,0.999999999082624,-6.23265506756041e-05,-0.00201570477953131,-0.0104968259707388,0.000774848483815154
6.11880110532315,0.00253397719610505,4.42262452280697e-05,0.99999999902202,0.00029095171933747,-0.00209953519197402,-0.0175189172880413,0.00641830766079024
6.12264675996691,0.00258724021570731,4.5155860288755e-05,0.999999998980474,0.000241731290957286,-0.00216235980901602,-0.0163365207907637,0.0106032290381896
6.12470517771682,0.00241692704470591,4.21833346981039e-05,0.999999999110283,-0.00144408276386745,-0.00212502983649478,0.0181352752728797,0.00183558475055366
6.12676359546674,0.00238472327238012,4.16212728399497e-05,0.999999999133835,-0.000273055291459486,-0.00213664241874613,-0.00564150899487766,0.000651085773883024
6.12999064618369,0.00236084289527706,4.12044816332409e-05,0.999999999151095,-0.000129155456056833,-0.0021639625685625,-0.00846598092582537,0.000268816221375446
6.1343358071367,0.00228607935680681,3.98996117275665e-05,0.999999999204011,-0.000300304159237494,-0.00218492989302595,-0.00482544253024563,-0.00253628021173719
6.13823772270673,0.00218613540347131,3.81552606757311e-05,0.999999999272088,-0.00044704992249509,-0.0021914464280146,-0.00167008610814119,-0.00694849475790268
6.14069161897743,0.00230173914855654,4.01729266535568e-05,0.999999999193068,0.00082222953083526,-0.00225870004186746,-0.0274068690905858,5.44920337081176e-06
6.14314551524813,0.00230029527045801,4.01477262267605e-05,0.99999999919408,-1.0269556670995e-05,-0.00228408928750961,-0.0103465032101527,0.00062457147171841
6.14629793908113,0.00228854776389449,3.99426935584917e-05,0.999999999202291,-6.5039689868624e-05,-0.0023128405898482,-0.00912037970198081,0.000855376494433359
6.15034844465385,0.00228795969460659,3.99324298131963e-05,0.999999999202701,-2.53394178068803e-06,-0.00235437247393965,-0.010253506221843,0.00193707725939149
6.15375146944352,0.0022418175633516,3.91270976995386e-05,0.999999999234535,-0.000236651850651248,-0.00237254023409148,-0.00533870931736816,0.000401653852070523
6.15715449423318,0.00216563115756317,3.77973940742536e-05,0.999999999285679,-0.000390741680844013,-0.00237957859887673,-0.00206826726817149,-0.00278079444910249
6.15998081132112,0.00217964336222389,3.80419531808707e-05,0.999999999276405,8.65292531529341e-05,-0.002412575159278,-0.0116747552997742,-0.0013212482510338
6.16281697702734,0.00219069803506678,3.82348936195695e-05,0.999999999269046,6.80286199131283e-05,-0.00244431326395288,-0.0111904972989627,1.61068812349454e-05
6.16619999283699,0.00219041787574745,3.82300039170207e-05,0.999999999269233,-1.44536792834316e-06,-0.00247698609706434,-0.00965790139624252,0.0008860650301039
6.16958300864663,0.00219460154125527,3.83030226548807e-05,0.999999999266439,2.15839186164438e-05,-0.00251081900132044,-0.0100008117489923,0.00200704256254645
6.17293168861489,0.00217893818017812,3.80296454323549e-05,0.999999999276873,-8.16373094223824e-05,-0.0025368474846187,-0.00777275927977788,0.00206707226703722
6.17658525036848,0.00212396498283192,3.70701821389916e-05,0.999999999312901,-0.000262610394663906,-0.00255130235138323,-0.00395637674669575,0.000121964559913995
6.17909227740827,0.00210511330577504,3.67411583050505e-05,0.999999999325044,-0.000131240640385053,-0.0025676507287266,-0.00652102154618779,-0.000305470063077367
6.18159930444807,0.00210199313293894,3.66867010158659e-05,0.999999999327043,-2.17218595399614e-05,-0.00258936562173189,-0.0086616110080248,0.000158215127695743
6.18518380272727,0.00208196923491278,3.63372180664586e-05,0.999999999339803,-9.74984286273325e-05,-0.00261448501529473,-0.00700778508070081,-5.6276175740208e-06
6.19034439897564,0.00208104944871043,3.63211647688239e-05,0.999999999340387,-3.11074474203591e-06,-0.00265976954067976,-0.00877505683561273,0.00108225209813168
6.1923864838408,0.00205916700854179,3.59392441397597e-05,0.999999999354185,-0.000187024856718417,-0.00266977437517846,-0.00489932356357423,0.000575995443881074
6.19442856870596,0.00204660438326126,3.5719984966061e-05,0.999999999362041,-0.000107370255556044,-0.00268294769658796,-0.00645091770388622,0.000438729386716162
6.19778365532678,0.00203563407388406,3.55285169475879e-05,0.999999999368862,-5.70679807210748e-05,-0.0027077134864967,-0.00738156498108051,0.00069237526615543
6.20233094523649,0.00206078717622372,3.59675214002255e-05,0.999999999353169,9.65419979007987e-05,-0.002754888976297,-0.0103744187718272,0.00319657526391797
6.20583494387229,0.00200979187483844,3.50774854885671e-05,0.999999999384785,-0.000254005781602416,-0.00276572630987879,-0.00309284754596565,0.00139253462000977
6.20831633710211,0.00197180268345887,3.44144490192237e-05,0.999999999407823,-0.000267203304086067,-0.00277248072024236,-0.00272202337074374,-0.000100520667625601
6.21079773033193,0.00196556758190422,3.4305625967963e-05,0.999999999411562,-4.38556251452877e-05,-0.00279031902488188,-0.00718882619053408,0.000158246061060174
6.21428583931551,0.00194606892325199,3.39653101749575e-05,0.999999999423179,-9.75645528294617e-05,-0.00281122618971177,-0.00599383933480684,-4.10258231378722e-05
6.21905009540576,0.00190841293654451,3.33080892241966e-05,0.999999999445286,-0.000137948283778759,-0.00283520559800303,-0.00503319045765008,-0.000990892952310198
6.22130537982614,0.00192375371465855,3.35758363119546e-05,0.999999999436332,0.000118719876521077,-0.00285808912605918,-0.0101466262300776,0.000448849107589652
6.22356066424653,0.00191312541020786,3.33903374054898e-05,0.999999999442543,-8.22507817161827e-05,-0.00287157004754091,-0.00597748175790726,0.000433005326647735
6.22729411565996,0.00190247983167364,3.3204537009391e-05,0.999999999448729,-4.97663892271904e-05,-0.00289599261667064,-0.00654155268817668,0.000755104737409457
6.23225074871479,0.00196198201943415,3.42430460973611e-05,0.999999999413707,0.000209519058012468,-0.00295390599212363,-0.0116840150990408,0.00518847200519804
6.23485299232825,0.00186621459431152,3.2571589213747e-05,0.999999999469546,-0.000642313761823516,-0.00293882680997962,0.0057946850425441,0.000630008307436653
6.23745523594172,0.00184521912325964,3.22051491160768e-05,0.999999999481414,-0.000140816984223153,-0.00295012354344406,-0.0043411513841287,9.41292738979244e-05
6.24070455646806,0.00182597253269311,3.186923274108e-05,0.999999999492176,-0.000103380498306148,-0.00296640696359481,-0.00501133083632651,-0.000184395983074677
6.2447178604086,0.00179125095835267,3.12632269476652e-05,0.999999999511305,-0.000150999227243826,-0.00298216720318008,-0.00392699875682314,-0.00114173362163677
6.24774157298035,0.00181115184705716,3.16105629794598e-05,0.999999999500386,0.000114870717280356,-0.00301009078501067,-0.00923486646564935,0.000626367982598354
6.2507652855521,0.00181033296500666,3.15962707915003e-05,0.999999999500838,-4.72670190288314e-06,-0.00303036298668431,-0.00670440764213571,0.0012934448582337
6.25397154685188,0.00179713239473945,3.13658773773108e-05,0.999999999508091,-7.18573418577856e-05,-0.00304716686583115,-0.00524095748153635,0.00133374168554105
6.25766293311323,0.00177321135924108,3.09483765475804e-05,0.999999999521099,-0.000113101366363208,-0.00306302341560267,-0.00429555420345677,0.000924146816482961
6.26037262548445,0.00174235342847261,3.04098040555715e-05,0.999999999537622,-0.000198757799217912,-0.00306967195085116,-0.00245361256469228,-0.000145516704869757
6.26308231785568,0.00173434170503725,3.02699731029298e-05,0.999999999541864,-5.1603995416974e-05,-0.00308422524776423,-0.005370829939077,2.36716569927955e-05
6.26674040148302,0.00171439851837319,2.99218988324597e-05,0.99999999955234,-9.51520812772868e-05,-0.00310027946040288,-0.00438869481240604,-0.000235405533785833
6.27065641392948,0.00171352421898053,2.99066394294165e-05,0.999999999552797,-3.89666867984908e-06,-0.00312430975368412,-0.00613641902566973,0.000554252145684581
6.2734101319578,0.00171247391351129,2.98883081408347e-05,0.999999999553345,-6.6569228953374e-06,-0.00314078371375671,-0.00598244261147711,0.00113913796063189
6.27616384998611,0.00169336002786942,2.95547079036817e-05,0.99999999956326,-0.000121145387388976,-0.00315061340006442,-0.00356960524157777,0.000732044281687635
6.27984587114162,0.00167947441254238,2.93123581976644e-05,0.999999999570393,-6.58197484171694e-05,-0.00316756606822645,-0.00460417456773037,0.000806761954314957
6.28306668026069,0.00165010657604057,2.87997927567368e-05,0.999999999585286,-0.000159141824987244,-0.00317595263429257,-0.00260386932478171,-6.52219861483807e-05
6.28628748937976,0.00162609880375308,2.83807780844224e-05,0.999999999597266,-0.000130096089831928,-0.00318595119003365,-0.00310436147298604,-0.000665223632243397
6.28976951942531,0.0016060439821998,2.8030755417557e-05,0.999999999607138,-0.000100522586659438,-0.0031985306055514,-0.00361266713761769,-0.00101166389019348
6.29373527708388,0.00162392272463479,2.83427983390397e-05,0.999999999598343,7.86843141894302e-05,-0.00322692739661446,-0.00716049580126054,0.000707649731890759
6.29608011574393,0.00161618792757587,2.82078006634418e-05,0.99999999960216,-5.75722662510163e-05,-0.00323700177204503,-0.0042964045254939,0.000880513969437294
6.29842495440397,0.00159922071654967,2.79116669662705e-05,0.999999999610469,-0.00012629171564504,-0.00324364208000713,-0.00283188266862519,0.000482457141866099
6.3,0.00159032668227492,2.77564367844511e-05,0.99999999961479,-9.85559924558071e-05,-0.00324890824085124,-0.00334349739296031,0.000339897997959897
6.30545603108416,0.00159212582013809,2.77878376638486e-05,0.999999999613918,5.75526035780598e-06,-0.00327822707321992,-0.00537365566955393,0.00158511307513046
6.31150517879242,0.00220098421547587,3.84144213350305e-05,0.999999999262166,0.00175670758750903,-0.00352561800030325,-0.0408968236543051,0.036511385283279
6.31293800823202,0.00174487213934592,3.04537638531963e-05,0.999999999536284,-0.00555590028130813,-0.00337057952754442,0.108204416013003,0.0115344907457084
6.31437083767163,0.00159203400120414,2.7786235121136e-05,0.999999999613963,-0.00186172105308302,-0.00332333931228745,0.0329698803996936,0.00346668026311008
6.31684027170168,0.00152898891024785,2.66858907071377e-05,0.999999999643932,-0.000445585669030244,-0.00331305255869981,0.00416563206890752,0.000567603364871159
6.32013548871802,0.00150020840687547,2.61835761630839e-05,0.99999999965721,-0.000152437469744545,-0.00331876161522512,-0.00173252823622931,-0.000301605365529054
6.32380032595319,0.00145233669838307,2.53480572316139e-05,0.999999999678738,-0.000227982548236802,-0.00331913978550529,-0.000103188833747354,-0.00213628067049751
6.3272159029826,0.00144443927719528,2.52102212295143e-05,0.999999999682222,-4.03551145112076e-05,-0.00333224086054873,-0.0038356842579278,-0.00191593889986561
6.33007527501499,0.00148060927363142,2.58415067575539e-05,0.999999999666108,0.000220777681635325,-0.00335819481884151,-0.0090768035774033,0.000615338384864648
6.33293464704739,0.00147706626947163,2.57796696695743e-05,0.999999999667704,-2.16261078655071e-05,-0.00336981901885359,-0.00406529821246725,0.00101705592124054
6.33609874395402,0.00146496903922168,2.55685331714103e-05,0.999999999673125,-6.67288343132284e-05,-0.00337953553997872,-0.00307086711053859,0.00100878109425402
6.33995235084434,0.00144831501157688,2.52778655553844e-05,0.999999999680515,-7.54274175836818e-05,-0.00339035056657923,-0.00280646856524622,0.000911135125655388
6.34263605641895,0.00141954022233886,2.47756507417707e-05,0.999999999693084,-0.00018713484017107,-0.00339155787532217,-0.0004498663170667,-0.000131258531481831
6.34531976199357,0.00141255430047788,2.46537234040469e-05,0.999999999696097,-4.54324568665828e-05,-0.00340033809693812,-0.00327167842069338,8.5684819931338e-06
6.34904623128053,0.00139330297516092,2.43177243919941e-05,0.999999999704324,-9.01655122527586e-05,-0.00340884364065211,-0.00228246714490362,-0.000307379874148028
6.35404834257606,0.00139509164094307,2.43489424991012e-05,0.999999999703564,6.24098611004766e-06,-0.00342956407716142,-0.00414233816185363,0.000562762062067035
6.35606674645881,0.0013806727357967,2.4097285129838e-05,0.99999999970966,-0.000124681373974814,-0.00343237053650626,-0.0013904349713287,0.000344582418099829
6.35808515034156,0.00137186796449615,2.39436128808028e-05,0.999999999713352,-7.61355298575866e-05,-0.00343707824921018,-0.00233239380094291,0.000283219650576758
6.36138263897132,0.00136497576980157,2.3823321390728e-05,0.999999999716225,-3.64797285495298e-05,-0.00344722853413833,-0.0030781864830502,0.000542074224143626
6.36585438963885,0.00139246723718006,2.43031380125485e-05,0.999999999704679,0.000107299502506515,-0.00347369048430845,-0.00591758175656874,0.00287858426113845
6.37019200735168,0.00141671082438855,2.47262684317039e-05,0.999999999694306,9.75490343537999e-05,-0.00349805591660401,-0.00561723828808067,0.00526916742579642
6.37208817422866,0.00134065442756349,2.33988338902875e-05,0.999999999726247,-0.000700062087320308,-0.00347775684352689,0.0107053199397356,0.00129605981193026
6.37398434110563,0.00131916222908076,2.30237242633729e-05,0.999999999734954,-0.000197825218640381,-0.00347678038631908,0.000514963751173722,0.000457595837610403
6.3771150498279,0.00130112615572304,2.27089353992316e-05,0.999999999742152,-0.00010054875497815,-0.00348119643319189,-0.00141055820409018,6.80969824720769e-05
6.38136523907975,0.00124435538015012,2.1718098446818e-05,0.999999999764162,-0.00023312772536561,-0.00347535972693845,0.00137328149585333,-0.00219507443972933
6.38533228802246,0.00115293520715722,2.01225154256984e-05,0.999999999797542,-0.000402209058802322,-0.00345588481278453,0.0049091691166844,-0.00648764693185841
6.38781779369525,0.0012619182110298,2.2024627671566e-05,0.999999999757458,0.000765281796421081,-0.00350263570166,-0.0188094074325411,-0.000119886046282823
6.39030329936805,0.00126364466650845,2.20547600040502e-05,0.999999999756794,1.21232201645746e-05,-0.00351110819693864,-0.00340876119148957,0.00044749312372695
6.39346542760646,0.0012571144069344,2.19407854735007e-05,0.999999999759301,-3.6043614295095e-05,-0.00351859133020842,-0.00236648633628056,0.000670064845388897
6.397508643703,0.00126223669482014,2.20301862623204e-05,0.999999999757335,2.21113061252685e-05,-0.00353263949417548,-0.00347450238414734,0.00168695771367007
6.40079350472305,0.0012210390624549,2.13111519336895e-05,0.999999999772917,-0.000218893379175603,-0.0035276665764298,0.00151388984658174,7.50054059597684e-05
6.40407836574309,0.00117294281826231,2.04717141148689e-05,0.999999999790455,-0.000255547438348687,-0.00352001421109884,0.00232958572197391,-0.00193832379731591
6.40703231896909,0.00117694348152824,2.05415388611082e-05,0.999999999789023,2.36377291419411e-05,-0.00352974588735898,-0.00329445848177282,-0.00123632867403949
6.41012795288685,0.00118615497324499,2.07023097205515e-05,0.999999999785707,5.19347131310208e-05,-0.00354153617309821,-0.00380868218027907,-0.000214709173198426
6.41318861128375,0.00119287390628034,2.08195772242142e-05,0.999999999783273,3.83144697908019e-05,-0.00355215115861056,-0.00346820328694693,0.000680652156768176
6.41624926968065,0.0011867675080778,2.07130004701649e-05,0.999999999785486,-3.48215123191325e-05,-0.00355801505971447,-0.00191589532168936,0.000890654128979481
6.4198468271719,0.00118093611222472,2.06112234125632e-05,0.999999999787589,-2.82905993499111e-05,-0.00356514571699956,-0.0019820829277694,0.0012103835052064
6.42330530001797,0.00114500631600093,1.99841301690167e-05,0.999999999800317,-0.000181320852175402,-0.00356097346901894,0.00120638448422421,-0.000108790399409035
6.42676377286405,0.00108083501500205,1.88641296815093e-05,0.999999999822072,-0.000323842498572738,-0.00354652179371515,0.00417862910798648,-0.00297356234205538
6.42968240231016,0.00109738446719998,1.91529721117125e-05,0.999999999816582,9.89650915226007e-05,-0.0035592893722428,-0.00437451165465546,-0.00163491497564285
6.43263451207651,0.00111585006605008,1.94752576099391e-05,0.999999999810357,0.000109171244904337,-0.00357264931810364,-0.00452555864050786,-0.000158432135803032
6.43586364793834,0.00112555703148824,1.96446761171798e-05,0.999999999807043,5.24655866220676e-05,-0.00358334005574322,-0.00331071162596646,0.000899323241100598
6.43909278380017,0.00112625477311901,1.96568540059625e-05,0.999999999806804,3.77125314823733e-06,-0.00359062814296074,-0.00225697757213495,0.00148409994661118
6.44246618251965,0.00111284531528598,1.94228148159136e-05,0.999999999811377,-6.93778617814086e-05,-0.00359300351519294,-0.00070414808023716,0.00134043002572939
6.44573921370104,0.00107354210269578,1.87368443497282e-05,0.999999999824465,-0.000209582624880214,-0.00358575422602728,0.0022148549047982,-0.000224086547355791
6.44901224488243,0.00103387318865999,1.804449118923e-05,0.999999999837198,-0.000211532711497535,-0.00357817659049772,0.00231517364473839,-0.00183675634910351
6.45203073574343,0.00103784615737525,1.81138325743787e-05,0.999999999835945,2.29722031151235e-05,-0.00358543759974852,-0.00240550976801472,-0.00116345724442309
6.45530698594789,0.00104771228001178,1.82860288987633e-05,0.999999999832811,5.25589663995873e-05,-0.00359510617098853,-0.0029511089314348,-0.000126795058876262
6.45829900139468,0.00105799205069903,1.84654447435755e-05,0.999999999829514,5.99648792038199e-05,-0.00360421818338701,-0.00304544296663764,0.000913447140932244
6.46129101684146,0.00104900455283884,1.83085833144256e-05,0.999999999832398,-5.24266775911448e-05,-0.00360631797380594,-0.000701797987435512,0.000918316646925474
6.46479681254614,0.0010389457483809,1.81330240578495e-05,0.999999999835597,-5.00768645391865e-05,-0.00360874440394868,-0.000692119663305127,0.000946016065392209
6.46811543219415,0.00100676039392096,1.75712836516917e-05,0.999999999845625,-0.000169269294414223,-0.00360278252503965,0.00179649358510053,-0.000253797651045615
6.47143405184216,0.000971881371472754,1.69625298701842e-05,0.999999999856136,-0.000183435839646122,-0.00359567134840612,0.00214281158667912,-0.00162195402169632
6.47459248843667,0.000969394288910872,1.69191220907167e-05,0.999999999856872,-1.37434386206231e-05,-0.00359964843616248,-0.001259195059755,-0.00129353057917113
6.47801466483829,0.000983738440844432,1.71694747703272e-05,0.999999999852605,7.31559832884563e-05,-0.00360982525252031,-0.00297378485604173,-2.71671300770123e-05
6.48080751982928,0.000993201933317455,1.73346438726946e-05,0.999999999849755,5.9139877625015e-05,-0.00361718597802394,-0.00263555591942664,0.000933968504486322
6.48360037482028,0.000979856817575587,1.71017276639738e-05,0.999999999853765,-8.33971722506832e-05,-0.00361630445969278,0.000315633405240398,0.000654420655430337
6.48716473938394,0.000971156071915203,1.69498710048435e-05,0.999999999856351,-4.26041322204544e-05,-0.00361795405692545,-0.000462802612696887,0.000736166701870165
6.49065653150542,0.000942557420143643,1.64507303698681e-05,0.999999999864687,-0.000142946835802432,-0.0036122279317666,0.00163988145904703,-0.000262761544157722
6.4941483236269,0.000894240832154864,1.56074468262427e-05,0.999999999878204,-0.000241504509545941,-0.00359929093861001,0.00370497231980627,-0.00234384083595905
6.49727748102126,0.000897161668831441,1.56584250431558e-05,0.999999999877407,1.62913559449284e-05,-0.00360396809483223,-0.00149470149077419,-0.0017591128511077
6.50049411251725,0.000920686811178916,1.60690162340679e-05,0.999999999870893,0.000127646325504043,-0.00361591159306367,-0.0037130452295611,-4.35567429268738e-05
6.50338463465776,0.000931951694052146,1.62656255300316e-05,0.999999999867715,6.80186092451027e-05,-0.00362299235479319,-0.0024496479823813,0.0010043869303401
6.50627515679826,0.000920031254365596,1.6057574609243e-05,0.999999999871077,-7.19769338211312e-05,-0.00362169653999096,0.000448297829680847,0.000798504534508489
6.50977254721983,0.000909960657372725,1.58818095340984e-05,0.999999999873884,-5.02560635161681e-05,-0.00362150304780805,5.53247306085016e-05,0.000776128010388075
6.51311232591165,0.000881081521874383,1.53777735345843e-05,0.999999999881762,-0.000150918981790673,-0.00361429216579789,0.00215908977077621,-0.000287646656380801
6.51645210460347,0.000849034262655436,1.48184433450374e-05,0.999999999890207,-0.000167475225523384,-0.0036057847645213,0.00254729491430775,-0.001543200841077
6.51968238284763,0.000844253345720057,1.47350006032598e-05,0.99999999989144,-2.58314409718497e-05,-0.00360671960137191,-0.00028939824372759,-0.00136889431898482
6.52319275499243,0.000862799862284947,1.50586983820568e-05,0.999999999886618,9.22118127311996e-05,-0.00361600245610243,-0.00264440758632288,8.23117039810638e-05
6.52587546950439,0.000870497342638294,1.5193044758315e-05,0.999999999884586,5.00785214656491e-05,-0.00362067022108878,-0.00173994100584792,0.000908526794576218
6.52855818401635,0.000856266692228689,1.49446730539953e-05,0.999999999888328,-9.2582234613655e-05,-0.00361743415531417,0.00120626543010143,0.000530168305857491
6.53214675424779,0.000849015323573561,1.48181127957014e-05,0.999999999890212,-3.52675996694603e-05,-0.00361713299482755,8.39221381196421e-05,0.000645468282468916
6.53581606370704,0.000822330769858099,1.43523794739908e-05,0.999999999897005,-0.000126926694772487,-0.00360978038177838,0.00200381383222904,-0.000264984017122493
6.53948537316629,0.000748906582265375,1.30708856500164e-05,0.999999999914576,-0.00034924659212492,-0.00358561402047763,0.00658607881649816,-0.00370522015978642
6.54251042524403,0.000767200092370307,1.33901676330664e-05,0.999999999910352,0.000105545945944728,-0.00359358211355529,-0.00263403500927321,-0.00236303056981273
6.54543593766979,0.000800783210422442,1.39763036161072e-05,0.999999999902331,0.000200353270741917,-0.00360681818756164,-0.00452436089138712,-0.000173313442225815
6.54921326820888,0.000855157911387097,1.49253211776286e-05,0.999999999888617,0.000251240274526819,-0.00362765047661318,-0.0055150823672795,0.0032165773839519
6.55234330021156,0.000861418931228979,1.50345965883899e-05,0.99999999988698,3.49119148558122e-05,-0.00363096755909518,-0.00105975992550839,0.00402396173715472
6.5549850899337,0.000797745856578735,1.39232917909915e-05,0.999999999903071,-0.000420663608538648,-0.00360914046036794,0.00826223924801093,0.00096692612798028
6.55881625916986,0.000759650134974894,1.32583960181428e-05,0.999999999912107,-0.000173549047803674,-0.00359661162933267,0.00327023690757957,-0.000531185420064934
6.56142982820549,0.000751273451164771,1.31121953052704e-05,0.999999999914035,-5.59391050673867e-05,-0.00359421682976296,0.000916294743725065,-0.000687869131142477
6.56404339724113,0.000755008378156376,1.31773820785898e-05,0.999999999913178,2.49416688200538e-05,-0.00359603951164936,-0.000697391904157421,-0.000160819901783928
6.56775042081005,0.000744142384991893,1.29877347213866e-05,0.999999999915659,-5.11589294465776e-05,-0.00359272399927083,0.000894386646561745,-0.000277732458986493
6.57119175056524,0.000751724384528581,1.31200655771753e-05,0.999999999913932,3.84534076109177e-05,-0.00359577164143888,-0.000885600156001495,0.000559395445430201
6.57463308032043,0.000769222490160293,1.34254651332835e-05,0.999999999909878,8.87446358997056e-05,-0.00360219501288776,-0.00186653761941763,0.00194222461670776
6.57794461411641,0.000761475544099601,1.32902554175621e-05,0.999999999911685,-4.0829936840065e-05,-0.00359949183054994,0.000816293145219794,0.0019727557241995
6.58144265271433,0.000717739613893883,1.25269194341135e-05,0.999999999921538,-0.00021821828494544,-0.00358384414271922,0.0044732747774711,0.00010534491328724
6.58405375338064,0.000699121321921939,1.22019689381303e-05,0.999999999925556,-0.000124449623946287,-0.00357705509064077,0.00260007289877861,-0.000618464736353667
6.58666485404695,0.000701362208804498,1.22410797923927e-05,0.999999999925078,1.49786849546047e-05,-0.0035776009144192,-0.000209039730055125,-0.000189278030453496
6.59024098469895,0.000690947358035576,1.20593063553846e-05,0.999999999927287,-5.08296409472145e-05,-0.00357341919332588,0.00116934237035701,-0.000317744563060557
6.59409229973002,0.000698142775137671,1.21848900748613e-05,0.999999999925764,3.26080101141636e-05,-0.00357529256879885,-0.00048642488548904,0.000510996866454505
6.5969918436918,0.000701881571299523,1.22501443779416e-05,0.999999999924967,2.25050228399461e-05,-0.00357599004987608,-0.000240548543639836,0.00108506417513701
6.59989138765357,0.000687686047337671,1.20023857457798e-05,0.999999999927971,-8.5447448097368e-05,-0.00357021104725386,0.00199307294470853,0.000683708781173117
6.60360130615165,0.000676912458738587,1.18143511524838e-05,0.999999999930211,-5.06842922309776e-05,-0.00356530280493617,0.00132300542996952,0.000567509363282876
6.60649568358659,0.000654905103021753,1.14302503355934e-05,0.999999999934675,-0.000132705849720505,-0.00355652668959727,0.00303212540041817,-0.000281780739189717
6.60939006102154,0.00064884174678215,1.13244248054978e-05,0.999999999935879,-3.65624499502745e-05,-0.00355332584059608,0.0011058851421876,-0.000275828170665404
6.61314193901589,0.000633774845081618,1.10614577627657e-05,0.999999999938822,-7.00894440449126e-05,-0.00354647361997144,0.00182634420281183,-0.000658689619147188
6.61669293165565,0.000646864120133835,1.12899087091117e-05,0.999999999936269,6.43343902779127e-05,-0.00354957098344276,-0.000872252855902451,0.000434004529723926
6.62024392429541,0.000699574469917611,1.2209877862653e-05,0.999999999925459,0.000259073799056609,-0.00356662078306332,-0.00480141789922561,0.00367171396095095
6.62318696589202,0.00066640864010067,1.16310249332324e-05,0.99999999993236,-0.000196685269460594,-0.0035533162776553,0.00452066509130363,0.00227317501990252
6.62607829713049,0.000627298580454297,1.09484256217953e-05,0.999999999940066,-0.000236084784198327,-0.00353783406127803,0.00535470172744786,0.000508969493970216
6.62932257299325,0.000599733201851031,1.04673190056371e-05,0.999999999945218,-0.000148293991182367,-0.00352615994429334,0.00359837371373876,-0.000603921758830326
6.63256684885601,0.000580810090195001,1.01370484025344e-05,0.99999999994862,-0.000101801023430515,-0.00351744891410294,0.00268504608081853,-0.00127059952924508
6.63589894097261,0.000578774000243135,1.01015119290094e-05,0.99999999994898,-1.06649132987177e-05,-0.00351457621080338,0.000862132017674328,-0.00103162589415356
6.63918394100029,0.000601703799195795,1.05017124175324e-05,0.999999999944857,0.00012182663171138,-0.00352050107163111,-0.00180361058684985,0.00055015129499911
6.64246894102797,0.000626663808823464,1.09373467668397e-05,0.999999999940187,0.000132613195026279,-0.00352703829329995,-0.00199002180022988,0.00226447086740152
6.64546714077172,0.000605802805667877,1.05732535765268e-05,0.999999999944103,-0.000121437269512652,-0.00351738944688607,0.00321821334085831,0.00149906001706602
6.64870892764629,0.000579174402837629,1.01085002726165e-05,0.999999999948909,-0.000143363312246385,-0.00350540800918177,0.00369593627461677,0.000437185164408037
6.65173275818333,0.000553807089909329,9.66575713965555e-06,0.999999999953287,-0.000146417971364306,-0.00349395103872278,0.00378889303440079,-0.000609397312666729
6.65475658872037,0.000546904926757455,9.54529166715107e-06,0.999999999954444,-3.98386983114615e-05,-0.00348897219966281,0.00164653375875013,-0.000670347606253489
6.65824794363778,0.000540126018005143,9.42697738973629e-06,0.999999999955566,-3.3887782886256e-05,-0.00348353771039474,0.00155655594937306,-0.000680426022740057
6.66154127835774,0.000556798509621672,9.71796726294255e-06,0.999999999952781,8.83572117512701e-05,-0.00348650884154847,-0.000902164950230842,0.000553322892723686
6.6648346130777,0.000573981687592201,1.00178702944698e-05,0.999999999949821,9.1063635203547e-05,-0.00348955975902611,-0.000926391556603256,0.00183228221472179
6.66799628106893,0.000561731383156851,9.8040621477118e-06,0.99999999995194,-6.76251103410404e-05,-0.00348217068129473,0.00233708211990694,0.00152778315957833
6.67144858112488,0.000532028347473825,9.28564637722926e-06,0.999999999956888,-0.000150165328072493,-0.00346819140190449,0.00404926546467156,0.000319255640308268
6.67422904442904,0.000509467372388293,8.89188307954259e-06,0.999999999960467,-0.000141617872501299,-0.00345733864585041,0.00390321858873313,-0.000634919883627602
6.6770095077332,0.000509685116173408,8.89568342551844e-06,0.999999999960433,1.36680314043939e-06,-0.00345451753690067,0.00101461829959201,-0.000353148976573043
6.68058232450866,0.00050134728577074,8.75016083252467e-06,0.999999999961717,-4.07304942136478e-05,-0.00344772715977442,0.00190056685046885,-0.00045061730695485
6.68409890284294,0.000513424454971617,8.96094719939215e-06,0.999999999959851,5.99407568490237e-05,-0.00344814826528738,-0.000119748651365947,0.000536134341679145
6.68761548117723,0.000548737540213817,9.57727680587949e-06,0.999999999954138,0.000175264006066752,-0.00345672600944713,-0.00243923022448609,0.00278759281263403
6.69072625240691,0.000529606702461028,9.24338069844328e-06,0.99999999995728,-0.000107335474966676,-0.00344631269563162,0.00334750229015208,0.00210425547387869
6.69389453605009,0.000490504287133117,8.56091480551598e-06,0.999999999963355,-0.000215405553862985,-0.00342864626755503,0.00557602477120817,0.000333258490301511
6.69682427714468,0.000465368741742415,8.12221677917901e-06,0.999999999967015,-0.000149739520383623,-0.00341615586137433,0.00426331398489564,-0.000748994866429163
6.69975401823927,0.00046310809003968,8.08276096372677e-06,0.999999999967334,-1.3467338641758e-05,-0.00341172991657439,0.00151069485563518,-0.000601403194951992
6.70323001974872,0.000458122878556428,7.9957526094386e-06,0.999999999968034,-2.50311612507789e-05,-0.00340556903386269,0.00177240507374823,-0.000549375622029839
6.70653568370432,0.000472785894436673,8.25167051481264e-06,0.999999999965955,7.74180040136512e-05,-0.00340652066524565,-0.000287879045100217,0.000546277924598336
6.70984134765992,0.000487901654171817,8.51549029112201e-06,0.999999999963743,7.98084075883302e-05,-0.00340754646071368,-0.000310314503171137,0.00168209907744537
6.71308018092084,0.000479127789191369,8.36235745909323e-06,0.999999999965036,-4.72802456001987e-05,-0.00340008098072967,0.00230499052671254,0.00154007787242409
6.71663855355457,0.000446466823129463,7.79231606444945e-06,0.99999999996964,-0.000160197217475059,-0.00338359799661469,0.00463216919969152,0.000158988592252493
6.71929901323844,0.000427659939088549,7.46407401590427e-06,0.999999999972144,-0.000123377945001389,-0.00337320746459533,0.00390554011487998,-0.000644391124517041
6.7219594729223,0.000430408973273229,7.51205371367546e-06,0.999999999971785,1.80343637843699e-05,-0.00337042941046502,0.00104420080001638,-0.000264600588546931
6.72555749157857,0.000421960024889162,7.36459174604653e-06,0.999999999972881,-4.09842142914618e-05,-0.00336226126216064,0.00227017953065752,-0.000397882661115936
6.72928511618584,0.000432524995685,7.54898527180581e-06,0.999999999971506,4.94667637414192e-05,-0.00336056862965416,0.000454078048305122,0.000485809800874546
6.7322664272871,0.000439113090930821,7.66396922527706e-06,0.999999999970632,3.85682505344454e-05,-0.00335847989140452,0.000700610630254307,0.00112751663755674
6.73524773838836,0.000427007423126347,7.45268546394234e-06,0.999999999972229,-7.08694108613382e-05,-0.00334967917127866,0.00295196302128146,0.000757878047984598
6.73894188689952,0.000415258650206853,7.24763069343357e-06,0.999999999973736,-5.55079932207873e-05,-0.00333984309176946,0.00266261074222514,0.000478878953999242
6.74180832866431,0.000393529813245627,6.86839094584057e-06,0.999999999976413,-0.00013230331495363,-0.00332765980281858,0.00425031797281155,-0.000450450931921491
6.74467477042909,0.000390607560084292,6.81738800659966e-06,0.999999999976762,-1.7793118935369e-05,-0.00332210808027351,0.00193679934938232,-0.000367465481017933
6.74834029169516,0.000380230878884396,6.63628075423578e-06,0.99999999997798,-4.94083212787927e-05,-0.00331256569480655,0.00260328198210036,-0.000618777687980674
6.75185803235923,0.000394916891018762,6.89260001996245e-06,0.999999999976246,7.28647419493893e-05,-0.00331208754737884,0.000135924581534269,0.000454525672624124
6.7553757730233,0.000438855673505253,7.65947644364901e-06,0.999999999970666,0.000218002546787805,-0.00332193067062524,-0.00279813783515152,0.00311715099595794
6.758393855398,0.000414480524494777,7.23404983776378e-06,0.999999999973834,-0.000140959242684631,-0.00330823552495209,0.00453769777391267,0.0021037255040035
6.76142096447521,0.000378068476884674,6.59853971958975e-06,0.99999999997823,-0.000209939616306814,-0.00329018571102197,0.00596272333428292,0.000414417992401225
6.76452391789609,0.000352066625171904,6.1447217955958e-06,0.999999999981121,-0.000146253540562153,-0.00327564991247459,0.00468450426924494,-0.00072913303140971
6.76762687131697,0.000343300807554496,5.99172941654553e-06,0.99999999998205,-4.9305406269904e-05,-0.00326718343759326,0.00272852142231911,-0.000957661661471919
6.77102270227077,0.000341385803574841,5.95830629191235e-06,0.999999999982249,-9.84239942698149e-06,-0.00326058009379017,0.00194454432300249,-0.000799607162848186
6.77428410549274,0.000361342973083614,6.30662460921251e-06,0.999999999980113,0.000106800138958753,-0.00326192333670539,-0.000411860424422911,0.000530593836646431
6.77754550871471,0.000378892080250473,6.61291431005313e-06,0.999999999978135,9.39134722085054e-05,-0.00326234594918293,-0.000129579953404682,0.00175014720976488
6.78068855484815,0.000367397703858947,6.41229959656177e-06,0.999999999979441,-6.3828116094427e-05,-0.00325259085554388,0.0031037067942603,0.00140955401935201
6.78415681779172,0.000340812091330154,5.94829312428373e-06,0.999999999982309,-0.000133786416957563,-0.00323681514211007,0.00454859210229777,0.000288644713070344
6.78694787267101,0.000319428755391428,5.57508350709912e-06,0.999999999984459,-0.000133716330681862,-0.00322407355090384,0.00456515251661843,-0.000664762144587795
6.78973892755031,0.000320576349638061,5.59511280517951e-06,0.999999999984347,7.17624659740441e-06,-0.00321930031874506,0.00171018928871264,-0.000396388536074393
6.79331618676029,0.000313719186606048,5.47543273292668e-06,0.99999999998501,-3.34558010000553e-05,-0.003210156654122,0.00255605313631078,-0.000496425743287883
6.79681478250385,0.000327473028020374,5.71548255040005e-06,0.999999999983667,6.86131908548996e-05,-0.00320842188762567,0.000495846511995316,0.000499099252330458
6.80031337824741,0.000362158405340554,6.3208565869228e-06,0.999999999980023,0.000173033434242233,-0.00321406427765711,-0.00161275850227068,0.00263616118847987
6.80343437143419,0.000345527995279537,6.03060117540679e-06,0.999999999981816,-9.30009756993706e-05,-0.00320212352314685,0.00382594699688689,0.00201627819744113
6.8066316582444,0.00030851016222606,5.38451810668056e-06,0.999999999985503,-0.000202072290378347,-0.00318273153172557,0.00606513978017963,0.000289567207792833
6.80953982823411,0.000284964939738853,4.97357645116971e-06,0.999999999987632,-0.000141305926741011,-0.00316864786820965,0.0048427923971947,-0.000775963320064108
6.81244799822382,0.000284503764932457,4.96552743237096e-06,0.999999999987672,-2.76772638027772e-06,-0.00316273021575146,0.00203483719284903,-0.000598460844039575
6.81593645059134,0.000280548303645902,4.89649160948624e-06,0.999999999988012,-1.9789813823547e-05,-0.00315436518988918,0.00239791889955628,-0.000566806653697726
6.81926292788942,0.000296216673173567,5.16995624615967e-06,0.999999999986636,8.22084782707297e-05,-0.00315324557296253,0.000336577353857681,0.000510768604746655
6.82258940518749,0.000314066710845825,5.48149817514118e-06,0.999999999984977,9.36552097217669e-05,-0.00315284733310741,0.000119718194183493,0.00172198783453433
6.82582085544965,0.000306119511215534,5.34279337528136e-06,0.999999999985727,-4.29233899980597e-05,-0.00314341596822347,0.00291861675681463,0.00155402276136682
6.82934679862859,0.000274231727060187,4.78624655061242e-06,0.999999999988546,-0.000157843390103344,-0.00312481168499796,0.00527639904596657,0.000132994626209858
6.83202398303069,0.000256081280081055,4.4694614901213e-06,0.999999999990012,-0.000118327695412751,-0.00311280287445738,0.00448561202254163,-0.000689893754619612
6.83470116743278,0.000259806146192091,4.53447266795418e-06,0.999999999989719,2.42834142402495e-05,-0.00310854048633951,0.00159211599863567,-0.000313837142609339
6.83829301216387,0.00025299912282716,4.41566769797714e-06,0.999999999990251,-3.30763100503228e-05,-0.00309857239162711,0.00277520200862507,-0.000436740375757804
6.84197747169921,0.000265404778690709,4.6321872386632e-06,0.999999999989271,5.87656177552197e-05,-0.00309518244697876,0.000920065647577135,0.000465209859930547
6.84566193123455,0.000327773466723526,5.72072619497039e-06,0.999999999983637,0.000295440605570888,-0.00310950144741503,-0.00388632316325691,0.00406340875567243
6.8486751831991,0.000296100971379029,5.16793686889455e-06,0.999999999986646,-0.000183452738963305,-0.00309176407098854,0.00588645643813767,0.00261899142997016
6.85157312922123,0.000250681315011027,4.37521432015755e-06,0.999999999990429,-0.000273546347203158,-0.00306934919731124,0.00773474505947499,0.000382029056642607
6.855370205821,0.000183286730029557,3.19895691422428e-06,0.999999999994883,-0.000309779741081612,-0.00303712302008242,0.00848710221722199,-0.00294643304796239
6.85852749801964,0.000160336603056159,2.79840163478953e-06,0.999999999996084,-0.000126866711800932,-0.00302204974067313,0.0047741160655868,-0.00402424425686411
6.86116501897105,0.000216997594781048,3.78732249782869e-06,0.999999999992828,0.000374943320360695,-0.00303639591298273,-0.00543926382912703,-0.000822397896025568
6.86491268045698,0.000239624238004833,4.18223192075467e-06,0.999999999991254,0.00010537489162558,-0.00303614749644989,6.62857447952144e-05,0.000598276927989179
6.86758017965272,0.000241148294943745,4.20883173232632e-06,0.999999999991143,9.97181615438968e-06,-0.00303075122134721,0.00202297159500529,0.000894932944587629
6.87024767884846,0.000228183529614855,3.98255389059068e-06,0.99999999999207,-8.48277075768268e-05,-0.00302017492866047,0.00396487193084804,0.000382895722716516
6.87394819257357,0.00022512316592052,3.92914046781645e-06,0.999999999992281,-1.44340561182727e-05,-0.00301076619875159,0.00254254695639654,0.0004670043046948
6.87723813044747,0.000205812975301425,3.59211406232792e-06,0.999999999993548,-0.000102441571363484,-0.00299645878495096,0.00434884011461689,-0.000356537303295691
6.88052806832138,0.000188114307320259,3.2832140328411e-06,0.99999999999461,-9.38923594694304e-05,-0.00298268502328852,0.00418663275428215,-0.00110840919614659
6.88398959787985,0.000178302267792632,3.11196163674904e-06,0.999999999995158,-4.9473041671381e-05,-0.00297128412500885,0.00329360130748402,-0.00144216959018436
6.88785274995518,0.000210216942061226,3.66897778243432e-06,0.999999999993269,0.000144186957910694,-0.00297375551072696,-0.000639732961560281,0.000427979725509924
6.89023304599665,0.000210016353735622,3.6654768557115e-06,0.999999999993282,-1.4707946666508e-06,-0.00296818715789875,0.00233935305995548,0.000646194548341659
6.89261334203812,0.000199151453255855,3.47584856943925e-06,0.999999999993959,-7.96658411263601e-05,-0.00295880731262871,0.00394062129526076,0.000222882284934858
6.89616334877465,0.000198735704258681,3.46859238057675e-06,0.999999999993984,-2.04399298397924e-06,-0.00295039794834415,0.00236883051460942,0.000419708790430356
6.90112232418345,0.000212243118781936,3.70434123743772e-06,0.999999999993139,4.75398318055628e-05,-0.00294359175656021,0.00137249960382088,0.00154315874296286
6.90330594278907,0.000183393002196895,3.20081171344754e-06,0.999999999994877,-0.000230594080256948,-0.00292819502517275,0.00705101676084159,3.72392955652069e-05
6.90548956139468,0.00018050706124227,3.15044254177145e-06,0.999999999995037,-2.30668357317012e-05,-0.002922016763812,0.00282936834521488,-2.80136051514885e-06
6.909166577521,0.000170601271746119,2.97755390005495e-06,0.999999999995567,-4.70187336084264e-05,-0.00290978509133578,0.00332652130314917,-0.000318793123754459
6.91405880725178,8.12482936130075e-05,1.41805023517359e-06,0.999999999998995,-0.00031877155217614,-0.00286635763330402,0.00887682313004834,-0.00487400269561819
6.91700231718952,0.000159215417934995,2.77883326290092e-06,0.999999999996139,0.000462299450830452,-0.00288704205529046,-0.00702712830055494,-0.000531496446064307
6.91994582712726,0.000188992439390014,3.29854032872559e-06,0.99999999999456,0.000176560323158406,-0.00289056300996233,-0.00119617556806073,0.00126032289362442
6.92277162924886,0.000178737327778618,3.11955486594814e-06,0.999999999995134,-6.33397014639827e-05,-0.00288010658842148,0.0037003374938828,0.000892498198236755
6.92594981496126,0.000168838686493534,2.94679098405039e-06,0.999999999995658,-5.43592783846547e-05,-0.00286890135889847,0.00352566858484334,0.000550001670134706
6.93056622332238,0.000113507045582721,1.98107166962848e-06,0.999999999998038,-0.000209192783411183,-0.00283801130458954,0.00669136087897043,-0.00204257526879604
6.93277740657509,0.000140119342199221,2.4455438671026e-06,0.99999999999701,0.000210055949413193,-0.00284208616234862,-0.00184284036797165,-0.000604616366394099
6.93498858982781,0.000147298444030575,2.57084283139529e-06,0.999999999996695,5.66660244641982e-05,-0.00283923656892847,0.00128871879644354,-0.000114805519456467
6.93849364440966,0.00013982989014929,2.44049197580467e-06,0.999999999997022,-3.71893939300569e-05,-0.00282799053011839,0.00320852030900955,-0.000328496768073165
6.94333813794037,9.86278810563481e-05,1.72138125869777e-06,0.999999999998518,-0.000148438781588001,-0.00280141480527269,0.00548575917735762,-0.00234643533489408
6.94563315460691,0.000137570296277684,2.40105462298738e-06,0.999999999997117,0.000296151820681951,-0.00280959555427511,-0.00356457062891751,-8.10072744405038e-05
6.94792817127344,0.000137674503701786,2.40287338564298e-06,0.999999999997113,7.9248341945428e-07,-0.00280395163020585,0.00245920831493144,5.64381451980038e-05
6.95177997631498,0.000141070661541914,2.46214752187046e-06,0.999999999996969,1.53886646879604e-05,-0.00279559729356612,0.00216894067836599,0.000439308937974719
6.95676132932009,0.000245378913414605,4.28266995403784e-06,0.999999999990829,0.000365467460409433,-0.00282027668098973,-0.00495435424839934,0.00635527329187719
6.95949916934261,0.000135812073765366,2.37036785116483e-06,0.999999999997191,-0.000698471089308361,-0.0027744630253778,0.0167335035046013,0.000600677747949229
6.96223700936513,0.000112049896222387,1.95563961559737e-06,0.999999999998088,-0.00015148008362673,-0.00275914873357816,0.00559356707245502,-0.000564040602272417
6.96519909265606,0.000108576986946875,1.89502591411673e-06,0.999999999998204,-2.04631995550272e-05,-0.00275047003332674,0.00292993120012016,-0.000613938612187031
6.96872127333678,0.00010278750069605,1.79398031704107e-06,0.999999999998391,-2.86883627602529e-05,-0.00273953646331022,0.00310420475483894,-0.000763150247550519
6.97223831818295,0.000121852654566982,2.12673002448754e-06,0.999999999997738,9.46105955429911e-05,-0.00273743031333539,0.000598840807254781,0.000413990753659022
6.97575536302911,0.000173768171450547,3.03282672697742e-06,0.999999999995401,0.000257630124756815,-0.00274698277321679,-0.00271604722123619,0.00337631973886091
6.9787107961959,0.000145157600424283,2.53347806169535e-06,0.999999999996791,-0.000168959552493444,-0.00272930160583167,0.00598259760492521,0.00202545549628566
6.9816736274816,0.000111450985210451,1.94518664651266e-06,0.999999999998108,-0.000198557176719354,-0.00270977328574143,0.0065911009460792,0.000366685200143169
6.98486578025329,8.75887732191736e-05,1.52871248045662e-06,0.999999999998831,-0.000130468118490193,-0.00269314471521909,0.00520920260138054,-0.000764485316292951
6.98805793302499,7.6323036445969e-05,1.3320882811014e-06,0.999999999999113,-6.159611190878e-05,-0.00268097813724607,0.00381140216123069,-0.00123368320798244
6.99141623269811,7.8205797830751e-05,1.36494866629522e-06,0.999999999999068,9.78482815482487e-06,-0.00267304423284135,0.00236247660333331,-0.000996610223445571
6.99465031087187,0.00010297042234675,1.79717290211896e-06,0.999999999998385,0.000133646811425426,-0.00267354851493762,-0.000155927614973384,0.000475359981106494
6.99788438904564,0.000123059676838722,2.14779653727425e-06,0.999999999997694,0.000108415324651156,-0.00267237313311882,0.000363436427831733,0.00171680795679621
7,9.42484884559529e-05,1.6449464385835e-06,0.999999999998647,-0.000237685524200548,-0.00265667535145162,0.00741997560318898,0.000278590075290282
7.00360753580972,9.45072602003539e-05,1.64946285753442e-06,0.99999999999864,1.2519401578089e-06,-0.00264745600183255,0.00255558090212787,0.000462645723960148
7.00872414682892,6.58999677822556e-05,1.15017141475829e-06,0.999999999999339,-9.75824507477824e-05,-0.00262404201529338,0.00457607319597025,-0.000666315178425606
7.01076296995683,7.66203847307026e-05,1.33727798769515e-06,0.999999999999106,9.17718513076746e-05,-0.00262256969847301,0.000722140533046253,-0.000156031617950247
7.01280179308474,7.78414952971045e-05,1.35859038760974e-06,0.999999999999077,1.04532853403893e-05,-0.00261771262768489,0.00238229139234146,-2.38867893252976e-05
7.0161439450897,7.03665690969556e-05,1.22812831407366e-06,0.999999999999246,-3.90353500805813e-05,-0.00260636815267091,0.00339436237404308,-0.000280166166107357
7.02067543527297,2.13902087341697e-05,3.73329570100102e-07,0.99999999999993,-0.000188635241256924,-0.00257715018683489,0.00644776103541269,-0.00273319746225974
7.02507944111993,-2.25887264537596e-06,-3.94247650450447e-08,0.999999999999999,-9.37224766469428e-05,-0.00255724896887101,0.00451888999593245,-0.00415095101142795
7.0269343133628,4.81517827828355e-05,8.40407150265498e-07,0.999999999999647,0.000474335587635407,-0.00257032798260272,-0.00705116688331329,-0.00106835653329187
7.02878918560567,6.14680393211734e-05,1.07281967089961e-06,0.999999999999425,0.000125298398058152,-0.00257021223707208,6.24008101317825e-05,-0.000228942074928136
7.03177987472588,6.67959179570099e-05,1.16580869524156e-06,0.99999999999932,3.10928420188171e-05,-0.0025642770130633,0.00198456735896327,0.000184766960556703
7.03585293750716,9.31030542874182e-05,1.62495484097776e-06,0.99999999999868,0.000112727490439734,-0.00256295350175302,0.000324942526388125,0.00176456587131111
7.03990063046121,0.000157618386644333,2.75095980862161e-06,0.999999999996216,0.000278184383160494,-0.00257526736343984,-0.00304219263333283,0.00548153256749662
7.04245020287983,5.85340378615521e-05,1.02161168517093e-06,0.999999999999478,-0.000678289469568419,-0.00253332566697282,0.0164504825046968,0.000214827783572197
7.04499977529846,4.81918226554275e-05,8.41105977874307e-07,0.999999999999646,-7.07984232878537e-05,-0.00252293777364348,0.00407436684420905,-0.000261888485740486
7.04818234576628,4.20703276727585e-05,7.34265735282453e-07,0.99999999999973,-3.35704248097173e-05,-0.00251237661325719,0.00331843724845784,-0.000469510964206175
7.05221280363224,2.31537012455469e-05,4.04108320757894e-07,0.999999999999918,-8.19156099642633e-05,-0.00249501882009821,0.00430665540647925,-0.00135017848347972
7.05529290890317,5.13965414011892e-05,8.97038871588211e-07,0.999999999999598,0.000160036916751629,-0.0024969301643923,-0.000620545119718899,0.000283604280599625
7.0583730141741,6.37040386427065e-05,1.1118452211327e-06,0.999999999999382,6.97399376481661e-05,-0.00249316677280685,0.00122183862381979,0.00107767872600364
7.06156460965203,6.11708987618838e-05,1.06763358979879e-06,0.99999999999943,-1.38525172252183e-05,-0.00248382336737626,0.00292750302950536,0.00108056168247943
7.06517891954543,4.78531182695853e-05,8.35194471150418e-07,0.999999999999651,-6.43107883672973e-05,-0.00246951762209271,0.00395808486418394,0.000534637051659319
7.0679240862348,2.66414764870249e-05,4.64981482291221e-07,0.999999999999892,-0.000134859930471012,-0.00245470017020369,0.00539765105937536,-0.000525958906806936
7.07066925292416,2.81335755657004e-05,4.91023523980078e-07,0.999999999999879,9.48650651697659e-06,-0.00244795222556929,0.00245811835781493,-0.000355510562742224
7.07430166000953,2.15338978756531e-05,3.75837418718351e-07,0.999999999999929,-3.17106818026133e-05,-0.00243596718953436,0.00329947490830787,-0.000585422518524846
7.07810683158431,3.60414505933347e-05,6.29041980048512e-07,0.999999999999802,6.65422192809082e-05,-0.00243102258213174,0.00129944400809486,0.000301973983887607
7.08093931486235,4.47828441200536e-05,7.81608078302239e-07,0.999999999999695,5.38630181637711e-05,-0.00242660504155544,0.00155959987850593,0.000900190123306369
7.08377179814039,3.50484649810026e-05,6.1171111168839e-07,0.999999999999813,-5.9981630935284e-05,-0.00241561306858674,0.00388068415227853,0.000491159577542104
7.0874476008975,3.19648813627437e-05,5.57892424789221e-07,0.999999999999844,-1.46413424374119e-05,-0.00240473916798909,0.00295823832675228,0.00047142197408828
7.09022027960944,1.79925634803388e-05,3.14029473605997e-07,0.999999999999951,-8.79521129270295e-05,-0.00239239152604356,0.00445332590910844,-0.000190985309771779
7.09299295832139,1.6452407622649e-05,2.87148682895434e-07,0.999999999999959,-9.69488119729501e-06,-0.00238446236333817,0.00285974810973644,-0.000183283209214438
7.09711540486729,2.39639314339714e-06,4.18249505244966e-08,0.999999999999999,-5.95092573401098e-05,-0.00236848396467934,0.00387595047768617,-0.000804937497298588
7.10098089560608,1.38149474469213e-05,2.41116318938759e-07,0.999999999999971,5.15565504825958e-05,-0.00236224528260944,0.00161394309066727,-0.000103519765552082
7.10366253052339,2.65278486796863e-05,4.6299830293134e-07,0.999999999999893,8.27413092512784e-05,-0.00235961866558739,0.000979483450595051,0.000705933911660237
7.10634416544071,1.79857936022246e-05,3.13911316942945e-07,0.999999999999951,-5.55955566605147e-05,-0.00234943149551141,0.00379886538999088,0.000349278163773957
7.10996062007774,1.81910021760627e-05,3.17492882209741e-07,0.99999999999995,9.90352603934781e-07,-0.00233986079227004,0.0026464325429039,0.000488955280597623
7.11363086103914,-1.27491117824955e-06,-2.2251397730935e-08,1,-9.2567295584667e-05,-0.0023231487010961,0.00455340435402006,-0.000416744332958826
7.11730110200054,-6.81508090042966e-05,-1.18945600502249e-06,0.999999999999293,-0.000318018522371688,-0.00228957429503283,0.0091477389131664,-0.00388569331352892
7.12032199534808,-4.38274216761679e-05,-7.64932810908987e-07,0.999999999999707,0.000140529024124234,-0.00229016548762058,-0.000195701244546299,-0.00253245037361487
7.12323747920207,-4.61892620137961e-06,-8.06154701207088e-08,0.999999999999997,0.000234718274927468,-0.0022963309380265,-0.00211472630777078,-0.000341245712146649
7.12704282359283,5.79985422010391e-05,1.01226552276484e-06,0.999999999999488,0.000287196343001074,-0.00230844726738503,-0.00318402964734249,0.00310365940674296
7.13018513911487,7.3150624728555e-05,1.27671925140372e-06,0.999999999999185,8.4158871629692e-05,-0.00230545176526946,0.000953278591715346,0.00407222043422017
7.13280873590679,1.12183355689484e-05,1.9579689227174e-07,0.999999999999981,-0.000412000183282995,-0.0022764266750793,0.0110630910510077,0.000841533424256017
7.13656850591829,-1.74008800341555e-05,-3.03702649340552e-07,0.999999999999954,-0.000132853749055133,-0.00225621856396441,0.00537482639977897,-0.000540854745712064
7.13923582487818,-2.39309674624747e-05,-4.17674175407804e-07,0.999999999999913,-4.27288703679002e-05,-0.00224678184585114,0.00353790388594344,-0.000852389048940446
7.14190314383808,-1.58033767684121e-05,-2.7582095754197e-07,0.999999999999962,5.31819478654884e-05,-0.0022425587638223,0.00158326847757487,-0.000348269435815914
7.14560433411864,-1.9298816318399e-05,-3.36827886493667e-07,0.999999999999943,-1.64830566188683e-05,-0.00223144673442618,0.00300228536059914,-0.000438058623211897
7.14890821727838,-5.56502236754198e-06,-9.71279632607374e-08,0.999999999999995,7.25509685553412e-05,-0.00222752369216291,0.00118740345030065,0.000390846843520682
7.15221210043812,7.45715320920225e-06,1.3015187632624e-07,0.999999999999992,6.87917303966503e-05,-0.0022233499739915,0.00126327656567018,0.00119405908409119
7.15565533688554,1.08674242337532e-05,1.89672334090014e-07,0.999999999999982,1.72861953202356e-05,-0.00221538943180463,0.00231193596734981,0.0014989253839566
7.15947801284787,-2.69801084413504e-05,-4.70891724846662e-07,0.999999999999889,-0.000172801478714416,-0.00219174889314594,0.00618429050530369,-0.000348371486102958
7.16188332430932,-3.21396664117273e-05,-5.60942999377244e-07,0.999999999999843,-3.74385088890499e-05,-0.00218351124292302,0.00342477485969287,-0.000636600730599051
7.16428863577078,-2.5133983560163e-05,-4.38670767266957e-07,0.999999999999904,5.08342616204761e-05,-0.00217960165931927,0.00162539598983205,-0.000208491791470302
7.16784879323671,-3.04722232837446e-05,-5.31840626704197e-07,0.999999999999859,-2.61701512724816e-05,-0.00216823262846089,0.0031934067431516,-0.000402287175704001
7.17284099279292,-4.65729063995982e-05,-8.12850558896037e-07,0.99999999999967,-5.62898035280214e-05,-0.00214923575703265,0.00380531090841519,-0.00124413857397323
7.17500720491622,-2.58678551612909e-05,-4.5147924299352e-07,0.999999999999898,0.000166821758597052,-0.00215084333360086,-0.000742114103658904,2.15050906715286e-05
7.17717341703951,-2.70922733041917e-05,-4.7284937100829e-07,0.999999999999888,-9.86520562088381e-06,-0.00214465455052769,0.00285696077804094,2.81554774746275e-05
7.18079122403611,-2.32612652703085e-05,-4.05985667146681e-07,0.999999999999918,1.84818327579738e-05,-0.00213641348769655,0.00227791666025979,0.000328286949014896
7.18563029721223,4.9262880574028e-05,8.59799465033436e-07,0.99999999999963,0.000261575943597265,-0.00214937069070832,-0.00267762080468318,0.00438466120952357
7.18861310619047,-2.512196362979e-05,-4.38460979906087e-07,0.999999999999904,-0.000435247598625914,-0.00211501136550842,0.0115191168628395,0.000481409477762926
7.19159591516871,-6.04018438366286e-05,-1.05421104922442e-06,0.999999999999444,-0.000206432954242153,-0.00209456454974592,0.00685488608611809,-0.00136142320071416
7.19442366187242,-5.330449499716e-05,-9.30338943813153e-07,0.999999999999567,4.38059410516025e-05,-0.00208960427189372,0.00175414503912261,-0.000934500167910232
7.19757187137262,-4.68601584456721e-05,-8.17864052883116e-07,0.999999999999666,3.57266220443333e-05,-0.00208356929573059,0.00191695507009505,-0.000521828910031538
7.20126762707626,-2.86769895191733e-05,-5.00507886669459e-07,0.999999999999875,8.58704394071972e-05,-0.00208026906181583,0.00089297945519065,0.000522183284302201
7.20421182662416,-2.05453986369375e-05,-3.58584852349307e-07,0.999999999999936,4.82042850735716e-05,-0.0020753865793418,0.00165833952305335,0.00105178695770995
7.20715602617205,-3.04082952146494e-05,-5.30724871414043e-07,0.999999999999859,-5.84675108682372e-05,-0.00206411063374579,0.00382988496960954,0.000605336265168644
7.21089719007571,-3.75764095483032e-05,-6.55832067695679e-07,0.999999999999785,-3.34407151098537e-05,-0.00205169919008741,0.00331753539219044,0.000332555117716683
7.21376999347934,-5.5298077629254e-05,-9.65133524653752e-07,0.999999999999534,-0.000107665375419783,-0.00203783084691965,0.00482745987778777,-0.000567666535233532
7.21664279688296,-5.44222566357769e-05,-9.49847564659497e-07,0.999999999999549,5.32092101220393e-06,-0.00203058277544133,0.00252299599380242,-0.000465610707797968
7.2203100062495,-5.99735615533158e-05,-1.04673611325265e-06,0.999999999999452,-2.6420239181619e-05,-0.00201896801079061,0.0031671943131148,-0.000693366270656392
7.22376134133559,-4.09609885934939e-05,-7.14904115828248e-07,0.999999999999744,9.61459809458138e-05,-0.0020166665975095,0.000666818267048765,0.000390213685579673
7.22721267642168,-3.76258809545652e-06,-6.56695506620589e-08,0.999999999999998,0.000188111136407313,-0.00202084262736814,-0.00120997519930116,0.00247038128286201
7.23029919842301,-1.75916192512717e-05,-3.07031676691906e-07,0.999999999999953,-7.81987382319755e-05,-0.0020078368328047,0.00421373784401969,0.00182890843254334
7.23347547799165,-4.78085987778906e-05,-8.34417459439031e-07,0.999999999999652,-0.000166038842410086,-0.00198877655813693,0.00600081770382496,0.000292322201521567
7.23644224147612,-6.91515678005942e-05,-1.20692254103617e-06,0.999999999999272,-0.000125559412992393,-0.00197342905595685,0.00517314651485377,-0.000804963418258318
7.23940900496059,-6.89515225706205e-05,-1.20343109312022e-06,0.999999999999276,1.17685414905049e-06,-0.00196575122711981,0.00258794773402913,-0.000746086013534255
7.24287970434756,-6.93133084569749e-05,-1.20974544802435e-06,0.999999999999268,-1.8193321288057e-06,-0.00195656792440543,0.00264595163409254,-0.000708337838423013
7.24619987995221,-4.89256638393222e-05,-8.53913922719998e-07,0.999999999999635,0.000107172501600606,-0.00195516750718636,0.000421790105651118,0.000446184224656972
7.24952005555687,-2.62522874412846e-05,-4.58188852030358e-07,0.999999999999895,0.000119187994193592,-0.00195459080897151,0.000173695094332817,0.00174224367130043
7.25270655042282,-3.29978084556029e-05,-5.75920403492664e-07,0.999999999999834,-3.69470394320386e-05,-0.00194390993182595,0.00335192039996366,0.00146965652390863
7.25617443809165,-5.95662296479671e-05,-1.0396268303559e-06,0.99999999999946,-0.000133714373459034,-0.00192545982664028,0.00532027186218251,0.000144703779908549
7.25891800774806,-7.68647865999279e-05,-1.34154360501116e-06,0.9999999999991,-0.000110045237579447,-0.00191219580467063,0.00483458546009856,-0.000761956335315262
7.26166157740447,-7.15181966215269e-05,-1.24822800613401e-06,0.999999999999221,3.40124766503334e-05,-0.00190699323839792,0.00189627635681049,-0.000434723591378372
7.26524052328722,-7.44626534763231e-05,-1.29961847293307e-06,0.999999999999155,-1.43591069780574e-05,-0.00189669131094402,0.00287848092466169,-0.000534630172514298
7.26879852036209,-5.75879311872735e-05,-1.00509900862968e-06,0.999999999999495,8.27767584138496e-05,-0.00189350616335138,0.00089520804138276,0.000423058090391178
7.27235651743696,-1.23196832646837e-05,-2.15019035771573e-07,0.999999999999977,0.000222057510513111,-0.00190043308627334,-0.00194686020707633,0.0029235801632182
7.27545215966833,-2.901885349126e-05,-5.06474538576317e-07,0.999999999999872,-9.41502541384854e-05,-0.0018865256277253,0.00449259233096421,0.00212305667361818
7.27856362117422,-6.54180357532526e-05,-1.14176011408138e-06,0.999999999999348,-0.00020417593928213,-0.0018655828385725,0.0067308527240836,0.00024004026897663
7.28153188704221,-8.68470189973541e-05,-1.51576642704531e-06,0.999999999998851,-0.000126001621686711,-0.00185034301497864,0.00513425153662782,-0.000873148762866606
7.2845001529102,-8.58861214851426e-05,-1.49899560168302e-06,0.999999999998876,5.65004150846477e-06,-0.00184307653290867,0.0024480563376529,-0.000784137575995564
7.28795082498623,-8.49391662802368e-05,-1.48246811548853e-06,0.999999999998901,4.78964266390733e-06,-0.00183458216619015,0.00246165573875428,-0.000688351401243118
7.29122585162399,-6.47817760546933e-05,-1.13065528744378e-06,0.999999999999361,0.000107422890546589,-0.00183338294444836,0.000366171599329278,0.000444321642469358
7.29450087826174,-4.66491302364206e-05,-8.1418091581709e-07,0.999999999999669,9.66326099391599e-05,-0.00183147709487807,0.00058193406683045,0.00148535044528812
7.2977454966465,-5.02755314064567e-05,-8.77473556232372e-07,0.999999999999615,-1.95069598054005e-05,-0.00182192395095022,0.00294430432026467,0.00136842755163191
7.3,-7.35702495069789e-05,-1.28404308541016e-06,0.999999999999176,-0.000180336626488943,-0.00180790582802693,0.00621783192361762,0.000145205296810447
7.30410897666313,-8.5567186686871e-05,-1.493429139354e-06,0.999999999998885,-5.09581998415224e-05,-0.00179320632605531,0.00357741189029143,-0.00041394331504788
7.3071638483951,-9.57023291058818e-05,-1.67032074472406e-06,0.999999999998605,-5.79047570211816e-05,-0.00178186008518624,0.00371414640763811,-0.000922275217526546
7.31021872012706,-9.10647498874502e-05,-1.58937971804047e-06,0.999999999998737,2.64957202087323e-05,-0.00177578015541282,0.00199024060807523,-0.000636052411755233
7.31414285003674,-8.51231300649325e-05,-1.4856788892359e-06,0.999999999998896,2.64264515170625e-05,-0.00176798345716368,0.00198686038143535,-0.000290656968870494
7.3168559360512,-7.07304001528614e-05,-1.23447836392022e-06,0.999999999999238,9.25884855755795e-05,-0.0017662627421436,0.000634227964356044,0.000552204843283435
7.31956902206567,-7.63505307955314e-05,-1.33256814802695e-06,0.999999999999112,-3.61543215304345e-05,-0.00175743506359845,0.00325374075797039,0.000303199826395343
7.32326783549707,-7.34380948130201e-05,-1.28173655087862e-06,0.999999999999179,1.3742676696515e-05,-0.00174917754614915,0.0022324774153804,0.000525239197577716
7.32693445830258,-9.19468892163044e-05,-1.60477595379029e-06,0.999999999998712,-8.81027092360795e-05,-0.00173340191709767,0.00430249575380054,-0.000392582205478958
7.33060108110808,-0.000161020293854925,-2.81033429029353e-06,0.999999999996051,-0.00032879257028986,-0.00169966310195429,0.00920160510993954,-0.00404202291069747
7.3335884970831,-0.000133217745189495,-2.32508827563744e-06,0.999999999997297,0.000162430012665108,-0.00170209124167802,-0.000812789294842489,-0.00255689072304589
7.33645266735532,-9.36400862167748e-05,-1.63432781633335e-06,0.999999999998665,0.000241172972851486,-0.00170902693210367,-0.0024215356513186,-0.000395956050050033
7.34043874672472,-2.25381313182103e-05,-3.9336459874961e-07,0.999999999999923,0.000311324261908224,-0.00172439785164683,-0.00385614989535316,0.00342435045747111
7.34295149362804,-6.51454165300339e-05,-1.13700201103199e-06,0.999999999999354,-0.000295946006857376,-0.0017030061808638,0.00851326122607707,0.00123794204619464
7.34546424053137,-8.40436814404049e-05,-1.46683895663179e-06,0.999999999998924,-0.000131265486851652,-0.00169005624939739,0.0051536951251485,0.000266328804065439
7.34938806104374,-8.53558015895334e-05,-1.48973977341582e-06,0.99999999999889,-5.83635686491191e-06,-0.00167988196619003,0.00259295326462697,0.000264142038074433
7.35240793074921,-9.95990205564298e-05,-1.73833084047034e-06,0.999999999998489,-8.23184744046007e-05,-0.00166736159077879,0.00414599854707832,-0.000466699456497439
7.35542780045468,-0.000101472885879179,-1.77103596009121e-06,0.999999999998432,-1.08299770555314e-05,-0.00165925446695384,0.00268459391154206,-0.000536889947054287
7.35919081619307,-0.000109254169014929,-1.90684497083973e-06,0.999999999998182,-3.60904710982388e-05,-0.00164723549905049,0.00319397226557475,-0.00092356583890608
7.36245443772159,-8.60740637546507e-05,-1.5022758130896e-06,0.999999999998872,0.000123963258060268,-0.00164747354077348,-7.2937906836435e-05,0.000353584164813342
7.36571805925011,-6.38254765102245e-05,-1.11396471175749e-06,0.999999999999379,0.000118981658240494,-0.00164739723851309,2.3379628959059e-05,0.0016002967032366
7.36887400677467,-6.91542514893752e-05,-1.2069693802415e-06,0.999999999999272,-2.9469649846867e-05,-0.00163779321718341,0.00304314987968424,0.00137658296792769
7.37230293092781,-9.01528359826326e-05,-1.57346381790671e-06,0.999999999998762,-0.000106883215054585,-0.00162196797708737,0.00461522022339239,0.000318285926843659
7.37512078216384,-0.000109452668360741,-1.9103094379872e-06,0.999999999998175,-0.000119539887618523,-0.00160825092700868,0.0048679113727831,-0.000707628284113478
7.37793863339988,-0.000105978859645459,-1.84968003832115e-06,0.999999999998289,2.15161818661264e-05,-0.00160264610110951,0.00198904251136701,-0.000501034405235231
7.38150160485433,-0.000108636003980329,-1.89605595566527e-06,0.999999999998202,-1.30160788367353e-05,-0.00159307098252984,0.00268739693878148,-0.000614095754034088
7.38503643259248,-8.99955733749538e-05,-1.57071906761244e-06,0.999999999998766,9.20375509510419e-05,-0.00159115929270645,0.000540815554533674,0.000410352633008215
7.38857126033063,-4.3322193732475e-05,-7.56114919818468e-07,0.999999999999714,0.000230450875725116,-0.00159923815650451,-0.00228550424419844,0.00295969857905998
7.39163032029885,-6.17422628675794e-05,-1.07760577467089e-06,0.999999999999419,-0.000105094655937593,-0.00158533098587618,0.00454622360228625,0.0020430766922794
7.39471325473409,-9.56687069897897e-05,-1.66973392809677e-06,0.999999999998606,-0.000192066411357408,-0.00156586808139576,0.00631311008692062,0.000267895396188708
7.39773658384254,-0.000117106723806324,-2.04389790664256e-06,0.999999999997911,-0.000123758931007675,-0.00155100558209736,0.00491593828037214,-0.000863026992589665
7.400759912951,-0.000117861207506356,-2.05706613136073e-06,0.999999999997884,-4.35553796686561e-06,-0.00154351478154129,0.00247766627031097,-0.000887248710924481
7.40418985247328,-0.00011586127429499,-2.02216071200246e-06,0.999999999997955,1.01766865367528e-05,-0.00153605147497272,0.00217592949382252,-0.000761351809849098
7.4074437836047,-9.39636026420848e-05,-1.63997424313929e-06,0.999999999998655,0.000117453766975535,-0.00153610304908476,-1.5849785984337e-05,0.000441324975527378
7.41069771473612,-7.56151299585362e-05,-1.31973298209948e-06,0.999999999999129,9.84167298281966e-05,-0.0015349109641671,0.000366352227357475,0.00147111657405683
7.41391950278618,-7.95226785648829e-05,-1.38793257096188e-06,0.999999999999037,-2.1168241921161e-05,-0.00152589847047314,0.00279735772618043,0.0013153741284345
7.41750801335442,-0.000103543187858425,-1.80716954613955e-06,0.999999999998367,-0.000116827571552719,-0.0015088870898086,0.00474051290669682,9.99196633334214e-05
7.42017947482603,-0.000118767148494384,-2.07287778443054e-06,0.999999999997852,-9.94617519716434e-05,-0.00149718367847264,0.00438090216172359,-0.000730302835255432
7.42285093629764,-0.000112302989673993,-1.96005692964311e-06,0.999999999998079,4.22318854254296e-05,-0.0014932061195977,0.00148890744530838,-0.000371084618838177
7.42645668274452,-0.000115363469157077,-2.01347237331256e-06,0.999999999997973,-1.4813976649909e-05,-0.00148366664284516,0.00264563160307586,-0.000511333988901487
7.43017335728457,-9.89671993385783e-05,-1.72730347993489e-06,0.999999999998508,7.69959517021093e-05,-0.0014808115970515,0.000768172128846505,0.000380747361920926
7.43389003182462,-2.49839584220905e-05,-4.36052334646832e-07,0.999999999999905,0.000347421096836588,-0.00149846190997792,-0.004748953059038,0.00437840282870183
7.43687288801066,-5.81703174243558e-05,-1.01526356598506e-06,0.999999999999485,-0.000194180072793666,-0.00147972670932117,0.00628096008933766,0.00267684873564618
7.43970540372494,-0.000102145903969541,-1.78278234169349e-06,0.999999999998411,-0.00027096717304719,-0.00145751938670087,0.00784014101258837,0.000342866007859607
7.44357446680833,-0.000163991601028748,-2.86219338356467e-06,0.999999999995904,-0.000278985123429386,-0.00142657717671286,0.00799733923204488,-0.00290517204735164
7.44680147276807,-0.000198364006791687,-3.46210503595641e-06,0.999999999994007,-0.000185903484492347,-0.00140691221155933,0.00609387320594325,-0.00477998433715739
7.44940954429785,-0.000128519994014326,-2.24309705019152e-06,0.999999999997484,0.000467398218128022,-0.00142575185737923,-0.00722359245318879,-0.00102728553955006
7.45292614463078,-0.000105176896366046,-1.83568313861533e-06,0.999999999998315,0.000115854482456343,-0.00142598434719242,-6.61120944021215e-05,0.000228012540057382
7.45576260035776,-9.38797694819322e-05,-1.63851107847228e-06,0.999999999998658,6.95135334805341e-05,-0.00142351028254719,0.00087223806163942,0.000883252401725892
7.45859905608474,-0.000101952752219325,-1.77941120769623e-06,0.999999999998417,-4.96747147801495e-05,-0.00141416283118894,0.00329546880261398,0.000484093019895409
7.46224380296401,-0.000103240598938025,-1.80188837319853e-06,0.999999999998377,-6.16700315463538e-06,-0.00140540542433656,0.00240274760976737,0.000457326891702824
7.46511763722445,-0.000116987897439918,-2.04182399531059e-06,0.999999999997915,-8.34897215247674e-05,-0.0013939904382539,0.00397204050344481,-0.000267198716279261
7.46799147148489,-0.000117966839311892,-2.05890975416214e-06,0.99999999999788,-5.94528330557276e-06,-0.00138713224170774,0.00238642730395446,-0.000306239750145705
7.47193717590458,-0.000129403445668379,-2.25851619033689e-06,0.99999999999745,-5.05882891732308e-05,-0.00137415278049057,0.00328951686102387,-0.0009036918660701
7.47565977965043,-0.000111656382443192,-1.94877150449846e-06,0.999999999998101,8.32064616559534e-05,-0.00137208385936105,0.000555772591114502,3.86448964048098e-05
7.47841498328511,-9.86305531374559e-05,-1.72142789531098e-06,0.999999999998518,8.25142673035739e-05,-0.00137053076692067,0.00056369424779756,0.00078850948576596
7.48117018691979,-0.000106352956300084,-1.85620925666504e-06,0.999999999998277,-4.89188383964487e-05,-0.00136161373231086,0.00323643395993192,0.000404828877672133
7.48477938956417,-0.000105775716771868,-1.84613452632504e-06,0.999999999998296,2.79140057588501e-06,-0.00135375823849491,0.00217651780461179,0.000470644866936667
7.48815231653695,-0.000123659138192924,-2.15825911164352e-06,0.999999999997671,-9.25381983773246e-05,-0.00133988827786184,0.00411214376860446,-0.00046051432404443
7.49152524350973,-0.000146500297719034,-2.55691255034629e-06,0.999999999996731,-0.00011819213458263,-0.00132427768057677,0.00462820494219536,-0.00167528776775126
7.49482105712883,-0.000146141179627689,-2.55064475724887e-06,0.999999999996747,1.90174379433839e-06,-0.00131711100741038,0.00217447768430594,-0.0016631714647483
7.49837790685835,-0.000114830100129672,-2.0041633276562e-06,0.999999999997992,0.000153641978478854,-0.00132039857983672,-0.000924293314688833,-6.75552867952746e-06
7.50098417472918,-0.000102695102879691,-1.79236767092396e-06,0.999999999998394,8.126396334872e-05,-0.00131897931276834,0.00054455916993937,0.000707472817697251
7.50359044260002,-0.000111028465947683,-1.93781229422427e-06,0.999999999998122,-5.5805707819997e-05,-0.0013102944635848,0.00333229338423876,0.000287874739096058
7.50717987004636,-0.000108960178574819,-1.90171386969044e-06,0.999999999998192,1.0056875385717e-05,-0.00130317295139978,0.00198402455307399,0.000426411137420247
7.51104733402898,-0.000125113622190966,-2.18364464632686e-06,0.999999999997616,-7.28981001254738e-05,-0.00128899132650088,0.00366690548706245,-0.000393092811194672
7.51393322698482,-0.000135605509107137,-2.36676261776048e-06,0.999999999997199,-6.3452794069694e-05,-0.00127898431393015,0.00346756193797097,-0.000964896363143773
7.51681911994066,-0.000128175242805173,-2.23708000649158e-06,0.999999999997498,4.49367364811e-05,-0.00127536785149342,0.00125315196788985,-0.000563642931695894
7.5205279745767,-0.000126494329052846,-2.20774252707149e-06,0.999999999997563,7.9101184325402e-06,-0.00126794661550103,0.00200095089203006,-0.000473883776626911
7.52341477303634,-0.000111662266907129,-1.94887420776888e-06,0.999999999998101,8.96731527754037e-05,-0.00126699899841431,0.000328258830660736,0.000346511731045709
7.52630157149599,-0.000112110289130564,-1.9566936706899e-06,0.999999999998086,-2.70869720569344e-06,-0.00126063415149168,0.00220481166649521,0.000344907746309954
7.53009244685965,-0.000104787090299476,-1.82887973930944e-06,0.999999999998328,3.3716205129251e-05,-0.00125511541993731,0.00145579345795995,0.000767808625102424
7.5336704806872,-0.000125549393774102,-2.1912502952392e-06,0.999999999997599,-0.000101276447735239,-0.00124009135662992,0.00419897184641522,-0.000307001066749768
7.53724851451474,-0.000192422877425284,-3.35841276722636e-06,0.999999999994361,-0.000326202190433698,-0.00120869472692271,0.00877482752272735,-0.00387769915357743
7.54016343887047,-0.000161901459963723,-2.82571354014899e-06,0.999999999996008,0.000182748902568789,-0.00121336622249448,-0.00160261296750008,-0.00227610935679294
7.54299375598698,-0.000127653879808104,-2.22798050559468e-06,0.999999999997518,0.000211189421520999,-0.00121955884246559,-0.00218795976429515,-0.000431382182356665
7.54628947676488,-0.000107746675532264,-1.88053424611491e-06,0.999999999998232,0.000105423451467587,-0.00121968776848543,-3.91192180774474e-05,0.000647401678118801
7.54958519754279,-9.22864199110701e-05,-1.61070188232553e-06,0.999999999998703,8.18735511814396e-05,-0.00121825752470284,0.000433969950419681,0.00150390211332226
7.5528970307326,-9.76818300217713e-05,-1.70486955325253e-06,0.999999999998547,-2.84336998665504e-05,-0.00120939891455307,0.00267483585134486,0.00125114632030143
7.55683726324512,-0.000149146665708379,-2.60310038497959e-06,0.999999999996612,-0.000227963915549753,-0.00118286875627703,0.00673314536433372,-0.0014073678082946
7.55917899216015,-0.000135524654736549,-2.3653514427791e-06,0.999999999997203,0.000101527098493222,-0.00118283976506591,1.23802592772288e-05,-0.00076144894058007
7.56152072107519,-0.000125300687489298,-2.18690955169897e-06,0.999999999997609,7.62009171663209e-05,-0.00118161327256168,0.000523755118003536,-0.0002195541394265
7.56506064682188,-0.000128801016950209,-2.24800182569628e-06,0.999999999997473,-1.72580665158132e-05,-0.00117303945995557,0.00242203176553227,-0.000400050778871882
7.5700610701458,-0.000144657036250371,-2.52474156874309e-06,0.999999999996813,-5.53432629841245e-05,-0.00115709282381028,0.00318905722821696,-0.00134143599320704
7.57223920331864,-0.000121519107711496,-2.12090853364964e-06,0.999999999997751,0.00018540328026334,-0.0011608472444836,-0.00172368738520912,-1.78416328450507e-06
7.57441733649147,-0.000121660788015425,-2.12338132143843e-06,0.999999999997746,-1.13527851264029e-06,-0.00115633289805243,0.0020725759505739,1.14978973355447e-05
7.5780667113534,-0.000116129766281296,-2.02684678117872e-06,0.999999999997946,2.64523497618856e-05,-0.00115084317472521,0.00150429142933538,0.000318589311593162
7.5829372804603,-3.75823920867934e-05,-6.5593648268996e-07,0.999999999999785,0.000281468195687756,-0.0011688689120496,-0.00370095094203265,0.00458980036122174
7.58586500824452,-0.000115164264943031,-2.00999560389361e-06,0.99999999999798,-0.000462494883745327,-0.00113534573675952,0.0114502364156483,0.000440710859995709
7.58879273602875,-0.0001443076426751,-2.51864350046931e-06,0.999999999996828,-0.000173734696004517,-0.00111906736934168,0.00556006863258453,-0.00114153316139774
7.59166329445958,-0.000139107010706637,-2.42787534943543e-06,0.999999999997053,3.16203809193983e-05,-0.00111513604166128,0.00136953410813107,-0.000876220462874648
7.59491122553975,-0.000133707156990877,-2.33363012296963e-06,0.999999999997277,2.90170031751625e-05,-0.0011105364930824,0.001416147222753,-0.000590931964023538
7.59850207134262,-0.000113431513337701,-1.97975338326145e-06,0.99999999999804,9.8549689721219e-05,-0.00111056493486977,-7.92063734564844e-06,0.000486669085067892
7.60209291714548,-5.58765435757972e-05,-9.75229660031592e-07,0.999999999999524,0.00027974571406819,-0.0011238784740509,-0.00370763321847828,0.00358701813293135
7.60509460391637,-8.34630027507413e-05,-1.45670420160101e-06,0.999999999998939,-0.00016040132709378,-0.00110810715927041,0.00525415074399701,0.00215519345124122
7.6080975146631,-0.000119471043383999,-2.08516306784226e-06,0.999999999997826,-0.000209283231919704,-0.00108935767106985,0.00624377138780027,0.000236118547395345
7.61187215337181,-0.000186838741228554,-3.26095120471416e-06,0.999999999994683,-0.000311496868339278,-0.00105795502199618,0.00831937875304234,-0.00334241817939643
7.61496834057541,-0.00019321501192797,-3.37223812241681e-06,0.999999999994314,-3.59432135026539e-05,-0.00104960429886679,0.00269709890916045,-0.00373833982808828
7.617612778699,-0.000137995494046017,-2.4084757240169e-06,0.9999999999971,0.000364448836902504,-0.00106406285111153,-0.00546753282512103,-0.000780763339732062
7.62167278405748,-0.000100727557159901,-1.75802751993016e-06,0.999999999998455,0.000160208705816092,-0.00106939370274834,-0.00131301591158613,0.00115719300362111
7.62412256973093,-0.000109617185102607,-1.91318079680741e-06,0.99999999999817,-6.3333408534177e-05,-0.00106146784207098,0.0032353282016729,0.000751572641727945
7.62657235540437,-0.000120234424452161,-2.09848658092905e-06,0.999999999997798,-7.56416310743489e-05,-0.0010529406602894,0.00348078685985381,0.000196793717586251
7.63024342160341,-0.000117152876110115,-2.04470341630109e-06,0.99999999999791,1.46505570077052e-05,-0.001046940645926,0.00163440647432923,0.000372874505401622
7.6343016037921,-0.000130382274969153,-2.27559998445034e-06,0.999999999997411,-5.68965505770946e-05,-0.00103442484047671,0.00308409156300843,-0.000299593856898107
7.63709246265765,-0.000140029629957265,-2.44397809310112e-06,0.999999999997014,-6.0332004147519e-05,-0.00102564286524089,0.0031466927060475,-0.000842478845008417
7.63988332152319,-0.000132490063275815,-2.31238783033654e-06,0.999999999997326,4.71504540732898e-05,-0.00102298974135544,0.000950647816055506,-0.000446502565429966
7.64360488897944,-0.000133358518673797,-2.32754523643799e-06,0.999999999997291,-4.07285539754393e-06,-0.00101559329326439,0.00198745506510683,-0.000504438231149415
7.64660044488072,-0.000119022438785959,-2.07733344056689e-06,0.999999999997842,8.35276670231458e-05,-0.00101500821349162,0.00019531592534177,0.000271772608928576
7.64959600078201,-0.000116465126946899,-2.03269992897516e-06,0.999999999997934,1.48999094200485e-05,-0.00101025329725977,0.00158732348470116,0.000419197746111775
7.65336860824854,-0.000106399789527967,-1.85702665069094e-06,0.999999999998276,4.65654801997842e-05,-0.00100672642374534,0.000934863630980448,0.000975786519841425
7.65697764754935,-0.000128612515852382,-2.24471186089558e-06,0.999999999997481,-0.000107420611939215,-0.000992056715779099,0.00406471272367636,-0.000183055856857385
7.65976581205674,-0.000141513356074976,-2.46987399905294e-06,0.99999999999695,-8.07564035626829e-05,-0.000982257875802838,0.00351444111360255,-0.000905332024111829
7.66255397656413,-0.000133755063621566,-2.3344662514087e-06,0.999999999997275,4.85651930815811e-05,-0.000979822735471775,0.000873384739174451,-0.000501068937572045
7.66615708362469,-0.000133806402503431,-2.33536228393153e-06,0.999999999997273,-2.48683291330707e-07,-0.000973116570036342,0.00186121736676581,-0.000515907088401265
7.66937471733105,-0.000117173771941384,-2.04506811735667e-06,0.999999999997909,9.0219768024569e-05,-0.000973082772399927,1.050387940306e-05,0.000375251120670006
7.67259235103741,-0.000106165298938524,-1.85293401784022e-06,0.999999999998283,5.97128564190561e-05,-0.000971070883354835,0.000625269756814613,0.000976359033404306
7.67606057816822,-0.000100761385725523,-1.75861793978148e-06,0.999999999998454,2.71943198936108e-05,-0.000966628942919674,0.00128075246159715,0.00128699148149409
7.68002232789964,-0.000134422288903908,-2.34611152943807e-06,0.999999999997248,-0.000148291444307534,-0.00094741962317312,0.00484869591690483,-0.000431922927557616
7.68237437792162,-0.000135967819195723,-2.37308612171948e-06,0.999999999997184,-1.14685453240152e-05,-0.000942589364920229,0.00205363755351397,-0.000602152413767419
7.68472642794361,-0.00012819217451087,-2.23737552050397e-06,0.999999999997497,5.76988584202589e-05,-0.000941085506185448,0.000639382122286671,-0.000200200949233128
7.68827385372921,-0.000131962160253866,-2.30317418447232e-06,0.999999999997348,-1.85482848536432e-05,-0.000933328138192603,0.00218675976938791,-0.000407425782388813
7.6932031253482,-0.000157356728448403,-2.7463930115878e-06,0.999999999996229,-8.9915683568637e-05,-0.000915425879373838,0.00363182640408757,-0.00186394004957104
7.69538283277437,-0.000126061573025782,-2.2001895095414e-06,0.99999999999758,0.000250585695810173,-0.000922648824534688,-0.0033137223253667,-0.000107378885648995
7.69756254020053,-0.000124420928346552,-2.17155485803356e-06,0.999999999997642,1.31369243248795e-05,-0.000919336001034097,0.00151984778361713,-7.82122750622814e-06
7.70132219611755,-0.000118100121452808,-2.06123596635522e-06,0.999999999997876,2.9342815968637e-05,-0.000914887389308919,0.00118324969714298,0.000327926328425571
7.7062840316597,-1.48552515756471e-05,-2.59273051207115e-07,0.999999999999966,0.00036316457888292,-0.00094281338262551,-0.00562815778140778,0.00590754091730739
7.70934801155809,-0.000105451842285474,-1.84048185017427e-06,0.999999999998306,-0.000516063698654553,-0.000905190913731835,0.0122789542168345,0.00107856641672954
7.71241199145649,-0.000167796485772016,-2.92860114999331e-06,0.999999999995712,-0.000355132649660228,-0.000877636292201508,0.00899308169246591,-0.0022966773710937
7.71501804596314,-0.000143655264228912,-2.50725734861432e-06,0.999999999996857,0.000161678813818182,-0.000881659665910153,-0.00154385631550687,-0.00104724041867437
7.717835074786,-0.000131330322473079,-2.29214653485913e-06,0.999999999997373,7.6360884918698e-05,-0.000881127454382061,0.00018892654692452,-0.000396778992802026
7.72200286633241,-0.000122980962044138,-2.14642270493874e-06,0.999999999997696,3.49642798346052e-05,-0.000876855569795823,0.00102497558687275,1.18063936518824e-05
7.72471931260173,-0.00011242136777461,-1.96212301726113e-06,0.999999999998075,6.78458800232755e-05,-0.000875910967364812,0.00034773462728867,0.000603929946900413
7.72743575887105,-0.000118423315456574,-2.06687676584364e-06,0.999999999997864,-3.85627905715656e-05,-0.000869092254087917,0.00251015945130413,0.000288624419887324
7.73121041920388,-0.000114822915486082,-2.00403793196998e-06,0.999999999997992,1.66475466222083e-05,-0.000863889815321323,0.00137825348716691,0.000488225795838629
7.73461952388784,-0.000132037139630822,-2.30448282147129e-06,0.999999999997345,-8.81301448193512e-05,-0.000851938768613088,0.00350562620281321,-0.000431080169955158
7.73802862857181,-0.00015818823687495,-2.76090557138907e-06,0.999999999996189,-0.000133883465669536,-0.000836834214416606,0.00443065132834869,-0.00184787837413783
7.74128783003388,-0.000156309772084062,-2.72812017590542e-06,0.999999999996279,1.00593338169826e-05,-0.000831976447810757,0.0014904775486819,-0.00178051516385833
7.7447294881246,-0.000125405686819515,-2.18874213572364e-06,0.999999999997605,0.000156720402191373,-0.000837156445579265,-0.00150508784776419,-0.000162554359507701
7.74742295319918,-0.000109492758698921,-1.91100914638666e-06,0.999999999998174,0.000103113640476901,-0.000838285368012899,-0.000419133867480883,0.000725167023524079
7.75011641827377,-0.000116509161930659,-2.03346848442783e-06,0.999999999997933,-4.54653521209654e-05,-0.000831275245083687,0.00260264110916667,0.000357376242559626
7.75368491928254,-0.000114576838584889,-1.99974307983106e-06,0.999999999998,9.45086032311439e-06,-0.000826004578616806,0.00147699733134965,0.000464352046577311
7.75736209558928,-0.000131889570074882,-2.30190724684445e-06,0.999999999997351,-8.21728798971959e-05,-0.000813736309434907,0.00333632879104314,-0.000451766230264255
7.76103927189601,-0.000198233838829231,-3.45983317643096e-06,0.999999999994015,-0.000314895406965067,-0.000784059210073633,0.00807062182656955,-0.00401716912418756
7.76405065679055,-0.000170222310220516,-2.97093977369482e-06,0.999999999995587,0.000162348361255528,-0.000789061489735575,-0.0016611226519092,-0.00256890425487467
7.76695500521659,-0.000128871426753515,-2.24923070858965e-06,0.99999999999747,0.00024849259084673,-0.000799001919745925,-0.00342260244026993,-0.000359983289667679
7.77075375838857,-6.56926871144426e-05,-1.14655368462922e-06,0.999999999999343,0.000290273406573611,-0.000815264580649346,-0.00428105227351685,0.00298948723642196
7.77390844894226,-4.71042540820677e-05,-8.22124325427968e-07,0.999999999999662,0.0001028403114917,-0.000816744057176373,-0.00046897675123694,0.0040371515010954
7.77654480603692,-0.000106952929408479,-1.86668076282994e-06,0.999999999998258,-0.000396212045598296,-0.00079118762701681,0.0096938423900634,0.000832697245561465
7.78030548400627,-0.000134327256149577,-2.34445289497778e-06,0.999999999997252,-0.000127044148965352,-0.000775383612759411,0.00420243753551912,-0.000604301972215058
7.78296304587913,-0.000138522145177765,-2.41766752027524e-06,0.999999999997077,-2.75495468404413e-05,-0.000769621488898094,0.00216819932591863,-0.000877771285736346
7.78562060775198,-0.000128597482522276,-2.2444494797877e-06,0.999999999997481,6.51793067386767e-05,-0.000768895448967912,0.00027319775226949,-0.00036263818816187
7.78932215648799,-0.000129919420783592,-2.2675216549557e-06,0.999999999997429,-6.233113978379e-06,-0.000762522531494421,0.0017216894678434,-0.000453245881660386
7.79264014617822,-0.000114267254423716,-1.99433981690658e-06,0.999999999998011,8.23335403524526e-05,-0.000762822231498292,-9.03257791164847e-05,0.000374092771528522
7.79595813586845,-9.84814875505019e-05,-1.71882621001722e-06,0.999999999998523,8.30363058996039e-05,-0.000763192358527072,-0.000111551590973701,0.00122227850645243
7.79939076667588,-9.33831981553455e-05,-1.62984427385235e-06,0.999999999998672,2.59223730010898e-05,-0.000759604507215983,0.00104521910813503,0.00151165091997978
7.80318395525586,-0.000129115096529954,-2.2534835484761e-06,0.999999999997461,-0.000164410300588601,-0.000740956852847018,0.0049160894523803,-0.000342523176049436
7.8056049297715,-0.000133624571699935,-2.33218873772898e-06,0.99999999999728,-3.25097140613761e-05,-0.000735578255549213,0.00222166621873753,-0.000666520659977202
7.80802590428713,-0.000125172126693697,-2.18466574252677e-06,0.999999999997614,6.09353771590822e-05,-0.000734821252221157,0.000312685376557419,-0.000233449096260711
7.81159054972736,-0.000128437411151628,-2.24165570733171e-06,0.999999999997487,-1.59875549365469e-05,-0.000728141373422208,0.0018739251661747,-0.00042317617933224
7.81660318164973,-0.000137759744624983,-2.4043611204102e-06,0.99999999999711,-3.24590785038516e-05,-0.000717110831546253,0.00220054894251107,-0.00105665655725975
7.81875586125701,-0.000119374874256852,-2.08348459993478e-06,0.99999999999783,0.000149059116549669,-0.000720351016599932,-0.00150518685767987,2.71726045225923e-05
7.8209085408643,-0.000119806663101725,-2.09102073695118e-06,0.999999999997814,-3.50081683819614e-06,-0.000716909330886581,0.00159879143264291,1.37743514084625e-05
7.82449120953952,-0.000114167665534741,-1.99260166289556e-06,0.999999999998015,2.74708835724449e-05,-0.000713463748798622,0.000961736180569521,0.000306083035103813
7.82929697290459,-4.38128890023827e-05,-7.64679167902317e-07,0.999999999999708,0.000255510394856576,-0.000731213963493325,-0.00369352657347717,0.00410462550908033
7.83231797462891,-0.000111957706192742,-1.95403059604255e-06,0.999999999998091,-0.000393694389037818,-0.000702432933978565,0.00952698215396237,0.000454573498926605
7.83533897635324,-0.000148433385567766,-2.59065129803685e-06,0.999999999996644,-0.000210731657936285,-0.000684933617070397,0.0057925544256555,-0.00153538910641871
7.83815005163482,-0.000137905195473365,-2.40689971661428e-06,0.999999999997103,6.53670083569713e-05,-0.000684482099309629,0.00016062101350561,-0.00100580298184541
7.84124593974729,-0.000128339529549734,-2.23994735110153e-06,0.999999999997491,5.39271315526479e-05,-0.000683281779230853,0.000387714295598583,-0.000512480241502342
7.84588149170719,-7.52055054199643e-05,-1.31258368520444e-06,0.999999999999139,0.000200054637272969,-0.000695324416102348,-0.00259788628747135,0.00220547640077464
7.84809917603781,-0.000106369636901451,-1.85650038808011e-06,0.999999999998277,-0.000245263356631177,-0.000680976905080376,0.00646959119648825,0.000635358176051659
7.85031686036843,-0.000116134283147563,-2.02692561536694e-06,0.999999999997946,-7.6848280404033e-05,-0.000674250405449847,0.003033118617313,0.000119816643124097
7.85383401893694,-0.000112034133612264,-1.95536450615201e-06,0.999999999998088,2.03462845991092e-05,-0.000670568788695482,0.00104675882040935,0.000331078314658581
7.85870653851763,-7.68548159042713e-05,-1.34136958354323e-06,0.9999999999991,0.000126011791731619,-0.000676000591949968,-0.00111478325834081,0.00227407773916728
7.86088317741252,-0.000114806466227789,-2.00375083825324e-06,0.999999999997992,-0.000304313800633337,-0.000659357134269116,0.00764640277260031,0.000169779087199769
7.86305981630741,-0.000118015371965033,-2.05975680875418e-06,0.999999999997879,-2.57304831924493e-05,-0.000655078838464423,0.00196555148156789,-2.01074763667128e-05
7.86702014483956,-0.000124783738211786,-2.17788708474061e-06,0.999999999997628,-2.98284031306329e-05,-0.000646988345974295,0.00204288417600985,-0.000394185221886127
7.87091280274522,-0.00014627996192279,-2.55306696524185e-06,0.999999999996741,-9.63814158846112e-05,-0.000633788069102088,0.00339107036685677,-0.00157209270213717
7.87480546065089,-0.00015035656982307,-2.6242171954143e-06,0.999999999996557,-1.82780588217545e-05,-0.000626813717652183,0.00179166821717301,-0.00188007219732463
7.87709559546606,-0.000116441569886104,-2.0322887807022e-06,0.999999999997935,0.000258468807510119,-0.000635638586223368,-0.00385342754179313,-2.19763799254682e-06
7.87938573028122,-0.000115838836415455,-2.02176909712741e-06,0.999999999997956,4.59347786214994e-06,-0.000632627146648026,0.00131496170242817,3.4101238148778e-05
7.8831226703962,-0.000109282858623458,-1.90734569896966e-06,0.999999999998181,3.06195428980548e-05,-0.000629717643906503,0.000778578904666569,0.000372518037788522
7.88804697363998,-2.77792483677304e-05,-4.84839347746137e-07,0.999999999999882,0.000288874644960409,-0.000651839364624479,-0.00449235549128978,0.00479044594071472
7.89066051710532,-0.000111839740085894,-1.9519716990723e-06,0.999999999998095,-0.000561357548012217,-0.0006183211480827,0.0128248169530256,0.000237273733402888
7.89327406057066,-0.000121468398171106,-2.12002348520767e-06,0.999999999997753,-6.43003601678239e-05,-0.00061128726677918,0.00269131981036368,-0.000310491945151532
7.89650797481262,-0.00012606760937659,-2.2002948637378e-06,0.999999999997579,-2.48217400105481e-05,-0.000605203915810023,0.00188111078835264,-0.000575788651428254
7.90049443725348,-0.000141715671052644,-2.47340506153934e-06,0.999999999996941,-6.850941200472e-05,-0.00059418478607131,0.002764137352899,-0.00145759537461576
7.90352446476044,-0.000109475604334863,-1.91070974625277e-06,0.999999999998175,0.000185706338967838,-0.000601525954114082,-0.0024228057421682,0.000261745735019906
7.90655449226739,-9.72745764942169e-05,-1.69776163830635e-06,0.999999999998559,7.02792656034239e-05,-0.000601758504864606,-7.67487258747552e-05,0.000919778760710136
7.90977095971353,-9.63937937834736e-05,-1.68238908000926e-06,0.999999999998585,4.77932966973661e-06,-0.000597732243968669,0.00125176485176621,0.000969275077908748
7.91347533008928,-0.000104836154387559,-1.82973606919098e-06,0.999999999998326,-3.97765272464411e-05,-0.00058975714311021,0.00215288970850909,0.000536885283396281
7.91617289431897,-0.000123884906800333,-2.16219951719044e-06,0.999999999997662,-0.00012324579498116,-0.000579378746791557,0.00384732129987844,-0.000524865719813809
7.91887045854865,-0.000119960956162833,-2.09371365888048e-06,0.999999999997808,2.5388036198174e-05,-0.000577184467101711,0.000813430006855966,-0.000336805285185935
7.92252437239323,-0.000124134361838689,-2.16655332894544e-06,0.999999999997653,-1.99346982888773e-05,-0.000570860411259987,0.00173076216646896,-0.000584295757016743
7.92645202976158,-0.000108570908228767,-1.89491982047146e-06,0.999999999998205,6.91591661389366e-05,-0.000571222097880022,-9.20871109965375e-05,0.000199059713773957
7.92920541016789,-9.80898542180218e-05,-1.71199091890489e-06,0.999999999998535,6.64379324947508e-05,-0.000571340540584724,-4.30171960366646e-05,0.000781371696411459
7.9319587905742,-0.000105629556163272,-1.84358354246833e-06,0.999999999998301,-4.77931139707448e-05,-0.00056506492193723,0.00227924141288631,0.000376758020111417
7.93564387601305,-0.000104099138746503,-1.81687271961589e-06,0.999999999998349,7.2483591752958e-06,-0.00056082172693409,0.00115145091573675,0.000455922203093794
7.93886110593978,-0.000120043470573695,-2.09515380703036e-06,0.999999999997805,-8.64971089269133e-05,-0.00055099314227346,0.00305498359908328,-0.000411579942377363
7.94207833586651,-0.000130530606940254,-2.27818886573203e-06,0.999999999997405,-5.68921285922258e-05,-0.000543125346433146,0.00244551866652529,-0.000998029502376752
7.94556503180218,-0.000136382949804983,-2.38033151767687e-06,0.999999999997167,-2.92949697448581e-05,-0.00053658177268121,0.00187672623958505,-0.00134783520724681
7.94954064191796,-0.000102210598904797,-1.78391148132307e-06,0.999999999998409,0.000150019750173245,-0.000543675605787067,-0.00178433822715809,0.00037778947576069
7.95187988713344,-0.000100686776624551,-1.75731576531756e-06,0.999999999998456,1.13693578721825e-05,-0.000541254063423673,0.00103518106924984,0.000538818836709673
7.95421913234891,-0.000108113940013388,-1.88694422053614e-06,0.99999999999822,-5.54146501449143e-05,-0.000535660058521022,0.00239137174061134,0.00014495364783896
7.95775791052495,-0.000103994388830515,-1.8150444886907e-06,0.999999999998353,2.03176713173111e-05,-0.000532678354101266,0.000842580198993063,0.000353969602433699
7.96266490526131,-7.58144663906681e-05,-1.32321205915935e-06,0.999999999999125,0.000100230885899955,-0.000536573066595669,-0.000793706271079146,0.00193038471529412
7.96483178865225,-0.00010834083115313,-1.89090421796824e-06,0.999999999998212,-0.000261985560082646,-0.000522314881586045,0.0065800425944599,0.000101847777463861
7.96699867204319,-0.00011040789264609,-1.92698124686151e-06,0.999999999998143,-1.66492710425281e-05,-0.000518897727034348,0.00157699051364835,-3.07318230209744e-05
7.97082082553114,-0.000116587139197522,-2.03482944447629e-06,0.99999999999793,-2.82166056269349e-05,-0.00051199079332685,0.00180707910587039,-0.000377848767617086
7.97583957082785,-0.000236858221819572,-4.13395583115882e-06,0.999999999991455,-0.00041825720625254,-0.000463076034748557,0.00974641183931138,-0.00689527863221628
7.97908732799296,-0.000147013551120479,-2.56587051209854e-06,0.999999999996708,0.000482820986714089,-0.000491079237640264,-0.00862232041006166,-0.00217170373857255
7.98143985912469,-0.000103864250278766,-1.81277314247892e-06,0.999999999998357,0.000320122169464086,-0.000503575749268022,-0.00531194314889458,0.000229781808682811
7.98379239025642,-0.000105894730333896,-1.84821170483695e-06,0.999999999998292,-1.50640141930966e-05,-0.00050001534999282,0.00151343343651411,0.00012911303076499
7.98718351939749,-0.000101625805431202,-1.77370490976468e-06,0.999999999998427,2.19710874971157e-05,-0.000497460476038303,0.000753399191902668,0.000345492020043863
7.99176002848414,-6.92565408189138e-05,-1.2087546658316e-06,0.999999999999269,0.000123445672943432,-0.000503509032478399,-0.00132165288554425,0.00210502396092076
7.99440158018452,-0.000110223491158468,-1.92376283375694e-06,0.99999999999815,-0.000270677332503005,-0.000485804199080885,0.0067024368271883,-0.00013187976555267
7.99704313188489,-0.000112319518454808,-1.96034541128968e-06,0.999999999998079,-1.38488970432084e-05,-0.000481936168854222,0.0014643022985747,-0.00027031601992273
8,-0.000111038387881661,-1.93798546464035e-06,0.999999999998122,7.56203718898865e-06,-0.000478911631688625,0.0010228853800222,-0.000219554686721302
8.00454836248893,-0.000122593496808898,-2.1396601608468e-06,0.999999999997711,-4.43400667157711e-05,-0.000469480343899226,0.0020735567607778,-0.000886215032699776
8.00722802163439,-0.000103385275710612,-1.80441345923131e-06,0.999999999998372,0.000125107964639564,-0.000473193738403454,-0.00138577121292489,0.000147476646444204
8.00990768077985,-0.000103172527617814,-1.80070030453465e-06,0.999999999998379,1.38568172110942e-06,-0.000470164774732597,0.00113035408850036,0.000153798444872072
8.01384678296857,-9.33051500727432e-05,-1.62848207783608e-06,0.999999999998674,4.37201723763279e-05,-0.000469133969948763,0.000261685210093329,0.000670349372053173
8.01880414554669,-6.21603365460976e-05,-1.08490253687695e-06,0.999999999999411,0.000109650954997646,-0.000474535715072512,-0.00108964092067803,0.00250113289853536
8.02080195102387,-9.88377974678557e-05,-1.72504499123254e-06,0.999999999998512,-0.000320422814766882,-0.000459218836763819,0.00766685169482942,0.000363886601991328
8.02279975650105,-0.000104298435909676,-1.82035111130313e-06,0.999999999998343,-4.77054053355799e-05,-0.000455010319472367,0.00210657010380332,3.71559563784245e-05
8.0261741215872,-0.00010979502331853,-1.91628465921112e-06,0.999999999998164,-2.84301032813837e-05,-0.000449243420109276,0.00170903243006273,-0.000273687577095414
8.03071512272995,-0.000170380333751111,-2.97369780459932e-06,0.999999999995579,-0.000232859035298617,-0.000422599212911186,0.00586747423321203,-0.00355375580160339
8.03475903783489,-0.000247185328051576,-4.31419783710891e-06,0.999999999990694,-0.000331485700795761,-0.000390776861075607,0.0078691938405752,-0.00789852641025292
8.03682533668927,-0.000122666982589,-2.14094272966296e-06,0.999999999997708,0.00105176223799796,-0.000432766900810087,-0.0203213778323628,-0.00105345613951389
8.03889163554365,-0.000106206915642754,-1.85366036635286e-06,0.999999999998282,0.00013903233924822,-0.000436335681154478,-0.00172713658376274,-0.000153420829646497
8.04221759470516,-9.92993656717219e-05,-1.73310087611251e-06,0.999999999998498,3.62480368478366e-05,-0.000435130381069587,0.000362391727127065,0.000199574464201098
8.04667431787917,-3.6923420180276e-05,-6.4443525324309e-07,0.999999999999792,0.000244274903412581,-0.000452437519893378,-0.00388337757316478,0.00352240347666377
8.05057284636523,4.52685756009256e-05,7.9008569192404e-07,0.999999999999688,0.000367964720611568,-0.000477430653480562,-0.0064109147019414,0.0080619840521126
8.05290761885552,-9.16649713164171e-05,-1.59985555821696e-06,0.99999999999872,-0.00102362918017749,-0.000426207946143387,0.0219390572529404,0.000594414989613133
8.05524239134582,-0.000103412506537623,-1.8048887268207e-06,0.999999999998371,-8.78171939477152e-05,-0.000419515303432109,0.00286650743877478,-7.40480799104888e-05
8.05846796484726,-0.000108480543347552,-1.89334265576608e-06,0.999999999998208,-2.74226982910401e-05,-0.000414254184284511,0.00163106472236693,-0.000364874613535426
8.06267785287406,-0.000139379104132728,-2.43262427559373e-06,0.999999999997041,-0.00012809880367255,-0.00039877866537888,0.00367599299722487,-0.00206057277146261
8.0669840388539,-0.000148810445493267,-2.59723223521414e-06,0.999999999996627,-3.82259290220457e-05,-0.000390868054612175,0.0018370341652097,-0.00280243434045797
8.06898433350668,-0.000108210678299346,-1.88863262213884e-06,0.999999999998217,0.000354247616515538,-0.000403199661343461,-0.00616489511389241,-0.000441162284426724
8.07098462815946,-0.000101912142486741,-1.77870243415429e-06,0.999999999998418,5.49569973762601e-05,-0.000403340253967497,-7.02859570416531e-05,-8.43250314091298e-05
8.07422926300769,-9.59760979203427e-05,-1.67509891192568e-06,0.999999999998597,3.19307185785384e-05,-0.000402060867598562,0.000394308274669302,0.000218360032573573
8.07862784265447,-4.9964189546409e-05,-8.72039615675258e-07,0.99999999999962,0.000182572412173607,-0.000413857062428231,-0.00268181908182425,0.00267140565289752
8.08275675924695,2.21960059623883e-05,3.87393384835959e-07,0.999999999999925,0.000305027474472538,-0.000435261817610611,-0.00518410936694007,0.00670104699830228
8.08484394983797,-8.4514765726091e-05,-1.47506092847141e-06,0.999999999998912,-0.000892325943455484,-0.000395171253380374,0.0192079077026436,0.000811914235305795
8.086931140429,-9.75574422365224e-05,-1.70269857685067e-06,0.99999999999855,-0.000109064140744209,-0.000388399369276974,0.00324449723591097,7.73123338619717e-05
8.090322578639,-0.000103591054036738,-1.80800496855146e-06,0.999999999998366,-3.10506590951366e-05,-0.000382802609656769,0.00165026141526077,-0.000262522102971549
8.09484794194531,-0.000170853033629815,-2.98194797385645e-06,0.999999999995554,-0.000259414090283403,-0.000354307210808743,0.00629682014884627,-0.00389606138078888
8.09876271104161,-0.000250416090583318,-4.37058528063735e-06,0.999999999990449,-0.00035471755105666,-0.000322083104026488,0.0082314195268233,-0.00835749369088865
8.10099415539499,-0.000111812165445516,-1.95149043080764e-06,0.999999999998096,0.0010840937378391,-0.000369146987315805,-0.0210912197823341,-0.000796247264014692
8.10322559974838,-9.81322387331867e-05,-1.71273066824638e-06,0.999999999998533,0.00010699785643292,-0.000371792052746423,-0.00118536024732337,-4.76120527715488e-05
8.10650336464249,-9.18365866184017e-05,-1.60285081028339e-06,0.999999999998715,3.35228002961489e-05,-0.000370785315651825,0.000307141337807745,0.000274157348568495
8.11083071350833,-4.84358177939629e-05,-8.45364496400608e-07,0.999999999999643,0.00017504627830317,-0.000381962629010437,-0.00258294713580078,0.00259175132193537
8.11495549194897,-2.46373886252789e-06,-4.30003550604516e-08,0.999999999999999,0.000194522967205534,-0.000394281697905987,-0.00298660135879067,0.00521968763696289
8.11683451547816,-7.79107210174517e-05,-1.35979860435686e-06,0.999999999999076,-0.000700788589839819,-0.000365624517152906,0.0152511026647103,0.00100050201374573
8.11871353900735,-9.27373350791463e-05,-1.61857183665563e-06,0.99999999999869,-0.000137716866382523,-0.000358531338109476,0.00377492827164743,0.000170754140488787
8.12216794456164,-9.93569730961886e-05,-1.73410631534305e-06,0.999999999998496,-3.34455456581078e-05,-0.000352845647919845,0.00164592434219912,-0.000198558492968539
8.12583876925484,-0.000118463100799688,-2.06757115107501e-06,0.999999999997863,-9.08419397828332e-05,-0.000342532052687158,0.00280961257883152,-0.00124435214618561
8.12950959394803,-0.000139474793880973,-2.43429437676102e-06,0.999999999997037,-9.99021354429601e-05,-0.000331562971289742,0.00298817903719302,-0.00242476147932552
8.13321484009012,-8.95412118413016e-05,-1.56278896285581e-06,0.999999999998779,0.000235208507204824,-0.000345814544127395,-0.00384632283285262,0.00014200005231984
8.13553774703177,-8.39757058910901e-05,-1.4656525594854e-06,0.999999999998926,4.18167433352903e-05,-0.000345605892035625,8.98236980693226e-05,0.000528893380448312
8.13786065397341,-9.11207491176312e-05,-1.59035708898571e-06,0.999999999998735,-5.36846858842128e-05,-0.000340886074431657,0.0020318582373454,0.000150034411402626
8.14132688231368,-8.72193027495609e-05,-1.52226400427299e-06,0.999999999998841,1.96447198592473e-05,-0.000339038747123135,0.000532950263853111,0.000344497109044173
8.14611766322736,-5.81722762465586e-05,-1.01529775388196e-06,0.999999999999485,0.000105821213603019,-0.000344929480811607,-0.00122959780349285,0.00194516091040192
8.14821263585401,-8.93351407076998e-05,-1.55919234308115e-06,0.999999999998784,-0.000259618947895093,-0.000331917443153041,0.00621107764991637,0.000204318887754076
8.15030760848066,-9.2702920468582e-05,-1.61797118839049e-06,0.999999999998691,-2.80570946664064e-05,-0.000328797145368097,0.001489421744825,3.50457708001348e-06
8.15440654856316,-9.92464490756263e-05,-1.73217730728169e-06,0.9999999999985,-2.78623538262391e-05,-0.000322728449632097,0.00148055243888515,-0.000364635003085312
8.15810861433743,-0.000116099851898959,-2.02632467671324e-06,0.999999999997947,-7.94549279693276e-05,-0.000313378414293092,0.00252562647697897,-0.00129599660852995
8.1618106801117,-0.000120864715642925,-2.10948723745418e-06,0.999999999997775,-2.24638258237298e-05,-0.000308349370997345,0.001358442448728,-0.00161280303418196
8.16450449760018,-8.63540621828122e-05,-1.50716270756142e-06,0.999999999998864,0.000223595151664321,-0.000318209600765404,-0.00366031841808443,0.000250186538741598
8.16719831508867,-8.54439550384168e-05,-1.49127834134582e-06,0.999999999998888,5.89660074727529e-06,-0.000316131640253235,0.00077138132818985,0.000298294249863473
8.17070834069259,-7.97329017132145e-05,-1.39160165706417e-06,0.999999999999032,2.83977086008719e-05,-0.000315050494359092,0.000308016526413862,0.000592793858234453
8.17516998513152,-6.82577393798182e-05,-1.19132229214574e-06,0.99999999999929,4.48891362052686e-05,-0.000315202840032721,-3.41456330092317e-05,0.00126397547682303
8.1774795852059,-9.33230886369118e-05,-1.6287951648439e-06,0.999999999998674,-0.000189414989006291,-0.000304267679527044,0.00473465541803294,-0.0001612524575489
8.17978918528029,-9.17345562196269e-05,-1.60107004388765e-06,0.999999999998718,1.20042951434637e-05,-0.00030281960908008,0.000626978870941194,-0.000100760836663691
8.1835010273782,-9.72645476013615e-05,-1.6975866011057e-06,0.999999999998559,-2.6002333793352e-05,-0.000297634878848121,0.00139680786391008,-0.000418638051423661
8.18844264237651,-0.000164994603075567,-2.87969907168584e-06,0.999999999995854,-0.00023921581729614,-0.000269296485978092,0.00573464199046825,-0.00415338917319821
8.19088018047137,-9.23611920678489e-05,-1.61200690265014e-06,0.999999999998701,0.000520070710570422,-0.000293044106238693,-0.00974246117860794,-0.000216155539137471
8.19331771856624,-8.67657841618703e-05,-1.51434861169881e-06,0.999999999998853,4.00643137258751e-05,-0.000292959697975335,3.46284899243492e-05,8.73770538058428e-05
8.19681291211197,-7.99823663076015e-05,-1.39595563560337e-06,0.999999999999026,3.38730815751841e-05,-0.000292413596344422,0.000156243602469708,0.000434601271995371
8.20127138397214,-3.49133324994102e-05,-6.09352604958212e-07,0.999999999999814,0.000176428842732507,-0.000304694583920909,-0.00275452844868116,0.00286830972769854
8.20416137127099,-8.82761445473467e-05,-1.54070937331703e-06,0.999999999998813,-0.000322270194312083,-0.000283303899400152,0.00740165347068475,-1.62843578382117e-05
8.20705135856984,-0.000102076284593881,-1.78156725436504e-06,0.999999999998413,-8.33421936298134e-05,-0.000275995837353474,0.00252875230613968,-0.000792217177896267
8.21015274485693,-0.000102251167592995,-1.78461953850535e-06,0.999999999998408,-9.84167677859792e-07,-0.000273371724029089,0.000846109797836309,-0.000831238386922901
8.21376610306827,-0.000100513042527491,-1.7542835333009e-06,0.999999999998461,8.39551559247181e-06,-0.000271023161160203,0.00064996679861797,-0.000780144048565003
8.21657249634001,-8.09988136023868e-05,-1.41369598757035e-06,0.999999999999001,0.000121361303549824,-0.000275672224418832,-0.00165659720804481,0.00026493737241931
8.21937888961174,-8.03859664688565e-05,-1.40299978727884e-06,0.999999999999016,3.81136899067173e-06,-0.000273610909068537,0.000734506945643485,0.000292138955724364
8.22312920994902,-7.18938165565701e-05,-1.25478381073663e-06,0.999999999999213,3.95208844079613e-05,-0.000273603298101954,2.02941772940698e-06,0.000736976707105795
8.22785035640427,-7.9147951771774e-05,-1.3813923546267e-06,0.999999999999046,-2.6817330301064e-05,-0.000267240469047414,0.00134772964889953,0.000483527542929549
8.22993841797418,-8.70156437345694e-05,-1.51870948391003e-06,0.999999999998847,-6.57629694747163e-05,-0.000262780860056399,0.00213576508244542,-9.27845899045086e-05
8.23202647954409,-8.56262437586314e-05,-1.49445987970281e-06,0.999999999998883,1.16134526666596e-05,-0.000261619112962704,0.000556375880115372,-5.08416554998011e-05
8.23541840117485,-9.01592456329366e-05,-1.57357568740841e-06,0.999999999998762,-2.33247746611828e-05,-0.000257330464680916,0.00126437127641902,-0.000313151537647191
8.24001177195217,-0.000139998446429051,-2.44343383786141e-06,0.999999999997015,-0.000189372509345377,-0.000236007801692035,0.00464205134368063,-0.0030351973141087
8.243466981255,-0.000100819880422259,-1.75963886483447e-06,0.999999999998452,0.00019790261981138,-0.000247255058164334,-0.00325515923537769,-0.0010135859540846
8.24596289511276,-7.36945922359584e-05,-1.28621327543177e-06,0.999999999999173,0.000189680259970463,-0.000254971533767644,-0.00309164339920122,0.000493028895523881
8.24845880897052,-7.87322802550884e-05,-1.37413751805378e-06,0.999999999999056,-3.52272745106272e-05,-0.00025125879701061,0.00148752599994393,0.000225013588681286
8.25193733111045,-7.4988811715545e-05,-1.30880166659398e-06,0.999999999999144,1.87826464318717e-05,-0.000249927548106727,0.000382705312868005,0.000412292563645718
8.25669364370242,-6.11787920406228e-05,-1.06777135350157e-06,0.99999999999943,5.06758772541065e-05,-0.000251225639394056,-0.000272919675111734,0.00121424565395465
8.25895583370636,-8.45082815754812e-05,-1.47494775869407e-06,0.999999999998912,-0.000179992133500602,-0.000241222084024676,0.00442206682549161,-0.000123634882367083
8.2612180237103,-8.32695877974572e-05,-1.45332847384361e-06,0.999999999998944,9.55679443938615e-06,-0.000239962783216845,0.000556673314636767,-8.19220252163097e-05
8.26493269241671,-8.88080785327378e-05,-1.54999337276535e-06,0.999999999998799,-2.60224818313003e-05,-0.000235217314588094,0.00127749444265718,-0.000399683373954988
8.2698796489975,-0.000164263445642962,-2.8669379671365e-06,0.99999999999589,-0.000266213089374572,-0.00020471617849936,0.00616563650612258,-0.0045403034746577
8.27243796162068,-8.45265255607288e-05,-1.47526617630533e-06,0.999999999998912,0.000543980347915441,-0.000231190604106721,-0.0103483934556992,-0.000236427290461142
8.27499627424386,-7.65863976775556e-05,-1.33668480171469e-06,0.999999999999107,5.41690539831126e-05,-0.000232140506722116,-0.000371300444984064,0.000195167481869384
8.278324106508,-7.0617725046668e-05,-1.23251181233211e-06,0.99999999999924,3.13035577259052e-05,-0.000231839253039345,9.05255009446788e-05,0.000502187059439028
8.2824776895628,-4.65977014046791e-05,-8.13283313372747e-07,0.999999999999669,0.000100931772262301,-0.000237377492998678,-0.00133336444372612,0.00180075119479372
8.28541666183722,-8.40539602036495e-05,-1.46701835489344e-06,0.999999999998924,-0.000222436614054093,-0.000221945326252398,0.00525087183727144,-0.000230442926968018
8.28835563411165,-9.36240719626139e-05,-1.63404831487099e-06,0.999999999998665,-5.68327783938154e-05,-0.000216442370324519,0.00187240824820736,-0.000775980032765071
8.29158175914913,-9.5181074335572e-05,-1.66122313274044e-06,0.99999999999862,-8.42336163470305e-06,-0.000213597523751392,0.000881815348157278,-0.000889243661451292
8.2953626252187,-9.12874015207609e-05,-1.59326572212668e-06,0.999999999998731,1.79740327648342e-05,-0.000212315200959163,0.00033916112568799,-0.000735837948760794
8.29809443891626,-6.9058425353494e-05,-1.20529689866091e-06,0.999999999999274,0.000142018770830789,-0.000218305319591649,-0.00219272589409629,0.000468290102516221
8.3,-7.68998718839072e-05,-1.34215595873559e-06,0.999999999999099,-7.18208727299314e-05,-0.000214186514934277,0.00216146556124872,4.91039870013942e-05
8.30377875733459,-6.97397884775413e-05,-1.2171889285772e-06,0.999999999999259,3.30709328737535e-05,-0.000214109814416658,2.02978150824322e-05,0.000413876663099977
8.3087037827286,1.35750792741395e-05,2.36929829552974e-07,0.999999999999972,0.000295251017365509,-0.000240349103201572,-0.0053277469019473,0.00492966118269821
8.3112334272906,-7.24537589024148e-05,-1.26455664829295e-06,0.9999999999992,-0.000593556304470059,-0.000208025322957717,0.0127779928964561,0.000256159866809864
8.31376307185261,-8.03985809835161e-05,-1.4032199520932e-06,0.999999999999015,-5.48153309295278e-05,-0.000203479519775792,0.00179701261204971,-0.000203291448088718
8.31708420196247,-8.57301949737313e-05,-1.49627417066775e-06,0.999999999998881,-2.80188416281469e-05,-0.000199337458217994,0.00124718436820656,-0.000510986326667572
8.32124841257033,-0.000110580537062992,-1.92999446037163e-06,0.999999999998138,-0.000104154263688058,-0.000187704175865877,0.00279363448384093,-0.00189618844283203
8.32426203770255,-7.18603158977442e-05,-1.25419911393853e-06,0.999999999999214,0.000224246652050434,-0.000199465412414987,-0.00390268730619146,0.000165440218536212
8.32727566283476,-5.65475773080947e-05,-9.86941408052125e-07,0.999999999999513,8.86831288436522e-05,-0.000202913732245345,-0.00114424312217807,0.000988199006274952
8.3304064473856,-5.70604472714289e-05,-9.95892677546884e-07,0.999999999999504,-2.85911385769552e-06,-0.000200668636721494,0.000717103169315875,0.000959899314026277
8.33397816242607,-6.378808206355e-05,-1.11331205554106e-06,0.99999999999938,-3.28747889078213e-05,-0.000195938178196392,0.00132442215336514,0.000606021402889544
8.33675577537012,-8.22070233201344e-05,-1.43478322519961e-06,0.999999999998971,-0.000115736488896815,-0.000187581124374621,0.00300871791358446,-0.000415107515268171
8.33953338831417,-8.03970024584818e-05,-1.40319240163402e-06,0.999999999999016,1.13733713810924e-05,-0.000186428063503996,0.000415126547093057,-0.00034273315899678
8.34324641771281,-8.61454037405096e-05,-1.50352093073117e-06,0.99999999999887,-2.70206665031844e-05,-0.000181997126239366,0.00119334828489368,-0.000680267984554598
8.347104581349,-6.94882379074777e-05,-1.21279854289432e-06,0.999999999999265,7.53525291438221e-05,-0.00018545979812917,-0.000897492231104396,0.000157153489108233
8.34984765309584,-5.81078049606406e-05,-1.0141725176697e-06,0.999999999999486,7.24100729241042e-05,-0.000187768294264664,-0.0008415733704936,0.000786135719312953
8.35259072484268,-6.55418095537757e-05,-1.14392037442821e-06,0.999999999999346,-4.73002052928615e-05,-0.00018339520313582,0.00159423140640833,0.000384798525570108
8.35625138157629,-6.38580283477081e-05,-1.11453284849915e-06,0.999999999999379,8.02793817274664e-06,-0.000181700944241766,0.000462829218183022,0.000468090382049308
8.3595549568386,-8.03287548043155e-05,-1.40200125536206e-06,0.999999999999017,-8.70173627169031e-05,-0.00017378826216878,0.00239518746954472,-0.000428191018846967
8.36285853210091,-9.62886664298942e-05,-1.6805542615554e-06,0.999999999998588,-8.43186499703884e-05,-0.000166070833449163,0.00233608382035697,-0.00131172009435366
8.36624400207888,-9.9131756807375e-05,-1.73017554957413e-06,0.999999999998503,-1.46571342654457e-05,-0.000162981667811365,0.000912477634684581,-0.00150564477542799
8.369990146644,-6.64611154209008e-05,-1.15996528864244e-06,0.999999999999327,0.000152212561747556,-0.000172317745893798,-0.00249218307520261,0.000164575016142488
8.37246563689321,-5.85016671452314e-05,-1.0210467095899e-06,0.999999999999479,5.61176030067253e-05,-0.000173648707876114,-0.000537655917948694,0.000644562565080365
8.37494112714243,-6.64823604201512e-05,-1.16033608382894e-06,0.999999999999327,-5.6267389573899e-05,-0.000169318485249787,0.00174923840952123,0.000216922098508349
8.37852740441227,-6.28298385143444e-05,-1.09658755057143e-06,0.999999999999399,1.77756844942445e-05,-0.00016846925213024,0.000236800742287613,0.000400030194280878
8.38361095349004,-6.75500264370302e-05,-1.17897037113512e-06,0.999999999999305,-1.62057687067561e-05,-0.00016377128643112,0.000924150751227485,0.000266904422899772
8.38570653319345,-7.21592099139643e-05,-1.25941579863608e-06,0.999999999999207,-3.83881497660076e-05,-0.000160897509445405,0.00137135179398883,-0.000119006403896733
8.38780211289685,-7.03434069793932e-05,-1.22772405886046e-06,0.999999999999246,1.51231373944433e-05,-0.000160313351317514,0.00027875729419455,-5.14574607697778e-05
8.39126602955017,-7.50559932436038e-05,-1.30997420545513e-06,0.999999999999142,-2.37448399677676e-05,-0.000156615640206784,0.00106749425024065,-0.000322684792041996
8.39594381254224,-0.000131652383391524,-2.29776755827797e-06,0.99999999999736,-0.000211166989682872,-0.000133780288316268,0.00488166123337553,-0.00341171578711393
8.39920100172492,-7.9920571601111e-05,-1.39487711451481e-06,0.999999999999027,0.000277199263882451,-0.000150308181990244,-0.00507428115071235,-0.000692285564268778
8.4024581909076,-7.51421947748046e-06,-1.31147870599522e-07,0.999999999999991,0.000387981530405312,-0.000174200903455972,-0.00733538033123119,0.00318562623390599
8.40509827449312,-4.15815234772656e-05,-7.25734492673542e-07,0.999999999999737,-0.000225215074755186,-0.000160588313728836,0.00515612073866442,0.0013974402596549
8.40780341954335,-6.07283881215051e-05,-1.05991032214908e-06,0.999999999999438,-0.000123533423632004,-0.000152253778858934,0.00308099370464576,0.000363977247914171
8.41197062390166,-7.19015711263117e-05,-1.2549191535107e-06,0.999999999999213,-4.67960806800486e-05,-0.000145947111508874,0.00151340486517865,-0.000219640131863554
8.41466694700228,-7.9859273179077e-05,-1.39380725522404e-06,0.999999999999029,-5.1510184992891e-05,-0.000141618451354177,0.00160539371327693,-0.000691939885644218
8.4173632701029,-7.25398987447319e-05,-1.26606007215854e-06,0.999999999999199,4.73782919548158e-05,-0.00014273112736295,-0.000412664197594744,-0.000322796489812705
8.42114738251596,-7.52310614943595e-05,-1.31302972284652e-06,0.999999999999138,-1.24123296458958e-05,-0.000139696396194987,0.000801966441982342,-0.000497630223715364
8.42449314678804,-5.83480694631749e-05,-1.01836592431459e-06,0.999999999999481,8.80706991198065e-05,-0.000143877199673527,-0.00124958100408565,0.000385270713600348
8.42783891106012,-3.86790267664046e-05,-6.75076368540725e-07,0.999999999999772,0.000102604226675118,-0.000149061409408675,-0.00154948445663386,0.00143329931876684
8.43119111094008,-3.59102604945668e-05,-6.26752280878997e-07,0.999999999999804,1.44156343273673e-05,-0.000148244302732684,0.000243752373143437,0.00159055698272617
8.43482592076658,-6.69601613997009e-05,-1.16867528409133e-06,0.999999999999317,-0.00014909253278148,-0.000135262170996858,0.00357161236914315,-4.10824952578036e-05
8.4373714946674,-7.79994972969601e-05,-1.36134804273195e-06,0.999999999999073,-7.56893204236304e-05,-0.000129987081553723,0.00207225939951981,-0.000701651385129433
8.43991706856821,-6.9735969707803e-05,-1.21712227847189e-06,0.999999999999259,5.66574650274485e-05,-0.000131583795520847,-0.000627251075528925,-0.000284009369504849
8.44350610047088,-7.23464463091857e-05,-1.26268369021225e-06,0.999999999999203,-1.26946243376995e-05,-0.000128775262967758,0.000782532066934555,-0.000448617397479579
8.44864822903017,-4.36541246215204e-05,-7.61908206721381e-07,0.99999999999971,9.7386807373026e-05,-0.000136311236643057,-0.00146553583567669,0.000885945017325089
8.4506821393783,-5.95700165847119e-05,-1.03969292487066e-06,0.99999999999946,-0.000136576677730784,-0.000129602322343819,0.00329852999932717,0.000179240000210735
8.45271604972642,-6.27054160379209e-05,-1.09441596869436e-06,0.999999999999401,-2.69053372357988e-05,-0.000127443886207839,0.00106122481650596,2.44439280568537e-05
8.45604802967776,-5.77057123180648e-05,-1.00715467715871e-06,0.999999999999493,2.61890205854106e-05,-0.000127522623951181,-2.36309174999668e-05,0.000277642648651061
8.46056738661259,-1.32176236344693e-05,-2.30691051710907e-07,0.999999999999973,0.00017180843129772,-0.000141058437515648,-0.00299507513118565,0.00266330901697274
8.46498428151167,5.43080161778582e-06,9.47853692529971e-08,0.999999999999996,7.36889666611014e-05,-0.000145475958739959,-0.00100014180215875,0.00397869173588478
8.46683989079758,-4.36925762981155e-05,-7.62579315080877e-07,0.999999999999709,-0.00046203944485829,-0.000127084063626836,0.0099115127590785,0.00103481572377664
8.46869550008348,-5.78420878142417e-05,-1.00953487858604e-06,0.99999999999949,-0.000133085970942782,-0.000121132494518817,0.0032073395801711,0.000219641046371713
8.47168503494094,-6.51636150877002e-05,-1.13731963578238e-06,0.999999999999353,-4.27440265089177e-05,-0.000117054638507309,0.00136404364088225,-0.000190814349598037
8.47575643435811,-9.39711378153379e-05,-1.64010575672226e-06,0.999999999998655,-0.000123492212240475,-0.000104817265449708,0.00300569209839893,-0.00175647803514759
8.47981088000269,-0.000160855754743974,-2.80746254105915e-06,0.999999999996059,-0.000287920195921143,-7.90643130768731e-05,0.00635178138526652,-0.00545557314615094
8.48235050776505,-6.40608616994672e-05,-1.1180729583202e-06,0.999999999999375,0.000665211495866515,-0.00011226482660528,-0.0130729841674036,-0.000219483567514695
8.4848901355274,-5.56789468032967e-05,-9.71780945760146e-07,0.999999999999528,5.76037223755557e-05,-0.000114029170691776,-0.000694725468293694,0.000241786044380407
8.48808605582749,-5.14745319739421e-05,-8.98400063868265e-07,0.999999999999596,2.29607984560833e-05,-0.000114003072125467,8.16621312764784e-06,0.000457533883468326
8.49214108775065,-3.40956313132275e-05,-5.95081026961862e-07,0.999999999999823,7.48006532757699e-05,-0.000118268420637314,-0.00105186558149779,0.00139542674095359
8.49521334465172,-6.50623030683201e-05,-1.13555140747235e-06,0.999999999999355,-0.00017591965708403,-0.000105815731685215,0.0040532707234709,-0.000279370273270591
8.49828560155279,-7.93418443047711e-05,-1.38477641772253e-06,0.999999999999041,-8.1121149134169e-05,-9.93073476966033e-05,0.00211843742179907,-0.00107524645625596
8.50147107682777,-7.87880610490308e-05,-1.37511107656745e-06,0.999999999999055,3.0341912338854e-06,-9.80316911616996e-05,0.000400460347291318,-0.00107731674407866
8.50508049777826,-6.82243429688095e-05,-1.19073941481529e-06,0.999999999999291,5.10806758982014e-05,-0.000100132426280145,-0.000582014441446181,-0.000558778599499318
8.50783224597156,-4.86158525529491e-05,-8.4850669571295e-07,0.99999999999964,0.000124369199164248,-0.000105851896519115,-0.00207848605220994,0.000504673010151317
8.51058399416486,-5.15243561251916e-05,-8.99269659354581e-07,0.999999999999596,-1.84475322870127e-05,-0.00010357110988284,0.000828850053150894,0.000347154973807582
8.51422057087398,-4.69478502486285e-05,-8.19394563571713e-07,0.999999999999664,2.19643643382154e-05,-0.000103563099630856,2.2026902288982e-06,0.000585160747596265
8.51802714062243,-6.37346904587312e-05,-1.11238019624405e-06,0.999999999999381,-7.69684130420432e-05,-9.5894939745636e-05,0.0020144540602024,-0.000303440353075055
8.52085218982585,-7.41531912032347e-05,-1.29421733735698e-06,0.999999999999162,-6.43660085257835e-05,-9.09389743864438e-05,0.00175429346617864,-0.000903270425808891
8.52367723902927,-6.60565668427309e-05,-1.15290458396911e-06,0.999999999999335,5.00213423599549e-05,-9.25754446367257e-05,-0.000579271415273393,-0.000494130102113252
8.5273512639279,-6.52668275948477e-05,-1.13912103386134e-06,0.999999999999351,3.75162131125302e-06,-9.12514215417095e-05,0.000360374012573755,-0.000484279220081689
8.53015782654701,-5.26017863800088e-05,-9.18074364761733e-07,0.999999999999579,7.8760640362913e-05,-9.45383611437124e-05,-0.00117116203986396,0.000191185561460154
8.53296438916612,-5.23667796502673e-05,-9.13972723563402e-07,0.999999999999582,1.46144652907602e-06,-9.34123385450103e-05,0.000401210573758437,0.000196936140470926
8.53703785290531,-4.05651480104809e-05,-7.0799539434166e-07,0.999999999999749,5.0565646930935e-05,-9.58673135962989e-05,-0.000602675071750424,0.00082107584303216
8.54085161704362,-5.56319295026204e-05,-9.70960339057945e-07,0.999999999999529,-6.8951548963143e-05,-8.88921459413682e-05,0.00182894573496788,3.49046484079452e-05
8.54355927779002,-6.94608039012506e-05,-1.21231972915865e-06,0.999999999999265,-8.91394501404369e-05,-8.28349136086622e-05,0.00223707210763456,-0.000755109660913438
8.54626693853642,-6.21750160360931e-05,-1.08515874230989e-06,0.999999999999411,4.69634118742402e-05,-8.42936847350406e-05,-0.000538756979920239,-0.000389104242137178
8.54987942605639,-6.38466326828744e-05,-1.11433395662735e-06,0.999999999999379,-8.07621179483281e-06,-8.21991930822317e-05,0.000579792079897743,-0.000505549668807871
8.55344629880812,-4.59566925467741e-05,-8.0209559826786e-07,0.999999999999678,8.75384069163146e-05,-8.70925205367509e-05,-0.00137188170005397,0.000423214568167435
8.55701317155985,4.8529854815285e-07,8.47005752041547e-09,1,0.000227248268219067,-0.000102151813398425,-0.00422198769338534,0.00290373381579283
8.56012386596542,-1.37520522943889e-05,-2.40018591443524e-07,0.999999999999971,-7.98820509397045e-05,-9.58270248998993e-05,0.00203324006600975,0.00216432233005993
8.56324344801306,-4.96197851536785e-05,-8.66028625063782e-07,0.999999999999625,-0.000200671123265987,-8.18151454347254e-05,0.00449158869720167,0.000239660919973516
8.566930033854,-0.000125183943257049,-2.18487198046351e-06,0.999999999997613,-0.00035774112208571,-5.34688912016129e-05,0.00768902595956469,-0.00380605199035855
8.56987987608287,-0.000109279690343201,-1.90729040204756e-06,0.999999999998181,9.4100482968134e-05,-5.79560297801905e-05,-0.0015211452784359,-0.00302816642662264
8.57250554997926,-6.37365970332051e-05,-1.11241347224605e-06,0.999999999999381,0.00030273254073742,-7.31187329276231e-05,-0.00577478534873369,-0.000603100450805776
8.57679635420929,-2.64676348169616e-05,-4.6194737277145e-07,0.999999999999893,0.000151595380400557,-8.46967947119294e-05,-0.00269834305263596,0.00129741980450272
8.57917631692415,-3.88749100498318e-05,-6.78495176786145e-07,0.99999999999977,-9.09878976934495e-05,-7.93610326176985e-05,0.00224195196878305,0.00069755087939321
8.58155627963902,-4.85789139428033e-05,-8.47861995344796e-07,0.999999999999641,-7.1163643657341e-05,-7.4992084252207e-05,0.00183572134899257,0.000178445760032673
8.5852110460556,-4.45673095814458e-05,-7.77846290951767e-07,0.999999999999697,1.91573677801973e-05,-7.5019212692259e-05,-7.42275619282018e-06,0.000382347880030104
8.59043404774621,-4.35053437509695e-05,-7.59311490666284e-07,0.999999999999712,3.54868739920177e-06,-7.34164887792154e-05,0.000306858777381603,0.000578645559704509
8.5924811838502,-5.14367317848843e-05,-8.9774032611133e-07,0.999999999999597,-6.76207288687631e-05,-6.98272567943345e-05,0.001753294262112,2.72788773277512e-06
8.59452831995418,-5.12879300983384e-05,-8.95143246748585e-07,0.999999999999599,1.26864030080335e-06,-6.91146629185675e-05,0.00034809306248835,-1.95001703985751e-05
8.59794554420232,-5.62177883660516e-05,-9.81185505176806e-07,0.999999999999519,-2.5178990953012e-05,-6.60915258063433e-05,0.000884676243846805,-0.00029943564733612
8.60255461525882,-0.000112480970321272,-1.96316327794296e-06,0.999999999998073,-0.000213053294412302,-4.43855487946254e-05,0.00470940385722992,-0.00335834996257697
8.60681699646727,-0.000154476546245249,-2.6961243490856e-06,0.999999999996365,-0.000171960468878573,-2.78992272711284e-05,0.00386786650870301,-0.00594299652675439
8.60867663048326,-7.3562532863533e-05,-1.28390840457483e-06,0.999999999999176,0.000759405308987598,-5.60012327679472e-05,-0.0151115785446197,-0.00133125720026224
8.61053626449924,-5.46079535089657e-05,-9.53088586507297e-07,0.999999999999546,0.000177895120880728,-6.20723332541367e-05,-0.00326467489516777,-0.000279276122533182
8.61359604869959,-4.6287857070796e-05,-8.0787550957784e-07,0.999999999999674,4.74586008100978e-05,-6.39358709316616e-05,-0.000609042192358191,0.000155294523152572
8.61775746464366,-8.46478924685086e-06,-1.47738442844958e-07,0.999999999999989,0.00015863280085566,-7.59101585539613e-05,-0.00287745512182404,0.00216344811165108
8.62170526029975,6.65047583868934e-05,1.16072700209434e-06,0.999999999999326,0.000331442039793041,-0.000101183923674883,-0.00640199425772027,0.00626127879088447
8.62432618386696,-4.37815037613979e-05,-7.641313921106e-07,0.999999999999708,-0.000734419888580159,-6.10480027096206e-05,0.015313655639349,0.000287977035832881
8.62694710743416,-5.61597431692135e-05,-9.80172425377013e-07,0.99999999999952,-8.24293527554946e-05,-5.57375606363139e-05,0.00202617204856755,-0.000415999588258834
8.6299895537033,-5.77035466139096e-05,-1.00711687849058e-06,0.999999999999493,-8.85618043181173e-06,-5.41411851281177e-05,0.000524701298553611,-0.000520497302191751
8.63378160344698,-6.55306064845781e-05,-1.14372484398439e-06,0.999999999999346,-3.60248347800717e-05,-5.00629158947918e-05,0.00107547883308303,-0.000974844462165821
8.63704687958051,-4.04561409996397e-05,-7.06092863094725e-07,0.999999999999751,0.000134026025057047,-5.78749446408836e-05,-0.00239245577606359,0.000347816894626928
8.64031215571403,-1.56747288194337e-05,-2.73575627256358e-07,0.999999999999963,0.000132459619999013,-6.55913230413026e-05,-0.00236316258866949,0.00167589518820056
8.64343993080926,-2.11040539140526e-05,-3.68335226318606e-07,0.999999999999932,-3.02961677796832e-05,-6.26178270197468e-05,0.00095067449897181,0.0013952704705686
8.6468222362261,-4.05682013112067e-05,-7.08048684492378e-07,0.999999999999749,-0.00010043843364438,-5.45770478671795e-05,0.00237730723918217,0.000360552562888624
8.64968655206656,-5.95003165064115e-05,-1.03847642901542e-06,0.999999999999461,-0.000115360093972766,-4.69041818605468e-05,0.00267877791207548,-0.000687441731128354
8.65255086790702,-5.62800502399969e-05,-9.82272179875612e-07,0.999999999999518,1.96222247372028e-05,-4.71160581494531e-05,-7.39709936709748e-05,-0.000539702589684112
8.6560994211938,-5.7706058719234e-05,-1.00716072299965e-06,0.999999999999493,-7.01371548139474e-06,-4.54615830713534e-05,0.000466239321884574,-0.00064373813898899
8.65958977877123,-3.72046228081586e-05,-6.49343164964901e-07,0.999999999999789,0.000102516017369918,-5.1633871449716e-05,-0.0017683828207969,0.000426894517222944
8.66308013634865,5.82585608246832e-06,1.0168037038641e-07,0.999999999999995,0.000215170944148567,-6.58277872192729e-05,-0.00406660792044547,0.00272845698330976
8.66614929812543,-9.6185826379324e-06,-1.67875936407081e-07,0.999999999999986,-8.78273373640424e-05,-5.9367342773945e-05,0.00210495402823631,0.00192238879828834
8.6692855594206,-4.03778037046092e-05,-7.04725619369336e-07,0.999999999999752,-0.000171175049664543,-4.74468847780089e-05,0.00380084976155553,0.000273121843808666
8.67227626728245,-6.04793426563262e-05,-1.05556365879455e-06,0.999999999999443,-0.000117309364749576,-3.93694739492781e-05,0.00270083578933396,-0.000832358230875411
8.6752669751443,-5.93054366319213e-05,-1.0350751335597e-06,0.999999999999464,6.85072771440107e-06,-3.88652964026028e-05,0.000168581342600016,-0.000796629044553834
8.67872147465417,-5.72103737200623e-05,-9.98509387711358e-07,0.999999999999502,1.05849619442439e-05,-3.8554281519088e-05,9.0031821578322e-05,-0.000714366571731264
8.68199541166593,-3.50994781114397e-05,-6.12601458776265e-07,0.999999999999812,0.000117872740846621,-4.54251780416377e-05,-0.00209866484842918,0.000452826880249449
8.68526934867769,-1.49351038431878e-05,-2.60666736190883e-07,0.999999999999966,0.000107495874636983,-5.16118086443953e-05,-0.00188966085191535,0.00153392742237736
8.68849302580166,-1.80871420537614e-05,-3.1568018111406e-07,0.99999999999995,-1.70654326744228e-05,-4.95291462396863e-05,0.000646051798805615,0.00137487957736964
8.69206183587221,-4.213973726479e-05,-7.35477161195869e-07,0.99999999999973,-0.000117629397973845,-3.99194617777345e-05,0.0026926858734371,0.000108259221405059
8.69473699701162,-5.67282660138502e-05,-9.90095020888723e-07,0.99999999999951,-9.51785131526683e-05,-3.39464754879798e-05,0.00223275757178106,-0.000723801082718039
8.69741215815103,-4.9539348383711e-05,-8.64624738588181e-07,0.999999999999626,4.6901953101866e-05,-3.57235274865493e-05,-0.000664278488644857,-0.000361380876727569
8.70101353564421,-5.16098407043998e-05,-9.00761646721444e-07,0.999999999999594,-1.00341905845005e-05,-3.39459184300772e-05,0.000493591427124629,-0.000496002533594763
8.70471761930076,-3.42285804657376e-05,-5.97401427410901e-07,0.999999999999822,8.18988574338501e-05,-3.90663481913087e-05,-0.00138237422153805,0.000401411574408223
8.7084217029573,3.77946093599759e-05,6.59640372836599e-07,0.999999999999782,0.000339366471387766,-6.36294104351805e-05,-0.00663134651412468,0.00424770710212051
8.71141509093805,7.14265679477462e-06,1.24662878408762e-07,0.999999999999992,-0.000178719730909685,-5.18858640361366e-05,0.00392316214088036,0.00264308962251238
8.71427112892711,-3.54455478582485e-05,-6.18641515299621e-07,0.999999999999809,-0.000260257180246207,-3.59422396247213e-05,0.00558242729000638,0.000349095811347082
8.71811573410259,-9.70068036418332e-05,-1.69308812038481e-06,0.999999999998567,-0.000279468646595477,-1.29839925551302e-05,0.0059715487083045,-0.00293278230395567
8.72131802819227,-0.000125168783011236,-2.18460738425868e-06,0.999999999997614,-0.000153489732707336,-2.09016979035253e-06,0.00340188079536336,-0.00451325699178733
8.72393592148967,-5.84749687849053e-05,-1.02058073529733e-06,0.999999999999479,0.000444642510877275,-2.50961966749067e-05,-0.00878799258451015,-0.000959450122930648
8.72753124173367,-3.35051680999586e-05,-5.84775499778416e-07,0.999999999999829,0.000121214580605327,-3.30052937851279e-05,-0.00219983105076843,0.00033709615717505
8.73030806186344,-2.37349615139883e-05,-4.14253226253221e-07,0.999999999999914,6.14091894888419e-05,-3.57357871148805e-05,-0.000983316600338443,0.000882356602131852
8.73308488199321,-3.2124566784864e-05,-5.60679461172656e-07,0.999999999999843,-5.27316239715549e-05,-3.20134132200351e-05,0.00134051674969651,0.00043347069003515
8.73675452398898,-3.18138861238497e-05,-5.55257060715685e-07,0.999999999999846,1.47763745434057e-06,-3.11558533038081e-05,0.000233690348326978,0.000449865328083585
8.73977392735303,-4.5756619624361e-05,-7.98603667027665e-07,0.999999999999681,-8.05942687912591e-05,-2.5407779336474e-05,0.00190371185107607,-0.00031390499553559
8.74279333071709,-4.85369357585698e-05,-8.47129337815913e-07,0.999999999999641,-1.60712779769394e-05,-2.36357317783508e-05,0.000586886660860782,-0.000482851222722619
8.74655419268511,-5.84007184640788e-05,-1.01928482272824e-06,0.999999999999481,-4.57755393247965e-05,-1.91608645302095e-05,0.00118985149845652,-0.00104149693722421
8.75012466842146,-3.50014622324478e-05,-6.10890758968621e-07,0.999999999999813,0.000114380853958161,-2.65734640269577e-05,-0.00207608174487729,0.000171146133503169
8.75293351614252,-2.18095297156234e-05,-3.80648101849161e-07,0.999999999999928,8.19705017799659e-05,-3.05555747889768e-05,-0.00141770261596968,0.000898363753103587
8.75574236386359,-2.93933223605452e-05,-5.13010253291564e-07,0.999999999999868,-4.71232920352373e-05,-2.71543899317561e-05,0.00121088260916012,0.000493981665995169
8.75934029750166,-2.96237409736381e-05,-5.17031816747912e-07,0.999999999999866,-1.11774253249178e-06,-2.61782000667868e-05,0.000271319585953831,0.000481758128623849
8.76247777744302,-4.54952807814294e-05,-7.94042443755158e-07,0.999999999999685,-8.82908041437147e-05,-1.97609008047569e-05,0.00204536742289146,-0.000382379750285663
8.76561525738438,-5.24133787003963e-05,-9.14786030416455e-07,0.999999999999582,-3.84842577221595e-05,-1.65342848199433e-05,0.00102841007595945,-0.000775046150670904
8.76917736344006,-5.94985825633424e-05,-1.03844616599983e-06,0.999999999999461,-3.47154558708293e-05,-1.31523386397451e-05,0.000949423214055758,-0.00118662761682367
8.77335411601875,-2.34509109399358e-05,-4.09295608493827e-07,0.999999999999916,0.000150631512317927,-2.49723068109459e-05,-0.00282994214967418,0.000615099496491852
8.77559334814759,-2.80933297160924e-05,-4.90321101394156e-07,0.99999999999988,-3.6184499077565e-05,-2.27888402861164e-05,0.000975096104022045,0.000469645576373564
8.77783258027643,-3.47419052164404e-05,-6.06360634442641e-07,0.999999999999816,-5.18211272311448e-05,-1.98956344612114e-05,0.00129205265842999,0.000121901393034659
8.78130495488572,-3.04965198868377e-05,-5.32264682425221e-07,0.999999999999858,2.13386976794392e-05,-2.05920172616048e-05,-0.000200549444904338,0.000339637364501188
8.78607397122065,8.21104308064825e-06,1.4330973678041e-07,0.99999999999999,0.000141659070080623,-3.32528590841598e-05,-0.00265481200595168,0.00245486907309673
8.78855815508354,-3.69343249171299e-05,-6.44625576805254e-07,0.999999999999792,-0.000317180755159161,-1.66278483070842e-05,0.00669234311736231,-1.63548529135763e-05
8.79104233894643,-3.87157698334911e-05,-6.75717656038666e-07,0.999999999999772,-1.25160136887957e-05,-1.54284150442676e-05,0.000482827893995408,-0.000133459683373534
8.79469495820137,-4.54196122734765e-05,-7.92721779151308e-07,0.999999999999686,-3.20329371736001e-05,-1.2219096709502e-05,0.000878634785277004,-0.000508638697857559
8.79936108344755,-9.58196061008326e-05,-1.6723676144228e-06,0.999999999998602,-0.000188517407669815,6.74688523684233e-06,0.00406461055923834,-0.00329738549059981
8.80182247680265,-3.6536173805857e-05,-6.37676528993069e-07,0.999999999999797,0.000420368033938533,-1.37919313613633e-05,-0.00834438614035208,-7.65295867274209e-05
8.80428387015774,-3.30060556907854e-05,-5.76064344900784e-07,0.999999999999834,2.50314253773264e-05,-1.45066053348136e-05,-0.000290353417900916,0.000119204355194537
8.80782162117412,-2.6417798632311e-05,-4.61077567262666e-07,0.999999999999894,3.25027897965966e-05,-1.60789297495843e-05,-0.00044444179578783,0.000462582597339317
8.81235075807382,1.78639004097307e-05,3.1178387939816e-07,0.999999999999951,0.000170642103291822,-3.08512542554222e-05,-0.00326162022323219,0.00287190666700673
8.81503325016784,-3.59182482428031e-05,-6.2689169338554e-07,0.999999999999803,-0.000349926687529129,-1.11523134120728e-05,0.00734352242351743,-4.85632633075292e-05
8.81771574226186,-4.096956173929e-05,-7.15053745449644e-07,0.999999999999744,-3.2865726710113e-05,-8.78815837506229e-06,0.000881327867575176,-0.000346009184001404
8.82106088407247,-4.5741742767801e-05,-7.98344016898347e-07,0.999999999999681,-2.48988760908261e-05,-6.38890972791195e-06,0.000717233762567974,-0.000620184223580906
8.8251910941444,-5.98135832291361e-05,-1.0439439647639e-06,0.999999999999455,-5.94642750825066e-05,-5.26826847237663e-07,0.00141931833456067,-0.00143125992709808
8.82773490104977,-3.09588369522998e-05,-5.40333637405692e-07,0.999999999999854,0.000197975061038084,-1.02651308698142e-05,-0.00382824026542466,0.000138675009580338
8.83027870795513,-3.09601522986973e-05,-5.40356594531133e-07,0.999999999999854,-9.02471228938707e-09,-9.74497837111225e-06,0.000204477980465139,0.000139975784984411
8.83406612020646,-2.32615714274832e-05,-4.05991010597409e-07,0.999999999999918,3.54768836918661e-05,-1.17161230526967e-05,-0.00052044629704357,0.000543785522760653
8.83893351947162,2.38669143667481e-05,4.16556237991279e-07,0.999999999999913,0.000168991119030955,-2.75028736062247e-05,-0.00324336461702422,0.00317031966014648
8.84085085431729,-2.26371658359409e-05,-3.95093077157133e-07,0.999999999999922,-0.000423321631575804,-1.05850775915424e-05,0.00882360014101931,0.000570150526505227
8.84276818916297,-3.10858077775463e-05,-5.42549696360217e-07,0.999999999999853,-7.69070773087423e-05,-7.20287572877648e-06,0.00176401209751893,9.55732225856078e-05
8.84656765897692,-3.71023854869703e-05,-6.47558787091746e-07,0.99999999999979,-2.76378273479084e-05,-4.32092109328715e-06,0.000758514944613542,-0.000233949216387741
8.85013491923466,-5.33299628051283e-05,-9.30783440915466e-07,0.999999999999567,-7.9395567847759e-05,2.13968780850287e-06,0.00181108425934913,-0.00112018288150181
8.85370217949239,-6.36767927061757e-05,-1.11136968983245e-06,0.999999999999382,-5.06232334815999e-05,6.50167562665212e-06,0.00122278373401212,-0.00171399268142635
8.85759586751478,-1.77167407321101e-05,-3.09215458497507e-07,0.999999999999952,0.000206013996684468,-9.10720637292795e-06,-0.00400876544546475,0.000638167398562203
8.85989295872775,-2.07877763111975e-05,-3.62815140798469e-07,0.999999999999934,-2.33337196182579e-05,-7.58366183511452e-06,0.000663249473600452,0.000569496779975537
8.86219004994072,-2.86683728677191e-05,-5.00357497731086e-07,0.999999999999875,-5.98767502814565e-05,-4.35301138969955e-06,0.0014064093002386,0.00015558279000291
8.86566991259667,-2.48288730003381e-05,-4.3334558341541e-07,0.999999999999906,1.92570572293114e-05,-5.07567025208184e-06,-0.000207668788636708,0.000353479457291421
8.87048852143369,5.64054033152946e-06,9.84460003767214e-08,0.999999999999995,0.000110362057136813,-1.50320719571008e-05,-0.0020662398716634,0.00204153091820494
8.87258003419042,-2.68771155154917e-05,-4.69094159184165e-07,0.99999999999989,-0.000271353907709265,-3.09007386322733e-06,0.00570974193462588,0.000231097860707476
8.87467154694714,-3.05371893999087e-05,-5.32974499333494e-07,0.999999999999858,-3.05426490677429e-05,-1.41299430867797e-06,0.000801850024178679,1.87456550223429e-05
8.87875836484066,-3.71987421827359e-05,-6.49240528689197e-07,0.999999999999789,-2.84490359945198e-05,1.6831159159527e-06,0.000757584581770034,-0.000347099592189146
8.88245211156274,-5.4096863727385e-05,-9.44168387045419e-07,0.999999999999554,-7.98451763337284e-05,8.34219740469755e-06,0.00180279861879691,-0.00127284177856312
8.88614585828481,-5.93448423660201e-05,-1.03576289336389e-06,0.999999999999464,-2.47971810766241e-05,1.0850735560833e-05,0.000679131067959459,-0.00160657620649779
8.88887466791799,-2.44603701648656e-05,-4.26913995633479e-07,0.999999999999909,0.000223118861179911,-1.08537219006013e-06,-0.00437410789150916,0.00027978175607101
8.89160347755116,-2.3105520046005e-05,-4.03267400188328e-07,0.999999999999919,8.66553502218762e-06,-1.10094841568805e-06,-5.70806605142365e-06,0.000357976067556887
8.89507146796455,-1.79676108601585e-05,-3.13593968226851e-07,0.999999999999951,2.5857462470248e-05,-2.34118961545462e-06,-0.000357625325311451,0.000630159395818137
8.899450880797,-1.05052117700039e-05,-1.83350534005828e-07,0.999999999999983,2.97399307176981e-05,-4.26223198244366e-06,-0.000438652952002651,0.00109040828521721
8.90180342998261,-3.35274444326677e-05,-5.85164295129461e-07,0.999999999999829,-0.000170799302977425,4.31447705602749e-06,0.00364570870224679,-0.000215354344508783
8.90415597916823,-3.11902351545698e-05,-5.44372297918498e-07,0.999999999999852,1.73394875058706e-05,3.86989501686978e-06,-0.000188978849783713,-0.000109409336855457
8.90786620676863,-3.67522262314103e-05,-6.41447355175892e-07,0.999999999999794,-2.61641785121526e-05,6.45216719305572e-06,0.000695987538853963,-0.000421464575873304
8.91282317064709,-9.50209634996801e-05,-1.65842867148601e-06,0.999999999998625,-0.000205162139818745,2.79708961108971e-05,0.00434111069707645,-0.00364997823153697
8.91509885449709,-3.28867624469784e-05,-5.73982285020969e-07,0.999999999999835,0.00047653648658992,6.23563460804641e-06,-0.00955109010546603,-0.000253223759554981
8.91737453834708,-2.79976703173921e-05,-4.88651529926358e-07,0.999999999999881,3.7496752940806e-05,4.85608937622827e-06,-0.000606211285377583,1.61396168599157e-05
8.92105265861824,-2.10915928567983e-05,-3.68117739841239e-07,0.999999999999932,3.27704863351854e-05,2.97513614524766e-06,-0.000511389811184388,0.000374680605324231
8.92582467077655,6.4741977950243e-05,1.12996067948507e-06,0.999999999999362,0.000313930134632642,-2.68139547057193e-05,-0.00624245912682728,0.00500237272003249
8.92903194611865,-7.33884191870506e-06,-1.28086954764781e-07,0.999999999999992,-0.000392248092247058,-6.90152813427804e-07,0.00814516968636052,0.00117626063239721
8.93155560307637,-3.82492954696977e-05,-6.67576142514326e-07,0.999999999999777,-0.000213772789562372,1.06836190290434e-05,0.00450686128623503,-0.000554416866561183
8.93407926003408,-3.27798083895299e-05,-5.72115584570126e-07,0.999999999999836,3.78262812829309e-05,9.11653558544472e-06,-0.000620957392329766,-0.000285392725330226
8.93749762316437,-3.53552104826719e-05,-6.170648306582e-07,0.99999999999981,-1.31493479115151e-05,1.05398782034532e-05,0.000416381339184289,-0.000439215786216042
8.94216759880564,-4.43057273610367e-05,-7.73280819940952e-07,0.999999999999701,-3.34511357837793e-05,1.44070340287949e-05,0.000828089078489674,-0.00101166905288477
8.94448001524933,-2.32595202940948e-05,-4.05955211566383e-07,0.999999999999918,0.000158849245937929,7.25773004241986e-06,-0.00309170262384332,0.000177767705041951
8.94679243169302,-2.51435753495742e-05,-4.38838175573339e-07,0.999999999999904,-1.42201739209595e-05,8.26053963045116e-06,0.00043366305873135,8.19335182548882e-05
8.95052078653531,-1.90814662905369e-05,-3.33034412878171e-07,0.999999999999944,2.83781365160919e-05,6.63588778271805e-06,-0.000435755692913495,0.000397859593037155
8.95550124615013,4.82575907831439e-05,8.42253848245831e-07,0.999999999999645,0.000235979879774315,-1.66122095751092e-05,-0.0046678618352186,0.0040783618644947
8.95785942600507,-2.21510576284731e-05,-3.86608888415854e-07,0.999999999999925,-0.000521106451692079,8.75490499710395e-06,0.0107570737316861,0.0002311426197377
8.96021760586001,-2.72164247861969e-05,-4.75016223140512e-07,0.999999999999887,-3.74896488659695e-05,1.08812064269211e-05,0.000901670593682229,-6.27960043047476e-05
8.96379362579553,-3.36514919532592e-05,-5.87329332792717e-07,0.999999999999827,-3.14072940524694e-05,1.36577881801843e-05,0.000776444707616853,-0.000418912651689438
8.96839717591214,-9.48467069063284e-05,-1.65538732018872e-06,0.99999999999863,-0.000232007463879584,3.60408651351286e-05,0.00486213387233372,-0.00375402210877688
8.97140390120448,-3.05597384101221e-05,-5.33368053804783e-07,0.999999999999858,0.000373169863320119,1.3577756506233e-05,-0.00747095475802294,-0.000323985822696255
8.97441062649682,7.95791148100191e-07,1.38891756925742e-08,1,0.00018201105065737,2.82257505587106e-06,-0.00357704159996009,0.00137295944870269
8.9772720500696,-7.3176292373255e-06,-1.27716723631531e-07,0.999999999999992,-4.94879194646957e-05,6.08129635239903e-06,0.00113884617696159,0.000952866115609652
8.9804536775576,-1.55545660538409e-05,-2.71478391358462e-07,0.999999999999963,-4.51849464682587e-05,9.42149543713196e-06,0.00104983977456118,0.000513363348834876
8.98397995961446,-3.52814219204452e-05,-6.15776977297031e-07,0.99999999999981,-9.7637846430567e-05,1.68874011541869e-05,0.00211721739686984,-0.000541055743426054
8.98750624167132,-7.87113787994501e-05,-1.37377271883443e-06,0.999999999999056,-0.000214956072519241,3.27776338650461e-05,0.0045062285020407,-0.00288962661763145
8.99059698327018,-6.08579237864536e-05,-1.06217114600119e-06,0.999999999999436,0.000100817736736227,2.68137143826919e-05,-0.00192960792469867,-0.00197644087685146
8.99378544141378,-2.62763916139588e-05,-4.58609549206991e-07,0.999999999999895,0.000189295756635541,1.49087567159925e-05,-0.0037337663317232,-0.000146187650013016
8.99740336506585,4.73925682641037e-05,8.27156357184689e-07,0.999999999999658,0.000355387794227028,-1.0849291733175e-05,-0.00711956661507027,0.0037798205674896
9,1.52280637009061e-06,2.65779850284245e-08,1,-0.000308313795531471,5.77761711431972e-06,0.00640325238979312,0.00136348310702814
9.00272157951752,-1.75135661312523e-05,-3.05669392756113e-07,0.999999999999953,-0.00012207887943217,1.28734079281787e-05,0.00260723258981666,0.000340867695762386
9.00717278398559,-3.79183517868195e-05,-6.61800085609427e-07,0.999999999999781,-8.00077137341067e-05,2.06566184926251e-05,0.00174856280368094,-0.000708024495925396
9.009669824434,-3.59336051429645e-05,-6.27159721856257e-07,0.999999999999803,1.38725681337172e-05,2.02421332628901e-05,-0.000165990594985935,-0.00066075138164741
9.01216686488241,-2.72700904526083e-05,-4.75952865714668e-07,0.999999999999887,6.05544280382241e-05,1.74501469107265e-05,-0.00111811819225615,-0.000212659708486132
9.01594929199829,-3.10383138848475e-05,-5.41720771558034e-07,0.999999999999853,-1.73877523157472e-05,1.922347499505e-05,0.000468833378672692,-0.000432009816396613
9.01982749168118,-1.64637893203347e-05,-2.87347330994515e-07,0.999999999999959,6.55905990828902e-05,1.44783902077119e-05,-0.00122352771268537,0.00031417739695785
9.02274340122902,-5.04993438036925e-06,-8.81379819471029e-08,0.999999999999996,6.83180824983178e-05,1.07449616730215e-05,-0.00128036500221605,0.000940833429259538
9.02565931077687,-1.19768910662372e-05,-2.09036183258531e-07,0.999999999999978,-4.14615746228183e-05,1.3530851403009e-05,0.000955410201953951,0.000573934860913713
9.02935087458395,-1.42885833428979e-05,-2.49382824779184e-07,0.999999999999969,-1.09294173496997e-05,1.47564187916612e-05,0.000331991387037877,0.000459750400340448
9.03222669502174,-2.96637183659941e-05,-5.17729553870886e-07,0.999999999999866,-9.33113644947395e-05,2.05349070189917e-05,0.00200933554522549,-0.000384138515350881
9.03510251545953,-2.91660324307877e-05,-5.09043295660668e-07,0.99999999999987,3.02044526010256e-06,2.06652543593998e-05,4.53252709019747e-05,-0.000373967737666156
9.0388799139132,-3.6347574770199e-05,-6.34384854854751e-07,0.999999999999799,-3.31819798020107e-05,2.36181981323763e-05,0.000781740080954641,-0.000781380429946095
9.04248233585989,-1.60610874488759e-05,-2.80318857433618e-07,0.999999999999961,9.82855430765144e-05,1.67788868872432e-05,-0.00189853141756963,0.00027351132715025
9.04608475780658,5.52174305280288e-05,9.63725967205185e-07,0.999999999999536,0.000345335677788119,-8.19989915309852e-06,-0.006933886815589,0.00408484313727383
9.04898588113912,2.1613829047719e-05,3.77232480845878e-07,0.999999999999929,-0.000202160825009459,4.04606522063211e-06,0.00422111126279852,0.00232528246153612
9.05178182865859,-1.41166201535045e-05,-2.46381500932039e-07,0.99999999999997,-0.000223042091253477,1.70345213964634e-05,0.00464545778680629,0.000404512326845079
9.05510623347251,-3.39919746904318e-05,-5.9327187760258e-07,0.999999999999824,-0.000104346611224373,2.44337351428316e-05,0.00222572585486143,-0.000666706328301446
9.05843063828643,-5.17366563436437e-05,-9.02974997169271e-07,0.999999999999592,-9.31604713932432e-05,3.10710736169616e-05,0.00199654941129238,-0.00164124701829109
9.061724744697,-4.5713506258672e-05,-7.97851196844777e-07,0.999999999999682,3.19126910980768e-05,2.92486734509952e-05,-0.00055323050892403,-0.00135177529481322
9.06557980362475,2.08114769896957e-06,3.63228795673228e-08,0.999999999999999,0.000216384260797479,1.26199463469547e-05,-0.00431348195077795,0.00112538738933182
9.06797057634269,-6.39221471045689e-06,-1.11565193191888e-07,0.999999999999994,-6.18578552654467e-05,1.586023178898e-05,0.00135532977171109,0.000748285737902951
9.07036134906064,-1.66315786865849e-05,-2.90275807885417e-07,0.999999999999958,-7.47501480806402e-05,1.97261668499246e-05,0.00161702324605237,0.00020684364845963
9.07392894535096,-1.33280000404802e-05,-2.32617483412314e-07,0.999999999999973,1.61616729531704e-05,1.88823522140746e-05,-0.00023652189518736,0.000380304514873926
9.07901955493396,-1.00085408602195e-05,-1.74681991331215e-07,0.999999999999985,1.13808555019645e-05,1.81672141592359e-05,-0.000140481811299403,0.000678259633679468
9.08114121681136,-2.18469277322473e-05,-3.81300820372965e-07,0.999999999999927,-9.73853709881195e-05,2.25677759654349e-05,0.00207411079638937,-7.71630640148566e-05
9.08326287868876,-2.07512749808373e-05,-3.62178072402326e-07,0.999999999999934,9.01309872904517e-06,2.23674857507826e-05,-9.44025137963676e-05,-4.09028570223349e-05
9.08678948991238,-2.58434661850581e-05,-4.51053575057067e-07,0.999999999999898,-2.52013893846182e-05,2.44899776458236e-05,0.000601850263738177,-0.000322955380468786
9.09153637772245,-8.96881644334822e-05,-1.5653537694337e-06,0.999999999998775,-0.00023474331793035,4.76080634359201e-05,0.00487015634561438,-0.00379264389048932
9.09468047672351,-2.94228274766375e-05,-5.13525214713556e-07,0.999999999999868,0.000334540532713947,2.64443761416947e-05,-0.00673124074244324,-0.000595328998717697
9.09782457572457,2.38980410718732e-05,4.1709950148101e-07,0.999999999999913,0.000295990907372884,7.7473695612671e-06,-0.00594669778976761,0.00227667350640875
9.10053685417652,2.85384161360781e-06,4.98089324878841e-08,0.999999999999999,-0.00013541772185283,1.54584036975868e-05,0.00284300976943768,0.00117996022685066
9.10341313333021,-1.15790820111207e-05,-2.02093105452501e-07,0.99999999999998,-8.75791341801609e-05,2.08291071523828e-05,0.00186723998882753,0.000407057575670454
9.10779992910801,-3.56465930164485e-05,-6.22150415255403e-07,0.999999999999806,-9.575492707652e-05,2.97461953445461e-05,0.00203271103644419,-0.000831642858741424
9.11026922254557,-3.15820704312111e-05,-5.51211113621351e-07,0.999999999999848,2.87285830654689e-05,2.84988147510207e-05,-0.000505156890043898,-0.000677182397712446
9.11273851598313,-2.2537966384731e-05,-3.93361720117348e-07,0.999999999999923,6.39249232605442e-05,2.54788007591262e-05,-0.00122302758592929,-0.000208139478913955
9.11648831815891,-2.62388600622508e-05,-4.57954500056304e-07,0.999999999999895,-1.72256500239433e-05,2.70895750604545e-05,0.0004295624744509,-0.000421796917484322
9.12049106092866,-1.27512523198822e-05,-2.22551336734507e-07,0.999999999999975,5.88104649394308e-05,2.26022716737939e-05,-0.00112105714625858,0.000261691051118382
9.12331248293302,-2.33278243464174e-06,-4.07147342171877e-08,0.999999999999999,6.44485660905205e-05,1.91123912680298e-05,-0.00123692251650751,0.000840733561083313
9.12613390493738,-9.64958812027773e-06,-1.68417084160176e-07,0.999999999999986,-4.52616977345446e-05,2.19272851957992e-05,0.000997686245949146,0.00045327277548652
9.12984001426412,-9.32483120685594e-06,-1.62749006752352e-07,0.999999999999987,1.52938753504315e-06,2.20875064232687e-05,4.32316516713149e-05,0.000477769932077853
9.13269872679138,-2.23489330727942e-05,-3.90062466428103e-07,0.999999999999924,-7.95160260111595e-05,2.69290511786997e-05,0.00169361022112892,-0.000235501471279247
9.13555743931864,-2.26747335129381e-05,-3.9574875681306e-07,0.999999999999922,-1.98910884908549e-06,2.72520999383437e-05,0.000113004982684998,-0.000266179371271848
9.1395320129519,-3.35981515158265e-05,-5.86398366535063e-07,0.999999999999828,-4.79673110409852e-05,3.14208085049626e-05,0.00104884421607671,-0.000872087984679306
9.14327565579002,-1.58538885056539e-05,-2.76702553667741e-07,0.999999999999962,8.27257904289512e-05,2.53732004134959e-05,-0.00161543404458421,3.53908218958254e-05
9.14601931473758,-2.23144113315075e-06,-3.89459948379137e-08,0.999999999999999,8.66567468384139e-05,2.07189071165011e-05,-0.00169638187032341,0.000793582945751329
9.14876297368514,-9.43558553485456e-06,-1.64682034436762e-07,0.999999999999986,-4.58278678224844e-05,2.34690035859559e-05,0.0010023463273008,0.000413640374229531
9.15237284823074,-8.02986927984662e-06,-1.40147657438069e-07,0.99999999999999,6.79646250549426e-06,2.32130615145639e-05,-7.09005446474813e-05,0.000492562747611715
9.15579251641089,-2.54885440089e-05,-4.44859014494764e-07,0.999999999999901,-8.91055333454803e-05,2.96496448724098e-05,0.00188222453722576,-0.000442540510482655
9.15921218459104,-5.24008872995684e-05,-9.14568014343821e-07,0.999999999999582,-0.000137355139476941,3.94448272582472e-05,0.00286436632732353,-0.00190308001514049
9.16246132745118,-4.89955586087292e-05,-8.55133816576073e-07,0.999999999999634,1.82922697849958e-05,3.8443479722517e-05,-0.000308188214194246,-0.00175643850837445
9.16590652455596,-1.67120228146502e-05,-2.91679822784053e-07,0.999999999999957,0.00016354768004764,2.71812764657939e-05,-0.00326895759929887,-6.66935622959934e-05
9.168592601437,-1.79532971853557e-06,-3.13344147473487e-08,1,9.69240344064471e-05,2.20451592547364e-05,-0.00191212591393158,0.000767649402001342
9.17127867831804,-9.21881153210102e-06,-1.60898614355985e-07,0.999999999999987,-4.82354769973154e-05,2.48518922800355e-05,0.0010449190956172,0.000376868026438579
9.17485124288259,-7.37371389312448e-06,-1.28695585535071e-07,0.999999999999992,9.01398092017953e-06,2.4414201254101e-05,-0.000122514518079908,0.000477914815036268
9.17850785132954,-2.45936424143346e-05,-4.29240035188252e-07,0.999999999999908,-8.21921335066115e-05,3.07582930730238e-05,0.00173496613349808,-0.000435388357693958
9.18216445977649,-8.57869397044496e-05,-1.49726455305194e-06,0.999999999998879,-0.000292080635200306,5.27372301487128e-05,0.0060107439433435,-0.00372676550811088
9.18520241326954,-6.14198274757147e-05,-1.07197821545789e-06,0.999999999999425,0.000139991062590981,4.42479936553892e-05,-0.00279439317051353,-0.00247193732578437
9.18815708569535,-2.09926971407166e-05,-3.66391683979496e-07,0.999999999999933,0.000238803640402202,3.00401802481883e-05,-0.00480859173528274,-0.000314808666906512
9.19190306896203,4.34427397801174e-05,7.58218845250094e-07,0.999999999999713,0.000300217712992545,7.33604114345538e-06,-0.00606092913086672,0.00310622219245925
9.19500281951071,5.19890481159202e-05,9.07380064600437e-07,0.999999999999588,4.81203945309939e-05,4.46934343720273e-06,-0.00092481561378177,0.00361515781585168
9.19765705049622,-1.26690803547286e-06,-2.21117165389746e-08,1,-0.000350192498773747,2.35548593246303e-05,0.00719060096562701,0.000763061824433691
9.2016002471377,-3.28614864973773e-05,-5.73541136478862e-07,0.999999999999836,-0.000139843246502159,3.50042961889435e-05,0.00290359266994044,-0.000886092632480475
9.20414129902958,-3.03525736659246e-05,-5.29752346924485e-07,0.99999999999986,1.72325444018873e-05,3.42467798179031e-05,-0.00029811133470356,-0.000811596624196523
9.20668235092146,-1.98946579910611e-05,-3.4722728550221e-07,0.99999999999994,7.18305131844411e-05,3.06608698930878e-05,-0.00141119114342732,-0.000266587386562009
9.21038658778825,-2.23601863139859e-05,-3.90258872538418e-07,0.999999999999924,-1.16168562064937e-05,3.17291460247453e-05,0.000288393040206773,-0.000414367190918999
9.2140550991248,-6.55588048646617e-06,-1.14421699856082e-07,0.999999999999993,7.51904921034089e-05,2.62946428436541e-05,-0.00148139195508056,0.000410282907459099
9.21772361046135,4.95758850026277e-05,8.65262422885822e-07,0.999999999999626,0.000267052227147422,6.51485396084588e-06,-0.00539177531924824,0.00341579739399907
9.22082972830114,3.25231853081887e-05,5.6763666686411e-07,0.999999999999839,-9.58192094998666e-05,1.27318630201209e-05,0.00200153676709896,0.00254014350732004
9.22384572355376,-9.6316241959337e-06,-1.68103554533794e-07,0.999999999999986,-0.00024394608073701,2.78692463464216e-05,0.00501903420211083,0.00028157578447894
9.22746282433918,-7.26527307157998e-05,-1.26802936155518e-06,0.999999999999196,-0.000304090450410841,5.04535873230043e-05,0.0062437687850935,-0.00308776665945653
9.23046478720048,-6.64240486333368e-05,-1.15931835115631e-06,0.999999999999328,3.62133095651148e-05,4.83780632803346e-05,-0.000691388980667219,-0.00281195776086538
9.23317171482762,-2.5459504750791e-05,-4.44352183828426e-07,0.999999999999901,0.000264124596520228,3.39337546623017e-05,-0.00533605275338952,-0.000628131818080453
9.23743372424661,1.77037294580138e-05,3.08988368924648e-07,0.999999999999952,0.000176757129957757,1.87749534103987e-05,-0.00355672636113165,0.00159702999968132
9.23980015911961,4.41612219593478e-07,7.70758724894641e-09,1,-0.000127314208015165,2.50192968770406e-05,0.00263871342409717,0.000747050673129213
9.24216659399261,-1.01038105311164e-05,-1.76344760765658e-07,0.999999999999984,-7.77762152317875e-05,2.8873229139714e-05,0.00162858158770479,0.000189308948411081
9.24580579430493,-6.42830566150247e-06,-1.1219509911781e-07,0.999999999999994,1.76274060624587e-05,2.77227214059685e-05,-0.00031614300808105,0.000384753381441736
9.25102064082486,-6.10539791328445e-06,-1.06559295731205e-07,0.999999999999994,1.08072277200572e-06,2.78278229151536e-05,2.01542861872091e-05,0.000551438437880915
9.2530759802383,-1.3868670566073e-05,-2.42053964252397e-07,0.999999999999971,-6.59232570714063e-05,3.06726022603104e-05,0.00138409224605665,-7.02824929797347e-06
9.25513131965174,-1.35846128542206e-05,-2.37096221914891e-07,0.999999999999972,2.41212828649494e-06,3.0655124714734e-05,-8.50348388305595e-06,-1.62017946254936e-05
9.25856053872892,-1.86647127051998e-05,-3.25760690644549e-07,0.999999999999947,-2.58555859903025e-05,3.25992478998911e-05,0.000566928837557624,-0.000295320377013722
9.26318541540874,-7.58364143044274e-05,-1.3235951225184e-06,0.999999999999124,-0.000215753738089605,5.31127655998302e-05,0.00443547344504442,-0.00339239166125659
9.26746362012948,-0.000113311875390008,-1.97766530716388e-06,0.999999999998044,-0.000152884265092647,6.66020361633614e-05,0.00315302128907818,-0.00573913452974632
9.26931564551375,-3.65799248025694e-05,-6.38440127936729e-07,0.999999999999796,0.000723113835587924,3.93842891141885e-05,-0.01469620626169,-0.0013327323279452
9.27116767089803,-1.77503614022753e-05,-3.09802249888617e-07,0.999999999999952,0.000177447825952461,3.27567427721145e-05,-0.00357853968868405,-0.000280154922414881
9.27419148257168,-9.45824384197153e-06,-1.65077496498881e-07,0.999999999999986,4.78616954391764e-05,2.99183516835412e-05,-0.000938679850106417,0.000161538090532452
9.27830789495915,2.47212162500129e-05,4.31466618660237e-07,0.999999999999907,0.000144918453013717,1.79101904576924e-05,-0.00291714242780703,0.00198588960403195
9.28228095834666,9.68814517216033e-05,1.6909003166531e-06,0.99999999999857,0.000316993104603687,-7.61346472756822e-06,-0.00642417517563558,0.00593873017591147
9.28491197476968,-8.13749059083168e-06,-1.42026003660071e-07,0.99999999999999,-0.000696660919437011,2.98251513974567e-05,0.0142297158609416,0.000257250969888812
9.2875429911927,-2.01059736946148e-05,-3.5091544029039e-07,0.999999999999938,-7.93949573262897e-05,3.41700765723683e-05,0.00165142457374959,-0.000417199231730725
9.29059780633285,-2.18262428546218e-05,-3.80939801153027e-07,0.999999999999927,-9.82853609305978e-06,3.48829122655237e-05,0.000233348225817418,-0.000523319894778647
9.29439861569472,-2.97469016216583e-05,-5.19181375564755e-07,0.999999999999865,-3.63716148983048e-05,3.78227772380309e-05,0.000773483932659598,-0.000973728664936688
9.29761631996763,-4.6566880415913e-06,-8.12745385640148e-08,0.999999999999997,0.000136092940761543,2.90015800172647e-05,-0.00274145678800974,0.000360785881540254
9.3,-8.09529262228241e-06,-1.41289510171233e-07,0.99999999999999,-2.51774444523324e-05,3.02987087561091e-05,0.000544170661006337,0.00019302460067829
9.30332502178721,-4.83003057863643e-06,-8.42999365692124e-08,0.999999999999996,1.71396090760426e-05,2.92389450630413e-05,-0.000318723834275533,0.000366500206341615
9.30783862768246,1.93764108570258e-05,3.3818216667427e-07,0.999999999999943,9.36019034555326e-05,2.07646420183385e-05,-0.00187750176718386,0.00170078759603522
9.31040965669931,-1.40049738417305e-05,-2.44432905193875e-07,0.99999999999997,-0.000226607738787863,3.27108196046619e-05,0.00464645770545328,-0.000123908502027948
9.31298068571617,-1.45962245196715e-05,-2.54752176228592e-07,0.999999999999968,-4.01367350078731e-06,3.29943685308458e-05,0.000110286163370688,-0.00017094331293559
9.31668554525199,-2.17845948636326e-05,-3.80212906583425e-07,0.999999999999928,-3.38638291525063e-05,3.56542218353563e-05,0.00071793634247081,-0.000566576447795551
9.32140160125223,-6.15694011072447e-05,-1.07458876780226e-06,0.999999999999423,-0.000147236559782685,4.99305149992255e-05,0.00302716786295965,-0.00280286662672288
9.32341542040945,-1.84313586635501e-05,-3.21687894294926e-07,0.999999999999948,0.000373867172139149,3.46426957384264e-05,-0.00759145586932595,-0.000410576675143415
9.32542923956666,-1.20958554006843e-05,-2.11112502587077e-07,0.999999999999978,5.490830262077e-05,3.24421241885177e-05,-0.00109273543357896,-6.1640593177549e-05
9.3293334539515,-5.59799876808168e-06,-9.77035100256115e-08,0.999999999999995,2.90478394326413e-05,3.02308315149219e-05,-0.000566386078126672,0.00027550819791914
9.33297252068982,1.14383028535371e-05,1.99636045634484e-07,0.99999999999998,8.17076401841391e-05,2.42623896551651e-05,-0.00164010233638219,0.00118873803496546
9.33661158742813,2.13102473075301e-05,3.71933979930648e-07,0.999999999999931,4.7346736591062e-05,2.08395742115741e-05,-0.000940575067655491,0.00174573609401658
9.33963786066429,-1.70948658688286e-05,-2.98361694597856e-07,0.999999999999955,-0.000221492119917776,3.45691033880807e-05,0.00453677778081506,-0.000321110402965417
9.34266413390046,-3.14080848337184e-05,-5.48174492094055e-07,0.99999999999985,-8.25479981486503e-05,3.97288751136808e-05,0.00170499202251132,-0.00111201768627397
9.34576982801911,-2.80956852404996e-05,-4.90362213050673e-07,0.99999999999988,1.86149301362992e-05,3.86204221764116e-05,-0.000356909887104693,-0.000955244623151504
9.34935994100379,-1.90031266671295e-05,-3.3166712851494e-07,0.999999999999945,4.42033677527507e-05,3.5464984608914e-05,-0.000878924307107466,-0.000499471153656828
9.352174695271,-3.33569507391825e-07,-5.8218861882429e-09,1,0.000115763299881219,2.88853310608832e-05,-0.00233755877899709,0.000517341302375811
9.3549894495382,-2.55669318926974e-06,-4.46227141160714e-08,0.999999999999999,-1.37848011742496e-05,2.97344828148197e-05,0.00030167882284762,0.000405158004926158
9.35862891153441,1.84292631553096e-06,3.21651320776632e-08,0.999999999999999,2.10986805944775e-05,2.82434176258756e-05,-0.000409693847743883,0.000646858561682712
9.36229695588941,-1.70057507701262e-05,-2.9680634271226e-07,0.999999999999956,-8.96857951954875e-05,3.50186798827821e-05,0.00184710477878563,-0.000345688444113215
9.36520530537982,-2.85825274251831e-05,-4.98859212111002e-07,0.999999999999876,-6.94733800268561e-05,3.91910059560806e-05,0.00143460271437257,-0.000994732842775718
9.36811365487024,-2.0911345288089e-05,-3.64971826298548e-07,0.999999999999933,4.60355216089249e-05,3.65166464080841e-05,-0.000919545452431721,-0.000600426361531828
9.37177000368283,-1.78077536754117e-05,-3.10803934020051e-07,0.999999999999952,1.48147496464371e-05,3.54785102419567e-05,-0.000283927004599247,-0.000458070898406435
9.37466026716923,-2.3209670423644e-06,-4.05085167195335e-08,0.999999999999999,9.35192997359645e-05,3.00212546816317e-05,-0.00188815157718476,0.000379451439024332
9.37755053065563,-2.39070393058514e-06,-4.17256550290806e-08,0.999999999999999,-4.21116730455361e-07,3.00951106292067e-05,2.55533614573737e-05,0.000380607204212136
9.38132331820046,5.12330283134409e-06,8.94185029837021e-08,0.999999999999996,3.47605467984719e-05,2.74848277241489e-05,-0.000691871162645842,0.000791052480455304
9.38490448346819,-1.53053816877465e-05,-2.67129303725619e-07,0.999999999999964,-9.95619526196595e-05,3.48068244083525e-05,0.00204458497075623,-0.000286634319712921
9.38848564873593,-8.25643510782775e-05,-1.44101977108797e-06,0.999999999998962,-0.000327795669733378,5.87812986764752e-05,0.00669460147068028,-0.00389829505297893
9.39139693308262,-5.10275399231662e-05,-8.90598580851987e-07,0.999999999999603,0.000189064730437939,4.76082125520304e-05,-0.00383785463523104,-0.00225885094476519
9.3942223031943,-1.63379511232961e-05,-2.85151040131419e-07,0.999999999999959,0.000214289638804574,3.53115838102844e-05,-0.00435221873797047,-0.000405690245087511
9.39752394593081,3.90572445517199e-06,6.81677514184129e-08,0.999999999999998,0.00010701302949686,2.81577108557077e-05,-0.00216676167759655,0.00067332255444128
9.40082558866731,2.01055065671778e-05,3.50907287378588e-07,0.999999999999938,8.56360177416936e-05,2.24404128913604e-05,-0.00173165251985965,0.00155232935516323
9.40413345215128,1.47913720146812e-05,2.58158142543531e-07,0.999999999999967,-2.80389880914597e-05,2.43727581820871e-05,0.000584167182259505,0.00128732601109282
9.40806046831532,-3.59985115229901e-05,-6.28292551893254e-07,0.999999999999803,-0.000225731358723132,4.24841374892612e-05,0.00461199510025287,-0.00135603932024954
9.41040885333225,-2.27633177352533e-05,-3.97294843157779e-07,0.999999999999921,9.8364496055887e-05,3.78043298493531e-05,-0.00199277699617844,-0.000740868528867857
9.41275723834918,-1.23051665525925e-05,-2.14765671349018e-07,0.999999999999977,7.77254029866847e-05,3.4111750966619e-05,-0.00157239075199068,-0.000197384463884312
9.4163012230291,-1.54768875317035e-05,-2.70122645389081e-07,0.999999999999963,-1.56199811905892e-05,3.52786488561045e-05,0.000329261550169077,-0.000376707051018163
9.42131468579213,-2.93324167770722e-05,-5.11947250327111e-07,0.999999999999869,-4.82350455898758e-05,4.02575548711777e-05,0.000993107209608744,-0.0012365208608857
9.42348583935676,-7.4124249425087e-06,-1.29371220803728e-07,0.999999999999992,0.000176208645835484,3.2483858705354e-05,-0.00358044511106121,3.1482768205301e-05
9.42565699292138,-7.53676321410394e-06,-1.31541333029304e-07,0.999999999999991,-9.99520375220901e-07,3.25488586789262e-05,2.99379899382819e-05,3.68233428102789e-05
9.42928845911962,-1.80401428214127e-06,-3.1485988976367e-08,1,2.75523269641038e-05,3.0543198999776e-05,-0.000552300247245455,0.000339702529282108
9.43414236890588,7.46543826101897e-05,1.30296477759104e-06,0.999999999999151,0.000274922861225168,3.39327553312865e-06,-0.00559341328170006,0.00447790276380215
9.43709238672757,-2.45397754716149e-07,-4.28299879679823e-09,1,-0.000443132162380391,3.00541129019986e-05,0.00903751739152383,0.000463657240280962
9.44004240454927,-3.07118449216391e-05,-5.36022813244477e-07,0.999999999999856,-0.000180249695624638,4.09113713812517e-05,0.00368040436888492,-0.00120011824248143
9.44289992008249,-2.42876842054385e-05,-4.23900057069513e-07,0.99999999999991,3.9237846608901e-05,3.86471025665564e-05,-0.000792390728369904,-0.000880858898729148
9.44611280067654,-1.77567861600957e-05,-3.09914383066226e-07,0.999999999999952,3.54777187220414e-05,3.63461685641309e-05,-0.000716159202021067,-0.000545946758034402
9.44972966707061,2.56193337371427e-06,4.47141725880403e-08,0.999999999999999,9.80485638716618e-05,2.91428029075197e-05,-0.00199160402176336,0.000520942363837427
9.45334653346468,6.42679943791524e-05,1.12168810556918e-06,0.999999999999371,0.00029776436717348,7.21890580812926e-06,-0.00606157228680981,0.00383116489981862
9.45633738124907,3.41997596847511e-05,5.9689840988969e-07,0.999999999999822,-0.000175465196998285,1.79287451866642e-05,0.00358087075993506,0.00225856787014212
9.45930941720173,-3.00581280139994e-06,-5.24613300830234e-08,0.999999999999999,-0.000218489866985404,3.11754344779821e-05,0.00445710936957451,0.000264552851227673
9.46306543139182,-6.61159212999469e-05,-1.15394051467327e-06,0.999999999999334,-0.000293257460926846,5.36372060121178e-05,0.00598021476953144,-0.00309892039947953
9.46618447833024,-7.54880377751042e-05,-1.31751480504504e-06,0.999999999999132,-5.24436770594165e-05,5.69829424952963e-05,0.00107267910654412,-0.00366129272511556
9.4688559781617,-2.14530175665871e-05,-3.74425791025119e-07,0.99999999999993,0.000353018556435832,3.77760851256486e-05,-0.00718954092509028,-0.000775649410631933
9.47290545976908,1.83070601548465e-05,3.19518476062728e-07,0.999999999999949,0.000171366198039794,2.36491543292631e-05,-0.00348857759241542,0.0012840664871303
9.47534783408996,7.87381200520983e-06,1.37423944173968e-07,0.999999999999991,-7.455635703826e-05,2.73672620959189e-05,0.00152233330283003,0.000791147307314466
9.47779020841084,-2.89946995230503e-06,-5.06052972303658e-08,0.999999999999999,-7.69862505500069e-05,3.12052513756422e-05,0.00157141730770292,0.000222007561279882
9.4814556557433,2.96977136194522e-07,5.18322882973802e-09,1,1.52201139451791e-05,3.00769544032065e-05,-0.000307819720240885,0.000395427875994705
9.48552699163375,-1.26399124433986e-05,-2.20608089301106e-07,0.999999999999976,-5.54587791835878e-05,3.46854904264906e-05,0.00113194689588026,-0.000270066762423238
9.48831013369472,-2.20899080955259e-05,-3.85541627729868e-07,0.999999999999926,-5.92616312124191e-05,3.80501108460876e-05,0.0012089287380568,-0.000808802388876594
9.49109327575569,-1.4440068397587e-05,-2.52026737751072e-07,0.999999999999968,4.79727182637727e-05,3.53325612137171e-05,-0.000976432238398489,-0.000412641805069141
9.49481671737239,-1.53403172659446e-05,-2.67739044591264e-07,0.999999999999964,-4.21983435155805e-06,3.56553716600654e-05,8.66967928005145e-05,-0.000479375429954125
9.49785025818341,-5.50275403266831e-07,-9.60411757974576e-09,1,8.50936061497668e-05,3.03965286739527e-05,-0.0017335659263334,0.00031449626537029
9.50088379899442,3.03276272187153e-06,5.29316949284032e-08,0.999999999999999,2.06147918897724e-05,2.91223067878448e-05,-0.00042004441854955,0.000511919649201036
9.50460355968528,1.2789766624442e-05,2.23223538158191e-07,0.999999999999975,4.5780322279373e-05,2.5651008968405e-05,-0.00093320460855659,0.00104661217025205
9.50908180950314,-2.48633213077318e-05,-4.33946819801168e-07,0.999999999999906,-0.000146747141112589,3.90390779965761e-05,0.00298957618995888,-0.000809268858528897
9.511176545245,-1.23570710814547e-05,-2.1567157627436e-07,0.999999999999977,0.00010420180415377,3.45880111352514e-05,-0.0021248822810366,-0.000295905864179936
9.51327128098685,-7.68587654580941e-06,-1.34143851626183e-07,0.999999999999991,3.89202910033549e-05,3.2923641240393e-05,-0.000794548859601471,-7.06118738007854e-05
9.51659643303939,-1.18557352567299e-05,-2.06921615474711e-07,0.999999999999979,-2.18870483811238e-05,3.44008778304229e-05,0.000444261365101078,-0.000299878038299537
9.52113162359152,-5.15559607566021e-05,-8.99821264231572e-07,0.999999999999595,-0.00015278291855515,4.85099629416237e-05,0.00311102366020726,-0.00246040218920633
9.52434902099207,-9.42503672674508e-06,-1.6449792300309e-07,0.999999999999986,0.00022854601085433,3.35182628844313e-05,-0.00465957362141015,-0.00022685432834059
9.52756641839261,3.67235061767866e-05,6.40946095661358e-07,0.999999999999795,0.000250340234167845,1.70968649720168e-05,-0.00510393832903937,0.00225880816014137
9.53038500156785,1.90488852806383e-05,3.32465766981816e-07,0.999999999999945,-0.000109445174934097,2.33738260198173e-05,0.0022269915973949,0.0013423223870988
9.53333236384447,2.22940964795546e-06,3.89105387325505e-08,0.999999999999999,-9.95993029350987e-05,2.93452421574143e-05,0.00202602041321859,0.000445665249907184
9.53695812357256,-1.70290110316235e-05,-2.97212310860262e-07,0.999999999999956,-9.27041157717759e-05,3.61805089150925e-05,0.0018851957300802,-0.000575240888659009
9.54058388330064,-7.3269471078562e-05,-1.27879351151532e-06,0.999999999999182,-0.000270724282431829,5.61665708889127e-05,0.00551224115018484,-0.00360279279825299
9.54363559907499,-4.72692966022182e-05,-8.25004860810382e-07,0.99999999999966,0.000148699513407807,4.69059007214715e-05,-0.00303457820196417,-0.0022535666476462
9.54670719637703,-7.81079906066602e-06,-1.36324160820302e-07,0.999999999999991,0.00022420930619185,3.28581055792347e-05,-0.00457344949903648,-0.000149499343448972
9.55024129686365,4.96201009131279e-05,8.66034136105818e-07,0.999999999999625,0.00028362473017423,1.24152838970793e-05,-0.00578444833686845,0.00291917875012333
9.55322191967496,3.85523980211875e-05,6.72866280009018e-07,0.999999999999774,-6.48078835616076e-05,1.63354122719565e-05,0.00131520444653178,0.00236860807565766
9.55602062327121,4.69637764510932e-06,8.19672528242153e-08,0.999999999999997,-0.000211133121770282,2.83599584694462e-05,0.00429647005621613,0.000557765602326828
9.55943014270348,-1.56384711528817e-05,-2.72942811595936e-07,0.999999999999963,-0.000104093867616981,3.55713802264179e-05,0.00211508451564162,-0.000527072258248766
9.56283966213575,-4.53053263344144e-05,-7.90727113225942e-07,0.999999999999687,-0.000151864305781497,4.61004304290647e-05,0.00308813321402283,-0.00213349104943606
9.56600885572693,-3.58910132068126e-05,-6.26416352335607e-07,0.999999999999804,5.18462366413156e-05,4.27311836862468e-05,-0.00106312430777228,-0.00166075309796521
9.56941158823309,-5.00951543348528e-06,-8.74325382437891e-08,0.999999999999996,0.000158397350692337,3.17248227264668e-05,-0.00323456543816657,-3.6549685256155e-05
9.57216210738965,1.02197454507467e-05,1.7836820683124e-07,0.999999999999984,9.6636572932699e-05,2.62891020966653e-05,-0.00197625259829618,0.000811492572262451
9.5749126265462,3.09934747286093e-06,5.40938180647888e-08,0.999999999999999,-4.51821571467221e-05,2.88009958708541e-05,0.000913243511940008,0.000439978097392717
9.57848251092666,4.09993509216823e-06,7.15573664763928e-08,0.999999999999997,4.89190868679472e-06,2.84176587764387e-05,-0.00010738081505218,0.000501293094807235
9.58195064098716,-1.3778283087315e-05,-2.40476405145493e-07,0.999999999999971,-8.99717617790225e-05,3.47480775906664e-05,0.00182531182619971,-0.000450308230502883
9.58541877104765,-4.67028429561698e-05,-8.15118379626915e-07,0.999999999999668,-0.000165692163920409,4.64284174553075e-05,0.00336790710293037,-0.00222863228208186
9.58861130060095,-3.94614658165555e-05,-6.88732506162032e-07,0.999999999999763,3.95880042314115e-05,4.3825473251411e-05,-0.00081532344820631,-0.0018750919220753
9.5919377512382,-6.48147784207528e-06,-1.1312312873927e-07,0.999999999999994,0.000173040107968967,3.20668656004371e-05,-0.00353488114908634,-0.000134933109506234
9.59471803253556,1.05923223616657e-05,1.84870900643687e-07,0.999999999999983,0.000107181251647418,2.59695685344693e-05,-0.00219305041966702,0.000809478794162082
9.59749831383292,4.21159842445755e-06,7.35062592785899e-08,0.999999999999997,-4.00551704861091e-05,2.82128742675694e-05,0.000806862865002254,0.000478195944222976
9.60104019709998,4.9181115431317e-06,8.58372394079873e-08,0.999999999999996,3.48147558788759e-06,2.79276478715561e-05,-8.05295868066522e-05,0.000524282636442868
9.60451123472831,-1.34982882285034e-05,-2.35589572970574e-07,0.999999999999972,-9.26025145204805e-05,3.44429734377956e-05,0.00187705414457699,-0.000455425243379192
9.60798227235664,-4.80369845529252e-05,-8.38403543178102e-07,0.999999999999649,-0.00017366967309359,4.66909469468225e-05,0.00352862020539938,-0.00232019792452323
9.61114989797062,-3.91213114851327e-05,-6.82795693113785e-07,0.999999999999767,4.91244449399639e-05,4.3487011511938e-05,-0.00101146278800897,-0.00187707616095029
9.61444276075758,-6.68006805316941e-06,-1.16589181785094e-07,0.999999999999993,0.000171949621943234,3.19144065114178e-05,-0.00351445102612476,-0.000162961725417966
9.61726017842442,1.1119919725344e-05,1.94079211764715e-07,0.999999999999981,0.000110267070873468,2.55534935022152e-05,-0.00225771034378896,0.00081725517790896
9.62007759609126,5.40449292317034e-06,9.43261959100552e-08,0.999999999999996,-3.54058317404099e-05,2.75548922556592e-05,0.00071036636740036,0.000521967871598709
9.62360731941748,5.70484763070424e-06,9.95683744803864e-08,0.999999999999995,1.48515282526096e-06,2.74080933540129e-05,-4.15893508014444e-05,0.000547228613268015
9.6270230362397,-1.31350214681547e-05,-2.29249371939438e-07,0.999999999999974,-9.62661027052412e-05,3.40687026356653e-05,0.00194998872222785,-0.000456813295178976
9.63043875306192,-4.21053483200164e-05,-7.34876960883284e-07,0.99999999999973,-0.000148029715360105,4.4331139539221e-05,0.00300447532324605,-0.00202389522964977
9.63363981597063,-3.59788346318633e-05,-6.27949125356536e-07,0.999999999999803,3.34038532126322e-05,4.21134712527181e-05,-0.000692791222713014,-0.00172724821961571
9.63703230407138,-5.39285502890524e-06,-9.41230763371302e-08,0.999999999999996,0.000157355319507458,3.11939733984209e-05,-0.00321872841701914,-0.000118772202026252
9.63978094999593,1.08932281805174e-05,1.90122697921059e-07,0.999999999999982,0.000103413019377736,2.53677562521686e-05,-0.00211966812247846,0.000785995273917912
9.64252959592049,4.18717779099021e-06,7.3080038819162e-08,0.999999999999997,-4.25819339102367e-05,2.77177939474949e-05,0.000854980146527862,0.000437185092822975
9.64609032005197,5.40562189736499e-06,9.43459002269219e-08,0.999999999999996,5.97234175479292e-06,2.72384682063649e-05,-0.000134614680449925,0.000510375368561576
9.64961734521208,-1.2680024415905e-05,-2.21308175290811e-07,0.999999999999975,-8.94958388977545e-05,3.36240290184656e-05,0.00181046647591746,-0.00044934627442918
9.65314437037219,-5.40422392491552e-05,-9.43215010048127e-07,0.999999999999555,-0.000204678674516309,4.82866948937375e-05,0.00415723313831002,-0.00267820824225174
9.65627285285785,-4.14677172621329e-05,-7.23748199510244e-07,0.999999999999738,7.01512031934052e-05,4.37718881297138e-05,-0.00144312994710062,-0.00204204744563133
9.65945879009419,-7.05411274248747e-06,-1.23117493163293e-07,0.999999999999992,0.000188525592876073,3.14889356324141e-05,-0.00385536549722153,-0.000215532440216414
9.66235897600073,1.23485052271413e-05,2.15522073913344e-07,0.999999999999977,0.000116764779220793,2.45480690533673e-05,-0.0023932488477342,0.00084468496816226
9.66525916190727,8.40977390855872e-06,1.46778244052662e-07,0.999999999999989,-2.37032494039831e-05,2.59077146813406e-05,0.000468813266386232,0.000645676260273824
9.66874639002047,7.46423022605249e-06,1.30275393571496e-07,0.999999999999992,-4.73236907522442e-06,2.61938325006555e-05,8.20473482167095e-05,0.000606205729637832
9.67206865453114,-1.247666753983e-05,-2.17758928246733e-07,0.999999999999976,-0.000104758161398841,3.32370695396736e-05,0.00212001091917911,-0.000459524070094382
9.67539091904181,-3.40546139376386e-05,-5.94365138707309e-07,0.999999999999823,-0.000113358285967679,4.08617357094042e-05,0.00229502080440815,-0.00163125359419846
9.67863541743736,-3.10223180743196e-05,-5.41441591997797e-07,0.999999999999853,1.63117808232028e-05,3.97344965644373e-05,-0.000347430945415592,-0.00149597058329012
9.68218484947982,-3.47431390773272e-06,-6.06382169377665e-08,0.999999999999998,0.000135459242298321,2.98831627435202e-05,-0.00277546765315979,-6.01708933719294e-05
9.68484118335488,1.05479055261972e-05,1.84095680621445e-07,0.999999999999983,9.21322051631918e-05,2.48556689047411e-05,-0.00189264379977854,0.000731685646212303
9.68749751722994,3.1192123178209e-06,5.44405250147386e-08,0.999999999999999,-4.88098114562679e-05,2.74563797369452e-05,0.000979060221540378,0.00034383933550453
9.69109321156602,5.42418857198722e-06,9.46699498302263e-08,0.999999999999996,1.11882215381399e-05,2.65801651916879e-05,-0.000243684380083533,0.00047368968033069
9.69482594345076,-1.13588789645155e-05,-1.98249837266318e-07,0.99999999999998,-7.84732994871282e-05,3.24895416032312e-05,0.00158312372653872,-0.000408294602677291
9.69780556329357,-2.28726871912067e-05,-3.9920370026528e-07,0.99999999999992,-6.74427858588663e-05,3.65361827009753e-05,0.0013581065072844,-0.00104826710846838
9.70078518313637,-1.56906899121546e-05,-2.73854200876554e-07,0.999999999999962,4.20689571159609e-05,3.3933432144764e-05,-0.000873517661153415,-0.00067848972582657
9.70448063937803,-1.00923302408168e-05,-1.76144391900845e-07,0.999999999999984,2.64405265780589e-05,3.18815193891773e-05,-0.000555252889333093,-0.000404453579354675
9.70734782273266,6.93673878537406e-06,1.21068931155569e-07,0.999999999999993,0.000103660382436422,2.57777529558922e-05,-0.00212883714723928,0.000522899432596028
9.71021500608729,5.23253300095857e-06,9.13249290859865e-08,0.999999999999996,-1.03739448757398e-05,2.63358034534995e-05,0.00019463369745987,0.000440292610981028
9.71388141294516,9.73153713052811e-06,1.69847364207796e-07,0.999999999999986,2.14167271025356e-05,2.46737444014179e-05,-0.000453320953323861,0.000691811642301523
9.71739870304274,-1.05881807598513e-05,-1.84798616055719e-07,0.999999999999983,-0.00010082932326433,3.18400888263025e-05,0.00203746186014376,-0.00038342276434136
9.72091599314032,-6.00879191916121e-05,-1.04873203056573e-06,0.99999999999945,-0.00024562472543966,4.93832304054842e-05,0.00498768685336538,-0.00304652316472475
9.72393376098387,-4.0456541737819e-05,-7.06099857295391e-07,0.999999999999751,0.000113538280952644,4.23486637536382e-05,-0.00233104964216805,-0.0020339533954543
9.72696070038098,-8.79979333821173e-06,-1.53585367246857e-07,0.999999999999988,0.000182532392480728,3.10369710333522e-05,-0.00373700667118985,-0.000347151005340123
9.73006414131843,1.23892216596784e-05,2.16232709720783e-07,0.999999999999977,0.000119163884353131,2.34463012904394e-05,-0.00244588825625853,0.00079525708171049
9.73316758225589,1.64064579854051e-05,2.86346710435431e-07,0.999999999999959,2.25923425409706e-05,2.19621663949793e-05,-0.000478222374896312,0.00102426408248732
9.73656331372001,1.31378698736072e-05,2.29299085993015e-07,0.999999999999974,-1.67998044148026e-05,2.30634264450943e-05,0.000324307166732997,0.000865342366023755
9.73982493928902,-1.17790320147327e-05,-2.05582891354906e-07,0.999999999999979,-0.00013333289433354,3.18655184004378e-05,0.00269868253394408,-0.000466750097940162
9.74308656485802,-3.42765260629131e-05,-5.98238235943446e-07,0.999999999999821,-0.000120386395152087,3.98065851997513e-05,0.00243469602236785,-0.0016896299792843
9.74622890081444,-2.74379056400516e-05,-4.78881793270404e-07,0.999999999999885,3.79833487980151e-05,3.73162938131885e-05,-0.00079249686255819,-0.00134808999568213
9.74969590965151,-5.99585033835332e-06,-1.04647329861081e-07,0.999999999999995,0.000107941594901032,2.96259311371504e-05,-0.00221815491031073,-0.000228508794744151
9.75248812715603,1.13038492167394e-05,1.97289386981083e-07,0.999999999999981,0.000108135099201094,2.34212523214751e-05,-0.00222213305576444,0.000725013150989699
9.75528034466055,6.10073314330586e-06,1.0647788013623e-07,0.999999999999994,-3.2523077696451e-05,2.52190309622608e-05,0.000643853366679432,0.000456918040406862
9.7588572187667,7.76453731382912e-06,1.35516741020274e-07,0.999999999999991,8.11850236330291e-06,2.455937305976e-05,-0.000184423013761074,0.000555469386483391
9.76235413620704,-1.10333292430261e-05,-1.92567922747378e-07,0.999999999999981,-9.38211065501595e-05,3.11776947365195e-05,0.00189261593665416,-0.000441978349240529
9.76585105364739,-5.05087368542321e-05,-8.81543759129639e-07,0.999999999999611,-0.000197023763968113,4.51491380311571e-05,0.00399535977985858,-0.00256957427996419
9.76897297804123,-3.83924574588232e-05,-6.70074790588269e-07,0.999999999999776,6.77367360204823e-05,4.07792762352237e-05,-0.00139973338385646,-0.00195590485071961
9.77217307535623,-5.93175431148113e-06,-1.03528643154715e-07,0.999999999999995,0.000177040287111985,2.91723359541977e-05,-0.00362705853557203,-0.000234030128275897
9.77507916042746,1.35283936646604e-05,2.36115011954263e-07,0.999999999999972,0.000116873266536922,2.21945131503127e-05,-0.00240110754945263,0.000828998066907619
9.77798524549869,9.91501379167464e-06,1.73049636045369e-07,0.999999999999985,-2.17011458243981e-05,2.34221704299993e-05,0.000422443682684916,0.000647881538622729
9.78147489169716,9.11836739739898e-06,1.59145533491118e-07,0.999999999999987,-3.98438746035579e-06,2.3636130901004e-05,6.13129408645144e-05,0.00061715089015386
9.78480332239496,-1.10456837360397e-05,-1.92783549327881e-07,0.999999999999981,-0.000105734237775094,3.0740640042234e-05,0.0021344921334634,-0.00045952706692502
9.78813175309275,-3.35197164582024e-05,-5.85029416530531e-07,0.999999999999829,-0.000117847088558,3.86661683303138e-05,0.00238116067530586,-0.0016787115897206
9.79136256901059,-2.98546967143239e-05,-5.21062754849261e-07,0.999999999999864,1.979891869673e-05,3.72971631324156e-05,-0.000423733580839968,-0.00150920300917206
9.79488555804398,-2.58097727665327e-06,-4.50465513967561e-08,0.999999999999999,0.000135117140286391,2.75256023939999e-05,-0.00277365630315394,-8.5169729460343e-05
9.79756424283335,1.20752423574142e-05,2.10752737113158e-07,0.999999999999978,9.54943595919602e-05,2.22586484049778e-05,-0.00196624627500669,0.000738789420646272
9.80024292762273,4.85091931947238e-06,8.46645138733956e-08,0.999999999999996,-4.70709445695061e-05,2.47728705718315e-05,0.000938603219321699,0.000362428123020475
9.80383418020659,6.97149655020266e-06,1.21675568592462e-07,0.999999999999993,1.03058901747407e-05,2.3944528685606e-05,-0.000230655423666703,0.00048347312777566
9.80751488935304,-1.02051926678362e-05,-1.78114212854124e-07,0.999999999999984,-8.14489190855105e-05,2.99768096045118e-05,0.00163889095250087,-0.000420901602092009
9.81119559849949,-7.65348925581812e-05,-1.33578586779997e-06,0.999999999999108,-0.0003145240791608,5.34892609943406e-05,0.00638802210506086,-0.00398049183309536
9.81421162921239,-4.91410423225044e-05,-8.57672986389477e-07,0.999999999999632,0.000158523876884715,4.36833249658221e-05,-0.0032512719405037,-0.00256134674171333
9.817116159802,-7.57010061029254e-06,-1.32123180356837e-07,0.999999999999991,0.000249799333712204,2.88377994637425e-05,-0.00511116169860797,-0.000336478019732598
9.82090877424805,5.53890601435398e-05,9.66721469089782e-07,0.999999999999533,0.000289732759571997,6.36653070109514e-06,-0.00592500742754104,0.00300726416886234
9.82405959210383,7.32408949340668e-05,1.27829476370635e-06,0.999999999999183,9.88864824557449e-05,-4.90667823603815e-08,-0.00203616894949604,0.00402016500314691
9.82669797608011,1.3988777693871e-05,2.44150229087585e-07,0.99999999999997,-0.000391961346004482,2.09669119548659e-05,0.00796547391364277,0.000851963368538858
9.83046501870954,-1.35125547939075e-05,-2.35838571509827e-07,0.999999999999972,-0.000127417937043682,3.06667730604335e-05,0.00257492735277025,-0.000585213673447737
9.83311985396342,-1.76427928043712e-05,-3.07924823683437e-07,0.999999999999953,-2.71528156288459e-05,3.20781659977926e-05,0.000531631081550318,-0.000850814463295722
9.8357746892173,-7.79253703755566e-06,-1.36005428388951e-07,0.999999999999991,6.47570861668791e-05,2.85175401761039e-05,-0.0013411852266473,-0.000334884318873696
9.83947730770361,-9.27734155325308e-06,-1.6192015593635e-07,0.999999999999987,-6.99902721365099e-06,2.89651173152946e-05,0.00012088124683827,-0.000427314782499689
9.84280180172845,6.27268630255897e-06,1.09479028924403e-07,0.999999999999994,8.16362378252994e-05,2.33623959278171e-05,-0.0016852854436231,0.000400697576824984
9.84612629575329,2.23738273699694e-05,3.90496953878779e-07,0.999999999999924,8.45295322700351e-05,1.75634725148464e-05,-0.0017443025524003,0.0012723315216711
9.84955249462631,2.71446230678532e-05,4.73763046746824e-07,0.999999999999888,2.43027611513286e-05,1.57916235511629e-05,-0.000517147144502924,0.00155137291898588
9.85332973147477,-8.64919447339934e-06,-1.50956921206115e-07,0.999999999999989,-0.000165390732171748,2.84383146331034e-05,0.00334813293137695,-0.000299991339941097
9.85576014301786,-1.37260404541181e-05,-2.39564599186297e-07,0.999999999999971,-3.64578905297669e-05,3.01896142008265e-05,0.000720577374109219,-0.000647634956482407
9.85819055456095,-5.34027632433283e-06,-9.32054048259084e-08,0.999999999999996,6.0219922332344e-05,2.71532856265616e-05,-0.00124930635015297,-0.000212743772904262
9.8617579051301,-8.71384107357992e-06,-1.52085217229487e-07,0.999999999999988,-1.65051937739788e-05,2.8273589824516e-05,0.000314043763358128,-0.000400427242596055
9.86678267704928,-1.57546000643042e-05,-2.74969643457015e-07,0.999999999999962,-2.44557222107061e-05,3.06644978765518e-05,0.00047582419470847,-0.000904222608338098
9.86892647091256,3.08850689068072e-07,5.39046142129111e-09,1,0.000130777548009668,2.4904197040546e-05,-0.00268696582011147,6.41100575275588e-05
9.87107026477584,-4.40397255088574e-07,-7.68638211804097e-09,1,-6.09986051518352e-06,2.5122537970639e-05,0.000101847912634045,3.9355366916489e-05
9.87463234404444,4.94938442149002e-06,8.63830541019156e-08,0.999999999999996,2.64085746348614e-05,2.31254067050093e-05,-0.000560664464499137,0.000327177215950389
9.87941765701981,7.25114199919164e-05,1.26556302415504e-06,0.999999999999199,0.000246416478111448,-1.01035668608752e-06,-0.00504371678828265,0.00398642322810976
9.88246757085082,6.94195924765185e-06,1.21160045410793e-07,0.999999999999993,-0.000375224692288331,2.22394909404766e-05,0.0076231162304368,0.000485061615776708
9.88551748468182,-3.24430195550717e-05,-5.66237510524876e-07,0.99999999999984,-0.000225382615386646,3.61767275447017e-05,0.00456971487605432,-0.0016520662424696
9.88831124030139,-2.02147041214112e-05,-3.52813144235085e-07,0.999999999999938,7.63933555229849e-05,3.1763940430394e-05,-0.00157951793757599,-0.00102586124134245
9.89136194654288,-9.6361210088759e-06,-1.68182038725481e-07,0.999999999999986,6.05207748286233e-05,2.79319357499537e-05,-0.00125610412052204,-0.000469306263491551
9.89596343849249,3.79209321758613e-05,6.61845121894189e-07,0.999999999999781,0.000180382182498558,1.09126317205768e-05,-0.00369864909376384,0.00197314531291574
9.89821802490624,1.16709979988091e-05,2.03697342072886e-07,0.999999999999979,-0.00020320701705076,2.01967868345699e-05,0.00411789721492652,0.000663150806100036
9.90047261131999,1.88816181564422e-06,3.29546404934257e-08,0.999999999999999,-7.57312740545856e-05,2.36240550803182e-05,0.00152013168572568,0.000151697124247842
9.90403769144804,5.85866155421868e-06,1.02252933881124e-07,0.999999999999995,1.94380745729741e-05,2.21296705972547e-05,-0.000419172761729817,0.000366494134585913
9.90900006684401,3.78099972599001e-05,6.59908942355243e-07,0.999999999999782,0.000112376828429248,1.06520821276717e-05,-0.00231292225068457,0.00216755906312567
9.91111711446313,2.73122278312806e-06,4.76688301710677e-08,0.999999999999999,-0.000289195248445967,2.30778620597061e-05,0.00586939085346685,0.000208481515176563
9.91323416208225,-6.67405991399724e-07,-1.16484319974621e-08,1,-2.80188606211428e-05,2.42372502673021e-05,0.000547643896681129,1.32868013219105e-05
9.91708556551116,-7.16289032830264e-06,-1.25016020188138e-07,0.999999999999992,-2.94353968062222e-05,2.64575785214834e-05,0.000576498488191958,-0.000334088459973312
9.9209938867377,-2.9303268993183e-05,-5.11438525528584e-07,0.999999999999869,-9.88717362115607e-05,3.42402202286997e-05,0.00199130042187114,-0.00153283259995754
9.92490220796424,-3.97119419157579e-05,-6.93104138790665e-07,0.99999999999976,-4.64817507907246e-05,3.78500427429657e-05,0.000923624826371338,-0.00216766683162208
9.92707615204192,-3.60854557817369e-06,-6.29810015474133e-08,0.999999999999998,0.000289852505274411,2.49596733603719e-05,-0.00592948526823368,-0.000165401817200422
9.92925009611961,-6.97149265569183e-07,-1.21675500620426e-08,1,2.33738540043284e-05,2.38732877720655e-05,-0.000499730236604619,8.58707827843908e-07
9.933146955877,6.13242225111903e-06,1.07030959404589e-07,0.999999999999994,3.05883498220396e-05,2.13527721293229e-05,-0.000646806864927412,0.000363386218300643
9.93711763486007,2.98927348506114e-05,5.21726645568801e-07,0.999999999999864,0.000104439489551394,1.28091841340638e-05,-0.00215166928167392,0.00164859354613444
9.94108831384314,3.43332631177413e-05,5.99228484358083e-07,0.99999999999982,1.95185355249699e-05,1.11367165311061e-05,-0.000421204436341723,0.00197912913682584
9.94334689488521,-1.5160515458708e-06,-2.64600911053953e-08,1,-0.000277027285632102,2.38322330368334e-05,0.00562101437552021,-2.92208385581777e-05
9.94560547592727,-1.81156803738305e-06,-3.16178268762259e-08,0.999999999999999,-2.28361775591365e-06,2.38837787373556e-05,2.28221611543756e-05,-6.06719029797682e-05
9.94922163639374,-7.46479759965986e-06,-1.30285296109034e-07,0.999999999999992,-2.728514681465e-05,2.58085559150448e-05,0.000532270953000945,-0.000366094216291946
9.95403180389225,-7.44262465316246e-05,-1.29898305187749e-06,0.999999999999156,-0.000242964045665847,4.95081121883421e-05,0.00492697110456734,-0.00400917524824461
9.95680997608951,-3.52819681943553e-06,-6.15786511575419e-08,0.999999999999998,0.000445402341128555,2.42280365234686e-05,-0.00909953518711193,-0.000192328228541878
9.95958814828678,1.01059564561923e-05,1.76382214223732e-07,0.999999999999984,8.56537494743827e-05,1.93131725612183e-05,-0.00176909983012854,0.000560222524860285
9.96269693670014,1.24121443250076e-05,2.1663278570411e-07,0.999999999999977,1.29473499410388e-05,1.84189482812679e-05,-0.000287643982494397,0.00069337126132525
9.96638944300138,1.64039493373617e-05,2.86302926267301e-07,0.999999999999959,1.88679814953315e-05,1.69112902351026e-05,-0.000408302091633256,0.00092801120630017
9.96944189518267,-8.01690982961919e-06,-1.39921472362352e-07,0.99999999999999,-0.000139633440039356,2.55233223592346e-05,0.00282134874279419,-0.000386245996214603
9.97249434736396,-1.63028892155569e-05,-2.84539094399339e-07,0.999999999999959,-4.73775225450721e-05,2.83970405827623e-05,0.000941445779605916,-0.000845135434919488
9.97585056973458,-1.91333428825444e-05,-3.33939830213417e-07,0.999999999999944,-1.47191486018951e-05,2.93232052456763e-05,0.000275954499029338,-0.00101331026684182
9.97979175223621,-3.8442833592534e-06,-6.70954019985998e-08,0.999999999999998,6.77066916095972e-05,2.37910108668907e-05,-0.00140368896302097,-0.000255441156952465
9.9822821013232,9.78527752795567e-06,1.70785311084237e-07,0.999999999999985,9.55210312984624e-05,1.88843704214356e-05,-0.00197026210946915,0.000531396191214391
9.98477245041019,3.57567643331547e-06,6.24073267473224e-08,0.999999999999998,-4.35191937158257e-05,2.1033015047404e-05,0.000862788529202577,0.000209801681478524
9.98840933743287,7.74576640221634e-06,1.3518912680903e-07,0.999999999999991,2.00121146485952e-05,1.94626050551983e-05,-0.000431800598263219,0.000437636880157038
9.99346645662472,1.25668510318597e-05,2.19332927113598e-07,0.999999999999976,1.66386824419947e-05,1.76271787494339e-05,-0.000362939103496133,0.000837725222316178
9.99556273832027,-1.09192483421682e-06,-1.90576835413767e-08,1,-0.000113720694676292,2.24336095022396e-05,0.00229283629342957,-2.05989755362213e-05
9.99765902001582,-8.05261442511911e-07,-1.40544635111919e-08,1,2.38671169089975e-06,2.22810676514867e-05,-7.27678207927905e-05,-2.47139127163137e-05
10,-6.39995397504851e-07,-1.11700268840695e-08,1,1.23214920529494e-06,2.21658687250343e-05,-4.9209701591133e-05,-1.93914375348354e-05
10.0050021920442,-1.20464399958829e-05,-2.10250041072088e-07,0.999999999999978,-3.97985547993868e-05,2.61018254268287e-05,0.000786846379950716,-0.000632323160984107
10.0093494362746,-5.19807691587849e-05,-9.07235569539794e-07,0.999999999999588,-0.000160328127782927,4.01988074058435e-05,0.00324273982137552,-0.00282920922400509
10.0120383301178,2.32077296118956e-06,4.05051293640164e-08,0.999999999999999,0.000352464899746395,2.08223250046653e-05,-0.00720611654101953,0.000111404346384876
10.0147272239611,6.93784253797808e-06,1.21088195272637e-07,0.999999999999993,2.99688535900031e-05,1.91154694702531e-05,-0.000634779814261373,0.000376330197470988
10.0180353278831,1.10030211903316e-05,1.92038947437991e-07,0.999999999999982,2.14475584320686e-05,1.7589839883052e-05,-0.000461179462071516,0.000600426871348402
10.0221516893848,2.23687379601612e-05,3.90408126920644e-07,0.999999999999924,4.81904175328812e-05,1.34484735797289e-05,-0.00100607449117967,0.00124994583893729
10.0245710058717,-1.47376536868367e-06,-2.57220580853982e-08,1,-0.000172003203072978,2.18690999202477e-05,0.00348058072842963,-6.29042336803605e-05
10.0269903223587,-1.4692197800088e-06,-2.56427225965803e-08,1,3.2792521873513e-08,2.18089250347998e-05,-2.48726802681644e-05,-7.13174996872714e-05
10.0310185588449,-9.67146221877915e-06,-1.68798859199932e-07,0.999999999999986,-3.55381659179641e-05,2.46284977188515e-05,0.000699952123891298,-0.000513886203262253
10.0362006301516,-0.000115716084562901,-2.01962667313743e-06,0.999999999997961,-0.000357159850650067,6.22158717404997e-05,0.00725334944223153,-0.00634381418609862
10.0383248113414,-1.36407454442171e-05,-2.38075920428002e-07,0.999999999999972,0.000838699994718597,2.58631869969387e-05,-0.0171137400694533,-0.000752052033441099
10.0404489925313,-1.47489856227467e-06,-2.57418360446237e-08,1,9.99604390612771e-05,2.14852343562635e-05,-0.00206100715964766,-8.08246230178975e-05
10.0439999435451,5.12636136119591e-06,8.94718843998869e-08,0.999999999999996,3.24458771733139e-05,1.90516018256718e-05,-0.000685346691938365,0.000269611690248377
10.0486661048845,9.71770719433394e-05,1.69605986285786e-06,0.999999999998562,0.000344306135516356,-1.37981164491594e-05,-0.00703998766557325,0.00520798941885538
10.0524823518554,0.000172664456054923,3.0135632593189e-06,0.999999999995459,0.000345235359900882,-4.07356204453256e-05,-0.00705863750476976,0.00945482509160885
10.0546748384844,1.75408439472421e-05,3.06145480457888e-07,0.999999999999953,-0.00123486170590255,1.43783522705431e-05,0.0251376551111743,0.000973419619390074
10.0568673251134,1.2101980780906e-06,2.11219410639885e-08,1,-0.000130000126624645,2.01329321743629e-05,0.0026246818692906,6.79995304643305e-05
10.0601096566522,-5.00387681346071e-06,-8.73341257590914e-08,0.999999999999996,-3.34500237026222e-05,2.22644211393959e-05,0.000657393896816659,-0.00026715854131519
10.0644122468132,-4.81010176393071e-05,-8.3952113136568e-07,0.999999999999648,-0.000174821904352116,3.74872672206722e-05,0.00353806556315255,-0.00258810098108468
10.0684776493304,-0.000104736334809334,-1.82799388889301e-06,0.999999999998329,-0.000243142653981374,5.75297550459401e-05,0.00493001313906797,-0.00578408198792398
10.0706110111993,-1.1047250222112e-05,-1.92810889667528e-07,0.999999999999981,0.000766481778389985,2.41594557210044e-05,-0.015642118578827,-0.000624885563075166
10.0727443730682,-8.22956847022381e-07,-1.43633065823718e-08,1,8.36461857157314e-05,2.04718373889725e-05,-0.00172854797199848,-5.5157026590022e-05
10.0761801836645,5.32669946012782e-06,9.29684438434348e-08,0.999999999999996,3.12391348175529e-05,1.82017186163015e-05,-0.000660722909204281,0.000272888160206699
10.0807450718545,7.31056847443973e-05,1.27593490071438e-06,0.999999999999186,0.000259144672911265,-6.01335288077158e-06,-0.00530463627787773,0.00391660668580277
10.0847317646766,0.000143023916011277,2.49623824349002e-06,0.999999999996884,0.000306094148017956,-3.09741087433244e-05,-0.00626101808607676,0.00787387231777662
10.08679305109,1.90005804280071e-05,3.3162268825871e-07,0.999999999999945,-0.00105012847375511,1.30826087815898e-05,0.0213734089738162,0.00104145137652266
10.0888543375033,2.62816921839229e-06,4.58702061605113e-08,0.999999999999999,-0.000138628227618506,1.88553651413e-05,0.00280056003973768,0.000135001365309839
10.0921717462878,-3.96529726157384e-06,-6.92074930347784e-08,0.999999999999998,-3.46890319130904e-05,2.1120225231916e-05,0.000682719627794561,-0.000218503237123013
10.0966214210661,-6.50440938739267e-05,-1.13523359707605e-06,0.999999999999356,-0.000239573936787146,4.27349139158357e-05,0.00485758842189998,-0.00349483617033714
10.1005226302292,-0.00014720652436101,-2.56923853051404e-06,0.9999999999967,-0.000367579607621473,7.18602222077375e-05,0.00746571308377959,-0.00805150246504659
10.102864647879,-1.0402319771882e-05,-1.81554729864645e-07,0.999999999999984,0.00101949863651009,2.31515872423244e-05,-0.0207977232663478,-0.000605066327832836
10.1052066655288,1.49477745305541e-06,2.60887881403918e-08,1,8.86600995611181e-05,1.88642975085594e-05,-0.00183059667980455,5.91783994964288e-05
10.1084283894397,6.83050651423585e-06,1.19214828252336e-07,0.999999999999993,2.89056550743156e-05,1.68892211141289e-05,-0.000613049550203191,0.000347514659757867
10.1126294458297,3.74038285212124e-05,6.52819960546471e-07,0.999999999999787,0.000127016893551465,5.9152853220904e-06,-0.00261218483477687,0.00200381050010097
10.1169489583079,4.44191594371715e-05,7.75260583146876e-07,0.999999999999699,2.83459356163702e-05,3.31782527135317e-06,-0.000601331762290703,0.00259574347667306
10.1189476817502,7.07109193365173e-06,1.23413835953435e-07,0.999999999999992,-0.000326131536457602,1.65511932022438e-05,0.00662090995221127,0.00039596397122642
10.1209464051925,1.37479632800006e-06,2.3994722467929e-08,1,-4.97413055658847e-05,1.85289129243668e-05,0.000989491432511488,6.04666055483734e-05
10.1241812061379,-4.1859505528758e-06,-7.30586194733597e-08,0.999999999999997,-3.00028791817446e-05,2.04289865020549e-05,0.000587385007538318,-0.000239463023650448
10.1285690457068,-4.84382254199183e-05,-8.45406517400686e-07,0.999999999999643,-0.000176020085921507,3.60616843035705e-05,0.00356273230961301,-0.00262180847758965
10.1327126814124,-0.000118889177017549,-2.07500758394111e-06,0.999999999997847,-0.000296744490557869,6.10166504224988e-05,0.00602248071293329,-0.00658216281590143
10.134786715626,-1.47156162759602e-05,-2.5683595547557e-07,0.999999999999967,0.000876635311297812,2.3919815466527e-05,-0.0178863177439476,-0.000839405747716154
10.1368607498396,-1.43330541600318e-06,-2.50158986959225e-08,1,0.000111772532613684,1.91467130636948e-05,-0.00230136145853902,-0.000103211522559634
10.1402599132064,4.96449255733795e-06,8.66467408163005e-08,0.999999999999996,3.28500361601029e-05,1.67902845101361e-05,-0.000693237805690877,0.000237803800607955
10.144798285577,7.49359391549986e-05,1.30787886632849e-06,0.999999999999145,0.000269090331462358,-8.20242022222474e-06,-0.00550697534078473,0.00399116142353067
10.1486956322889,0.00015712313372236,2.74231601450307e-06,0.99999999999624,0.000368054795788104,-3.7523170141677e-05,-0.00752325930604078,0.00857107526909584
10.150946786298,1.43061870903708e-05,2.49690068133276e-07,0.999999999999969,-0.00110726584511729,1.32137570551724e-05,0.022538185744642,0.000775104430132318
10.1531979403071,6.67643915991913e-07,1.16525845649673e-08,1,-0.000105740203738292,1.80105092132682e-05,0.00213079697733233,1.62033634572732e-05
10.1564565189523,-5.21781992312857e-06,-9.10681374347509e-08,0.999999999999996,-3.15231679780577e-05,2.00262430163413e-05,0.000618592958035237,-0.000301608807641711
10.1607494722208,-4.50843599587772e-05,-7.86870522434876e-07,0.99999999999969,-0.000162080120951429,3.41024720067571e-05,0.00327891502887837,-0.00245370559196018
10.1649034269691,-8.51379754271748e-05,-1.48593798968568e-06,0.999999999998896,-0.00016828962027901,4.82477371619219e-05,0.00340525258752025,-0.0047866878331334
10.1668237612285,-1.52517064769291e-05,-2.66192494570154e-07,0.999999999999965,0.000635173532505091,2.33489850740215e-05,-0.0129658427778291,-0.000874924766550658
10.1687440954878,-2.29477160687648e-06,-4.00513201212756e-08,0.999999999999999,0.000117761360213819,1.86957631714728e-05,-0.00242313122303489,-0.00015563220806968
10.172171586049,4.41604009171268e-06,7.70744395004586e-08,0.999999999999997,3.41724528573575e-05,1.62282245017364e-05,-0.000719925737409059,0.000200915324416072
10.1767584740204,8.87167142301188e-05,1.54839876486586e-06,0.999999999998801,0.000320767442884061,-1.38604910158496e-05,-0.00655972321659336,0.0047116086943895
10.179696853141,4.03898574840609e-05,7.04935997508078e-07,0.999999999999752,-0.000287050354200304,3.25749525788267e-06,0.00582565610863912,0.00216223808336552
10.1826352322617,1.06579474222406e-06,1.8601627402254e-08,1,-0.00023357583957827,1.71735813125543e-05,0.00473597363827476,5.14623782200717e-05
10.186077750688,-3.61173972755219e-05,-6.30367499708646e-07,0.999999999999801,-0.000188515803475206,3.03165583802953e-05,0.00381783782691076,-0.00194326437286329
10.1892302656571,-3.93600568182235e-05,-6.86962585249989e-07,0.999999999999764,-1.79523606062325e-05,3.1395706464457e-05,0.000342313389388544,-0.00215023729889868
10.1922735516352,-1.15502494559982e-05,-2.01589882433851e-07,0.99999999999998,0.000159489678691832,2.14341546246254e-05,-0.00327328812063096,-0.000674182456463196
10.1951042639951,5.98319238563297e-06,1.04426406909549e-07,0.999999999999995,0.000108105752346174,1.51324823615622e-05,-0.00222617894785656,0.000277386996941745
10.197934976355,6.45599108631633e-06,1.12678300935625e-07,0.999999999999994,2.91512982489886e-06,1.48983001810064e-05,-8.27290627873802e-05,0.000311052761449984
10.2017253833173,1.52026362231749e-05,2.65336057077355e-07,0.999999999999965,4.02747667101242e-05,1.16993564636391e-05,-0.000843957851811778,0.0007896575570677
10.2064794367913,1.85673792304288e-06,3.24061901037394e-08,0.999999999999999,-4.89960553130201e-05,1.6336061767291e-05,0.000975316186282062,0.000252462520420915
10.2085315539496,-9.13789824191112e-07,-1.5948641103355e-08,1,-2.35633872119848e-05,1.72728271068751e-05,0.000456487260370144,-5.60578255042344e-05
10.210583671108,1.68217601292806e-07,2.93595100236653e-09,1,9.2024921816338e-06,1.68402772050859e-05,-0.000210782264562432,-2.21741206329478e-05
10.2139132751824,-4.65176745537981e-06,-8.11886581334961e-08,0.999999999999997,-2.52656493852391e-05,1.84772875680667e-05,0.000491653159472978,-0.000282453227972114
10.2184293103675,-5.0357392051013e-05,-8.78902294007684e-07,0.999999999999614,-0.000176640261464448,3.46274162672731e-05,0.00357617424075453,-0.00275408343226591
10.2227845120489,-8.41900496911232e-05,-1.46939356452721e-06,0.99999999999892,-0.000135582991032846,4.65574361868641e-05,0.00273925774102525,-0.00487427634506235
10.2246608665837,-1.88112826455105e-05,-3.28318818687421e-07,0.999999999999946,0.000608133870607451,2.32644982438949e-05,-0.0124139321816692,-0.00109612875721358
10.2265372211184,-3.32720289588613e-06,-5.8070645415103e-08,0.999999999999998,0.000144028310358988,1.77148095819472e-05,-0.00295769725774729,-0.000223834534171418
10.2296025668477,4.16548608199432e-06,7.27014470767993e-08,0.999999999999997,4.26614496501685e-05,1.49796721595195e-05,-0.000892276977524222,0.000179431880521678
10.233771776958,4.02667888702977e-05,7.02788044992044e-07,0.999999999999753,0.000151128530645442,2.04500918100288e-06,-0.00310242531233773,0.00211455362024844
10.2377692208118,0.000113873005089003,1.98745886794206e-06,0.999999999998025,0.00032137307488028,-2.42231396752668e-05,-0.00657123647438249,0.00616328922978026
10.2402956193474,5.53422690755752e-06,9.65904810893425e-08,0.999999999999995,-0.000748444222156712,1.42482319468975e-05,0.015227752502097,0.000290035715180359
10.242822017883,-4.01968014400251e-06,-7.01566533898835e-08,0.999999999999998,-6.60019122588461e-05,1.75881821618832e-05,0.0013220203257278,-0.0002485292108881
10.245978475702,-7.74626708769805e-06,-1.35197865419203e-07,0.999999999999991,-2.06057599241683e-05,1.88415620500723e-05,0.000397084314144746,-0.00045469238925185
10.2499887918887,-2.39208709202149e-05,-4.17497957502303e-07,0.999999999999913,-7.03934749645575e-05,2.45025809871854e-05,0.00141161411561366,-0.00134506535940038
10.2531799167395,5.98857488819973e-06,1.04520349301336e-07,0.999999999999995,0.000163584419664039,1.37931907090124e-05,-0.0033559922531023,0.00025061690900256
10.2563710415904,2.98976404887675e-05,5.21812265106536e-07,0.999999999999864,0.000130766402227285,5.21802547144923e-06,-0.0026871920210983,0.00154689319883552
10.2594486878783,2.43838783549526e-05,4.25578961699689e-07,0.999999999999909,-3.12684741531631e-05,7.10949245343179e-06,0.00061458231551748,0.00127287988368703
10.2627987490163,9.13748942551552e-06,1.5947927584141e-07,0.999999999999987,-7.94312924145047e-05,1.24562326539504e-05,0.0015960127234346,0.000474558852574124
10.2657226004481,-9.94473246517014e-06,-1.7356832474719e-07,0.999999999999985,-0.000113907155802531,1.91766973699495e-05,0.00229849733226667,-0.000563146096341324
10.26864645188,-9.54682708642841e-06,-1.66623565776752e-07,0.999999999999986,2.3752092513463e-06,1.8969406588585e-05,-7.08964823273825e-05,-0.000554298913297347
10.2722154471111,-1.27900769433756e-05,-2.23228954245315e-07,0.999999999999975,-1.58603149634429e-05,2.00427040819429e-05,0.000300728194871113,-0.000742383121517451
10.2757423801744,8.7099725352793e-06,1.52017698498901e-07,0.999999999999988,0.000106394605738817,1.23174230391501e-05,-0.00219036792136226,0.000391506218392598
10.2792693132378,6.33276324338325e-05,1.1052756934629e-06,0.999999999999389,0.000270279582242474,-7.18544585730859e-06,-0.00552969635262532,0.00332574920629699
10.2822408472585,3.87265073946356e-05,6.75905061834271e-07,0.999999999999772,-0.00014449460401323,1.49766817055456e-06,0.00292209813768185,0.00204626668722368
10.2852111329186,7.00767429785831e-06,1.22306989405009e-07,0.999999999999993,-0.000186378731131799,1.27120839428287e-05,0.00377553442852307,0.000351496590388419
10.2883849167976,-1.41480109936975e-05,-2.46929374448374e-07,0.999999999999969,-0.000116339479287876,2.01653915904607e-05,0.00234839797913879,-0.000788050260009872
10.2915587006766,-2.16127234097954e-05,-3.77213183823777e-07,0.999999999999929,-4.10499940585332e-05,2.2749747105754e-05,0.000814282135719874,-0.00120471357037235
10.2949216457464,-1.69746578736352e-05,-2.96263669294509e-07,0.999999999999956,2.40710189574711e-05,2.10258357036701e-05,-0.000512619554074726,-0.000976985717958075
10.2981610260509,1.00189302506627e-05,1.74863320401724e-07,0.999999999999985,0.000145437381663525,1.13544087287892e-05,-0.00298557935957687,0.000464083612968552
10.3,1.75881961322432e-06,3.06971931994175e-08,1,-7.83948719188139e-05,1.425166133135e-05,0.00157547234639574,4.28702589576885e-05
10.3033721422746,7.29490832711764e-06,1.27320168939354e-07,0.999999999999992,2.86532915489851e-05,1.22087234429833e-05,-0.000605827904632059,0.000340840881539009
10.3078125814847,5.21756263723486e-05,9.10636469487742e-07,0.999999999999585,0.000176405140009003,-3.84976898929795e-06,-0.00361641983432034,0.00277098101334321
10.3121215475984,5.69062523434863e-05,9.93201468364412e-07,0.999999999999507,1.91612086745833e-05,-5.62466993266867e-06,-0.000411908772668019,0.00332076577073727
10.3140236653451,1.45220337786696e-05,2.53457303523614e-07,0.999999999999968,-0.000388905558624361,9.40584913730565e-06,0.00790199192254422,0.00077923509755049
10.3159257830918,3.79240752184188e-06,6.61899978335395e-08,0.999999999999998,-9.84520048862251e-05,1.31800806316284e-05,0.00198422600331404,0.000162207096681852
10.3189795667436,-2.8567067310949e-06,-4.98589382214903e-08,0.999999999999999,-3.80016888179048e-05,1.54783854190508e-05,0.000752608910597091,-0.000197183973630113
10.3231393830216,-3.52190163543059e-05,-6.14687794696329e-07,0.999999999999811,-0.000135782164099091,2.68974928892909e-05,0.00274509899169477,-0.00193571434920288
10.32723196827,-0.000104905543467029,-1.83094713709266e-06,0.999999999998324,-0.000297186073980075,5.15916439559266e-05,0.00603387579436734,-0.00578681561240072
10.3296213987582,-4.52673786146951e-06,-7.90064800573299e-08,0.999999999999997,0.000733204278449513,1.58420249245319e-05,-0.0149615647775989,-0.000319798054262052
10.3320108292464,2.93968043912526e-06,5.13071026192086e-08,0.999999999999999,5.45375072921432e-05,1.31353807922921e-05,-0.00113275700865095,0.000102442375016845
10.3353303109405,8.25741279855276e-06,1.44119041031064e-07,0.99999999999999,2.79597681104642e-05,1.11729243172314e-05,-0.000591193642848924,0.000390107357154304
10.339635318158,4.17476068849233e-05,7.286331949701e-07,0.999999999999735,0.000135775417879075,-8.29513095288327e-07,-0.00278801795349186,0.0022120019476787
10.3428694010322,2.09694386815862e-06,3.65985747288739e-08,0.999999999999999,-0.00021398172130217,1.32028561383012e-05,0.00433890218021776,0.000106226348754208
10.3461034839063,-4.25699297590199e-05,-7.42985436637545e-07,0.999999999999724,-0.000241052577100388,2.90191619504877e-05,0.00489050727137486,-0.00230354094753638
10.3489400436201,-2.44709655462269e-05,-4.27098919923738e-07,0.999999999999909,0.000111362547801162,2.25220183423357e-05,-0.00229050126343076,-0.00136669655158106
10.3519102100797,-7.06488441915445e-06,-1.23305494387092e-07,0.999999999999992,0.000102281616086504,1.62687320134382e-05,-0.00210536561297009,-0.000442037886269567
10.3553909730384,1.13885658476004e-05,1.98767971120804e-07,0.99999999999998,9.25295601367162e-05,9.63231669527921e-06,-0.00190659789158806,0.00053758224599422
10.3588717359971,4.43981406951273e-05,7.74893736893578e-07,0.9999999999997,0.000165517092835713,-2.18050103087226e-06,-0.00339374380454572,0.00231852057190391
10.3620690889259,3.48309764384612e-05,6.07915220535679e-07,0.999999999999815,-5.22239865519173e-05,1.15488319447061e-06,0.00104317049120493,0.00183745780419907
10.365459225722,-1.54703464329046e-06,-2.70008481678345e-08,1,-0.000187283318313507,1.40213601142589e-05,0.00379526777052984,-8.35110530118848e-05
10.3681683815331,-1.49208475370272e-05,-2.60417916709207e-07,0.999999999999966,-8.6158598771647e-05,1.87206997518047e-05,0.00173461401453266,-0.000840221999389015
10.3708775373443,-6.67004036703323e-06,-1.16414165645661e-07,0.999999999999993,5.3154473608245e-05,1.57297608442586e-05,-0.00110401140283402,-0.000410959585781922
10.3744489785411,-7.62815049035321e-06,-1.33136341894283e-07,0.999999999999991,-4.68219279749086e-06,1.5996071034882e-05,7.45665897725437e-05,-0.000472972565195865
10.3779602724548,9.80794170927468e-06,1.71180875670523e-07,0.999999999999985,8.66681129657917e-05,9.7221536972051e-06,-0.00178678216405558,0.000450302666812247
10.3814715663684,4.67505196456885e-05,8.15950494835467e-07,0.999999999999667,0.000183627356473202,-3.48869919247413e-06,-0.00376238879869932,0.00243962307476233
10.3846492357775,3.78836444646403e-05,6.6119432856285e-07,0.999999999999781,-4.87011536918024e-05,-4.00712480725365e-07,0.000971777209718131,0.00199804840777715
10.387916137001,3.0084484121032e-06,5.25073301675961e-08,0.999999999999999,-0.000186319376297625,1.19351085951251e-05,0.00377600062927399,0.000149413302529366
10.3907312205283,-1.47636037506576e-05,-2.57673494908757e-07,0.999999999999967,-0.000110185300745766,1.8197565844314e-05,0.00222460796936602,-0.000832642131455285
10.3935463040556,-8.79510209730973e-06,-1.53503489647113e-07,0.999999999999988,3.70042324686481e-05,1.60171884573803e-05,-0.00077453381607139,-0.000526589008745173
10.3970694208927,-8.86085963207747e-06,-1.54651175136805e-07,0.999999999999988,-3.25758566281014e-07,1.59685262599159e-05,-1.38122576441705e-05,-0.000542522432697838
10.4004832564473,9.96373247438928e-06,1.73899937465974e-07,0.999999999999985,9.62410483293942e-05,9.20418652561189e-06,-0.00198144861579776,0.00045770169108223
10.4038970920019,3.8586522868534e-05,6.73461870951954e-07,0.999999999999773,0.000146334504251951,-1.04445545048946e-06,-0.00300209011596049,0.00200304713335243
10.4071036158534,3.27898345638298e-05,5.72290574323037e-07,0.999999999999836,-3.15517056212933e-05,9.52296241060103e-07,0.000622715371551064,0.00172103806544855
10.4105068130606,2.12168183835614e-06,3.70303337590808e-08,0.999999999999999,-0.000157281581985714,1.17905208625729e-05,0.00318471835791857,0.000105926969096727
10.4132453363122,-1.38400796172236e-05,-2.41554958058705e-07,0.999999999999971,-0.000101728291575316,1.74118028100286e-05,0.00205266905961372,-0.000784890405000699
10.4159838595637,-6.92896533451014e-06,-1.20933258843752e-07,0.999999999999993,4.40462571013074e-05,1.48988622415198e-05,-0.000917626157492573,-0.000427481185487083
10.4195477787328,-8.17750010519957e-06,-1.42724301417915e-07,0.99999999999999,-6.11434814876558e-06,1.5271442845488e-05,0.000104542383338736,-0.000505237512488489
10.4230909581828,9.84348700120114e-06,1.71801258048222e-07,0.999999999999985,8.87692999770096e-05,8.79166517575545e-06,-0.00182880313042012,0.000447392491403001
10.4266341376328,5.33089993049455e-05,9.30417558814534e-07,0.999999999999567,0.000214106090724356,-6.73682370225377e-06,-0.00438264251001217,0.00278546182430929
10.4297527139794,3.96824042462582e-05,6.92588609204529e-07,0.99999999999976,-7.62620257369784e-05,-1.95235789253957e-06,0.00153418267757697,0.00209125301053748
10.4329106096965,4.64224878709603e-06,8.10225260315389e-08,0.999999999999997,-0.00019366253288706,1.04468755737306e-05,0.00392642271212487,0.000226883218521485
10.4358325832613,-1.50929807684813e-05,-2.6342220835018e-07,0.999999999999965,-0.000117880852359808,1.74077224441097e-05,0.00238224156249412,-0.00085215080184467
10.438754556826,-1.16765344216726e-05,-2.03793970880638e-07,0.999999999999979,2.04068367317037e-05,1.61351293441369e-05,-0.000435525192746158,-0.000683838122893897
10.4422293709104,-1.02985694683049e-05,-1.79743945467281e-07,0.999999999999984,6.92124091512881e-06,1.55768270045766e-05,-0.000160671139808067,-0.000624556056080826
10.4455322981172,1.00321437504767e-05,1.75093939479191e-07,0.999999999999985,0.000107431336727625,8.28182343356703e-06,-0.0022086480004371,0.000459938782022252
10.4488352253241,3.04388303855087e-05,5.31257810683196e-07,0.999999999999859,0.0001078327946389,9.6010055749833e-07,-0.00221673758382352,0.00156640317861082
10.4520851461209,2.78399259894897e-05,4.85898372028116e-07,0.999999999999882,-1.39570904926936e-05,1.82134746866636e-06,0.000265005507831106,0.00145092041805233
10.4556627930063,1.05389568942025e-06,1.8393949752959e-08,1,-0.000130673718579165,1.12784165318703e-05,0.00264337688044681,5.47531174999399e-05
10.4583058546384,-1.26135858469413e-05,-2.20148603512082e-07,0.999999999999976,-9.02523612626766e-05,1.60878198482672e-05,0.0018196334349079,-0.000721383821133577
10.4609489162706,-5.11721800118561e-06,-8.93123026630118e-08,0.999999999999996,4.95017971799043e-05,1.33708413040151e-05,-0.00102796639745165,-0.000331941981661032
10.4645495735166,-7.52803426200038e-06,-1.31388984074848e-07,0.999999999999991,-1.16858335956445e-05,1.41590238980659e-05,0.000218899645314489,-0.000470029345348108
10.4683196410168,9.02943644669779e-06,1.57593395594453e-07,0.999999999999988,7.66517786881306e-05,8.19828355943312e-06,-0.0015810699246686,0.000395400810747681
10.4712713563291,2.0188318653857e-05,3.52352630951587e-07,0.999999999999938,6.59817139373542e-05,4.17357559404507e-06,-0.00136351495304785,0.00101509181391816
10.4742230716413,1.28460956190154e-05,2.24206664577837e-07,0.999999999999975,-4.3414067014558e-05,6.72868965457537e-06,0.000865637024657999,0.000633989965517545
10.4779210662806,8.4750673810199e-06,1.4791783012717e-07,0.999999999999989,-2.06297850303092e-05,8.21322189836145e-06,0.00040144250833552,0.000421387240761201
10.4808048378607,-8.19350665963086e-06,-1.4300366849464e-07,0.99999999999999,-0.000100882296164516,1.40866482394512e-05,0.00203671690971368,-0.00048687149670174
10.4836886094409,-7.08551093944329e-06,-1.23665495079362e-07,0.999999999999992,6.70586170840893e-06,1.36382193275678e-05,-0.000155500843051013,-0.000437985121063043
10.4873743546059,-1.22181601537877e-05,-2.1324712321957e-07,0.999999999999977,-2.4304889277641e-05,1.53943103964114e-05,0.000476454825345377,-0.000726481015102646
10.4908956058236,8.48154610326898e-06,1.48030905161738e-07,0.999999999999989,0.000102599333603101,7.96672264991713e-06,-0.00210936036294062,0.00036553642670295
10.4944168570412,6.04743024782104e-05,1.05547569109154e-06,0.999999999999443,0.000257705210403112,-1.05895158620053e-05,-0.00526978547251708,0.00315909709439029
10.4974121893438,3.90556709994339e-05,6.81650050515733e-07,0.999999999999768,-0.000124802727315028,-3.02766050674275e-06,0.00252454639131894,0.00204963656222498
10.5004034700835,7.44839657325716e-06,1.299990441976e-07,0.999999999999992,-0.000184419669805504,8.15774020305423e-06,0.00373933498156842,0.00036212088645319
10.5035481351056,-1.36985620369451e-05,-2.39085010333391e-07,0.999999999999971,-0.000117368321248857,1.5620318102794e-05,0.00237309152083059,-0.000777897202104079
10.5066928001277,-1.98070102977387e-05,-3.45697544671956e-07,0.99999999999994,-3.39026680394106e-05,1.77347564780066e-05,0.000672389065407389,-0.00112129867532137
10.5100697917677,-1.60021097676608e-05,-2.79289502711221e-07,0.999999999999961,1.96648523416201e-05,1.63195385496272e-05,-0.000419076527045438,-0.000937062545536114
10.5133323723454,1.02532139908122e-05,1.78952343051219e-07,0.999999999999984,0.000140453801784982,6.92245995357338e-06,-0.00288025946712048,0.000463753409701461
10.5165949529231,3.45046623653716e-05,6.02219965564673e-07,0.999999999999819,0.000129733998115329,-1.76163967658456e-06,-0.00266172725039071,0.00177890006650173
10.5197012528517,2.60142265757964e-05,4.54033906107442e-07,0.999999999999897,-4.77050068771391e-05,1.20162192191755e-06,0.000953952183174725,0.00134711826784457
10.5231161545151,5.36371023396728e-06,9.36144037056443e-08,0.999999999999996,-0.000105543157000724,8.48409172497207e-06,0.00213255622588349,0.000263946497360901
10.5259640522875,-1.26891994766183e-05,-2.21468310309328e-07,0.999999999999975,-0.000110636946685404,1.48529214087114e-05,0.00223632664956289,-0.000727282474067072
10.52881195006,-8.56328606704303e-06,-1.49457536660056e-07,0.999999999999989,2.5285589372671e-05,1.33343181735861e-05,-0.000533236568328082,-0.000519048181858672
10.5323711772467,-9.79185461693368e-06,-1.709001029421e-07,0.999999999999985,-6.02450058869386e-06,1.37074074907586e-05,0.000104823125244257,-0.000597785376733005
10.5357984793584,9.88086841130244e-06,1.72453686733528e-07,0.999999999999985,0.000100181944424553,6.64979779974305e-06,-0.00205923185674886,0.000446491861924624
10.53922578147,4.22404279953156e-05,7.37234545969778e-07,0.999999999999728,0.000164788758281995,-4.91939843337678e-06,-0.0033755986067843,0.0021920497760656
10.5423804392196,3.36277056311016e-05,5.86914183154126e-07,0.999999999999828,-4.76502919654049e-05,-1.91211408025629e-06,0.000953283871626157,0.00176030507783505
10.5456907529917,4.12429327706156e-06,7.19824970025908e-08,0.999999999999997,-0.000155553739492348,8.52211261589718e-06,0.00315203555141062,0.000200892088045717
10.5485219271307,-1.39798168670122e-05,-2.43993833155198e-07,0.99999999999997,-0.000111606109212533,1.49106653983793e-05,0.0022565029450012,-0.000796375682939578
10.5513531012697,-8.77855376963115e-06,-1.53214666843423e-07,0.999999999999988,3.20641408315473e-05,1.30111543674165e-05,-0.000670926950338877,-0.00053108920556
10.5548847279456,-9.16713280152039e-06,-1.59996650354102e-07,0.999999999999987,-1.92035685905627e-06,1.30875422148194e-05,2.16296495675195e-05,-0.000564441054464535
10.5583006360341,1.00278756929232e-05,1.75019447822217e-07,0.999999999999985,9.80752671022628e-05,6.20152011925627e-06,-0.00201586867010493,0.000455343226242875
10.5617165441226,3.97498819073944e-05,6.93766316562901e-07,0.999999999999759,0.000151862068680157,-4.42797148197272e-06,-0.00311176159482081,0.00205978709900814
10.5649044929014,3.29976809113014e-05,5.75918177424661e-07,0.999999999999834,-3.69667605459718e-05,-2.08156794650117e-06,0.000736022972227276,0.00172693848958349
10.5682774903134,2.93330582188054e-06,5.11958445597337e-08,0.999999999999999,-0.000155565590118992,8.55254782827401e-06,0.00315271981442866,0.000141886938457917
10.571047543573,-1.38342123261553e-05,-2.41452554511391e-07,0.999999999999971,-0.000105647210232618,1.4468012435456e-05,0.00213550572961334,-0.000788996381095437
10.5738175968326,-7.44623350465237e-06,-1.299612915285e-07,0.999999999999992,4.02487795485634e-05,1.21487402298623e-05,-0.000837266286331089,-0.000459663616884911
10.5773720793985,-8.42630734792284e-06,-1.47066807006244e-07,0.999999999999989,-4.81237849969277e-06,1.24366409095291e-05,8.09965091480505e-05,-0.000523476191901501
10.5808660797334,9.97238731758689e-06,1.74050992976016e-07,0.999999999999985,9.1905486320156e-05,5.8339702928773e-06,-0.001889716652483,0.000451186776510082
10.5843600800683,4.74716616236589e-05,8.2853679672539e-07,0.999999999999657,0.000187317040931881,-7.56125137984412e-06,-0.0038337780162475,0.0024709431413033
10.5875083468967,3.70095281181355e-05,6.4593812027084e-07,0.999999999999791,-5.7999746020736e-05,-3.8933625471557e-06,0.00116505017921702,0.00194345608231151
10.5907515702262,3.96973740743043e-06,6.92849881992445e-08,0.999999999999998,-0.000177802474112041,7.8025361669922e-06,0.00360625757961023,0.000191273321876734
10.5936088180356,-1.4597652868095e-05,-2.54777105611448e-07,0.999999999999968,-0.000113417566630195,1.43578925364593e-05,0.00229429045241258,-0.000829506036502594
10.5964660658451,-9.64072290727782e-06,-1.68262357004437e-07,0.999999999999986,3.02790497624893e-05,1.25473130192249e-05,-0.000633679553879453,-0.000577737792007946
10.5999767310232,-9.34328847764628e-06,-1.63071146898575e-07,0.999999999999987,1.47869701113635e-06,1.23831603247597e-05,-4.67582882845719e-05,-0.000574856513973442
10.603344593611,1.00561298406985e-05,1.7551257572824e-07,0.999999999999985,0.000100533710563936,5.42823173085986e-06,-0.00206508680579019,0.000457765212694627
10.6067124561989,3.50335455212026e-05,6.1145071799226e-07,0.999999999999813,0.000129440596488626,-3.51012274447303e-06,-0.00265401400507198,0.00180857958002855
10.6099374512847,3.0734222612206e-05,5.36413377623862e-07,0.999999999999856,-2.3267427816565e-05,-2.03389538996628e-06,0.000457745613626311,0.00160487817300919
10.6134118300796,1.76236357040824e-06,3.07590469208267e-08,1,-0.000145538054584363,8.21300948752611e-06,0.00294927682970251,8.52846952012851e-05
10.6161100247885,-1.32667829484645e-05,-2.31549043598145e-07,0.999999999999973,-9.72161459131756e-05,1.3513800321296e-05,0.00196456942723891,-0.000758758736904594
10.6188082194974,-6.0411969124374e-06,-1.05438776883348e-07,0.999999999999994,4.6738756954996e-05,1.09002310791717e-05,-0.000968636263920947,-0.000384028481671976
10.6223890905457,-7.8194360702774e-06,-1.36474905075547e-07,0.999999999999991,-8.66720073788009e-06,1.14746741923837e-05,0.000160419938462316,-0.000489149812118477
10.6260191259725,9.69961369515247e-06,1.69290195151943e-07,0.999999999999986,8.42319879225935e-05,5.18567741551125e-06,-0.00173248909100687,0.00043355250410668
10.6296491613993,6.65599915943933e-05,1.16169100342165e-06,0.999999999999325,0.000273385984320562,-1.50942444321848e-05,-0.005586700806846,0.00348639167937576
10.6327042187032,4.50776355154065e-05,7.86753158757694e-07,0.99999999999969,-0.000122726943346076,-7.50283512814952e-06,0.00248486641941357,0.00237781837869337
10.6357014962085,6.15869905356556e-06,1.07489576124177e-07,0.999999999999994,-0.000226626857687179,6.29059080112756e-06,0.00460198493635291,0.000297559182347295
10.6394367740646,-6.12636316015991e-05,-1.06925208317655e-06,0.999999999999428,-0.000315034571626425,3.02095318951376e-05,0.0064035239185682,-0.00329167297606928
10.6424985178862,-6.35575696922986e-05,-1.10928885569614e-06,0.999999999999385,-1.30764606225907e-05,3.09767124364716e-05,0.000250569801405849,-0.00347314641026045
10.6451432810652,-1.20132277316634e-05,-2.09670377709414e-07,0.999999999999978,0.000340150863082405,1.26039289807766e-05,-0.00694685391930269,-0.000716920466037561
10.6491767295424,2.09644115094087e-05,3.65898006582167e-07,0.999999999999933,0.00014269883141996,8.12321845253202e-07,-0.00292345550020689,0.00099209320596687
10.6516720533463,1.59109944261124e-05,2.77699240002124e-07,0.999999999999961,-3.53456198519158e-05,2.57092699290077e-06,0.000704760298002107,0.000781537228193742
10.6541673771502,5.60111015288384e-06,9.77578139347058e-08,0.999999999999995,-7.21114533457593e-05,6.19878241459429e-06,0.00145386158542831,0.000239643679943918
10.6578640791279,8.5990568350819e-06,1.50081854338302e-07,0.999999999999989,1.41542490357218e-05,5.07538183370454e-06,-0.000303892655577401,0.000407756525995696
10.6617171770884,-6.27908567761478e-06,-1.09590719089197e-07,0.999999999999994,-6.73931927220937e-05,1.03073527344553e-05,0.00135786085752768,-0.00036690947227869
10.6646670398619,-1.74557354166161e-05,-3.04660056376931e-07,0.999999999999954,-6.61282752006288e-05,1.42368045432657e-05,0.00133207952727769,-0.000987166003832272
10.6676169026353,-1.03932602529982e-05,-1.81396611431476e-07,0.999999999999984,4.17861624121239e-05,1.16799342966729e-05,-0.000866775997037332,-0.000620906508174372
10.671321405237,-6.51794396682478e-06,-1.13759582681592e-07,0.999999999999994,1.82580594542019e-05,1.02451861056814e-05,-0.000387298470336411,-0.000434732319799904
10.6742014323634,1.00474311928185e-05,1.75360755682263e-07,0.999999999999985,0.000100388060834763,4.310298706372e-06,-0.00206070538192143,0.000467658922422503
10.6770814594897,9.05940789249833e-06,1.58116496005256e-07,0.999999999999987,-5.98753376985641e-06,4.61821475344946e-06,0.000106914287112898,0.000424948566341698
10.6807803515448,1.45632965050325e-05,2.54177473956998e-07,0.999999999999968,2.59702031092977e-05,2.60523143436506e-06,-0.000544212507169263,0.000733127612165783
10.6843227138895,-6.00488605303057e-06,-1.0480503283247e-07,0.999999999999995,-0.000101339860765882,9.86711705429518e-06,0.00205001208611278,-0.00035059075868723
10.6878650762341,-6.21806127502664e-05,-1.0852564233995e-06,0.999999999999411,-0.000276778967021003,2.97925298009644e-05,0.00562489401366399,-0.00336709097139529
10.6908387067883,-3.80989578318073e-05,-6.64952255743468e-07,0.999999999999779,0.000141343774889024,2.11837838988142e-05,-0.00289502873515552,-0.0021170721537027
10.6937827431698,-5.46720976160234e-06,-9.5420811237135e-08,0.999999999999995,0.000193452583703436,9.53509619290713e-06,-0.00395670643859759,-0.00037310277458621
10.6969722789815,1.57141994282741e-05,2.74264519338391e-07,0.999999999999962,0.000115905684212109,1.9551986076949e-06,-0.00237648925507538,0.000766459209278079
10.7001618147932,2.43568541035655e-05,4.25107299535098e-07,0.99999999999991,4.7293019768836e-05,-1.16517313405105e-06,-0.00097831531794931,0.00124588382587096
10.7035141386239,1.97305997252636e-05,3.44363928598931e-07,0.999999999999941,-2.40857909362871e-05,4.31238918363388e-07,0.0004762105730391,0.00101883605799517
10.7067779987047,-7.97289091551881e-06,-1.39153197378148e-07,0.99999999999999,-0.000148142724873892,1.02362322588254e-05,0.003004109581209,-0.000458700522751893
10.7100418587855,-3.41999396952919e-05,-5.96901551666315e-07,0.999999999999822,-0.000140247542160497,1.95162207133004e-05,0.00284325560064928,-0.00188025367453518
10.71311011926,-2.37941099623659e-05,-4.15285561424858e-07,0.999999999999914,5.91918423316658e-05,1.57711135041514e-05,-0.00122059624344962,-0.00134636890366197
10.7164707017506,-3.75361465589354e-06,-6.55129345964562e-08,0.999999999999998,0.000104080952576277,8.59555419599849e-06,-0.00213521296629795,-0.000292474923602413
10.7193775879815,1.48918049233839e-05,2.59911027477749e-07,0.999999999999966,0.000111949328669917,1.92304493404738e-06,-0.00229541465741508,0.000726192259468886
10.7222844742125,1.21790045120084e-05,2.1256372834979e-07,0.999999999999977,-1.6287978051537e-05,2.84647165771035e-06,0.000317668684048399,0.00059404042402042
10.7258231530671,1.29832534144657e-05,2.26600519703221e-07,0.999999999999974,3.96667568038706e-06,2.51031724493881e-06,-9.499432601238e-05,0.000651363700316306
10.7291926466753,-7.6932986031036e-06,-1.34273390963238e-07,0.999999999999991,-0.000107100339883025,9.81615532187469e-06,0.00216823028222002,-0.000448400104090953
10.7325621402834,-3.53672276561725e-05,-6.17274569902567e-07,0.999999999999809,-0.000143345331705399,1.96106315821397e-05,0.00290680956823211,-0.00194387202765823
10.7357338822113,-2.8636491993689e-05,-4.99801071510848e-07,0.999999999999875,3.703753365323e-05,1.71723715689834e-05,-0.000768744768215332,-0.00161016585542182
10.7391241700606,-1.62154278043488e-06,-2.83012604805321e-08,1,0.000139073681050153,7.51741537489795e-06,-0.00284782786095974,-0.000188246570235911
10.7419112670547,1.56611115638255e-05,2.7333796131091e-07,0.999999999999963,0.00010822702705913,1.33251652954216e-06,-0.00221911862362883,0.00076806151893417
10.7446983640487,9.86447717995868e-06,1.72167605778123e-07,0.999999999999985,-3.62995459967055e-05,3.35555811350757e-06,0.000725859770321752,0.000470417538809842
10.7482550590425,1.09686398114735e-05,1.91438879175541e-07,0.999999999999982,5.41830925370964e-06,2.91397125032956e-06,-0.000124156517202157,0.000541254949169724
10.7517415929369,-7.7219198641901e-06,-1.3477292620527e-07,0.999999999999991,-9.3563354111556e-05,9.51334873222626e-06,0.0018928189662962,-0.000448907344964391
10.7552281268312,-4.51084466433452e-05,-7.87290914386476e-07,0.99999999999969,-0.000187153777347497,2.27618438186385e-05,0.00379990428540175,-0.00246266262767931
10.758369583596,-3.4404830102164e-05,-6.00477563871984e-07,0.99999999999982,5.94671085743309e-05,1.89123961581399e-05,-0.00122537024975769,-0.00192185347063902
10.7616093353542,-1.99062506514665e-06,-3.47429615595357e-08,0.999999999999999,0.000174622824384321,7.34076145942747e-06,-0.00357176585199691,-0.000202746321727194
10.7644765374043,1.67524005613712e-05,2.9238454740887e-07,0.999999999999957,0.00011409293912579,6.36561884405439e-07,-0.0023382375771828,0.000826633525676297
10.7673437394545,1.20799113220095e-05,2.10834225918005e-07,0.999999999999978,-2.84424746022953e-05,2.25991873349767e-06,0.000566181531926137,0.000590241259944194
10.7708516955034,1.17223919081701e-05,2.04594335006708e-07,0.999999999999979,-1.77878252301533e-06,2.34031840900382e-06,2.29192368391408e-05,0.000584448785602651
10.7742122507213,-7.84804655209445e-06,-1.36974252183836e-07,0.999999999999991,-0.000101640522187802,9.25572158288327e-06,0.00205781566599443,-0.000457405777025604
10.7775728059392,-3.24069521011909e-05,-5.65608014701845e-07,0.99999999999984,-0.000127548495627181,1.79453194714676e-05,0.0025857625675192,-0.00178579492725327
10.7807978322303,-2.81950423046991e-05,-4.9209632095607e-07,0.999999999999879,2.2794137817922e-05,1.64048111473332e-05,-0.000477673105606928,-0.00158635334416492
10.7842794590822,3.9968421264988e-07,6.97580547898157e-09,1,0.00014334451900516,6.18962776358614e-06,-0.0029340259075423,-8.71605561335825e-05
10.7869757847784,1.54048915837045e-05,2.68866079048403e-07,0.999999999999964,9.71285753552056e-05,8.18240133434501e-07,-0.00199211380051081,0.000755776291675845
10.7896721104747,8.19388526980713e-06,1.43010276488798e-07,0.99999999999999,-4.6676780455385e-05,3.34778746858325e-06,0.00093814606250134,0.000381898510077638
10.7932545751708,1.00152345932985e-05,1.74798819012693e-07,0.999999999999985,8.8733721670025e-06,2.65375613620054e-06,-0.000193730124719093,0.000489424238646577
10.796890381797,-7.47905131590246e-06,-1.30534070388112e-07,0.999999999999991,-8.39794083661564e-05,8.8286988024531e-06,0.00169836938570385,-0.00043156651733995
10.8005261884232,-6.54020718248392e-05,-1.14148149096901e-06,0.999999999999349,-0.000278053132226615,2.93817866211973e-05,0.00565296505890019,-0.0035409174222882
10.8035764062848,-4.3266978567047e-05,-7.55151233384717e-07,0.999999999999715,0.000126656611139089,2.14705828418319e-05,-0.00259365204007114,-0.00239774016386044
10.806562393522,-4.07390674027649e-06,-7.11030860370142e-08,0.999999999999997,0.000229086092134242,7.49409366752192e-06,-0.00468069287098205,-0.000302147985848664
10.8103047447375,6.28020617201828e-05,1.09610275405766e-06,0.999999999999399,0.000311891047336754,-1.6336982969291e-05,-0.00636794230811398,0.00325742146552769
10.8133772688082,6.69005763237247e-05,1.16763532833049e-06,0.999999999999318,2.3281371480764e-05,-1.78328607571042e-05,-0.000486856328349804,0.00353569815652698
10.8160213645837,1.44700978391868e-05,2.52550850379523e-07,0.999999999999968,-0.000346085980101843,7.80394032690813e-07,0.00703955392318961,0.00073235486779322
10.8200220853297,-1.77134854147074e-05,-3.09158642490632e-07,0.999999999999952,-0.000140402074660011,1.21766019633947e-05,0.00284853871447309,-0.000936547390760249
10.8225357587015,-1.38862884272302e-05,-2.4236145393675e-07,0.999999999999971,2.65735354886241e-05,1.07840236392904e-05,-0.000554001303309676,-0.000789310422441937
10.8250494320734,-3.5922571505817e-06,-6.26967148559604e-08,0.999999999999998,7.14749740726944e-05,7.09196293005439e-06,-0.00146879095373741,-0.000248068761569996
10.8287501757009,-6.46031106575775e-06,-1.12753698800496e-07,0.999999999999994,-1.35261960792155e-05,8.06640881901861e-06,0.000263310833455722,-0.000409420028493647
10.8325294155964,8.82441987043678e-06,1.54015181317533e-07,0.999999999999988,7.05879720515074e-05,2.58424378136582e-06,-0.00145059990613737,0.000390300414742713
10.8355399529643,2.08703933096442e-05,3.6425707943948e-07,0.999999999999934,6.983533915154e-05,-1.7362985368473e-06,-0.00143513990696551,0.00105508563562391
10.8385504903323,1.43406704289161e-05,2.5029191592797e-07,0.999999999999969,-3.78554223319975e-05,5.49525353482268e-07,0.000759274378931171,0.000718547746356225
10.8422488258014,7.92166822236822e-06,1.38259192730931e-07,0.99999999999999,-3.02927422712665e-05,2.78792448109964e-06,0.000605245020723836,0.000399623891248085
10.8450922074108,-9.27985794051666e-06,-1.61964075179355e-07,0.999999999999987,-0.000105586695405737,8.87123710792e-06,0.00213946401242254,-0.000540953614264515
10.8479355890201,-6.95719720828957e-06,-1.2142599799521e-07,0.999999999999993,1.42569949283731e-05,8.01117883167093e-06,-0.00030247725926636,-0.000427317680441167
10.8515948082299,-1.1102439968512e-05,-1.93774132455548e-07,0.999999999999981,-1.97714677130622e-05,9.44181207864425e-06,0.000390966806024178,-0.000661800088378449
10.8551353725499,8.77019891075626e-06,1.53068847047516e-07,0.999999999999988,9.79626263376247e-05,2.3323681007872e-06,-0.00200799740813243,0.000386664183199272
10.8586759368698,6.07317125511205e-05,1.05996834439162e-06,0.999999999999438,0.000256145465914884,-1.61887718066455e-05,-0.00523112651926306,0.00317861282439181
10.861690751065,3.99440050173234e-05,6.97154403985372e-07,0.999999999999757,-0.000120343715040425,-8.83093835279736e-06,0.00244055950962908,0.00210349034766871
10.8646956466939,7.02607569949183e-06,1.22628154450496e-07,0.999999999999992,-0.000191196740420082,2.84096920590957e-06,0.00388429716051397,0.000346190936275715
10.8678111751394,-1.43249320391659e-05,-2.50017229207867e-07,0.999999999999969,-0.00011960904552041,1.03980245611894e-05,0.0024256094872722,-0.000806410371652861
10.8709267035849,-1.88446403796732e-05,-3.28901020979566e-07,0.999999999999946,-2.53195543393448e-05,1.19693448790565e-05,0.000504351138290793,-0.001064588360192
10.8743109168329,-1.50331360558599e-05,-2.62377721075026e-07,0.999999999999966,1.96569468377702e-05,1.05748365525665e-05,-0.000412062782182709,-0.000879003333874631
10.8775653546132,1.0196988007028e-05,1.77971014509013e-07,0.999999999999984,0.000135307160654788,1.56479075312393e-06,-0.00276854142177843,0.000468101159143194
10.8808197923936,3.23350846285869e-05,5.64353690679819e-07,0.999999999999841,0.000118724861942737,-6.34531548410906e-06,-0.00243055998336903,0.00166985100189361
10.8839617006009,2.5600996236903e-05,4.46821676124621e-07,0.9999999999999,-3.74078447869713e-05,-3.98586031967494e-06,0.00075096247526249,0.00133170593984666
10.8874363284645,4.50768018182043e-06,7.8673860799663e-08,0.999999999999997,-0.000105953163842643,3.47674984815747e-06,0.00214774371839789,0.000228942584712388
10.8902263556665,-1.27154111717194e-05,-2.21925790691373e-07,0.999999999999975,-0.000107740760119569,9.57051272230008e-06,0.00218412310457422,-0.000722258994746853
10.8930163828684,-7.47190317310981e-06,-1.30409311760978e-07,0.999999999999991,3.28012855454738e-05,7.67450271764838e-06,-0.000679566852729939,-0.000453637553888094
10.8965954128115,-9.14843666559599e-06,-1.59670341224821e-07,0.999999999999987,-8.17568724746536e-06,8.23091869956212e-06,0.000155465584464113,-0.000554954997781887
10.9000965502362,9.66124851305719e-06,1.68620596406254e-07,0.999999999999986,9.3766938514213e-05,1.50271407306392e-06,-0.00192171966145733,0.000440896838293255
10.9035976876609,4.97283658237336e-05,8.67923715260265e-07,0.999999999999623,0.000199735981204815,-1.27851273371552e-05,-0.00408091419361197,0.00259804070443639
10.9067164368832,3.73421035211215e-05,6.51742656064091e-07,0.999999999999788,-6.93165893713722e-05,-8.41400475909291e-06,0.00140156269916523,0.00196836508638192
10.9099081207075,4.76048420672269e-06,8.30861233965013e-08,0.999999999999997,-0.000178168190826524,3.13863876642235e-06,0.00361960775610722,0.00023771696177323
10.9128210594336,-1.4780654552765e-05,-2.57971087545636e-07,0.999999999999967,-0.000117083551360445,1.00565625536916e-05,0.00237489505885801,-0.000830835885358601
10.9157339981596,-1.13177353474973e-05,-1.97531745683171e-07,0.99999999999998,2.07485798866341e-05,8.79353369959277e-06,-0.000433592661184604,-0.000659499174665427
10.9192199181117,-1.0377603844754e-05,-1.81123355558579e-07,0.999999999999984,4.70704730743534e-06,8.42171686451644e-06,-0.000106662470791827,-0.000623174750334964
10.9225425228965,9.93266413278534e-06,1.7335769261185e-07,0.999999999999985,0.000106687695688175,1.16311654706361e-06,-0.00218461140810601,0.000459674962292257
10.9258651276813,3.20699131956406e-05,5.59725576092675e-07,0.999999999999843,0.00011628463464899,-6.74494254733451e-06,-0.00238007816356267,0.00165906117788298
10.9290972603314,2.8549584888973e-05,4.98284256390179e-07,0.999999999999876,-1.90095291110609e-05,-5.52697154225234e-06,0.000376831998232514,0.00149530715177431
10.9326282363883,1.54203284246853e-06,2.69135502749628e-08,1,-0.000133495865878015,4.04106994842396e-06,0.00270974408673233,8.40806449262917e-05
10.9353033126779,-1.30071122959784e-05,-2.27016935741461e-07,0.999999999999974,-9.4924577293915e-05,9.18712646357972e-06,0.0019237045818916,-0.000735863950991172
10.9379783889674,-5.74571236818422e-06,-1.00281598697375e-07,0.999999999999995,4.73763449432128e-05,6.57678064026286e-06,-0.000975802384961613,-0.000358908740155379
10.9415712583292,-7.87921319735863e-06,-1.37518212760497e-07,0.999999999999991,-1.03640322854624e-05,7.29827410880749e-06,0.000200812608500629,-0.000482459375379488
10.9452613036704,9.27137327412899e-06,1.61815989814957e-07,0.999999999999987,8.1119383341161e-05,1.16076229016883e-06,-0.00166326189821744,0.000418229032669349
10.9489513490116,7.75088379337315e-05,1.35278442133788e-06,0.999999999999085,0.000322751706663422,-2.31448849060021e-05,-0.006586815323131,0.00407758919299619
10.9519603535038,4.89673741009665e-05,8.5464190411756e-07,0.999999999999635,-0.000165550606026213,-1.30248078093771e-05,0.00336326420343728,0.00259631831302064
10.9548483598098,6.90635110446536e-06,1.20538566071667e-07,0.999999999999993,-0.000254190351490339,1.90445737774668e-06,0.00516940186583064,0.000343045562356713
10.9586527004428,-5.53046193241248e-05,-9.65247698767908e-07,0.999999999999534,-0.000285407214968499,2.39909007449658e-05,0.00580559037641536,-0.0029616295180465
10.9618198864216,-7.6191443581686e-05,-1.32979155234753e-06,0.999999999999116,-0.000115100235987184,3.13869995169385e-05,0.00233522717686442,-0.00413864745274904
10.9644556879964,-1.52248914259157e-05,-2.6572448364088e-07,0.999999999999965,0.000403697713399018,9.67858440875266e-06,-0.00823598229699951,-0.000880403277396432
10.9681733001206,1.15164624313365e-05,2.01000187609052e-07,0.99999999999998,0.000125544208394886,1.31227658861914e-07,-0.00256814224587398,0.000517471538956438
10.9708608449525,1.72269133250255e-05,3.00666357477375e-07,0.999999999999955,3.70844678323518e-05,-1.92594887640057e-06,-0.000765448267433178,0.000863487746076455
10.9735483897845,7.63350010737475e-06,1.3322971032503e-07,0.999999999999991,-6.23009689594933e-05,1.45947650810924e-06,0.00125967215291355,0.000360212906565494
10.9772449011851,8.77113839378898e-06,1.53085244119704e-07,0.999999999999988,5.37142501200686e-06,1.01879790396889e-06,-0.000119214728801228,0.000433053341386818
10.9804814634644,-6.42384655193175e-06,-1.12117272974094e-07,0.999999999999994,-8.19395686574341e-05,6.3912506931805e-06,0.00165992566361928,-0.000380132025384633
10.9837180257436,-1.72275701836427e-05,-3.00677821822965e-07,0.999999999999955,-5.82595150596599e-05,1.02021054178597e-05,0.00117743902199057,-0.000969131370157114
10.9872354411337,-2.43288295092934e-05,-4.24618178093513e-07,0.99999999999991,-3.52362011661767e-05,1.2693625380665e-05,0.000708338278674184,-0.00137159667610669
10.9912334585569,1.32408605695821e-05,2.31096612736697e-07,0.999999999999973,0.000164009988308244,-7.06370936893253e-07,-0.00335166031040814,0.00054565698546236
10.9935398098731,1.15755700495292e-05,2.02031810159527e-07,0.99999999999998,-1.26020708001678e-05,-1.35530847712787e-07,0.000247507864549425,0.000554182897932332
10.9958461611893,3.9097158067581e-06,6.82374136451952e-08,0.999999999999998,-5.80112819642429e-05,2.56897160917412e-06,0.00117263247704583,0.000158689103546932
10.9993574224409,7.7147576286165e-06,1.34647921612707e-07,0.999999999999991,1.89135764072899e-05,1.18265592448588e-06,-0.000394819862540459,0.000366310450436031
11,4.49748224977467e-06,7.84958733085699e-08,0.999999999999997,-8.73856354125763e-05,2.32079893220028e-06,0.00177121499434552,0.000192952784180531
11.0032128877955,2.72338572842996e-06,4.7532047762927e-08,0.999999999999999,-9.63738154467566e-06,2.92164802862043e-06,0.000187012163094605,0.000100285044179158
11.0074891590913,-8.58498000753774e-06,-1.49836167349421e-07,0.999999999999989,-4.61542782160784e-05,6.90360792005324e-06,0.000931175693967942,-0.000490607810343711
11.0106602560519,-1.97820484092856e-05,-3.45261877530933e-07,0.99999999999994,-6.16271632839114e-05,1.08563015026327e-05,0.00124647515722797,-0.00110411525028554
11.0138313530125,-1.44503505432412e-05,-2.52206195046907e-07,0.999999999999968,2.93449502300003e-05,8.93087482354595e-06,-0.000607180008367717,-0.000832824199690919
11.0177672194687,4.76382711125728e-06,8.31444680872097e-08,0.999999999999997,8.52037707246842e-05,2.06127574921614e-06,-0.00174538418689695,0.000146121558963521
11.0203257829581,1.33579970801211e-05,2.33141030519899e-07,0.999999999999973,5.86253040255689e-05,-1.0181539148658e-06,-0.00120357758440744,0.000656532264044812
11.0228843464474,5.65233970810503e-06,9.86519383476478e-08,0.999999999999995,-5.25642974002096e-05,1.69915379556606e-06,0.00106204427669184,0.000254821343634568
11.0265568909015,9.08326353640576e-06,1.58532855536624e-07,0.999999999999987,1.63050217465033e-05,4.45921656875924e-07,-0.000341243558616053,0.000446337279221358
11.0305013345487,-5.44048854719177e-06,-9.49544380655391e-08,0.999999999999995,-6.42643972828426e-05,5.57596324846414e-06,0.00130057418750443,-0.000302770042538258
11.0333366927699,-1.55897195159364e-05,-2.72091935015504e-07,0.999999999999963,-6.24744681725802e-05,9.16002715533482e-06,0.00126406035048315,-0.000873237641694476
11.0361720509912,-7.96797072905419e-06,-1.39067323924528e-07,0.99999999999999,4.69163332149857e-05,6.42424891349179e-06,-0.000964879224558164,-0.000475777359488866
11.0398770783587,-7.5926926612065e-06,-1.32517486030063e-07,0.999999999999991,1.76782443009136e-06,6.25804358519509e-06,-4.48594063713479e-05,-0.000471573642344317
11.0426215280425,4.39510977300187e-06,7.67091365254632e-08,0.999999999999997,7.62362756334772e-05,1.97072388825384e-06,-0.00156217828377986,0.000182337238488853
11.0453659777263,3.9611928727095e-06,6.91358579353133e-08,0.999999999999998,-2.75948895506618e-06,2.10113025689548e-06,4.75163998859012e-05,0.000164960046991297
11.0495253551698,1.52836150526307e-05,2.66749404275768e-07,0.999999999999964,4.75103664005464e-05,-1.96158431367655e-06,-0.00097676025456357,0.000781190220317217
11.05,1.014124840746e-05,1.76998174972807e-07,0.999999999999984,-0.000189091344919358,-1.36880382774138e-07,0.00384435648462571,0.000501879253929145
11.052373224151,1.9418349612978e-06,3.38914136049833e-08,0.999999999999999,-6.03005667649435e-05,2.75868031288544e-06,0.00122009574796948,5.94439753853645e-05
11.0578088926212,-2.01530435591731e-05,-3.51736964405401e-07,0.999999999999938,-7.09440577787336e-05,1.05701897666029e-05,0.00143708349702604,-0.00108016850465244
11.0603268730169,-1.08205519370428e-05,-1.88854258184445e-07,0.999999999999982,6.4687837322426e-05,7.22957053540665e-06,-0.00132670581424794,-0.000619381013636285
11.0628448534126,-2.42357975558351e-06,-4.22994464196116e-08,0.999999999999999,5.82033172349292e-05,4.22193314231977e-06,-0.00119446418175861,-0.000175647018451313
11.0669096886161,-6.93421350154133e-06,-1.21024856638141e-07,0.999999999999993,-1.93674297428369e-05,5.79181894662028e-06,0.00038621142696708,-0.000427787223531182
11.0702189550938,7.51440699540618e-06,1.31151143404732e-07,0.999999999999991,7.62029899197427e-05,6.25635806615261e-07,-0.00156112636283555,0.000343273815507378
11.0735282215715,2.21062084571014e-05,3.85826122708626e-07,0.999999999999926,7.69581358947979e-05,-4.59123882640321e-06,-0.00157644440789322,0.00113482936348935
11.0770069921594,2.98708563348179e-05,5.21344793432754e-07,0.999999999999864,3.8955909077399e-05,-7.38127007534922e-06,-0.000802016453351183,0.00157543809868513
11.0808114225174,-3.48117647318894e-06,-6.0757991300111e-08,0.999999999999998,-0.000153006555502886,4.44915958406279e-06,0.00310964547805151,-0.000138508416317419
11.0832207088213,-1.05863795163699e-05,-1.84767178426339e-07,0.999999999999983,-5.14713369389166e-05,6.95593743263475e-06,0.00104046490639054,-0.000596533395269051
11.0856299951251,-2.88949222205559e-06,-5.04311529856372e-08,0.999999999999999,5.57576014223451e-05,4.19895190766734e-06,-0.00114431627349405,-0.000197632653979021
11.0891872920782,-6.51223358603586e-06,-1.13659917735283e-07,0.999999999999994,-1.77743847600621e-05,5.45852679643983e-06,0.000354082019406838,-0.000396301059094976
11.0941527704909,-2.24373244156602e-05,-3.91605186391373e-07,0.999999999999923,-5.59755265361175e-05,1.10816275338853e-05,0.00113243886491045,-0.00135794713613236
11.0963291141871,1.48426052766269e-06,2.59052331651024e-08,1,0.000191840296308505,2.55733398177306e-06,-0.00391679566367483,1.83962331280142e-05
11.0985054578834,1.55873432708363e-06,2.72050461714675e-08,1,5.97246201787333e-07,2.51362560537021e-06,-2.00833978926661e-05,3.71668396951449e-05
11.1,8.48468740348727e-07,1.48085731193342e-08,1,-8.2944956279327e-06,2.75439036111108e-06,0.000161095999277737,1.1468261970926e-06
11.1055062712347,1.887037396465e-05,3.29350156765753e-07,0.999999999999946,5.7124244382307e-05,-3.69831535699188e-06,-0.0011718830117622,0.000957856534312133
11.1086761492078,1.97214248936209e-05,3.4420379757845e-07,0.999999999999941,4.68587148736643e-06,-4.02567016015257e-06,-0.000103270474742583,0.00101914978358111
11.111846027181,6.81072776109739e-06,1.18869623888131e-07,0.999999999999993,-7.1086071956321e-05,5.41290718905462e-07,0.00144073712545964,0.000336651132378242
11.1150228919082,-8.69713058345938e-06,-1.51793564157261e-07,0.999999999999988,-8.51982099603401e-05,6.03192260709518e-06,0.00172831781005429,-0.000496909532233258
11.1181997566354,-1.5383330450611e-05,-2.68489766285462e-07,0.999999999999964,-3.6733135386056e-05,8.3853229111668e-06,0.000740793362684383,-0.000866304359320126
11.1217678361184,-2.0033084990531e-05,-3.49643292416616e-07,0.999999999999939,-2.27443156797695e-05,1.00115866082947e-05,0.000455781241670842,-0.0011369381589445
11.1250414798993,8.41543891007399e-06,1.46877116981234e-07,0.999999999999989,0.000151672094651131,-1.30709941949963e-07,-0.00309816743326641,0.000378488073132952
11.1283151236803,3.80621799441349e-05,6.64310360511657e-07,0.999999999999779,0.000158060338312317,-1.06988564310322e-05,-0.00322825181853645,0.00198290051397266
11.1313461856248,2.65829819734436e-05,4.63960560434873e-07,0.999999999999892,-6.60988801096782e-05,-6.63901156445074e-06,0.00133941336101743,0.00139314452939754
11.1346135836118,7.09706057694948e-06,1.23867074281257e-07,0.999999999999992,-0.000104086948547666,2.66649106315298e-07,0.00211350459855899,0.000364990675498548
11.1376049821824,-1.22354460385227e-05,-2.13548818822317e-07,0.999999999999977,-0.000112795364820091,7.1197740192674e-06,0.00229094343364793,-0.000684175465559153
11.1405963807531,-1.24529690745711e-05,-2.17345312000295e-07,0.999999999999976,-1.26913652201794e-06,7.17498945622258e-06,1.84580675728534e-05,-0.00070915839348626
11.1441029935562,-1.31559391857869e-05,-2.29614454984122e-07,0.999999999999974,-3.49885877707704e-06,7.39918674270189e-06,6.39355694712341e-05,-0.000762557909664348
11.1474586426394,9.55163814491154e-06,1.66707534587789e-07,0.999999999999986,0.000118105910288103,-7.01015716442798e-07,-0.00241390033893546,0.000445343337797339
11.1508142917225,3.93477744779607e-05,6.86748217972553e-07,0.999999999999764,0.000154974692078918,-1.13219114074801e-05,-0.00316507937149761,0.00205553092487705
11.153928745802,2.98033297162849e-05,5.20166231606615e-07,0.999999999999865,-5.34867370378165e-05,-7.94981573911103e-06,0.00108272447828886,0.00157125197435759
11.1572529066881,4.87291940387462e-06,8.50484877819314e-08,0.999999999999996,-0.000130895512803386,8.92721232874585e-07,0.0026600809271921,0.000256066149098801
11.1601257221738,-1.37657992590749e-05,-2.40258521239451e-07,0.999999999999971,-0.00011323630446815,7.50079730244461e-06,0.00230020901183023,-0.000765499566265261
11.1629985376595,-9.86113686196975e-06,-1.72109306231153e-07,0.999999999999985,2.37220995734463e-05,6.09173381153786e-06,-0.000490481723560965,-0.000569502585351302
11.1665288690676,-1.0324625763253e-05,-1.80198713604996e-07,0.999999999999984,-2.29140169537759e-06,6.23164632682285e-06,3.96315527099269e-05,-0.000607528145949346
11.1699166269139,9.6239655126983e-06,1.67969885294969e-07,0.999999999999986,0.000102772575460709,-8.86584346774706e-07,-0.00210116277389859,0.000453330417116528
11.1733043847602,3.78175925362538e-05,6.60041504935214e-07,0.999999999999782,0.000145249938740412,-1.09368077339758e-05,-0.00296662980154299,0.00197655810839081
11.1764875439317,3.12913045882678e-05,5.46136292309655e-07,0.999999999999851,-3.5783699930955e-05,-8.63764156446032e-06,0.000722290669627086,0.00165475217680156
11.1798792721936,2.89785264024948e-06,5.05770698099641e-08,0.999999999999999,-0.000146108173837283,1.43703148827433e-06,0.00297036562919296,0.000159956371308593
11.1826507188145,-1.3978699843486e-05,-2.43974337416844e-07,0.99999999999997,-0.000106280743424663,7.4198950742985e-06,0.00215875115219316,-0.000776081840182475
11.1854221654353,-7.7794358121277e-06,-1.35776768869187e-07,0.999999999999991,3.90401055294617e-05,5.19630596689189e-06,-0.0008023207413305,-0.00045662720148757
11.1889808230341,-8.90360090726022e-06,-1.55397151115245e-07,0.999999999999988,-5.51342232323895e-06,5.57201827562583e-06,0.000105576976233761,-0.000527979378685227
11.1924817167859,9.54680823469043e-06,1.66623236751855e-07,0.999999999999986,9.1982336711901e-05,-1.01320248708496e-06,-0.0018810113158669,0.0004492524784487
11.1959826105377,4.82104229115812e-05,8.41430613585904e-07,0.999999999999646,0.000192752886743463,-1.478674858581e-05,-0.00393429423323558,0.00253139687005043
11.1991211689546,3.69904927476632e-05,6.45605890381762e-07,0.999999999999792,-6.2393206431007e-05,-1.08170988841531e-05,0.00126480032368538,0.00196393130750251
11.2023440517887,3.84530097984142e-06,6.71131628283967e-08,0.999999999999998,-0.000179495426093814,9.49502339345493e-07,0.00365095531834991,0.000205013074855083
11.2052200626548,-1.50724335561641e-05,-2.63063591843138e-07,0.999999999999965,-0.000114803722949173,7.65843174735508e-06,0.00233272046606946,-0.000832977850193485
11.2080960735209,-1.05611217689924e-05,-1.84326347572964e-07,0.999999999999983,2.73772415807014e-05,6.03524363513247e-06,-0.000564388727229982,-0.000605132454334989
11.2115979670639,-1.00202225065594e-05,-1.748858745219e-07,0.999999999999985,2.69581954307001e-06,5.82015677310161e-06,-6.14201600898614e-05,-0.000589424338099099
11.2149469170512,9.64520668234222e-06,1.6834061364223e-07,0.999999999999986,0.000102487791536361,-1.1951849426796e-06,-0.00209478843887918,0.000458196908549388
11.2182958670385,3.32397425535918e-05,5.80142950075411e-07,0.999999999999832,0.000122964612190337,-9.60762781484889e-06,-0.0025119643183895,0.00173529274768671
11.2215278325983,2.94572938970588e-05,5.14126767231286e-07,0.999999999999868,-2.04260168073045e-05,-8.28280433005079e-06,0.00040991262447101,0.0015586036955624
11.2250314350423,1.15776114634312e-06,2.02067439553513e-08,1,-0.000140974905448733,1.7597132248943e-06,0.0028663404925065,7.69926477970289e-05
11.2277139167402,-1.34961300058976e-05,-2.35551904880112e-07,0.999999999999972,-9.53440424351902e-05,6.95417637286529e-06,0.00193643936212217,-0.000748183109141117
11.2303963984381,-6.18009830209533e-06,-1.07863063468474e-07,0.999999999999994,4.76010112247804e-05,4.33552239712561e-06,-0.000976205719426609,-0.000368386271206347
11.2339834548076,-8.15414274146418e-06,-1.42316638516146e-07,0.99999999999999,-9.60497173696728e-06,5.01529139808033e-06,0.000189506082686699,-0.000483536261011567
11.237650733569,9.12952832034954e-06,1.59340328344166e-07,0.999999999999987,8.22563504114512e-05,-1.15411185348542e-06,-0.0016822836912145,0.0004252668308989
11.2413180123305,7.27245282322556e-05,1.26928246461209e-06,0.999999999999194,0.000302660967016865,-2.37933402864869e-05,-0.00617330448692134,0.00383726406122483
11.244345571093,4.71161349110748e-05,8.22331685012009e-07,0.999999999999662,-0.000147627449922503,-1.47041261963889e-05,0.00300215943044272,0.00251095146017249
11.247276160881,6.2787515690917e-06,1.0958488779541e-07,0.999999999999994,-0.000243209336271025,-1.98441200206548e-07,0.00494974938344829,0.000325007053852801
11.2510475339284,-5.75921474870209e-05,-1.00517259694252e-06,0.999999999999495,-0.000295583987775152,2.24940622906209e-05,0.00601704026772799,-0.00307109713427932
11.2541720611344,-7.05697820139192e-05,-1.23167504855725e-06,0.999999999999241,-7.24917520897951e-05,2.70904886180307e-05,0.00147107899031552,-0.00382422343612684
11.2568162682675,-1.41391937365852e-05,-2.4677548428077e-07,0.99999999999997,0.000372474437402621,7.00588607746601e-06,-0.00759569940235006,-0.000807756719284013
11.260667259948,1.50660999568847e-05,2.62953049682211e-07,0.999999999999965,0.000132362927852437,-3.40354964755901e-06,-0.00270305328827465,0.000712994812731036
11.2632677596851,1.63417656894988e-05,2.85217616871191e-07,0.999999999999959,8.56164946719362e-06,-3.87216287603248e-06,-0.000180201221242036,0.000829745924987802
11.2658682594223,6.21682883589366e-06,1.0850413221927e-07,0.999999999999994,-6.79536637238044e-05,-2.86410709082288e-07,0.0013788704208385,0.000297681669510415
11.2695758185181,8.30072532259201e-06,1.44874987182898e-07,0.999999999999989,9.80991914732356e-06,-1.04890145156226e-06,-0.000205658419132335,0.000419228219029589
11.2730550123003,-7.52864754864149e-06,-1.31399687945994e-07,0.999999999999991,-7.94076709790647e-05,4.56071658601474e-06,0.00161233273820093,-0.000420369499835981
11.2765342060825,-3.70281228204694e-05,-6.46262659049995e-07,0.999999999999791,-0.000147983413208828,1.50319898581716e-05,0.00300968383127908,-0.00201076029537611
11.2798101849674,-3.50644407581454e-05,-6.11989941600096e-07,0.999999999999813,1.04618248937181e-05,1.43149069210612e-05,-0.000218891196278414,-0.00193717972536182
11.2832222866714,9.91884421824977e-07,1.73116489600862e-08,1,0.000184432248847372,1.47251078661399e-06,-0.00376377882273641,-3.76974800050789e-05
11.2858949949098,1.55265984166648e-05,2.70990264005736e-07,0.999999999999963,9.49144434847401e-05,-3.71130029785757e-06,-0.00193953496680869,0.000784181947599524
11.2885677031482,7.66307770137195e-06,1.33745936725099e-07,0.999999999999991,-5.13502840707923e-05,-9.29516821005888e-07,0.00104081075400426,0.000375726614778134
11.292130748228,9.29112015218133e-06,1.6216063785396e-07,0.999999999999987,7.9748362686574e-06,-1.52814687973025e-06,-0.000168010801245925,0.000472451224230052
11.2958183115005,-7.89380950065402e-06,-1.37772966311622e-07,0.999999999999991,-8.13365309288735e-05,4.56335330734346e-06,0.00165190390969207,-0.00043018605096375
11.2995058747729,-7.48549669058779e-05,-1.30646563397859e-06,0.999999999999147,-0.000316928166733843,2.83572419226911e-05,0.0064524692478672,-0.00402147288824965
11.3,-4.34188253447178e-05,-7.57801459613615e-07,0.999999999999713,0.00111037474778836,1.71746161570512e-05,-0.0226311573532183,-0.00234351398832683
11.3024706261353,-9.88679270132034e-06,-1.72557085100183e-07,0.999999999999985,0.000236880993914634,5.23586818621812e-06,-0.00483227623978128,-0.00056525119063485
11.3057120873108,-4.86585916175434e-06,-8.49252633109445e-08,0.999999999999996,2.70346664800697e-05,3.43277092235287e-06,-0.000556260638709087,-0.00030307866264649
11.3092888814365,1.01239611557288e-05,1.76696455511477e-07,0.999999999999984,7.3144192713151e-05,-1.91732864421476e-06,-0.00149578068477253,0.000491473243911227
11.3128656755621,4.50234884160142e-05,7.85808113592894e-07,0.999999999999691,0.000170295420055629,-1.4347848459383e-05,-0.00347532437665258,0.00237198766508278
11.3161539799848,4.02433791196758e-05,7.02379467766623e-07,0.999999999999753,-2.53713267094392e-05,-1.2664952948786e-05,0.000511782151014473,0.00215318354259948
11.3195647959865,-5.97839188737412e-06,-1.04342622409196e-07,0.999999999999995,-0.000236518794847608,3.75567299213089e-06,0.00481428078576887,-0.000287887356728112
11.3221731950753,-1.530574514629e-05,-2.67135647273899e-07,0.999999999999964,-6.24110879203257e-05,7.05900423033741e-06,0.00126642094468731,-0.000840341702725153
11.3247815941642,-5.71008961917817e-06,-9.9659864438608e-08,0.999999999999995,6.42063492323806e-05,3.63287266899897e-06,-0.00131349975392991,-0.000338741709638448
11.328348485021,-7.31348769315674e-06,-1.27644440049669e-07,0.999999999999992,-7.84564954022282e-06,4.18474719136534e-06,0.000154721449159761,-0.000432957055125404
11.3320999677795,9.07971158371287e-06,1.58470862267258e-07,0.999999999999987,7.6267257704772e-05,-1.66452910994569e-06,-0.00155919050622588,0.000426271221599553
11.3350990974692,2.05980411151636e-05,3.59503636920761e-07,0.999999999999935,6.703037062556e-05,-5.77595709421092e-06,-0.00137087368992738,0.00106360073929155
11.3380982271589,1.35656733997839e-05,2.36765666076439e-07,0.999999999999972,-4.09245292948095e-05,-3.28998229364067e-06,0.000828898733230098,0.000699954611036462
11.3418076749816,7.11574908781055e-06,1.24193250328077e-07,0.999999999999992,-3.03474859674156e-05,-1.01452405156816e-06,0.000613422361167897,0.000379395788610694
11.3446540081433,-9.90262524082201e-06,-1.7283341504344e-07,0.999999999999985,-0.000104354145667543,5.02364942435273e-06,0.00212138675725969,-0.000551379748599005
11.347500341305,-7.47828954049099e-06,-1.30520774899021e-07,0.999999999999991,1.48656667161049e-05,4.14736893570936e-06,-0.000307862937636053,-0.000432296154609848
11.3511594105852,-1.14824550992867e-05,-2.00406647694964e-07,0.99999999999998,-1.9099357635414e-05,5.55341845227792e-06,0.000384264251066245,-0.000659356406051028
11.3546770689096,8.46569156731385e-06,1.47754191307945e-07,0.999999999999989,9.8975172373295e-05,-1.55809645279827e-06,-0.00202166164230575,0.000394389466643691
11.3581947272339,5.63287114832246e-05,9.83121478788049e-07,0.999999999999517,0.00023747823422691,-1.85969660110282e-05,-0.00484381028148258,0.00296775781411719
11.3612320802968,3.81966619694733e-05,6.66657514638562e-07,0.999999999999778,-0.000104190707368849,-1.21628571907398e-05,0.00211832759876922,0.00203298778489864
11.3642860425399,6.31317207240199e-06,1.10185638908368e-07,0.999999999999994,-0.000182213083018039,-8.38344500059197e-07,0.0037081377533015,0.00033311900317479
11.3673553078169,-1.47708983653096e-05,-2.57800809952097e-07,0.999999999999967,-0.000119893986230539,6.64538917207164e-06,0.00243828180254456,-0.000807671467529447
11.3704245730939,-1.71387762751227e-05,-2.99128075763576e-07,0.999999999999955,-1.34648725611801e-05,7.4729880847077e-06,0.000269640724388795,-0.000950079845811536
11.3738354712712,-1.42389056425679e-05,-2.48515785343606e-07,0.999999999999969,1.48384055427596e-05,6.42566446209153e-06,-0.000307052151126488,-0.00081219712885812
11.3771006563503,9.72042699763027e-06,1.69653455808394e-07,0.999999999999986,0.000128069077563472,-2.1103625816759e-06,-0.00261425519136824,0.000466883941091636
11.3803658414294,3.13768940066211e-05,5.47630109464786e-07,0.99999999999985,0.000115759641337918,-9.82718819597599e-06,-0.00236336545322889,0.00164226595648688
11.3835331998082,2.56366584945939e-05,4.47444099940021e-07,0.9999999999999,-3.16307779356253e-05,-7.80009030850989e-06,0.000639996377102514,0.00135760479168297
11.3870322681895,3.42508551800184e-06,5.97790194515075e-08,0.999999999999998,-0.000110790941545233,8.34897143834709e-08,0.00225305114503185,0.000197376158185242
11.3897874571152,-1.31804122051356e-05,-2.3004158974966e-07,0.999999999999974,-0.000105190829745433,5.97645329701661e-06,0.00213886007149521,-0.000723944739693739
11.3925426460409,-7.29768037763076e-06,-1.2736855034784e-07,0.999999999999992,3.72653353980999e-05,3.87190992927297e-06,-0.000763847207755119,-0.000420944526867518
11.3961290664747,-9.15274565534436e-06,-1.59745547283365e-07,0.999999999999987,-9.02766352487749e-06,4.51561887613879e-06,0.000179485076760827,-0.000531110343773569
11.3996807503957,9.15875559246787e-06,1.59850440474008e-07,0.999999999999987,8.99843552725748e-05,-2.01242548546742e-06,-0.0018380138849423,0.000436426224947099
11.4032324343166,5.54505160125042e-05,9.67794076347884e-07,0.999999999999532,0.000227481851949585,-1.8491091550914e-05,-0.00463967696233087,0.00292570805980674
11.406323978978,3.97581427071933e-05,6.93910494718239e-07,0.999999999999759,-8.85911774288261e-05,-1.29235255104178e-05,0.00180090105440165,0.00212207054586012
11.4094339619812,4.89074813621002e-06,8.53596578626408e-08,0.999999999999996,-0.000195676579659232,-5.36712587753074e-07,0.00398291981342017,0.000264673734397309
11.4124087995314,-1.56065322363762e-05,-2.72385372343395e-07,0.999999999999963,-0.00012025699695208,6.74004268222723e-06,0.00244610172730858,-0.000851209820030646
11.4153836370816,-1.39307758218061e-05,-2.43137905447732e-07,0.99999999999997,9.83161816476441e-06,6.13130274627486e-06,-0.000204629639663399,-0.000776438529221099
11.4188322819722,-1.18276687521343e-05,-2.0643176255999e-07,0.999999999999979,1.06436423732695e-05,5.36865954822747e-06,-0.000221142861107683,-0.000679109413123734
11.4221068906298,9.55927194010353e-06,1.66840769448312e-07,0.999999999999986,0.000113989966751946,-2.25116065128305e-06,-0.00232694071145499,0.000462958541542789
11.4253814992874,2.89107458341978e-05,5.04587704013964e-07,0.999999999999873,0.000103141159716666,-9.14689377286588e-06,-0.00210581899779872,0.00151370031052482
11.4286206572561,2.6088252445569e-05,4.55325901266625e-07,0.999999999999896,-1.52082125120529e-05,-8.15640946234051e-06,0.000305784503291166,0.00138542622126335
11.4322129957588,1.06844979247658e-06,1.86479667709664e-08,1,-0.000121558125485178,7.27034462533002e-07,0.00247288609305952,8.3808485571907e-05
11.4348640089466,-1.29895918956329e-05,-2.26711147069163e-07,0.999999999999974,-9.25529586082991e-05,5.7155526524962e-06,0.00188174023913879,-0.000711662267043203
11.4375150221343,-5.72682186000863e-06,-9.99518971323361e-08,0.999999999999995,4.78153977205287e-05,3.12179316989785e-06,-0.000978403085484015,-0.000334449946509472
11.441119852825,-8.20510865472945e-06,-1.43206161508911e-07,0.99999999999999,-1.19989725143817e-05,3.98857465853648e-06,0.000240449985869655,-0.000475993829511292
11.4448776974753,8.45985063473114e-06,1.4765224780299e-07,0.999999999999989,7.74003282157385e-05,-1.95328666066387e-06,-0.00158118865260427,0.000395830632407206
11.4478350082683,1.97392870255505e-05,3.44515550592048e-07,0.999999999999941,6.65683509680322e-05,-5.97631896840475e-06,-0.00136036845274499,0.00102201036514363
11.4507923190612,1.24413882588743e-05,2.1714318863632e-07,0.999999999999976,-4.30703334454442e-05,-3.39250350741199e-06,0.000873704403040977,0.000643619584616137
11.4544878230302,7.84394113630133e-06,1.36902599161083e-07,0.999999999999991,-2.17130302522053e-05,-1.77182620255298e-06,0.000438553799013721,0.000419401798459748
11.4573692449709,-8.90763311300329e-06,-1.55467526381579e-07,0.999999999999988,-0.000101467307308646,4.1743961944227e-06,0.00206364167392144,-0.000493394961547702
11.4602506669116,-7.70819162977639e-06,-1.34533323314265e-07,0.999999999999991,7.26523345006655e-06,3.73664019380155e-06,-0.000151923602176476,-0.000439473568511721
11.4639321519955,-1.27173696747142e-05,-2.21959973017041e-07,0.999999999999975,-2.37476582714408e-05,5.50390852033444e-06,0.00048004223466327,-0.000721042823237684
11.4674529109963,7.93047114540409e-06,1.38412832721707e-07,0.99999999999999,0.000102356567333649,-1.85274813898971e-06,-0.00208950872737754,0.000368598261309558
11.4709736699972,5.9553193434064e-05,1.0393993055013e-06,0.99999999999946,0.000255906886144584,-2.02250317039756e-05,-0.00521827354851978,0.00314267083420966
11.4739723449702,3.8394118193994e-05,6.70103775885004e-07,0.999999999999776,-0.0001231529035113,-1.27110654620427e-05,0.00250576214811228,0.00204715947208106
11.476969007502,6.77934658409564e-06,1.18321919026299e-07,0.999999999999993,-0.000184132130664479,-1.47873934398574e-06,0.00374827862628606,0.000359610757812788
11.4801074848838,-1.43818321815982e-05,-2.51010324038166e-07,0.999999999999968,-0.00011767879711832,6.03536309525964e-06,0.00239418722052893,-0.000781310478740608
11.4832459622655,-2.01587981169558e-05,-3.51837400385704e-07,0.999999999999938,-3.21261121506382e-05,8.07827696412506e-06,0.000650925152674671,-0.00110673216327984
11.4866256604765,-1.64222052871798e-05,-2.86621552699704e-07,0.999999999999959,1.92963524000277e-05,6.7369889998305e-06,-0.000396866193529498,-0.000925777525664043
11.4898875197833,9.62584549437339e-06,1.68002697165076e-07,0.999999999999986,0.000139375799845118,-2.53852474833531e-06,-0.00284362778274476,0.000464289828485039
11.4931493790901,3.35410237020522e-05,5.85401298090234e-07,0.999999999999829,0.00012796339807101,-1.10553001140675e-05,-0.00261101861384025,0.00176154392584551
11.4962617684133,2.53491653477514e-05,4.424263979507e-07,0.999999999999902,-4.59373443650803e-05,-8.15290949701543e-06,0.000932528136948235,0.00134585422059599
11.4996860342653,4.60373905967176e-06,8.03504044939398e-08,0.999999999999997,-0.000105738283504924,-7.86996955015827e-07,0.00215109248531666,0.000258409873940958
11.5025242900043,-1.33312205334656e-05,-2.32673691618448e-07,0.999999999999973,-0.000110287488125385,5.58127982588413e-06,0.00224372902461954,-0.000727075613774641
11.5053625457433,-9.00319958396211e-06,-1.57135475954322e-07,0.999999999999988,2.66143091427665e-05,4.03210787958102e-06,-0.000545818308411436,-0.00050779134701919
11.5089250929701,-1.03075160793625e-05,-1.79900093287132e-07,0.999999999999984,-6.3899833135305e-06,4.48358229397615e-06,0.000126727980193755,-0.000590179545793304
11.5123634326058,9.21163710954588e-06,1.60773397060469e-07,0.999999999999987,9.9080814126473e-05,-2.47003673111944e-06,-0.00202237700805196,0.000445714536483321
11.5158017722415,4.25987443230204e-05,7.4348834565188e-07,0.999999999999724,0.00016947568022155,-1.43554247447031e-05,-0.0034567230910551,0.00224630779402986
11.5189518314011,3.35138818747424e-05,5.84927583838671e-07,0.999999999999829,-5.03358044339767e-05,-1.11349658856324e-05,0.00102234869121518,0.00179000229776254
11.5222452267478,3.55055773807509e-06,6.19689228115726e-08,0.999999999999998,-0.000158790125684685,-4.89770480245017e-07,0.00323228591919582,0.000205191638576967
11.5250871401856,-1.47545547871226e-05,-2.57515560701178e-07,0.999999999999967,-0.00011241879476613,6.01063572436596e-06,0.00228733434243127,-0.000801951679115903
11.5279290536235,-9.74203342801361e-06,-1.70030559158187e-07,0.999999999999986,3.07838375292604e-05,4.21852122425775e-06,-0.000630601367458987,-0.000546755055237118
11.5314547991617,-9.96523229417914e-06,-1.73926114259493e-07,0.999999999999985,-1.10488833044712e-06,4.28626326384024e-06,1.92135362147185e-05,-0.000571292836995823
11.5348560636408,9.35738124753233e-06,1.63317112133813e-07,0.999999999999987,9.9152308932471e-05,-2.59671928013281e-06,-0.00202365402227798,0.000455999407873541
11.5382573281199,3.77047333902388e-05,6.58071741246264e-07,0.999999999999784,0.000145461969262271,-1.26890481709736e-05,-0.00296722849776591,0.00198716009071805
11.5414537882329,3.16025814755466e-05,5.51569098878027e-07,0.999999999999848,-3.33189336336606e-05,-1.05289667710139e-05,0.000675772987487977,0.00168857297848714
11.5448533661192,2.00002231892015e-06,3.49069745785288e-08,0.999999999999999,-0.000151978316600255,-1.17980492459935e-08,0.00309366900061074,0.000130095463104372
11.5476056826024,-1.43704683218858e-05,-2.50811987270448e-07,0.999999999999969,-0.000103810358869516,5.80131629380004e-06,0.00211208063404663,-0.000780844670445244
11.5503579990857,-7.75986527584623e-06,-1.35435198574694e-07,0.999999999999991,4.19198843584258e-05,3.44163553932655e-06,-0.000857343539099303,-0.000439314660813293
11.5539201129004,-8.96538031926186e-06,-1.56475405264619e-07,0.999999999999988,-5.90666322979674e-06,3.85922680455104e-06,0.000117231308976014,-0.000514696654694125
11.5574450645115,9.22932844431607e-06,1.61082169101281e-07,0.999999999999987,9.00884918149397e-05,-2.62245261614745e-06,-0.00183879954557733,0.000448097748215685
11.5609700161226,5.05515658339211e-05,8.82291265840482e-07,0.999999999999611,0.000204601133946174,-1.73289651561362e-05,-0.00417211756712343,0.00267210103593482
11.5640974654694,3.80152196996164e-05,6.63490749627266e-07,0.99999999999978,-6.99613301288897e-05,-1.28798457116482e-05,0.00142260319868381,0.00203547279381035
11.5672835176247,3.79907659033821e-06,6.63063950368414e-08,0.999999999999998,-0.00018743709314657,-7.20764305462375e-07,0.00381634725790979,0.000217083820976651
11.5701851551979,-1.55842880262059e-05,-2.71997137636418e-07,0.999999999999963,-0.000116590554172432,6.16391894279789e-06,0.00237268889530507,-0.000844175514501934
11.5730867927712,-1.16571835269832e-05,-2.03456234055101e-07,0.999999999999979,2.36214557645285e-05,4.75860268494936e-06,-0.000484318327968315,-0.000647988153862676
11.5765737289996,-1.06609272750223e-05,-1.86068282264806e-07,0.999999999999983,4.9865987363994e-06,4.39395608122116e-06,-0.000104575071021202,-0.000608448532827893
11.579895620779,9.35869976649801e-06,1.63340124631014e-07,0.999999999999987,0.000105183561081818,-2.73552465194067e-06,-0.00214621101661632,0.00045902063514552
11.5832175125585,3.09973490742753e-05,5.41005800736094e-07,0.999999999999854,0.000113689939701283,-1.04406129202424e-05,-0.00231948804469192,0.00163156174743679
11.5864611390756,2.79760118312981e-05,4.88273518033021e-07,0.999999999999881,-1.62571992877695e-05,-9.37528694765553e-06,0.000328436694847834,0.00149447296490663
11.5900096740462,5.3179503962683e-07,9.28157438726191e-09,1,-0.000134983013443509,3.75041985457154e-07,0.00274770546543948,6.15382552670428e-05
11.5926672249565,-1.34943562489905e-05,-2.35520946981953e-07,0.999999999999972,-9.21158350816616e-05,5.35554206357558e-06,0.00187409394827356,-0.000732305008479565
11.5953247758667,-6.04475930377737e-06,-1.05500952341475e-07,0.999999999999994,4.89247427544145e-05,2.69864857414167e-06,-0.000999752621555348,-0.000345245341968762
11.5989203716974,-8.2954424365166e-06,-1.44782783426875e-07,0.99999999999999,-1.09249851581971e-05,3.48901287748692e-06,0.000219814556629079,-0.000474769272965904
11.6026503483387,8.55823573502244e-06,1.49369391737978e-07,0.999999999999989,7.88616668304701e-05,-2.51521461212288e-06,-0.0016097225444435,0.000408468069484041
11.6056318314547,2.0141459643484e-05,3.51534786936351e-07,0.999999999999938,6.78069897874188e-05,-6.64270515983621e-06,-0.0013843749527056,0.00105000810754188
11.6086133145707,1.30139593185115e-05,2.27136438828621e-07,0.999999999999974,-4.17236466776909e-05,-4.11591909458145e-06,0.000847492998263111,0.000681113991894127
11.6123084913113,7.38134370150829e-06,1.28828750812665e-07,0.999999999999992,-2.66043263738473e-05,-2.12256978203543e-06,0.000539446270768261,0.000402796241673016
11.6151744324028,-9.62660493135263e-06,-1.68015951840825e-07,0.999999999999986,-0.000103576693720074,3.91836418272934e-06,0.00210783605521173,-0.000525519872266002
11.6180403734943,-7.84270878128391e-06,-1.36881090508476e-07,0.999999999999991,1.08637478365318e-05,3.2762792363288e-06,-0.000224039827024405,-0.00044061030333276
11.6217057860035,-1.22574724530264e-05,-2.13933252277815e-07,0.999999999999977,-2.10214161637882e-05,4.83662482277801e-06,0.000425694402063231,-0.000690061365616697
11.6252231697305,8.08103512598778e-06,1.41040669917801e-07,0.99999999999999,0.000100919873904179,-2.40579572061135e-06,-0.0020590362342085,0.000383876734286596
11.6287405534574,5.75268920030867e-05,1.00403367389289e-06,0.999999999999496,0.000245350826344298,-1.99997030487818e-05,-0.0050019869010611,0.00304177958937145
11.631759499365,3.8015028926386e-05,6.63487420006273e-07,0.99999999999978,-0.000112803032684824,-1.30680591840696e-05,0.00229604771894139,0.00203359674769719
11.6347880733751,6.3761949615879e-06,1.11285595828782e-07,0.999999999999994,-0.000182330635584161,-1.82372296920995e-06,0.0037127493590427,0.000345838388283654
11.6378894283229,-1.47740240918451e-05,-2.57855364171659e-07,0.999999999999967,-0.000119025705287198,5.69023965154788e-06,0.0024227999527234,-0.000796622090989782
11.6409907832706,-1.86505506249051e-05,-3.25513515714475e-07,0.999999999999947,-2.18156749817265e-05,7.06103327201585e-06,0.000441998301893121,-0.00102007340885828
11.6443874110255,-1.53633761471817e-05,-2.68141497990678e-07,0.999999999999964,1.68908758522151e-05,5.88345447318886e-06,-0.000346690565999327,-0.000862265684995885
11.647649040634,9.52810803751689e-06,1.66296856740404e-07,0.999999999999986,0.000133196716632537,-2.97697724179849e-06,-0.00271656588220356,0.000466438173442494
11.6509106702426,3.19855005918835e-05,5.58252298226933e-07,0.999999999999844,0.000120171659117395,-1.09715718826518e-05,-0.00245110438655647,0.00168510024239842
11.6540547910446,2.52638787445205e-05,4.40937865916479e-07,0.999999999999903,-3.73123170828232e-05,-8.58858529952614e-06,0.000757918264978587,0.0013478619412881
11.657524342778,3.81821123013624e-06,6.66403575025002e-08,0.999999999999998,-0.000107880653516281,-9.69848015473936e-07,0.00219588519478823,0.0002261436969428
11.6603138320638,-1.34048741741949e-05,-2.33959190155255e-07,0.999999999999973,-0.000107761499278036,5.14855380699284e-06,0.00219337706497534,-0.000725213397746784
11.6631033213496,-8.12061563939424e-06,-1.41731480196374e-07,0.99999999999999,3.30625790277786e-05,3.26260819624561e-06,-0.000676089928127037,-0.000454452267970346
11.6666809908394,-9.76266542137857e-06,-1.70390655373655e-07,0.999999999999985,-8.01057092027166e-06,3.83813951526196e-06,0.000160867659983203,-0.000553935795821529
11.6701817356652,9.03531179231185e-06,1.57695939720111e-07,0.999999999999988,9.37190830593567e-05,-2.85534204724798e-06,-0.00191201641241653,0.000441306043531383
11.6736824804909,4.89909959521842e-05,8.55054183196725e-07,0.999999999999634,0.000199202820596321,-1.70731276582432e-05,-0.00406136017296338,0.00259247316554794
11.6768023631923,3.6681262110792e-05,6.40208797620322e-07,0.999999999999795,-6.88632894685386e-05,-1.27022346236887e-05,0.0014009799254796,0.00196683454065066
11.6799961818357,4.090922515918e-06,7.14000673467391e-08,0.999999999999997,-0.000178096753068658,-1.1189823569112e-06,0.00362677207450008,0.000235814049284296
11.6829068724177,-1.54138848502213e-05,-2.69023041159632e-07,0.999999999999964,-0.000116956130828062,5.81103716642478e-06,0.00238088499211601,-0.00083098243715227
11.6858175629997,-1.18846899914122e-05,-2.07426970928959e-07,0.999999999999978,2.11620124144963e-05,4.54936368309986e-06,-0.000433461904585374,-0.000656098964211237
11.689304546919,-1.0971171343941e-05,-1.91483062752221e-07,0.999999999999982,4.57240656842921e-06,4.21671086279835e-06,-9.53984383058786e-05,-0.000621185873362091
11.6926286496826,9.29881269817435e-06,1.62294898109399e-07,0.999999999999987,0.000106428105872995,-2.99937876122914e-06,-0.00217083830949949,0.000459434720725874
11.6959527524463,3.15136744989934e-05,5.50017379409182e-07,0.999999999999849,0.000116639739763939,-1.0906974996881e-05,-0.0023788663582072,0.00166292357058177
11.699184991074,2.79847840083341e-05,4.88426621404868e-07,0.999999999999881,-1.9055139517383e-05,-9.65876918044201e-06,0.000386173782387692,0.00149873913640899
11.7027145552074,9.0122770915838e-07,1.57293908350196e-08,1,-0.000133925100296817,-3.4120128962729e-08,0.00272686617602367,8.33530697263229e-05
11.7053898905571,-1.36487102454887e-05,-2.38214932434459e-07,0.999999999999972,-9.49205576393436e-05,5.13453425263352e-06,0.00193196504584009,-0.000736658874814424
11.7080652259069,-6.38177701846372e-06,-1.11383021100299e-07,0.999999999999994,4.74078553727976e-05,2.54445937919739e-06,-0.000968130919994289,-0.000359441452601342
11.7116577899998,-8.50664940822162e-06,-1.48469040486294e-07,0.999999999999989,-1.0322994503673e-05,3.29263319278511e-06,0.000208256218740334,-0.000482575841420792
11.7153468908878,8.6501058598081e-06,1.50972827899706e-07,0.999999999999989,8.11693356949951e-05,-2.81666177960468e-06,-0.00165603900732552,0.000418443076069502
11.7190359917757,7.66853648829023e-05,1.33841210529948e-06,0.999999999999104,0.00032187769146722,-2.70201321766598e-05,-0.00656080468717209,0.00406698725372547
11.7220458078778,4.82744477828218e-05,8.42548058392217e-07,0.999999999999645,-0.000164748951461756,-1.69219156825359e-05,0.00335509418239965,0.00259257809731153
11.7249356315094,6.26559476133914e-06,1.09355258181076e-07,0.999999999999994,-0.000253715414389683,-1.98771748427066e-06,0.00516785800864229,0.000342136559242595
11.7287383429573,-5.60026404244569e-05,-9.77430465217092e-07,0.999999999999522,-0.000285792319055239,2.01499008801102e-05,0.00582153515132016,-0.00296577971747005
11.7319036600834,-7.65248406289781e-05,-1.3356104285392e-06,0.999999999999108,-0.000113157686595542,2.74418583180927e-05,0.00230370517318039,-0.00412328537627478
11.7345399969198,-1.57843426927087e-05,-2.7548875025087e-07,0.999999999999962,0.000402119207088922,5.83500063353996e-06,-0.00819578795315347,-0.000877130845885611
11.7382636099739,1.10605608791906e-05,1.93043204459153e-07,0.999999999999981,0.000125827240344377,-3.71947088701478e-06,-0.00256591417574579,0.000525849060490201
11.7409470456241,1.65786168522788e-05,2.8935144949888e-07,0.999999999999958,3.5889902943626e-05,-5.68681695692512e-06,-0.000733144493251624,0.000861887317041525
11.7436304812742,6.95213566948699e-06,1.21337657477888e-07,0.999999999999993,-6.26114481302878e-05,-2.26830298787397e-06,0.00127393178548796,0.00035678024016261
11.7473278766084,8.13878249101883e-06,1.42048551571944e-07,0.99999999999999,5.6014821847542e-06,-2.69721347016075e-06,-0.000116003414168065,0.000432098499963467
11.7505751218521,-7.09873066472003e-06,-1.2389622281165e-07,0.999999999999992,-8.18985800018167e-05,2.7157933888692e-06,0.00166695351063831,-0.000383098350249668
11.7538223670959,-1.8464171100399e-05,-3.22260579353542e-07,0.999999999999948,-6.10869649964351e-05,6.7517332238041e-06,0.00124288112906167,-0.00100230141885656
11.7573285071326,-2.53225745425948e-05,-4.41962300849963e-07,0.999999999999902,-3.41405991331073e-05,9.18431286632627e-06,0.000693805614459638,-0.00139215282217243
11.7612994130182,1.1988578882633e-05,2.09240174137008e-07,0.999999999999978,0.000163993429646541,-4.09267257752384e-06,-0.00334356588301925,0.000514817627330143
11.7636201659025,1.11767008996093e-05,1.95070230208793e-07,0.999999999999981,-6.10575301852399e-06,-3.80757736348884e-06,0.000122846002248099,0.000566007423921157
11.7659409187867,3.40140510242693e-06,5.93657182314849e-08,0.999999999999998,-5.84743480870741e-05,-1.04643212843573e-06,0.00118976270752485,0.000164313774829655
11.7694609637908,7.17498375347493e-06,1.25227090275238e-07,0.999999999999992,1.87103778407408e-05,-2.39465929251397e-06,-0.000383014183766107,0.0003703535215991
11.7743386516281,3.64794168505576e-05,6.36685933249687e-07,0.999999999999797,0.000104856821519417,-1.28245134510521e-05,-0.00213827832092038,0.00202239944634862
11.7764683103219,3.52400063589389e-06,6.15054139387222e-08,0.999999999999998,-0.000270081079643307,-1.10835519576845e-06,0.00550142531713222,0.000186230663238677
11.7785979690158,4.36674848144796e-07,7.62141386077294e-09,1,-2.53017069040955e-05,-1.40987864450089e-08,0.000513817736370312,9.84964160682156e-06
11.7825235696661,-6.2904431813732e-06,-1.09788944924589e-07,0.999999999999994,-2.9908890191167e-05,2.37165948128091e-06,0.000607743497169001,-0.000347999926339602
11.7864129395821,-2.78605375488711e-05,-4.86258111603292e-07,0.999999999999882,-9.67943843895824e-05,1.00362171939963e-05,0.00197064251493891,-0.00151486685382574
11.790302309498,-3.53836434338586e-05,-6.17561079272466e-07,0.999999999999809,-3.37594444617854e-05,1.27048573489753e-05,0.000686136884030547,-0.0019904467080316
11.7924709192812,-2.26059623942683e-06,-3.94548474362003e-08,0.999999999999999,0.000266579186500805,9.21809270411759e-07,-0.00543345703315784,-0.000148918718255555
11.7946395290644,3.47115037205645e-07,6.05830028242113e-09,1,2.09872463325332e-05,-9.08684766489395e-09,-0.00042925939249155,1.59999837361823e-06
11.7985647569888,7.18467772579395e-06,1.25396282009803e-07,0.999999999999992,3.04028158431361e-05,-2.44717123315988e-06,-0.000621131927231363,0.000366168231713123
11.8025309707326,3.0690225103333e-05,5.35645476231352e-07,0.999999999999857,0.000103435977160969,-1.08129428610641e-05,-0.00210925889733845,0.00163949806891121
11.8064971844764,3.42544700762116e-05,5.9785328635573e-07,0.999999999999821,1.56844320912545e-05,-1.20863025293537e-05,-0.000321051700824955,0.00192366027483578
11.8087638866244,-9.28871569267943e-07,-1.62118672118922e-08,1,-0.000270906856522797,4.22226514428561e-07,0.00551838231381064,-4.71423743006237e-05
11.8110305887723,-9.97755301958742e-07,-1.74141151484103e-08,1,-5.30395198865899e-07,4.43107201839118e-07,9.21192377643353e-06,-6.54527529796482e-05
11.8146444968781,-6.63930492717721e-06,-1.15877731023124e-07,0.999999999999993,-2.72457442171357e-05,2.4438657534256e-06,0.000553627400867887,-0.000368902494157204
11.8194544579747,-7.1896172311983e-05,-1.25482492642496e-06,0.999999999999213,-0.000236789273865376,2.56440930083849e-05,0.00482337108110946,-0.00392022465372488
11.8221948221113,-2.11851323468285e-06,-3.69750311922911e-08,0.999999999999999,0.000444411703893444,8.2444261416725e-07,-0.00905706291465717,-0.000158063304255274
11.8249351862479,9.23955389536309e-06,1.61260636889553e-07,0.999999999999987,7.2339170344021e-05,-3.21890809557232e-06,-0.00147547935536863,0.000472509234032921
11.8280992721791,1.25569605233721e-05,2.19160305175792e-07,0.999999999999976,1.82990189096218e-05,-4.4033493869797e-06,-0.000374339166878295,0.000659628891190009
11.8318993791974,1.95161167450919e-05,3.40620494405447e-07,0.999999999999942,3.19623075465463e-05,-6.8837326314127e-06,-0.000652714050543472,0.00105810851944534
11.8348647839259,-6.60648714976653e-06,-1.15304952754121e-07,0.999999999999993,-0.0001537481352161,2.40212303408972e-06,0.00313139571689045,-0.000350227760143037
11.8378301886543,-1.22053633659034e-05,-2.1302377713731e-07,0.999999999999977,-3.29529468425714e-05,4.38895718005744e-06,0.000670004376437657,-0.000663788456644748
11.8412332226059,-1.63530050492324e-05,-2.85413780704359e-07,0.999999999999959,-2.12721955163398e-05,5.85909806141294e-06,0.00043200887862634,-0.000898863467783445
11.8453094982535,-6.21258965626059e-06,-1.0843014457709e-07,0.999999999999994,4.34179754822556e-05,2.24665948832643e-06,-0.000886210571945954,-0.000422788305314712
11.8477473778696,8.85838161880893e-06,1.54607925646361e-07,0.999999999999988,0.000107896250695853,-3.11621826834821e-06,-0.00219981237846608,0.000447309898715592
11.8501852574857,3.53760054000985e-06,6.17427770435013e-08,0.999999999999998,-3.80925899663495e-05,-1.22724901597594e-06,0.00077484107086695,0.0001744733024691
11.8538290911982,8.14947207855222e-06,1.42235120070082e-07,0.99999999999999,2.20900154554631e-05,-2.87237927526605e-06,-0.000451483352173854,0.000426282728908575
11.8588280669527,3.19049616499057e-05,5.56846628513348e-07,0.999999999999845,8.29392917283084e-05,-1.13268570770151e-05,-0.00169124200976123,0.00181846334585167
11.8609567887188,1.83403714316269e-06,3.20099867520595e-08,0.999999999999999,-0.000246550136388549,-6.35886270505343e-07,0.0050222490213816,0.000103726099192623
11.8630855104849,6.02336021258067e-09,1.05127467743158e-10,1,-1.49878015025921e-05,1.13117630508585e-08,0.000304031294210302,-1.0023643299526e-05
11.8667049781739,-5.80102849353775e-06,-1.0124704721424e-07,0.999999999999995,-2.80019559201291e-05,2.07176287755147e-06,0.000569269100193103,-0.000320766760363041
11.8715271751573,-8.92840516347039e-05,-1.55830067054558e-06,0.999999999998786,-0.000302155558627621,3.17551061749652e-05,0.00615556423754354,-0.00482950475164785
11.8757006993069,-0.000119762387494659,-2.09024798182956e-06,0.999999999997815,-0.000127457585537247,4.25868498615518e-05,0.0025953470732204,-0.00686102903661763
11.8775042814347,-3.13525324620875e-05,-5.47204920301804e-07,0.99999999999985,0.000855543552851993,1.11445810655374e-05,-0.0174332337354278,-0.00176207758317059
11.8793078635626,-6.87947422810586e-06,-1.20069476086542e-07,0.999999999999993,0.000236826168111469,2.43906126819928e-06,-0.00482679422404238,-0.000392249255679697
11.8822139140358,2.93329482845387e-06,5.11956526882422e-08,0.999999999999999,5.89339828574607e-05,-1.05434827882126e-06,-0.00120211592301976,0.000138349051861391
11.8861783806227,2.94612280582597e-05,5.14195431297544e-07,0.999999999999868,0.00011678740846209,-1.04936147580626e-05,-0.00238096759615054,0.00155958091943465
11.8901576705268,9.42609641442562e-05,1.64516418042085e-06,0.999999999998647,0.000284213710581818,-3.35433787418433e-05,-0.00579243144864922,0.00510324440954349
11.8936472540705,-7.64607196470289e-06,-1.33449130628497e-07,0.999999999999991,-0.0005096921419916,2.69510576505171e-06,0.0103847591132351,-0.000248426939459283
11.8958546690265,-8.83504546444586e-06,-1.54200632917971e-07,0.999999999999988,-9.40081620484677e-06,3.11449997797077e-06,0.000189993372914893,-0.000459953054344533
11.8980620839825,-2.30703808503048e-06,-4.02654105526867e-08,0.999999999999999,5.16147732233176e-05,7.90147539074912e-07,-0.00105297485302691,-0.000132279056088791
11.9013641755866,-5.6645800065357e-06,-9.88655718566897e-08,0.999999999999995,-1.77463766393146e-05,1.98032217461995e-06,0.000360430532594767,-0.000315203216694394
11.9059079367893,-3.64665017577781e-05,-6.36460522357485e-07,0.999999999999797,-0.000118314965624241,1.29292133858946e-05,0.00240965374782384,-0.00200123592247291
11.9087605103872,3.16130266689666e-06,5.51751401894242e-08,0.999999999999998,0.000242460234180381,-1.16716644542124e-06,-0.00494163580635841,0.000135331010180824
11.911613083985,1.05014126074084e-05,1.83284226109718e-07,0.999999999999983,4.49100019777547e-05,-3.78074246390421e-06,-0.000916216857812174,0.000544795301664111
11.9149261791244,1.49286311543699e-05,2.60553766459553e-07,0.999999999999966,2.33224634664252e-05,-5.35889740937995e-06,-0.000476338553245891,0.000792304147291836
11.9188654090947,1.80496854438866e-05,3.1502643994511e-07,0.99999999999995,1.38282542264505e-05,-6.47300266022522e-06,-0.00028282310483248,0.00100184954428196
11.9213790897935,-4.00100933180984e-06,-6.98307862430999e-08,0.999999999999998,-0.000153105056806396,1.3661259411603e-06,0.00311858566802851,-0.000215190100889361
11.9238927704924,-2.38293558953313e-06,-4.15900719003052e-08,0.999999999999999,1.12348057396023e-05,7.87890696098372e-07,-0.000230035280666317,-0.000137719483001235
11.927741908876,-9.47859815036874e-06,-1.65432746197378e-07,0.999999999999986,-3.21741288446647e-05,3.30721741961375e-06,0.000654517056130027,-0.000522271382029349
11.9327931647385,-5.47966494764479e-05,-9.56381952425097e-07,0.999999999999543,-0.000156584664837665,1.94178996781435e-05,0.00318944094247088,-0.00309974172030802
11.9348011627587,-7.86916236825981e-06,-1.37342792700168e-07,0.999999999999991,0.000407888429905397,2.72727518094507e-06,-0.00831207218784021,-0.000455870334903253
11.9368091607789,-9.75586631106665e-07,-1.70271988512506e-08,1,5.99181835025366e-05,2.73672166960457e-07,-0.00122191505632193,-6.69792918444276e-05
11.9403635158515,5.13909874053576e-06,8.96941936074427e-08,0.999999999999996,3.0025529323424e-05,-1.90461675642822e-06,-0.000612850680049093,0.00025881807657097
11.9450962735663,9.78884970395595e-05,1.7084765731682e-06,0.999999999998541,0.000342037872448558,-3.48946502444987e-05,-0.00697057307315283,0.00523806800079083
11.9489774204108,0.000184903845939619,3.2271809112411e-06,0.999999999994793,0.000391302983089529,-6.58432948626172e-05,-0.00797409782668847,0.0101308989932492
11.9510945235015,2.22745275034398e-05,3.88763844261048e-07,0.999999999999924,-0.00134070800778877,-8.00917691458748e-06,0.027317572867707,0.00122027164144416
11.9532116265922,2.6194758048534e-06,4.57184774710203e-08,0.999999999999999,-0.000162035268051242,-1.02133022344916e-06,0.00330066434738528,0.000135423147641525
11.9564528749229,-4.12881108668403e-06,-7.20613476554813e-08,0.999999999999997,-3.63377973876436e-05,1.37546967386188e-06,0.000739468147058884,-0.0002265447039151
11.9607872457644,-5.35780240401949e-05,-9.3511292621394e-07,0.999999999999563,-0.000199118075063132,1.89573467513477e-05,0.00405638504886635,-0.0028806115893618
11.9647411430745,-0.000125635253751416,-2.19274883453901e-06,0.999999999997596,-0.000318075005415222,4.45791897390271e-05,0.00648014881977839,-0.00688102695630024
11.9670807415068,-8.05894382159094e-06,-1.40655103920016e-07,0.99999999999999,0.00087711365431983,2.76290643522741e-06,-0.0178732737746703,-0.000472362692766178
11.9694203399392,1.48592774284009e-06,2.59343315592872e-08,1,7.12042858198927e-05,-6.33650688293435e-07,-0.00145176927655066,6.38286113044023e-05
11.9727023573116,6.87069116434157e-06,1.19916182705443e-07,0.999999999999993,2.86353911268348e-05,-2.55167480630657e-06,-0.000584404011414868,0.000355133282147277
11.9769866064759,4.14719665219915e-05,7.23822363085551e-07,0.999999999999738,0.000140959630783483,-1.4860979719708e-05,-0.00287315336746858,0.00223167464513033
11.981329012644,3.93546872260178e-05,6.8686886818651e-07,0.999999999999764,-8.50991212433632e-06,-1.41104498499918e-05,0.00017283732581782,0.00237391107562363
11.9832795213796,8.44158266383882e-06,1.47333411563261e-07,0.999999999999989,-0.000276612684056581,-3.11955089573123e-06,0.00563488835184253,0.000484136893905092
11.9852300301152,1.79666570408826e-06,3.13577320940022e-08,1,-5.94591951084237e-05,-7.58259493530132e-07,0.00121060283357541,9.25293262401085e-05
11.9883620592245,-4.02962252130982e-06,-7.03301806093716e-08,0.999999999999998,-3.24671033233771e-05,1.31107410780898e-06,0.000660700628610541,-0.000221756810488844
11.9926237176371,-4.0223962287666e-05,-7.02040580117744e-07,0.999999999999754,-0.000148231119986703,1.41795102093794e-05,0.00301958412794447,-0.00216835506956865
11.9967711430077,-0.000109344916906054,-1.90842882032909e-06,0.999999999998179,-0.000290876419088161,3.87572971122803e-05,0.00592603475823729,-0.0060216267481929
11.999075060944,-5.68510562915103e-06,-9.92238115523491e-08,0.999999999999995,0.000785273199310491,1.89061478020937e-06,-0.0160017341552821,-0.000344151779130575
12,-3.97227868046555e-06,-6.93293417808995e-08,0.999999999999998,3.23204751450294e-05,1.2808068181136e-06,-0.000659295288822305,-0.00023381696872227
12.0036104327352,1.74752146584975e-05,3.05000033283553e-07,0.999999999999953,0.000103679919423511,-6.34975035238611e-06,-0.00211347440327834,0.000906961861942991
12.0073460111168,7.73492941681106e-05,1.34999985732677e-06,0.999999999999089,0.000279742443416547,-2.76461877347415e-05,-0.00570097457658415,0.00413646901371786
12.0104836782121,4.10797106470651e-05,7.16976206557796e-07,0.999999999999743,-0.000201749781454405,-1.47495700528072e-05,0.00411025685322997,0.00223699050390903
12.013938951522,-2.90197240311438e-05,-5.06489732363558e-07,0.999999999999872,-0.000354086588582895,1.01780238641259e-05,0.00721436241977258,-0.00147759553827689
12.0168689804395,-5.47915852006786e-05,-9.56293564138694e-07,0.999999999999543,-0.000153515151024817,1.93408607522112e-05,0.00312721722075719,-0.00292483571343908
12.0193544783006,-1.31492797742141e-05,-2.2949822632593e-07,0.999999999999974,0.000292414388760734,4.5292108684809e-06,-0.00595922857777592,-0.000716163821871131
12.0224690898014,-5.10377569466594e-06,-8.90776901551813e-08,0.999999999999996,4.50844466905068e-05,1.66552083367114e-06,-0.000919437314749471,-0.000291227765038629
12.0260312931248,9.60948845122123e-06,1.6771721290618e-07,0.999999999999986,7.20887831904506e-05,-3.56979737599048e-06,-0.00146968539815267,0.000489157517028615
12.0295934964482,4.19077689925594e-05,7.31428551085283e-07,0.999999999999733,0.000158247940109178,-1.50588895154004e-05,-0.00322527691328484,0.00223038155600344
12.0329115275715,3.88986191030119e-05,6.78908977826669e-07,0.99999999999977,-1.58285354497055e-05,-1.39909330210726e-05,0.000321864519842304,0.00210577090243498
12.036383581054,-8.93728076206889e-06,-1.55984975473249e-07,0.999999999999988,-0.000240461144252904,3.01910836899225e-06,0.00489913000360975,-0.000414991536471688
12.0389391646353,-1.54089015474832e-05,-2.68936066119228e-07,0.999999999999964,-4.41977681622683e-05,5.31852645968349e-06,0.00089976242902364,-0.0008214277567779
12.0414947482166,-5.48412565488225e-06,-9.57160492707854e-08,0.999999999999995,6.7781002396228e-05,1.7870276550866e-06,-0.00138187568210484,-0.000302266695675596
12.0450632961554,-7.51745476995395e-06,-1.31204337105449e-07,0.999999999999991,-9.94474179501752e-06,2.50764332094725e-06,0.000201935262806026,-0.00041868416606379
12.0489764898627,7.75988521835907e-06,1.35435546637204e-07,0.999999999999991,6.81386876520071e-05,-2.92838551342559e-06,-0.00138915403657364,0.000373955317916879
12.0518551488403,1.76041691176116e-05,3.07250713180223e-07,0.999999999999953,5.96858356206744e-05,-6.43119599561056e-06,-0.00121682023104588,0.000926199697682905
12.0547338078179,9.8569407016077e-06,1.72036069416893e-07,0.999999999999985,-4.69714005087294e-05,-3.67783334818108e-06,0.000956474062709883,0.000522392540413579
12.0584550554888,8.08777645272093e-06,1.41158328265247e-07,0.99999999999999,-8.297685046022e-06,-3.05098849139219e-06,0.000168450184513438,0.000446175305164892
12.0613405077426,-6.87485246961451e-06,-1.19988811183636e-07,0.999999999999993,-9.05047515871165e-05,2.26837211717057e-06,0.00184351018164033,-0.000367216204173526
12.0642259599964,-6.68174656116644e-06,-1.16618477276163e-07,0.999999999999993,1.16804355469967e-06,2.19780453169923e-06,-2.44563344889174e-05,-0.000365588063379779
12.0680251201875,-1.44591100145884e-05,-2.52359076662649e-07,0.999999999999968,-3.57291065815331e-05,4.9612713068916e-06,0.000727388853383843,-0.000795449076502407
12.0716042731674,5.96656606938626e-06,1.04136222948566e-07,0.999999999999995,9.96032585406729e-05,-2.30523089448544e-06,-0.00203022956611052,0.000277087900464119
12.0751834261473,7.2842325017062e-05,1.27133840635522e-06,0.999999999999192,0.000326111286656265,-2.60910145953745e-05,-0.00664564600469031,0.00386312321595283
12.0780970965832,4.19717106281061e-05,7.32544543154683e-07,0.999999999999732,-0.000184919288249582,-1.51137261359318e-05,0.00376751204397794,0.00225519224058597
12.0809240745343,7.43736790672889e-06,1.29806557654577e-07,0.999999999999992,-0.000213209298380175,-2.83364456231447e-06,0.00434389011369439,0.000406569669544228
12.0842218141051,-1.26476234431016e-05,-2.20742671634543e-07,0.999999999999976,-0.000106299852295441,4.30742966898955e-06,0.00216544517173169,-0.000668575428759974
12.087519553676,-2.84904495116297e-05,-4.97252149351128e-07,0.999999999999876,-8.38481850300175e-05,9.93976306325419e-06,0.00170793759582111,-0.00153285389701659
12.0908315235695,-2.34142133551528e-05,-4.08655114811834e-07,0.999999999999917,2.67505555269662e-05,8.13243846533413e-06,-0.000545694754495029,-0.00128496265546331
12.0947628906243,2.71706538749067e-05,4.7421737003686e-07,0.999999999999888,0.000224571369839077,-9.86016508963345e-06,-0.00457667862194488,0.00134172980005509
12.0971099559038,1.41518518677798e-05,2.46996410347264e-07,0.999999999999969,-9.68106689152693e-05,-5.23096904943845e-06,0.00197233373982481,0.000735182284272336
12.0994570211832,3.80905885216959e-06,6.64806183725953e-08,0.999999999999998,-7.69112787601544e-05,-1.55387693090794e-06,0.00156667654315113,0.000194774424946918
12.103000344051,7.08435989408215e-06,1.2364540554797e-07,0.999999999999992,1.61331014157422e-05,-2.72058497738797e-06,-0.000329269471058802,0.000374915416472989
12.1080095884295,2.16388720188999e-05,3.77669563147467e-07,0.999999999999929,5.07110730491215e-05,-7.89877633203681e-06,-0.00103372703812654,0.00126456187637547
12.1101827812321,-7.34040590092858e-07,-1.28114251404024e-08,1,-0.000179680784797728,5.62450839382539e-08,0.0036605226220421,-2.96125849860887e-05
12.1123559740347,-6.17930736147395e-07,-1.07849258950444e-08,1,9.32498599725661e-07,1.37533452398932e-08,-1.95526778146563e-05,-3.81066813154891e-05
12.1159930721986,-6.28900993727159e-06,-1.09763930096031e-07,0.999999999999994,-2.72137291165408e-05,2.02876209123541e-06,0.000554015496757602,-0.000342356534898717
12.1208521154408,-8.34428065060589e-05,-1.45635171063476e-06,0.99999999999894,-0.000277130231903302,2.94649646823428e-05,0.00564642075065822,-0.00452451077423576
12.123796885419,-7.70915432585434e-06,-1.34550125530522e-07,0.999999999999991,0.000448864120073416,2.52969151680387e-06,-0.00914681736247774,-0.000468825327036446
12.1267416553973,2.25560471548611e-05,3.93677289087416e-07,0.999999999999923,0.000179378158063225,-8.23505148570796e-06,-0.00365554630141862,0.00118057330334101
12.1296009494432,1.64045648977125e-05,2.86313669822167e-07,0.999999999999959,-3.75489954997879e-05,-6.04858510112496e-06,0.000764687489086108,0.000872096805113011
12.1328204290833,1.01499329839494e-05,1.77149749426688e-07,0.999999999999984,-3.39073181383889e-05,-3.82563809954e-06,0.000690467792970897,0.000548042217779711
12.1364352239345,-1.01122037865692e-05,-1.7649125070827e-07,0.999999999999984,-9.78315546787133e-05,3.37879912593986e-06,0.00199304179686436,-0.000520308045352023
12.1400500187856,-7.1548399926381e-05,-1.24875515324869e-06,0.99999999999922,-0.00029663202109312,2.52262172603406e-05,0.00604388880528177,-0.00382053732199075
12.1430404970139,-4.15355202740784e-05,-7.24931585311462e-07,0.999999999999737,0.000175163812592642,1.45509152136097e-05,-0.00356976417545714,-0.00225448225596373
12.1460128230097,-4.39529818495206e-06,-7.6712424934344e-08,0.999999999999997,0.000218084813475635,1.34109569304572e-06,-0.00444427008993796,-0.000267644736972274
12.1497754830295,5.9257395118207e-05,1.03423665096774e-06,0.999999999999465,0.000295256300076135,-2.12980139565557e-05,-0.00601678321459557,0.00311979639148079
12.1528955853198,6.90206807516548e-05,1.20463813108396e-06,0.999999999999274,5.46140684697522e-05,-2.47712194006871e-05,-0.00111317037742756,0.00369988311116422
12.1555619214351,1.43743311928725e-05,2.50879407087746e-07,0.999999999999969,-0.000357703861318109,-5.33793029747745e-06,0.00728838685868178,0.000778218145218792
12.1595963543023,-2.43375869351001e-05,-4.24771024007839e-07,0.99999999999991,-0.000167470981258746,8.42823584775479e-06,0.00341216884709835,-0.00123190300168368
12.1620495950376,-1.49106203956439e-05,-2.60239419419002e-07,0.999999999999966,6.70670441022586e-05,5.0742862809934e-06,-0.00136715060959167,-0.000794122481069978
12.1645028357729,-4.12930144042821e-06,-7.20699059428168e-08,0.999999999999997,7.6702424987251e-05,1.23900003700589e-06,-0.0015633550302574,-0.000227322100892354
12.1681732297254,-7.19893598406408e-06,-1.25645135562216e-07,0.999999999999992,-1.45965883534194e-05,2.32921562739157e-06,0.00029702958442529,-0.000398413116927031
12.172194075248,6.36267989637424e-06,1.11049713442182e-07,0.999999999999994,5.88669342495225e-05,-2.49551849499532e-06,-0.00119993023738636,0.000298357151360419
12.1750152608238,1.6117028859678e-05,2.81295219240325e-07,0.99999999999996,6.03453765178624e-05,-5.96544916919255e-06,-0.00122995477644845,0.000848201291392746
12.1778364463996,8.52886499796319e-06,1.48856775672557e-07,0.999999999999989,-4.69442509220343e-05,-3.26778329902346e-06,0.000956217093024215,0.000452420620831449
12.181556425131,8.62379220668736e-06,1.50513568014521e-07,0.999999999999989,4.45376831855672e-07,-3.30280142985115e-06,-9.41352984952207e-06,0.000473259786849708
12.1843264785909,-3.49204693514089e-06,-6.09477166523854e-08,0.999999999999998,-7.63383406601121e-05,1.00501913280847e-06,0.00155513986464686,-0.000186561378752656
12.1870965320508,-3.251296676061e-06,-5.67458319564119e-08,0.999999999999998,1.51689660753268e-06,9.1839913929417e-07,-3.12701522800598e-05,-0.000179496252324427
12.1912277682782,-1.47495305017659e-05,-2.57427870379143e-07,0.999999999999967,-4.8576752180871e-05,5.00614842708203e-06,0.00098947362549766,-0.000805390480509076
12.1951068387467,-1.25369503603788e-06,-2.188110619477e-08,1,6.07224761957802e-05,2.04974652694207e-07,-0.00123771243997589,-0.00012472019812458
12.1977769478906,1.32911359208823e-05,2.31974083149483e-07,0.999999999999973,9.50729635619665e-05,-4.96839115381474e-06,-0.00193751098839249,0.000693892270587141
12.2004470570345,6.47725405211235e-06,1.13049409697505e-07,0.999999999999994,-4.45392555296004e-05,-2.54590707548277e-06,0.000907260320750706,0.000340673940173301
12.2040641691904,9.0752598789345e-06,1.58393165361548e-07,0.999999999999987,1.25358998311789e-05,-3.4709530625885e-06,-0.000255741582578854,0.000489210896536402
12.2077805005515,-7.90795266747889e-06,-1.38019811139374e-07,0.99999999999999,-7.97595660071973e-05,2.56789459242136e-06,0.001624948657218,-0.000400885381522072
12.2114968319126,-8.24919179160033e-05,-1.43975557391866e-06,0.999999999998964,-0.000350274406744941,2.90917171826015e-05,0.00713709839433455,-0.00439789938319439
12.2144794527663,-4.99016870421763e-05,-8.70948741185657e-07,0.999999999999621,0.000190707052834318,1.75002028845896e-05,-0.00388635192555231,-0.00270257926900197
12.217310430668,-6.39144236718327e-06,-1.11551713258808e-07,0.999999999999994,0.000268245480642633,2.02545822174909e-06,-0.00546621881209802,-0.000369491416137531
12.2211885117761,5.53262522142656e-05,9.65625263927588e-07,0.999999999999534,0.000277760301330952,-1.99250411203423e-05,-0.00566014447091946,0.00290306826001025
12.2244175121272,9.01275587122692e-05,1.57302264631295e-06,0.999999999998763,0.000188106942197459,-3.23023034579503e-05,-0.00383315608302072,0.00482779939122335
12.2270188861567,1.86949517158661e-05,3.26288460943221e-07,0.999999999999947,-0.000479259872362466,-6.89874907036862e-06,0.00976543707248111,0.00101091536989432
12.2305184004331,-4.79820737521913e-06,-8.37445168910488e-08,0.999999999999996,-0.000117168539816724,1.45551605207819e-06,0.00238726419228286,-0.000225728849189979
12.2333706183979,-1.70585178963343e-05,-2.97727302801406e-07,0.999999999999956,-7.50232936452701e-05,5.81486396713121e-06,0.00152840630306553,-0.00090952152902378
12.2362228363626,-9.71036446605547e-06,-1.69477831501328e-07,0.999999999999986,4.49648213722538e-05,3.2007774866305e-06,-0.000916510067884104,-0.000527851662582345
12.2398603807005,-8.73576932493452e-06,-1.52467937414829e-07,0.999999999999988,4.67620254396226e-06,2.85317603926635e-06,-9.55593705747587e-05,-0.000491111325265349
12.2427080470885,4.57679023688515e-06,7.9880058806777e-08,0.999999999999997,8.15924215002383e-05,-1.88193212997234e-06,-0.00166280298464574,0.000231741046134643
12.2455557134765,4.91238319931692e-06,8.5737260947733e-08,0.999999999999996,2.0568428119396e-06,-2.00192777818975e-06,-4.21382394802817e-05,0.000256683573367873
12.2495308761333,1.58482658822374e-05,2.76604420376524e-07,0.999999999999962,4.80149306849729e-05,-5.89201945305281e-06,-0.000978599370817493,0.000854279338869803
12.2532962541481,-1.24089977978804e-06,-2.16577868445738e-08,1,-7.92117567079991e-05,1.84892381410977e-07,0.00161389156961034,-2.51704423834457e-05
12.256028418267,-1.47248089621008e-05,-2.56996398115824e-07,0.999999999999967,-8.61363377289452e-05,4.97949383905459e-06,0.00175487315150028,-0.000782601378745258
12.2587605823858,-7.43389477280511e-06,-1.29745940032245e-07,0.999999999999992,4.65749686141252e-05,2.38590159575698e-06,-0.000949281276850742,-0.000403839326766973
12.2623737268233,-8.9180763147222e-06,-1.55649794636024e-07,0.999999999999988,-7.16933824582605e-06,2.91290579966809e-06,0.00014585749698656,-0.000494381908590465
12.2658311226393,8.68948855761491e-06,1.51660185644753e-07,0.999999999999988,8.88848129170167e-05,-3.34979155859461e-06,-0.00181139148991021,0.000440008548895738
12.2692885184552,3.98461307658444e-05,6.95446176044139e-07,0.999999999999758,0.000157281959991627,-1.44309373276493e-05,-0.00320505558488115,0.00212029050232761
12.2725024609485,3.42872915329402e-05,5.98426128840944e-07,0.999999999999821,-3.01872380747841e-05,-1.24544573172473e-05,0.000614970558601009,0.00185332113525456
12.2758620360392,1.4367883653317e-06,2.50766876293853e-08,1,-0.000170661296662533,-7.72038056745976e-07,0.00347735024375253,0.000119622516140056
12.2786121431686,-1.50323225875011e-05,-2.62363523373804e-07,0.999999999999966,-0.000104519641408052,5.08431520623746e-06,0.00212950004757374,-0.00079753973161325
12.2813622502981,-8.21225562020743e-06,-1.43330899588028e-07,0.99999999999999,4.32829043317499e-05,2.65826518890216e-06,-0.000882165640516691,-0.000445053258452382
12.284913640037,-9.22484901300389e-06,-1.61003988276266e-07,0.999999999999987,-4.97638670701578e-06,3.01769700725001e-06,0.000101208778751569,-0.000510112612859846
12.2884419950425,8.93931665072702e-06,1.56020508433538e-07,0.999999999999988,8.98505100014366e-05,-3.44285503726091e-06,-0.00183103798638465,0.000450923645629002
12.291970350048,5.05397907398456e-05,8.82085751679132e-07,0.999999999999611,0.000205780099257315,-1.82381271841543e-05,-0.00419324929715219,0.00268973696210628
12.2950975515939,3.78223996646748e-05,6.60125405153727e-07,0.999999999999782,-7.09773077511238e-05,-1.37156377061273e-05,0.00144617780836948,0.00204349734894878
12.2982820183483,3.38340557826886e-06,5.90515672711342e-08,0.999999999999998,-0.000188751801871356,-1.46820997865025e-06,0.00384599013657598,0.000212988623066037
12.3,1.95971896304278e-06,3.42035483188655e-08,0.999999999999999,-1.44634949549399e-05,-9.62317893182549e-07,0.000294468852424876,0.000106746507657856
12.3032542205548,-5.16892724794675e-06,-9.02147992727199e-08,0.999999999999996,-3.8232917989706e-05,1.57241780349133e-06,0.000778907161945515,-0.000276049056962012
12.3075008526842,-5.04660905031764e-05,-8.80799439889757e-07,0.999999999999612,-0.000186167441992736,1.76811928549931e-05,0.003793305980032,-0.00271158623353824
12.3114445534261,-0.000102523627235581,-1.78937485634727e-06,0.999999999998399,-0.000230386501388879,3.61935983594677e-05,0.00469417096171635,-0.00563423331961661
12.31373029418,-6.57670919405568e-06,-1.14785229382454e-07,0.999999999999993,0.000732624478132658,2.07145686486857e-06,-0.0149282640371691,-0.000382943404054444
12.3160160349339,8.39584720785595e-07,1.46535177271459e-08,1,5.66287961087761e-05,-5.66240454357415e-07,-0.00115397921428146,3.62191959093488e-05
12.3193981366352,6.49447439776606e-06,1.13349961427493e-07,0.999999999999994,2.91819857645788e-05,-2.57775354440965e-06,-0.000594752395915978,0.000340787561221588
12.3238440922491,5.29788959400716e-05,9.24656168225574e-07,0.999999999999572,0.000182481850303595,-1.91098088846135e-05,-0.00371844813033973,0.00285703671296686
12.3281202443086,6.24424716821348e-05,1.08982672393636e-06,0.999999999999406,3.86259780787437e-05,-2.24743290324943e-05,-0.000786810221217782,0.00365135112943399
12.3300309747107,1.41271223444199e-05,2.46564798742184e-07,0.99999999999997,-0.000441329621514729,-5.29316837747876e-06,0.00899193346991662,0.000800471583725198
12.3319417051129,2.93458851729042e-06,5.12182318179364e-08,0.999999999999999,-0.000102236593244747,-1.31309594974026e-06,0.00208301099060073,0.000160345346574038
12.3350200171732,-3.70979559852674e-06,-6.47481477702853e-08,0.999999999999998,-3.76720674562122e-05,1.04957272157401e-06,0.000767520844217769,-0.000198074462403546
12.339211244149,-3.83042424464509e-05,-6.68535148172686e-07,0.999999999999777,-0.000144059723772505,1.3352264574387e-05,0.00293534373677002,-0.00205562177231062
12.3432865323058,-0.000110072298300183,-1.92112402057436e-06,0.999999999998155,-0.000307362037779346,3.88747263956007e-05,0.00626273795604271,-0.00602146329858891
12.3456708864902,-5.91175970287205e-06,-1.03179671401839e-07,0.999999999999995,0.000762447274428571,1.83149032474381e-06,-0.0155359620282526,-0.000348793286297226
12.3480552406746,2.00304680961391e-06,3.49597618993308e-08,0.999999999999999,5.7935785800845e-05,-9.83400531613001e-07,-0.00118056741517894,9.82486444984081e-05
12.3513627346243,7.30056940311501e-06,1.27418973354714e-07,0.999999999999992,2.79544612514882e-05,-2.86766035036198e-06,-0.000569694109022036,0.000385178962166734
12.3556543156667,4.03857508259766e-05,7.04864322803254e-07,0.999999999999752,0.0001345530571911,-1.4634219836879e-05,-0.00274177730073267,0.00218461897276669
12.3589387452802,2.11206605214212e-06,3.68625066294782e-08,0.999999999999999,-0.000203384421278545,-1.02272096421802e-06,0.00414425044052472,0.000157616249410923
12.3622231748938,-5.11956951511326e-05,-8.9353344323444e-07,0.999999999999601,-0.000283274741537164,1.79352857286741e-05,0.0057720849352081,-0.00271242756544471
12.3650134304514,-2.7386113094036e-05,-4.77977842814441e-07,0.999999999999886,0.000148931017906091,9.46728406515945e-06,-0.00303484805908708,-0.00147477916760187
12.367886534411,-7.61066180171295e-06,-1.32831106695654e-07,0.999999999999991,0.000120130263634738,2.43415553017574e-06,-0.00244791996176886,-0.000421457963502685
12.3715517776726,1.13023423044217e-05,1.97263086399601e-07,0.999999999999981,9.00606506950046e-05,-4.29233890749154e-06,-0.00183521091441262,0.000576304604631302
12.3752170209342,7.29715465066352e-05,1.27359374681261e-06,0.999999999999189,0.000293658724289757,-2.62244430978751e-05,-0.00598380588272445,0.00388996882180323
12.3782580129176,4.40466641506976e-05,7.68759313949749e-07,0.999999999999704,-0.000166009787469682,-1.59375435589618e-05,0.00338274470798625,0.00238348663603598
12.3812838143585,2.54131365862533e-06,4.43542906689152e-08,0.999999999999999,-0.000239409306076322,-1.17674447200062e-06,0.00487831054861558,0.000163961847860196
12.3847944465223,-5.02922939022172e-05,-8.77766116974244e-07,0.999999999999615,-0.000262665059912461,1.76128102042447e-05,0.00535218553223226,-0.00266315163999606
12.3878044626547,-4.31460877212811e-05,-7.53041290090582e-07,0.999999999999716,4.1436597479171e-05,1.50709931672082e-05,-0.0008444529614588,-0.00232288996163394
12.3906406286124,-1.05622868335513e-05,-1.84346681785515e-07,0.999999999999983,0.000200515279007398,3.48279132728134e-06,-0.00408586874430192,-0.000584298977043293
12.394009954579,1.030556880094e-05,1.79866106867207e-07,0.999999999999984,0.000108096631867008,-3.93876965790036e-06,-0.00220268417443924,0.000527063544297375
12.3973792805456,3.65435039562889e-05,6.37804464252772e-07,0.999999999999797,0.000135913937067416,-1.32700125757448e-05,-0.0027694687336024,0.00194686591147869
12.4005660736865,2.88233430005105e-05,5.03062236790548e-07,0.999999999999873,-4.22814476827697e-05,-1.05243522703752e-05,0.000861574687776843,0.00155994799130818
12.4040348263635,-7.64231884941801e-07,-1.33383626409569e-08,1,-0.000148872129989826,-1.76031548693167e-09,0.00303353768191307,5.89647310583276e-06
12.4067459711162,-1.49030579282429e-05,-2.60107429463281e-07,0.999999999999966,-9.10202476543186e-05,5.02630037209497e-06,0.00185458953546296,-0.000789652551029381
12.409457115869,-7.36490366468187e-06,-1.28541818040895e-07,0.999999999999992,4.85276971245337e-05,2.34533502921423e-06,-0.000988868388586749,-0.000398080350113175
12.4130433290722,-8.82037861023403e-06,-1.53944648021065e-07,0.999999999999988,-7.0834689798613e-06,2.86286416886155e-06,0.000144310756310525,-0.000486377768714333
12.4165905006199,8.77282271207077e-06,1.53114641019373e-07,0.999999999999988,8.65645444292571e-05,-3.39405277388798e-06,-0.00176391721082075,0.000443863375183965
12.4201376721676,5.1497278446626e-05,8.98797064709813e-07,0.999999999999596,0.000210218878241383,-1.85884864433957e-05,-0.00428353505465283,0.00274230641929921
12.4232711962609,3.89858773976138e-05,6.80431922367147e-07,0.999999999999769,-6.96867602881035e-05,-1.41387465113842e-05,0.00142004331213169,0.00210808293066132
12.426442969781,3.38555668593974e-06,5.90891111825561e-08,0.999999999999998,-0.000195897597115651,-1.47780138276563e-06,0.00399175573172027,0.000214834885341193
12.4293438754218,-1.60915166938956e-05,-2.80849947948108e-07,0.999999999999961,-0.000117183769906335,5.44889436046721e-06,0.00238777009697548,-0.000851774528695076
12.4322447810625,-1.20889742889876e-05,-2.10992404531773e-07,0.999999999999978,2.40812877309728e-05,4.02538366662852e-06,-0.000490712511920792,-0.00065172109669945
12.4357274066337,-1.09786089635318e-05,-1.9161287370259e-07,0.999999999999982,5.56463232494864e-06,3.6304627494549e-06,-0.00011339746668136,-0.000606123106506266
12.439049697672,9.01346811370165e-06,1.57314695607616e-07,0.999999999999988,0.000105026189846986,-3.47947087294393e-06,-0.00214006947029647,0.000459793760082389
12.4423719887102,3.06285721468129e-05,5.34569429146488e-07,0.999999999999857,0.000113552584405004,-1.11665044042225e-05,-0.00231377487486082,0.00163097881509448
12.4456165694915,2.76255961807169e-05,4.82157611179862e-07,0.999999999999884,-1.61536486528577e-05,-1.00983206272334e-05,0.00032922089138656,0.0014947984725421
12.4491668445459,8.86522449340905e-08,1.54727356338434e-09,1,-0.000135372705002305,-3.04816704716389e-07,0.00275851976887712,5.69835861682102e-05
12.451822411511,-1.38514273488744e-05,-2.41753013338646e-07,0.999999999999971,-9.16189612621991e-05,4.65265779738287e-06,0.0018668233817129,-0.000732556742659605
12.4544779784761,-6.37065642014741e-06,-1.11188930044887e-07,0.999999999999994,4.91661799574543e-05,1.99222104347165e-06,-0.0010018338038182,-0.00034389553446111
12.4580738756995,-8.62780547990691e-06,-1.50583612845984e-07,0.999999999999989,-1.09554529380752e-05,2.79502340221909e-06,0.000223255090140955,-0.000473830935944298
12.4618075578425,8.19526792126525e-06,1.4303440830915e-07,0.99999999999999,7.86403367796579e-05,-3.18788513339949e-06,-0.00160241507081864,0.00040753407759365
12.4647867717002,1.97420689338948e-05,3.44564104052144e-07,0.999999999999941,6.76452599141665e-05,-7.29414041226857e-06,-0.00137830161748093,0.00104711969230362
12.4677659855579,1.25976106084519e-05,2.1986978300165e-07,0.999999999999976,-4.18547734426104e-05,-4.75309502985291e-06,0.000852924799561059,0.00067719306772098
12.4714615673312,7.06787029184052e-06,1.23357607696509e-07,0.999999999999992,-2.61155566904632e-05,-2.78620726775005e-06,0.000532226827263717,0.00040416452119851
12.4743289962257,-9.91932226670584e-06,-1.73124833120403e-07,0.999999999999985,-0.000103396614781244,3.25514395180908e-06,0.00210688789219965,-0.000522955315934862
12.4771964251202,-8.18628681115528e-06,-1.42877658367246e-07,0.99999999999999,1.05485352439622e-05,2.63889710840507e-06,-0.000214912685223576,-0.000440823986280212
12.4808630726312,-1.26458572509122e-05,-2.20711845765615e-07,0.999999999999976,-2.1227616552803e-05,4.22501957521691e-06,0.000432581114503586,-0.000692804126355872
12.4843803805695,7.72459535534531e-06,1.34819622335037e-07,0.999999999999991,0.000101080563413812,-3.0193909714124e-06,-0.0020596463755128,0.00038269334431611
12.4878976885077,5.72965980436991e-05,1.00001428605412e-06,0.9999999999995,0.000245982063243434,-2.06488609529144e-05,-0.00501220543975201,0.003047236826236
12.4909151764381,3.76827828211867e-05,6.57688631543618e-07,0.999999999999784,-0.000113447232405044,-1.36730334579644e-05,0.00231179963467367,0.00203355572769834
12.4939416940115,6.06675261046581e-06,1.05884807956589e-07,0.999999999999994,-0.000182323019838685,-2.42890938998536e-06,0.00371520197556455,0.000346865912448596
12.4970456443721,-1.50836664125831e-05,-2.63259642172054e-07,0.999999999999965,-0.00011892730464142,5.09315939766768e-06,0.00242338565819199,-0.000795535039137254
12.5001495947327,-1.90872645677473e-05,-3.33135611906436e-07,0.999999999999944,-2.25119482002774e-05,6.51712432740548e-06,0.000458758924693592,-0.00102588871722441
12.5035450968704,-1.57705727831128e-05,-2.75248419990721e-07,0.999999999999962,1.70481977534624e-05,5.33772472987195e-06,-0.000347341733183057,-0.000866654983919643
12.5068067140309,9.20206302918801e-06,1.60606297835373e-07,0.999999999999987,0.000133631476775329,-3.54329647738861e-06,-0.00272288891380718,0.000466269885127563
12.5100683311913,3.17576967265268e-05,5.54276370727689e-07,0.999999999999846,0.000120697817532503,-1.15646172392209e-05,-0.00245930787313385,0.00169014200865992
12.5132102424187,2.49381103630412e-05,4.35252135060773e-07,0.999999999999905,-3.7882749400937e-05,-9.13893044669848e-06,0.000772041797801875,0.00134758964691437
12.516676655357,3.54839979337994e-06,6.19312595715663e-08,0.999999999999998,-0.00010769659649112,-1.53148467867756e-06,0.00219461613587233,0.000228540003859313
12.5194695189058,-1.37284128106322e-05,-2.39606004618498e-07,0.999999999999971,-0.000107967059229548,4.61290129189046e-06,0.00220003085122961,-0.000725480969957673
12.5222623824546,-8.5039665362353e-06,-1.48422215536723e-07,0.999999999999989,3.26488521510275e-05,2.75505968014669e-06,-0.000665210304514217,-0.000458014421435704
12.5258390689423,-1.01212998407932e-05,-1.76650006803418e-07,0.999999999999984,-7.89216258209137e-06,3.3305010862461e-06,0.00016088673359159,-0.000556336632143387
12.5293350868192,8.72661834864744e-06,1.52308222748848e-07,0.999999999999988,9.40951222621127e-05,-3.37229452031142e-06,-0.00191726582720063,0.000441644041881546
12.532831104696,4.81394972202114e-05,8.40192726747247e-07,0.999999999999647,0.000196762295912306,-1.73886568757424e-05,-0.00400923646536953,0.00256375209475913
12.53595350526,3.61119545474946e-05,6.30272506184279e-07,0.999999999999801,-6.7230394135474e-05,-1.31107099296976e-05,0.0013700826842781,0.00195287203027619
12.5391550747645,3.7262718821774e-06,6.50357131684819e-08,0.999999999999998,-0.000176549905355762,-1.59270327892473e-06,0.00359761255673248,0.000233151695488082
12.5420600852773,-1.56832033562366e-05,-2.7372353582615e-07,0.999999999999963,-0.00011661205613684,5.31022994322527e-06,0.00237621626213654,-0.000828984609987739
12.5449650957901,-1.20106567290493e-05,-2.09625505248722e-07,0.999999999999978,2.20646466838594e-05,4.00435017631498e-06,-0.000449526692300933,-0.000646424393423452
12.5484553617919,-1.11937102373877e-05,-1.95367099156611e-07,0.999999999999981,4.08519181191564e-06,3.71410134870391e-06,-8.31595149075527e-05,-0.000616656095976006
12.5517848190585,8.99070923901036e-06,1.56917478310204e-07,0.999999999999988,0.000105808409376567,-3.4639360057727e-06,-0.00215591815112682,0.000459119579882754
12.5551142763251,3.15718228382246e-05,5.51032259383332e-07,0.999999999999848,0.000118372079745877,-1.1494220235303e-05,-0.00241188986267321,0.00168208623082845
12.5583447403987,2.79166775881154e-05,4.87237940130303e-07,0.999999999999881,-1.9747725961403e-05,-1.01938110902681e-05,0.000402545614320176,0.00151127881379696
12.5618661512467,6.44756278224409e-07,1.12531199279206e-08,1,-0.000135168783405729,-4.94264358784446e-07,0.00275444904046341,8.52242470113763e-05
12.5645456529644,-1.40022316266457e-05,-2.44385044511846e-07,0.99999999999997,-9.54051131046925e-05,4.71486134717974e-06,0.00194406507433348,-0.000739695546819448
12.5672251546821,-6.75355278838168e-06,-1.17871732364504e-07,0.999999999999993,4.72152383080911e-05,2.13719643502796e-06,-0.000961994125676721,-0.000363550074092412
12.5708160898734,-8.82658889393738e-06,-1.54053037919171e-07,0.999999999999988,-1.00757333751835e-05,2.8748239708253e-06,0.000205413770093457,-0.000484079774741485
12.5744947750761,8.4019787700618e-06,1.46642193220242e-07,0.999999999999989,8.17398648064752e-05,-3.25197571471429e-06,-0.00166548626692443,0.000421107696625894
12.5781734602789,7.43726561464377e-05,1.29804772320857e-06,0.999999999999158,0.000312993764490625,-2.67132334722831e-05,-0.00637762039001017,0.00395955007647498
12.5811909867841,4.72576688961769e-05,8.24801919055508e-07,0.99999999999966,-0.000156832360324573,-1.70694561569425e-05,0.00319592132785057,0.00255350850008326
12.5840990717808,5.82752244390636e-06,1.01709453880032e-07,0.999999999999995,-0.000248649013352733,-2.33491310738021e-06,0.00506675116658487,0.000334757858744714
12.5878893298908,-5.72563930591813e-05,-9.99312576698576e-07,0.999999999999501,-0.000290487349046068,2.01008145783335e-05,0.00591931394498663,-0.00301788140358105
12.5910366672177,-7.4438231477626e-05,-1.29919222864589e-06,0.999999999999156,-9.52804293933274e-05,2.62114354423917e-05,0.00194152079344547,-0.0039965821595002
12.593675471749,-1.54982841225787e-05,-2.70496086348555e-07,0.999999999999963,0.000389834157884814,5.25041029779836e-06,-0.00794337924451962,-0.000846392479204119
12.5974529076923,1.22130169733334e-05,2.13157357786619e-07,0.999999999999977,0.000128037497230763,-4.60451077557086e-06,-0.0026088916453332,0.000599362521426277
12.6001010211171,1.603752850978e-05,2.79907676378118e-07,0.999999999999961,2.52067445328038e-05,-5.96405537974903e-06,-0.000513401197800948,0.00084783401209256
12.6027491345418,6.17196511602132e-06,1.07721112592806e-07,0.999999999999994,-6.50223522059779e-05,-2.45505664952598e-06,0.00132509381865225,0.000329686561954789
12.6064527322326,7.76772020471044e-06,1.35572292945885e-07,0.999999999999991,7.52003394505829e-06,-3.02199403711231e-06,-0.000153077476262168,0.000426010276357323
12.6097958387591,-7.80734432634738e-06,-1.3626386433166e-07,0.999999999999991,-8.13124425210521e-05,2.51759687938531e-06,0.00165701896502295,-0.000404456518679993
12.6131389452856,-2.51905954357881e-05,-4.39658830892343e-07,0.999999999999903,-9.07524077249784e-05,8.70017408714826e-06,0.00184935094313047,-0.0013464778816222
12.6165463837508,-2.93133577231215e-05,-5.11614607083356e-07,0.999999999999869,-2.11172635766945e-05,1.01667383592709e-05,0.00043040080902415,-0.00159319990579126
12.6202778975737,6.29948589663355e-06,1.09946770079202e-07,0.999999999999994,0.000166570836035215,-2.49837273031357e-06,-0.00339409464645538,0.000251735374065675
12.6227359851279,1.27193257123308e-05,2.21994112313743e-07,0.999999999999975,4.55831372003629e-05,-4.78076818485525e-06,-0.000928524881313823,0.000665748244126949
12.6251940726821,4.27844070483e-06,7.46728771506302e-08,0.999999999999997,-5.99332741057819e-05,-1.77842437109131e-06,0.00122141451333123,0.000226477711019579
12.6287680225599,7.55112921037623e-06,1.31792066964584e-07,0.999999999999991,1.59820903390316e-05,-2.94175093288486e-06,-0.000325501644279928,0.000407452599397553
12.6338280538351,6.60979629612161e-06,1.15362708253448e-07,0.999999999999993,-3.24688876762009e-06,-2.6054515166739e-06,6.64619244275426e-05,0.000493940062554172
12.6359439034048,-2.18709088769886e-06,-3.81719370307107e-08,0.999999999999999,-7.25640648007279e-05,5.22727120046258e-07,0.00147845039719276,-9.76372795112583e-05
12.6380597529745,-7.76447432061855e-07,-1.35515641581343e-08,1,1.16361641324484e-05,2.12771590496267e-08,-0.000236996981344095,-3.99545702728529e-05
12.641561674077,-5.91513511217714e-06,-1.03238583407815e-07,0.999999999999995,-2.56108052193106e-05,1.84933631507356e-06,0.000522016088459454,-0.000316201273252966
12.6462836397268,-6.65294331669388e-05,-1.16115765824834e-06,0.999999999999326,-0.000224042094604146,2.34066791641232e-05,0.00456533241611854,-0.00360027388980554
12.6494353034528,-8.96985580942642e-06,-1.56553517303631e-07,0.999999999999988,0.000318753594382494,2.93663415629182e-06,-0.00649499654389251,-0.000539866161626933
12.6525869671788,4.30419650972557e-05,7.51224007475522e-07,0.999999999999718,0.000288031212623553,-1.5560159766954e-05,-0.00586889831256415,0.00226860029878636
12.6553129993862,2.24200471229929e-05,3.91303640748498e-07,0.999999999999923,-0.00013203085632894,-8.22556142932252e-06,0.00269057655211993,0.00120023831867721
12.6581995959728,7.65222750049744e-06,1.33556564995336e-07,0.999999999999991,-8.92909930518337e-05,-2.97303977599532e-06,0.00181962442476352,0.000416163590087723
12.6626261602572,-2.01694128053986e-05,-3.52022661648104e-07,0.999999999999938,-0.000109696639526619,6.92251442866192e-06,0.00223549316557043,-0.00100761221574352
12.665056794275,-1.27844284482599e-05,-2.23130369407762e-07,0.999999999999975,5.30282598260648e-05,4.2961836315064e-06,-0.00108051264726568,-0.000675291391779467
12.6674874282929,-3.59297087550893e-06,-6.27091717058941e-08,0.999999999999998,6.59997336185195e-05,1.02769586517631e-06,-0.00134470584313971,-0.000193012613150371
12.6712169500041,-7.51933906283835e-06,-1.31237224220354e-07,0.999999999999991,-1.8374488156812e-05,2.42466063093438e-06,0.000374569415036113,-0.000409486785671771
12.6753968371241,3.50916372784173e-06,6.12464610423964e-08,0.999999999999998,4.6049972101699e-05,-1.49700765029726e-06,-0.000938223489935348,0.0001420435323597
12.6780887478549,1.33804627910771e-05,2.33533131144883e-07,0.999999999999973,6.40016283352909e-05,-5.00697110117641e-06,-0.00130389296002987,0.000705734034574358
12.6807806585856,6.14089447673522e-06,1.07178827636564e-07,0.999999999999994,-4.6938519195324e-05,-2.4317782489412e-06,0.000956641252178192,0.000328147114783909
12.6844998538297,8.835489389039e-06,1.54208380863752e-07,0.999999999999988,1.26450885582699e-05,-3.38937410470335e-06,-0.000257473940708078,0.000483447377179125
12.6879417298975,-8.13417998817086e-06,-1.41968222743415e-07,0.99999999999999,-8.60509204209835e-05,2.64634732965613e-06,0.00175361381859915,-0.000417461524351242
12.6913836059653,-3.66717480704846e-05,-6.40042746291791e-07,0.999999999999795,-0.000144710185300224,1.27959628387898e-05,0.00294886140850763,-0.00195702916165771
12.6946329680469,-3.37806625518339e-05,-5.89583785034617e-07,0.999999999999826,1.55288822823057e-05,1.17681926304995e-05,-0.000316299071169014,-0.00183209361713982
12.6980395719343,-1.11785138461168e-06,-1.95101872094513e-08,1,0.000167343670314747,1.52471070313684e-07,-0.00340976583839558,-0.000112439448203979
12.7007469409203,1.46999962547811e-05,2.56563334676762e-07,0.999999999999967,0.000101971147380153,-5.47226992366379e-06,-0.00207756719642408,0.000773726906792164
12.7034543099063,7.50246632579212e-06,1.30942739405074e-07,0.999999999999991,-4.63995103438848e-05,-2.91198962010699e-06,0.000945670987875815,0.000400863903822329
12.7070160275926,9.02562073465256e-06,1.57526798855956e-07,0.999999999999988,7.46383116013134e-06,-3.45298051281598e-06,-0.000151890447349062,0.000492434696499886
12.7106448928591,-8.63742406587326e-06,-1.50751488840483e-07,0.999999999999989,-8.49517039247136e-05,2.82943542502678e-06,0.00173123427754683,-0.00043788867000358
12.7142737581255,-6.5680193386883e-05,-1.14633562794746e-06,0.999999999999343,-0.000274351364961714,2.31166900676375e-05,0.00559052297429844,-0.00350059089476318
12.7173255192035,-4.3775009777921e-05,-7.6401805071736e-07,0.999999999999708,0.000125277689654513,1.53266884339144e-05,-0.00255262500392413,-0.00236927690218726
12.7203221043997,-4.97207402398692e-06,-8.67790623714552e-08,0.999999999999996,0.000226003582080671,1.52738931732385e-06,-0.00460500810529071,-0.000295115236251809
12.7240582135616,6.22451163068957e-05,1.08638222284193e-06,0.99999999999941,0.000314006158377502,-2.23770802131205e-05,-0.00639822566591108,0.00328324039631826
12.7271225042697,6.48314373476973e-05,1.1315220405175e-06,0.99999999999936,1.47309188244194e-05,-2.32959783769582e-05,-0.000299873037961335,0.00348030495883375
12.7297687432032,1.3197316320076e-05,2.30336622212507e-07,0.999999999999973,-0.000340553306394998,-4.93235127855702e-06,0.00693951965792589,0.000719330343129602
12.7338051589751,-2.018362176632e-05,-3.5227065479947e-07,0.999999999999938,-0.00014433777636718,6.94029379658832e-06,0.00294138308490091,-0.00101064676467966
12.7362963334813,-1.47704436308523e-05,-2.57792873338595e-07,0.999999999999967,3.79249953094572e-05,5.01529813914196e-06,-0.000772726138892337,-0.000781391518625578
12.7387875079874,-4.43054213369626e-06,-7.73275478813344e-08,0.999999999999997,7.2441864273881e-05,1.33844698557843e-06,-0.00147595085951727,-0.000237876967424703
12.7424823948511,-7.44537799908807e-06,-1.29946360139634e-07,0.999999999999992,-1.42409806306854e-05,2.41130941001854e-06,0.000290364079881561,-0.000406751180010153
12.7463514408991,7.32916710807063e-06,1.27918097464703e-07,0.999999999999992,6.66480714899136e-05,-2.84247165806873e-06,-0.00135790088898372,0.000361758865182774
12.749288663084,1.83367286904602e-05,3.20036289693434e-07,0.999999999999949,6.54081237749589e-05,-6.75649661212433e-06,-0.00133256005422091,0.000973505950528489
12.752225885269,1.11858271132797e-05,1.95229512685582e-07,0.999999999999981,-4.24914320907427e-05,-4.21272007875244e-06,0.000866048386258647,0.000602381393521398
12.7559318651292,7.77802938739187e-06,1.35752222126865e-07,0.999999999999991,-1.60490053380503e-05,-2.99993477020316e-06,0.000327250917248847,0.000440687981076952
12.7588158581488,-8.55005992857004e-06,-1.49226696996378e-07,0.999999999999989,-9.88140114037074e-05,2.80745674323938e-06,0.00201366351237697,-0.000448202230605676
12.7616998511683,-7.78901401357086e-06,-1.35943940020789e-07,0.999999999999991,4.60568277575244e-06,2.53731329696763e-06,-9.36699376313834e-05,-0.000417360939758782
12.7654131812669,-1.36967106844226e-05,-2.39052698136258e-07,0.999999999999971,-2.77671942374803e-05,4.63898156732164e-06,0.000565979380920439,-0.000747155978528898
12.7689618296374,6.920768975392e-06,1.20790205390465e-07,0.999999999999993,0.000101402806353691,-2.69279288334168e-06,-0.00206607521661002,0.000338584514538057
12.7725104780078,6.50546291770508e-05,1.13541747280326e-06,0.999999999999355,0.000285919359004446,-2.33667072487807e-05,-0.00582585599000346,0.00345947336864687
12.7754714597625,3.9657292311005e-05,6.92150323252814e-07,0.99999999999976,-0.000149702762893516,-1.4333608335758e-05,0.00305071076469525,0.00214000296970636
12.7783922760245,6.74609491875244e-06,1.17741567984289e-07,0.999999999999993,-0.000196660352358442,-2.62850147399331e-06,0.00400747798273292,0.000380477604136577
12.7816057947055,-1.43313399690016e-05,-2.50129068681737e-07,0.999999999999969,-0.000114475960212714,4.86808161190982e-06,0.00233282698192694,-0.000752192758430097
12.7848193133865,-2.44521240893868e-05,-4.26770074466007e-07,0.999999999999909,-5.49680967563956e-05,8.46798556674375e-06,0.00112023744443971,-0.00131073628354767
12.7881607206369,-1.95377787055056e-05,-3.40998566937102e-07,0.999999999999942,2.56692767749469e-05,6.7208138205977e-06,-0.000522885004791055,-0.00106885945574971
12.7914301475187,9.01013301692371e-06,1.57256487187968e-07,0.999999999999988,0.000152398286349225,-3.4313073411899e-06,-0.00310516843744398,0.000453142347562891
12.7946995744004,3.70149482014794e-05,6.46032718570924e-07,0.999999999999791,0.00014949905566297,-1.33901467741134e-05,-0.00304605051376687,0.00197029425891993
12.79774162369,2.51167871478915e-05,4.38370633253289e-07,0.999999999999904,-6.8263879232131e-05,-9.15794187757088e-06,0.00139123482026711,0.00135716035105918
12.8010599855213,5.2162246394314e-06,9.10402944817319e-08,0.999999999999996,-0.000104669218255508,-2.07975056233809e-06,0.0021330378286234,0.000308616039138416
12.8040096184921,-1.37417328817432e-05,-2.39838483715986e-07,0.999999999999971,-0.000112176254288334,4.66295014587143e-06,0.00228594566673074,-0.000723877099785527
12.806959251463,-1.22059271439812e-05,-2.13033616921019e-07,0.999999999999977,9.08752616331413e-06,4.11729339489392e-06,-0.0001849914061736,-0.000654984389622878
12.8104812856282,-1.26735685544304e-05,-2.21195499252027e-07,0.999999999999976,-2.31737738710797e-06,4.28425091536717e-06,4.74037197378371e-05,-0.000695147991800959
12.8138173834298,8.82620268079076e-06,1.54046297228148e-07,0.999999999999988,0.000112479255344176,-3.36124802135845e-06,-0.00229174904076288,0.000449758312799321
12.8171534812314,3.43395581892112e-05,5.99338354081881e-07,0.99999999999982,0.000133476919243548,-1.24340189838153e-05,-0.00271957583440288,0.00183014233695563
12.8203280091544,2.82316189337089e-05,4.92734703561571e-07,0.999999999999879,-3.35809459250671e-05,-1.02609955547234e-05,0.000684518606164693,0.00152845580209003
12.823755435749,2.78782335388434e-06,4.86566964892728e-08,0.999999999999999,-0.000129566015437623,-1.21132747719552e-06,0.00264036816767507,0.00019246710132787
12.826528516786,-1.42553822018146e-05,-2.48803355551862e-07,0.999999999999969,-0.000107266988622474,4.85030844185573e-06,0.00218588488336756,-0.00075170974635832
12.829301597823,-8.38457430084362e-06,-1.46338427927822e-07,0.999999999999989,3.69498497369006e-05,2.76293425780347e-06,-0.000752727437903541,-0.00044981087898598
12.8328685417022,-9.78275881604326e-06,-1.70741351268456e-07,0.999999999999985,-6.84140938759227e-06,3.26087183234027e-06,0.00013959781577474,-0.000535994771016529
12.836384137804,8.75370567383646e-06,1.52780985758955e-07,0.999999999999988,9.20248878594667e-05,-3.33073992407e-06,-0.00187496275611226,0.00044489280979248
12.8398997339058,4.99172991945148e-05,8.71221224647286e-07,0.999999999999621,0.000204358014426174,-1.79693124092006e-05,-0.00416389484492589,0.00266041116748061
12.8430189768075,3.71020160911449e-05,6.47552339918349e-07,0.99999999999979,-7.1706145299362e-05,-1.34108491174553e-05,0.00146140054990544,0.00200835639850072
12.8462008221511,3.65045280883571e-06,6.37124207028582e-08,0.999999999999998,-0.000183490979656944,-1.51342016201585e-06,0.00373916003785028,0.000230488428261309
12.8491148358776,-1.59091083944378e-05,-2.77666322539605e-07,0.999999999999961,-0.00011715069841109,5.44321872845146e-06,0.00238730477730172,-0.000839270497843281
12.8520288496041,-1.23862835580881e-05,-2.16181430174273e-07,0.999999999999977,2.10997264033327e-05,4.19090714128694e-06,-0.00042975486895042,-0.000664912806183228
12.8555120199204,-1.13106991259235e-05,-1.97408940449808e-07,0.99999999999998,5.38948372320083e-06,3.80905272166754e-06,-0.000109628408877958,-0.000621499199801683
12.8588277390401,8.95872637099051e-06,1.56359271959027e-07,0.999999999999988,0.000106694264391748,-3.39886102101038e-06,-0.00217386138041548,0.000459351638206145
12.8621434581598,3.04108177888342e-05,5.30768898639194e-07,0.999999999999859,0.000112919584910773,-1.10272745313821e-05,-0.00230068146152311,0.00162190796362822
12.8653835851134,2.72998681392625e-05,4.76472584390411e-07,0.999999999999887,-1.6757465070659e-05,-9.92007061348287e-06,0.00034171621475589,0.00147966356524735
12.8689333124139,3.10062310124831e-07,5.41160819801804e-09,1,-0.000132703426578255,-3.2048143627377e-07,0.00270431736429561,7.06976294937861e-05
12.8715945638429,-1.38614982445836e-05,-2.41928783627395e-07,0.999999999999971,-9.29413843163322e-05,4.71981726320409e-06,0.00189395809976697,-0.0007305129851965
12.8742558152719,-6.48379864711077e-06,-1.13163634428437e-07,0.999999999999994,4.83851874331054e-05,2.09652728938302e-06,-0.000985735487158842,-0.000347384393469577
12.8778519612223,-8.73347818374628e-06,-1.52427949457466e-07,0.999999999999988,-1.09184431250159e-05,2.89732603055621e-06,0.000222682491815261,-0.000477039819731965
12.8815750819694,8.18024523738315e-06,1.42772213012921e-07,0.99999999999999,7.92883665409662e-05,-3.11715436137131e-06,-0.00161544059419832,0.00040952051279449
12.8852982027165,8.32463745171456e-05,1.45292332567198e-06,0.999999999998945,0.000351895950108183,-2.98127717944578e-05,-0.00717022606748835,0.00443250975722849
12.8882837108664,5.03888067891703e-05,8.7945058462218e-07,0.999999999999613,-0.000192085471634574,-1.81264177401124e-05,0.00391436012478411,0.00272316729984622
12.891116037395,6.40612056514371e-06,1.11807896141477e-07,0.999999999999994,-0.000271029021805932,-2.48386492199899e-06,0.00552286350467449,0.000364603640012689
12.894960555942,-5.34042801502685e-05,-9.32080523279502e-07,0.999999999999566,-0.000271526436053775,1.87880413274482e-05,0.00553304815392571,-0.00280862905702043
12.8981834633522,-8.52797134423915e-05,-1.48841178472645e-06,0.999999999998892,-0.000172617823180094,3.0124565111274e-05,0.00351748354550901,-0.00457416256848257
12.9008091970378,-1.80994902979721e-05,-3.15895698632377e-07,0.99999999999995,0.000446547984860318,6.23318444195367e-06,-0.0090989352043353,-0.000985160907582611
12.9043626967578,6.65966907596456e-06,1.1623315246883e-07,0.999999999999993,0.000121606552736221,-2.57149877733958e-06,-0.0024777497996354,0.000316187885672105
12.9071655428122,1.70718864101493e-05,2.97960627383577e-07,0.999999999999956,6.48367664113835e-05,-6.27370789146468e-06,-0.00132087494007842,0.000904740811236448
12.9099683888666,8.75918031392536e-06,1.52876536253868e-07,0.999999999999988,-5.17631323001535e-05,-3.31671244445903e-06,0.00105499745245989,0.000470911055757954
12.9136277801568,8.37362037413985e-06,1.46147245840819e-07,0.999999999999989,-1.83890977467854e-06,-3.17871443749047e-06,3.77106453020038e-05,0.000464713717726569
12.9165611687937,-5.13500034116991e-06,-8.96226630444469e-08,0.999999999999996,-8.03745899617136e-05,1.62607538232521e-06,0.00163796564814312,-0.000266390324953433
12.9194945574305,-6.4794188664271e-06,-1.13087192834991e-07,0.999999999999994,-7.99912070830548e-06,2.10480192051356e-06,0.000163199152057201,-0.000345999354399438
12.923372088672,-1.72856001275085e-05,-3.01690635408171e-07,0.999999999999954,-4.86400832977575e-05,5.94867125842915e-06,0.000991318727967343,-0.000938740105903375
12.9270141826104,3.18430442700618e-06,5.55765966370893e-08,0.999999999999998,9.80939091865199e-05,-1.33058993959405e-06,-0.00199864729495645,0.000127926527737186
12.9298074353616,1.64263187180561e-05,2.8669334561205e-07,0.999999999999959,8.27410798682944e-05,-6.03917961864009e-06,-0.00168570125890434,0.00086885773536377
12.9326006881127,8.89316720446424e-06,1.5521504864828e-07,0.999999999999988,-4.70699606076809e-05,-3.35941924826801e-06,0.000959369097290586,0.000477541418897512
12.9362025831127,8.99205914492843e-06,1.56941038613066e-07,0.999999999999988,4.79189416908013e-07,-3.39372863941339e-06,-9.52537237923998e-06,0.000495795483738289
12.939428907319,-7.85690271394565e-06,-1.37128821367229e-07,0.999999999999991,-9.1147027134008e-05,2.59912741392061e-06,0.00185748724245333,-0.000406177510684169
12.9426552315254,-1.94959082600799e-05,-3.40267789805147e-07,0.999999999999942,-6.29629744082796e-05,6.7390549522916e-06,0.00128317158275932,-0.00104102594355032
12.946106890654,-2.4454734713382e-05,-4.26815638450256e-07,0.999999999999909,-2.50742745501059e-05,8.50324525571008e-06,0.000511113710150508,-0.00132813298062881
12.9500361540678,8.52340655580761e-06,1.48761507884912e-07,0.999999999999989,0.000146484744270358,-3.22464237270336e-06,-0.00298475474750557,0.000358302627107624
12.9524091282611,1.12836805186314e-05,1.96937376793258e-07,0.999999999999981,2.03018933137435e-05,-4.20532580669605e-06,-0.00041327184963395,0.000589103239077635
12.9547821024544,3.42899903206622e-06,5.9847323157254e-08,0.999999999999998,-5.77714051943407e-05,-1.41129989011859e-06,0.00117743628417176,0.000181981737163715
12.9583404375156,7.17247751655668e-06,1.2518334818918e-07,0.999999999999992,1.83614032706308e-05,-2.74182096654437e-06,-0.000373916748568495,0.000386908413614724
12.9632982264154,2.88450957893715e-05,5.03441894577664e-07,0.999999999999873,7.62958153392543e-05,-1.04477965389322e-05,-0.00155431700061535,0.00164983054279182
12.9654772127604,3.81741635950574e-07,6.66264843928707e-09,1,-0.000227986397108074,-3.25129560026339e-07,0.00464558532101534,3.67282557503408e-05
12.9676561991053,-5.58100988172463e-07,-9.74069980224341e-09,1,-7.52797202211167e-06,9.51721193225673e-09,0.000153579104674257,-2.74767610145948e-05
12.9713509044636,-6.54495710089112e-06,-1.14231050812333e-07,0.999999999999993,-2.82811052240957e-05,2.1394871589457e-06,0.000576492504937916,-0.000348198184019219
12.9762557620835,-9.54755593806432e-05,-1.66636286637481e-06,0.999999999998612,-0.000316447884090338,3.37674645321225e-05,0.00644829673449282,-0.00516254054067589
12.9792614665775,-1.26653837248926e-05,-2.21052647027878e-07,0.999999999999976,0.000480855726916732,4.31753848424943e-06,-0.0097980111174923,-0.000739141178038066
12.9822671710714,3.11189318746209e-05,5.43127820915919e-07,0.999999999999852,0.000254243379372588,-1.12530361012244e-05,-0.00518034112025328,0.00163714763588417
12.984998759003,1.76361485494508e-05,3.07808859558734e-07,0.999999999999953,-8.61473133052238e-05,-6.45727345636031e-06,0.0017556684115967,0.000944210609278732
12.9880099705956,8.12843685119036e-06,1.41867986093712e-07,0.99999999999999,-5.51076762159009e-05,-3.07525632875157e-06,0.00112314164035164,0.000442983504726808
12.9924369670769,-1.75926871650791e-05,-3.07050315303972e-07,0.999999999999953,-0.000101404711589372,6.07352730977009e-06,0.00206658931785451,-0.000865621738020213
12.9948529872714,-1.21371818532913e-05,-2.11833785253238e-07,0.999999999999978,3.94104860003221e-05,4.13350795362802e-06,-0.000802981432266541,-0.000638716386699818
12.9972690074659,-3.46681710806406e-06,-6.05073731001859e-08,0.999999999999998,6.26345808281295e-05,1.050461343483e-06,-0.00127608478488678,-0.000184759788337996
13,-1.20606148923037e-06,-2.10497439685761e-08,1,1.44480911751727e-05,2.47039689852044e-07,-0.000294186689855345,-6.50804196811325e-05
13.0055444082266,-7.03789593368216e-06,-1.22834456455474e-07,0.999999999999992,-1.83580840959713e-05,2.32207754116499e-06,0.000374257768637212,-0.000414565732973926
13.0080521554749,4.72972690400397e-06,8.25493071950269e-08,0.999999999999997,8.18997065179191e-05,-1.86223263376429e-06,-0.00166855339105485,0.000245703227189433
13.0105599027231,2.16969311599303e-06,3.78682886319336e-08,0.999999999999999,-1.78171937362397e-05,-9.51198184314025e-07,0.000363287986895885,0.000115447393187603
13.0146289521144,9.92562144077735e-06,1.73234774448107e-07,0.999999999999985,3.32673489058433e-05,-3.70858700183318e-06,-0.000677649384989202,0.000536408336174164
13.0200646223548,4.88679825749818e-05,8.52907194740545e-07,0.999999999999636,0.000125039303386159,-1.75553292507347e-05,-0.0025473845241876,0.00289249063889171
13.0219256345912,1.34327041981636e-05,2.34444915704417e-07,0.999999999999972,-0.000332325745587768,-4.95403287653532e-06,0.00677120554458737,0.000763099887468517
13.0237866468277,3.0321558677899e-06,5.29211033265996e-08,0.999999999999999,-9.75403647646862e-05,-1.25498872208737e-06,0.00198765171014897,0.000169333652445087
13.0269404383997,-3.91099382547356e-06,-6.82597192796821e-08,0.999999999999998,-3.84238526362958e-05,1.21494615928699e-06,0.000783163638123837,-0.000203988737795558
13.0311965875104,-4.60815931654947e-05,-8.04275525302312e-07,0.999999999999677,-0.000172929985973684,1.62133592032997e-05,0.0035239397525229,-0.0024665591655841
13.0351810699749,-0.000119662917348312,-2.08851190026837e-06,0.999999999997819,-0.000322309455847836,4.2381921245904e-05,0.00656761882522262,-0.00653265665064017
13.0375959985282,-6.45825192666439e-06,-1.12717760043561e-07,0.999999999999994,0.000818158424413045,2.12297523685918e-06,-0.0166708642184336,-0.000376476936120258
13.0400109270815,2.478808280818e-06,4.32633660259742e-08,0.999999999999999,6.4590368877501e-05,-1.05472742115433e-06,-0.00131585783508583,0.000127258128963172
13.0432535210361,7.3803923844445e-06,1.28812147197671e-07,0.999999999999992,2.63828226321583e-05,-2.79719399877068e-06,-0.000537368107763586,0.000393790058275663
13.0474459806565,3.42093271014027e-05,5.97065392811169e-07,0.999999999999822,0.000111689387138215,-1.23375593621337e-05,-0.00227560101396097,0.00185554379869599
13.050758951441,-1.5731649147265e-08,-2.74569074388332e-10,1,-0.000180303419723265,-1.6496022288695e-07,0.00367422471585286,4.37607190644068e-05
13.0540719222255,-5.13127234489027e-05,-8.95575972348533e-07,0.999999999999599,-0.000270241261247318,1.80788896621717e-05,0.00550679467821037,-0.00271732086768189
13.0568995705988,-2.86422300927295e-05,-4.9990122023191e-07,0.999999999999875,0.000139930677326393,1.00167923479605e-05,-0.00285116685311294,-0.00153955478692585
13.05980030512,-7.76144852372717e-06,-1.35462831463092e-07,0.999999999999991,0.000125636588288647,2.59136953954968e-06,-0.00255984225866275,-0.000427113837468375
13.0632673808922,1.00604786450826e-05,1.75588476683268e-07,0.999999999999985,8.97157514230333e-05,-3.74609325906471e-06,-0.00182789855629116,0.000519757275074549
13.0667344566644,4.03751006206561e-05,7.04678441654396e-07,0.999999999999752,0.000152604096284465,-1.45263319620726e-05,-0.0031093173069214,0.00215630985882116
13.0699659196236,3.33692802029522e-05,5.82403808562044e-07,0.99999999999983,-3.78387852928044e-05,-1.20339213309726e-05,0.000771294816811645,0.00181208236423449
13.0734086356241,-3.61910158188395e-06,-6.316523856801e-08,0.999999999999998,-0.000187517369142879,1.12150808462623e-06,0.00382123573756294,-0.000136446551398625
13.0760698943104,-1.55329970436565e-05,-2.71101941114348e-07,0.999999999999963,-7.81347200936602e-05,5.35887818066686e-06,0.0015922428428122,-0.00081961796652402
13.0787311529966,-6.87033675546536e-06,-1.19909997103655e-07,0.999999999999993,5.68121937158224e-05,2.27860453301244e-06,-0.00115744991780717,-0.000367898143626335
13.0823115448756,-8.34970898051824e-06,-1.45729913293382e-07,0.999999999999989,-7.21147769928592e-06,2.80544454233586e-06,0.000147145906687296,-0.000456605950043581
13.0859377713915,8.68449463192788e-06,1.51573025198914e-07,0.999999999999989,8.19868635302332e-05,-3.25188211549114e-06,-0.00167042147841459,0.000441254156327014
13.0895639979074,6.21220691911628e-05,1.08423464553731e-06,0.999999999999412,0.000257198941168786,-2.2255541222738e-05,-0.0052406155610241,0.00331134887082691
13.0926519366875,4.36635129270308e-05,7.6207206356372e-07,0.99999999999971,-0.000104329329340714,-1.56900731367545e-05,0.0021261652362669,0.00236376195347414
13.09569646507,4.33758245358486e-06,7.57050953917899e-08,0.999999999999997,-0.000225442788484596,-1.70355585925343e-06,0.00459398485423272,0.000263831669544676
13.0993504616439,-6.2179164980893e-05,-1.08523115505713e-06,0.999999999999411,-0.000317716841541518,2.19532517963628e-05,0.00647422819848188,-0.00328360865448264
13.1023518852029,-5.50269024408263e-05,-9.60400624765975e-07,0.999999999999539,4.15904412821116e-05,1.94099673508026e-05,-0.000847359393170996,-0.00295539784123232
13.1050335945587,-1.1495629352662e-05,-2.00636581792855e-07,0.99999999999998,0.00028331334315838,3.92910114246345e-06,-0.0057727606367211,-0.000628088478336521
13.1093109448674,3.17118172471714e-05,5.53475622753837e-07,0.999999999999847,0.000176303587527323,-1.14366830023869e-05,-0.00359236046515906,0.00160521862957208
13.111666872747,1.40311230291604e-05,2.44889294611247e-07,0.99999999999997,-0.000130982926440317,-5.14779495650561e-06,0.00266938903373698,0.000739036700846752
13.1140228006265,3.52301740760482e-06,6.14882533677792e-08,0.999999999999998,-7.78466280047536e-05,-1.41013942407563e-06,0.00158648979237104,0.000187899183859567
13.1176528749084,7.11935919862217e-06,1.24256258648101e-07,0.999999999999992,1.72911076760688e-05,-2.68834100438752e-06,-0.000352114442034421,0.000385606541099799
13.122832222344,1.25786073039714e-05,2.19538112769707e-07,0.999999999999976,1.83964978802697e-05,-4.62794958439917e-06,-0.000374488988062688,0.000826399332897167
13.1249088964259,-2.97662508397286e-07,-5.19519083127791e-09,1,-0.000108217897823277,-4.89224513042923e-08,0.00220498111530052,7.02297494863114e-06
13.1269855705077,-3.71311533061223e-07,-6.48060880254611e-09,1,-6.18979156386572e-07,-2.23980964066692e-08,1.27725169440651e-05,-1.62285449206779e-05
13.1304593886214,-5.65905156091361e-06,-9.87690822780668e-08,0.999999999999995,-2.65668697830393e-05,1.85885634557917e-06,0.000541552372759301,-0.000300097513619867
13.1351358708224,-6.78129707652877e-05,-1.18355961541265e-06,0.9999999999993,-0.000231967210930082,2.39640278005297e-05,0.00472688027127047,-0.00365884300127305
13.1394101524115,-0.000100158781936347,-1.74810051957538e-06,0.999999999998472,-0.000132078547563896,3.54663778364139e-05,0.00269106042645857,-0.00575028884217672
13.141244068904,-2.54023510983511e-05,-4.4335466441381e-07,0.999999999999902,0.000711453253468925,8.88225346999519e-06,-0.0144958205433474,-0.00142168642274909
13.1430779853964,-5.57915198333361e-06,-9.73745715783431e-08,0.999999999999995,0.000188656405160711,1.83302179448756e-06,-0.00384381279323681,-0.000308108582584259
13.1460474340091,3.0413914166981e-06,5.30822940632767e-08,0.999999999999999,5.06682840044185e-05,-1.23213705497457e-06,-0.00103223165284551,0.000157432188068026
13.1500939711005,3.28835012873539e-05,5.73925367048087e-07,0.999999999999835,0.000128713282793189,-1.18443023632365e-05,-0.00262253009633506,0.00175681060252138
13.1540870965435,0.000101178575561192,1.76589927601975e-06,0.999999999998441,0.000298506502234165,-3.6131383556437e-05,-0.00608222344624023,0.00550063661641238
13.1567682293145,3.32886464197186e-06,5.80996483556311e-08,0.999999999999998,-0.000636969435500854,-1.33189758648696e-06,0.0129793967482622,0.000216993678715827
13.1594493620856,-9.55590752004037e-06,-1.6678204924079e-07,0.999999999999986,-8.38756289977138e-05,3.25082627106986e-06,0.00170924913047047,-0.000501992085530286
13.1624805856009,-1.04808590943789e-05,-1.82925499634502e-07,0.999999999999983,-5.32572088858616e-06,3.58034863425163e-06,0.000108709358287929,-0.000561448870967026
13.166210633173,-1.59406841099992e-05,-2.78217422739824e-07,0.999999999999961,-2.55471066428928e-05,5.5227416978277e-06,0.000520742169121152,-0.000872895534963445
13.1694062913818,7.71058683457467e-06,1.34575127524255e-07,0.999999999999991,0.000129172935052186,-2.88792094499886e-06,-0.00263190306756418,0.000392015484565769
13.1726019495907,2.42592107925581e-05,4.2340310226547e-07,0.99999999999991,9.03813724318297e-05,-8.77251756597747e-06,-0.00184143492086689,0.00129279123065621
13.1758378942824,2.32474880246132e-05,4.05745208847443e-07,0.999999999999918,-5.45679704078733e-06,-8.41193402873424e-06,0.000111430686118906,0.00125859021483103
13.17945398151,4.41269168847349e-06,7.70159988392503e-08,0.999999999999997,-9.09074337312946e-05,-1.71260378109149e-06,0.0018526461962916,0.000286429798323702
13.1821336726853,-1.23102999733902e-05,-2.14855266443827e-07,0.999999999999977,-0.000108919739698378,4.23508563407876e-06,0.00221954286003056,-0.000646695343928071
13.1848133638606,-6.38481842043304e-06,-1.1143610357854e-07,0.999999999999994,3.85936871455515e-05,2.12823686622143e-06,-0.000786228199464257,-0.000341154989977726
13.1884228002855,-9.32438548550195e-06,-1.62741227447178e-07,0.999999999999987,-1.42141647139611e-05,3.17434763146003e-06,0.000289826621688342,-0.000507780622612411
13.1922097940614,7.43952306394764e-06,1.29844172243943e-07,0.999999999999992,7.72605969282784e-05,-2.78690905245423e-06,-0.00157413955148863,0.000366485992579314
13.1951160070699,1.82652099028098e-05,3.187880513719e-07,0.999999999999949,6.50137751701336e-05,-6.6362206786442e-06,-0.00132451118173248,0.000970488908057927
13.1980222200783,1.06537217253907e-05,1.85942521699317e-07,0.999999999999983,-4.57108716003528e-05,-3.92862489355944e-06,0.00093165771993008,0.000574589319862934
13.2017128656423,7.89579833994155e-06,1.37807678105482e-07,0.99999999999999,-1.30423912997006e-05,-2.94694745736012e-06,0.000265990710617744,0.000446013173180978
13.2046066875404,-7.73930359687418e-06,-1.35076329576894e-07,0.999999999999991,-9.4298826012708e-05,2.61401803587079e-06,0.00192166819141421,-0.000404075416736839
13.2075005094385,-7.46590842564825e-06,-1.30304683679948e-07,0.999999999999992,1.64890793730246e-06,2.51732016740591e-06,-3.34152798165555e-05,-0.000398785840307363
13.2112526755908,-1.43842958609091e-05,-2.51053323353853e-07,0.999999999999968,-3.21810481667415e-05,4.97844816768524e-06,0.000655921912954021,-0.000782919130938607
13.2148111607697,6.35999806406576e-06,1.11002906638413e-07,0.999999999999994,0.000101744481649326,-2.39842557842524e-06,-0.00207303764806521,0.000308153997803668
13.2183696459487,6.83520328166324e-05,1.19296802308117e-06,0.999999999999288,0.000304052163216469,-2.44444595354671e-05,-0.00619534235726466,0.00363443441151089
13.2213050980982,4.03784886956928e-05,7.04737574719092e-07,0.999999999999752,-0.00016632205994129,-1.44951570442476e-05,0.00338935945283502,0.00217891582459206
13.2241808406365,7.01678104443405e-06,1.224659321169e-07,0.999999999999992,-0.000202476972415487,-2.62985064966516e-06,0.00412599745510583,0.000394177088233699
13.2274393502335,-1.36158508549937e-05,-2.37641427880123e-07,0.999999999999972,-0.000110512904526737,4.70855656828675e-06,0.00225207475976757,-0.000712343099773301
13.2306978598306,-2.66852931508617e-05,-4.65746227342412e-07,0.999999999999892,-7.00028011792821e-05,9.35711629913812e-06,0.0014265907748363,-0.00142859227289926
13.2340229626728,-2.1562514056891e-05,-3.76336865300299e-07,0.999999999999929,2.68892020141576e-05,7.53579026755815e-06,-0.000547750285632575,-0.00117695574915779
13.2380922258457,3.75992192774256e-05,6.56230172570352e-07,0.999999999999785,0.000253747913072856,-1.35041803981306e-05,-0.00517046201527222,0.0018899199660118
13.2403621230681,1.38096693535085e-05,2.41024198830477e-07,0.999999999999971,-0.000182918402488636,-5.04265340350576e-06,0.00372771370924629,0.000722947472741173
13.2426320202906,3.24773658249647e-06,5.66836966020318e-08,0.999999999999998,-8.12109466486191e-05,-1.28588892197913e-06,0.00165503726089775,0.000172426164884912
13.2461163609923,6.61428717685531e-06,1.15441088908565e-07,0.999999999999993,1.6863274098597e-05,-2.48245967759586e-06,-0.000343413821448412,0.000356612397694822
13.2509856627179,3.28955740636794e-05,5.74136076744825e-07,0.999999999999835,9.4201389376099e-05,-1.18277186938659e-05,-0.00191921953968755,0.00184341312430295
13.253166586946,1.84709894342066e-06,3.22379581727989e-08,0.999999999999999,-0.000248471777047945,-7.85622271478762e-07,0.0050630353315029,0.000112278743926668
13.2553475111741,-2.22563081184848e-07,-3.88445856005904e-09,1,-1.65628939634086e-05,-4.92049104582272e-08,0.000337662974036325,-9.50714255304447e-06
13.2592463233092,-6.98830308995919e-06,-1.21968898047081e-07,0.999999999999993,-3.02872863309827e-05,2.35772086703906e-06,0.000617348488227318,-0.000370609266774302
13.263289651907,-3.25794110732393e-05,-5.68617991588694e-07,0.999999999999838,-0.000110465692496883,1.14596075151065e-05,0.00225108754533532,-0.00175783606674732
13.2673329805047,-3.24721415847586e-05,-5.66745785827777e-07,0.999999999999839,4.63035767601119e-07,1.1421594630515e-05,-9.40138395203043e-06,-0.00186935511929963
13.2695429621282,1.06899289759186e-06,1.86574457434125e-08,1,0.000264890542684987,-5.0590549981562e-07,-0.00539710376028927,3.72214062167568e-05
13.2717529437517,1.09975435219596e-06,1.91943344089568e-08,1,2.42938067826773e-07,-5.16323703992211e-07,-4.71415873590782e-06,5.63576690545768e-05
13.2752595841329,6.26442360069418e-06,1.09334817571752e-07,0.999999999999994,2.5705653663873e-05,-2.35239969765394e-06,-0.00052359974051149,0.000334371424508593
13.2799678313901,6.34022218120329e-05,1.10657752369951e-06,0.999999999999388,0.00021180763278915,-2.26716928012361e-05,-0.00431568097291882,0.00343636045244045
13.282959824621,3.85701322962008e-06,6.73175801498505e-08,0.999999999999998,-0.000347347023655091,-1.49451705812544e-06,0.00707794908236752,0.000249230716791746
13.2859518178519,-2.30291725501306e-05,-4.01934885009667e-07,0.999999999999919,-0.00015683607179088,8.06769318511205e-06,0.00319593311391138,-0.00121501627536422
13.28887407873,-1.76809316535587e-05,-3.0859047217468e-07,0.999999999999952,3.19425324180808e-05,6.16609549985703e-06,-0.000650728242458178,-0.0009486147783681
13.2921378761174,-1.03994644271447e-05,-1.815048946977e-07,0.999999999999984,3.89379493864652e-05,3.57707211762611e-06,-0.000793254934344853,-0.000571135271411688
13.2955047195554,9.82424364172997e-06,1.71465398066305e-07,0.999999999999985,0.000104837156603707,-3.61466275628807e-06,-0.00213604671748672,0.000505908034577634
13.2988715629933,3.51100562945348e-05,6.12786082900154e-07,0.999999999999812,0.000131078469482754,-1.26065701017814e-05,-0.00267072333811327,0.00187417912426871
13.3,1.04022155433931e-05,1.81552910734339e-07,0.999999999999984,-0.000382150859647387,-3.81927129762924e-06,0.00778714164107412,0.000553918899851226
13.3038727562738,3.33507849171048e-05,5.82081004927911e-07,0.999999999999831,0.00010342197284641,-1.19798340369986e-05,-0.00210717178214852,0.00180381566641667
13.3079315821602,1.94264733906573e-05,3.39055922718029e-07,0.999999999999942,-5.9875710122826e-05,-7.02634087009698e-06,0.00122042514402124,0.00118643847735303
13.3101258446604,-3.14825746816235e-06,-5.49474585199336e-08,0.999999999999998,-0.000179560732226806,1.00184252105945e-06,0.00365871603344558,-0.000145982443336363
13.3123201071606,-1.41002087983129e-06,-2.46095068749233e-08,1,1.38260356916818e-05,3.83962371291252e-07,-0.000281588984775176,-7.18378256183742e-05
13.3157591778575,-6.08580529227163e-06,-1.06217339985436e-07,0.999999999999994,-2.37296177668758e-05,2.04748187123794e-06,0.000483711922947681,-0.000324169557384929
13.3204152070493,-5.42594981628047e-05,-9.47006893420614e-07,0.999999999999552,-0.00018058081657212,1.91805684349415e-05,0.00367976356203909,-0.00294344487678088
13.3233886291437,-1.38312649658963e-06,-2.41401113370631e-08,1,0.000310371939391871,3.76232012103505e-07,-0.00632413960263676,-0.000109601833086526
13.3263620512382,1.96302402462107e-05,3.42612325253873e-07,0.999999999999941,0.000123343549937311,-7.09627039489495e-06,-0.002513098433269,0.00103785835375267
13.3293722681276,1.73037681769186e-05,3.02007727689041e-07,0.999999999999954,-1.34889275611667e-05,-6.26823995368374e-06,0.00027507334907346,0.000930285812677651
13.3327692923223,1.16532566692769e-05,2.03387697458868e-07,0.999999999999979,-2.90313005083153e-05,-4.25798622103561e-06,0.000591769035907401,0.000644001028385598
13.3358615254974,-8.1034743633865e-06,-1.41432308492045e-07,0.99999999999999,-0.000111511644313111,2.76881719498066e-06,0.00227240412291072,-0.0004184135754209
13.3389537586724,-1.5245737831634e-05,-2.66088322057871e-07,0.999999999999965,-4.03126176159908e-05,5.30937900905536e-06,0.000821594514463578,-0.000813297417231926
13.3424116940406,-1.96738882284493e-05,-3.43374126255788e-07,0.999999999999941,-2.23502743603856e-05,6.8847356629274e-06,0.000455577240800017,-0.00106747977555563
13.3465110583569,7.13075148362428e-06,1.24455091530714e-07,0.999999999999992,0.000114122381346662,-2.64778082699256e-06,-0.00232536455761177,0.000280000214309055
13.3488470974582,9.99592885601501e-06,1.74461870332571e-07,0.999999999999985,2.14066531564881e-05,-3.66585035881303e-06,-0.000435810141725409,0.000520242572796958
13.3511831365595,2.97750380812962e-06,5.19672449425314e-08,0.999999999999999,-5.24368899994238e-05,-1.1693288347901e-06,0.00106869851733942,0.000158150435081059
13.3547457909183,7.05331157268025e-06,1.23103510112289e-07,0.999999999999992,1.99672092785667e-05,-2.61818402412356e-06,-0.000406678572605989,0.000380286219008032
13.3596682163009,3.81443516013164e-05,6.65744526481294e-07,0.999999999999778,0.000110238545879103,-1.36739898806914e-05,-0.00224600781066061,0.00213591375518511
13.3617930475815,3.40485401955203e-06,5.94259131909463e-08,0.999999999999998,-0.000285349062210928,-1.31932408393021e-06,0.00581442202459111,0.000197165863585655
13.3639178788622,1.47688635317809e-07,2.57765295407294e-09,1,-2.67542466804417e-05,-1.60638105356444e-07,0.000545307285865262,1.05944274113151e-05
13.3677738517225,-6.40185840125615e-06,-1.1173350734838e-07,0.999999999999994,-2.96452191037759e-05,2.16933079289352e-06,0.000604249299113459,-0.000338159627000573
13.3716965604421,-2.89021851419776e-05,-5.04438291748472e-07,0.999999999999873,-0.000100110615513482,1.01719508671807e-05,0.00204007502119244,-0.0015550414041999
13.3756192691617,-3.86362365012552e-05,-6.74329537526067e-07,0.999999999999773,-4.33096765325412e-05,1.3634012270875e-05,0.000882569074371608,-0.00215572515878983
13.3777575512009,-3.36874719676157e-06,-5.87957302508186e-08,0.999999999999998,0.0002878637130093,1.09229983445731e-06,-0.00586532188284403,-0.000193475173908554
13.3798958332402,-1.35047744521065e-07,-2.35702778928472e-09,1,2.63944145000275e-05,-5.72915872021144e-08,-0.000537623849691354,-8.77312814737674e-06
13.3837901468578,6.54886100552267e-06,1.14299186801837e-07,0.999999999999993,2.99555264535879e-05,-2.43368115524866e-06,-0.0006102203883364,0.00034707196550683
13.3877007442906,2.87165583073252e-05,5.01198492303734e-07,0.999999999999874,9.89361119746622e-05,-1.03166301860186e-05,-0.00201579149124357,0.00154638603196291
13.3916113417235,3.6707732996094e-05,6.40670801724758e-07,0.999999999999795,3.56652178642309e-05,-1.31574987105713e-05,-0.0007264538407114,0.00205183018140645
13.3938152045012,1.78136686290532e-06,3.10907169436202e-08,1,-0.000276596206868484,-7.36336111013675e-07,0.00563608711260244,0.000109770519076156
13.3960190672789,-3.51917840442918e-07,-6.14212501223699e-09,1,-1.68943558246668e-05,2.26585108145199e-08,0.00034439286760265,-1.62062815642463e-05
13.3998547886126,-7.00072846194818e-06,-1.22185761699074e-07,0.999999999999993,-3.02534064892711e-05,2.38789812127008e-06,0.000616634892034143,-0.000371528730698469
13.4048760527587,-0.000125188536924631,-2.18495215508757e-06,0.999999999997613,-0.000410806190109881,4.44206119349351e-05,0.0083709425735753,-0.0067614167542775
13.4078934180163,-2.12809886183582e-05,-3.71423319469782e-07,0.999999999999931,0.000601030594827611,7.46743874172745e-06,-0.0122468345850669,-0.00121804903500292
13.410910783274,3.92129382182249e-05,6.8439488128909e-07,0.999999999999766,0.000349913951610911,-1.40458366402556e-05,-0.0071298213987904,0.0020593975153313
13.413511979906,1.76074846618083e-05,3.0730858034295e-07,0.999999999999953,-0.000144966472852834,-6.36144136785351e-06,0.00295417700365119,0.000941180738638932
13.4163609374043,6.854072394249e-06,1.19626130449696e-07,0.999999999999993,-6.58775885599313e-05,-2.5365896405821e-06,0.00134254432705473,0.000372204602562617
13.4205375946949,-6.94912788434087e-07,-1.21285161723896e-08,1,-3.15454770296139e-05,1.49016640157638e-07,0.000643003745307464,2.40494200913236e-06
13.423247424511,-1.16305571029247e-05,-2.02991515287247e-07,0.999999999999979,-7.04335740863778e-05,4.03844775118319e-06,0.00143530456705977,-0.000613152215408917
13.4259572543271,-5.76003254432405e-06,-1.00531532920481e-07,0.999999999999995,3.7810486015552e-05,1.95106221569301e-06,-0.000770301338879754,-0.000308192749821398
13.4297300520022,-9.47751077127846e-06,-1.65413767852036e-07,0.999999999999986,-1.7197379907208e-05,3.27370949657973e-06,0.000350574664954736,-0.000518546716636125
13.4331871537848,7.91360175519497e-06,1.38118406319754e-07,0.99999999999999,8.77996059303116e-05,-2.9107230386646e-06,-0.00178890669820634,0.000403702876822312
13.4366442555674,3.95974385469846e-05,6.91105678000945e-07,0.999999999999761,0.000159956896400091,-1.4178096364144e-05,-0.00325919629622821,0.00211147971518271
13.4398527955088,3.47311338389897e-05,6.06172638441152e-07,0.999999999999816,-2.64709310497238e-05,-1.24467500465751e-05,0.000539605661508054,0.00188166421273189
13.4431786857125,2.9435334545445e-06,5.13743504244044e-08,0.999999999999999,-0.000166811967335756,-1.14116634330439e-06,0.00339926546306246,0.000202626408126138
13.4459621274812,-1.48994960650773e-05,-2.60045263223536e-07,0.999999999999966,-0.000111882927513346,5.20479098699054e-06,0.00227989584750698,-0.000784729138566944
13.4487455692499,-8.94646775470802e-06,-1.56145318743159e-07,0.999999999999988,3.73278671204071e-05,3.0880452347873e-06,-0.00076047782855986,-0.000478985249445987
13.4522825909765,-9.8103370168814e-06,-1.71222681674858e-07,0.999999999999985,-4.26272839047489e-06,3.3957841105608e-06,8.70050849445625e-05,-0.000536640901587617
13.4557927179835,8.87903724948781e-06,1.54968434410783e-07,0.999999999999988,9.29285793461992e-05,-3.25037953017851e-06,-0.00189342540240768,0.000452645907751065
13.4593028449905,4.94318342082523e-05,8.6274826223386e-07,0.999999999999628,0.000201639378407342,-1.76719036572802e-05,-0.00410854766745588,0.00263572672913681
13.4624239066769,3.66748275595352e-05,6.40096493515003e-07,0.999999999999795,-7.13384710384578e-05,-1.31343261909212e-05,0.00145385702764058,0.00198642151374475
13.4656176174105,3.39981857120946e-06,5.93380280380543e-08,0.999999999999998,-0.000181844416702306,-1.29984669601646e-06,0.00370555772950953,0.000218576758925664
13.4685223772319,-1.59392980643729e-05,-2.78193231680063e-07,0.999999999999961,-0.000116199369473907,5.57823452248765e-06,0.00236786572434196,-0.000840074933662479
13.4714271370533,-1.21190724062348e-05,-2.11517715776388e-07,0.999999999999978,2.29538825939408e-05,4.21999856584011e-06,-0.000467589763066797,-0.000649683009182588
13.4749160763765,-1.11552148867274e-05,-1.94695228540877e-07,0.999999999999981,4.82166230963885e-06,3.87769042365889e-06,-9.81123804304998e-05,-0.000612101295852891
13.4782340699367,8.91754819348158e-06,1.55640577181525e-07,0.999999999999988,0.000105586644267345,-3.26046621223826e-06,-0.00215134734482797,0.000458209773702864
13.4815520634969,3.0300329920961e-05,5.28840521561299e-07,0.99999999999986,0.000112477597562625,-1.08644178907002e-05,-0.0022917318977553,0.00161694353231908
13.4847972044004,2.73973663802822e-05,4.78174249711107e-07,0.999999999999886,-1.56129651553532e-05,-9.83136656601395e-06,0.00031833789515251,0.00148591530824214
13.4883513147505,1.14513203596418e-07,1.99863243976411e-09,1,-0.000133978849942175,-1.27761410227439e-07,0.00273024869798059,6.18335304008015e-05
13.4910061605804,-1.38652581627765e-05,-2.41994406579467e-07,0.999999999999971,-9.19047864375251e-05,4.84416708561063e-06,0.00187277484812435,-0.000729852097809784
13.4936610064103,-6.41331585790929e-06,-1.11933477690882e-07,0.999999999999994,4.8990011934027e-05,2.19431319806746e-06,-0.000998119686546076,-0.000342751299772309
13.4972575352448,-8.69696590380746e-06,-1.51790689955124e-07,0.999999999999988,-1.108213338426e-05,3.00697557409813e-06,0.000225957419897658,-0.000474118406442908
13.500995733467,8.10320054581783e-06,1.41427529473922e-07,0.99999999999999,7.8438381807458e-05,-2.96735001363787e-06,-0.00159818319750181,0.00040576761618222
13.5039708805395,1.95945600367782e-05,3.41989588121474e-07,0.999999999999941,6.74124854195534e-05,-7.05355010617646e-06,-0.00137344473833755,0.00104250557955106
13.5069460276121,1.24177512025011e-05,2.16730644177128e-07,0.999999999999976,-4.21017653551097e-05,-4.50067224278964e-06,0.000858067786619021,0.000670750554026732
13.5106417588811,7.06427674868525e-06,1.23294888536637e-07,0.999999999999992,-2.5282075139998e-05,-2.59607838944633e-06,0.000515349660109522,0.000406899399789015
13.5135119897188,-9.88700524585226e-06,-1.72560794702072e-07,0.999999999999985,-0.000103077313276132,3.43279985148801e-06,0.00210048549462217,-0.000518021008728118
13.5163822205566,-8.25218346163953e-06,-1.44027771884232e-07,0.99999999999999,9.9410202282189e-06,2.8517698773344e-06,-0.000202433186386793,-0.000441132957839823
13.5200511331103,-1.27994710209706e-05,-2.23392911829535e-07,0.999999999999975,-2.16317883793998e-05,4.4694434582148e-06,0.000440913637809586,-0.000697900984996502
13.5235684402547,7.62835763149406e-06,1.33139957189207e-07,0.999999999999991,0.000101365292932597,-2.79504474639992e-06,-0.00206535508743643,0.000380522112173219
13.527085747399,5.74623024268709e-05,1.00290637312546e-06,0.999999999999497,0.000247281906369467,-2.05173561075464e-05,-0.00503860215611949,0.00305901772368981
13.5301003418072,3.76358062988033e-05,6.56868736556891e-07,0.999999999999784,-0.000114787460504163,-1.34656299298374e-05,0.0023391956670854,0.00203401297957033
13.5331226851971,6.05325589001182e-06,1.05649245746446e-07,0.999999999999994,-0.000182381490025407,-2.23316126777511e-06,0.00371647665839689,0.000348943787602471
13.5362318025613,-1.50996039331297e-05,-2.63537804380195e-07,0.999999999999965,-0.000118743362464121,5.29002787301416e-06,0.00241971860801844,-0.000793313904742996
13.5393409199256,-1.93602171586443e-05,-3.37899533319437e-07,0.999999999999943,-2.39173116442262e-05,6.80563850243249e-06,0.00048747295513686,-0.00103748853560338
13.5427341550368,-1.5985567545849e-05,-2.79000786475012e-07,0.999999999999961,1.73576969804718e-05,5.60587831539503e-06,-0.000353574140224687,-0.000875309719389579
13.5459957287637,9.14625914066404e-06,1.59632336245214e-07,0.999999999999987,0.000134485116525362,-3.33152557224181e-06,-0.00274021212946496,0.000466035883403304
13.5492573024906,3.18936340496422e-05,5.566489245924e-07,0.999999999999845,0.000121725468006738,-1.14208144119997e-05,-0.0024801796669515,0.00170021810307479
13.5523948491456,2.48772904651506e-05,4.34190627591856e-07,0.999999999999906,-3.90299525289374e-05,-8.92494892192571e-06,0.000795483147995743,0.0013471320907615
13.5558550868003,3.59425768799203e-06,6.27316308205799e-08,0.999999999999998,-0.000107350718025444,-1.35523019116302e-06,0.00218762971973018,0.000233304019752851
13.5586546167673,-1.37883657149876e-05,-2.40652380195633e-07,0.999999999999971,-0.00010836962439765,4.82695562402393e-06,0.0022082942093889,-0.000725845721924324
13.5614541467344,-8.68665360172675e-06,-1.51610706330355e-07,0.999999999999988,3.18059370373432e-05,3.01292207754401e-06,-0.000647977899093232,-0.000465012489292911
13.5650288672656,-1.02580491938135e-05,-1.79036733263594e-07,0.999999999999984,-7.67221568601385e-06,3.57221763587229e-06,0.000156458540865924,-0.000561041127103328
13.5685157423184,8.68630109860801e-06,1.5160455399031e-07,0.999999999999988,9.48245297722107e-05,-3.16469556991471e-06,-0.00193207760640123,0.000442373931592351
13.5720026173712,4.70692481695916e-05,8.21513356997595e-07,0.999999999999663,0.000192122973398231,-1.68146080308271e-05,-0.00391465488562504,0.00250948577483553
13.5751297878154,3.55674992721284e-05,6.20769968999288e-07,0.999999999999807,-6.41932992069702e-05,-1.27235165142403e-05,0.00130824065701979,0.00192621822438981
13.5783462647063,3.57271918594729e-06,6.23557130439517e-08,0.999999999999998,-0.000173610529439396,-1.34438917181331e-06,0.00353776126130083,0.000228222360577151
13.5812404994915,-1.5655398196124e-05,-2.73238244233142e-07,0.999999999999963,-0.000115952568531671,5.49415497361419e-06,0.00236281596102998,-0.000824932767262639
13.5841347342767,-1.17228581116004e-05,-2.0460247179155e-07,0.999999999999979,2.3714652588893e-05,4.09591776161498e-06,-0.000483111190270934,-0.000628332502854179
13.5876311845462,-1.10893298966031e-05,-1.93545318535565e-07,0.999999999999981,3.16239397210761e-06,3.87102097159029e-06,-6.43214611080352e-05,-0.000608194434655987
13.5909712791389,8.93516648301448e-06,1.55948074342444e-07,0.999999999999988,0.00010463577697627,-3.25003765023297e-06,-0.00213199309907447,0.000458635337891081
13.5943113737315,3.22693585466243e-05,5.63206554145136e-07,0.999999999999841,0.000121930223382524,-1.15480498028575e-05,-0.00248436441615783,0.00172180475591983
13.5975379058318,2.83363148429106e-05,4.9456199189051e-07,0.999999999999878,-2.1275028458222e-05,-1.01487235191791e-05,0.000433693588097535,0.00153653358060884
13.6010425990757,6.98760660020058e-07,1.21956742007587e-08,1,-0.000137634390264539,-3.19069766814829e-07,0.00280471158765336,8.98427463305875e-05
13.6037310197998,-1.41606175176827e-05,-2.47149399799146e-07,0.999999999999969,-9.64674433877993e-05,4.9656511545848e-06,0.00196573433396163,-0.000745702428039437
13.6064194405238,-6.96132059793267e-06,-1.21497964720825e-07,0.999999999999993,4.67380101463513e-05,2.40559909122108e-06,-0.000952251275427912,-0.000372280147534077
13.6100069438189,-8.92801935833765e-06,-1.55823333484783e-07,0.999999999999988,-9.56803825413575e-06,3.10546544689225e-06,0.000195084519263069,-0.000487315840041186
13.6136640623697,8.44302757218936e-06,1.47358629971367e-07,0.999999999999989,8.29018691201458e-05,-3.0719546687684e-06,-0.00168914953940762,0.000426321672095384
13.6173211809205,7.03144359091421e-05,1.22721841829675e-06,0.999999999999247,0.000295276123353006,-2.50753111501368e-05,-0.00601658277566413,0.00374626780944132
13.6203545785548,4.57404264279545e-05,7.9832104243395e-07,0.999999999999681,-0.000141391742057051,-1.63351888091096e-05,0.00288129793543954,0.00247438381633841
13.6233007252142,5.4701247393649e-06,9.5471687196714e-08,0.999999999999995,-0.000238565637249108,-2.01310085010755e-06,0.00486129497767472,0.000319391818438695
13.6270676308211,-5.94705795563062e-05,-1.03795742132659e-06,0.999999999999461,-0.000300891295613042,2.10829726085108e-05,0.00613131197555939,-0.00313449216756272
13.6301782637641,-7.01110662170309e-05,-1.22366894757065e-06,0.999999999999251,-5.97021666163902e-05,2.48672307562688e-05,0.00121655567118553,-0.00376301394339963
13.6328198994207,-1.44601579803554e-05,-2.52377367115733e-07,0.999999999999968,0.000367685671580879,5.07591810548109e-06,-0.00749206750053518,-0.000787989940918451
13.6367059380622,1.52140107466112e-05,2.65534579962163e-07,0.999999999999965,0.000133275037861985,-5.47711660700486e-06,-0.00271562783751319,0.000755310395016412
13.6392865864789,1.54664008704652e-05,2.69939618622932e-07,0.999999999999964,1.70695032775104e-06,-5.56626378685381e-06,-3.45444886140166e-05,0.00081913159154753
13.6418672348957,5.30416077030281e-06,9.25750694969025e-08,0.999999999999996,-6.87286760859554e-05,-1.95178574084266e-06,0.0014006084759789,0.000284928826189773
13.645575015672,7.59944714983029e-06,1.32635374095837e-07,0.999999999999991,1.08043886666839e-05,-2.76754898582976e-06,-0.00022001388274692,0.000417168172454471
13.6491188625936,-8.25831424453219e-06,-1.44134774231434e-07,0.99999999999999,-7.80987876881914e-05,2.8725997513602e-06,0.00159153283480108,-0.000421912365255889
13.6526627095152,-4.54021281175202e-05,-7.9241662306294e-07,0.999999999999686,-0.000182931673737219,1.60827849572745e-05,0.0037276399060871,-0.0024210296235914
13.6558782482084,-3.9250214913841e-05,-6.85045482361854e-07,0.999999999999765,3.33913384175838e-05,1.38951408957768e-05,-0.000680335169373198,-0.00212672797025103
13.6591472300179,-1.78192065376352e-06,-3.11003824174633e-08,1,0.000200045499808919,5.70257402523711e-07,-0.00407615712470341,-0.000140744470845392
13.6619303074485,1.5714244673846e-05,2.74265309022591e-07,0.999999999999962,0.000109722312461334,-5.65152668086387e-06,-0.00223557706841606,0.000829369251961669
13.664713384879,9.19181988745751e-06,1.60427521286427e-07,0.999999999999987,-4.09035646964503e-05,-3.33147511872868e-06,0.000833628104147952,0.0004933911086876
13.668238054142,9.54986421725093e-06,1.66676573709419e-07,0.999999999999986,1.77294717793667e-06,-3.45830520406982e-06,-3.59835422496588e-05,0.000524023151431486
13.6717138943934,-8.98147885575907e-06,-1.56756377731248e-07,0.999999999999988,-9.30517308197005e-05,3.13264966040893e-06,0.00189621915504419,-0.000458508792011477
13.6751897346447,-4.42113986475414e-05,-7.71634473311289e-07,0.999999999999702,-0.000176900562487514,1.56621462702026e-05,0.0036047389131121,-0.00235718158765741
13.6783521250531,-3.48277500211808e-05,-6.07858908931093e-07,0.999999999999815,5.17885343786902e-05,1.2325171112313e-05,-0.00105520657699567,-0.00188640634679638
13.6816360412326,-2.26125486650396e-06,-3.94663426472389e-08,0.999999999999999,0.000173083761948278,7.43552581792271e-07,-0.00352677044638053,-0.000162034294667939
13.6844605782872,1.55829588400072e-05,2.71973938960879e-07,0.999999999999963,0.000110262416670694,-5.60203962113311e-06,-0.00224659548818948,0.000822534852966775
13.6872851153417,9.91782450086964e-06,1.73098692175138e-07,0.999999999999985,-3.50058239198019e-05,-3.58687938561959e-06,0.000713447972751295,0.000532486191053108
13.6908119924836,1.00439003687242e-05,1.7529913117651e-07,0.999999999999985,6.23905770699315e-07,-3.63122034999723e-06,-1.25723019526253e-05,0.000551653293393944
13.6942144892952,-8.91135601995599e-06,-1.55532503365649e-07,0.999999999999988,-9.72320189725296e-05,3.1104587055965e-06,0.0019813917334337,-0.000456092118157515
13.6976169861068,-3.66261915963485e-05,-6.39247635822516e-07,0.999999999999796,-0.000142164757011338,1.296727225214e-05,0.00289693542484997,-0.00195312176451656
13.7008277743209,-3.12355407699666e-05,-5.45163030076815e-07,0.999999999999851,2.93026507738498e-05,1.1050376635542e-05,-0.000597017146193987,-0.00169252264063819
13.704246896073,-1.04505405308509e-06,-1.82396340876464e-08,1,0.000154110743692874,3.13714650916425e-07,-0.00314018124043136,-0.000104165570876608
13.7069768259079,1.47525637068229e-05,2.57480809794276e-07,0.999999999999967,0.000100999095416414,-5.30400858129493e-06,-0.00205782696692632,0.000778368165800381
13.7097067557429,7.78588933224039e-06,1.35889404043497e-07,0.999999999999991,-4.4540121212405e-05,-2.82599654427019e-06,0.000907720046605117,0.000417758490286641
13.7132745606387,9.1667875456319e-06,1.59990624502086e-07,0.999999999999987,6.75519574708256e-06,-3.31661999012757e-06,-0.000137514090648203,0.000502237789332306
13.7168368443202,-8.75694707961938e-06,-1.5283755896226e-07,0.999999999999988,-8.78167522388038e-05,3.05824660309775e-06,0.0017895448996094,-0.000444647985222357
13.7203991280018,-5.49570541302513e-05,-9.59181541769487e-07,0.99999999999954,-0.0002263559151649,1.94891636593538e-05,0.00461246731738293,-0.002928843618357
13.7235032339188,-3.97464313742183e-05,-6.93706093398028e-07,0.999999999999759,8.55239658268746e-05,1.4079830364585e-05,-0.00174263811846173,-0.00215120868559712
13.7266244405645,-3.93593504843788e-06,-6.86950257398834e-08,0.999999999999998,0.000200246615684456,1.34452695155621e-06,-0.00408024999897816,-0.000243710751602899
13.7303125479951,7.17062580814728e-05,1.25151029780617e-06,0.999999999999217,0.000357962816541059,-2.55564556901603e-05,-0.00729398021838285,0.00378964062425487
13.7332654293145,5.62831899932884e-05,9.82326978908249e-07,0.999999999999517,-9.11595454666181e-05,-2.00707423091865e-05,0.00185774935986673,0.00302403961922217
13.7358935377834,1.08609070674032e-05,1.89558588079307e-07,0.999999999999982,-0.000301649798790688,-3.91649904127689e-06,0.00614671862267933,0.000593576027856262
13.7402029844897,-2.7550417621476e-05,-4.80845497794203e-07,0.999999999999884,-0.000155566162331602,9.74498688041948e-06,0.00317012527424608,-0.00138449172230232
13.7425678159983,-1.34201697973119e-05,-2.3422614913979e-07,0.999999999999973,0.000104286224094259,4.71955827300317e-06,-0.00212506835648601,-0.00070568268826425
13.744932647507,-3.4784641379882e-06,-6.07106521204404e-08,0.999999999999998,7.33733022356756e-05,1.1841032917109e-06,-0.0014950134791364,-0.000184717645159727
13.7485759626088,-7.20760418950326e-06,-1.25796424287369e-07,0.999999999999992,-1.78644367415682e-05,2.51071017680358e-06,0.000364120820736131,-0.000389539198183385
13.753762595552,-1.34768976114643e-05,-2.3521623627421e-07,0.999999999999972,-2.10965019473967e-05,4.74006045941374e-06,0.000429826113978062,-0.000876293772343249
13.755832635815,-2.16904587344807e-08,-3.78569921184651e-10,1,0.000113445941392041,-4.4179771209454e-08,-0.00231118221040748,-2.37170299682141e-05
13.757902676078,2.85391458470757e-07,4.98102060738337e-09,1,2.58912380808297e-06,-1.53053723438609e-07,-5.25950891759464e-05,1.23756594432433e-05
13.7613684497702,5.5887860608058e-06,9.75427179506252e-08,0.999999999999995,2.67073691367022e-05,-2.03876322155896e-06,-0.000544094815635559,0.000297051664475181
13.7660340048081,6.74824147201911e-05,1.17779032406335e-06,0.999999999999306,0.000231536783372651,-2.4049879865696e-05,-0.00471779165941574,0.00364053420943703
13.7702916848246,0.000104877040986973,1.8304496749707e-06,0.999999999998325,0.00015328990163163,-3.73465046402778e-05,-0.00312297418384088,0.0059881934933863
13.7721332306736,2.53725942856992e-05,4.42835310058136e-07,0.999999999999902,-0.000753505195447952,-9.07314782673188e-06,0.0153530561447363,0.00141805492272934
13.7739747765227,5.42197190825442e-06,9.46312617496794e-08,0.999999999999996,-0.000189082475730053,-1.97800433468621e-06,0.00385281935592972,0.000300022572548865
13.7769752714946,-3.07748284746253e-06,-5.37122083618715e-08,0.999999999999999,-4.943966628922e-05,1.04503667099071e-06,0.00100751410484672,-0.000158419599327234
13.7810618831682,-3.56063303265678e-05,-6.21447698751275e-07,0.999999999999807,-0.000138925725204919,1.26139931309516e-05,0.00283094098091649,-0.00190128349933704
13.785033534665,-0.000106301374568113,-1.85530898560828e-06,0.999999999998279,-0.000310667058235411,3.77558281813756e-05,0.00633032255485128,-0.0057775680434166
13.7877041743909,-3.91638745111794e-06,-6.83538558057964e-08,0.999999999999998,0.000669111266663719,1.34427449008636e-06,-0.0136340193467818,-0.000248501526822663
13.7903748141168,9.35025853668229e-06,1.63192797377812e-07,0.999999999999987,8.67008196341576e-05,-3.37341734556517e-06,-0.00176650253116816,0.000491671447604433
13.7933962348849,1.02645134201265e-05,1.79149555296351e-07,0.999999999999984,5.28121011382015e-06,-3.69819128834972e-06,-0.000107490471441335,0.000550537982275203
13.7971217889485,1.59119208462458e-05,2.77715409083708e-07,0.999999999999961,2.64566966698372e-05,-5.70613972411631e-06,-0.000538966393050854,0.000871451115386813
13.800357166381,-7.73477883948321e-06,-1.34997357662568e-07,0.999999999999991,-0.000127562479297017,2.70390301954543e-06,0.00259940081774816,-0.00039121199655218
13.8035925438134,-2.75328178758107e-05,-4.8053832428483e-07,0.999999999999885,-0.000106800821182553,9.74510985349569e-06,0.00217631697721135,-0.00146605585461697
13.8067883486338,-2.46960091059867e-05,-4.31026671001956e-07,0.999999999999907,1.54927024852191e-05,8.73643931315618e-06,-0.000315623324024386,-0.00133568956312153
13.8103078931598,-4.86240662357899e-06,-8.48650051522338e-08,0.999999999999996,9.83541089732485e-05,1.68302999432961e-06,-0.00200406878408638,-0.000303876424508613
13.8130543567248,1.28086436868355e-05,2.23553005050063e-07,0.999999999999975,0.000112296414246406,-4.60103001668012e-06,-0.00228805511611579,0.000674218600326912
13.8158008202897,7.52509817641981e-06,1.31337739714346e-07,0.999999999999991,-3.35760017036281e-05,-2.7216511179884e-06,0.000684290490023613,0.000403369990938179
13.8193892321832,9.91917581869394e-06,1.73122277120412e-07,0.999999999999985,1.16442979920858e-05,-3.57265929776057e-06,-0.000237154542185525,0.000542108048920629
13.8230295827532,-8.25300800332958e-06,-1.44042162851544e-07,0.99999999999999,-8.71246968877524e-05,2.89053806377179e-06,0.00177543267807392,-0.000413490637840037
13.8266699333231,-7.14779530068071e-05,-1.24752562255424e-06,0.999999999999222,-0.000303125602465946,2.53761178705831e-05,0.00617676220318714,-0.00380578741911166
13.8296733552198,-4.47234919296268e-05,-7.80572187161021e-07,0.999999999999695,0.000155473806694678,1.5861244594651e-05,-0.00316801088995122,-0.00241702854389746
13.8325931629765,-5.9320389142273e-06,-1.03533610409696e-07,0.999999999999995,0.000231877792366218,2.06577504752252e-06,-0.004724786936946,-0.000340689102441078
13.836479882323,6.39601725308536e-05,1.1163156008068e-06,0.999999999999377,0.000313850603162032,-2.2790422571727e-05,-0.00639516142108661,0.00336841332773528
13.8396398773174,8.64156224728294e-05,1.5082371373107e-06,0.999999999998863,0.000124025999156497,-3.07757814842387e-05,-0.00252701631704479,0.00463739557811718
13.8422100529368,1.66261031383335e-05,2.90180241540079e-07,0.999999999999958,-0.000473919714502961,-5.95563388463582e-06,0.00965698507611808,0.000904861426163353
13.8458495619794,-6.42672895424019e-06,-1.12167580384743e-07,0.999999999999994,-0.000110550026722283,2.24336012672186e-06,0.00225277473285486,-0.000301071382465153
13.8486123510209,-1.62057165962517e-05,-2.82843112249678e-07,0.99999999999996,-6.17765342562349e-05,5.72123206986062e-06,0.00125882645793733,-0.000857921748291317
13.8513751400624,-7.87004939121407e-06,-1.3735827417126e-07,0.999999999999991,5.26586850798655e-05,2.75694836328669e-06,-0.00107293161441135,-0.000422465014067763
13.8550475563084,-8.4255737076198e-06,-1.47054002567431e-07,0.999999999999989,-2.64014963089109e-06,2.95479143330605e-06,5.38727248684342e-05,-0.000465427396264329
13.8581738259089,6.84098148326232e-06,1.19397650950893e-07,0.999999999999993,8.52299025877865e-05,-2.47427890425006e-06,-0.00173659697698339,0.000354895333628757
13.8613000955095,1.31924904300108e-05,2.30252394541528e-07,0.999999999999973,3.54591118984154e-05,-4.73277329257207e-06,-0.00072242470320609,0.000705014488248559
13.8649097899411,2.16156464821134e-05,3.7726420106e-07,0.999999999999929,4.07269394414143e-05,-7.72793331773038e-06,-0.000829754452045554,0.00117498029226574
13.8691535896007,-1.62602523301221e-05,-2.83794940365706e-07,0.99999999999996,-0.000155770581660258,5.7433071127167e-06,0.00317433467905794,-0.000726145591840992
13.8713493935211,-8.56052725541085e-06,-1.49409386313632e-07,0.999999999999989,6.12010720996475e-05,3.00450968494373e-06,-0.00124728688307158,-0.000437140605662722
13.8735451974416,-2.18585154744015e-06,-3.81503064626436e-08,0.999999999999999,5.06689503624931e-05,7.37530379482514e-07,-0.0010324142717615,-0.000113775135509744
13.8769746234022,-6.21933197142424e-06,-1.08547820175903e-07,0.999999999999994,-2.0527491924864e-05,2.17229354172705e-06,0.000418368315492368,-0.000332486351502005
13.8816728939343,-4.60201860757038e-05,-8.03203769401393e-07,0.999999999999677,-0.000147853544082054,1.63271887555349e-05,0.00301278845420495,-0.00251259518379316
13.8843519985718,1.50015853389058e-06,2.61827057182815e-08,1,0.000309575991733659,-5.72495877247879e-07,-0.00630795990424653,6.08507108974826e-05
13.8870311032093,5.74067007332775e-06,1.00193594050273e-07,0.999999999999995,2.76252324360089e-05,-2.08025828269052e-06,-0.00056278593389919,0.000303642484153612
13.8904550274855,1.16139335873563e-05,2.02701380207322e-07,0.999999999999979,2.99386837697664e-05,-4.1686750540577e-06,-0.000609948294090036,0.000624788896043452
13.8946838976279,2.92407924778038e-05,5.10348104630045e-07,0.99999999999987,7.27491538080269e-05,-1.04368077610787e-05,-0.00148222397377322,0.00162084571288278
13.8970918437226,-1.13052903174161e-06,-1.97314538932745e-08,1,-0.000220137635017787,3.6439411303435e-07,0.00448564936656057,-4.87002094077753e-05
13.8994997898172,-1.51098272897422e-06,-2.63716235613693e-08,1,-2.75760727488391e-06,4.99858707833759e-07,5.62573203367013e-05,-7.86822411311194e-05
13.9033859632598,-9.04271455062023e-06,-1.57825142226322e-07,0.999999999999988,-3.38259525997823e-05,3.17876732940297e-06,0.000689343556358582,-0.000484039263521652
13.9084062176384,-9.57432762642781e-05,-1.67103540745741e-06,0.999999999998604,-0.000301421033898657,3.40126896804274e-05,0.00614190437888192,-0.00523854668352963
13.9106876848407,-7.60054332646504e-06,-1.32654505987297e-07,0.999999999999991,0.000674294550423359,2.66639496276315e-06,-0.0137395333521601,-0.000428209349039884
13.912969152043,2.51384259077701e-07,4.38748300859233e-09,1,6.00674815130333e-05,-1.25759742605653e-07,-0.00122384170264268,1.02499356771276e-05
13.9165096675677,6.81868554574107e-06,1.19008513431328e-07,0.999999999999993,3.23741075624644e-05,-2.46104131464328e-06,-0.000659588005123979,0.00036217545745807
13.9210966135797,7.45479086162289e-05,1.30110645582868e-06,0.999999999999154,0.000257709146630943,-2.6547623985116e-05,-0.00525111536246524,0.00402088608268638
13.9251893141177,9.33433224069572e-05,1.62914831075128e-06,0.999999999998673,8.01529092771232e-05,-3.32300710948174e-05,-0.00163277206519534,0.00531561736450355
13.9270895927326,1.94431267397981e-05,3.39346578492021e-07,0.999999999999942,-0.000678743486436222,-6.94959543873283e-06,0.0138298012988075,0.00109043791106586
13.9289898713475,3.77990836286182e-06,6.59718463556073e-08,0.999999999999998,-0.000143860342371165,-1.37921198947268e-06,0.00293135091120764,0.000210321942030814
13.9320850293295,-3.50116193708948e-06,-6.1106803447714e-08,0.999999999999998,-4.10572418408556e-05,1.21046910079073e-06,0.000836687854161134,-0.000181617599637312
13.9362966674488,-4.22705789412581e-05,-7.37760779249066e-07,0.999999999999728,-0.000160662895678021,1.49987221844847e-05,0.00327384563748989,-0.00226023168037871
13.9402869007775,-0.000118650306003856,-2.07083849826461e-06,0.999999999997856,-0.000334085154731041,4.21620321341581e-05,0.0068074490167279,-0.00646444992110657
13.9427859262623,-5.59078122476069e-06,-9.7577540130755e-08,0.999999999999995,0.000789612178870985,1.95429407615382e-06,-0.016089366956034,-0.000332344510946135
13.9452849517472,4.15999622815723e-06,7.26056310518889e-08,0.999999999999997,6.80998141937013e-05,-1.51310986632562e-06,-0.00138750243385662,0.000216569963940641
13.9484509167665,8.17601806853259e-06,1.42698434998441e-07,0.99999999999999,2.21394751737096e-05,-2.94107350458562e-06,-0.000451035823054308,0.000437358414926206
13.9524906064531,2.62259167761637e-05,4.57728597098057e-07,0.999999999999895,7.79837528466227e-05,-9.35986378729069e-06,-0.00158893152212666,0.00142735416548623
13.9557303372313,-4.31764624066973e-06,-7.53571428360422e-08,0.999999999999997,-0.000164546308457095,1.50293229875358e-06,0.00335299345223843,-0.000198523814481047
13.9589700680094,-3.51404373719086e-05,-6.1331633273063e-07,0.999999999999812,-0.00016605058467456,1.24648892625251e-05,0.00338360120470879,-0.00186517033497945
13.9619749419634,-2.54664100645409e-05,-4.44472704289246e-07,0.999999999999901,5.61899204502655e-05,9.02453000396115e-06,-0.00114492631343874,-0.00137222346323861
13.9651780243117,-8.21540155547568e-06,-1.43385806516514e-07,0.99999999999999,9.39991124289195e-05,2.88958211541114e-06,-0.00191532630807681,-0.000461423357274935
13.9681955999352,9.82121661358528e-06,1.7141256645863e-07,0.999999999999985,0.000104321618494918,-3.52465136324352e-06,-0.0021256247660161,0.000513942199197642
13.9712131755587,1.2183752828042e-05,2.12646602098501e-07,0.999999999999977,1.36646237856135e-05,-4.36455898648197e-06,-0.000278338549892612,0.00065229316407363
13.9747778286271,1.62121522617554e-05,2.82955435802274e-07,0.99999999999996,1.97238924391723e-05,-5.79684647159071e-06,-0.000401802772284368,0.000884317989957311
13.9782461218132,-7.53748165555768e-06,-1.31553872198154e-07,0.999999999999991,-0.000119513918158643,2.6498096337384e-06,0.00243539275717652,-0.000370845553363858
13.9817144149994,-5.83721104052934e-05,-1.01878551790984e-06,0.999999999999481,-0.000255812181407647,2.0728787948683e-05,0.00521264418680295,-0.00310469118495911
13.9846663121963,-3.47422858826305e-05,-6.06367278321009e-07,0.999999999999816,0.000139712941231707,1.23251313906111e-05,-0.0028468662685712,-0.00187509756365883
13.9876585362214,-6.36030942573279e-06,-1.11008340924667e-07,0.999999999999994,0.000165548746766121,2.23159405292968e-06,-0.00337325589697219,-0.000360558668913856
13.9908416493594,1.41045966060132e-05,2.46171650440546e-07,0.99999999999997,0.000112210900421414,-5.04625260764637e-06,-0.00228639270579183,0.000740682602670288
13.9940247624975,2.21074485973275e-05,3.85847767238757e-07,0.999999999999926,4.38803494377961e-05,-7.89205036170081e-06,-0.00089402972204334,0.00118516803835963
13.9974037378254,1.85457372940691e-05,3.23684177991403e-07,0.999999999999948,-1.83971716912331e-05,-6.62499923836326e-06,0.00037498087449321,0.00101513825499815
14,-4.86125046180479e-07,-8.48448263225884e-09,1,-0.000127941108516805,1.43587295700191e-07,0.00260705047440074,-1.84262802896473e-05
14.0035981101611,-1.4896453493914e-05,-2.5999216033901e-07,0.999999999999966,-6.98999381478681e-05,5.26873048736879e-06,0.00142439863213362,-0.000789837193123804
14.0075925073012,-6.71196802408243e-05,-1.1714594130879e-06,0.999999999999314,-0.000228186437343267,2.38414590510329e-05,0.0046496950383059,-0.00361920506513283
14.0111832432646,-3.78587145469967e-05,-6.60759219417718e-07,0.999999999999782,0.000142227164257549,1.34348474499206e-05,-0.00289818346634729,-0.00214958017990173
14.0134518897373,1.82549317578253e-06,3.18608663900927e-08,0.999999999999999,0.00030530102162026,-6.77673856637381e-07,-0.00622067892747353,7.79077121054628e-05
14.01572053621,1.56413813362933e-06,2.72993603878308e-08,1,-2.01067290878979e-06,-5.84465848668937e-07,4.10852942890966e-05,8.11847419541994e-05
14.0192151756293,6.59131872384294e-06,1.1504021377941e-07,0.999999999999993,2.5107269409775e-05,-2.37206330579226e-06,-0.000511525580357887,0.00035240700419094
14.0238995503879,5.71471752948532e-05,9.97406367109383e-07,0.999999999999503,0.000188363698209418,-2.0351103184395e-05,-0.00383808743003894,0.00310621704250566
14.0267313974458,3.8537121416508e-07,6.72599652958886e-09,1,-0.000349835407889765,-1.64279954381532e-07,0.00712850052185457,5.0658770489569e-05
14.0295632445037,-1.17511312857924e-05,-2.05095931771191e-07,0.999999999999979,-7.47999182054242e-05,4.15201876501824e-06,0.00152419909379179,-0.000620218262481097
14.0327144580567,-1.40830879652581e-05,-2.45796253841741e-07,0.99999999999997,-1.2915761305007e-05,4.9815138522388e-06,0.00026323036293535,-0.000756360312956153
14.0364282056549,-1.63366518703361e-05,-2.85128363889451e-07,0.999999999999959,-1.05909486325249e-05,5.78308860217761e-06,0.000215839856835368,-0.000902643188984333
14.039264599465,6.04783455534818e-06,1.05554625606713e-07,0.999999999999994,0.000137739332283332,-2.17742519629002e-06,-0.00280656154660642,0.000311290058725391
14.0421009932752,7.23762480986724e-06,1.26320382956212e-07,0.999999999999992,7.32118271994983e-06,-2.60030384232993e-06,-0.000149090244286122,0.000385959246346083
14.0457246210149,1.41351446224501e-05,2.46704813907323e-07,0.99999999999997,3.32220745605695e-05,-5.05302318451377e-06,-0.000676868463956712,0.000765759327490213
14.0502462838222,7.12839867824159e-06,1.24414027330127e-07,0.999999999999992,-2.70455343070437e-05,-2.56018024185657e-06,0.000551311110303042,0.000510719357058945
14.0524449443858,-4.45041490323936e-06,-7.76743931413516e-08,0.999999999999997,-9.19143335770437e-05,1.55724473898365e-06,0.00187269697236716,-0.000218691877554031
14.0546436049495,-1.50968014099343e-06,-2.63488891123076e-08,1,2.33439871880301e-05,5.11462938627308e-07,-0.000475644952949295,-7.77519785152541e-05
14.0581609232294,-6.35529799510491e-06,-1.10920874959975e-07,0.999999999999994,-2.40444506633202e-05,2.23498026307447e-06,0.000490008917961224,-0.000339130337726921
14.0629221994441,-5.97939345246615e-05,-1.04360103017706e-06,0.999999999999455,-0.00019588868890362,2.12398840032857e-05,0.00399155665056711,-0.00325096468099733
14.0656918954267,-6.08413776029515e-07,-1.06188236062064e-08,1,0.000372958697660805,1.91510835229328e-07,-0.00759952474950691,-5.97992686188476e-05
14.0684615914092,9.27007747205237e-06,1.61793373802266e-07,0.999999999999987,6.22495026509238e-05,-3.32137083021328e-06,-0.00126832753037347,0.000489451112855359
14.0716708594979,1.29269271796385e-05,2.25617441450234e-07,0.999999999999975,1.98874216441984e-05,-4.62162597913309e-06,-0.000405156288913386,0.0006947133980258
14.0755128394522,1.94426564682141e-05,3.39338370704502e-07,0.999999999999942,2.95995634034686e-05,-6.93845879980477e-06,-0.000603030949715284,0.00107329019986397
14.0783118084128,-5.73661565409315e-06,-1.00122831085373e-07,0.999999999999995,-0.000157008244100992,2.01635462130125e-06,0.00319932573290529,-0.000292982446623156
14.0811107773734,-6.88168832958322e-06,-1.20108119447296e-07,0.999999999999993,-7.14023222249705e-06,2.42370424763871e-06,0.000145535599743387,-0.00036588357337436
14.0847039990531,-1.34346541435124e-05,-2.34478948670988e-07,0.999999999999972,-3.18296056900381e-05,4.75437318264625e-06,0.000648629320070908,-0.0007262280647316
14.0891958093072,-1.34403168075489e-05,-2.34577780802858e-07,0.999999999999972,-2.20027397151349e-08,4.75609025633925e-06,3.82267637293568e-07,-0.000832506390735125
14.0914351205754,4.07791313830916e-06,7.11730108738297e-08,0.999999999999997,0.00013653787037824,-1.47340616075137e-06,-0.00278188052974149,0.000201303918975084
14.0936744318436,1.57407090497651e-06,2.74727199516869e-08,1,-1.95150587336119e-05,-5.82718469668841e-07,0.000397750729754829,8.22109980250782e-05
14.0972524359895,6.67576625755192e-06,1.16514101287821e-07,0.999999999999993,2.48857680727476e-05,-2.39684478735671e-06,-0.00050702186016433,0.000357350496786174
14.1020772940618,6.38314635528081e-05,1.11406920536303e-06,0.999999999999379,0.000206753253486386,-2.27230084997642e-05,-0.00421280033681162,0.0034777478129182
14.1047126088951,9.09767270180222e-07,1.58784342915257e-08,1,-0.000416720900756607,-3.45635042826912e-07,0.0084913472860835,7.26155832322859e-05
14.1073479237283,-5.39866727851847e-06,-9.42245192298289e-08,0.999999999999996,-4.17798101896313e-05,1.89795116966958e-06,0.000851354147225457,-0.000283575001429677
14.1106901972904,-1.08294142666245e-05,-1.89008935015043e-07,0.999999999999982,-2.83592632451614e-05,3.82950687105807e-06,0.000577916698167937,-0.000580589753450191
14.1148217324557,-2.93445081613029e-05,-5.1215828479306e-07,0.999999999999869,-7.82153211447394e-05,1.04142298299618e-05,0.00159377149059268,-0.00161149260940192
14.1175557137042,4.52839288200036e-06,7.90353656147813e-08,0.999999999999997,0.000216239102125209,-1.63199688333389e-06,-0.00440611168046661,0.000226304169243581
14.1202896949528,6.40843272390483e-06,1.11848250924688e-07,0.999999999999994,1.20018691889816e-05,-2.30037379739771e-06,-0.000244470189554077,0.000340469361142664
14.123794752867,1.22787891275189e-05,2.14305298433285e-07,0.999999999999977,2.92311996021828e-05,-4.38784885363918e-06,-0.000595560788812027,0.000662649196995976
14.1281693962939,2.2889288337401e-05,3.99493444925976e-07,0.99999999999992,4.23321693725833e-05,-8.16068037926125e-06,-0.000862431781848148,0.00130643497947996
14.1305002701693,-3.03946704380208e-06,-5.3048707420205e-08,0.999999999999999,-0.000194151282542139,1.06036682593297e-06,0.00395604725877672,-0.000148505738576032
14.1328311440446,-1.677179645948e-06,-2.92723069692254e-08,1,1.02006379248e-05,5.75955401326933e-07,-0.000207823953807911,-8.74827498187299e-05
14.1365572831859,-7.67822943455693e-06,-1.3401038435656e-07,0.999999999999991,-2.81090086592152e-05,2.71036781051048e-06,0.000572821445539834,-0.000411016064686332
14.1415094666901,-7.47727688336559e-05,-1.30503100697953e-06,0.999999999999148,-0.000236465514986615,2.65716090770242e-05,0.00481832735931324,-0.00409068513204577
14.1438915832059,-3.76148532371833e-06,-6.56503036643295e-08,0.999999999999998,0.000520285508744482,1.31773726531457e-06,-0.0106014427271407,-0.000220695504618411
14.1462736997217,1.38952556746573e-06,2.42517961929196e-08,1,3.77404292614006e-05,-5.13937772358947e-07,-0.000768927558966429,7.13077504944788e-05
14.1498257338762,7.9625821467539e-06,1.38973275421373e-07,0.99999999999999,3.22974031885709e-05,-2.85136170922196e-06,-0.000658052213231547,0.000424970182478224
14.1543882051596,6.3872593654797e-05,1.11478706106442e-06,0.999999999999379,0.000213878340277088,-2.27346345420085e-05,-0.00435800503673919,0.00346408084519549
14.1573443707835,2.71976225992981e-06,4.7468806307257e-08,0.999999999999999,-0.000361048192334273,-9.86156478941667e-07,0.00735698902899096,0.00018626769151615
14.1603005364074,-2.06169599912355e-05,-3.59833833598993e-07,0.999999999999935,-0.000137780723992732,7.31331914366682e-06,0.00280751374532266,-0.00108823609994204
14.1632521367659,-1.66133035537366e-05,-2.89956846645973e-07,0.999999999999958,2.36742710618693e-05,5.88952780908658e-06,-0.000482379442219709,-0.000891731439569167
14.166596225157,-1.09440204079875e-05,-1.91009189524834e-07,0.999999999999982,2.95888282693385e-05,3.87341675051792e-06,-0.000602888088708025,-0.000602137476190685
14.169855477201,9.17625485153013e-06,1.60155860161304e-07,0.999999999999987,0.000107744060584778,-3.28196939341866e-06,-0.00219540742704559,0.000473402845754682
14.1731147292449,2.55718455270763e-05,4.46312900258851e-07,0.9999999999999,8.77983771237739e-05,-9.11262712202397e-06,-0.00178895576345493,0.00136521787147189
14.1764150071738,2.48219694803189e-05,4.33225094261097e-07,0.999999999999906,-3.96566782544385e-06,-8.84564164344172e-06,8.08978771885805e-05,0.00134727407102356
14.1801289245732,-3.14620324611396e-06,-5.49116055816221e-08,0.999999999999998,-0.00013143445245279,1.10140541107708e-06,0.00267831671651409,-0.000100259552070783
14.1826753419269,-1.30787567101874e-05,-2.2826736666007e-07,0.999999999999974,-6.80782986449442e-05,4.63363892656536e-06,0.00138713848709228,-0.000687585739782488
14.1852217592806,-4.98981898878967e-06,-8.70887704329137e-08,0.999999999999996,5.54420492081428e-05,1.7569674229121e-06,-0.00112969364566132,-0.000266239572603917
14.1888330302697,-8.03034621782756e-06,-1.40155981576164e-07,0.99999999999999,-1.46948847936283e-05,2.83844813488759e-06,0.000299473707523674,-0.000436230113528155
14.1928954339731,5.46804605122607e-06,9.54354072445694e-08,0.999999999999995,5.79931011338006e-05,-1.96208316906378e-06,-0.00118169725472379,0.000252186537537694
14.1956427399059,1.47742542827407e-05,2.57859381760696e-07,0.999999999999967,5.91211821647542e-05,-5.27141503403007e-06,-0.00120457347885468,0.000782460106573121
14.1983900458388,7.07859357425002e-06,1.23544764281176e-07,0.999999999999992,-4.88895742826904e-05,-2.53434028220044e-06,0.000996275922218614,0.000380546483344673
14.202109135585,8.6341193521046e-06,1.50693810704384e-07,0.999999999999989,7.29991698929909e-06,-3.08728367807342e-06,-0.000148677077888208,0.000476806567835172
14.2052978339081,-7.24762537447664e-06,-1.26494925735704e-07,0.999999999999992,-8.69284919273987e-05,2.56104126864741e-06,0.00177135758054321,-0.00037452760712403
14.2084865322312,-1.64645097326807e-05,-2.87359904561926e-07,0.999999999999959,-5.04484785092238e-05,5.83902691947301e-06,0.00102800118376206,-0.000878812928220264
14.2120122588064,-2.35414749324167e-05,-4.10876248346369e-07,0.999999999999916,-3.50328765297841e-05,8.3559357059442e-06,0.000713869533792616,-0.00127833603025887
14.2160673927921,1.09507273322609e-05,1.91126247436086e-07,0.999999999999982,0.000148454403208595,-3.91117214145851e-06,-0.00302508077182406,0.000470747219265359
14.2183622539279,1.00818704760995e-05,1.75961834567543e-07,0.999999999999985,-6.6079871379374e-06,-3.60151505673444e-06,0.000134934998853301,0.000523042782520789
14.2206571150636,2.83742208138788e-06,4.95223575890089e-08,0.999999999999999,-5.50967877783703e-05,-1.0249107998906e-06,0.00112277131573607,0.00015015495586352
14.2241687439681,6.76314914358399e-06,1.18039220358975e-07,0.999999999999993,1.95114189553537e-05,-2.42086060373806e-06,-0.00039752201665968,0.000363890880453153
14.2290131773162,4.05512400492738e-05,7.07752654626357e-07,0.99999999999975,0.000121730116175224,-1.44365758090738e-05,-0.00248031386582011,0.00224784777590163
14.2311866328089,3.34546076616906e-06,5.83893053659421e-08,0.999999999999998,-0.000298770023782366,-1.20499695925186e-06,0.00608780759206947,0.000191718402035488
14.2333600883017,5.36279952815855e-08,9.3598508890765e-10,1,-2.64340909986593e-05,-3.42454713274325e-08,0.000538659057812199,5.0710160317431e-06
14.2373338580865,-6.99105190368288e-06,-1.22016873897083e-07,0.999999999999993,-3.09411127576004e-05,2.47131969999803e-06,0.000630526000996288,-0.000369895989713773
14.2412176476483,-2.84878272066229e-05,-4.97206381494767e-07,0.999999999999876,-9.66039744508315e-05,1.01165240357644e-05,0.00196849088092218,-0.00153390155484119
14.2451014372101,-3.2716657076486e-05,-5.71013386230552e-07,0.999999999999837,-1.9003862995642e-05,1.16202376364959e-05,0.000387176899472861,-0.001834089531752
14.2473930281418,6.21285955589453e-07,1.08434855214352e-08,1,0.000253909571597406,-2.35551465803905e-07,-0.00517360622183576,1.93309380542852e-05
14.2496846190735,1.10250294911389e-06,1.92423064749848e-08,1,3.66506117529875e-06,-4.06517752302112e-07,-7.46059360468638e-05,5.71967465154603e-05
14.2534391278796,7.4888989174421e-06,1.30705943458403e-07,0.999999999999991,2.9687941283193e-05,-2.67758952762921e-06,-0.000604891849400693,0.000400244710097737
14.2583804040181,9.13605390050044e-05,1.59454221203336e-06,0.999999999998729,0.000296246602611489,-3.25049789791153e-05,-0.00603637372530096,0.00496554144858164
14.2609799416875,4.71473611249082e-06,8.22876685256425e-08,0.999999999999997,-0.000581739807536313,-1.69047945557938e-06,0.0118538384289206,0.000281657597076835
14.263579479357,-5.15861912808091e-06,-9.00348886413708e-08,0.999999999999996,-6.6289694199188e-05,1.82086520254808e-06,0.00135075736712534,-0.000269367396977885
14.2668180381379,-1.01086806301075e-05,-1.76429760027951e-07,0.999999999999984,-2.66769502212666e-05,3.58141064957374e-06,0.000543620037842618,-0.000540790746141493
14.2708195544438,-2.70713737393647e-05,-4.72484604789825e-07,0.999999999999888,-7.39856649650038e-05,9.61402796426223e-06,0.00150758283947555,-0.00147746365969899
14.2738694579084,5.54910921172363e-06,9.68502262973242e-08,0.999999999999995,0.000186673066113214,-1.98693384070301e-06,-0.00380371442558655,0.00027259245992003
14.276919361373,1.92533635865129e-05,3.36034586668229e-07,0.999999999999943,7.84235839418188e-05,-6.86047280377265e-06,-0.0015979322033068,0.00102345567850743
14.2801028791392,1.89622464474604e-05,3.30953634082776e-07,0.999999999999945,-1.5960182912553e-06,-6.75671338845848e-06,3.25926924028925e-05,0.00102377686227019
14.2837377346168,9.6033384914203e-06,1.67609875858789e-07,0.999999999999986,-4.4938171333253e-05,-3.42799525689121e-06,0.00091577729900979,0.000553123531717342
14.2864821848391,-9.68676003247087e-06,-1.69065856417209e-07,0.999999999999986,-0.000122675109770821,3.43228675644782e-06,0.00249969263705422,-0.000506570485699769
14.2892266350614,-6.53190681970883e-06,-1.14003280437391e-07,0.999999999999993,2.0063244555598e-05,2.31035444522361e-06,-0.000408800386367117,-0.00034876517079066
14.2928717163224,-1.09325775561021e-05,-1.90809474083616e-07,0.999999999999982,-2.10711883072944e-05,3.8755049554245e-06,0.000429387000762032,-0.000594368950204853
14.2966972950458,5.89544790419226e-06,1.02894976807954e-07,0.999999999999995,7.67738614540279e-05,-2.10919591951958e-06,-0.00156439098700068,0.000277510206980727
14.3,4.8107427684186e-05,8.39633007754017e-07,0.999999999999648,0.000223071101159499,-1.71211856681702e-05,-0.00454536204616171,0.00255547790061029
14.3028882348288,2.70010301222866e-05,4.71256877064051e-07,0.999999999999889,-0.000127543691051888,-9.61464173251822e-06,0.0025990074840158,0.00145543381493246
14.3059344543077,6.91746152894562e-06,1.20732479560142e-07,0.999999999999993,-0.000115068661314765,-2.47197495027311e-06,0.0023447643322493,0.000387431625982343
14.3091050464562,-1.0242794061502e-05,-1.78770480976931e-07,0.999999999999984,-9.44627837652471e-05,3.63099106321134e-06,0.00192486631125328,-0.000535118916019728
14.3122756386048,-1.75584864141303e-05,-3.06453399593261e-07,0.999999999999953,-4.02710006944233e-05,6.23279667847733e-06,0.000820605581972715,-0.000939443296176921
14.3157748455172,-2.03513776273493e-05,-3.55198546913949e-07,0.999999999999937,-1.39303415148743e-05,7.22608462673696e-06,0.00028386087851646,-0.00110988790989334
14.319108275595,7.73993424198551e-06,1.35087336410498e-07,0.999999999999991,0.00014708149619775,-2.76421028431489e-06,-0.00299700149025478,0.000382746182464292
14.3224417056729,4.48369726648998e-05,7.82552799629118e-07,0.999999999999694,0.000194234001641763,-1.59571409168021e-05,-0.00395776432211741,0.00238534271606798
14.325419916632,2.81281706323619e-05,4.90929190097471e-07,0.99999999999988,-9.79190572940323e-05,-1.00145657968962e-05,0.00199535063218843,0.00151889694247364
14.328569512652,6.23590473141927e-06,1.08837069403959e-07,0.999999999999994,-0.000121314644245584,-2.22864032102846e-06,0.0024720394063952,0.000357190982112905
14.3316556528942,-1.33466118188159e-05,-2.32942320223925e-07,0.999999999999973,-0.000110746551616098,4.73573491050157e-06,0.00225666194176382,-0.00070082432832877
14.3347417931364,-1.67694250871357e-05,-2.9268168143705e-07,0.999999999999957,-1.93573060602206e-05,5.95306157927243e-06,0.000394449562635904,-0.000898510442084841
14.3381989828832,-1.60630344622903e-05,-2.80352839228278e-07,0.999999999999961,3.56614565930782e-06,5.70187432970208e-06,-7.26564834361662e-05,-0.000879005604404212
14.3414877137964,8.84728181500953e-06,1.54414197523736e-07,0.999999999999988,0.000132199030029406,-3.15711200062736e-06,-0.00269374009736924,0.000448859960124612
14.3447764447096,3.43957896088673e-05,6.00319777497952e-07,0.99999999999982,0.00013558591193499,-1.22429448639488e-05,-0.00276271701855239,0.00183272909853619
14.3478912219495,2.60941954103734e-05,4.55429625569794e-07,0.999999999999896,-4.65170189608414e-05,-9.29032499088034e-06,0.00094793933743519,0.00141210772705462
14.3512833054921,4.29807595462799e-06,7.50155769090569e-08,0.999999999999997,-0.000112147606003571,-1.53852601752378e-06,0.00228526180918767,0.000267139184389386
14.3541334401689,-1.39448420059342e-05,-2.4338340667396e-07,0.99999999999997,-0.000111713662575462,4.94933788045709e-06,0.00227633590465146,-0.000734266847699278
14.3569835748457,-9.83008242951675e-06,-1.7156730413751e-07,0.999999999999985,2.51974417630328e-05,3.48600430397386e-06,-0.000513426115746277,-0.000526712005582597
14.3605356262702,-1.09295542750437e-05,-1.90756707874933e-07,0.999999999999982,-5.40234401027881e-06,3.87707908007009e-06,0.000110098286696341,-0.00059848670974534
14.3639635059637,8.78145518329728e-06,1.53265306064859e-07,0.999999999999988,0.00010036000230611,-3.13284917845552e-06,-0.00204497499486885,0.000447862224765331
14.3673913856571,4.12553228129703e-05,7.20041217059399e-07,0.999999999999741,0.000165342999661704,-1.46816271752502e-05,-0.00336907331341275,0.00219961970330067
14.3705444941898,3.25005072600827e-05,5.67240860256735e-07,0.999999999999839,-4.8460227492722e-05,-1.1567797625436e-05,0.000987542774866674,0.001760337170044
14.3738532075919,2.97873427414081e-06,5.19887206257604e-08,0.999999999999999,-0.00015572582965615,-1.06847436083925e-06,0.00317323442339969,0.000199857594077667
14.3766859899948,-1.51337989144859e-05,-2.6413461939252e-07,0.999999999999965,-0.000111594642671711,5.37299648011598e-06,0.00227390244812379,-0.000797718427995153
14.3795187723977,-9.95266831980634e-06,-1.73706831539552e-07,0.999999999999985,3.19218969167601e-05,3.53041166347606e-06,-0.000650450530458647,-0.000533492672336215
14.3830499112778,-1.0315555907754e-05,-1.80040414763859e-07,0.999999999999984,-1.79363753151011e-06,3.65952317920252e-06,3.6563703697516e-05,-0.000565472946723923
14.3864624087597,8.89183535856806e-06,1.55191803552263e-07,0.999999999999988,9.82366199792794e-05,-3.1712987392495e-06,-0.00200170753372015,0.000455134887185263
14.3898749062417,3.82564588508438e-05,6.67701167100901e-07,0.999999999999777,0.000150186004900273,-1.36143144066974e-05,-0.00306022662951008,0.00204050086652408
14.3930655043609,3.16982021512416e-05,5.53237994501888e-07,0.999999999999847,-3.58751457639302e-05,-1.12816762956656e-05,0.000731097438133304,0.00171789449295075
14.396445504276,1.72476505185667e-06,3.01028289782296e-08,1,-0.00015477372149859,-6.21699761200621e-07,0.00315383929060698,0.000138194987448005
14.3992104664544,-1.49314880877431e-05,-2.60603629353427e-07,0.999999999999966,-0.000105139397784094,5.30182231527683e-06,0.0021423519362308,-0.000787133514974029
14.4019754286327,-8.47423693387377e-06,-1.47903336090206e-07,0.999999999999989,4.07601572795732e-05,3.00539504416158e-06,-0.000830545636053845,-0.000454034920969081
14.4055319838551,-9.51620969518564e-06,-1.66089191491195e-07,0.999999999999986,-5.11333418545496e-06,3.37601776674273e-06,0.000104208341895071,-0.000521046542419535
14.4090346273561,8.82473360957308e-06,1.54020657098453e-07,0.999999999999988,9.13909304486964e-05,-3.1466805517089e-06,-0.00186222158107858,0.000450232938820946
14.4125372708572,4.73563572147469e-05,8.26524355147811e-07,0.999999999999658,0.000191998899645588,-1.6849849121772e-05,-0.0039122361627767,0.00252512013249489
14.41567982155,3.63417189134422e-05,6.34282650873819e-07,0.999999999999799,-6.11737798583702e-05,-1.29323294342093e-05,0.00124660508947719,0.00196854295342817
14.4189071413275,2.9809289661529e-06,5.20270252274387e-08,0.999999999999999,-0.000180414605856483,-1.06773967181298e-06,0.00367629816071792,0.000198230794901241
14.4217765076645,-1.58159099953247e-05,-2.76039703617494e-07,0.999999999999962,-0.000114334208434598,5.61709947277178e-06,0.0023297266223847,-0.000833971110906138
14.4246458740015,-1.11200805770183e-05,-1.94082019156038e-07,0.999999999999981,2.85629908617231e-05,3.94709480679779e-06,-0.000582011660367027,-0.000596329565767068
14.4281502061438,-1.06366935708461e-05,-1.85645324336977e-07,0.999999999999983,2.40750433360023e-06,3.77522107402069e-06,-4.90460737726348e-05,-0.000583737435285564
14.4315044396823,8.92274714421632e-06,1.55731315989495e-07,0.999999999999988,0.000101774857477952,-3.18080478574115e-06,-0.00207380487374052,0.000457900068601069
14.4348586732208,3.28435058078881e-05,5.73227314245496e-07,0.999999999999836,0.000124468375104656,-1.16877806287605e-05,-0.00253619068124776,0.00175224091725038
14.4380900092087,2.89806418954703e-05,5.05807620417345e-07,0.999999999999872,-2.08643403471577e-05,-1.03137533133014e-05,0.000425219574996869,0.00157131237415222
14.441587376887,4.42654608947178e-07,7.72578037525621e-09,1,-0.000142416207233766,-1.64242587478039e-07,0.00290204281033009,7.64379568503437e-05
14.444272183956,-1.42535465645957e-05,-2.48771317638519e-07,0.999999999999969,-9.55365102306817e-05,5.06215823621576e-06,0.00194665787499726,-0.000750971439796515
14.4469569910249,-6.93409595734029e-06,-1.21022805104816e-07,0.999999999999993,4.75820084092146e-05,2.45909074671243e-06,-0.000969554765990885,-0.00037114290114348
14.4505427383785,-8.86628704255766e-06,-1.54745901319541e-07,0.999999999999988,-9.404760818159e-06,3.14630751132204e-06,0.000191652310340362,-0.000484270914738533
14.4542036817938,8.45812314003343e-06,1.47622097332704e-07,0.999999999999989,8.25929178234672e-05,-3.01491060304768e-06,-0.00168295912160285,0.000426796575966735
14.457864625209,7.08361305001383e-05,1.23632370659948e-06,0.999999999999236,0.000297382801583738,-2.51988161351596e-05,-0.0060596144260773,0.00377375591253613
14.4608971359877,4.59909041873387e-05,8.02692704038222e-07,0.999999999999678,-0.000142994051532887,-1.63625530619229e-05,0.00291384391288628,0.00248760891603611
14.4638393638569,5.48863395256675e-06,9.57947339090399e-08,0.999999999999995,-0.000240259422982044,-1.95827528306718e-06,0.00489570435035779,0.000319982242636937
14.467603089972,-5.89122904527891e-05,-1.02821343829221e-06,0.999999999999471,-0.000298642392626176,2.09454399092834e-05,0.00608538307303898,-0.00310527728459711
14.4707162881893,-6.98929202844018e-05,-1.21986158279644e-06,0.999999999999256,-6.15598915082874e-05,2.4850347776851e-05,0.00125430749824901,-0.00375159279226316
14.4733616770472,-1.44923776328948e-05,-2.52939706136394e-07,0.999999999999968,0.000365512190682135,5.14780247118927e-06,-0.00744788247170473,-0.00079012980551032
14.4772471117773,1.54144262534606e-05,2.69032490428738e-07,0.999999999999964,0.000134340745073774,-5.48836529244875e-06,-0.00273744600095472,0.000765522537701752
14.4798264895734,1.55017441438925e-05,2.70556475112671e-07,0.999999999999963,5.90834226077279e-07,-5.51906896697108e-06,-1.19035197435868e-05,0.0008206990836584
14.4824058673695,5.30296073995379e-06,9.25541250161883e-08,0.999999999999996,-6.90098016521522e-05,-1.89185769884859e-06,0.00140623497402086,0.00028453733551465
14.4861134876673,7.59457144992753e-06,1.32550277079195e-07,0.999999999999991,1.07875534306686e-05,-2.70669040858488e-06,-0.000219772426594679,0.000416563569246709
14.4896584819031,-8.25315176001529e-06,-1.44044671879031e-07,0.99999999999999,-7.80240899020997e-05,2.92952994539743e-06,0.00158990959619286,-0.000421953894832841
14.4932034761389,-4.55083384748447e-05,-7.94270343497971e-07,0.999999999999685,-0.000183420797994102,1.61789665306141e-05,0.00373750581914366,-0.00242701807432624
14.4964185551885,-3.93092421703969e-05,-6.86075702337174e-07,0.999999999999765,3.36522491342377e-05,1.39742189291968e-05,-0.0006857522217826,-0.00213025347739673
14.4996859141724,-1.78681167884645e-06,-3.1185746908958e-08,1,0.000200434038207489,6.29755755625609e-07,-0.00408417417219489,-0.000141262420522909
14.5024699922799,1.57320341263122e-05,2.74575793540254e-07,0.999999999999962,0.000109825058292813,-5.60037253404439e-06,-0.00223777065480331,0.000829988758585528
14.5052540703874,9.22272637495824e-06,1.60966941253542e-07,0.999999999999987,-4.08066325367051e-05,-3.28526274548148e-06,0.000831553461922114,0.000494723836878357
14.5087782292746,9.56483366764249e-06,1.66937839905966e-07,0.999999999999986,1.69427623545375e-06,-3.40677445780472e-06,-3.44796350604562e-05,0.000524521484612756
14.5122523806985,-8.97684275241772e-06,-1.56675462463479e-07,0.999999999999988,-9.31488766269784e-05,3.18751155123365e-06,0.00189809976722675,-0.000458623895231828
14.5157265321224,-4.40150185674303e-05,-7.6820699432802e-07,0.999999999999705,-0.00017602328086666,1.56484741987661e-05,0.00358676440000997,-0.00234705530264091
14.5188900660243,-3.47326393728506e-05,-6.06198914964025e-07,0.999999999999816,5.12111089642618e-05,1.23472047454965e-05,-0.00104353850965604,-0.00188161241409878
14.5221771818222,-2.22230524249831e-06,-3.87865434659265e-08,0.999999999999999,0.000172617092428677,7.85237270732911e-07,-0.00351735934657036,-0.000160446803286023
14.5249993392767,1.55721232721131e-05,2.71784822624803e-07,0.999999999999963,0.000110047497735385,-5.54292361056078e-06,-0.00224231318881428,0.000821636197378635
14.5278214967313,9.86385931348231e-06,1.72156821973773e-07,0.999999999999985,-3.530207022634e-05,-3.51269931828414e-06,0.000719387321564488,0.000529252299475724
14.5313495240825,1.00234957397179e-05,1.74943003217701e-07,0.999999999999985,7.89727790235887e-07,-3.56931729595344e-06,-1.60480551973585e-05,0.000550169041238422
14.5347552053032,-8.90425189807272e-06,-1.55408513048323e-07,0.999999999999988,-9.70001285655008e-05,3.1622511939554e-06,0.00197657034043341,-0.000455996295279145
14.538160886524,-3.69054006318798e-05,-6.44120752793854e-07,0.999999999999792,-0.000143499114587627,1.31205622882825e-05,0.00292402912922343,-0.00196832613167692
14.5413698565761,-3.13815755339333e-05,-5.47711817530406e-07,0.99999999999985,3.00435758820761e-05,1.11559965762179e-05,-0.000612210672013365,-0.00170074375272164
14.5447832376269,-1.0933232235262e-06,-1.90820900390501e-08,1,0.000154869825434395,3.84241279438601e-07,-0.00315574356809402,-0.000106772276199905
14.5475168919293,1.47941260406413e-05,2.5820620936422e-07,0.999999999999967,0.000101435027526057,-5.26569059565378e-06,-0.00206680554680332,0.000780254522921354
14.5502505462316,7.86654377047385e-06,1.37297089547017e-07,0.999999999999991,-4.4229850026859e-05,-2.80183959712964e-06,0.000901303063970719,0.000421766871473904
14.5538168777604,9.20256639936601e-06,1.60615083302336e-07,0.999999999999987,6.53836962910802e-06,-3.27683995654318e-06,-0.000133190185930834,0.000503915515271194
14.5573718801202,-8.76495350403966e-06,-1.52977297429706e-07,0.999999999999988,-8.8211581595832e-05,3.11326185753199e-06,0.00179749580095704,-0.000445578952848895
14.5609268824799,-5.39358654146473e-05,-9.41358436397993e-07,0.999999999999557,-0.000221766699198449,1.91778222426665e-05,0.00451886068120172,-0.0028748533149097
14.5640361082586,-3.93104620219282e-05,-6.86096992762781e-07,0.999999999999765,8.20980725784086e-05,1.39763289392941e-05,-0.00167292235229422,-0.00212808109324904
14.5671707078178,-3.80705658670407e-06,-6.6445672247723e-08,0.999999999999998,0.000197681173881339,1.34994517577173e-06,-0.00402806914407036,-0.000237759332358616
14.5701124459194,1.62511161070729e-05,2.83635483192302e-07,0.99999999999996,0.000119004868328412,-5.78334269135757e-06,-0.00242485483775719,0.000857120118756491
14.573054184021,1.34066047989677e-05,2.33989395255657e-07,0.999999999999973,-1.68764472640502e-05,-4.77157730636283e-06,0.000343934555029687,0.000719559986292764
14.5765179360908,1.16921192021189e-05,2.04065976612626e-07,0.999999999999979,-8.63901862494171e-06,-4.16168222912593e-06,0.000176079310802175,0.00064250360473655
14.5798058388774,-8.97466299653757e-06,-1.5663741854648e-07,0.999999999999988,-0.000109706222649019,3.18832203887937e-06,0.00223546885202271,-0.000460607865981398
14.5830937416641,-2.85460886028049e-05,-4.98223234684952e-07,0.999999999999876,-0.000103891701885717,1.01486774391145e-05,0.00211695900150225,-0.00152264615011521
14.5863454405197,-2.61305463470808e-05,-4.56064069101522e-07,0.999999999999896,1.29652736784545e-05,9.2895581236359e-06,-0.000264206297574432,-0.00141652979725389
14.5899416516267,1.59449545255596e-08,2.78291955551785e-10,1,0.000126895320514589,-9.29310314000812e-09,-0.00258573563958834,-5.56983858320847e-05
14.5925780314253,1.35566098588628e-05,2.36607477445477e-07,0.999999999999972,8.96415552917997e-05,-4.82458002426169e-06,-0.00182647694524385,0.000714045274170849
14.595214411224,6.08056217545491e-06,1.06125830333917e-07,0.999999999999994,-4.94927351434327e-05,-2.16568600904503e-06,0.00100853982289986,0.000325541589975401
14.5988183966658,8.59169379134864e-06,1.49953344982188e-07,0.999999999999989,1.21608467501502e-05,-3.05861965533232e-06,-0.000247762833865846,0.000468735250867473
14.6026094230111,-7.7972863158618e-06,-1.36088318932486e-07,0.999999999999991,-7.54523017947888e-05,2.77013906073222e-06,0.00153751469528822,-0.000386884731687958
14.6055450595647,-1.87481165140296e-05,-3.27216361717332e-07,0.999999999999946,-6.51061666843886e-05,6.66461477836524e-06,0.00132662052897146,-0.000996158431093736
14.6084806961184,-1.13077694246078e-05,-1.9735780751575e-07,0.999999999999981,4.42352286564217e-05,4.01853093362116e-06,-0.000901366295320169,-0.000609662562042737
14.6121798774821,-7.56482079905589e-06,-1.32031030266873e-07,0.999999999999991,1.7659793026046e-05,2.68735220068369e-06,-0.000359857655533648,-0.000429987297138782
14.615070282219,8.83257130933806e-06,1.54157450765135e-07,0.999999999999988,9.90132895154163e-05,-3.14406197747508e-06,-0.00201750782639556,0.000462648394326152
14.6179606869559,8.05231440740002e-06,1.40539398814906e-07,0.99999999999999,-4.71146887366586e-06,-2.86645990800413e-06,9.60426288839024e-05,0.000430954695009492
14.6216627582058,1.368738750534e-05,2.38889977964513e-07,0.999999999999971,2.65663658284662e-05,-4.87036420341303e-06,-0.000541292741307453,0.000746369902026114
14.6251912552673,-7.12756879493964e-06,-1.24399543134101e-07,0.999999999999992,-0.000102958714368468,2.53240796635089e-06,0.00209799584380158,-0.000351071137209311
14.6287197523287,-6.14229779182804e-05,-1.07203320105356e-06,0.999999999999425,-0.00026856580618303,2.18419894588781e-05,0.00547246636636152,-0.00326747029065303
14.6316985733031,-3.84297094453905e-05,-6.70724960406778e-07,0.999999999999775,0.000134720496499032,1.36645310538962e-05,-0.00274519968651374,-0.00207481623107559
14.6346601590038,-6.54886760720319e-06,-1.14299302022898e-07,0.999999999999993,0.000187880991678044,2.32649407429805e-06,-0.00382836700520989,-0.000371787543785339
14.6378362083735,1.45459520342192e-05,2.5387475583429e-07,0.999999999999968,0.00011592201977677,-5.17555444961705e-06,-0.00236206924088306,0.000763675991540964
14.6410122577433,2.24112344536673e-05,3.91149830652877e-07,0.999999999999924,4.32219587403715e-05,-7.97260666274025e-06,-0.000880670256490728,0.00120122348294588
14.6443745258875,1.82073929361275e-05,3.17778954939778e-07,0.999999999999949,-2.18218394747322e-05,-6.47738373898886e-06,0.000444706626490692,0.00099638286817385
14.6476403305693,-9.08553595920969e-06,-1.5857251679655e-07,0.999999999999987,-0.000145860367703892,3.22913645445568e-06,0.00297216800733374,-0.000459323365745452
14.6509061352511,-3.50199476447936e-05,-6.11213390277643e-07,0.999999999999813,-0.000138600105512664,1.24523889270957e-05,0.00282418986170311,-0.00186509014304873
14.6539825082384,-2.49971021167788e-05,-4.3628173539502e-07,0.999999999999905,5.68629537454324e-05,8.88780055889866e-06,-0.00115869837073383,-0.00135175949993864
14.6573520136982,-4.74752880062837e-06,-8.28600089042225e-08,0.999999999999997,0.000104888308005537,1.68621299193487e-06,-0.00213728324614527,-0.00028733889725274
14.6602473477449,1.38114450555803e-05,2.41055190678165e-07,0.999999999999971,0.000111874897457163,-4.91391515564576e-06,-0.00227957397697511,0.000727465168652212
14.6631426817917,1.07961827120399e-05,1.88428934971985e-07,0.999999999999982,-1.81762293596411e-05,-3.84144869769841e-06,0.000370411994138571,0.000578980865986536
14.666684959856,1.16706198453656e-05,2.03690742050219e-07,0.999999999999979,4.30847234494951e-06,-4.15229513542768e-06,-8.77532571088956e-05,0.000639720233051318
14.6700644059995,-8.79314065293613e-06,-1.53469255984699e-07,0.999999999999988,-0.000105685956475618,3.12551517201502e-06,0.00215355120288412,-0.000448443707514479
14.673443852143,-3.71717612723486e-05,-6.48769622967754e-07,0.99999999999979,-0.000146562586278812,1.32180412208297e-05,0.00298644381955612,-0.00198158903454351
14.6766139090933,-3.01972191637612e-05,-5.27040899353937e-07,0.999999999999861,3.83995384072167e-05,1.07375253052549e-05,-0.000782483076648278,-0.00163534864103222
14.6799921482786,-2.72439454024039e-06,-4.7549654850552e-08,0.999999999999999,0.000141935256265805,9.6704107528889e-07,-0.00289218249325381,-0.000188398004814799
14.6827846812144,1.46567443185472e-05,2.55808445981619e-07,0.999999999999967,0.000108631879303739,-5.21415592354132e-06,-0.00221347326637253,0.000772772385799479
14.6855772141502,8.91029559113416e-06,1.55513995391225e-07,0.999999999999988,-3.59152256738257e-05,-3.17037917313285e-06,0.000731872030663155,0.000477810820137468
14.6891304416383,9.91601139584436e-06,1.73067047522762e-07,0.999999999999985,4.94003049066352e-06,-3.52792905609195e-06,-0.000100626791882971,0.000543391632279587
14.6926067565155,-8.83174473498159e-06,-1.54143024321102e-07,0.999999999999988,-9.4125556343687e-05,3.13961533030721e-06,0.00191799207548695,-0.000450314283423645
14.6960830713928,-4.4979346929715e-05,-7.85037699320249e-07,0.999999999999692,-0.000181483754286475,1.59951000410109e-05,0.00369802079637738,-0.00239800737959067
14.6992319572825,-3.49461421356636e-05,-6.09925241137214e-07,0.999999999999814,5.56109253600707e-05,1.2426775322648e-05,-0.00113320229544097,-0.00189261111068141
14.7024917062158,-2.88123664299114e-06,-5.02870659493038e-08,0.999999999999999,0.000171681373825199,1.02319736309532e-06,-0.00349829946815417,-0.000193485066815622
14.7053433624609,1.55724922321399e-05,2.71791262192078e-07,0.999999999999963,0.000112944303398884,-5.53947668386705e-06,-0.00230135524158186,0.000821440449753265
14.7081950187061,1.05682718613883e-05,1.84451140227094e-07,0.999999999999983,-3.06278577979285e-05,-3.75966285076516e-06,0.000624133373764741,0.000567022224302708
14.7117108834246,1.04398806889612e-05,1.82210291537746e-07,0.999999999999983,-6.37353501558068e-07,-3.71387765287601e-06,1.30224572202899e-05,0.000573082296427749
14.7150889619822,-8.92098058600147e-06,-1.55700483732218e-07,0.999999999999988,-0.000100030466879763,3.1716859008189e-06,0.00203830770550631,-0.000457072437453145
14.7184670405397,-3.48651651305956e-05,-6.08511925780375e-07,0.999999999999815,-0.000134044082851138,1.23984261375825e-05,0.00273135750975796,-0.00185958194504839
14.7216839813182,-3.00730401352327e-05,-5.24873566444188e-07,0.999999999999862,2.59993469250961e-05,1.06940584614905e-05,-0.000529810087743494,-0.00162993898484006
14.7251362763663,-9.0287730937734e-07,-1.57581817901821e-08,1,0.000147471573999628,3.1989547638993e-07,-0.00300500474048944,-9.81540373236156e-05
14.7278498542122,1.45227169931871e-05,2.53469227866444e-07,0.999999999999968,9.92149202791131e-05,-5.16579962705199e-06,-0.00202157277766651,0.000765719732657906
14.7305634320582,7.44874559063353e-06,1.30005135699964e-07,0.999999999999992,-4.54986365513582e-05,-2.64991334080854e-06,0.000927147267952075,0.000399214312982242
14.7341392633466,9.06735175233759e-06,1.58255142514768e-07,0.999999999999987,7.90026277424779e-06,-3.22544602902957e-06,-0.000160950738947526,0.000496101829842896
14.7377371319194,-8.6578324157529e-06,-1.51107681740782e-07,0.999999999999989,-8.59850264102359e-05,3.07844894294932e-06,0.00175211930184992,-0.000438806164832052
14.7413350004922,-6.02870182425787e-05,-1.05220696454269e-06,0.999999999999446,-0.000250453640693361,2.1439798723768e-05,0.00510339647186274,-0.00321264373040253
14.7444127061845,-4.19074046130054e-05,-7.3142219146234e-07,0.999999999999733,0.000104228540724477,1.49031174208543e-05,-0.00212388121431419,-0.00226778828698001
14.7474672063791,-4.54271381347299e-06,-7.92853130209312e-08,0.999999999999997,0.000213500355828382,1.61478232924606e-06,-0.00435041225885792,-0.000273564201470944
14.7511798993496,6.65497758350476e-05,1.16151270478548e-06,0.999999999999325,0.000334204316831693,-2.36685338560912e-05,-0.00680996688558289,0.00351404572673742
14.7541906517655,6.0508293512516e-05,1.05606894655633e-06,0.999999999999442,-3.5022394293091e-05,-2.1519580362173e-05,0.000713759617880055,0.00324994049036505
14.7568287748764,1.19950605989996e-05,2.09353301428785e-07,0.999999999999978,-0.000320953802962677,-4.26633379204353e-06,0.00653997021550296,0.000654963635246423
14.7609972816559,-2.37453615352183e-05,-4.14434740865962e-07,0.999999999999914,-0.000149643043731123,8.44477929124313e-06,0.00304932047750717,-0.00119132901159245
14.7634247030559,-1.41140564186561e-05,-2.46336755317786e-07,0.99999999999997,6.92496101213675e-05,5.01916454606857e-06,-0.00141121551668652,-0.000744379613237619
14.7658521244559,-3.91995136974942e-06,-6.8416057920189e-08,0.999999999999998,7.32961723909162e-05,1.39371600348492e-06,-0.00149353900506458,-0.000209147579455854
14.7695264660862,-7.35465385916905e-06,-1.28362925187007e-07,0.999999999999992,-1.63149955276754e-05,2.61524247052381e-06,0.00033244771170399,-0.000399284423490867
14.7737171541229,3.94928300671597e-06,6.89279915602549e-08,0.999999999999998,4.70784069393927e-05,-1.4050400491787e-06,-0.000959337102763541,0.00016704179242552
14.7764076934725,1.33937729419763e-05,2.33765437102012e-07,0.999999999999973,6.1265576944565e-05,-4.76364219621351e-06,-0.00124830069763011,0.000707879404718517
14.779098232822,6.07036754917161e-06,1.05947900539263e-07,0.999999999999994,-4.75062877576936e-05,-2.15906595206186e-06,0.000968049861301901,0.000325681922382039
14.7828248527851,8.76201734726529e-06,1.52926051826638e-07,0.999999999999988,1.26061019777068e-05,-3.11621526927303e-06,-0.000256841139338296,0.000480881390578004
14.7862508273555,-8.11152530760887e-06,-1.4157282397662e-07,0.99999999999999,-8.59606134717425e-05,2.88475461809819e-06,0.00175160958267459,-0.000415525744913139
14.7896768019258,-3.48321909618536e-05,-6.07936417967719e-07,0.999999999999815,-0.000136125818922128,1.23876420562144e-05,0.00277377640816224,-0.00185788969222274
14.7929449748979,-3.3051225414821e-05,-5.76852705307423e-07,0.999999999999834,9.5110365715682e-06,1.17541393762808e-05,-0.000193840009489271,-0.0017916651776128
14.7963919448518,-5.81939923683675e-07,-1.01567677170847e-08,1,0.000164404083925341,2.06656534181834e-07,-0.00335003872865443,-8.56350576835205e-05
14.7990680296207,1.44304576055069e-05,2.51858997785549e-07,0.999999999999968,9.79101142667809e-05,-5.13207401828615e-06,-0.00199497811678983,0.000760443710930167
14.8017441143895,6.93568485063625e-06,1.21050536524293e-07,0.999999999999993,-4.88805372630247e-05,-2.46654200830403e-06,0.000996056642540028,0.000371491516552854
14.8053144184905,8.76962288670173e-06,1.53058793531194e-07,0.999999999999988,8.96513465001866e-06,-3.11866972014334e-06,-0.000182653268011044,0.000479092713778345
14.8090131793024,-8.41943942861273e-06,-1.46946939201522e-07,0.999999999999989,-8.11097954117539e-05,2.99457194436949e-06,0.00165278101919807,-0.000423211124060688
14.8127119401143,-7.8427188228498e-05,-1.3688126576682e-06,0.999999999999063,-0.00033034461556039,2.78920692790947e-05,0.00673130775432018,-0.00417697639105184
14.8157145021016,-4.85225450362363e-05,-8.46878172329453e-07,0.999999999999641,0.000173829711944363,1.72565832978514e-05,-0.00354213702378141,-0.00262327739332835
14.818590593688,-5.98221428891622e-06,-1.04409335901439e-07,0.999999999999995,0.000258152014325749,2.12762438029826e-06,-0.00526024935673644,-0.000343595056056347
14.822391430599,5.48279714870763e-05,9.56928624638907e-07,0.999999999999542,0.000279237964008787,-1.94989498937166e-05,-0.00568995060318518,0.00288670876677902
14.825570017575,7.72855798591329e-05,1.34888783285448e-06,0.99999999999909,0.000123312406162744,-2.74853994586767e-05,-0.00251257858447946,0.00414698187768835
14.8282142701136,1.64272299703089e-05,2.86709249964177e-07,0.999999999999959,-0.000401693320662326,-5.84173208951501e-06,0.00818517409112926,0.000895144797284245
14.8319199354248,-1.07336242825514e-05,-1.87337084402536e-07,0.999999999999982,-0.000127924756974166,3.81795076738761e-06,0.00260673375645354,-0.00052545414546193
14.8346100996967,-1.6417655644861e-05,-2.86542146461454e-07,0.999999999999959,-3.68769532394629e-05,5.83922106458708e-06,0.000751355713984332,-0.000869865500009662
14.8373002639685,-6.76535546917797e-06,-1.18077728004961e-07,0.999999999999993,6.2622353668241e-05,2.40645741798495e-06,-0.00127604238988016,-0.000363338517879346
14.8409955868943,-7.82013535838205e-06,-1.36487109955393e-07,0.999999999999991,-4.98180600720332e-06,2.78155023067647e-06,0.000101504745382372,-0.000431666579090469
14.8442165001669,7.24625102598258e-06,1.26470938829413e-07,0.999999999999992,8.16408349234932e-05,-2.57661118090908e-06,-0.0016635534577406,0.00037524449239891
14.8474374134394,1.72074919979864e-05,3.00327391375435e-07,0.999999999999955,5.39773777919604e-05,-6.11912737410086e-06,-0.00109984836394512,0.000919122348502394
14.8509744282683,2.47182019161957e-05,4.31414008610373e-07,0.999999999999907,3.70613705554754e-05,-8.79007359663745e-06,-0.000755141369692665,0.00134320994711555
14.8550164463647,-1.35165002121333e-05,-2.35907432048235e-07,0.999999999999972,-0.000165096104158133,4.8082715819181e-06,0.00336424648631292,-0.000603131113107511
14.8572986914174,-1.0310624507576e-05,-1.79954345594018e-07,0.999999999999984,2.45166864922357e-05,3.66759247351759e-06,-0.000499805709766886,-0.000534376639228151
14.85958093647,-2.8300238757703e-06,-4.93932345422428e-08,0.999999999999999,5.72073147448882e-05,1.00713573670362e-06,-0.00116571913858574,-0.00014926686718153
14.8630756487112,-6.68068278611946e-06,-1.16599910899092e-07,0.999999999999993,-1.92309614408481e-05,2.3765936397645e-06,0.000391865712697817,-0.000358924703432847
14.8678985197471,-4.04795968589063e-05,-7.06502245067811e-07,0.99999999999975,-0.000122313520260948,1.43964593874986e-05,0.00249226356213862,-0.00223958845801082
14.8701477666266,-2.15588921636505e-06,-3.76273651338105e-08,0.999999999999999,0.000297377262597515,7.67403860376101e-07,-0.00605938621113233,-0.000127815774868005
14.8723970135062,3.79400574140857e-07,6.6217892027148e-09,1,1.9672875725499e-05,-1.34165885283808e-07,-0.000400831831255963,1.84577560479789e-05
14.8763135621752,7.57047411164616e-06,1.32129699185218e-07,0.999999999999991,3.20455381989978e-05,-2.69156180599606e-06,-0.000652971822083328,0.000402656851701493
14.8813808130413,0.000139755844125197,2.43919962888625e-06,0.999999999997025,0.000455290253167954,-4.9701390166948e-05,-0.00927718591459906,0.007552969880858
14.8842626722993,1.86844162583614e-05,3.2610458252156e-07,0.999999999999947,-0.000733240195717301,-6.64365803163059e-06,0.0149409559178714,0.00106781085369005
14.8871445315573,-2.3733146442068e-05,-4.14221547272053e-07,0.999999999999914,-0.000256891840827404,8.4414845887906e-06,0.00523451746595001,-0.00124363185989267
14.8898539410218,-1.42324035644092e-05,-2.48402302671514e-07,0.999999999999969,6.12012494893666e-05,5.06253160774729e-06,-0.00124711787768564,-0.00076059726173338
14.8929402910533,-8.45272223154633e-06,-1.47527833697005e-07,0.999999999999989,3.26840662731212e-05,3.00703258542989e-06,-0.000665996727940483,-0.000459280014328525
14.8973086883679,8.27079728699438e-06,1.44352644423066e-07,0.99999999999999,6.68163761444339e-05,-2.94080446247591e-06,-0.00136156045789122,0.000374838894968763
14.8997728439724,1.1084826287862e-05,1.93466715734811e-07,0.999999999999981,1.99314001203696e-05,-3.94124793833041e-06,-0.000405998498648194,0.000582713938506145
14.9022369995769,3.60198830843801e-06,6.28665556005843e-08,0.999999999999998,-5.29999647330619e-05,-1.27998316746553e-06,0.00107999055174369,0.000192195481077117
14.9059644538043,7.88684394396806e-06,1.37651394413217e-07,0.999999999999991,2.00632480640843e-05,-2.80378117922726e-06,-0.000408803950037656,0.000427780525958982
14.9112616986174,-3.94097608667422e-06,-6.87830084548265e-08,0.999999999999998,-3.89701458312993e-05,1.40380022418561e-06,0.000794296195837447,-4.64429030415414e-06
14.9132403691299,1.74597201509472e-07,3.04729603110829e-09,1,3.63023070444532e-05,-6.08057191129593e-08,-0.000740196982781365,4.07586169387014e-05
14.9152190396424,1.42303965890961e-07,2.48367274344297e-09,1,-2.84849490652473e-07,-4.94519444221685e-08,5.73808252503417e-06,1.24627419402984e-05
14.918498996221,-5.0325352548843e-06,-8.78343099204229e-08,0.999999999999996,-2.75363348567723e-05,1.79093881672586e-06,0.000561102172253865,-0.000266237765031747
14.9229356177517,-4.93739553317284e-05,-8.61738085271163e-07,0.999999999999629,-0.000174435382871599,1.75604137851492e-05,0.0035543881441255,-0.00265799168742414
14.9271757521663,-0.000104288694226424,-1.82018108685569e-06,0.999999999998343,-0.000226040711886312,3.70889780764917e-05,0.00460564745867074,-0.00583268162365772
14.9290430035433,-2.14440153695904e-05,-3.74268673047613e-07,0.99999999999993,0.000774353379335602,7.62735063692826e-06,-0.0157780724134269,-0.00118657210803992
14.9309102549202,-4.1598086754875e-06,-7.26023576402811e-08,0.999999999999997,0.000161556349151201,1.48060560993667e-06,-0.00329186798460792,-0.000228517287566196
14.9342042077383,3.32123564102567e-06,5.79664971704823e-08,0.999999999999998,3.96389572109322e-05,-1.17992896296745e-06,-0.000807702696377318,0.000170760114028146
14.9386360204279,7.09975982479034e-05,1.23914185043375e-06,0.999999999999232,0.000266521948467052,-2.5248277713319e-05,-0.00543081362780243,0.00378962531311795
14.9416050813104,3.65938735690183e-05,6.38683579837854e-07,0.999999999999796,-0.000202238449921324,-1.30127527582147e-05,0.00412100843983235,0.00198352561987036
14.9445741421929,2.07349663248993e-06,3.61893432659641e-08,0.999999999999999,-0.000202924177178642,-7.35944017349174e-07,0.00413491310106876,0.000134465942061867
14.9482214558633,-4.75141369833504e-05,-8.29278131602976e-07,0.999999999999656,-0.000237289016813483,1.68994228249909e-05,0.00483516594288794,-0.00251231901392901
14.9513964357882,-5.7026165877753e-05,-9.95294354355068e-07,0.999999999999505,-5.22889047114713e-05,2.02820456015976e-05,0.00106539973689731,-0.00306648905693682
14.9542384094797,-1.36900134254603e-05,-2.38935808916507e-07,0.999999999999971,0.000266138475419792,4.86999718883526e-06,-0.00542300882617699,-0.000753632229201717
14.9573966192274,9.20989696998223e-06,1.60743025895639e-07,0.999999999999987,0.000126552340325993,-3.2740731299602e-06,-0.00257869836692112,0.000474371864023291
14.9605548289751,2.13828049932103e-05,3.73200350443395e-07,0.99999999999993,6.72714422157374e-05,-7.60313199098614e-06,-0.00137073190410322,0.00114097689304607
14.9638541067582,2.11716857609483e-05,3.69515624726141e-07,0.999999999999932,-1.11682797248302e-06,-7.52792598297857e-06,2.27946880953238e-05,0.00114834762166587
14.9676717638851,-1.62110921684128e-06,-2.8293693368307e-08,1,-0.00010420247415487,5.78398815681831e-07,0.00212337685896746,-1.86261871067803e-05
14.9702010699102,-1.21408099455078e-05,-2.11897107407983e-07,0.999999999999978,-7.25904308207729e-05,4.31932360204849e-06,0.00147903209387915,-0.000637611513492202
14.9727303759353,-4.61520521267714e-06,-8.05505266164212e-08,0.999999999999997,5.19298888659803e-05,1.64287670393206e-06,-0.00105817440497706,-0.00024626691092908
14.9763574689897,-8.06640393782695e-06,-1.40785307510916e-07,0.99999999999999,-1.66069025501721e-05,2.87024209011471e-06,0.000338388171403681,-0.000437851605124249
14.9815203498206,1.37085622483593e-05,2.39259546948465e-07,0.999999999999971,7.36110065108647e-05,-4.87473724804666e-06,-0.00150012746600373,0.000549487802411581
14.9835478108978,2.91712188512851e-06,5.09133815774763e-08,0.999999999999999,-9.28975492985331e-05,-1.03600376246398e-06,0.0018933697562593,0.00012876377709256
14.985575271975,5.64595944578887e-07,9.85405817630901e-09,1,-2.02515963747454e-05,-1.99213195715656e-07,0.000412728301497043,2.6211507558882e-05
14.9889082549303,5.38880966190333e-06,9.40524713634955e-08,0.999999999999996,2.52621793500679e-05,-1.9148631632054e-06,-0.000514749097281797,0.000286237275045195
14.9934243152951,5.08692167208917e-05,8.87835319689996e-07,0.999999999999606,0.000175768874685884,-1.80893101251448e-05,-0.00358153914154217,0.00274576479370405
14.9977904428182,8.05438454846303e-05,1.4057552959239e-06,0.999999999999012,0.000118622274197299,-2.86410102623052e-05,-0.00241671826605079,0.0046491624461701
15,-3.14925091357386e-06,-5.49647974133031e-08,0.999999999999998,-0.000661091781377039,1.12196744230088e-06,0.0134701097353048,-0.000116097480445386
