time,theta_deg,sin_theta,cos_theta,theta_dot,x,x_dot,u
0,50,0.766044443118978,0.642787609686539,0,0,0,2700
2.24618836364506e-08,49.9999999998707,0.766044443117527,0.642787609688268,-0.000100475160542442,7.18414226093415e-11,0.00319837034917049,2699.99438452953
1.34771301818704e-07,49.9999999953449,0.766044443066753,0.642787609748778,-0.000703328100876206,2.58629121397953e-09,0.0223885924445785,2699.9663071903
6.96318392729968e-07,49.999999875734,0.766044441724868,0.642787611347975,-0.00371759201171338,6.90396071592074e-08,0.118339702975558,2699.82592082231
3.50405384728629e-06,49.9999968531358,0.766044407815062,0.642787651760106,-0.0187889109332339,1.7483328808323e-06,0.598095262482075,2699.12399718612
1.75427311200679e-05,49.999921126501,0.766043558255382,0.642788664224435,-0.0941455582418576,4.3820478383416e-05,2.99687389951999,2695.61458405244
8.7736117483976e-05,49.9980271275714,0.766022309482214,0.642813986605406,-0.470934927959595,0.0010960796837715,14.9908596791839,2678.0726377365
0.00029265560809389,49.9780465128622,0.765798095985405,0.643081080568484,-1.70177815789915,0.0121959680639982,54.1670699414166,2626.90996607336
0.000617002859386738,49.9023917430822,0.764948288414565,0.644091698480603,-4.07102209818595,0.0542106588138339,129.53613937644,2546.07481955216
0.00105329834654033,49.7154459227643,0.762842664997312,0.646584154197888,-7.47846398475645,0.15793594916527,237.740919641743,2437.6129143022
0.00160320972717196,49.3407037716758,0.758597405226702,0.65155964944379,-11.8937061731416,0.365456822398633,377.371483010591,2301.34458854942
0.00227859903276839,48.6690293933299,0.750907267088079,0.660407659127537,-17.3572920185194,0.736092117730615,548.77282222389,2134.65984379241
0.0031052160143505,47.5325723392923,0.737661287012245,0.675170960308157,-23.9952938814647,1.35945519846878,754.113567259495,1931.72316129011
0.0041342283970826,45.6408982189632,0.714971923265326,0.699153165581248,-32.0850772338139,2.38708913395129,998.660417238196,1680.86466046114
0.00548174555545194,42.376889209956,0.674004469850093,0.738727266737931,-42.2760509342007,4.13288617433772,1295.56572214565,1355.45499992085
0.00766880837779656,35.2152114541632,0.576649239618043,0.81699183254665,-57.1519279320123,7.85617149531169,1702.41352142892,834.546995560117
0.00977613994948244,26.1996989219924,0.441501137870092,0.897260689688016,-74.6680681651396,12.3704982355899,2142.20049703273,341.374769576893
0.012008254032518,14.6618355520539,0.253113595859733,0.967436565150892,-90.2165825578309,17.9460344394673,2497.872418911,-162.900663773139
0.0138522051997565,4.17372454123054,0.0727808277370483,0.997347958895946,-99.2716470510879,22.9097211384788,2691.87535288431,-543.021053661404
0.0155602617552186,-5.51616085019773,-0.0961265102012314,0.995369124514385,-99.0133515664329,27.4994930537252,2687.13111434686,-835.90683031304
0.0175086280610513,-15.5951606125205,-0.26883846781998,0.963185277202785,-90.2867857207569,32.3846299144742,2507.29898485962,-1070.88371901332
0.0195176872164201,-24.2723883254203,-0.411075092260767,0.91160148558611,-75.3816497292718,36.7848328463874,2190.18087155597,-1194.94568672683
0.021257766556222,-30.2680432944152,-0.504045986728856,0.863676816443821,-60.1374417987353,40.0028121459803,1849.32906562713,-1218.19068111558
0.0232374557755132,-35.5028987531013,-0.580744143339782,0.814086137934152,-46.1514174698495,43.0075815091483,1517.79851801376,-1172.6866358492
0.0258038995211001,-40.1373201797922,-0.644621732300067,0.764501682304533,-31.5167293106723,45.9560533977268,1148.8550620478,-1037.83833280332
0.02836949446856,-42.793139806235,-0.679353447736724,0.73381121076761,-18.0670751890923,47.9817309896819,789.554716718154,-855.477296853498
0.0309350894160198,-43.8902601283386,-0.693279329735524,0.720668974607248,-7.46351715815755,49.2483102857399,493.678589955149,-654.346889450525
0.0335136649998188,-43.773044387018,-0.691803534937468,0.722085776793881,0.793384003968703,49.914249295432,258.258479555953,-452.284196846705
0.0361850807002498,-42.6851936327519,-0.67796973070029,0.735089820534998,7.10730921779917,50.1220126003377,77.7727348357704,-256.216056982807
0.0391550912865576,-40.690084116551,-0.651967187687201,0.758247180132734,11.7242780736566,49.965237276725,-52.7861160951716,-64.9503336984544
0.0428734811526677,-37.6181028012237,-0.610395460116839,0.792096826321601,14.4191949856773,49.488222316652,-128.285353943275,122.611193763722
0.0450253321817052,-35.8218625661385,-0.585267113067892,0.810840555449205,14.5689947101293,49.1982802643103,-134.740764313675,200.82358992147
0.0471771832107426,-34.1803855466012,-0.561800204809952,0.827272947627019,13.3137369642013,48.9727610826887,-104.802413632894,255.322902232656
0.0502060860836688,-32.3496770421094,-0.535085014084005,0.844798217151717,10.5489982307598,48.8557185588881,-38.6418874130282,291.851238387027
0.0536125020127314,-31.2057236563059,-0.518112454810435,0.855312506730906,5.86121997060485,49.1023031617684,72.3882837607971,281.288707248272
0.0565820920728685,-31.0891147010555,-0.516370642237363,0.856365202373014,0.685350558567299,49.6782161711985,193.936872688574,236.369260550907
0.0592942731047268,-31.6532018966821,-0.524776549532931,0.851240020828621,-3.62998587350193,50.4782744342715,294.987043149113,176.185004275354
0.0627088557030921,-33.0840436879303,-0.545868643402557,0.837870768167653,-7.31360264776455,51.7805264622594,381.379565576007,89.2883329433589
0.065961186351522,-34.9234887759034,-0.572482051930903,0.819917252054732,-9.8711898220638,53.2159210925776,441.343388935908,9.2474379450851
0.0692135169999518,-36.947077929171,-0.60107709536036,0.799191044389983,-10.8593797033566,54.7235268274886,463.546268162755,-57.5184285212756
0.0723880836198681,-38.8808938508193,-0.627703505724296,0.778452509085448,-10.6318307351011,56.1687843215793,455.26135284847,-104.683483077335
0.0755626502397844,-40.622941009735,-0.651078174403619,0.759010678986305,-9.57751475661015,57.5182323621461,425.081027470269,-133.03477734091
0.0783840217093005,-41.9381534999235,-0.668328047547354,0.74386666873946,-8.13603900271967,58.6012880934073,383.875623243239,-143.848810654111
0.0811427309273342,-42.9835605111657,-0.681788489642757,0.731549352669147,-6.61388820914381,59.5385032100972,339.729577355726,-143.620559726258
0.0844105558122425,-43.9102190114826,-0.693530331425696,0.720427428262253,-4.94923762494598,60.4880644681517,290.578991071359,-133.019034392331
0.0884881152133057,-44.6269187452169,-0.702487500089141,0.711696081356719,-3.06771008622699,61.4417045885406,233.875224513027,-110.012007734476
0.0913532074777485,-44.8785390570467,-0.705606202484083,0.708604182189177,-1.53279632939753,61.9764578962037,186.644358473075,-90.8341203113403
0.0942182997421912,-44.9608343419448,-0.706623259259251,0.707589972705828,-0.501318473462258,62.4182426324675,154.195640310298,-71.3851676033014
0.097584371477705,-44.8891811529071,-0.705737806177816,0.708473110944462,0.371526267568013,62.8424176975132,126.014861944383,-50.1130821279311
0.101275301329165,-44.6638282604227,-0.702945823621494,0.711243396491735,1.06562576668584,63.221135472137,102.607686914968,-30.491938158921
0.104892146099536,-44.3543444816408,-0.699093798667893,0.715029971864184,1.49343177940829,63.5350958018373,86.8050330144971,-16.0512988694032
0.108644898167113,-43.9933474513295,-0.694574844039665,0.719420451493614,1.67892433483374,63.8277404265177,77.9813372721273,-6.3521103755493
0.110956696518001,-43.7682118031634,-0.691742628513256,0.722144124048359,1.69969769318338,64.000002490978,74.5143123725223,-2.90378045092766
0.11326849486889,-43.548911876338,-0.688973557519044,0.72478647686029,1.65563997872727,64.1701165980286,73.5851840127668,-1.16463469939083
0.116609460603177,-43.249937125047,-0.685182191029892,0.728371721784609,1.56185193305237,64.4159720763946,73.5881472362635,-1.1774710855201
0.120979821479303,-42.8963029659227,-0.680673599905684,0.732586821060437,1.4122587582999,64.7403306836045,74.2178086440833,-4.44288656852819
0.125115668661472,-42.5943487076468,-0.676803362441496,0.736163846292308,1.27424824109881,65.0471360896963,74.1819976846512,-9.35671529778158
0.128528438525131,-42.3572425384783,-0.673751121312284,0.738958338832738,1.21258786677909,65.2945129725806,72.485662018567,-13.7063879277491
0.130710257242689,-42.2056555340951,-0.671793709161635,0.740738288689637,1.21260868670255,65.4472011787404,69.982077305971,-16.3116477510887
0.132892075960248,-42.0502368299922,-0.669781937032907,0.742557847460012,1.24326007653554,65.5938165016755,67.1986731781394,-18.6279808896072
0.136072848005004,-41.810585566252,-0.666670187788725,0.745352843097647,1.3149963436476,65.7937651532532,62.8616728153435,-21.3089444398992
0.140317707486927,-41.4542214597371,-0.662021431452021,0.749484905984248,1.46523742920084,66.0293720917256,55.5040607293822,-23.3843951249203
0.143603358960587,-41.1417131382876,-0.657923689496892,0.753084602683389,1.66003582330626,66.1836073158979,46.9420525605958,-23.7923947413683
0.146889010434248,-40.7931323301754,-0.653329863257105,0.757073371461744,1.85165190513753,66.3115601973382,38.942925768604,-23.262524624013
0.149803699516566,-40.4528745711181,-0.648822399461407,0.760939875389076,2.03747913869538,66.4028354583692,31.315608098554,-22.1495533423366
0.152718388598885,-40.0842553505198,-0.643913408123599,0.765098374615089,2.20730887716385,66.4737515482507,24.330584799481,-20.5890736933229
0.156229299062636,-39.605508430178,-0.637498064133304,0.770451957117567,2.3799268394965,66.5337372172187,17.0855023468728,-18.3433935618334
0.160161712507153,-39.0303746543953,-0.629732296991154,0.776812225783198,2.55262529448167,66.5710977637576,9.50066595641884,-15.6641394712689
0.164192347574301,-38.4070756189621,-0.621244556078279,0.783616744042074,2.6989842075956,66.5811568754246,2.49566420660717,-13.0554757706916
0.166380221703595,-38.0579357142812,-0.616457972465508,0.787387813077974,2.78518805318482,66.5763973618534,-2.17540557175888,-11.7897639377637
0.168568095832889,-37.7031703680572,-0.611570820307087,0.791189693909695,2.83006379603066,66.5654211759518,-5.01682695301237,-10.6666501037106
0.171910528107989,-37.1534404329735,-0.603951640966688,0.797020962944918,2.87054353665152,66.5381794327743,-8.15027528916839,-9.25873977437689
0.176350566084349,-36.4150162281351,-0.593629814898109,0.804738244936847,2.9026629320448,66.4855337279041,-11.8570393205066,-7.97795637835387
0.180471118318861,-35.7270705596815,-0.58392483163658,0.811807730314384,2.91390966695783,66.4227319031639,-15.2411184632554,-7.32933701765858
0.18304413756155,-35.2980047287033,-0.577829202813943,0.816157712930168,2.91043740914572,66.377646060256,-17.5225440058335,-7.14244559211025
0.185617156804239,-34.8696199543754,-0.571710922413367,0.820455130517968,2.90581766874822,66.3282601970857,-19.1937403152422,-7.06699522152516
0.188645323396939,-34.3665706999543,-0.564485493704014,0.825442988581123,2.89939985815781,66.2648309735999,-20.9464114816881,-7.07369337433361
0.192309339223565,-33.7592388335084,-0.55570429866141,0.831380016869079,2.89298442564983,66.1804517865097,-23.0291546441952,-7.13891171178424
0.19627848613293,-33.1021333957573,-0.54613315290815,0.837698382053233,2.889450474724,66.0794661934146,-25.442644326629,-7.1821365740123
0.199154368832014,-32.6258544896764,-0.539150883391062,0.842209193097913,2.89046388142155,65.9999180950936,-27.6604113047839,-7.14708667376185
0.202030251531099,-32.1491134118612,-0.53212452926965,0.846666100271857,2.89326873103415,65.9149826827005,-29.5336845345732,-7.04065154534955
0.205169410258685,-31.6279415043314,-0.524401206382993,0.851471300011962,2.8976444151606,65.816125521553,-31.4916096082474,-6.83562304971343
0.208718412919863,-31.037747989724,-0.515602687802195,0.856827793860092,2.90245486894012,65.6967913938926,-33.6246937670032,-6.50090015118867
0.212813647824965,-30.3560477018636,-0.505371970436793,0.862901600124158,2.90530697522009,65.5495861519359,-35.9454940602639,-6.01472473770389
0.215189908267018,-29.9606626677016,-0.499405298634231,0.866368482630835,2.90404643241563,65.4598077442113,-37.7813837808992,-5.70514970298407
0.217566168709072,-29.5658107442605,-0.493422937938669,0.869789517248841,2.90013081054573,65.3670560832329,-39.0326158433426,-5.38910194268262
0.221099457043454,-28.9805902562006,-0.484513302818657,0.874783892965432,2.89079842915211,65.2241212595625,-40.4537671832548,-4.93426116378942
0.225718328769606,-28.2210297295586,-0.47287420490698,0.881129948607804,2.87014510124261,65.0292889601167,-42.1817948185415,-4.41397621856579
0.229002153915513,-27.6861022260883,-0.464627269279911,0.885506352682742,2.84310089003006,64.8859760278729,-43.6420716317543,-4.11169777327416
0.23228597906142,-27.1564320632759,-0.4564214792554,0.889763695187836,2.81515850567525,64.7392256824178,-44.6888427168627,-3.87476418851234
0.234968946490778,-26.7281229979647,-0.449757445911173,0.893150737472381,2.78624456041527,64.617071711848,-45.5294273173521,-3.73210020981349
0.237623580407512,-26.3084498561606,-0.443203397862,0.896421077465037,2.75920459710087,64.4943464647127,-46.2305730224274,-3.62633248001107
0.241248898597604,-25.7421559850086,-0.434321944242433,0.900757708126593,2.72629658066374,64.3239495057369,-47.0019319797679,-3.52443154088319
0.24427677417151,-25.2753431237731,-0.426968757621295,0.904266376691807,2.69080456589068,64.1792957154205,-47.774020690619,-3.46445080822302
0.247304649745416,-24.8140853730472,-0.419675234276762,0.907674334623793,2.65878377562406,64.0325814909282,-48.4545090811315,-3.41306339571841
0.251144305095709,-24.2370355894121,-0.410512536198753,0.911854954268313,2.62300070020204,63.8436492615702,-49.2055177149044,-3.34501326899523
0.255429177509689,-23.6032180725806,-0.400400500319732,0.916340242128276,2.58168772760478,63.6290880014055,-50.0741304372746,-3.24801195202615
0.257608356034584,-23.2848607666547,-0.395302808159023,0.918550864057941,2.54976043619586,63.5184830908629,-50.7553232922508,-3.18427937610004
0.25978753455948,-22.9692468460827,-0.390236996964485,0.920714443353715,2.5277883460115,63.4069362008165,-51.1875868691131,-3.11476079679949
0.263426209262347,-22.4483076072079,-0.381849750351896,0.924224414390896,2.49874079538755,63.2186346570995,-51.7500351346593,-2.98395641005451
0.26819589210178,-21.7770416545439,-0.370995762665421,0.92863455895433,2.45630609516939,62.9681607069861,-52.513753753735,-2.79209969726189
0.272177219984852,-21.2271972586264,-0.362067086381101,0.932152039615588,2.41040059101933,62.756259784448,-53.2236803301418,-2.63191742534148
0.274239842003886,-20.9464217959459,-0.357494786928906,0.933915133895289,2.37583824732047,62.6456534091301,-53.6241610422431,-2.56501503219022
0.276302464022919,-20.6682123972764,-0.352955806620865,0.935639994107036,2.35412497877361,62.5344271348432,-53.9247003379554,-2.49519259372036
0.279548986021567,-20.235875260917,-0.345885760629287,0.938276633298464,2.32424314736187,62.3582921327304,-54.253444820712,-2.39547014703323
0.28389168650707,-19.6684847062008,-0.336577355685274,0.941655820159313,2.28033993078075,62.1208828397723,-54.6685855380971,-2.28889741657806
0.286899675578096,-19.2827859266755,-0.330230820112223,0.943900209475561,2.23794484111805,61.9553133574946,-55.0432459587512,-2.22653460529227
0.289907664649121,-18.9031297489153,-0.323969097082016,0.9460676636139,2.20288377749766,61.7889163269414,-55.3183627414248,-2.17381657119748
0.293129693641372,-18.5031357330248,-0.317356556607874,0.948306288062034,2.16671314328712,61.6098202278474,-55.5848813045048,-2.12539527267153
0.296351722633623,-18.1099706886987,-0.310841834953195,0.950461652905014,2.1297215337738,61.4298781327227,-55.8474475423685,-2.08147044424875
0.3,-17.6728904382624,-0.303582274071717,0.952805228191704,2.09098396296849,61.2251453760807,-56.1176511766503,-2.031893826252
0.303892130931119,-17.215992286642,-0.2959746739619,0.955195787455717,2.04884605199051,61.0056528467444,-56.3939223065106,-1.98001837118711
0.306113323144805,-16.9594280636105,-0.291694458812672,0.956511548648516,2.01598511246757,60.8798773742039,-56.6252086449303,-1.94512185140681
0.308334515358492,-16.7059141327341,-0.287459385799294,0.957792828077081,1.99201706462091,60.7537605955273,-56.7788676277361,-1.90860282314306
0.311699726079227,-16.3275934104127,-0.281128914613197,0.959670012748343,1.9621185063823,60.5620688348081,-56.9627808261641,-1.85127759773113
0.316298064032533,-15.8217737367542,-0.272645892721105,0.962114451186714,1.91987166153298,60.2990140427675,-57.2064938923213,-1.77191886225899
0.319191995653015,-15.5098890973104,-0.267404692119182,0.963584314231321,1.88097528157303,60.1328219173875,-57.4277996770246,-1.71829038041162
0.322085927273497,-15.2030582178863,-0.262240686960123,0.965002498495565,1.85049607075647,59.9662158903129,-57.5708236834018,-1.66854359905716
0.325306149137604,-14.8675111547362,-0.256584780543785,0.966521727843352,1.81863278199687,59.7803701104028,-57.7121042439832,-1.61706416791099
0.329011552596291,-14.489012935338,-0.250194347021528,0.968195635560537,1.78281264512414,59.5659849475438,-57.8574412339217,-1.56322881977091
0.331919534273994,-14.1976533036009,-0.245267679538837,0.969455396278568,1.74869907888412,59.3973830630857,-57.9790050779589,-1.5268976627065
0.334827515951697,-13.9111842893162,-0.240417524351216,0.970669569928321,1.71934628837149,59.2284772291279,-58.0835275727106,-1.4924081441415
0.33828236272052,-13.5771529786015,-0.234754519382841,0.972054687571297,1.6874688131856,59.027453130891,-58.1861111905012,-1.45481258068109
0.34241047643891,-13.1868492726201,-0.228127404868396,0.973631289117195,1.65016887053391,58.7867809115774,-58.3007726365332,-1.41245352225314
0.344840649927416,-12.9614694363631,-0.224295754081682,0.974521120705411,1.61865818588456,58.6448642396783,-58.3977533169198,-1.38658553399197
0.347270823415921,-12.7393352070032,-0.220515885123224,0.975383383295164,1.59534852225474,58.5027990464136,-58.4588688571527,-1.36236043472107
0.350943903646342,-12.4095819125058,-0.214898658852285,0.976636353216226,1.56688129505411,58.2877814751293,-58.5387625087871,-1.32452727623588
0.355820627522174,-11.9826616378058,-0.207615682582939,0.978210472416658,1.52790369656962,58.0017841020153,-58.6453898961404,-1.27016020417106
0.358029550648782,-11.7934015347831,-0.204383319278295,0.978890933046571,1.49539470188951,57.8720975458012,-58.7103075937533,-1.24985555508631
0.36023847377539,-11.6065581036489,-0.201190042502728,0.979552227702919,1.47629993082752,57.7422899411973,-58.765107323249,-1.22639778769061
0.364024499459008,-11.2919898352218,-0.195809048722475,0.980642042968992,1.45013596450424,57.5195871347626,-58.8223179251983,-1.18640706879914
0.368936038026068,-10.8945438901496,-0.189001933070547,0.981976715251231,1.41233551269091,57.2303654894258,-58.8861598840958,-1.14336468517912
0.372879360734388,-10.5838091581265,-0.183673581961234,0.98298729151985,1.37532344554555,56.9978837414368,-58.9558007764436,-1.10831731707746
0.374577627994591,-10.4520817901862,-0.181413135754975,0.983406972812145,1.35377766469489,56.897636998635,-59.0288378932182,-1.08400150548496
0.376275895254794,-10.3218161003727,-0.179176828949568,0.983816885384459,1.33875582654451,56.7973971173145,-59.0247976095805,-1.06635292845581
0.379324117874634,-10.0914121728911,-0.175219161018199,0.984529453907845,1.31923013690239,56.6174213669521,-59.0428498204158,-1.03900960560148
0.383419039947214,-9.78851963730175,-0.170012049443399,0.985441983601295,1.29098232690349,56.375493522069,-59.0799630847854,-1.00212024533484
0.387099273087683,-9.52265109596592,-0.165437507358382,0.986220275171346,1.26086615892855,56.1579341808347,-59.1156410288034,-0.968377881074233
0.39007026998779,-9.3125158543303,-0.161819388837773,0.986820391660088,1.2344515879108,55.9822949546262,-59.1179432742414,-0.951533848966108
0.392730942418329,-9.12747089317343,-0.158631472046853,0.987337863183748,1.21384496616105,55.8249278602154,-59.1456101865838,-0.93318642130907
0.395391614848867,-8.94536050100673,-0.155492495771536,0.98783707348871,1.19459498618697,55.6675024236926,-59.1675377682518,-0.912527714243033
0.398792793521293,-8.71683420459138,-0.151551245373722,0.988449401854073,1.17269237637281,55.466211373163,-59.1827333745834,-0.886608776375628
0.403331817536729,-8.41913738192779,-0.146413447580845,0.989223484541027,1.14469315662045,55.1974976545873,-59.2007703995141,-0.851965256446551
0.405666923475949,-8.2691474010414,-0.14382334081051,0.989603378449217,1.12107076921112,55.0592223395407,-59.2158637106059,-0.833146442027598
0.408002029415169,-8.12130158702797,-0.141269295988021,0.989971204637311,1.10504461338812,54.9209404533593,-59.2186777733863,-0.815814900823867
0.411674686928482,-7.89297756518728,-0.137323143600038,0.990526301635551,1.08504697976077,54.7034236738741,-59.2259906339561,-0.788316488116838
0.416620464957631,-7.59343182595802,-0.13214276014311,0.991230695116813,1.05707522235297,54.4104628542204,-59.2345264844168,-0.749313569054863
0.418902524146343,-7.45834372475046,-0.129805338549956,0.991539496986344,1.03315994519374,54.2753223566972,-59.2186645253045,-0.737502183243663
0.421184583335056,-7.32506281461154,-0.127498479462877,0.991838765997102,1.01933846566487,54.1401614783639,-59.2275954111216,-0.722406439398153
0.424891743474707,-7.11247808223741,-0.12381758744865,0.992304995975731,1.00084792122013,53.9206093108128,-59.2238153412263,-0.698559664168215
0.429690655784212,-6.84444954257841,-0.11917426617285,0.992873352589424,0.974800164007109,53.6364758956807,-59.2078781204988,-0.674302021997352
0.432893413080351,-6.66972264171009,-0.116145890141901,0.993232164301552,0.952166970514601,53.4468203879849,-59.2163221123174,-0.649552528702294
0.435407776386421,-6.53495629422962,-0.113809373263909,0.993502605209104,0.935472005474516,53.2979644880305,-59.2022241157649,-0.63205562016989
0.437922139692491,-6.40228497335786,-0.111508563888782,0.993763472954939,0.920929511893476,53.1491483359959,-59.1864157718804,-0.617279076092519
0.441332330866125,-6.22554621565811,-0.10844260264726,0.994102711962445,0.904545546183487,52.9473480822245,-59.1756425069686,-0.59679920147077
0.445964835090072,-5.99124090017456,-0.104376424381289,0.994537863549386,0.882762111467355,52.6732988546505,-59.1579012831596,-0.568653643132752
0.448292854566686,-5.87599513069419,-0.102375783100872,0.994745796188395,0.864003994224293,52.5356336177075,-59.1340572215288,-0.556836837187404
0.450620874043301,-5.76233370502233,-0.100402239955062,0.994946928339399,0.852126079876971,52.3979878347128,-59.1257007844646,-0.543393545155677
0.454394647066342,-5.58146891092311,-0.0972610097374632,0.995258909020587,0.836480132403135,52.1749353153439,-59.1059711347288,-0.522476910372404
0.459393473030345,-5.34824970516875,-0.0932090705120207,0.995646558360087,0.814279802619871,51.8796527817979,-59.0703768589563,-0.500127044417692
0.461768040614378,-5.23976734089913,-0.0913237728256061,0.995821253296442,0.797355463615357,51.7393989260322,-59.0650090183908,-0.481969527287255
0.464142608198412,-5.13291971589033,-0.0894665649580496,0.99598982613007,0.785339978057079,51.5992218012127,-59.0326953682402,-0.468969381048929
0.467666766099826,-4.97714303197326,-0.0867583245205388,0.996229387805032,0.771479629530782,51.391268024131,-59.0080759429477,-0.450246500519633
0.472186906211147,-4.78206388590059,-0.0833658928815182,0.996519005289948,0.753245102385193,51.1246808989533,-58.9776242798599,-0.423631044788369
0.475292547562905,-4.65119197026648,-0.0810894826608563,0.996706825401429,0.73548280934446,50.9416699417047,-58.9285550132628,-0.412178499364551
0.478398188914663,-4.52271822529073,-0.0788543750800945,0.996886145721129,0.722005408295111,50.7587451604964,-58.9008067865858,-0.399928557197416
0.481193507828258,-4.40904356943334,-0.076876402039467,0.997040630470728,0.70975694799391,50.5941581042247,-58.879527295158,-0.385564722702789
0.48420831429127,-4.28855932001686,-0.0747796098641325,0.997200085212877,0.697506415390546,50.4167407410245,-58.8486741609797,-0.370463696074637
0.488877777684868,-4.10612984313756,-0.0716041560684264,0.997433128000934,0.681876000698487,50.1421277072079,-58.8104051084578,-0.345091942360405
0.491092884518882,-4.02142429778892,-0.0701294825337404,0.997537896863848,0.667412802999081,50.0119699382515,-58.7591383664903,-0.337129728915492
0.493307991352895,-3.93779780232863,-0.0686734442458486,0.997639192321258,0.658910742034855,49.8818585902408,-58.7381818397492,-0.327755070297867
0.496824788885048,-3.80724337764532,-0.0664000427188256,0.997793081919763,0.647920314700532,49.6754001667188,-58.7063718153888,-0.311736364559453
0.501697052910727,-3.63077227678112,-0.0633265281958175,0.99799286111007,0.632150008387528,49.3896084013955,-58.656871593373,-0.287904166913595
0.503870095238962,-3.55375963819932,-0.061985045129559,0.998077078276165,0.618544835245938,49.2622676050601,-58.6002374094627,-0.281236121880349
0.506043137567198,-3.4776859539484,-0.0606598077513198,0.998158498297526,0.611003406169041,49.1349737948427,-58.5786151348242,-0.272247905600343
0.510008446696069,-3.34135867032232,-0.0582846599198564,0.998300004216181,0.600044002181578,48.9028576413562,-58.5367107438001,-0.256167255271912
0.51388747038558,-3.21106128916734,-0.0560142588475032,0.998429968904061,0.586260484572418,48.6760123139178,-58.4800056910789,-0.241801381384143
0.517766494075091,-3.0836786441359,-0.0537943662424008,0.998552034778648,0.5731459108408,48.4493773594852,-58.4257721976401,-0.22670457853002
0.520038789609743,-3.01034711628111,-0.0525162991417064,0.998620067054763,0.5632527050579,48.3167041782114,-58.3872912878259,-0.215385279127705
0.522311085144395,-2.93802492399028,-0.0512557390962452,0.998685560729551,0.555500091641316,48.1841241757069,-58.3462848395489,-0.206453379185081
0.526106739746956,-2.81933119513044,-0.0491867572113002,0.998789598922134,0.545781054123409,47.9628380703139,-58.2998530065968,-0.191420012664402
0.531085917931661,-2.66744315777618,-0.0465388498442866,0.998916480720571,0.532406402800945,47.6728608194851,-58.2379742342915,-0.166016504260844
0.533749753044892,-2.58815810919862,-0.0451565199403207,0.998979924075994,0.519471020713355,47.5179581664497,-58.1502407059577,-0.162812292419261
0.536413588158123,-2.50998504414797,-0.0437934927301884,0.999040604777649,0.51218536940703,47.3631368288667,-58.1197149981558,-0.154080423714472
0.539524897317674,-2.42017711396334,-0.0422274992959571,0.999108021338639,0.503789239751777,47.1824556995276,-58.0723804911485,-0.143111462737988
0.54330121268381,-2.31332676165675,-0.0403641999340522,0.999185033596723,0.493838642659197,46.963384824143,-58.0118062567106,-0.13037850231694
0.546549242527575,-2.22322186563504,-0.0387928051987893,0.99924727583557,0.484178774023505,46.7751477082877,-57.9542445450896,-0.11720057078646
0.54979727237134,-2.13478603774401,-0.0372504250551735,0.999305962072282,0.475210034288478,46.5871029831444,-57.895011495769,-0.104274540219469
0.552884813714888,-2.05227492637658,-0.0358112958411226,0.999358569828757,0.46641984757579,46.4085453632824,-57.8316530838034,-0.0943108316177881
0.556225816960163,-1.96463313122847,-0.0342825978099601,0.999412178976923,0.457837893409961,46.2155372675424,-57.7695026225802,-0.0844499735528617
0.559144872583036,-1.88942303449823,-0.0329706764434803,0.999456319453161,0.449687840272984,46.0470820026001,-57.7088232311907,-0.0762545699489996
0.562063928205908,-1.81542908814518,-0.0316799134471301,0.999498065572907,0.442416369282485,45.8787838320228,-57.655006385817,-0.0667577538773312
0.56560123563213,-1.72740066660644,-0.0301442620350847,0.99954555847463,0.434337648968646,45.6750690184512,-57.5903615449034,-0.0556611181042266
0.569059809678061,-1.64299600630723,-0.0286717600884344,0.999588880577126,0.425938322176904,45.4761227648662,-57.5226237585147,-0.0433995010598691
0.572518383723992,-1.56020453226161,-0.027227340904313,0.999629267232248,0.417797564974905,45.2774139837061,-57.4539618123272,-0.0299196654011071
0.575575530741386,-1.48842512270552,-0.0259749972828897,0.99966259283628,0.409789592964716,45.1020012274182,-57.3779263116609,-0.0216873370717963
0.578722721557933,-1.41583171868842,-0.0247084103507629,0.999694700625115,0.402579312530935,44.9216358220841,-57.3099681105608,-0.0142738436417353
0.581724604292252,-1.34777056707306,-0.0235208646712596,0.999723346193894,0.395715387148981,44.749794122852,-57.2446409273376,-0.00685019816079002
0.584726487026572,-1.28082289777329,-0.0223527148829701,0.999750146855383,0.389241472512818,44.5781406234045,-57.1819470111089,0.00187701429488829
0.588182485130901,-1.20513048998669,-0.02103194410332,0.999778804199826,0.382257656039633,44.3807678226604,-57.1102167263634,0.0118561137901141
0.591462392508717,-1.13461126095033,-0.0198014079974005,0.999803932899506,0.375252283334934,44.1936917701984,-57.0369924856141,0.0226192004612571
0.594742299886533,-1.06537497321728,-0.0185932295790133,0.999827130965059,0.368425398525909,44.0068631274279,-56.9615605715524,0.0331735395142285
0.597947624481076,-0.998958093864712,-0.0174342245114582,0.99984801235772,0.361646126440881,43.8245360452889,-56.8825642337113,0.0416626100956812
0.601482527635902,-0.92709925015756,-0.0161802283281072,0.999869091537112,0.354797108841123,43.6237518363642,-56.8004836711166,0.0495517750241472
0.604187736312437,-0.8730499670669,-0.0152370068113631,0.99988391007328,0.348711711764489,43.4702954147543,-56.7262788046534,0.0555910622215174
0.606892944988971,-0.81977807810062,-0.0143073384350218,0.999897644795159,0.343696170015795,43.3170061395427,-56.6644919267089,0.0631040921896506
0.610487553248314,-0.750230335169029,-0.013093615333909,0.999914274944351,0.337682721985675,43.1136022372499,-56.5858328968624,0.0722025972035762
0.614129868572671,-0.681130851548032,-0.0118876959890708,0.999929338845536,0.331111777321766,42.9078173355797,-56.4983762646957,0.0826208339219994
0.617772183897028,-0.613351848252443,-0.0107048047656486,0.999942701935931,0.324784283040297,42.702347404875,-56.4119007848276,0.095853677136768
0.620806658009903,-0.558007783222926,-0.00973891911195131,0.999952575602729,0.318320776606629,42.5314596140818,-56.3154551453216,0.101714586152214
0.623764739942594,-0.50496052321992,-0.00881310963176497,0.999961163795184,0.312989757309289,42.3651104991521,-56.2354656547282,0.106161497667415
0.627552244786083,-0.438308627620529,-0.00764985407799336,0.999970739438202,0.307140209445441,42.1524605274078,-56.1451352622834,0.110574951216008
0.630657514283365,-0.384629539077554,-0.00671300143675848,0.999977467551999,0.30170548332908,41.978377640396,-56.0604762852887,0.117072949877402
0.633280021893577,-0.339916216146898,-0.00593262235136231,0.99998240184117,0.297575763596906,41.8315295181762,-55.9953083255002,0.127105109171133
0.637146485635874,-0.275223455683957,-0.00480353700743358,0.999988462949557,0.292024378744484,41.6153915858839,-55.9006748021195,0.137798627490898
0.639747123954316,-0.232493810104177,-0.00405777134119725,0.999991767211982,0.28676536767489,41.4702522170266,-55.8091326379653,0.143823606562654
0.642347762272757,-0.190381009203552,-0.00332276932950484,0.999994479586754,0.282625626078246,41.3253053110233,-55.7351266323538,0.148919316780633
0.646055862856969,-0.13133638933411,-0.00229225041415197,0.999997372790568,0.27791129148387,41.1189531378945,-55.6490225770614,0.157186113208375
0.649553012500261,-0.076754581689336,-0.00133961976579348,0.999999102709039,0.27240248552666,40.9247041708007,-55.544939996044,0.163615007312973
0.653050162143553,-0.0232205128773228,-0.000405274392616817,0.99999991787633,0.267173515022708,40.7308117535223,-55.4429855897734,0.168809754734656
0.656305332631526,0.0257464345215162,0.000449360037926791,0.999999899037773,0.262546757510336,40.5506376831641,-55.3501179197642,0.175767351870579
0.659671519789147,0.0755256322132634,0.00131817057003503,0.999999131212797,0.258099403877527,40.364628902425,-55.2580032034054,0.185129925044727
0.662380520589808,0.114916121081545,0.00200566333179889,0.999997988655277,0.253781292554111,40.215183475581,-55.1662542172562,0.191733451173732
0.665089521390468,0.153704381097295,0.00268264430723324,0.999996401703287,0.249901309822244,40.0659666595521,-55.0818648678873,0.196640550637397
0.668642434280232,0.203737245805389,0.00355587825462552,0.999993677844934,0.245780926933739,39.8705939182755,-54.98945438245,0.203730578144548
0.672251283487285,0.253560766724739,0.00442545578792697,0.999990207622589,0.240958941503951,39.6725449775573,-54.8786966025657,0.209512358668034
0.675860132694339,0.30237823749019,0.00527747133251285,0.999986074051201,0.236093432689831,39.4749103524386,-54.7638911407988,0.212706621556986
0.678933203452153,0.343288635826078,0.00599148113238775,0.999982050915835,0.232347773785549,39.3069043205426,-54.6704079197606,0.219745983315818
0.681975848715657,0.383157395728446,0.00668730826498522,0.999977639704093,0.228696107735616,39.1408427222378,-54.5780345467048,0.22797593780923
0.685675923803422,0.430800067752579,0.00751880875547089,0.999971733357948,0.224730977492433,38.9392812692045,-54.4749628729954,0.239434216788469
0.688694486153301,0.468894271285022,0.00818365752858301,0.999966513314048,0.220260243288561,38.7751944454316,-54.3592627064635,0.244572840759535
0.691347963579404,0.501818854379004,0.00875827928274724,0.99996164553647,0.216562000559551,38.6312135267138,-54.2612186187958,0.245981205373536
0.695533238875482,0.552851919263363,0.00964893653833225,0.999953447928292,0.212816349369089,38.4045592951073,-54.1551548159408,0.250724977767977
0.697943270200898,0.581765337710654,0.010153546146474,0.999948451421698,0.20938912477617,38.2742862237358,-54.0545137308642,0.255562373817956
0.700353301526314,0.610305692844693,0.0106516423554289,0.9999432696484,0.206687424152625,38.1442036768113,-53.9754589712831,0.260336882832366
0.704017055470331,0.652967937087737,0.011396193720968,0.999935061275818,0.203233251934691,37.9468259288899,-53.8730905342779,0.266197008448103
0.709323877902677,0.713323727318118,0.0124495260584097,0.999922501647463,0.198500567070534,37.6617113900036,-53.7260371005676,0.275805213043569
0.711319016805322,0.735554911333517,0.0128375023992929,0.999917595870854,0.194476363109856,37.5547714850828,-53.6002304295992,0.278617573265898
0.713314155707967,0.757559185915809,0.0132215168370497,0.999912591926178,0.192491380156391,37.4479624025854,-53.5346598453736,0.281739939651887
0.716616961101232,0.793481097486983,0.0138484150270103,0.9999041061028,0.189825180679953,37.2714414568213,-53.4457604205278,0.287268699553149
0.721085958218282,0.841134175288395,0.0146800334925431,0.99989224250249,0.186105089030059,37.0331684041013,-53.3168955985505,0.297272079931442
0.725373270170527,0.885794638394785,0.0154594170867026,0.999880496071075,0.181809053167654,36.805227602128,-53.1663672978208,0.307285517394405
0.727272329692215,0.905125420114455,0.0157967616695017,0.999875223375776,0.177659406742869,36.7045103275262,-53.035343785419,0.304474857676936
0.729171389213904,0.924338361350751,0.0161320480174145,0.99986987004648,0.176576394650033,36.6038908439698,-52.9838493250727,0.306136162139069
0.732358616132222,0.956171074170802,0.0166875588492695,0.999860752994962,0.17431631408437,36.4352949430496,-52.897363520357,0.310268096563529
0.736675070342026,0.998371250484258,0.0174239837180719,0.999848190872691,0.170633576957452,36.2075559457387,-52.76066563931,0.313020603596261
0.740583479242801,1.03569748597832,0.0180753467828684,0.999836627574065,0.166683098745643,36.001934687065,-52.6099658183186,0.312673948061239
0.743089479908505,1.05945171975853,0.018489867075803,0.999829047795431,0.165438739273621,35.8702995343284,-52.5279799554699,0.325030373272853
0.74559548057421,1.08274084075533,0.0188962678912023,0.999821449589767,0.162199414729716,35.7389437159535,-52.4165137593873,0.32929433455482
0.748698462958823,1.1111316846802,0.0193916907808255,0.999811963485465,0.159689499484686,35.5766164871022,-52.313293706154,0.333710485414109
0.7526499805722,1.14661929617844,0.020010946220723,0.999799760967841,0.156743743774862,35.3704025310105,-52.1860146576618,0.339991019841086
0.756024750228824,1.17628225380988,0.0205285561253741,0.999789266987502,0.153407885344688,35.1947584687895,-52.0462372524595,0.342495900023227
0.759399519885449,1.20538348316802,0.02103635869041,0.999778711322185,0.150502795851756,35.0195435505897,-51.9190747895308,0.343548035544647
0.762317037153208,1.23019372607135,0.0214692813090165,0.999769508416852,0.148420861692189,34.8683817548322,-51.8117912884204,0.348523159204181
0.76529769579699,1.25514393169687,0.0219046421262702,0.999760064542148,0.146096312680216,34.7142748544245,-51.7022976546545,0.353818666887445
0.768444439654648,1.28104034192219,0.0223565090509248,0.99975006201703,0.143633432946518,34.5519461449538,-51.5862481388836,0.358802558585886
0.771591183512307,1.30648525666169,0.0228004933749763,0.999740034960018,0.141129230780168,34.3899951914833,-51.4662015074426,0.363043377806424
0.775121329124678,1.33451298269678,0.0232895395599443,0.999728761888486,0.13857108314311,34.2087598510888,-51.3393384565617,0.367533898445494
0.778526027545287,1.3609977348053,0.0237516578024343,0.999717889582674,0.135767127881384,34.0344290967198,-51.2029944601767,0.369599990870217
0.781930725965896,1.386966688773,0.0242047712325218,0.999707021606621,0.133123024139725,33.8605519144901,-51.0697749842322,0.370102821126967
0.784844031719128,1.40889010063707,0.0245872930675764,0.999697686813173,0.131340735476967,33.712094211236,-50.9585041286596,0.374968176096072
0.78784045005103,1.43107735506578,0.0249744147882097,0.999688090659275,0.129234505621523,33.5597434437942,-50.8442916063181,0.379973944468858
0.791049276365065,1.45442681872439,0.0253818106116571,0.999677829948266,0.127001270724758,33.396983007356,-50.7227317746547,0.384777156046979
0.7942581026791,1.47735501056828,0.0257818520843135,0.999667592804279,0.124709909493859,33.2346288121119,-50.5961305957793,0.388854901869186
0.797660048483005,1.50120880543686,0.0261980387073025,0.999656772481381,0.122379156973725,33.0629496212936,-50.4649987725377,0.392316062120837
0.800937863820612,1.52373647836635,0.0265910837866973,0.99964639461314,0.119952475943577,32.8979781053184,-50.3297162846321,0.393712098060274
0.804215679158219,1.54585624779362,0.0269770080878834,0.999636054289073,0.117780523465904,32.7334319807231,-50.199937350789,0.394953940226852
0.807241741458646,1.56597297820506,0.0273279818158171,0.999626520961641,0.116026421652371,32.5818843806437,-50.0807931343726,0.39879786163319
0.810520136859819,1.58739550301203,0.0277017338474845,0.999616233332494,0.114047741720829,32.4181091305287,-49.9559174760708,0.403348527692987
0.813505256374478,1.60656453399226,0.0280361666018949,0.999606909421034,0.112076820837124,32.2693586417776,-49.8306644074501,0.407555558011724
0.816490375889138,1.62539035940146,0.0283646085615808,0.999597643545216,0.110070178491194,32.1209753508034,-49.7076550019305,0.410368253432649
0.819996925863572,1.64710514606805,0.0287434485482174,0.999586821724634,0.108081882894423,31.9471320294266,-49.5767414251308,0.413661474003712
0.823326887062016,1.66730280058806,0.0290958166757632,0.999576627103681,0.105861765812541,31.782515017851,-49.4351140345035,0.415157951933875
0.826656848260459,1.68711716139067,0.0294414943509067,0.999566505246342,0.103852812262596,31.6183509090816,-49.2991056010546,0.416303974201655
0.829808064017673,1.7055658633007,0.0297633438289455,0.99955697354584,0.102179798483112,31.4634011748622,-49.1714138787957,0.419526901771237
0.833207949812842,1.72512320546449,0.0301045308794529,0.999546755895155,0.100397493992941,31.2966728058758,-49.039402800929,0.424107680750968
0.836016374908513,1.74099041364767,0.0303813392282392,0.999538380567099,0.0986086566178514,31.1593090520082,-48.9113112111446,0.427738498187923
0.838824800004183,1.75657415748116,0.0306532001860248,0.999530080246891,0.0968470336278961,31.0222812546793,-48.7916866788428,0.42973550247711
0.842381531715312,1.77596051226772,0.0309913951458605,0.999519651346042,0.095131077760677,30.849207432849,-48.6609156627494,0.432737689389324
0.84585536852132,1.79448672367355,0.0313145815895306,0.999509578233182,0.0930796134098566,30.6806839140225,-48.5122152356401,0.434219121344363
0.849329205327328,1.81261823267763,0.0316308793505621,0.999499618544955,0.0910965448718968,30.5126716026029,-48.3650559315204,0.434398922036921
0.852466292201402,1.82873351094547,0.0319120020217254,0.999490682361254,0.0896579141538949,30.3613599513893,-48.2331721394709,0.437503461943752
0.855709560549446,1.84511091686041,0.0321976947871335,0.999481519814346,0.0881332117718924,30.2053516466723,-48.1021882789897,0.442099465748933
0.858582714832531,1.85934822951234,0.0324460529368504,0.999473488217081,0.0864861256754832,30.0675206115446,-47.9720270990054,0.445558341262753
0.861455869115616,1.8733149799169,0.032689689405245,0.999465549284511,0.0848425654685311,29.9300486497595,-47.8470517905441,0.447362125176706
0.864962773262499,1.89004729842481,0.0329815659787932,0.999455960163121,0.0832740323726974,29.7627247880573,-47.7126989202045,0.449861260632828
0.868328803995141,1.90575444726772,0.0332555570555531,0.999446880992144,0.0814435414243662,29.6026222819065,-47.5641843071123,0.450861548238041
0.871694834727782,1.92113773650148,0.0335238963942135,0.999437916216185,0.0797642886359131,29.4430047286162,-47.4201116889791,0.451398068131185
0.874907884097889,1.93556809789519,0.0337756110819649,0.999429441279393,0.0783857605538433,29.2910795127661,-47.2838099730256,0.453848792533247
0.878365233507372,1.95081227943191,0.0340415192394373,0.999420419527173,0.0769552417403277,29.1280859277692,-47.144088054785,0.458027902056703
0.881083238674466,1.96256313220473,0.0342464907260902,0.999413416896605,0.075456468326723,29.0003112812197,-47.010450199446,0.460899686369235
0.883801243841561,1.97408951944068,0.0344475454349488,0.999406507189896,0.0740150940707052,28.8728647602304,-46.8897272647722,0.462156359790642
0.8873771766371,1.9889740151626,0.0347071735478722,0.999397524563833,0.0726477461127272,28.7056705493418,-46.7554119297606,0.464497529687943
0.890977999975905,2.00360417631485,0.0349623630570572,0.99938862969791,0.0709128047056535,28.537879998289,-46.5978292366228,0.465467773026798
0.894578823314709,2.01786066446384,0.0352110325073716,0.999379899332464,0.0691016010949196,28.3706672492129,-46.4373653864316,0.463967209665981
0.897649813386807,2.02984510407245,0.0354200699605881,0.999372512451682,0.0681109105748048,28.2284744503914,-46.3019402483265,0.466995559988218
0.900691320310984,2.04150890049251,0.0356235131373903,0.999365281221911,0.0669311811175645,28.0880430294804,-46.1716591189537,0.471278456400885
0.904426189792753,2.05555644836814,0.0358685324087226,0.999356517156337,0.0656451218598065,27.9161383955318,-46.0269454629508,0.478233138086978
0.907451941542691,2.06661222126018,0.0360613672118738,0.999349577372608,0.0637724619419608,27.7773476501714,-45.8698389130088,0.479700586384775
0.910078358798659,2.0759714861655,0.0362246104716669,0.999343673415795,0.0621949874084417,27.6572213802198,-45.7376944499729,0.477596436576675
0.914163226361479,2.09026739926858,0.0364739563341743,0.999334603878667,0.061081724043824,27.4709693448586,-45.5956117295964,0.4775662829783
0.916643332595138,2.0987908664037,0.0366226195091956,0.999329166861593,0.0599823359073759,27.3582341077783,-45.4558097352045,0.47910071700341
0.919123438828797,2.10718006809664,0.0367689400844147,0.999323793895186,0.0590374674958355,27.2457677118145,-45.347410702605,0.481006703396455
0.922817997749188,2.11939654482291,0.0369820128097368,0.999315931389338,0.0577112847462526,27.0787407713269,-45.2088988392373,0.482561493010992
0.926763106269394,2.1321287822471,0.0372040793456333,0.999307688592479,0.0563278457511663,26.9010450229933,-45.0420431842348,0.485355713982937
0.929636632150839,2.14118770025886,0.0373620773659979,0.999301793841529,0.0550222801174189,26.7720495308997,-44.8910145290897,0.487412462919844
0.932510158032283,2.15004495160134,0.037516557183123,0.999296006164903,0.0537973921172003,26.6434285576091,-44.7606802921548,0.488198882506904
0.936219455389629,2.16122798833946,0.0377115998726414,0.99928866461851,0.0526193488007004,26.4779366558827,-44.6154313831637,0.489749379256965
0.939058136107611,2.16957326701245,0.0378571484541065,0.999283161226548,0.0513099585019764,26.3517072964744,-44.467614342339,0.489976222309524
0.941896816825593,2.17776887815087,0.0380000859280046,0.999277735902019,0.0503897453744997,26.2258305778136,-44.3433873571954,0.491165687959734
0.94580452559797,2.18876697018577,0.0381918995034982,0.999270423265051,0.049121602613611,26.0531423819452,-44.1916749500674,0.492086807600838
0.949494642981027,2.19890288567822,0.0383686749371638,0.99926365128707,0.0479402359554443,25.8906841848389,-44.0252111903488,0.494758740106448
0.952319477571909,2.20647623308821,0.0385007571188409,0.999258570992151,0.0467920663845063,25.7667327504642,-43.8791831475044,0.496758576197495
0.955144312162791,2.21386561836029,0.0386296302795538,0.999253597273718,0.0456554529289686,25.6431482937501,-43.7492719442636,0.497314424351602
0.958758470567105,2.22310390882366,0.0387907480136327,0.999247355697548,0.044613037892578,25.4855495776245,-43.6059238403874,0.498607520004834
0.961855206737734,2.23079885493454,0.0389249487270475,0.999242137005139,0.0433689336121522,25.3509875959473,-43.4528401074222,0.498583817727278
0.964951942908364,2.23832424873958,0.0390561917504079,0.999237015870587,0.0424133320277283,25.2168523028422,-43.3150535642126,0.499230147335458
0.968554259997766,2.24684944310637,0.0392048705021174,0.999231193532764,0.0413047234266831,25.0613617647821,-43.16403420386,0.499843357994319
0.972821458750552,2.2566936123407,0.0393765509968033,0.999224442871368,0.0402636894169346,24.8779090283293,-42.991373751455,0.50343567329646
0.97502197392526,2.26160891748056,0.0394622725765352,0.999221061148681,0.0389855336680873,24.7836380274456,-42.8404229915022,0.503853562634102
0.977222489099968,2.26643631914885,0.0395464608610416,0.999217732745654,0.0382883310218835,24.6895858502565,-42.7409809621409,0.504112785521762
0.98066351081484,2.27382873444626,0.0396753815884649,0.999212622065899,0.037495254986938,24.542945731127,-42.6152844359367,0.505401569275667
0.985373740406113,2.28365336462083,0.0398467181352979,0.999205804153402,0.0364042009023675,24.3430705619043,-42.4342731812923,0.50958526460483
0.988042339409053,2.28895598933286,0.0399391927232974,0.999202112129779,0.0346804672116855,24.2303090970142,-42.2549303083578,0.506936762600583
0.990710938411993,2.29419270847122,0.0400305176219706,0.999198457594345,0.0342494285825152,24.1178502375548,-42.1415354406927,0.507324072337779
0.994138574929227,2.30074030019152,0.0401447027960452,0.999193876501161,0.0333398926697847,23.9738785125479,-42.003206665297,0.507772341349099
0.998377978169019,2.30855071038674,0.0402809099078299,0.999188394796996,0.0321548496633569,23.7965529050479,-41.8279643312786,0.507437506676878
1,2.31149776596651,0.0403323039320473,0.999186321593492,0.0317109314583411,23.7289095248127,-41.7031256566444,0.509397675979583
1.00312849631954,2.31701917745323,0.0404285921428326,0.999182430258533,0.030802916148218,23.5987936500493,-41.5905474942298,0.510866315328329
1.00722541167537,2.32405281140837,0.0405512515438722,0.999177459712851,0.0299640242072524,23.4290582183369,-41.4300557786205,0.515067127078238
1.01088653750739,2.33012610847189,0.0406571631575984,0.999173155706245,0.0289525777243235,23.2780182343158,-41.2550649584794,0.519705917769098
1.01394358926229,2.33485119158931,0.040739563088671,0.99916979938314,0.0269764022467726,23.1524322574712,-41.0807493341378,0.513639693577407
1.01695873970173,2.33942281981276,0.0408192866819018,0.999166545594267,0.0264630128011911,23.0289652163567,-40.9488825166914,0.510457185532767
1.01953641955346,2.34331462169726,0.0408871547322164,0.999163770649188,0.0263511221823467,22.9237067567651,-40.8345743638086,0.512793304756547
1.02243390182318,2.34754125106273,0.0409608615321211,0.999160751742454,0.0254595513697962,22.8057603259489,-40.7065237460851,0.514002004753262
1.02686627420884,2.35376211371842,0.041069344705142,0.999156298546674,0.0244958063558091,22.6260742384078,-40.5394835782345,0.515766586069727
1.02938589425263,2.35715895264138,0.0411285806365928,0.999153861952612,0.0235297474758465,22.5243326870547,-40.3797197929532,0.516367149135316
1.03190551429643,2.36044960552088,0.0411859647000015,0.999151498178194,0.0227942016214337,22.42288520281,-40.2630088987288,0.516219135708928
1.03568749717218,2.36523575304147,0.0412694277101493,0.999148054262469,0.0220873640797709,22.2711475232371,-40.1211968847092,0.517047385000033
1.0395805797497,2.36992383545353,0.0413511803372981,0.999144674151202,0.0210173999822034,22.1156425015913,-39.9439309466658,0.516605320230674
1.04247152460793,2.37326546478403,0.0414094528164499,0.999142260750411,0.020174177322157,22.0006144439825,-39.7890873916965,0.516167555504209
1.04536246946616,2.37651345460102,0.0414660922426393,0.999139911721139,0.0196088542527115,21.8859594024061,-39.6600582850914,0.516984068731583
1.04905112194566,2.38047996536521,0.0415352612730997,0.999137038684372,0.0187680116344988,21.7402244310041,-39.5090001597643,0.517476788783945
1.05,2.38147467976574,0.0415526073263384,0.999136317438408,0.0182963883786747,21.7028339962098,-39.4048894095523,0.517865155258017
1.05392729705522,2.38546697416986,0.0416222257272089,0.999133419682033,0.0177421471004456,21.5485143651362,-39.2941070929447,0.519636655655811
1.05686899774362,2.38830686664817,0.0416717481977459,0.999131355429377,0.0168492580990969,21.4333891188525,-39.1356084382291,0.520202132226826
1.05981069843202,2.39101333487722,0.0417189439009606,0.999129385875417,0.0160576437581971,21.3186653069043,-38.999145086591,0.519739724075997
1.06380712632872,2.39451373418928,0.0417799841273383,0.999126835254824,0.0152870249905555,21.1634386137929,-38.8413596149854,0.519397678655052
1.06652232994244,2.39676718519243,0.0418192798928604,0.999125191269464,0.0144851529140435,21.0583944132266,-38.6874118891015,0.518718680708737
1.06923753355615,2.39894932838455,0.0418573321283732,0.999123597833169,0.0140267872583224,20.9536782064613,-38.5666129186272,0.519289343921997
1.07296196210609,2.40177575798131,0.0419066193466033,0.999121531774258,0.0132451198560471,20.8105917203196,-38.4183732411362,0.519250345101378
1.07644940311665,2.4042914718539,0.0419504882249737,0.999119690796696,0.0125901742801479,20.6771737431999,-38.2566978812728,0.520603247740681
1.07993684412721,2.40668010524617,0.0419921410061589,0.999117941032849,0.0119541856599335,20.5443017862932,-38.1001302973703,0.523191943607772
1.08311336435162,2.40867570686274,0.0420269400774944,0.999116477848165,0.0109647716074688,20.4237762681065,-37.9426257891635,0.522822680257732
1.08637258224043,2.41056475336504,0.0420598810060377,0.999115091673506,0.0101159487685016,20.3006020272352,-37.7925763399996,0.520677523004036
1.08921095982692,2.41211930755843,0.0420869890702169,0.999113950133319,0.00955901329139386,20.1937219024367,-37.6553582254372,0.519400722575398
1.09204933741342,2.41360958061806,0.0421129761813126,0.999112855105544,0.00916374613722355,20.0871974700002,-37.5300428467272,0.519761434587775
1.09556206220556,2.41531590874004,0.04214273078638,0.999111600494092,0.00847804641987132,19.9558749961685,-37.3847886192576,0.519752234935488
1.1,2.41734499713731,0.0421781135712688,0.999110107413377,0.00797989403787122,19.7907385294372,-37.2101805794074,0.523660991567677
1.10226240919473,2.41821142598604,0.0421932221456024,0.999109469480183,0.00668404114509159,19.7069274059778,-37.0450772808005,0.521438731560295
1.10452481838945,2.41904933392646,0.0422078333701359,0.999108852329014,0.00646401739485326,19.6233384118308,-36.9468946386317,0.520642390587069
1.10807047298393,2.4202757052782,0.0422292185040868,0.999107948674483,0.00603674649342703,19.492794987369,-36.8178628186807,0.520824829559846
1.11304477519011,2.42178966120419,0.0422556184338478,0.999106832481278,0.00531200448690425,19.3106037232193,-36.6264968628207,0.522524237228589
1.115221311474,2.42231470354008,0.0422647739648124,0.99910644522078,0.00421022959347443,19.2312564554446,-36.4557523631243,0.520237077920342
1.11739784775789,2.42282650485731,0.0422736985994442,0.999106067645835,0.00410405200584685,19.1521104273809,-36.3632936650658,0.520032577279814
1.12114079185474,2.42358483165678,0.0422869220637357,0.999105508053266,0.00353606656001288,19.0165077028011,-36.2288939057337,0.519440575892745
1.12608724477201,2.42424487680753,0.0422984317175095,0.999105020843274,0.00232893374001499,18.8383169986156,-36.0239361752248,0.512236883749578
1.12916819204858,2.42472136487098,0.0423067405586982,0.999104669042888,0.00269926253426902,18.7278192989716,-35.8648460115237,0.518043203256406
1.13224913932516,2.42507159819273,0.0423128478096107,0.999104410414768,0.00198404064265512,18.6177607192039,-35.7223184585401,0.52230179046362
1.1348501026654,2.42519073009549,0.0423149251913175,0.999104322433875,0.000799413015655404,18.5252179986727,-35.5801710463598,0.520417329518517
1.13764703507166,2.42526266701851,0.042316179602889,0.999104269305169,0.000448897569949878,18.4260361875239,-35.4609253076284,0.51933054904425
1.1417921182703,2.42524287907334,0.0423158345474449,0.999104283919628,-8.33191467833254e-05,18.2796902865489,-35.3059019474087,0.518508512970113
1.14453225979608,2.42513075896832,0.042313879435169,0.999104366724091,-0.000714147416062045,18.1833741819774,-35.1500474209496,0.517474799725033
1.14727240132187,2.42496839044462,0.042311048107763,0.999104486631915,-0.00103420400500069,18.087387811043,-35.0297128929366,0.517608548001986
1.15104221024687,2.42461430900401,0.0423048737541677,0.999104748090331,-0.00163931039523666,17.9558886076905,-34.8821932274798,0.51698909443666
1.15441827544201,2.42421105623329,0.0422978419654153,0.999105045811034,-0.00208470161564566,17.8386556045173,-34.724745049908,0.51784059763245
1.15779434063716,2.42371043904686,0.0422891123651946,0.999105415346831,-0.00258804782794057,17.7219304620379,-34.5743152849282,0.519108567351307
1.16107370246874,2.42309469519218,0.042278375219024,0.999105869759977,-0.0032770880936866,17.6090478240636,-34.422135699399,0.518728217426185
1.16457335106203,2.42229383722947,0.0422644101044067,0.999106460612945,-0.00399400337417009,17.4891258566023,-34.2668597331424,0.516322096495502
1.16723172840632,2.42162229020817,0.0422526998678132,0.99910695591307,-0.00440897024228322,17.3983936762535,-34.130662655402,0.514897961511702
1.16989010575061,2.42091744915883,0.0422404090536493,0.999107475621607,-0.00462755862726938,17.3079664367285,-34.0159532727983,0.515041796308097
1.17346873380638,2.41985628550783,0.0422219047770584,0.999108257776402,-0.00517539105039471,17.1867386607938,-33.8754891666417,0.51440024609823
1.17724606533484,2.41864164668609,0.0422007242253522,0.999109152632912,-0.0056122811837129,17.0593891203498,-33.7141549489363,0.514998474830517
1.18018258375187,2.41761129500815,0.0421827572094303,0.999109911368219,-0.00612392863917092,16.9608258617732,-33.5646655594663,0.515354869254519
1.18311910216889,2.41648528108649,0.04216312204353,0.999110740178256,-0.00669250028956289,16.8626536838317,-33.4314872239094,0.514419455581553
1.1868166661848,2.4149734635785,0.042136759299833,0.999111852354734,-0.00713610179304785,16.7395796301644,-33.2851718422796,0.513618255824122
1.1897074169192,2.41369663536472,0.0421144942253019,0.999112791118274,-0.00770902037574173,16.6437881315003,-33.137239238208,0.512013973208054
1.19259816765361,2.41237459444244,0.0420914407185814,0.999113762600753,-0.00798199812433301,16.5483581575743,-33.012176660623,0.511585680118845
1.19629834364816,2.41057685559626,0.0420600920429046,0.999115082789436,-0.0084797215059755,16.4267486067768,-32.8658828598404,0.51056296742688
1.19983410502224,2.40879220488855,0.0420289715550873,0.99911639239381,-0.008809426754827,16.3110945808269,-32.7097939350427,0.511363135951809
1.20336986639633,2.40695564249172,0.0419969457959701,0.999117739079739,-0.00906567422163617,16.1959747573598,-32.5587083762726,0.514582467166385
1.20634122922384,2.40524746806023,0.0419671588123638,0.999118990701917,-0.0100335333510822,16.0996881851865,-32.4048518349798,0.512448657694554
1.20928579672086,2.40347803737495,0.0419363036086861,0.999120286271698,-0.0104879210190422,16.00465597192,-32.2737425318429,0.50969228500454
1.21247812351494,2.40150448061069,0.0419018888220989,0.99912173017763,-0.0107899553313883,15.9020504920867,-32.1412832870577,0.50763332868519
1.21567045030902,2.39947150862011,0.0418664379037112,0.999123216313811,-0.0111147940437349,15.799885296124,-32.0033638637013,0.506385237686786
1.21902391678573,2.39727363919931,0.0418281114484686,0.999124821577692,-0.0114389269098701,15.6930362735295,-31.8622605403698,0.505995491555879
1.22230130438829,2.39507796999323,0.0417898232991211,0.999126423766596,-0.0116927448254478,15.5890743732901,-31.7209658565039,0.507243286022392
1.22557869199085,2.39280641889834,0.041750211854399,0.999128079782624,-0.0120968437489641,15.4855800629009,-31.5782943428501,0.5085210731951
1.22862849436113,2.39057658526171,0.0417113278173979,0.999129703858168,-0.0127608067690423,15.3897091813476,-31.435112808445,0.507110983276375
1.2319474769029,2.38806714661535,0.041667567927851,0.99913152977122,-0.0131962028135479,15.2858387416123,-31.2958680644281,0.505027678255189
1.23489027239244,2.38577800067762,0.0416276494590407,0.999133193723697,-0.0135765919901815,15.1941410568975,-31.1600602354956,0.503058182594998
1.23783306788198,2.38345708589955,0.0415871769326094,0.999134879140337,-0.0137650083668956,15.1028085168573,-31.0359793485046,0.502507698338707
1.24135468914098,2.38060061569506,0.0415373652013302,0.999136951219467,-0.0141567779118758,14.9940042824337,-30.8960636086537,0.501659655766654
1.24470535729429,2.3778353419883,0.0414891436755062,0.9991389547791,-0.0144040318806937,14.8909681282523,-30.750927715593,0.502355110206652
1.2480560254476,2.3750043977057,0.0414397768698516,0.999141003509003,-0.0147461032877943,14.7884125322927,-30.6075061053702,0.503441575501286
1.25121973886834,2.37222416182002,0.0413912942330741,0.99914301316764,-0.0153377577972924,14.6920364630131,-30.4629580694496,0.502255499921088
1.25461558770557,2.36914604746917,0.0413376169832941,0.99914523539981,-0.0158202654918125,14.5890747339053,-30.3198799601441,0.499698599163681
1.2574119735803,2.36656214596389,0.0412925579002815,0.999147098610636,-0.0161270979166233,14.5046574532548,-30.1879942298421,0.497772673003093
1.26020835945502,2.36395972258171,0.0412471757406644,0.999148973123337,-0.0162426998936284,14.4205636936496,-30.0723016681368,0.497442539417998
1.26376434256041,2.36057134225966,0.0411880876040031,0.999151410667835,-0.0166306731997722,14.3141124352628,-29.9358166874953,0.49645525075114
1.26725440533434,2.3571978702171,0.0411292593016859,0.999153834016211,-0.0168702393568434,14.210148675249,-29.78850718395,0.496851918361759
1.27074446810828,2.35377762284908,0.0410696151621571,0.999156287429766,-0.0171041559052745,14.1066932683767,-29.6428498779699,0.498609920318188
1.27387397399652,2.35059139567902,0.0410140518628347,0.999158569772482,-0.0177696278006331,14.0143858038937,-29.4958590203259,0.497042598816357
1.27709162296238,2.34723063314058,0.040955444775883,0.999160973789114,-0.01822957454217,13.9199197133358,-29.3587310363256,0.493995496936492
1.27998278492385,2.34417336398735,0.0409021300747061,0.999163157725179,-0.0184560441630293,13.8354072097202,-29.2313280064418,0.491870899749074
1.28287394688532,2.34109913667587,0.0408485195284127,0.999165350906614,-0.01855841673867,13.7512363089816,-29.1131738243174,0.491346587468652
1.28637019088626,2.3373143751128,0.0407825180227017,0.999168047038999,-0.0188935756946363,13.6499210761581,-28.978307233833,0.490412044273182
1.28972041504747,2.33365023308932,0.0407186198012879,0.999170653092593,-0.0190886757103966,13.5533096511912,-28.8373017201556,0.490853617679845
1.29307063920868,2.32993133356926,0.0406537665048392,0.999173293913008,-0.0193739397880982,13.4571662754994,-28.6975948669246,0.491602994090877
1.29628786646625,2.32626849636751,0.0405898907028117,0.999175890808387,-0.0198707035645412,13.3652937161113,-28.5564406964727,0.490418916377944
1.3,2.3219461152986,0.0405145129768202,0.999178950057622,-0.0203224858406828,13.2598349161433,-28.4092150805811,0.487521130697253
1.3024974153863,2.31900585319032,0.0404632378028639,0.999181027835551,-0.0205481454717236,13.189205185139,-28.281130720832,0.485841427469417
1.30499483077261,2.31605960274522,0.0404118580915337,0.999183107205876,-0.0205899952155857,13.118825283559,-28.1810955301683,0.485594893628106
1.30857836513847,2.31175956636606,0.0403368694926579,0.999186137293514,-0.0209429532717077,13.018295227015,-28.0533256501162,0.484292000014877
1.31360686948616,2.30562744859157,0.0402299307207393,0.999190448650408,-0.0212837929302622,12.8781209126642,-27.8759457402917,0.482739834341922
1.31572254149599,2.30302056446399,0.0401844688014131,0.999192278026181,-0.0215055599510951,12.8194526750402,-27.7303085503984,0.482836866418818
1.31783821350582,2.30037953338296,0.0401384113024201,0.99919412925523,-0.0217872561517787,12.7609731236921,-27.6411235183348,0.482116317127755
1.32133232500326,2.29598109498555,0.0400617058167088,0.99919720762573,-0.0219704585950198,12.6647909992265,-27.5269190854294,0.481401935903643
1.32604551654487,2.29002566305508,0.0399578471486801,0.999201366317742,-0.0220533994104691,12.5358196290963,-27.3639144498055,0.484097447741913
1.32920961131219,2.28584645952036,0.0398849644336868,0.999204278219486,-0.0230526792513538,12.4497909393444,-27.1890370164087,0.479251663584126
1.3323737060795,2.28162589041624,0.0398113601134823,0.999207213547778,-0.0232808536380928,12.3641688695753,-27.0605263324074,0.474540140150996
1.33509338404902,2.27804963807258,0.0397489921413446,0.99920969652208,-0.022950282709428,12.2908672719227,-26.9523077637058,0.475123872363298
1.33796177015565,2.27423292475447,0.039682430484641,0.999212342152974,-0.0232235868984232,12.2138862794249,-26.8377371929498,0.475251813187157
1.34235941951211,2.26831518930186,0.0395792276576845,0.999216435382255,-0.0234861762588068,12.0965089126063,-26.6909335657632,0.475520434644017
1.34481641895506,2.26494798005846,0.0395205047506894,0.99921875968391,-0.0239189667175166,12.031278219009,-26.5489248621269,0.474440515953381
1.34727341839802,2.26155052519637,0.0394612542327437,0.999221101365648,-0.0241338164325993,11.9662924376503,-26.4492454587349,0.473027984259318
1.35101642295354,2.25634956743241,0.0393705509366697,0.999224679298376,-0.0242515967832486,11.8677510410137,-26.3268171798596,0.472074288107136
1.35507466873992,2.25062444165772,0.0392707059172536,0.999228608305807,-0.0246220411770592,11.7615526083664,-26.1685561292466,0.469898209872251
1.3578547402456,2.24666271937243,0.0392016140634574,0.999231321293933,-0.0248716976476217,11.6891827564641,-26.0316512559394,0.468241329520953
1.36063481175128,2.24269301989832,0.039132382900671,0.999234034953031,-0.0249217784493766,11.6171130983518,-25.9236706556385,0.467807355268935
1.36434435553409,2.23733517639754,0.0390389423467466,0.999237689931904,-0.0252084933808742,11.5214319797143,-25.7932307149728,0.4664590687659
1.36745317168186,2.23282571001699,0.0389602971877073,0.999240759398377,-0.0253167225424787,11.4416585480689,-25.660388988471,0.466477823380648
1.37056198782963,2.22826756032572,0.0388808027457642,0.99924385571183,-0.025590036891872,11.3622719831405,-25.5359471757271,0.465838162205682
1.37417269550744,2.22293054588526,0.0387877245366957,0.999247473064238,-0.0257978442245677,11.270547286648,-25.4035232639446,0.465197479439392
1.37842640097739,2.21652450887099,0.0386760019939445,0.999251803535908,-0.0262844803650061,11.1631670091259,-25.243938086566,0.461469568294932
1.38062678391806,2.21321599235842,0.0386183006272301,0.999254035196589,-0.0262429350063668,11.1078884599455,-25.1222403877383,0.460936637106624
1.38282716685872,2.20989101553915,0.0385603120588617,0.999256274603229,-0.0263734970746899,11.0527992701792,-25.0361829063157,0.460565285376554
1.38626577504614,2.20464371235024,0.0384687972921753,0.999259801870812,-0.0266336588832952,10.9670946777369,-24.9242099625949,0.459070947946342
1.39097260041105,2.19735062521056,0.0383416028162776,0.99926469040664,-0.0270433622141572,10.8505435941009,-24.7621431856598,0.454544105228922
1.39364704498742,2.19326527753682,0.0382703523804859,0.999267421728875,-0.026660776082431,10.7846693400696,-24.6310036159796,0.456950828957896
1.39632148956379,2.1890998489356,0.0381977050943311,0.999270201359736,-0.0271833802391976,10.7190922253594,-24.5199004270823,0.45630979798728
1.39974327443117,2.18373709383854,0.0381041755012283,0.999273772201278,-0.0273534827726683,10.6355931831138,-24.4021893490449,0.455492432681899
1.4039703129385,2.1770747152833,0.0379879792481702,0.999278196215969,-0.0275087254591515,10.5330619675445,-24.2560401074207,0.455274255331861
1.40641288742194,2.17314586351196,0.0379194572547763,0.999280798755537,-0.0280734117618277,10.4741467022769,-24.1201509583201,0.452185399824987
1.40885546190538,2.16923842111994,0.0378513084794719,0.999283382452841,-0.027920432123975,10.4154458374416,-24.0323745429912,0.451264363211765
1.412694170535,2.16305196835723,0.0377434116653521,0.999287463583858,-0.0281276804640617,10.3236564561356,-23.9115260267358,0.449343575094195
1.4176491927512,2.15492025984893,0.0376015873252113,0.999292810256646,-0.0286426742584559,10.2060331011084,-23.7382094155745,0.442353579436235
1.41989530556827,2.15135043329166,0.0375393260867361,0.999295151092486,-0.0277391352188574,10.1529716674172,-23.6236725457222,0.446847138954578
1.42214141838534,2.14767744940785,0.037475265532306,0.99929755552252,-0.0285407133863076,10.1001328026642,-23.5245818248498,0.446492819076061
1.42574976711905,2.1417417543568,0.0373717406807929,0.999301432500968,-0.0287104794133112,10.0156487142305,-23.4135042560127,0.445598172243463
1.43044456258128,2.13405762256855,0.0372377206325032,0.999306435565235,-0.0285663988859806,9.90642792499366,-23.2642274014955,0.449427592467031
1.43449716260688,2.12732314720555,0.0371202631277782,0.999310805538159,-0.029003298557997,9.81283121646595,-23.0954715334263,0.450214864725272
1.43636220322655,2.12407722011299,0.0370636499975194,0.99931290687595,-0.0303758076083603,9.7700105376179,-22.9596494555614,0.442949756914788
1.43822724384622,2.12091208545941,0.037008445876433,0.999314952822088,-0.0296197414637209,9.72728762153132,-22.9072308859901,0.440805977309092
1.44129527559136,2.11571780364979,0.0369178505091625,0.999318303802038,-0.0295490162375334,9.65727782904412,-22.8191225851228,0.439075482312892
1.44547002986774,2.1085758821996,0.0367932851519136,0.999322897850204,-0.0298580553422609,9.56258746695453,-22.6816611998396,0.434803416396179
1.44939991950462,2.10176265806522,0.0366744522146166,0.999327265991856,-0.0302586598629997,9.47405819444131,-22.5271650589199,0.42792244211767
1.45204651557557,2.09736449058985,0.0365977412438875,0.999330078270361,-0.0290042384411627,9.41468353054254,-22.4343505042056,0.434750574584707
1.45469311164652,2.09282262630164,0.036518523747997,0.999332976251293,-0.0299518641616786,9.35561156576625,-22.3199775079637,0.434743575140413
1.45769552757223,2.08763100565628,0.0364279731640349,0.999336281124207,-0.0301793209261885,9.28891550762454,-22.2141301511399,0.433662805841354
1.46141375716605,2.08117942507259,0.036315446345817,0.999340376626855,-0.030283585319856,9.20677272879213,-22.0919060428656,0.432666707884682
1.46474179358945,2.0753412608746,0.0362136181823886,0.999344071808174,-0.0306172092379806,9.13369058688336,-21.9595378809201,0.429761110615132
1.46806983001286,2.06947145865634,0.0361112378155004,0.999347776554004,-0.0307831291836711,9.06101330442139,-21.8378867343329,0.426427243545479
1.47117181678351,2.06402486726384,0.0360162387006546,0.999351204807328,-0.0306451831804141,8.99361717623305,-21.7267619662027,0.425758054409848
1.47446946606657,2.05823012266626,0.0359151667615272,0.999354842284007,-0.0306695357384848,8.92234449146829,-21.6131791609335,0.425995457219725
1.47738425591431,2.05308890790031,0.0358254933825688,0.999358060969088,-0.0307847666230588,8.85967259491689,-21.5013430899625,0.426214927431846
1.48029904576205,2.04790270661329,0.0357350350537382,0.999361299665796,-0.0310541386714193,8.79731538512306,-21.3933810158488,0.424931986719851
1.4838158434317,2.04162740429591,0.0356255801060824,0.999365207540319,-0.0311433006059608,8.72248209131848,-21.2788169334902,0.4236113393355
1.48723068618717,2.03548314994501,0.0355184105064761,0.999369022191049,-0.0314033401191169,8.65025013955981,-21.1523507614097,0.420819410143757
1.49064552894263,2.0293005474526,0.0354105716168421,0.999372849049727,-0.0315993378207197,8.57843827024646,-21.0293341321225,0.417117972128681
1.49376020640727,2.02369621318006,0.0353128187063594,0.999376307921602,-0.0314042421883927,8.51327966620761,-20.9198559974938,0.416584090224734
1.49702906949391,2.0178169162093,0.0352102694297561,0.999379926217594,-0.031391063841631,8.44525617041571,-20.8095273460323,0.417175382992129
1.49991951616517,2.01259524920874,0.0351191905126565,0.999383130965165,-0.0315298263444592,8.38542311277833,-20.7002807671376,0.417353359294565
1.50280996283642,2.00733000984896,0.0350273512894148,0.999386354050148,-0.0317929279400387,8.32589347214185,-20.595308409778,0.415954012239807
1.50632140908766,2.000920355285,0.0349155501427234,0.999390266291518,-0.031858547177593,8.25396510668088,-20.4839716500416,0.414553077190812
1.50968353451895,1.99473851535155,0.0348077222653167,0.999394027634096,-0.0320908493375984,8.18550725076605,-20.361481840487,0.411819888153822
1.51304565995025,1.98853138292723,0.0346994528113115,0.999397792660458,-0.0322221464146743,8.11744448624837,-20.2439694498211,0.408671974521376
1.51624646353988,1.98264405634275,0.0345967612740216,0.999401352865478,-0.0321023237328431,8.05299735028287,-20.134673734573,0.407708846289871
1.51968857506581,1.97632370395929,0.0344865161421116,0.999405163186773,-0.0320474679993996,7.98407580975491,-20.0230410922827,0.408178886625731
1.52242588160192,1.97127750478915,0.0343984956071802,0.99940819663437,-0.0321749826219195,7.92955998876395,-19.9158626451784,0.408225228108615
1.52516318813803,1.96619120547246,0.0343097753379032,0.999411246342697,-0.0324306644677802,7.87531134377664,-19.8182572070849,0.406673325412191
1.52873491155538,1.95955162079607,0.0341939607205376,0.999415215538688,-0.0324444532869599,7.80490623197772,-19.7118039591009,0.405338468432756
1.53230404901469,1.95287416953923,0.034077485131344,0.999419193835661,-0.0326531301755661,7.73499484777894,-19.5877533426243,0.402656508057332
1.53587318647399,1.94614134409977,0.0339600431749686,0.999423191379685,-0.0329239131920644,7.66552912868188,-19.4628870109648,0.397884318307716
1.53896312133,1.94037369732405,0.033859436640855,0.999426604884203,-0.0325781710680558,7.60571118476507,-19.3589660314272,0.397702663522852
1.54205712370334,1.93461139380091,0.0337589229678268,0.999430005112941,-0.0325052009800165,7.54612774082863,-19.2577240566602,0.398891233178319
1.54578059457449,1.9277031329536,0.0336384195507249,0.999434068225678,-0.0323815873803419,7.47483313216874,-19.1473523298646,0.402545906310168
1.54876286940398,1.92206641542482,0.0335400957841776,0.999437372712662,-0.0329879992645934,7.41809744181167,-19.0242997714671,0.40065602023394
1.5513764607869,1.91706744121894,0.0334528961859346,0.999440295233674,-0.0333826319160481,7.3686374035336,-18.9241664176462,0.396215895481704
1.55555723214977,1.90911317311225,0.0333141453987463,0.999444929806716,-0.0332063526078079,7.28997072170831,-18.8163080439815,0.392298158180896
1.55799427372167,1.90450251666875,0.03323371882248,0.999447607397821,-0.0330200094020762,7.24436908874437,-18.7118814425557,0.391736542092567
1.56043131529357,1.89988847664348,0.0331532330088264,0.999450280474753,-0.03304424150509,7.19896233345087,-18.6319165898049,0.391397565632518
1.56411311099874,1.89288260427255,0.0330310244386933,0.999454326832662,-0.0332108431968009,7.13074220167326,-18.5290377957983,0.389626741049417
1.56828660251844,1.88494496200283,0.0328925617261708,0.999458893293311,-0.0331947463648398,7.05394122986706,-18.402091257117,0.388642773640093
1.57098672334639,1.87980344788704,0.032802873800938,0.999461840927606,-0.0332341978660161,7.00455517674654,-18.2903122739034,0.388222691735844
1.57368684417434,1.87463363142618,0.0327126919068269,0.999464796672804,-0.0334171412003827,6.95541384871611,-18.199677407659,0.386609853909643
1.57741057109262,1.8675097717104,0.0325884233912041,0.999468856273609,-0.0333898833666216,6.88802491038043,-18.0971751727724,0.385255088229847
1.58080854855699,1.86097418490333,0.0324744162573489,0.999472567051615,-0.0335692362676473,6.82693047403512,-17.9796473007916,0.382690185788769
1.58420652602135,1.85442004959714,0.0323600851381237,0.999476275301147,-0.0336645083476563,6.76621054160409,-17.8694335285652,0.379609014686066
1.58750082731286,1.84808772938887,0.0322496229857588,0.999479845628353,-0.0335487944620251,6.70768548999835,-17.7655431082128,0.378227625408994
1.59101036519219,1.84137336410014,0.0321324959388522,0.999483618027199,-0.0333912285602936,6.64570313532384,-17.6611157381886,0.378916535482284
1.59364274940019,1.83631837806557,0.032044315222357,0.999486449063683,-0.0335156812130655,6.59947391737861,-17.5617289469931,0.378832550277115
1.59627513360819,1.83123086241855,0.0319555667975519,0.999489290463208,-0.0337313597754431,6.55347413974228,-17.474568300685,0.3772160843212
1.59985510992676,1.82432116992974,0.0318350312712183,0.999493136936898,-0.0336865033448921,6.49126086246282,-17.3781253682628,0.375890392577356
1.60367387342716,1.81691770384064,0.031705881640736,0.999497242151965,-0.0338368320795471,6.42535083742829,-17.2595200063071,0.373205161959378
1.60658902705399,1.81126266715037,0.0316072320986002,0.999500366622777,-0.0338572240783202,6.37534333241778,-17.1543292093659,0.371230980998686
1.60950418068082,1.80562620106354,0.0315089062058044,0.999503471144405,-0.0337460401698404,6.32559276355133,-17.0661910948971,0.370522744176165
1.61320799217496,1.79844976573359,0.0313837157253524,0.999507409871118,-0.0338171705720248,6.26276702284331,-16.9624563256989,0.369158293217621
1.61610263819488,1.79285382858152,0.0312860961578458,0.999510470273925,-0.0337407501180017,6.21395636129573,-16.862393954789,0.369066128478434
1.61899728421481,1.78723275568727,0.0311880378038578,0.999513534824789,-0.0338923062868484,6.16541184460733,-16.7704501186989,0.367836953530885
1.62272487833112,1.77999756760232,0.0310618211312245,0.999517465214096,-0.0338765032198268,6.10327477602469,-16.6694834908989,0.366732828851537
1.62626933348011,1.77307789533444,0.0309411081169956,0.999521209293976,-0.0340732381019843,6.04459754310434,-16.5546552160516,0.363839786175852
1.62981378862911,1.76610495535502,0.0308194653961688,0.999524967448385,-0.0343355342553675,5.98632064981566,-16.4417070717395,0.358321296533944
1.63276770656967,1.7603860549305,0.0307196990155386,0.99952803867245,-0.0337902555215548,5.93801065506999,-16.3545486765955,0.358804403891329
1.63568017286075,1.75475392490507,0.0306214460478613,0.99953105356559,-0.0337511933255577,5.8906337561651,-16.2669346766518,0.359829755355156
1.63890459949106,1.74849588289173,0.030512273647506,0.99953439218311,-0.0338737550528355,5.8384874920007,-16.1722594877024,0.359923224863354
1.64212902612137,1.74222201001736,0.0304028247102256,0.999537727276784,-0.0339594449072293,5.78665810254023,-16.0739862936585,0.359342215871221
1.64546894850055,1.73570012762141,0.0302890488119991,0.999541181503826,-0.034081127737178,5.73330749028659,-15.9736084246028,0.35764856797582
1.64875082876694,1.72925775722096,0.0301766596354603,0.999544580903346,-0.0342610229484379,5.68121896270694,-15.8715502552377,0.354288046931105
1.65203270903333,1.72281165362748,0.0300642049503442,0.999547969624622,-0.0342808763571187,5.62945065104672,-15.7739793832239,0.350810683266735
1.65505085572164,1.71693503147156,0.0299616847500024,0.999551047944497,-0.0339832407462817,5.58210461756362,-15.6871213935447,0.350446773697682
1.65832233431936,1.7105706566352,0.0298506551389406,0.999554369900795,-0.0339538506542135,5.53108497964717,-15.5952840259994,0.350445374808737
1.66131506988668,1.70474842644481,0.0297490831819972,0.999557398076684,-0.0339545824699344,5.48468701306891,-15.5035303101674,0.350537013425285
1.664307805454,1.69890033137832,0.0296470596890523,0.999560429314703,-0.0341054234775793,5.43855965703593,-15.4131078390922,0.349291288482465
1.66781068301389,1.69205492464217,0.0295276371092152,0.99956396425979,-0.0341076398307743,5.3849004264191,-15.3186143961334,0.347856842283339
1.67112477658384,1.68554883220104,0.0294141336976049,0.99956731075942,-0.0342635873550952,5.33447089994451,-15.2166875829567,0.344934133671381
1.67443887015379,1.67903954971109,0.0293005742537723,0.999570646001772,-0.0342803873801708,5.28435946295138,-15.120706743931,0.341830397740196
1.67760276907417,1.67286368263458,0.029192831148846,0.99957379848089,-0.0340684760680116,5.23680002109096,-15.0319093805525,0.340912606993737
1.68103636606769,1.6661837538782,0.0290762938895613,0.999577195184868,-0.0339546984743652,5.18550291089534,-14.9397585949682,0.34110316190287
1.68382056293446,1.66076478537224,0.0289817549055553,0.999579940716396,-0.0339698832434465,5.14415552366642,-14.8507412397498,0.341173903105899
1.68660475980123,1.65531694588809,0.028886711978958,0.999582691862481,-0.0341508667196986,5.10303881404023,-14.7678887642325,0.339648842061096
1.69017193539979,1.64834905203614,0.0287651498259645,0.999586197461474,-0.0340921511391505,5.0506758330459,-14.6791150442546,0.338279130887154
1.69368295923711,1.64146628878317,0.0286450724471145,0.999589645716931,-0.034214202456495,4.9994965167279,-14.5767498853195,0.335543739820645
1.69719398307443,1.63455639514003,0.0285245213329465,0.999593093054732,-0.0343490675721142,4.94867328587888,-14.4753306168986,0.331237197280512
1.70030869380852,1.62849172502172,0.0284187157822134,0.999596106731759,-0.0339834002732134,4.90385241799614,-14.390057924854,0.330793141665039
1.70348701402411,1.62233049071246,0.0283112252256149,0.999599156925527,-0.033833540168789,4.85838532058182,-14.3053859681489,0.331732633567495
1.70640905598652,1.61665410489812,0.0282121931769368,0.999601956858903,-0.0339049279059453,4.81683621270959,-14.2192030116886,0.331904199083127
1.70933109794894,1.61095012766014,0.0281126794804981,0.99960476051909,-0.0340697308738742,4.77553323984358,-14.1349691062921,0.330488015681681
1.71281096133708,1.60416349611865,0.0279942770337905,0.999608083427378,-0.0340384240146045,4.72665039577316,-14.0473457196471,0.328988415296813
1.71612791510267,1.5976725749524,0.0278810333079763,0.999611248426947,-0.0341542131258864,4.6803734276679,-13.9516470158273,0.326210967115943
1.71944486886825,1.59118302907671,0.0277678132184251,0.999614399930827,-0.0341469765618167,4.63439691042322,-13.8610666575218,0.32331599051052
1.72267644202033,1.58489563812263,0.027658119692031,0.999617441031869,-0.0339573540020928,4.58987962767096,-13.7757310935842,0.322188911480655
1.7262115499182,1.5780509921583,0.0275387035878581,0.999620737982511,-0.0337929171221963,4.5414935815257,-13.6872897640093,0.322520014180095
1.72888702387132,1.57286652116958,0.0274482517044509,0.99962322575977,-0.0338205829371174,4.50509963945968,-13.6028018600859,0.322476291471151
1.73156249782443,1.56765658348601,0.027357355284993,0.999625717512215,-0.0339867133807298,4.46890750804388,-13.5273719909234,0.320892368002635
1.73515568848264,1.56067915598255,0.0272356215789609,0.999629041653556,-0.0338916285937358,4.42059626194232,-13.4452220037883,0.319574436442249
1.73885177040426,1.55348244864976,0.0271100617208668,0.999632454731983,-0.0339836185786036,4.37126846006808,-13.3459709282212,0.31689656474531
1.74254785232588,1.54622395527824,0.026983423457922,0.999635881137972,-0.0342753788346072,4.32232596601111,-13.2417232883048,0.310570725963228
1.7455504027758,1.54044274355985,0.0268825588815151,0.999638598708544,-0.0336051569902777,4.28279230642019,-13.1666928667148,0.311310447090971
1.74842464506679,1.534930681119,0.0267863898872131,0.99964118028261,-0.0334709563176966,4.24516293150903,-13.091928620291,0.313053347607353
1.75224874395753,1.52761079342988,0.0266586793693329,0.999644594250518,-0.0334081687481388,4.19542963052477,-13.0052340185908,0.315739940992332
1.75543118413539,1.52148925490133,0.0265518761866773,0.999647436785073,-0.0335720380085577,4.15434352062213,-12.9102536438942,0.316183842524486
1.75805694290167,1.51633496241105,0.0264619484211608,0.999649821330328,-0.0342603348491452,4.12067980723387,-12.8205659333425,0.310739539976083
1.76171160176278,1.50924830755388,0.0263383060708673,0.99965308664222,-0.0338432299458611,4.07409172574403,-12.7475869186259,0.307536022518876
1.76444651948168,1.50396428394103,0.0262461143427965,0.999655511404756,-0.0337207986770883,4.03944714814293,-12.6675027046287,0.30583244608894
1.76718143720058,1.49870637102602,0.0261543779532537,0.999657915746121,-0.0335541692957921,4.00498586988649,-12.6004808182341,0.305332017805266
1.77086524876499,1.49161461122315,0.026030645536232,0.999661145335242,-0.0335995900322975,3.95887470246556,-12.517243788015,0.303776400322922
1.77399219204249,1.48562098327279,0.0259260722992157,0.999663862893491,-0.0334539301132343,3.91999669227668,-12.4332316702682,0.303527852521848
1.77711913531998,1.47962231237844,0.0258214107918624,0.999666571785172,-0.0334820777221786,3.88136915624018,-12.353129752785,0.302694112428983
1.78075265859736,1.47266207550045,0.0256999720559389,0.999669701169503,-0.0334328531747832,3.83679116880259,-12.2685294780252,0.301865790195748
1.78502509332154,1.46442440545276,0.0255562448143233,0.99967338583709,-0.0336516469664088,3.78481939728211,-12.1644389851864,0.297576133433353
1.78719922680735,1.4602756615714,0.0254838591567214,0.999675233724673,-0.0333048734240069,3.75853276660327,-12.0906240810263,0.297198702566491
1.78937336029315,1.45612571481212,0.0254114523781045,0.999677076904355,-0.0333145297677361,3.73236473336393,-12.036074790347,0.296726211518314
1.79277774782641,1.44961644577018,0.0252978807243823,0.999679957401795,-0.0333711058362826,3.69162978048151,-11.9654276971889,0.295074814102136
1.79743788709565,1.44067558294895,0.0251418828646492,0.999683892901161,-0.033485585984463,3.6363461685013,-11.8630815059883,0.290405781391627
1.8002174102207,1.43544202174191,0.025050568759354,0.999686185262572,-0.0328627863693682,3.60359240209103,-11.7839517559756,0.292586198107414
1.80299693334576,1.43016222283586,0.0249584476963596,0.999688489424875,-0.0331531239740978,3.57104493647393,-11.7097301057559,0.29197695963625
1.80630441749834,1.42388256105383,0.0248488809144665,0.999691218885761,-0.0331372030678946,3.5325605159714,-11.6355570358353,0.290987231291426
1.81028664112441,1.41633600482007,0.0247172091160968,0.999694483116472,-0.033075051989556,3.4865737787489,-11.5480047181487,0.289987664516516
1.81268530457012,1.41176189189063,0.0246374000968696,0.9996964531879,-0.0332824228088965,3.45906982306269,-11.4663671284528,0.287459154033071
1.81508396801584,1.40722092479883,0.0245581692501482,0.999698402681069,-0.0330412451643296,3.43169313096136,-11.4133110879744,0.286491935259885
1.8191780828304,1.39947047185544,0.0244229389008395,0.999701715540914,-0.0330403343604502,3.38528559634593,-11.3351815270029,0.28428323667766
1.8244378190275,1.38938759090612,0.0242470115448623,0.999705997996983,-0.0334578511274537,3.32629933686233,-11.2146802183969,0.27340179245427
1.82656012116434,1.38554251472198,0.0241799219811603,0.999707622944321,-0.0316209639702804,3.30260554622708,-11.1641929883247,0.280871265280336
1.82868242330119,1.38156795056566,0.0241105729741499,0.999709297881568,-0.0326858413113196,3.27906465665792,-11.0921480784943,0.281052100702285
1.83219680339567,1.37497309965068,0.0239955044129008,0.999712066431115,-0.0327516828146228,3.24032145995559,-11.0241907991472,0.280126645375839
1.83681392110803,1.36642786035916,0.0238464045287236,0.999715634063533,-0.032302091975856,3.18982080213446,-10.937702039957,0.284395330617015
1.84060491556693,1.35943034425779,0.0237243093852796,0.999718538961938,-0.0322157409497976,3.14872228309617,-10.8410918253224,0.288361755496266
1.84287271772717,1.35499416506915,0.0236469051735792,0.999720372842182,-0.0341413966383983,3.12438580700332,-10.7313047493724,0.276658532271228
1.84514051988742,1.35074228221434,0.0235727165042608,0.999722124911022,-0.032723028722029,3.10010306499246,-10.7076104064883,0.274723037614855
1.84835573628194,1.34474174711046,0.0234680163823395,0.999724588177703,-0.032572953603555,3.06586967878027,-10.6473039483425,0.273064800885664
1.85258744813597,1.3368236832051,0.0233298579340396,0.999727821823909,-0.0326573004728966,3.02118319022958,-10.5599081629562,0.268964081316683
1.85677181733778,1.32900979550284,0.0231935167688548,0.999730994207888,-0.032592264498676,2.9773940718719,-10.4649270286085,0.264618381972029
1.85874571011374,1.32543477894673,0.0231311376988631,0.999732439440052,-0.0316105365384867,2.95683636432785,-10.4148045904244,0.268509972701183
1.8607196028897,1.32179410489643,0.0230676129043056,0.999733907214763,-0.0321910845125852,2.93639041931451,-10.3581842247826,0.268501188836181
1.86415339443514,1.31545475146102,0.0229569996146363,0.99973645335593,-0.0322216967545009,2.90103465788352,-10.2964204329419,0.267607697942089
1.8687517328278,1.30707460677664,0.0228107767996965,0.999739800378976,-0.0318073843302842,2.85406503828675,-10.2144765317364,0.271259639114012
1.87260483239115,1.30010077031441,0.022689091893829,0.999742569419265,-0.031589219473903,2.81505493111003,-10.1243444492676,0.276231130446442
1.87489434267819,1.29569140862831,0.0226121537586946,0.999744312563164,-0.03361324898578,2.79212617740171,-10.0146978321636,0.264247942334214
1.87718385296523,1.29147212235266,0.0225385320887896,0.999745975021296,-0.0321642746098218,2.76924607485402,-9.99344823965894,0.262295485845592
1.88038548847385,1.28560093567615,0.0224360864624629,0.999748279330477,-0.0320059976310577,2.73743462380927,-9.9360001971215,0.260670505597422
1.88458356588703,1.27788638667607,0.0223014758718875,0.999751291158924,-0.0320728436153049,2.69606991754241,-9.85324999892626,0.256770715313956
1.88878750475021,1.27018342836414,0.0221670671229699,0.999754280378517,-0.0319800047199938,2.65502585759621,-9.76323901988187,0.252828797319701
1.8907997806036,1.26659866308817,0.0221045164963307,0.999755665325515,-0.0310921372293178,2.63547926068093,-9.71367662259579,0.256372644278368
1.89281205645699,1.26295290079302,0.0220409014429804,0.999757069824255,-0.0316211893554658,2.61604215951449,-9.6592627366154,0.256234061426904
1.89622130613147,1.25677551327649,0.0219331117554493,0.999759440369894,-0.0316244809354448,2.5833112208119,-9.60062824014651,0.255359746392644
1.90079621820286,1.24858565202272,0.0217902058733131,0.999762565276375,-0.031244325995668,2.53974644511224,-9.52253836136577,0.258436602588661
1.90474782698478,1.24156233173057,0.021667654751155,0.999765228810037,-0.0310202933247847,2.50245921982656,-9.43596072978381,0.263029433268523
1.90691749077689,1.23747129397886,0.0215962693805422,0.999766773377093,-0.0329092824659817,2.48221112274329,-9.33236622045714,0.252209239405557
1.90908715456901,1.23354867470198,0.0215278226756057,0.999768249571293,-0.031554484124486,2.46200283548121,-9.31401783794356,0.250297877164987
1.91237509411682,1.22763666237239,0.021424662393571,0.999770465577635,-0.0313825966290391,2.43155674618786,-9.25992976774045,0.248630871586343
1.9167423155589,1.21975107900366,0.0212870643885524,0.99977340477216,-0.0315141778474654,2.39147939996299,-9.17685232049727,0.243589656168965
1.92076658418758,1.21248282774784,0.0211602380470573,0.999776097096641,-0.0315224769966958,2.35490259846301,-9.0890556458604,0.237567751731033
1.92292483528124,1.20877095749488,0.0210954681507823,0.999777465851026,-0.0300170621997983,2.33535853660119,-9.05550884197829,0.244185025035559
1.9250830863749,1.20494382750398,0.0210286869489233,0.999778872713964,-0.0309491418488771,2.3159518602409,-8.99185290225382,0.244172293092429
1.92847438269562,1.19892726780027,0.0209237012770094,0.999781075398445,-0.0309641996869901,2.28565284395649,-8.93434646193877,0.243337603812701
1.93297714504077,1.19102755011182,0.0207858551793935,0.999783950773596,-0.0306203332693813,2.24575660342775,-8.86039223714968,0.245839949606462
1.93700249878049,1.18399983544587,0.0206632247634294,0.999786492778521,-0.0304710511777038,2.21042815598497,-8.77648269620816,0.249039088914346
1.93903984734217,1.18026537963219,0.0205980600859563,0.999787837453875,-0.0319918500668977,2.19273582746585,-8.68399686334407,0.240369289928103
1.94107719590384,1.17665970351271,0.0205351424767493,0.999789131729016,-0.0308886369418175,2.17508155245551,-8.66531890637352,0.238520771214622
1.94442587759764,1.17076881178978,0.0204323485924657,0.999791237774665,-0.0307032635063133,2.14623303183955,-8.61488885890445,0.236842984811409
1.94891828749444,1.16281379244746,0.0202935361012067,0.999794064991641,-0.0309057460857079,2.10790274339617,-8.53223310515772,0.230607148103743
1.95279040835462,1.1559413020709,0.0201736130720328,0.999796491960049,-0.0309772316551411,2.07519302225597,-8.44749487976122,0.223079670842348
1.9551445757037,1.15202630792331,0.0201052973925299,0.999797868079722,-0.0290249281125741,2.05535769276595,-8.42562424367483,0.232385081187176
1.95749874305277,1.14794825406753,0.0200341362616406,0.999799296551188,-0.0302338178655953,2.03568965942648,-8.35456041271351,0.232457580085892
1.96068810556762,1.14241914919468,0.0199376544518881,0.99980122521177,-0.0302571702870903,2.00921909735125,-8.29964043031587,0.231670300583485
1.96483942611762,1.13526933296344,0.0198128912675048,0.999803705404027,-0.0300597924551439,1.975045753887,-8.23192115681598,0.232117951904293
1.96917060548118,1.12780428528414,0.0196826270140417,0.999806278332871,-0.0300817975626485,1.93975071259256,-8.14906018240304,0.231245671367283
1.97118726775927,1.12428827333392,0.0196212728798702,0.999807484294138,-0.0304294803039196,1.92345480945547,-8.08063071052799,0.227871362277176
1.97320393003736,1.12081658036916,0.0195606920360372,0.999808671360211,-0.0300459196920527,1.90722141278191,-8.04963570248445,0.226788905763486
1.976467622244,1.11521245692377,0.0194629002507475,0.999810579816912,-0.0299692494320263,1.88110999637842,-8.00057565182019,0.225249995431848
1.98089124590289,1.10758972307211,0.0193298834759801,0.999813160347875,-0.0300752988892628,1.84605241930132,-7.92508128638772,0.220495495440858
1.98505695637769,1.10040380471511,0.0192044888222168,0.99981557679858,-0.0301072136116688,1.81338079373348,-7.84298999306147,0.21407864614965
1.98704498045604,1.09715337210275,0.0191477685026105,0.999816664674764,-0.0285362495442763,1.79784045955093,-7.81697483031915,0.220516312207918
1.9890330045344,1.09379935988579,0.0190892406456837,0.999817783844422,-0.0294455972517767,1.78241119649853,-7.76110471719924,0.220921757220256
1.99241860380115,1.08807450731135,0.0189893412305334,0.999819686203283,-0.0295125083457061,1.75631001833159,-7.70947064623184,0.220193114004276
1.99696064287073,1.0805054985116,0.0188572607607496,0.9998221860494,-0.0290847618534915,1.72158883455199,-7.64440447290207,0.223861641492228
2,1.07534307822772,0.0187671754742581,0.999823881053418,-0.0296448319474546,1.69860269522751,-7.56282935727652,0.220302054035219
2.00311022403956,1.07006333864666,0.0186750427845278,0.999825606181896,-0.0296277175422554,1.67525553757056,-7.50658388590236,0.216068374368825
2.00638516914407,1.06452666717589,0.0185784264029419,0.999827406141875,-0.0295067989485736,1.65085531651511,-7.45057406363447,0.21202168249479
2.00927120218228,1.05973046327543,0.0184947312360416,0.999828957830541,-0.0290050559199192,1.62948524775158,-7.4046514646968,0.212215954884945
2.0122942404318,1.05471932475615,0.0184072852584776,0.99983057157171,-0.0289314455246691,1.60725818451443,-7.35255772588466,0.212466109595654
2.01527585383871,1.049782176438,0.0183211302959964,0.9998321540062,-0.0289002905645504,1.58549543110236,-7.29898563025745,0.212344235237321
2.01825746724563,1.04484346042407,0.0182349478405738,0.999833729515689,-0.0289094672917977,1.56389298708906,-7.24521963953705,0.211471222060762
2.02211806812106,1.0384786178691,0.0181238787398991,0.999835749020519,-0.0287746551741049,1.53614758850822,-7.18680834308436,0.210946955152457
2.02569325489197,1.03256116551935,0.0180206165802713,0.999837615504671,-0.02888772907569,1.51069796213213,-7.11840471753291,0.208228672352367
2.02851527704038,1.02790843738747,0.0179394242823442,0.999839075579875,-0.0287756157928208,1.49076282709293,-7.06413131818403,0.2063004183584
2.03133729918879,1.02329417179514,0.017858903057016,0.999840517073398,-0.0285377374493893,1.47095414056361,-7.01932355154805,0.20584649260908
2.03492817024075,1.01742782109864,0.0177565321578557,0.999842340354582,-0.0285131750065477,1.44594845975169,-6.96368108185763,0.204659633064009
2.03805211604555,1.01235950358245,0.0176680872066923,0.999843907164742,-0.0283163773385485,1.42436448089364,-6.90920400246279,0.204726137101149
2.04117606185036,1.00729307897754,0.0175796751497057,0.99984546557037,-0.0283058017599879,1.40294894335337,-6.85528459146782,0.204150852335776
2.04474590395757,1.00152053871154,0.0174789407961271,0.999847231645238,-0.0282224901885547,1.3786765563524,-6.79928867215366,0.203489679790942
2.04894719864578,0.994693997283531,0.0173598132495847,0.999849307087793,-0.0283592638186171,1.35040220907249,-6.72991289073337,0.199801732295642
2.05117768077636,0.991110816243861,0.0172972843329203,0.999850390785895,-0.0280380219055917,1.33549891948623,-6.68164491520561,0.199258366797332
2.05340816290694,0.987537040511793,0.0172349194778085,0.999851467744381,-0.0279644263440919,1.32067668976247,-6.64530305826485,0.198954368469941
2.05687469215879,0.98197881998503,0.0171379245571221,0.999853134986271,-0.0279845464140171,1.29780878188158,-6.59677337748878,0.19752449228213
2.06163135137441,0.974337559484752,0.0170045788370504,0.999855411696398,-0.028037567689236,1.266763833031,-6.52662876261328,0.193184188057867
2.0641575148917,0.970379406328057,0.0169355059802118,0.999856584034527,-0.0273469252522959,1.25039456167542,-6.47989381665403,0.19560027778252
2.066683678409,0.966373913459511,0.0168656069262355,0.999857765536184,-0.0276739958607924,1.23414812778449,-6.43126772266035,0.194941266259858
2.07028519376703,0.960684434252684,0.0167663208222668,0.999859435363834,-0.0275717677175786,1.21116073751769,-6.38269949773977,0.194238351909775
2.07486081297825,0.953526139151262,0.016641402434948,0.999861522274459,-0.0273046799967186,1.1822385003789,-6.3209449483628,0.195692980279313
2.07730854770741,0.949615353871728,0.016573155768716,0.999862655822221,-0.0278854071289962,1.16693592386679,-6.25172994843435,0.191309717810955
2.07975628243656,0.94577631318301,0.0165061610340228,0.999863764043842,-0.0273738405301603,1.15170521885117,-6.22236749520905,0.190341114251762
2.08336441111265,0.940129607793327,0.0164076207796256,0.999865385929702,-0.0273143254544301,1.12942649735856,-6.174591732349,0.188722032104823
2.08800334762383,0.932843922010975,0.0162804785595675,0.99986746422607,-0.0274112837848694,1.10109978380534,-6.10629472616897,0.183650857620514
2.09058220364472,0.9289205781952,0.016212012329602,0.99986857669207,-0.026552574753395,1.08545619157755,-6.066097564597,0.18697871284518
2.09316105966561,0.924936305197824,0.0161424827473616,0.999869701636544,-0.0269649338850654,1.06994001797335,-6.01668859311589,0.186476180780502
2.09657963079898,0.91967021687385,0.0160505840751527,0.999871181078266,-0.0268856713429141,1.04952824420651,-5.97084950714967,0.185792661411375
2.10087684318216,0.913099019942248,0.0159359097217056,0.999873015328117,-0.0266891677735965,1.02411387425897,-5.91415263695725,0.186237719585019
2.10351905708733,0.909002769538008,0.0158644257030224,0.999874152079707,-0.0270580123737659,1.00865069351238,-5.85235764460667,0.182701462317824
2.10616127099249,0.904964866628797,0.0157939598321369,0.999875267637329,-0.0266725947145268,0.993275386542359,-5.81910001304651,0.181746856715204
2.10970174599635,0.899565504487628,0.0156997348696355,0.999876751567424,-0.0266169502025672,0.972838450214386,-5.7723713077325,0.180198952197882
2.11417039350299,0.892759727017188,0.0155809661739865,0.999878609378701,-0.026581471203675,0.947315934796793,-5.71146311711677,0.177190405058927
2.11636082648921,0.889488809645689,0.0155238848009159,0.999879497239886,-0.026062553866016,0.934893793715766,-5.671089304789,0.178738933087198
2.11855125947544,0.886187812809325,0.0154662784543485,0.999880389962106,-0.0263022259776153,0.922555403316835,-5.63285454361556,0.178215272125528
2.12248356798912,0.880284330738264,0.0153632554970055,0.999881978225697,-0.026202216615006,0.900579695482288,-5.58850043380304,0.17747225056687
2.12651511374714,0.874279919762987,0.0152584710399707,0.999883582754274,-0.0259941837328526,0.878274183898027,-5.5327442432884,0.177993568094187
2.13054665950516,0.868265787074262,0.015153516758936,0.999885178872973,-0.0260362707929447,0.856215354097159,-5.47155635204287,0.176787474316495
2.13276754362386,0.864923009563542,0.0150951809584039,0.999886061264899,-0.0262699315252002,0.844177525554511,-5.4202866512856,0.17374035639136
2.13498842774257,0.861629909007883,0.0150377120348869,0.999886927215651,-0.0258795345563144,0.832195051802137,-5.39536198736061,0.173065191501596
2.13849837281352,0.85643359358115,0.0149470294148875,0.999888286915929,-0.025838812669506,0.813402939170099,-5.35396202850612,0.171642292271494
2.14321337431167,0.849419992337397,0.0148246325439293,0.999890109096963,-0.0259619077901953,0.788454889454346,-5.29120716622662,0.166298554664171
2.14613913760775,0.845206916822933,0.0147511085450571,0.999891196479243,-0.0251326002554314,0.773087323549734,-5.25249801484969,0.16954822870761
2.14906490090384,0.840956034860464,0.0146769246905066,0.999892288139892,-0.0253581301187166,0.757857048004206,-5.20557338520919,0.170089352367442
2.15207091799482,0.836573622133157,0.0146004453549902,0.999893407816771,-0.0254448091802804,0.742342641954182,-5.16111704638801,0.169098232987613
2.15550176895797,0.831586439222109,0.0145134118156714,0.999894674892045,-0.0253706042996141,0.724788504902581,-5.11655482565556,0.16783244693965
2.15866274115378,0.826985407624331,0.0144331170765306,0.999895837140777,-0.0254045734651288,0.708765722795334,-5.06894117212353,0.165452597008756
2.16182371334958,0.822412459645701,0.0143533123454457,0.999896985906405,-0.0252495098993484,0.692874392228445,-5.02735537755904,0.163733205878509
2.16518368817617,0.81758134675339,0.0142690021540431,0.999898192606391,-0.0250950768556389,0.676126234910789,-4.98460797536292,0.162583162855947
2.16906809390416,0.812052893774136,0.0141725222041046,0.999899564763569,-0.0248402751376793,0.656940675300251,-4.93912349894093,0.163069075222843
2.17153253159558,0.808548160875122,0.0141113591926735,0.999900429813757,-0.0248207242990191,0.644876363241494,-4.89536095831303,0.163010845425612
2.173996969287,0.80503232253249,0.0140500023210185,0.999901293845937,-0.0248993737031803,0.632900055064008,-4.8596514406506,0.161784812551386
2.17760790150785,0.799916994600988,0.0139607317628361,0.99990254423551,-0.0247247273732992,0.615490376443054,-4.82138061756864,0.160995452344895
2.18268818887613,0.792749993950727,0.0138356560856244,0.999904282729442,-0.0246221817333897,0.591287777226293,-4.76402169055966,0.159819651644926
2.18478673528863,0.789786562760102,0.0137839393863621,0.999904996994711,-0.0246464081634846,0.581393682903298,-4.71473695507577,0.158312954387
2.18688528170114,0.786844801318616,0.0137326008230337,0.999905703391392,-0.0244661841435172,0.571551417093167,-4.69003961573911,0.157737486503742
2.19036928657739,0.781967780382945,0.0136474887269053,0.999906868689004,-0.0244316744779738,0.555339715945417,-4.65317980990052,0.15637913116846
2.19506459374351,0.775355965225385,0.0135321014394208,0.999908436923418,-0.0245772938702002,0.533762376774709,-4.59551173273238,0.150807231080392
2.19838832177314,0.770816843742038,0.0134528860358724,0.999909505834056,-0.0238354685841534,0.518614929835996,-4.55736654855553,0.15328734409669
2.20093775731646,0.76733196613448,0.0133920689268347,0.999910322223878,-0.023857276345056,0.507096177961337,-4.51815771724033,0.154519825197061
2.20348719285978,0.763814870166318,0.0133306895017506,0.999911142410868,-0.0240778414319567,0.495674251277285,-4.48017864737889,0.153424982318821
2.20693884952088,0.75908285407853,0.0132481075340736,0.999912239972472,-0.0239274264789868,0.480334964630191,-4.44403605374669,0.152652251584474
2.21168029220978,0.752612393914238,0.0131351865266617,0.999913729716174,-0.0238178211561164,0.459505405758174,-4.39308460288073,0.151673466285402
2.21394317436931,0.749514356904639,0.0130811202260363,0.99991443848643,-0.023894724671534,0.449670161338058,-4.34633521621372,0.149845906698666
2.21620605652884,0.746448089137471,0.0130276083179947,0.999915137109901,-0.0236496929632083,0.439889312631064,-4.32229697237825,0.149381806168855
2.21986331171145,0.741496891415556,0.0129412009006972,0.999916259153359,-0.0236282944038289,0.424218176821754,-4.28494459009047,0.147992518146534
2.22478295463764,0.734798158071369,0.0128242956505041,0.999917765339264,-0.0237649265044743,0.403419047722691,-4.2277720987297,0.142207207237703
2.22726606999626,0.731559344971573,0.0127677723261536,0.999918488672865,-0.0227649320648545,0.392986184909623,-4.20152159941075,0.14625486382847
2.22974918535488,0.728249498162743,0.0127100092890552,0.999919224569601,-0.0232642129775376,0.38265579498739,-4.16025372577823,0.145936454906732
2.2332294412719,0.723626085424774,0.0126293219908804,0.99992024693275,-0.0231861612709807,0.368300784745564,-4.12469961523321,0.145431140465155
2.23764485232694,0.717827148222983,0.0125281194509324,0.999921520031959,-0.0229221121263591,0.350280561641054,-4.08121075928612,0.146965660425872
2.24043817948065,0.714078609368185,0.0124627002135121,0.999922337535965,-0.0234216550926475,0.339032658803124,-4.0267044348831,0.142750096416816
2.24323150663436,0.710396596645029,0.0123984419335449,0.999923136364801,-0.0230059859025087,0.327856464799267,-4.00103295777795,0.141448434232252
2.24648503026964,0.706130246548492,0.0123239857664233,0.99992405680373,-0.0228865269088273,0.314950669425013,-3.9667132687487,0.140319605714239
2.25040449639575,0.701011373089763,0.0122346513063663,0.999925153852733,-0.0227942257881996,0.299565736442211,-3.92526239232192,0.138865496131552
2.25279671558341,0.697928148521781,0.0121808428960405,0.999925810781151,-0.0224947699472129,0.290251725356219,-3.89346057169239,0.139614861420942
2.25518893477107,0.694828724027857,0.0121267517291865,0.99992646824279,-0.0226129623134116,0.28101184039573,-3.86247422818133,0.138987664930334
2.25937589548274,0.689436849151567,0.012032652625959,0.999927605014875,-0.0224759619034464,0.264991749573145,-3.82618608718171,0.138488950179521
2.26474080512644,0.682742192203774,0.0119158171969622,0.999929004130057,-0.0217792682059051,0.24469058176574,-3.78406518574966,0.147420908579883
2.26680552003447,0.679931057801268,0.0118667571149094,0.999929587558832,-0.0237628695608639,0.237050816401458,-3.70015508416289,0.137358123569014
2.26887023494249,0.677277065962992,0.0118204394678636,0.999930136164916,-0.0224345238748921,0.229404773894296,-3.70319528252397,0.135527271590894
2.27235062470838,0.672849197136305,0.0117431639419099,0.999931046673036,-0.0222046653019982,0.216611673559345,-3.67576656509232,0.134149823172607
2.27695296153505,0.666915163586843,0.0116396025971395,0.999932257531169,-0.0225034427645382,0.199936641227223,-3.62316643917057,0.126562959392645
2.27983424843568,0.663365730616356,0.0115776574795285,0.999932976677581,-0.0215005634809537,0.18956160286361,-3.60083487741037,0.129729859710705
2.28271553533631,0.659804437909011,0.0115155053397541,0.999933694370167,-0.0215724034135042,0.179285053636347,-3.56665253467696,0.131630977508092
2.28622565607672,0.655470316566115,0.0114398656349339,0.9999345625961,-0.0215504517390615,0.166890736183014,-3.53102311001504,0.133241245172559
2.28946742841717,0.651456912680191,0.0113698230786052,0.999935361472511,-0.0216076592262792,0.155570540821888,-3.49197728040988,0.133297360651435
2.29249360160053,0.647668866243383,0.0113037134447676,0.999936110990276,-0.0218473558963026,0.145123751421804,-3.4521452564324,0.130315963848432
2.29539506644987,0.644062525435588,0.0112407749227082,0.999936820493744,-0.021693359841839,0.1351937046975,-3.42242530581877,0.128082157109729
2.2982965312992,0.640494424704182,0.0111785037296561,0.999937518575219,-0.0214633328472522,0.125342865335365,-3.39512621164359,0.127201045659853
2.3,0.638416743187435,0.0111422436047647,0.999937923276966,-0.0212873786633342,0.119596298915379,-3.37344995965409,0.127285914335586
2.30485666253339,0.63246459654907,0.0110383654372398,0.999939075388333,-0.0213901121782404,0.10339648493789,-3.33558567558001,0.124672156871805
2.30875200627916,0.62774854006894,0.0109560597014,0.999939980576744,-0.0211305390898227,0.0905672829604236,-3.29347108105649,0.124204501350359
2.311277729898,0.624725554198633,0.0109033017961852,0.99994055723825,-0.0208894814478148,0.0823236874155986,-3.26385495361581,0.125223234637565
2.31380345351684,0.621676653523851,0.0108500915885806,0.999941136023776,-0.0210685583110643,0.0741575214612933,-3.23319855481506,0.124273609423771
2.31736727143495,0.61740559779032,0.0107755519613728,0.999941942054601,-0.0209168893583508,0.0627393622778899,-3.20391205325035,0.123682531656896
2.3222415993615,0.611600280493141,0.0106742358878172,0.999943028721242,-0.0207868453836962,0.047326669268398,-3.1620139723309,0.123263921308873
2.32442371429296,0.608983154303166,0.0106285610100461,0.999943515250164,-0.020932659548165,0.0405140084286173,-3.12204492144642,0.121274098943876
2.32660582922442,0.606399435705109,0.0105834691499194,0.999943993522014,-0.0206654543401632,0.03373910012109,-3.10474403059552,0.120791469420052
2.33020586059106,0.602143852432048,0.0105091993409093,0.999944776839808,-0.0206314701577397,0.0226673604153481,-3.07545645528146,0.11954854900742
2.33503441648615,0.596387796156342,0.0104087427019408,0.999945827570356,-0.0208058343165088,0.00804406648492948,-3.02850256850086,0.113568585372874
2.33790945165164,0.593121593432513,0.0103517397816438,0.999946419306301,-0.0198279284555135,-0.000607069490653642,-3.00905396894856,0.117780570737255
2.34078448681713,0.589803333182615,0.0102938283006197,0.999947017145867,-0.0201439507571761,-0.00915577407995315,-2.97342609645741,0.118550364005202
2.34377008661886,0.58634185887894,0.0102334173592113,0.999947637213645,-0.0202351713505465,-0.0179393726302978,-2.94198791989284,0.117785661385214
2.34721267575718,0.582366426547907,0.010164036584427,0.999948344846028,-0.0201547093129975,-0.0279620625714439,-2.91138138722541,0.116849915823167
2.35049688184525,0.578565314270313,0.0100976980645287,0.999949016947263,-0.0202002927656816,-0.0374104722986501,-2.87692351631225,0.114584992663018
2.35378108793333,0.574782092604489,0.0100316717345571,0.99994968151513,-0.0201052164908632,-0.0467584294558163,-2.84633695525427,0.112377873153788
2.35699894331901,0.571122160739048,0.00996779706692063,0.999950320276779,-0.019851066562778,-0.0558312631672767,-2.81952810925724,0.111864142255056
2.36055117103707,0.567126592860787,0.00989806469223345,0.999951012957809,-0.0196315722125817,-0.0657452310417657,-2.79091563417902,0.112703019958519
2.36323555487538,0.564115057483391,0.00984550604552731,0.999951531830772,-0.0195803622141586,-0.0731586175183481,-2.76167155039275,0.113165749404935
2.36591993871368,0.561086252733413,0.00979264597866253,0.99995205089281,-0.0196926440000251,-0.0804962869331303,-2.73346505446632,0.112085914025408
2.36951826367367,0.557058240849164,0.00972234725575282,0.999952736865017,-0.0195374432468963,-0.0902350732497347,-2.70647771529931,0.111431256379838
2.37319686768945,0.552935405939256,0.00965039358786607,0.999953433867597,-0.0195609648076726,-0.100061760750778,-2.67130886034163,0.109427753190173
2.37687547170523,0.548769584696787,0.00957768965138944,0.999954132878574,-0.0197649152827276,-0.109745086178455,-2.63233699146091,0.104003658802376
2.37988820872712,0.545478611489433,0.00952025395208891,0.999954681355454,-0.0190651615610236,-0.117623848706158,-2.61515109697672,0.105166226248581
2.38278901076455,0.542341938796548,0.00946551115278295,0.999955201045835,-0.018872458493156,-0.125141179875307,-2.59146645381259,0.107370356769764
2.38659988943024,0.538252488779783,0.0093941399588422,0.999955874093669,-0.0187291104361197,-0.134909430940441,-2.56325428387143,0.110882151852541
2.38975733600752,0.534837879914897,0.00933454640456974,0.999956432172633,-0.0188747983224371,-0.142892012529036,-2.52817629474226,0.111606791202242
2.3923837355074,0.53190893093514,0.00928342881625439,0.999956908046248,-0.0194638337853809,-0.1494309456131,-2.4896947643947,0.106800336630594
2.39611137901246,0.527847873975071,0.00921255303223705,0.999957563532887,-0.0190143759638148,-0.158638044780751,-2.46995163436631,0.104208496888528
2.39879673124924,0.524952187723922,0.00916201590601346,0.999958027851438,-0.0188203463571741,-0.165203500727867,-2.44491424893258,0.103170841837325
2.40148208348602,0.522086957853674,0.00911201029844634,0.999958484772403,-0.0186223968600168,-0.171714992214977,-2.42481838989914,0.103229522736066
2.40517916690945,0.518141310707076,0.00904314860199146,0.999959109895681,-0.01862671894111,-0.180574062490536,-2.39623218113415,0.102328534167332
2.40843151423464,0.514708197529954,0.00898323190735853,0.999959649958186,-0.0184233485982273,-0.188280662918913,-2.36955025335122,0.102682403979483
2.41168386155982,0.511286100502639,0.00892350744090306,0.999960184714848,-0.0183642318847266,-0.195897993925222,-2.34210256307014,0.102804883847802
2.4151814788398,0.507615749914926,0.00885945027073465,0.999960754300338,-0.0183152407282619,-0.203989982283763,-2.31357170061676,0.102545336542569
2.41913488669388,0.503431622646457,0.0087864263160067,0.999961398611263,-0.0184718601906595,-0.212995937313918,-2.27802325552019,0.0992730876545438
2.42146640555281,0.501003007388055,0.00874404061181279,0.999961770146129,-0.0181801371071834,-0.218257846448291,-2.25685892019476,0.0986679578586191
2.42379792441173,0.498592344268661,0.00870196820397913,0.999962137157891,-0.0180457509184307,-0.223479523311628,-2.23960309964643,0.0986979253448357
2.42732464251279,0.494940990611622,0.00863824245581027,0.999962689687608,-0.0180700985006302,-0.231288136430672,-2.21413021831869,0.0976932216922721
2.43221734504772,0.489876417275946,0.00854985224025043,0.99996344934536,-0.0180663915873199,-0.241947262081843,-2.17857627253683,0.0946404860618146
2.43438268538302,0.487704026860427,0.00851193825455582,0.99996377279737,-0.0175101182809025,-0.246624964453866,-2.16026196702492,0.0965338745194022
2.43654802571833,0.485499545065484,0.0084734641765014,0.999964099558004,-0.0177687844237317,-0.251252114066937,-2.13691563290524,0.0962628271007211
2.44039940910059,0.481598549033006,0.00840538137632992,0.999964674158002,-0.0176781218892593,-0.259393142563181,-2.1137933278026,0.0959225526054996
2.44443315979988,0.477559738792468,0.00833489330908238,0.999965264173474,-0.0174751842182867,-0.267805263947793,-2.08543413109336,0.0968654768322676
2.44846691049916,0.473517061321894,0.00826433770682742,0.999965849778015,-0.0174919170067203,-0.276083019872602,-2.05212382765123,0.0964659432563648
2.45068071559437,0.471258562784759,0.00822492081093409,0.999966174766754,-0.017805648613676,-0.28055575561785,-2.02038370718586,0.0933672695125187
2.45289452068959,0.469053297453127,0.00818643296583844,0.999966490596208,-0.0173859663618662,-0.285007891466759,-2.01107850846492,0.0928546650867483
2.45643537963826,0.465535173364705,0.0081250321591805,0.999966991381422,-0.0173412298334185,-0.292050345653941,-1.98891124703448,0.0917695752508954
2.46117178829433,0.460786674474767,0.00804215792686822,0.999967661325045,-0.0174978440786634,-0.301299461266749,-1.95276976385021,0.0864823672248192
2.46417260232656,0.457926912070598,0.00799224726119066,0.999968061481823,-0.0166329100175546,-0.307120559640991,-1.93983976071839,0.0902375501748849
2.46717341635879,0.455037641642723,0.00794182157967598,0.999968463237715,-0.0168045341714992,-0.312860582224858,-1.91282182841592,0.0917621324789113
2.47005268995619,0.452231026580657,0.00789283844131626,0.999968851065542,-0.0170128582824954,-0.318289964631047,-1.88567783592673,0.0907351326274524
2.47325325428212,0.449124898834333,0.00783862796223446,0.999969277483898,-0.0169383116976037,-0.324254770329912,-1.86367311868523,0.089567834760802
2.4767564272583,0.445727153094766,0.00777932792008712,0.999969740570739,-0.0169280394386167,-0.330694029337187,-1.8381219114959,0.0875075193710158
2.48025960023448,0.442319816745939,0.00771986046786131,0.999970201433201,-0.016975821181055,-0.337036248217394,-1.81042127332363,0.0839718385834731
2.48335735335189,0.439389180557852,0.00766871273129923,0.999970594990195,-0.0165117259903122,-0.342596343415718,-1.7948800267797,0.0844558704373006
2.48657292765478,0.436382511757664,0.00761623799374939,0.999970996038796,-0.0163194083349373,-0.348304175115716,-1.77505825160396,0.0861157438820137
2.48946582440869,0.433675118721705,0.00756898643316295,0.999971354811914,-0.0163341199644159,-0.353372357383656,-1.75194025195952,0.0868615035838862
2.4923587211626,0.430949830312466,0.00752142253132669,0.999971713701495,-0.0164420855128525,-0.358372057569201,-1.72826775749461,0.0860068529543381
2.4958630200957,0.427670145133446,0.0074641828333776,0.999972142599298,-0.0163345952772761,-0.364353460951906,-1.70687589640542,0.0852835379936061
2.49913019627521,0.424604354513126,0.00741067617281407,0.99997254056232,-0.0163774885593734,-0.369846285137548,-1.68121456690787,0.0833380942295197
2.50239737245472,0.421557180611965,0.0073574944052839,0.999972933271734,-0.0162780378326951,-0.375268150947707,-1.65949600274556,0.0815734002795774
2.50571567882413,0.418498604009615,0.00730411360757296,0.999973324606416,-0.0160871921374079,-0.380708930437877,-1.63962542468261,0.0808993414038868
2.50942433097154,0.415134870156666,0.00724540693018971,0.999973751694721,-0.0158300721019992,-0.386715844404589,-1.61970271892589,0.082071628621184
2.51196625223086,0.412829214657769,0.00720516670072705,0.99997404244951,-0.0158310489456767,-0.390776454233287,-1.59745696834549,0.0823962514730829
2.51450817349019,0.410508780285115,0.0071646685262105,0.999974333433068,-0.0159325233740629,-0.394786153939885,-1.57742876254939,0.081395281956788
2.51811500245503,0.407250086028301,0.00710779503034049,0.999974739305852,-0.0157686834201718,-0.400409860729363,-1.55918310635259,0.080957898407038
2.52222116052226,0.403540906824208,0.00704305926114505,0.999975197350536,-0.0157659273213581,-0.406702005658764,-1.53236792797104,0.0793677268613231
2.52493479730181,0.401101455137509,0.00700048384690712,0.999975496312739,-0.0156898167791317,-0.410800525208099,-1.51034198099929,0.0781966702012409
2.52764843408135,0.398693773927922,0.00695846290598599,0.999975789603921,-0.0154854786618439,-0.414859786588092,-1.49587498613911,0.0782191100956242
2.531369326949,0.395392560009854,0.00690084723721648,0.999976188870219,-0.0154847382691127,-0.420344200902172,-1.47395114806001,0.0773873136855752
2.53469306947013,0.392483509866545,0.00685007593418793,0.999976537954614,-0.0152757028511148,-0.425178136876337,-1.45436535575123,0.0779329724102271
2.53801681199126,0.389590730781949,0.00679958859048356,0.999976882530291,-0.0151902619526302,-0.429943648232046,-1.43377873749725,0.0785675568648438
2.54139225033175,0.386649306621073,0.00674825223203474,0.999977230286677,-0.0152091465245125,-0.434706596451109,-1.41106065008709,0.0782148854261659
2.5450933954376,0.383396069726933,0.00669147381889458,0.999977611838451,-0.0153411156618498,-0.439832546329064,-1.38496322931435,0.0754209019347933
2.54759403267799,0.381224767544662,0.00665357829039246,0.999977864702981,-0.0151546859833256,-0.443254405770874,-1.36839497810246,0.0742755561823587
2.55009466991838,0.379084150718061,0.00661621830110241,0.999978112588167,-0.0149405163788981,-0.446646373773984,-1.35644144953097,0.0743893924296342
2.55368232987659,0.376008467126487,0.0065625386611068,0.999978466311311,-0.014962623561858,-0.451440402648336,-1.33625508833173,0.0735414281857966
2.55878752521382,0.371684043098924,0.00648706483021782,0.999978958773578,-0.0147840449870522,-0.458138177960668,-1.3119527990408,0.0733571125122832
2.56086123080472,0.369927790344668,0.00645641307908005,0.999979157147864,-0.0147814584642191,-0.460811427748794,-1.28911731725571,0.0730277599602664
2.56293493639563,0.368177276476816,0.00642586148227126,0.999979353938975,-0.0147331572667917,-0.463459491747394,-1.27697201098055,0.0725489519231139
2.56635175445242,0.3653164389523,0.0063759314709936,0.999979673542356,-0.0146133137139705,-0.467771966957079,-1.26213194206153,0.0723100954628906
2.57097509584844,0.361528623107327,0.00630982294293393,0.999980092869068,-0.0142991512612371,-0.473520724551258,-1.24342052679256,0.0751671352494716
2.57432396852244,0.358696212173344,0.00626038902278354,0.999980403572632,-0.0147616530635061,-0.477570553831626,-1.20931121442969,0.071571185804659
2.57690753957523,0.356533495115543,0.00622264322458212,0.999980639168229,-0.0146102168960532,-0.480655793447994,-1.19417641447531,0.0693432649304577
2.57949111062802,0.354419595635748,0.00618574942868506,0.999980868068987,-0.0142804301583735,-0.483717659963316,-1.1851295949503,0.069315177065951
2.58295435278528,0.351585950752313,0.00613629393428907,0.999981172771144,-0.0142803854892349,-0.487758576931439,-1.16680173797622,0.0685630911566433
2.58774454027336,0.347704127203194,0.00606854459390018,0.999981586213722,-0.0141436221614036,-0.493242286587947,-1.14477975448009,0.0680286298225701
2.58996366695702,0.345922749700183,0.00603745426082487,0.999981774406938,-0.0140104226033692,-0.495742342098781,-1.12659431714396,0.0683364066108362
2.59218279364068,0.344133109980676,0.00600621972163322,0.999981962499652,-0.0140754044191653,-0.498210303117084,-1.11213164911887,0.0677552885526546
2.59577289057057,0.341265091757982,0.00595616425602785,0.999982261896357,-0.0139428995848077,-0.502151300997439,-1.09774135833013,0.0675262918466781
2.60062939054102,0.337477441357994,0.0058900584452794,0.999982653455304,-0.0136120602895972,-0.507395538843654,-1.0798389535915,0.0708110418733746
2.60322039015271,0.335347899656402,0.00585289157169627,0.999982871683435,-0.0143448551993812,-0.510098896468874,-1.04336473576673,0.0659806689039629
2.6058113897644,0.333301397755793,0.00581717398344896,0.999983080100282,-0.0137854888718793,-0.512793253797586,-1.03989105847775,0.0651668108507127
2.60920323448278,0.330637092993785,0.00577067387359318,0.999983349522903,-0.0137096165168112,-0.516267798705566,-1.0243820683029,0.0642213188078518
2.61343350617404,0.327313306997837,0.00571266382056577,0.999983682602908,-0.0137133057861947,-0.52050971544564,-1.00275278981152,0.0618504122301607
2.61615530630071,0.325255745824036,0.00567675318582349,0.999983887106821,-0.0131939214390581,-0.523214739669487,-0.993836467765415,0.0640891828910201
2.61887710642737,0.323161760594585,0.00564020683417529,0.999984093906932,-0.0134274873397333,-0.525865568591192,-0.973924902029609,0.063862154337242
2.62233757960807,0.320515993166593,0.00559403020981905,0.999984353290596,-0.0133442308173622,-0.529182550050035,-0.958534074862305,0.0637221899361012
2.62664284404803,0.31725202322846,0.00553706407001279,0.999984670343243,-0.0132319449597002,-0.533227501335375,-0.939536082335607,0.0639793623998554
2.62899674821077,0.315434579936192,0.00550534418407648,0.999984845477878,-0.0134756418381295,-0.535384770341929,-0.91646424722884,0.0617162353312194
2.63135065237351,0.313659332868509,0.00547436074461772,0.999985015574952,-0.0131627730890196,-0.537527130610814,-0.910130625875167,0.0614016076469343
2.63515576772021,0.3107940987242,0.00542435371747239,0.999985288085154,-0.0131422480272755,-0.540929038016157,-0.894035290754247,0.0603715824570575
2.64017018330923,0.306958382938183,0.00535740882063231,0.999985648982388,-0.0133506823374063,-0.54527328752949,-0.866352107481292,0.0542142905485917
2.64248620598323,0.305344353583775,0.00532923909632206,0.9999857995045,-0.0121631479581365,-0.547291109631715,-0.871244536971834,0.059410016955885
2.64480222865723,0.303643700534316,0.00529955752033074,0.999985957246445,-0.01281593461081,-0.549250090826609,-0.845838521741066,0.0595320660076119
2.64836510774503,0.301036125545709,0.0052540473849108,0.999986197397783,-0.0127735934681596,-0.552212410990053,-0.831439992892389,0.0594614897028283
2.65296708287759,0.297764781658436,0.00519695244264957,0.999986495751472,-0.0124067862501115,-0.555976356378015,-0.817897811167768,0.0633664503787986
2.65625015147573,0.295313253059861,0.00515416576996313,0.999986717199391,-0.0130326992789936,-0.55855368063481,-0.785035152250807,0.0590246462869908
2.65879655451572,0.293442331576064,0.00512151246101563,0.999986884969054,-0.012823476655424,-0.560526017894038,-0.774558162339604,0.0566835316352948
2.6613429575557,0.291622082451181,0.00508974353465657,0.999987047171488,-0.0124761634104549,-0.562483807464048,-0.768845127525944,0.0566960411034031
2.66478790136824,0.289158458763207,0.00504674574202962,0.999987265097619,-0.0124815808979995,-0.565080581127243,-0.753792748010031,0.0560071594738519
2.66952230676868,0.285796237279416,0.00498806464560792,0.999987559528163,-0.0123947634623788,-0.568561987472455,-0.735341832976591,0.0549654674934849
2.67179146466281,0.284217253961257,0.00496050652882155,0.999987696611802,-0.0121447951274039,-0.570203200558407,-0.723269672065287,0.0558580876661807
2.67406062255694,0.28262031699052,0.00493263506172989,0.999987834481674,-0.0122828861571507,-0.57181298108142,-0.709417589308208,0.0553714204531673
2.67772471416686,0.280067224886168,0.00488807573561379,0.999988053286439,-0.0121612306872784,-0.574368914796725,-0.697562721516831,0.0552347220521042
2.68265250808159,0.276730315497852,0.00482983636746722,0.99998833627231,-0.0118186873628786,-0.577739385981334,-0.683971619539185,0.0589776198488895
2.68511346321805,0.274947412533649,0.00479871920111132,0.999988486080729,-0.0126444917698442,-0.57933806158162,-0.64961590587386,0.0539144213435914
2.68757441835451,0.273252360561558,0.00476913530174076,0.999988627609571,-0.0120214454408915,-0.580939479983319,-0.650730433063965,0.0532240844813071
2.69107790308908,0.270852030202766,0.00472724210610256,0.999988826528612,-0.0119577138393223,-0.583175029996028,-0.638093264870283,0.0522947039480489
2.69553701861841,0.267773395419972,0.00467351038625456,0.999989079090702,-0.0120499935632536,-0.585929738020947,-0.617770050316846,0.0486795292416917
2.6983422379753,0.265951278001022,0.00464170878288417,0.999989227211761,-0.0113367064292092,-0.587656715812015,-0.615630213310907,0.0519712313480039
2.70114745733219,0.264081957814067,0.00460908333985393,0.999989378118971,-0.0116303888878421,-0.589331085612613,-0.596876603066218,0.052245113639909
2.70435832009534,0.261944031229219,0.00457176987492577,0.999989549405498,-0.0116211313980131,-0.591204541303931,-0.583474234034966,0.0520341058184557
2.70820138759071,0.259401514015624,0.00452739503752142,0.999989751294569,-0.0115468429111018,-0.593391956071599,-0.569184582446299,0.0518439247070407
2.71078673683974,0.257670387059164,0.00449718147995228,0.999989887628238,-0.0116865700723625,-0.594819205195228,-0.552052734912956,0.0500356875138687
2.71337208608876,0.255974542291419,0.0044675837024936,0.999990020298133,-0.0114483854786824,-0.596229523201977,-0.545503864625122,0.0497279634808818
2.71730921270645,0.253394568900207,0.00442255511706536,0.999990220455299,-0.0114370287428014,-0.598321961299753,-0.531463247429573,0.0486188948641699
2.72235781447742,0.250066188875909,0.00436446448755966,0.999990475679512,-0.0115063918322141,-0.600899683881026,-0.510581483390967,0.0445210175764543
2.72433791597866,0.248854606839343,0.00434331859229153,0.999990567747319,-0.0106792988555578,-0.601914185278916,-0.512348178744357,0.047801642752346
2.7263180174799,0.247595245056085,0.00432133878897349,0.999990662971945,-0.0111004459003037,-0.602894994139937,-0.495332618254989,0.0481190827969107
2.72976732299369,0.245402319925539,0.00428306537940317,0.999990827633412,-0.0110960782177001,-0.604564222569275,-0.483931742974346,0.0480996388264697
2.73438485655566,0.242575886228706,0.0042337352525908,0.999991037702744,-0.0106833168480649,-0.606759483040602,-0.475418411553893,0.0528146567808212
2.73829619465871,0.240228586896002,0.00419276751433211,0.999991210311656,-0.0104741908794728,-0.608566406012439,-0.46197053904035,0.0585698387970444
2.74048042987731,0.238668572362198,0.00416554036210778,0.99999132409911,-0.0124654111251499,-0.609459447120454,-0.408857571937004,0.0476758296406994
2.74266466509591,0.23728734070225,0.00414143352985112,0.999991424227387,-0.0110368333930439,-0.6103965825747,-0.429045116691946,0.0462544980096317
2.74592848550005,0.235256185496897,0.0041059834853179,0.99999157041428,-0.0108616104940834,-0.611772487413721,-0.421562668483569,0.0454133357430697
2.75025853451704,0.232531341208374,0.0040584263771437,0.999991764553759,-0.0109831330435813,-0.613521010683758,-0.403811426423569,0.0416982803737511
2.75430146700047,0.229985067384483,0.00401398587725675,0.999991943926238,-0.0109922344897885,-0.615085443981637,-0.386955088735866,0.0369237343535874
2.75645014961172,0.228806523713078,0.00399341657467363,0.99999202628024,-0.00957305994699511,-0.615952777525394,-0.403658287741577,0.0436500282529289
2.75859883222297,0.22751944979286,0.00397095307516265,0.999992115734757,-0.0104546281087551,-0.616763432304053,-0.37727990835646,0.044139623941668
2.76201376319896,0.22547074898869,0.00393519678012508,0.999992257083175,-0.0104706580227829,-0.61801374957016,-0.366132514799593,0.0441487366443936
2.76654878222609,0.22284126032591,0.00388930389653517,0.999992436628998,-0.0101197447099708,-0.619637098884229,-0.357958655599771,0.0480184310764302
2.7705603534413,0.220546445380618,0.00384925211983572,0.999992591601617,-0.00998413698041835,-0.621018770120084,-0.34442146523979,0.0523765048745448
2.77259751952008,0.219194672593238,0.00382565940767347,0.999992682138273,-0.0115812285136698,-0.621630839230094,-0.30045125745302,0.0438686709653218
2.77463468559886,0.217976356507072,0.00380439593538089,0.999992763259598,-0.0104378466022456,-0.622274801902461,-0.316107105392577,0.0424773431256993
2.77796714106183,0.216018466336582,0.00377022455059006,0.999992892678162,-0.0102541895149704,-0.623307344819157,-0.309844475993448,0.0416294730282079
2.7824412285884,0.213336565169303,0.00372341687357436,0.999993068059367,-0.0104620227709165,-0.624610164132168,-0.291192182824485,0.0366386266981492
2.78631546810085,0.210993680791768,0.00368252610754562,0.999993219477746,-0.0105545994898151,-0.625671898114563,-0.274049649998097,0.0301022570402047
2.7886849654868,0.209820371032806,0.00366204812718758,0.999993294679276,-0.00864238912482921,-0.626386807420175,-0.301713481453911,0.0398631458142067
2.79105446287275,0.208484691469013,0.00363873627636931,0.999993379777242,-0.00983837596867925,-0.62702380739227,-0.268833371951342,0.0404991999300884
2.79423664118757,0.206684926819079,0.00360732466363019,0.999993493583219,-0.00987116867589666,-0.627845660201567,-0.258267365304509,0.0404929478146236
2.79837096776053,0.204388010537012,0.00356723616981163,0.999993637392813,-0.00969656147315224,-0.628874675905735,-0.248895602708114,0.0418729779902189
2.80273332760741,0.201947387303928,0.00352463952639757,0.999993788438813,-0.00976464865648962,-0.629889588240712,-0.23265213567887,0.041633522982597
2.80474335188032,0.200793345134194,0.00350449781522751,0.999993859228677,-0.0100206927051129,-0.630324559844556,-0.216401169729638,0.0392139541340512
2.80675337615324,0.199674755290062,0.00348497485868815,0.999993927456679,-0.00971285572146638,-0.630758253841331,-0.215765551997765,0.0386823846539242
2.809992958489,0.197881980688389,0.00345368522745073,0.99999403601139,-0.00965859678882194,-0.631431797791695,-0.207910736803536,0.0379555552516154
2.81438999478514,0.195419869905561,0.00341071354085014,0.999994183499655,-0.00977293267898327,-0.632278939852308,-0.192662057704052,0.0344916428604553
2.81858510379342,0.193058187549855,0.00336949464472216,0.999994323236807,-0.00982552131827238,-0.633022372227849,-0.177214078126087,0.0292819834079251
2.82053810585817,0.192124892938329,0.00335320567288277,0.999994377990054,-0.00834052567390214,-0.633407671612532,-0.197285702681655,0.0357841826971808
2.82249110792293,0.191094764688561,0.00333522664374435,0.99999443811615,-0.00920589383941364,-0.633745989895746,-0.173229864586343,0.0366962078820045
2.82589179235627,0.189283705439651,0.00330361787104658,0.999994543039592,-0.00929487797581625,-0.634299189935075,-0.162673147177236,0.0368006681253284
2.83045310674881,0.186966276739469,0.00326317132807333,0.999994675842269,-0.00886734776812562,-0.635022165921048,-0.15850167819082,0.0419461878939503
2.83337522012936,0.185364691527477,0.00323521854042744,0.999994766666804,-0.00956599952161137,-0.635408703131479,-0.132280017949804,0.0384462788693995
2.83629733350992,0.183784502407644,0.00320763918058798,0.999994855512211,-0.00943820425613745,-0.635775766480389,-0.125615710653839,0.0355830339083273
2.83983690333024,0.181887616270344,0.0031745324405229,0.999994961159197,-0.00935337069527966,-0.63619055920412,-0.11718732636658,0.032438394668895
2.84304056963244,0.180216235687963,0.0031453614919484,0.999995053338308,-0.00910553455472351,-0.636548520314926,-0.111734830360018,0.031407125702177
2.84601268922932,0.178730645211724,0.00311943317400662,0.9999951345565,-0.0087238902411206,-0.63687539772302,-0.109981243163103,0.0334762530468149
2.84896876347698,0.177244290562589,0.00309349151669842,0.999995215143671,-0.00877575470244375,-0.63717057877881,-0.0998557651327619,0.0346325176858965
2.85192483772465,0.175743595532437,0.00306729957162113,0.999995295825604,-0.0088604233689783,-0.637434151666407,-0.0891631486605847,0.0345665402242903
2.85546829933245,0.173958635439356,0.00303614628604791,0.999995390897243,-0.00879180702067504,-0.637720435981024,-0.080792272163169,0.0346334225617423
2.85980848057701,0.171753963748116,0.00299766768122473,0.999995506984143,-0.00886570808210773,-0.638013658987622,-0.0675600833412717,0.0329637578906564
2.86205801782453,0.170626797898378,0.00297799501374196,0.999995565763018,-0.00874524541241809,-0.638149327047994,-0.0603093194035787,0.0323438196299531
2.86430755507205,0.169516233922926,0.00295861210120689,0.99999562329764,-0.00861643786828273,-0.63827611941242,-0.0563637541749552,0.0324643187057395
2.86783320819704,0.16776908131214,0.00292811866770429,0.999995713051345,-0.00864905437716254,-0.638442992989889,-0.0473312522682396,0.0318067397985466
2.87264560544866,0.165353882341229,0.00288596567169062,0.9999958355924,-0.00875928813211523,-0.638602418707121,-0.0331281290582528,0.0281817470378991
2.87513117858579,0.164210437732644,0.00286600888099181,0.999995892988113,-0.0080290830858619,-0.638696005553419,-0.0376520187234612,0.0315210786879443
2.87761675172292,0.163010551020176,0.00284506699259031,0.999995952788714,-0.0084254104096457,-0.638752155424528,-0.0225903113734661,0.0314829795424819
2.88121482381276,0.161287664514399,0.0028149970708444,0.999996037887896,-0.00835726506116153,-0.638807931013527,-0.0155015207051026,0.0316075057174343
2.885802214007,0.15915748134479,0.00277781850623341,0.999996141854731,-0.00810454493864123,-0.63885089004579,-0.00936459085531912,0.0344596973034972
2.88835539920594,0.157874881336959,0.00275543299878339,0.999996203787289,-0.00876771224118401,-0.638815427419088,0.0138895630120299,0.0302947948043528
2.89090858440488,0.15666613496588,0.00273433647426212,0.999996261695035,-0.00826285692303316,-0.638788615148414,0.0105014985536227,0.0297975070334324
2.89437705899075,0.155032035120983,0.00270581615717217,0.999996339272761,-0.00822275668847469,-0.638727047136542,0.0177507461415049,0.0290542170585764
2.89876678347885,0.152951265330484,0.0026695000045196,0.999996436878515,-0.00827302121550071,-0.638598902218806,0.0291920183336247,0.0265269639005361
2.9013523759622,0.151810493243915,0.00264958984600889,0.999996489830663,-0.00770045127130403,-0.638529931185708,0.0266751367595037,0.0292261544959137
2.90393796844555,0.15062386199189,0.00262887929578502,0.999996544490854,-0.00801001027357258,-0.638427280492135,0.0397010334127964,0.0291131858529016
2.90749999937772,0.149004554730018,0.00260061714907819,0.999996618389504,-0.00793430597860409,-0.638263160798262,0.0460747525772143,0.0292350569168802
2.91202379492587,0.146992485873934,0.00256550003991912,0.999996709099358,-0.00776277927279093,-0.638023944555564,0.0528795433286503,0.0309704462499596
2.91427293221497,0.14593093794364,0.00254697259390068,0.999996756460043,-0.00823760587721479,-0.637864049982766,0.071091512987037,0.0280642015168917
2.91652206950407,0.144919900966861,0.00252932672663611,0.999996801248039,-0.00784564116637726,-0.637709483936081,0.0687223707661253,0.0276855394131398
2.92041331432565,0.143177595599065,0.00249891785749889,0.999996877699896,-0.00781471396365779,-0.637414937023519,0.0756947779098382,0.0268536983152431
2.92546072658974,0.140788161357682,0.00245721449077673,0.999996981043916,-0.00826235159523138,-0.636931615298507,0.0957563400259682,0.0176776938454859
2.92832310522618,0.139684554051368,0.00243795296732773,0.999997028188249,-0.00672922194815716,-0.63671957085988,0.0740798005993888,0.0254624509246859
2.93118548386261,0.138486593531871,0.00241704467355793,0.999997078943257,-0.00730453864768462,-0.636454378950203,0.0926473899367489,0.0278501296930243
2.9339405709583,0.137284627338907,0.00239606646674145,0.999997129428623,-0.00761437545757741,-0.636163392656373,0.105617820317095,0.027148745525829
2.93709820628782,0.135919682470227,0.00237224375238211,0.999997186225831,-0.0075445007357168,-0.635812463108172,0.111136819670173,0.0265637744312905
2.94153125656562,0.133996787776848,0.00233868300191649,0.999997265277169,-0.00757059845151007,-0.635278344670651,0.12048553570359,0.0246870781828305
2.94391045885946,0.13299170431879,0.00232114103392967,0.999997306148522,-0.0073730660254476,-0.634982633528495,0.124290037429972,0.0246028601989786
2.94628966115331,0.131997712732203,0.00230379265439227,0.999997346266182,-0.00729169855288159,-0.634677980285768,0.12804848226406,0.024929085856437
2.94996453306637,0.130450875764189,0.00227679532711647,0.99999740809816,-0.00734648682244462,-0.634178217747151,0.13599454632486,0.0243209479380186
2.95511534602018,0.128287079783225,0.00223903005917671,0.999997493369055,-0.00733192304745712,-0.633428590296356,0.145535754747042,0.022485569543083
2.95719418412926,0.127459827249263,0.00222459181467217,0.999997525592568,-0.00694536068010473,-0.633125859489138,0.145625003647955,0.0241041490577721
2.95927302223834,0.12660800969171,0.00220972483020834,0.999997558555107,-0.00715160114713231,-0.63280496514524,0.154362353901631,0.0240752207444835
2.96278781844163,0.125179561905281,0.00218479377332612,0.999997613335236,-0.00709318993877365,-0.632245327411386,0.15922338066994,0.0241728456639054
2.96750060647964,0.123361821946693,0.00215306830072775,0.99999768214576,-0.00673180015027158,-0.63148816324101,0.160661622010374,0.0286972449935941
2.9716792041898,0.121746716652553,0.00212487946006469,0.999997742441092,-0.00674602034088968,-0.630776394327634,0.170336788259049,0.0320964941740787
2.97351304503889,0.120892588128981,0.00210997213851185,0.99999777400631,-0.00812903419555319,-0.630400844877422,0.204788463730268,0.024981139427597
2.97534688588799,0.120134920171391,0.00209674836726704,0.999997801820726,-0.00721098589515813,-0.630052642380358,0.18987607198016,0.0232121780807347
2.97838322634351,0.118923407215677,0.00207560352327236,0.999997845932687,-0.00696393909626476,-0.629476216303599,0.189842372817968,0.0223587127926656
2.98251347924565,0.117255033321107,0.00204648496750542,0.999997905947446,-0.00705008102518714,-0.628654779999951,0.198882810111497,0.0194624224011438
2.98641877655119,0.115640800000878,0.00201831133936073,0.999997963207594,-0.00721422317665405,-0.627833510528502,0.210296273803054,0.0139543567022281
2.98971106796741,0.114523675828429,0.00199881388372783,0.999998002369534,-0.00592216559774817,-0.627204335560158,0.191105491222674,0.021866527539318
2.99244898140109,0.113527377690584,0.0019814252353258,0.999998036975092,-0.00635107108316511,-0.626640985255527,0.205758990660699,0.0246963413923236
2.9947464267942,0.112602557991044,0.00196528411800959,0.999998068827303,-0.00702569418742825,-0.626125444746704,0.224397285076021,0.0219880622721919
2.9976871381395,0.111480598964942,0.00194570227637208,0.999998107119534,-0.00665889194097446,-0.625472705441334,0.221966466179203,0.0214554604900492
3,0.110601501822584,0.00193035916560738,0.99999813685501,-0.00663383310565842,-0.624948908848896,0.226471196306048,0.0209466044086369
3.00618922644395,0.108261235568605,0.00188951388860405,0.999998214867039,-0.00659942754965128,-0.623501977722872,0.233782224503574,0.0192014925430135
3.00853571696294,0.107405301121058,0.00187457504077071,0.999998242982665,-0.00636647545347821,-0.62294590605752,0.23698014581894,0.0197018551025895
3.01088220748192,0.106548018466085,0.00185961266190111,0.999998270918879,-0.00637650347549888,-0.622379231732232,0.24149866394255,0.0199537177264426
3.01488443773403,0.105074206679926,0.00183388983754249,0.999998318422618,-0.00642713352376547,-0.621385444249398,0.248308423112229,0.0192391594138844
3.02047624222138,0.103015823356564,0.00179796433051756,0.999998383660827,-0.00642468211149327,-0.61994907561537,0.256870324647232,0.0168211195428224
3.02232955704094,0.102376382465192,0.0017868039995184,0.999998403664459,-0.00602183115816106,-0.619476002603546,0.255257772090392,0.0184457264805606
3.0241828718605,0.101723296790357,0.00177540552227492,0.999998423966374,-0.00615032869922905,-0.618992058931302,0.261123294939066,0.0189438472193082
3.02730925568059,0.100618020398951,0.00175611484017399,0.999998458029145,-0.00617029555062485,-0.618160882536036,0.265858718282558,0.0191938206678325
3.03152699251133,0.099176145501777,0.00173094941406744,0.999998501905941,-0.0059665800327093,-0.617030431463709,0.26802314077216,0.0215380943320033
3.0355553387127,0.0978541372752569,0.00170787605188362,0.999998541578632,-0.00572775902016882,-0.615942159461541,0.270153543853625,0.0262089045362622
3.03793337843973,0.0968908439071868,0.0016910634352275,0.999998570151207,-0.00706995797603328,-0.615221922399375,0.302870071504229,0.0186443505413804
3.04031141816676,0.0960573684879923,0.00167651656554956,0.999998594645115,-0.00611717715815674,-0.614538475795534,0.287399153207173,0.0178994429331958
3.04361415617106,0.0949143669561541,0.00165656745316699,0.999998627891195,-0.00604018243648856,-0.613579046412838,0.290495153247316,0.0173070174771098
3.04790558552729,0.0934075217249533,0.00163026807808035,0.999998671112114,-0.00612835687584093,-0.612298253860912,0.298453602659624,0.0146968824701883
3.05121530116043,0.0923361300868801,0.00161156879098299,0.999998701422173,-0.00564982425543751,-0.611322584474063,0.294789491000379,0.0170391065678609
3.05452501679357,0.0912995887176874,0.00159347775448736,0.999998730413517,-0.00546604655227781,-0.610341996123644,0.296275710396387,0.020865963140256
3.05729052462402,0.0903417495906408,0.00157676032901833,0.99999875691266,-0.00604498251182995,-0.609476893405869,0.312818755474367,0.0188586152517125
3.06011373423673,0.0893784376624782,0.00155994738482608,0.999998783281338,-0.00595526623119589,-0.608586709088009,0.31530932519209,0.0172314500552829
3.06388639142375,0.0881118982000634,0.00153784212761708,0.999998817520096,-0.00585934067945822,-0.607385519953248,0.31839339627592,0.0156998600797687
3.06684056310479,0.0871354597011522,0.00152080008079726,0.999998843582888,-0.00576881393137315,-0.606435378350314,0.321627077069666,0.0148874529265779
3.06979473478583,0.0861876989171785,0.00150425855351725,0.999998868602462,-0.00559938554275917,-0.605482416129601,0.322581868491311,0.0152893282161753
3.0735822436594,0.0849755080475092,0.00148310185528049,0.999998900203839,-0.00558592007162314,-0.604242856494026,0.327275704678519,0.015457759638145
3.07642190847573,0.0840878557194066,0.00146760941640329,0.999998923060721,-0.00545573394764168,-0.603307333092084,0.329448530883666,0.0164108409868251
3.07926157329206,0.083181236237995,0.0014517859382478,0.999998946158239,-0.00557231083131751,-0.60235346074758,0.335910188772282,0.0160294061900814
3.08293367888862,0.0820271534178963,0.00143164341413029,0.999998975198042,-0.00548528481051553,-0.601109473002698,0.338766876978366,0.016064014113271
3.08637880458013,0.0809233048746655,0.00141237764208669,0.999999002594201,-0.00559218828219246,-0.599917659600717,0.345941921631498,0.0145037024269644
3.08982393027164,0.0798071653966038,0.00139289735244604,0.999999029918012,-0.00565445517755578,-0.5987050338169,0.351983031216144,0.0118125115044775
3.09294715175059,0.0788572201679861,0.00137631769638601,0.999999052874351,-0.00530851624347069,-0.597613702047146,0.349425033449324,0.0122807245777532
3.09617940053539,0.0779054772658489,0.00135970666465486,0.999999075598466,-0.00513916111682741,-0.59648155857818,0.350264953084278,0.0140852703706008
3.09908389485294,0.0770476407416128,0.00134473460655144,0.99999909584401,-0.0051547946578298,-0.595451401035135,0.354677072983706,0.0152864013690587
3.10198838917049,0.0761662549584769,0.00132935153640565,0.999999116411856,-0.00529630366396699,-0.594401746357129,0.361389819792396,0.0149069355250321
3.10548594438638,0.075117209748738,0.00131104225944951,0.999999140583728,-0.00523488316324876,-0.593127561831245,0.364307193805832,0.0146972614948268
3.10884942945488,0.0740902387660885,0.0012931182496744,0.999999163922247,-0.00532900387682155,-0.591880934651971,0.370635562187688,0.0130972531306475
3.11221291452338,0.0730632564416808,0.00127519404153298,0.999999186939748,-0.00532906272977357,-0.590619955089401,0.374902678884863,0.0110620606304276
3.11540109123079,0.0721368594164989,0.001259025376243,0.999999207427237,-0.00507144984546843,-0.589428363069573,0.373753442542845,0.0112607259496922
3.1188275218047,0.0711758127711018,0.00124225196113341,0.999999228404735,-0.00489530660716038,-0.588146026426267,0.374248541053557,0.0129227358895311
3.12158097259372,0.07040194306356,0.00122874539706407,0.99999924509209,-0.00490532622987416,-0.587104614379561,0.378220686150762,0.0139432565429672
3.12433442338274,0.0696036689574098,0.00121481289597729,0.999999262114542,-0.00506001833818583,-0.586045390162118,0.384689721591171,0.0133613688834416
3.12790302026119,0.0685889852769912,0.00119710333776579,0.999999283471543,-0.00496261463335213,-0.584666248835653,0.386465990258203,0.0132700926177203
3.13143374325457,0.0675680553953593,0.00117928476247775,0.999999304643483,-0.00504672496253485,-0.58328098198507,0.392346511799906,0.0118313810487332
3.13496446624795,0.0665241208316017,0.00116106467963953,0.999999325964178,-0.00516044315770918,-0.581873114764656,0.398747571830069,0.00869735423945564
3.13808348419063,0.0656739402896748,0.00114622623982089,0.999999343082488,-0.00475741081510037,-0.580643202529017,0.394326758691389,0.00939399936402871
3.141251849086,0.0648436371562491,0.00113173472575287,0.99999935958805,-0.00457381770928397,-0.579394480544609,0.394121897460237,0.0115727569269173
3.14417050665308,0.0640690944799788,0.00111821641440904,0.99999937479583,-0.00463169097005669,-0.57823086861327,0.398680525068714,0.0128008556617977
3.14708916422016,0.063270216211373,0.00110427336690825,0.99999939028998,-0.00477721547984074,-0.577049263651618,0.40484535595424,0.0124252958220089
3.15056754605182,0.0623289108258768,0.00108784449853315,0.999999408296998,-0.0047231382403494,-0.575632854292142,0.40720352969375,0.0121736247718015
3.15387662719404,0.061415877455761,0.00107190906933565,0.999999425505309,-0.00481566870204526,-0.574267165148443,0.41270947583479,0.0106037778394838
3.15718570833625,0.0605089520392463,0.0010560802437074,0.999999442347104,-0.00478345314240305,-0.57289213570706,0.415532101597714,0.00897007798528091
3.16043049360871,0.0596564157467748,0.00104120068659231,0.999999457950418,-0.00458568566082834,-0.571545879111046,0.414898516534036,0.00896845001161883
3.16399413920444,0.0587582143214978,0.0010255241227453,0.999999474149999,-0.00439902672588783,-0.570068493708206,0.414571360466559,0.0105907346568781
3.16664649851716,0.0580869843811059,0.00101380895633781,0.999999486095568,-0.00441688742606722,-0.568959634002271,0.41806541844198,0.0114719507107725
3.16929885782989,0.0573925680088268,0.00100168911041607,0.999999498309337,-0.00456946086371534,-0.567835536415533,0.423810447304071,0.0108399694625941
3.17289735789306,0.0564733378790823,0.000985645525989185,0.999999514251331,-0.00445841102290727,-0.566307566469498,0.424613010757471,0.0108315165725452
3.17664303989393,0.0555002009824217,0.00096866109117864,0.999999530847735,-0.00453440599481146,-0.564698011432054,0.429709472687122,0.00951563525105356
3.17961230300736,0.0547372234739791,0.000955344627699614,0.999999543658217,-0.00448477252849412,-0.563415611175288,0.431891754882201,0.00855386316970355
3.18258156612079,0.0540035644647998,0.000942539868167895,0.9999995558092,-0.00431243874588915,-0.562135373919097,0.431163291120761,0.00889016190665667
3.18627759923724,0.0530927128386854,0.000926642515238084,0.999999570666732,-0.00430119519277919,-0.560531251005001,0.43401205117866,0.00903304558578422
3.18915167124682,0.0524067145693078,0.000914669591848705,0.999999581689681,-0.00416584150421486,-0.559283203553874,0.43424362610483,0.0100812579604177
3.19202574325641,0.05170193461591,0.000902368866236496,0.999999592865132,-0.00427989648409289,-0.558021069079081,0.439145042498843,0.00985417466935186
3.19569832274009,0.0508169370472919,0.000886922750973589,0.99999960668394,-0.00420579636551769,-0.556403196663342,0.440527542815144,0.0100199959255912
3.19921616583869,0.0499444574435833,0.000871695115119415,0.999999620073741,-0.00432868701484585,-0.554833681356186,0.446158416723372,0.00845995557913304
3.2027340089373,0.0490408107151057,0.000855923510316892,0.999999633697405,-0.00448331839843922,-0.553242501045754,0.452317020921704,0.0048127193434164
3.20574395510204,0.0483547930261403,0.000843950247242297,0.999999643873927,-0.00397790084740581,-0.551903784461508,0.444764295098743,0.00601871466018497
3.20875916172874,0.0476874221226251,0.000832302431735053,0.999999653636271,-0.00386302533803399,-0.55056226059899,0.444919379865399,0.00804975080856879
3.21187673581255,0.0469881009660166,0.000820096979189215,0.999999663720416,-0.00391504945305185,-0.54916408379788,0.448482301790621,0.00937873365741801
3.21499430989636,0.0462731160164977,0.000807618141850755,0.999999673876415,-0.00400274095685792,-0.547752522885399,0.4527754191348,0.00958172421079249
3.21838372296041,0.0454910126655572,0.000793967867662822,0.999999684807463,-0.00402732812639842,-0.546207456818749,0.455850625891954,0.00921406087639857
3.22164525776478,0.0447161421058976,0.000780443829310472,0.999999695453668,-0.00414652712726279,-0.544704319457397,0.460868103979403,0.00732312894664434
3.22490679256915,0.0439502468089856,0.000767076438655479,0.999999705796825,-0.00409849824038186,-0.543196230510278,0.462386280562709,0.005567169073681
3.22803719590643,0.0432587142371751,0.000755006921887916,0.999999714982233,-0.00385557992452275,-0.541756735288463,0.459843370556214,0.00590744521615075
3.23148731686074,0.0425196389281972,0.000742107627940129,0.999999724638096,-0.00373879575025061,-0.54017002358844,0.459900311041739,0.00718199551521367
3.23429777962102,0.0419229004840559,0.000731692580144483,0.999999732312948,-0.00370581342357296,-0.538872969035365,0.461509247304908,0.00830690723947324
3.2371082423813,0.041301594093096,0.000720848740818499,0.999999740188513,-0.00385838315995263,-0.537561512007235,0.466633839332566,0.00786520115173971
3.24067965752125,0.0405282365948363,0.000707351109620467,0.999999749827173,-0.00377935191253084,-0.535892677186557,0.467275507125767,0.00783261313699582
3.244152058466,0.0397564873567782,0.000693881547722556,0.99999975926417,-0.00387903511667966,-0.534254574132342,0.471749397687644,0.00638253586055285
3.24762445941075,0.0389684455345073,0.000680127626526377,0.999999768713179,-0.00396092636216009,-0.532602469868572,0.47578153849693,0.00368318177888495
3.2507589097707,0.0383192737617964,0.000668797444258672,0.999999776354964,-0.00361472779712846,-0.531126347125204,0.470935115843702,0.00425198442707336
3.25399875493323,0.0376799510492856,0.00065763916039667,0.999999783755344,-0.00344408011997747,-0.529605076811382,0.469550314136447,0.00626285912529637
3.25687649360152,0.037105257203171,0.000647608862727107,0.999999790301358,-0.00348547973316306,-0.528245724484451,0.472368232012139,0.00748453328260648
3.2597542322698,0.0365049910273843,0.000637132243732858,0.999999797031231,-0.00364057420199117,-0.526872021162548,0.47735513201467,0.00708928675971297
3.2632600415852,0.0357858963465051,0.000624581676415461,0.999999804948846,-0.00357993509795446,-0.525195856481067,0.478110624591164,0.00694181489148613
3.26661767162237,0.0350781673635996,0.000612229477813946,0.999999812587516,-0.00367884514575573,-0.523576713991179,0.482227783276654,0.00545141571017657
3.26997530165954,0.0343700335905809,0.000599870214200036,0.999999820077847,-0.00368094928473927,-0.521950656824811,0.48428717528903,0.00360156120718988
3.27319435328153,0.033732788388096,0.000588748189238362,0.99999982668777,-0.00345506323972204,-0.520400291552316,0.481621749059405,0.00375025157592142
3.2766702423447,0.0330808238801376,0.000577369263902581,0.999999833322353,-0.00327367388982186,-0.518732353062756,0.479859529244765,0.00552212294969416
3.27937499115837,0.0325691324273592,0.000568438564762927,0.999999838438786,-0.00330185951470584,-0.517428159644425,0.482186520146099,0.00652024218912385
3.28207973997204,0.0320323846712355,0.00055907055065458,0.999999843720047,-0.00346354365688678,-0.516110979639839,0.48698792210602,0.00594450226135296
3.28566098545059,0.0313417596809537,0.000547016872521035,0.999999850386259,-0.00336577876304044,-0.51436793225272,0.486715417179215,0.00594498833891306
3.28928086784654,0.0306252394789937,0.000534511237668344,0.999999857148858,-0.00345470800246816,-0.512592531507708,0.49045812841932,0.00461482281901159
3.29290075024248,0.0298666746385688,0.000521271785457878,0.999999864137854,-0.00365742657002255,-0.510795307138883,0.496486949642074,0.00065393813962196
3.29596125819515,0.0293171978563094,0.000511681607723305,0.999999869090958,-0.00313352527162391,-0.509303230723729,0.487525743513729,0.0019101852807778
3.29897392316377,0.0288041458976963,0.000502727162963524,0.999999873632692,-0.00297226741269615,-0.507839778360145,0.485766714462587,0.00444271560513317
3.3,0.0286153979628559,0.000499432890457786,0.999999875283386,-0.00321055188362863,-0.507335336084517,0.491622320880011,0.00452708943989173
3.30360828913026,0.0279731431986326,0.000488223431552334,0.999999880818933,-0.00310658593800105,-0.505564992336702,0.490632453194221,0.00566280356719218
3.30745496572663,0.0273537295379502,0.000477412625001719,0.999999886038586,-0.0028104280513109,-0.503694044554268,0.486380317025641,0.0100328496839111
3.31067477468164,0.026730619632118,0.000466537306754503,0.999999891171465,-0.0033776288004961,-0.502085465653534,0.499588305767938,0.00783954602930445
3.31411704943009,0.0260026020343406,0.000453831004006317,0.999999897018705,-0.00369125215801364,-0.500338516282376,0.507498528973177,0.00187219116376353
3.31692246443622,0.0254868497939397,0.000444829430195512,0.999999901063384,-0.00320864282106682,-0.498938448297956,0.499059134338731,0.000785849452227011
3.31933939625586,0.0251095416298462,0.000438244161079353,0.999999903971023,-0.00272464026687652,-0.497753330187662,0.490339901466761,0.00334692468746396
3.32250445423187,0.0245613007069786,0.000428675552780087,0.999999908118631,-0.00302320187204953,-0.496178328729711,0.497621677040458,0.00360339654588422
3.32631437082138,0.0239200426834231,0.000417483489915941,0.999999912853764,-0.00293761388285865,-0.494283497376147,0.497341951994767,0.0045683385461399
3.33012428741088,0.0233632371875266,0.00040776540154668,0.999999916863685,-0.00255073542117817,-0.492412761026113,0.491017665632326,0.00972426021757086
3.33318877355818,0.0227990605335962,0.000397918662171724,0.999999920830366,-0.00321317822978374,-0.490862478874304,0.505886493621876,0.00744162283752181
3.33611635422199,0.0222378050915148,0.000388122907519258,0.999999924680302,-0.00334602408403858,-0.489370117592562,0.509759235737531,0.00378251086966423
3.33947224913665,0.0216229907042496,0.00037739237295893,0.999999928787496,-0.00319751828328028,-0.487665566282185,0.507927498840656,0.000857811054594371
3.34249835340545,0.0211249907296359,0.000368700634331888,0.999999932029919,-0.00287225371626561,-0.486144996453879,0.502484281187777,0.000970176568563449
3.34548254259641,0.0206632535411311,0.000360641800649451,0.999999934968744,-0.00270051049132755,-0.48465268178682,0.500073745852611,0.00246537547184035
3.34877152178848,0.020152972354743,0.000351735714400985,0.999999938140992,-0.00270785745162014,-0.483003809160684,0.501332641481805,0.00380165465572067
3.35206050098054,0.0196451008667871,0.000342871685293771,0.999999941219502,-0.00269507014918787,-0.481352064482211,0.502205876661751,0.0050310951037546
3.35531290241535,0.019118774469906,0.000333685557253665,0.999999944326973,-0.00282441412902448,-0.479706546945496,0.505939248182448,0.00471468188589333
3.35895706328351,0.018502777827254,0.000322934388237628,0.999999947856689,-0.00295024560783165,-0.477849378597798,0.509628530377734,0.00267921638907188
3.36155183737751,0.0180803527933744,0.000315561680929309,0.999999950210412,-0.00284136784819981,-0.476530193299429,0.508400828194117,0.0018023933182562
3.36414661147152,0.0176851764884316,0.000308664553618145,0.999999952363096,-0.00265808405558473,-0.475218612849974,0.505469995436479,0.00227696957792388
3.36775899158494,0.0171217818064038,0.000298831461882188,0.999999955349878,-0.00272205357157333,-0.473384569495549,0.507710511308603,0.00197894128268038
3.37161204315094,0.0165508718785451,0.000288867204338966,0.999999958277868,-0.00258606919808113,-0.471434796862888,0.506033360639408,0.00291722624046928
3.37451612469762,0.0161230509254979,0.000281400320402823,0.999999960406929,-0.00257116892885565,-0.469963330196399,0.506689169306992,0.00358664773725766
3.3774202062443,0.0156755630182906,0.000273590183359921,0.999999962574205,-0.00268936571445378,-0.468482545283362,0.509897841790635,0.00299463278985755
3.38112654975821,0.0151188084551693,0.000263872983458862,0.999999965185524,-0.00262177540087894,-0.466594517774097,0.509404350185157,0.00273643035031511
3.38401845235871,0.0146708459906276,0.000256054563791469,0.99999996721803,-0.00270355575953381,-0.465114077318819,0.511926112248757,0.00155854318725594
3.38691035495922,0.0142469590941557,0.000248656342027564,0.999999969085011,-0.00255825420890963,-0.463640097620225,0.509692027089016,0.00148750262632354
3.39066255637982,0.0136927612427441,0.000238983765100498,0.99999997144338,-0.00257784061417761,-0.461723100274693,0.510899370967642,0.000890815439621065
3.39421976397651,0.0132078218502579,0.000230519976262232,0.99999997343027,-0.0023793351502406,-0.459917060575843,0.507712763385373,0.0021958746075097
3.3977769715732,0.0127806392350287,0.000223064233310962,0.999999975121174,-0.00209595390214737,-0.458128702484122,0.502742120922583,0.00635018083403788
3.40071552081161,0.0123306273557609,0.000215210044533255,0.999999976842318,-0.00267281176154925,-0.456614750583752,0.51520385657701,0.00442026651627979
3.4035961921696,0.0118848461068081,0.000207429694169116,0.999999978486461,-0.00270088099994066,-0.455127208388871,0.516387331291203,0.00204780392237727
3.40684973575387,0.0114071984112209,0.000199093169388792,0.999999980180955,-0.0025622908489285,-0.453454282320095,0.514185848582061,0.00053159452543635
3.41010327933814,0.0109440324054947,0.000191009397759355,0.999999981757705,-0.00248460534609697,-0.451784436653021,0.513239064983966,-0.000454450950548635
3.4134301564813,0.0104981312117825,0.000183226953926768,0.999999983213942,-0.00233926401065194,-0.450084749999266,0.510895527732247,-0.000219428989066656
3.41751530111893,0.0100260472486704,0.000174987534556779,0.999999984689681,-0.00201692234499227,-0.448021781951436,0.504992657744645,0.00369181056880682
3.41977694808605,0.00969235394218335,0.000169163487752946,0.999999985691857,-0.00257513527740799,-0.446852705114733,0.516913936481105,0.00204702237189014
3.42203859505317,0.00937928508195531,0.000163699405432184,0.999999986601252,-0.00241597494033752,-0.445690116820397,0.514044990769705,0.00127933991262433
3.42551547449882,0.00892717650912246,0.00015580862236047,0.999999987861837,-0.00226950151587563,-0.443911630041219,0.511518103223642,0.00142914788948728
3.43036915578307,0.00833270418308216,0.000145433123076817,0.999999989424603,-0.00213765568725222,-0.441438857968916,0.509463215132438,0.00327642672343161
3.43252069931181,0.00801659447745634,0.000139915967972297,0.999999990211761,-0.00256427773223866,-0.440322938601085,0.51865990760886,0.000995712700416464
3.43467224284054,0.00773889312674806,0.000135069165111019,0.99999999087816,-0.00225270966743664,-0.439220043461721,0.512606472810494,0.000749254473505517
3.43863522692098,0.00722933277835196,0.000126175659369799,0.999999992039851,-0.00224414371509293,-0.437187694807543,0.512832908971901,0.000181405879458169
3.4425555218622,0.00671121552915234,0.000117132807526836,0.999999993139953,-0.00230667642243869,-0.435170328529268,0.514595536439122,-0.00146321447915884
3.44647581680341,0.00622174416197535,0.000108589920629794,0.999999994104115,-0.00217914393676366,-0.433161375050414,0.512449575600213,-0.00196794662496338
3.44876282195755,0.00598662478935025,0.000104486313465554,0.999999994541305,-0.00179431479640505,-0.432006563701828,0.504944794940338,0.000454710102326866
3.4510498271117,0.00570936018223594,9.96471331973721e-05,0.999999995035224,-0.0021159463871907,-0.430836228489914,0.511732651670802,0.000437614325755127
3.45474120735643,0.00527311712189417,9.20332554904184e-05,0.99999999576494,-0.00206260998248665,-0.428950173399049,0.510934925643675,0.000772013085919496
3.45962266712369,0.00478908272768647,8.35852616511918e-05,0.999999996506752,-0.0017306285977161,-0.42648721783321,0.504553081100466,0.00586275941430815
3.46226592738219,0.00437829094045236,7.64155924467631e-05,0.999999997080329,-0.00271243408753742,-0.425099860206712,0.524866070995938,0.000369906339914003
3.46490918764069,0.00405835373614291,7.08316348470784e-05,0.99999999749144,-0.00211252660303504,-0.423744290850729,0.512839911099805,-0.000371666206793395
3.46814107202587,0.00367955609245126,6.42203687809477e-05,0.999999997937872,-0.00204563817676512,-0.42209059929552,0.511680294874411,-0.000771254406114898
3.47210636866131,0.0032090194267796,5.60079547284832e-05,0.999999998431555,-0.00207107180681762,-0.420058685046257,0.512424273912646,-0.00186789765715457
3.47507897240762,0.00291334365143485,5.08474389377015e-05,0.999999998707269,-0.00173602546405717,-0.418555166143497,0.505791902006715,0.000210790991134566
3.47805157615394,0.00259150992756255,4.52303808186642e-05,0.999999998977106,-0.00188960877563686,-0.41704190497158,0.509069254115351,0.000732403528844398
3.48135071767282,0.00222963006010061,3.89143856403731e-05,0.999999999242835,-0.00191443596697543,-0.415360290976382,0.509712598132977,0.000862379421037625
3.48523619945554,0.00179551459224033,3.1337641397068e-05,0.999999999508976,-0.00195001409649706,-0.413376472580895,0.510572049084515,0.000372992601967388
3.48781765333264,0.00149135254166178,2.60290121570449e-05,0.999999999661245,-0.00205644938664611,-0.412052594846348,0.512841909085665,-0.00104202179208554
3.49039910720974,0.00121960453959982,2.1286114786679e-05,0.999999999773451,-0.00183729696423228,-0.410740073201988,0.508442802718443,-0.00080291690766169
3.49407153256792,0.000822662492414785,1.43581691248075e-05,0.999999999896921,-0.00188647691574039,-0.408868941504732,0.509508435096863,-0.00121353249515241
3.49909555398543,0.000301131112970693,5.25572940150941e-06,0.999999999986189,-0.00181178362258622,-0.406316513539223,0.50804480184185,-0.00121130969848334
3.50116299073318,9.43560209491037e-05,1.64682323464186e-06,0.999999999998644,-0.00174559447626211,-0.405268898506955,0.506721684912187,-0.000654166738354507
3.50323042748093,-0.000119852626481724,-2.09182294926751e-06,0.999999999997812,-0.00180834852044844,-0.404218633904338,0.508003257541572,-0.000726151231314212
3.50664059014082,-0.000461802078538905,-8.05996676297007e-06,0.999999999967518,-0.00175010532019106,-0.402490334200858,0.506808582419825,-0.000443399340057264
3.51124921291811,-0.000857490830331027,-1.49660382943778e-05,0.999999999888009,-0.00149851091434542,-0.400178432283629,0.501647027528199,0.00320637673044539
3.51558283007467,-0.00125245719394465,-2.18595017728825e-05,0.999999999761081,-0.00159069507772488,-0.39799665010739,0.503455219373917,0.00549090266302558
3.51742760813571,-0.00151722274795939,-2.64805324349526e-05,0.999999999649391,-0.00250492498855361,-0.397033649147737,0.522014533884991,0.000594049072373676
3.51927238619674,-0.00172015079895944,-3.00222950681433e-05,0.999999999549331,-0.00191988549160075,-0.396092728206187,0.510045604630197,-0.000709129647688468
3.52225457786444,-0.0020200342913883,-3.52562493806124e-05,0.999999999378498,-0.0017550697267243,-0.394581906515851,0.506614550198628,-0.0013311187611262
3.52631723521968,-0.00244823459071127,-4.27297544561245e-05,0.999999999087084,-0.00183956076718631,-0.392517212989463,0.508212567749075,-0.00347058255673079
3.53033343803972,-0.0029163544263464,-5.08999868728764e-05,0.999999998704596,-0.00203431768558742,-0.390460858142571,0.512014691246975,-0.00837416015541087
3.53295155960962,-0.00303490892405734,-5.29691531981897e-05,0.999999998597134,-0.000790324770206065,-0.389187113282624,0.486510968241402,-0.00157730944626377
3.53556968117953,-0.00326442789464034,-5.69750149245955e-05,0.999999998376924,-0.00153005184270784,-0.387874260900468,0.501448212813663,-0.000870308705058664
3.53867182284709,-0.00354632597345073,-6.18950645461883e-05,0.9999999980845,-0.001586017067414,-0.386315659463964,0.502427549586947,-0.0007428547886058
3.5425455806038,-0.00388543229134677,-6.78135862953331e-05,0.999999997700659,-0.00152785025117986,-0.384374796525857,0.501028474159098,-9.80842150025696e-05
3.54567393653387,-0.00420023969792648,-7.33080120361287e-05,0.999999997312968,-0.00175633012269201,-0.382793565619686,0.505451087254385,-0.00197266083255887
3.54880229246393,-0.00449672727326432,-7.84826964021197e-05,0.999999996920233,-0.00165412264351512,-0.38121955215383,0.503143983946178,-0.00304348527823183
3.55203267882555,-0.00478041625424783,-8.34340031556784e-05,0.999999996519384,-0.00153272897280161,-0.379602979540752,0.500427017736114,-0.00311376134186929
3.55568156178399,-0.00507867800599073,-8.86396527370851e-05,0.999999996071506,-0.0014266419778244,-0.377785891452535,0.497984755584891,-0.00222566099636264
3.55837311442425,-0.00528656125182324,-9.22678998217503e-05,0.999999995743317,-0.00134801268429391,-0.376450587653316,0.496109115328846,-0.000978001430910952
3.5610646670645,-0.00552199376244313,-9.63769722800223e-05,0.99999999535574,-0.0015266550670777,-0.375106143737287,0.499504968218215,-0.00134918455051586
3.56468591093395,-0.00582231043333664,-0.000101618486960051,0.999999994836842,-0.0014474348855509,-0.373304247044352,0.497590540129078,-0.00115536963960175
3.56852009907136,-0.00616206269989138,-0.000107548282620107,0.999999994216683,-0.00154655835341632,-0.371390075710976,0.499237717287524,-0.00231609460325563
3.57136989113214,-0.00640953177161525,-0.000111867432692547,0.999999993742839,-0.00151560184263418,-0.369970148630894,0.498256381448395,-0.00311549563237473
3.57421968319291,-0.00663117531177942,-0.000115735842209136,0.999999993302607,-0.00135743572132357,-0.368560293883484,0.494721971758807,-0.00263586495579454
3.57790783272173,-0.00692624426433964,-0.000120885766915675,0.999999992693316,-0.00139634380394456,-0.366734131826614,0.49514317209797,-0.00264136573873898
3.58066321001554,-0.00712937195766324,-0.000124431013939481,0.999999992258461,-0.00128666482751655,-0.365377030323111,0.492528375897184,-0.00182062365515306
3.58341858730934,-0.00734686961557032,-0.000128227064155043,0.99999999177891,-0.00137768800461126,-0.364015745439488,0.494046636256965,-0.00189134951192918
3.58753182543049,-0.00765256174181408,-0.000133562398209707,0.999999991080543,-0.00129711286904202,-0.361992153223417,0.491970597487703,-0.00118911901646207
3.59139173943726,-0.00796633934190969,-0.000139038850399504,0.999999990334099,-0.00141880161865713,-0.360085636337645,0.493927295382964,-0.00216072668665762
3.59409471734687,-0.00818911896574232,-0.000142927088303093,0.999999989785924,-0.00143850156096413,-0.358750682173677,0.493882750287737,-0.00321745975837195
3.59679769525649,-0.0083828418259689,-0.00014630819001507,0.999999989296957,-0.00125088027368129,-0.357427083375292,0.489681692801373,-0.00279198114017447
3.60041655169188,-0.00865384349524085,-0.000151038061369988,0.999999988593752,-0.00130700719734099,-0.355652500756265,0.490371102228199,-0.00300433292467227
3.60400198339664,-0.00889351427617173,-0.000155221105569011,0.999999987953204,-0.00116667798817886,-0.35390647119212,0.486978893454682,-0.00186123174133339
3.60758741510141,-0.00908897388108855,-0.000158632519187451,0.999999987417862,-0.000951465246405421,-0.352178123909652,0.48204719118478,0.00149563777729071
3.61068074952307,-0.00933059575672871,-0.000162849616407733,0.999999986740001,-0.00136328527728584,-0.350662650832832,0.489915692985253,0.000376359041460911
3.61376023965044,-0.00959514983964482,-0.000167466956141235,0.999999985977409,-0.00149938451026128,-0.349146946838103,0.492193165763859,-0.002196333118753
3.61746919784402,-0.00994817600260564,-0.000173628424940965,0.999999984926585,-0.0016612397788686,-0.347311262407102,0.494932629376982,-0.00729993787310383
3.62045561464986,-0.0101408424740402,-0.000176991089174024,0.999999984337077,-0.00112598625823661,-0.345867443837672,0.48346184183353,-0.00674139844396701
3.62308218867794,-0.0102578825738863,-0.000179033824240835,0.999999983973445,-0.000777718456564946,-0.344617503466053,0.475882407369094,-0.00347944333363226
3.62727583673781,-0.0104948220583022,-0.000183169198304051,0.999999983224522,-0.000986104239554013,-0.342606529341799,0.479528585981601,-0.00123052286169271
3.62970109120467,-0.0106674102211803,-0.000186181429944876,0.999999982668237,-0.00124202706699656,-0.341432342831671,0.48414981857504,-0.00180402610858527
3.63212634567153,-0.0108396179797111,-0.000189187022275779,0.999999982104135,-0.00123928949514912,-0.340259367748858,0.483650313335068,-0.00251106144061153
3.63580299698411,-0.0110737850247109,-0.00019327400813596,0.999999981322579,-0.00111160553107796,-0.338492807374504,0.480480802818535,-0.00230559453409304
3.64002049023629,-0.0113574037307377,-0.00019822408828153,0.999999980353605,-0.00117370199415299,-0.336464207293569,0.480996639386675,-0.00305112740479901
3.64269043221835,-0.0115380940535112,-0.000201377729277471,0.999999979723505,-0.00118116463956366,-0.335181350088979,0.48048130379306,-0.00378559313891785
3.6453603742004,-0.0116954794366499,-0.000204124622351293,0.999999979166569,-0.0010288212810411,-0.333908186591719,0.476850622904093,-0.00333112713078243
3.64908726964923,-0.0119291114590865,-0.000208202270294245,0.999999978325907,-0.00109411387724741,-0.332128444835216,0.477540027870344,-0.00359375752856768
3.65259440340716,-0.012120509162402,-0.000211542790324285,0.999999977624824,-0.000952492928465229,-0.330466355433716,0.473916741196936,-0.00248103432987146
3.65610153716509,-0.0122842650658509,-0.000214400869944229,0.999999977016133,-0.000814933185339165,-0.328816650249686,0.470385590597941,-1.87128691328808e-05
3.65929200925006,-0.0124819165840556,-0.000217850539627898,0.999999976270571,-0.0010812411681941,-0.327300840717724,0.475105091533105,-0.000490610274549219
3.6625553400758,-0.0127166731403418,-0.000221947814376668,0.999999975369584,-0.00125554994777697,-0.325741083571536,0.477964763451449,-0.00287017801029699
3.66537319568604,-0.0129028049882041,-0.000225196427883495,0.999999974643284,-0.0011528672995925,-0.324402008234592,0.475210770941647,-0.00420394965273603
3.66819105129627,-0.0130562307546979,-0.000227874212597498,0.999999974036671,-0.000950291694500785,-0.323076315197011,0.470461663388027,-0.00386415517854635
3.67170927975753,-0.0132545107471613,-0.000231334851215593,0.999999973242093,-0.000983631036878095,-0.321421224324405,0.470433029245696,-0.00393125699250343
3.67515216384641,-0.0134209862791457,-0.000234240397294003,0.999999972565718,-0.000843927963338125,-0.319814094253086,0.46679761206914,-0.0026641879038099
3.67859504793529,-0.0135675188844291,-0.000236797873646792,0.999999971963383,-0.000742829661904997,-0.318216781723554,0.463946066233076,-0.000445310453600412
3.68176560390005,-0.0137492257965442,-0.000239969257446722,0.999999971207377,-0.0010002611293701,-0.316731626522587,0.468421064783232,-0.00100877551405709
3.68509144289975,-0.0139661981765528,-0.000243756139752997,0.999999970291472,-0.00113862469511424,-0.315166907403298,0.470473501401253,-0.00315333443599534
3.68789381341237,-0.0141358328954182,-0.000246716824033862,0.999999969565404,-0.00105649283582165,-0.313855208294525,0.468067695855681,-0.00441919269375624
3.69069618392498,-0.0142736543974642,-0.000249122262950685,0.999999968969049,-0.000858358657400461,-0.312556720515742,0.463353354931882,-0.00405156774868909
3.69423637203618,-0.0144556739974894,-0.000252299104174445,0.999999968172581,-0.000897365118411161,-0.310916291564759,0.46337338566677,-0.00413649357789302
3.69767452498828,-0.0146050391116708,-0.000254906017120695,0.999999967511461,-0.000758230673969682,-0.30933585560586,0.459675872748277,-0.00288671903111427
3.70111267794038,-0.0147357155468342,-0.000257186751094303,0.999999966927487,-0.000663360263532458,-0.30776502318744,0.456882646090685,-0.000745208689802546
3.7042991576836,-0.0149011275810529,-0.000260073735617285,0.999999966180825,-0.000906010661352199,-0.30629609117182,0.460988970272454,-0.00123001912151038
3.70764861181324,-0.0151031399320915,-0.00026359951615174,0.999999965257647,-0.00105264336182951,-0.304744822209736,0.463140828936033,-0.00338049647821093
3.71042728985213,-0.0152574255333587,-0.00026629230778776,0.999999964544203,-0.00096909094643006,-0.303464833984926,0.460646468174775,-0.00461525950478005
3.71320596789102,-0.0153800921718035,-0.000268433244434454,0.999999963971796,-0.000770487509977973,-0.302198104284858,0.45587494568965,-0.00421788777221435
3.71675400284583,-0.0155458446429527,-0.00027132617069397,0.999999963191054,-0.000815360164630859,-0.300580354537727,0.455956541504011,-0.00431723156363685
3.72023019788745,-0.0156809182524485,-0.000273683649824693,0.999999962548629,-0.000678178062515398,-0.29900832338417,0.452227546133886,-0.00308417518088287
3.72370639292908,-0.0157918328742274,-0.000275619475090325,0.999999962016952,-0.000556880530426017,-0.297448129541136,0.448822296893877,-0.000661224475181882
3.72686850315028,-0.0159438996976168,-0.000278273541739735,0.999999961281917,-0.000839334041362468,-0.296013550689167,0.453677687245418,-0.00128441061519466
3.7301479758517,-0.0161289454390748,-0.000281503199068469,0.999999960377974,-0.000984809982971441,-0.294518896708762,0.455760458002812,-0.00352561856862768
3.73297673077075,-0.0162739355081384,-0.000284033753055152,0.999999959662413,-0.000894582302201576,-0.293237247640096,0.453078865204045,-0.00482623840324788
3.73580548568981,-0.0163870170159299,-0.000286007397609067,0.999999959099883,-0.000697707892891547,-0.291969172504404,0.448280311295056,-0.00448328534105261
3.73933010080886,-0.0165347268565591,-0.000288585420559248,0.999999958359227,-0.000731433921008749,-0.290389874512307,0.44807672291904,-0.00453307335844366
3.7427321802312,-0.0166503413312482,-0.000290603273720923,0.999999957774868,-0.00059312349765842,-0.288878401512892,0.444279163352527,-0.00325432000394853
3.74613425965354,-0.0167523829255231,-0.00029238423543934,0.999999957255729,-0.000523492127311073,-0.287375056137388,0.441890146841829,-0.00134237172582014
3.74934205184581,-0.0168875094553537,-0.000294742638190056,0.999999956563388,-0.000735210609345934,-0.285946773415951,0.445254129889177,-0.00171175643812765
3.75275756320722,-0.0170603534406998,-0.000297759334694234,0.999999955669688,-0.000883234256120394,-0.284418978634419,0.447310701055288,-0.00377383577103299
3.75549181781887,-0.0171866105712325,-0.000299962937227738,0.999999955011117,-0.000805924445560551,-0.283202678957541,0.444837752744667,-0.00493643589293272
3.75822607243052,-0.0172820811912151,-0.000301629213809973,0.999999954509908,-0.000609408008499446,-0.281999524774179,0.440030046300899,-0.00449491617692202
3.7617929095394,-0.0174178600658991,-0.00030399900211921,0.999999953792302,-0.000664394909424804,-0.280429336875077,0.440218560918071,-0.00462531570357563
3.76534738758419,-0.017525940451258,-0.000305885360612841,0.999999953217072,-0.000530699179335095,-0.278878043516572,0.43643351821437,-0.00342488434030633
3.76890186562899,-0.0175967263380149,-0.000307120807342662,0.999999952838404,-0.000347574741574806,-0.2773438057343,0.431635183263812,-0.00032134658528879
3.77201108838229,-0.0177264276145832,-0.00030938452155527,0.999999952140608,-0.000728064374851013,-0.275980780975875,0.43838118609446,-0.00130171491433362
3.77514604709501,-0.0178821581959041,-0.000312102532814135,0.999999951296003,-0.000867000697349582,-0.274600577130703,0.440262208101809,-0.00375404664991252
3.77808772972372,-0.0180096470324382,-0.000314327632662047,0.999999950599068,-0.000756403813023127,-0.273314830984657,0.437078471177957,-0.00518232488610679
3.78102941235243,-0.0181060973578746,-0.000316011008321925,0.99999995006852,-0.000572249272255633,-0.272042787645754,0.432420318388584,-0.00502284092848815
3.78449327188618,-0.0182198225678464,-0.000317995887578723,0.999999949439306,-0.000573025360061503,-0.270548325469784,0.431444220358469,-0.00494432405359665
3.78778142481393,-0.0183013016219727,-0.000319417965272415,0.99999994898608,-0.000432485287990581,-0.269142545733495,0.427528696863283,-0.00354216748768368
3.79106957774168,-0.0183822881844514,-0.000320831447365114,0.99999994853359,-0.00042987117575869,-0.26774032991695,0.426444830078118,-0.00219106570642191
3.79432099624691,-0.0184886287558629,-0.000322687440368621,0.999999947936407,-0.000570825655508203,-0.266347792171618,0.42828622125714,-0.00234670431081688
3.79791653562771,-0.0186343465509585,-0.000325230695538328,0.999999947112496,-0.000707336239103607,-0.264801773757419,0.429982333792435,-0.00411937146973283
3.80055339095802,-0.0187325795222487,-0.000326945184230205,0.999999946553422,-0.000650202065818468,-0.26367366224761,0.427824574538615,-0.00512589483638987
3.80319024628833,-0.0188025567550285,-0.000328166517278128,0.999999946153367,-0.0004631778996007,-0.262557826572883,0.423169091569368,-0.00463945676134703
3.80679414284025,-0.0189127098341571,-0.000330089051086002,0.999999945520608,-0.000533459793949261,-0.261031227121123,0.423596912332392,-0.00484220672904553
3.81058387562312,-0.0190017039086658,-0.000331642290615925,0.999999945006694,-0.000409854653067345,-0.259439986014826,0.419882138785433,-0.00375821491766321
3.81352043785158,-0.0190712917684345,-0.00033285682782127,0.999999944603165,-0.000413591532510824,-0.258209964414299,0.41886447649806,-0.0029869659449443
3.81645700008004,-0.0191631789626046,-0.000334460561810685,0.999999944068065,-0.000546126372921611,-0.256974830808647,0.420605289301416,-0.00349863142336179
3.82015607702711,-0.019269749748156,-0.000336320572800382,0.999999943444235,-0.000502831144343981,-0.255426272773804,0.418633636715988,-0.00374992363152028
3.82304618304385,-0.0193688348607975,-0.000338049934157375,0.999999942861119,-0.000598373016519549,-0.254213891706032,0.419493631287872,-0.00491445519087723
3.8259362890606,-0.0194444221132699,-0.000339369180509881,0.999999942414278,-0.000456469908209764,-0.253012634772429,0.415644591112752,-0.00488555018686451
3.82963730006584,-0.0195478343640651,-0.000341174064668666,0.999999941800127,-0.000487673303515724,-0.251476034927422,0.415183808648755,-0.00530613868916166
3.83316529220878,-0.0196107333664675,-0.00034227185929271,0.999999941424985,-0.000311166987811327,-0.250028220856805,0.410379051867796,-0.00390787491777889
3.83669328435172,-0.0196287640552282,-0.000342586554159536,0.999999941317225,-8.91994291729714e-05,-0.248600543272528,0.404671418311644,-0.000175920119940123
3.83967309395574,-0.0197309171118515,-0.000344369461233417,0.999999940704835,-0.000598329227696119,-0.247367055564722,0.413948497294834,-0.00171785980257474
3.84263651588887,-0.0198428821146591,-0.000346323619062884,0.999999940029974,-0.000659426160059158,-0.246139643816316,0.414187306466322,-0.003922126418652
3.84581067268906,-0.0199445618699276,-0.000348098265467969,0.999999939413797,-0.000559092264108988,-0.244834747820531,0.411100042602029,-0.00539780761250844
3.84898482948925,-0.0200275463703648,-0.000349546618140605,0.999999938908579,-0.000456295278375373,-0.243539936798566,0.407922829107177,-0.00596611025230318
3.85234798388818,-0.0200978724237001,-0.000350774039245991,0.999999938478785,-0.000364961293785985,-0.242178051579063,0.404942817949914,-0.00571642650797842
3.85561351528646,-0.020134719018712,-0.000351417133607461,0.999999938252997,-0.000196934073714839,-0.24087059719476,0.400380282668108,-0.00385745077023165
3.85887904668473,-0.0201718275094745,-0.000352064798911647,0.999999938025187,-0.000198333828482849,-0.2395667265948,0.399282824427234,-0.00206606082513826
3.8619573071944,-0.0202495350036478,-0.000353421050454069,0.999999937546779,-0.000440590269257569,-0.238325812934599,0.403121716405686,-0.00273114471603113
3.8653297371579,-0.020345219080247,-0.000355091052527665,0.99999993695517,-0.000495192545571305,-0.236966337315319,0.403114559529562,-0.00411489243520667
3.8682220463797,-0.0204274731460661,-0.000356526656708486,0.999999936444369,-0.000496352278268415,-0.235803492563521,0.402047174981907,-0.00543005521909105
3.87111435560149,-0.020480696151954,-0.000357455573339846,0.999999936112755,-0.000321167834874304,-0.234653894625849,0.397467161881911,-0.00524284933754
3.8746577577004,-0.0205503427134596,-0.000358671135072888,0.999999935677506,-0.000343049356814848,-0.233247923826944,0.396785563608486,-0.00533370815046881
3.87803996927948,-0.0205878035485478,-0.000359324949943592,0.999999935442788,-0.000193309879511809,-0.231920347113868,0.392517346131512,-0.00394598378327957
3.88142218085856,-0.0206131626286892,-0.000359767549358728,0.999999935283653,-0.000130860956920026,-0.230601107291824,0.390052423155012,-0.00196660120963373
3.88459157791111,-0.0206791088116277,-0.000360918527305403,0.999999934868906,-0.00036315362269816,-0.229353545689963,0.393627425399317,-0.00242687013678955
3.88796617536603,-0.0207737122149255,-0.000362569668068507,0.999999934271616,-0.000489285283117378,-0.228020454147409,0.395037203803627,-0.00430881213888747
3.89076055469185,-0.0208438990728084,-0.000363794659749404,0.999999933826721,-0.000438377048658641,-0.226922534098078,0.392903010405595,-0.00555675868450285
3.89355493401767,-0.0208832409575977,-0.000364481305127394,0.999999933576687,-0.000245723770273036,-0.225838366861193,0.387981412139258,-0.00518558123035877
3.89710708083221,-0.0209424032020991,-0.000365513881018032,0.999999933199799,-0.000290690676182489,-0.224460972694128,0.387763861962539,-0.00527703101720875
3.90058017629542,-0.020973255107536,-0.000366052348312398,0.999999933002837,-0.000155039599715183,-0.223128201956687,0.383741463935804,-0.00400386862908675
3.90405327175863,-0.0209806486777667,-0.000366181390447753,0.999999932955592,-3.71547932874758e-05,-0.221808106201275,0.380091986930888,-0.00152892044467091
3.90720438623375,-0.0210405002012292,-0.000367225996524273,0.999999932572532,-0.000331503712417579,-0.220595250679695,0.384897321616174,-0.00217359519375333
3.91047029402506,-0.0211292408299993,-0.000368774812571726,0.999999932002567,-0.000474237563121269,-0.219332494735139,0.386647763882882,-0.0043614894597728
3.91331726790383,-0.0211932807968054,-0.000369892520769129,0.999999931589759,-0.00039259519799974,-0.218239602300486,0.383878630852174,-0.00566926745750233
3.91616424178259,-0.0212260859286152,-0.000370465078291531,0.999999931377811,-0.000201110929011648,-0.217160755427778,0.37894512512149,-0.00534075037091067
3.9196824686353,-0.0212732851067709,-0.000371288859297928,0.999999931072289,-0.0002341466589681,-0.215829238110385,0.378462610041798,-0.00536011761377879
3.92306611362934,-0.0212924633926557,-0.000371623583508413,0.999999930947954,-9.89241584643476e-05,-0.214562226995068,0.374451550782079,-0.00404391536442505
3.92644975862339,-0.0213011036563773,-0.00037177438454818,0.999999930891901,-4.45676335576402e-05,-0.213303138192226,0.372110196269783,-0.00221165021618533
3.92966393219273,-0.0213467825366852,-0.000372571631352962,0.999999930595187,-0.000248041010479758,-0.212097658984984,0.375051060944673,-0.00252660383351844
3.93310667459591,-0.0214252679504117,-0.000373941460141856,0.99999993008389,-0.000397888869946547,-0.210800137350936,0.376886064101443,-0.00451877972135888
3.93582607830806,-0.0214764650497692,-0.000374835018030492,0.999999929749352,-0.000328585986429591,-0.20978214498588,0.374343963901448,-0.00564505758178679
3.93854548202022,-0.0214977005137741,-0.000375205646769503,0.999999929610359,-0.000136290453461386,-0.208777523962821,0.369426951418934,-0.00518076692601759
3.94211903419303,-0.0215381869009491,-0.000375912267478112,0.999999929344981,-0.000197736236738841,-0.207457019151446,0.369521626526526,-0.00530619403171705
3.94570470745891,-0.0215524078524124,-0.000376160469886366,0.999999929251648,-6.92205918937688e-05,-0.206146154300109,0.36558402122492,-0.00410116245642707
3.94929038072478,-0.0215240240139559,-0.000375665078485947,0.999999929437872,0.000138158554527275,-0.204855186471115,0.360034987370462,-0.000662465580900939
3.95237682542099,-0.0215758406407414,-0.000376569449166663,0.999999929097723,-0.000293013753266063,-0.203720647443427,0.367587674284649,-0.00180829678128668
3.95545354867598,-0.0216516737995325,-0.000377892987375583,0.999999928598442,-0.000430177885172555,-0.202584592747549,0.369241755506203,-0.00434105659201767
3.95915821631445,-0.0217780302785615,-0.000380098323807481,0.999999927762629,-0.000595285948834407,-0.201208867619581,0.371349136338665,-0.0093293267855294
3.96214959421721,-0.0217916113063416,-0.000380335357440916,0.999999927672505,-7.92389521730884e-05,-0.200133195486554,0.359590853444258,-0.00877562062349804
3.96478437586008,-0.0217520482391344,-0.000379644851705814,0.999999927934891,0.000262073248772535,-0.199206830804858,0.351590684640474,-0.00550703538503149
3.96900130806259,-0.0217377936614275,-0.000379396062409265,0.999999928029311,5.89977031925389e-05,-0.197712123454804,0.3544537304072,-0.00307262244410324
3.97140633880538,-0.0217702048265524,-0.000379961743914329,0.999999927814534,-0.000235207615341971,-0.196848199095331,0.359215516084861,-0.0037551327724835
3.97381136954818,-0.021800603407852,-0.00038049229920759,0.999999927612803,-0.000220602307559683,-0.195987147965798,0.358020841151926,-0.00444099042040774
3.97747572442351,-0.0218213236192761,-0.000380853935092446,0.999999927475137,-9.869019878336e-05,-0.194688486281266,0.354403907022625,-0.00419118160423271
3.98276205306433,-0.0218714201009361,-0.00038172828357752,0.999999927141756,-0.000165398068875336,-0.192816645223064,0.354090936334797,-0.00481640078263475
3.9847692341313,-0.0218782204818032,-0.000381846972605391,0.999999927096442,-5.91322021084078e-05,-0.192113006886259,0.350560469298225,-0.00473669540478745
3.98677641519828,-0.0218889642842822,-0.000382034487319156,0.999999927024823,-9.34219291561318e-05,-0.191409473694097,0.350508085063246,-0.00471375182359642
3.99010611364314,-0.0219141292670271,-0.000382473699092174,0.999999926856932,-0.000131907382118862,-0.19024310517224,0.350292538850746,-0.00506665909815297
3.99460893318248,-0.0219988641520204,-0.000383952601718016,0.999999926290197,-0.000328439263779031,-0.188654381787121,0.35282857135125,-0.00837739485792047
3.99888899457071,-0.0220789366762204,-0.000385350130802302,0.999999925752636,-0.000326520827836368,-0.187151478030851,0.351140701019976,-0.0119253326917597
4,-0.0220200420591892,-0.000384322225899523,0.999999926148211,0.000925202480378367,-0.186790818952152,0.324624047002881,-0.00824088136816818
4.0022794620745,-0.0219686127452761,-0.000383424615105832,0.99999992649278,0.000393781879446616,-0.186027622212178,0.334814405780573,-0.00486200793252346
4.004985497445,-0.0219720372599111,-0.000383484384157102,0.999999926469861,-2.20873150127461e-05,-0.185101208327146,0.342350988878916,-0.00443490109383225
4.00860258344768,-0.0219729798744508,-0.000383500835883186,0.999999926463552,-4.54833733062916e-06,-0.183868489993338,0.340804264232816,-0.00374069336665836
4.01287252111022,-0.0219441968869358,-0.000382998478019384,0.99999992665608,0.000117649937867457,-0.182430246900193,0.336829997721426,-0.00133121528290633
4.01540300272811,-0.0220157397224613,-0.000384247135963635,0.999999926177067,-0.000493446791830318,-0.181549636076673,0.348001272680591,-0.00479906161974941
4.01793348434599,-0.0220254845087009,-0.000384417214555858,0.9999999261117,-6.7211950318775e-05,-0.180693415496714,0.338362695032697,-0.00494817547730143
4.02145571433481,-0.022042387439991,-0.000384712226338293,0.999999925998249,-8.37571098952197e-05,-0.17950445451564,0.337559155662175,-0.00536539095037143
4.02596541892896,-0.0220952500637123,-0.000385634853105033,0.999999925642877,-0.000204586978131134,-0.177977888693813,0.338506833421187,-0.00773136807984577
4.0284263931807,-0.0220441173088225,-0.000384742418242796,0.999999925986633,0.000362634809287812,-0.177176511098745,0.325634286706254,-0.00467522675056747
4.03088736743244,-0.0220465192624794,-0.000384784340239488,0.999999925970503,-1.70347169478674e-05,-0.176358379936025,0.332441983958552,-0.00455996019655594
4.03455674502183,-0.0220430987769412,-0.000384724641509247,0.999999925993472,1.6269444396082e-05,-0.175145259803403,0.330606513793939,-0.00408619270589454
4.03927695766663,-0.0219789792399223,-0.000383605544555993,0.99999992642339,0.000237086148452803,-0.173613439293218,0.324523623288748,-0.000277173949517706
4.0417192431906,-0.0220598822968672,-0.000385017569170335,0.999999925880733,-0.00057815710110845,-0.172783591953621,0.339783097206724,-0.00458031097800483
4.04416152871457,-0.0220660160257982,-0.000385124622927669,0.99999992583951,-4.38334356161873e-05,-0.17198258753675,0.327973289367667,-0.00485223647756014
4.04770472885342,-0.0220754194846158,-0.000385288744232936,0.999999925776289,-4.63200810034723e-05,-0.170824337241939,0.326893838739017,-0.00529585417239295
4.05224592440926,-0.0221357377233675,-0.000386341496019804,0.999999925370121,-0.000231822622980121,-0.169329615717258,0.329147138963807,-0.00859338684566137
4.05497815398293,-0.0220624316396318,-0.000385062063592041,0.999999925863601,0.000468274165267907,-0.168473039118223,0.313508281767662,-0.0046772687325482
4.0577103835566,-0.0220516903270649,-0.000384874592335654,0.999999925935771,6.86147577369116e-05,-0.167597031174864,0.320620182066836,-0.00415351741299805
4.06097890697029,-0.0220438172444624,-0.000384737181132133,0.999999925988648,4.20407616232583e-05,-0.166551009964883,0.320028672764424,-0.00385433272757918
4.06495779550177,-0.0220275653234711,-0.000384453531622038,0.999999926097738,7.12886347100372e-05,-0.165285466491208,0.31806457096311,-0.00316122660599957
4.06759422356909,-0.0220569813383909,-0.000384966937897212,0.999999925900226,-0.000194735566476973,-0.164435913251263,0.322236457149868,-0.00495503674902559
4.07023065163641,-0.0220525992565898,-0.000384890456147358,0.999999925929666,2.90096120837757e-05,-0.163601003271501,0.316682252821685,-0.00494686056964558
4.07398650993888,-0.0220556191495638,-0.000384943163218908,0.999999925909378,-1.40332971080649e-05,-0.162412825265367,0.316353256818687,-0.00547038917764153
4.07878521258735,-0.0220796998459211,-0.000385363450625341,0.999999925747503,-8.75835550553013e-05,-0.160895292050406,0.316238226480504,-0.00746243073992403
4.08089663486875,-0.0220295155167319,-0.000384487568912974,0.999999926084652,0.000414830223670488,-0.160251945142261,0.304698360822128,-0.00489359885972379
4.08300805715015,-0.0220206166005834,-0.000384332253537799,0.999999926144357,7.35596038835913e-05,-0.159595596891975,0.310855983698045,-0.00467757752901868
4.08658329124088,-0.022003425068285,-0.000384032204717872,0.99999992625963,8.39242506799585e-05,-0.158488800467426,0.309573134642181,-0.00427621427928505
4.09135227370705,-0.021886110246209,-0.000381984674961437,0.999999927043851,0.000429343139997221,-0.157053513093536,0.300963021791761,0.00127694401982724
4.0954820909357,-0.0218103873951271,-0.000380663061987146,0.999999927547814,0.00032001732696753,-0.155808306840734,0.301516068111524,0.00503968347365605
4.09730231432628,-0.0219357720865482,-0.000382851437524576,0.999999926712386,-0.00120225666158349,-0.15520506014548,0.331413549774249,-0.00242559718217009
4.09912253771686,-0.0219608108522879,-0.000383288446395306,0.999999926544981,-0.000240085313185044,-0.154638744727611,0.311124129488482,-0.00418914602502327
4.1021424623685,-0.0219611578333751,-0.000383294502357275,0.99999992654266,-2.00533560028343e-06,-0.153716571135502,0.305363112820981,-0.00483252253135044
4.10625118467378,-0.02199160901689,-0.000383825975731644,0.999999926338807,-0.000129352478453332,-0.152456760624726,0.306618558562358,-0.00736084557730021
4.11014019888497,-0.0220683537105834,-0.000385165423221018,0.999999925823796,-0.000344418280737911,-0.151253114687765,0.309498981386356,-0.0124898634922324
4.11340972487758,-0.0219082024919796,-0.000382370257361134,0.99999992689649,0.000854914771141414,-0.150325492874949,0.283717522023282,-0.00479294915443415
4.11620867247752,-0.0218309174996896,-0.000381021379881556,0.999999927411351,0.00048192312634517,-0.149513293213953,0.2901803738711,-0.0012485772451114
4.11853936692926,-0.0218688484243994,-0.000381683399357929,0.999999927158889,-0.000284043892591742,-0.148802834991418,0.304826839059704,-0.00385690136760468
4.12144512371186,-0.0218612252120806,-0.000381550349213076,0.999999927209663,4.57884690616611e-05,-0.147939461235056,0.297125265793643,-0.0042420952075695
4.12578439139479,-0.0218396800787539,-0.000381174315726088,0.999999927353068,8.66582893264598e-05,-0.14665965154373,0.294936792297776,-0.00429440070718588
4.12847195244716,-0.0218415801081902,-0.000381207477493227,0.999999927340427,-1.23389827811996e-05,-0.145865100803103,0.295640071107253,-0.005238719095426
4.13115951349952,-0.0218204209255491,-0.000380838180115915,0.999999927481138,0.000137409866017321,-0.145081449430494,0.29158458443895,-0.00494830644051819
4.13496577498197,-0.0218042801411899,-0.000380556470305407,0.999999927588384,7.4012211778258e-05,-0.143971299008296,0.291664255679483,-0.00531505033427895
4.1386539035618,-0.0217595192043213,-0.000379775244637226,0.999999927885379,0.00021182171600712,-0.142911115015698,0.28745852256762,-0.00417010813102027
4.14234203214163,-0.0216420468721383,-0.000377724965807696,0.999999928661923,0.000555913095817915,-0.141881857820376,0.279073023904492,0.000852246713540172
4.14531266064111,-0.0216614797216045,-0.000378064132989708,0.999999928533753,-0.000114173551586604,-0.141015955130242,0.29148804378841,-0.00117971360157358
4.14812592774723,-0.0216959825942793,-0.000378666321676175,0.999999928305906,-0.000214053165538427,-0.140193221388035,0.292447787988406,-0.00405517925990864
4.15138955578519,-0.0217019277521691,-0.000378770084248462,0.999999928266609,-3.17936292130485e-05,-0.139254584941762,0.287605215838467,-0.0055965138455043
4.15465318382314,-0.0216966773434112,-0.000378678447335132,0.999999928301314,2.80782365009774e-05,-0.138323883000259,0.285174024330856,-0.00659226535683471
4.15792490258228,-0.021661763537965,-0.000378069086519315,0.99999992853188,0.000186250990472528,-0.13740538186863,0.280739635417549,-0.00604100964767175
4.16196920029376,-0.021555347640691,-0.000376211778867508,0.999999929232346,0.000459241113388268,-0.136297962224333,0.273822483728905,-0.00210393026246325
4.16426080034571,-0.0215675567963315,-0.000376424868817234,0.999999929152157,-9.29874148992221e-05,-0.135647368121385,0.28390386114464,-0.00357720453735962
4.16655240039766,-0.0215634926658024,-0.000376353936363296,0.999999929178855,3.09532454853385e-05,-0.135004502264403,0.280531437601964,-0.00430721906561325
4.1700594715681,-0.0215309325415807,-0.000375785655030953,0.999999929392568,0.000162038734006416,-0.134033779381517,0.276790186371953,-0.00406663975109996
4.17498618019027,-0.0214613077840633,-0.000374570473856896,0.999999929848478,0.000246651741106381,-0.132686266286722,0.273511830744953,-0.00240083804607984
4.17719292610605,-0.0214796726980373,-0.000374891002050083,0.999999929728366,-0.000145249262001676,-0.132067971041707,0.280184157403055,-0.00448370437833487
4.17939967202182,-0.0214617775306445,-0.000374578672480812,0.999999929845407,0.000141534006687159,-0.131464361174231,0.273529391471847,-0.00455392802912906
4.18316191238825,-0.0214368640601737,-0.000374143850423469,0.999999930008187,0.000115575307652807,-0.130437411238073,0.272962340557555,-0.00497732042788629
4.18813294333904,-0.021517771944372,-0.000375555959294341,0.999999929478858,-0.000284067627834043,-0.129047986248279,0.279504393263118,-0.0117717748382542
4.19097891442489,-0.021370089383465,-0.000372978412539264,0.99999993044355,0.000905682755675214,-0.128325591947185,0.253830513136759,-0.00524288565987346
4.19382488551074,-0.0213087931643947,-0.000371908591771664,0.999999930841997,0.00037590713662551,-0.127575435906589,0.263585264209781,-0.00333551778307324
4.19670539502231,-0.0212853970950088,-0.000371500253357063,0.999999930993778,0.000141759102398181,-0.126805443928148,0.26731103485293,-0.00351473571574921
4.20003278460339,-0.021256757430079,-0.000371000396941817,0.99999993117935,0.000150224804613862,-0.125920335618232,0.26600681655888,-0.00367306938034714
4.20366724952966,-0.0212476742783273,-0.000370841866048197,0.999999931238153,4.36187740813817e-05,-0.124950253902415,0.266911838605371,-0.00505900096693289
4.20730171445593,-0.0213019635899353,-0.000371789393219077,0.999999930886321,-0.000260706116422158,-0.123962435806165,0.271791891320905,-0.00990734959826513
4.2102362312414,-0.0212256769056497,-0.000370457939494556,0.999999931380455,0.000453721656255456,-0.123211075427461,0.256042283494224,-0.00746354897542986
4.21310443410457,-0.0211478399817869,-0.000369099428986407,0.999999931882803,0.000473645228680702,-0.122480873611638,0.254585135939902,-0.00486245226373098
4.21709053348231,-0.0210179464650195,-0.0003668323595953,0.999999932717008,0.000568743859534198,-0.121478738565822,0.251407441422675,-0.000170708982528883
4.21963391674198,-0.0210413176612062,-0.000367240263891412,0.999999932567292,-0.000160378630329463,-0.12080452464411,0.265085460144459,-0.00278145915068889
4.22217730000164,-0.0210377370856785,-0.000367177771063551,0.99999993259024,2.45707491534078e-05,-0.120142229246805,0.260399369536527,-0.00403012293408384
4.22616023978313,-0.0209963825996937,-0.000366455999171205,0.999999932854998,0.000181215880857748,-0.119122467655869,0.25603238986345,-0.00409020974131072
4.22914137198189,-0.0209816928759546,-0.000366199615142952,0.999999932948919,8.60022395390013e-05,-0.118357149637748,0.256720590397636,-0.00506175888246271
4.23212250418066,-0.0209481568010714,-0.000365614300257228,0.999999933163089,0.000196339808462607,-0.117601723716887,0.253402355378235,-0.00504295643441649
4.23586023466895,-0.0209125478659368,-0.000364992807137469,0.999999933390123,0.000166275541581684,-0.116656783157599,0.252811314846886,-0.00539938513020663
4.23908065378725,-0.0208471234179242,-0.000363850935184171,0.999999933806246,0.000354572491086681,-0.115858988075599,0.247730203023984,-0.00385432007434752
4.24230107290556,-0.0207880097084534,-0.00036281920638894,0.99999993418111,0.000320370990678693,-0.115062650885786,0.247277500399497,-0.00264897753900564
4.24555264365607,-0.0207509831919572,-0.000362172971807995,0.999999934415367,0.000198745367389203,-0.114254301665778,0.248602685295776,-0.0026597265953975
4.2491673867152,-0.0207348189301193,-0.000361890852236257,0.999999934517503,7.80469277101222e-05,-0.113351190513091,0.249841036531307,-0.00401787227906167
4.25182957477941,-0.0207239084632842,-0.000361700428679518,0.999999934586398,7.15289696330411e-05,-0.112688680006796,0.248859393219813,-0.00517639158487272
4.25449176284361,-0.0206837871058709,-0.000361000178938003,0.999999934839433,0.00026303543188661,-0.112039069774439,0.244013652187839,-0.00474918770038635
4.25809890407087,-0.0206437068816491,-0.000360300647105889,0.99999993509172,0.000193929717062999,-0.111157799345398,0.244312704582109,-0.00494929926216703
4.26191325746618,-0.0205756698433211,-0.000359113176850584,0.999999935518861,0.000311316285897009,-0.110240026249201,0.240610400002351,-0.00383494457419627
4.26480675568105,-0.0205261004485438,-0.000358248027759151,0.999999935829173,0.000298997643282036,-0.109546513739373,0.239679605214619,-0.00306268577622992
4.26770025389591,-0.0204997648012671,-0.000357788384032986,0.999999935993734,0.000158853996612752,-0.108847683194205,0.241517531125148,-0.00356818453469762
4.27139522117911,-0.0204560666713562,-0.000357025707837788,0.99999993626632,0.000206409471438877,-0.107963137176874,0.239392110818132,-0.00369314661890736
4.27428372430003,-0.0204388526504594,-0.000356725266514765,0.99999993637354,0.000104012815489003,-0.107268956916763,0.240325258811258,-0.00475118160975749
4.27717222742094,-0.0204014759808096,-0.000356072920607375,0.999999936606036,0.000225842217062646,-0.106584864697395,0.236832778339248,-0.00474084409836698
4.28095410281811,-0.0203620933230376,-0.000355385563604558,0.999999936850549,0.000181750315418415,-0.105690196465172,0.236567347748862,-0.00526462731553662
4.28453049422364,-0.0202888263305076,-0.000354106813432338,0.99999993730418,0.000357553217106841,-0.104861532419252,0.23170395853135,-0.00386562949437659
4.28810688562918,-0.0201562834272603,-0.00035179350351461,0.999999938120664,0.000646827989307073,-0.104058392349777,0.224567162372587,0.000718363610002992
4.29102341052322,-0.0201568022662487,-0.000351802558962684,0.999999938117478,-3.10487616714277e-06,-0.103368093595468,0.236685363365294,-0.00132386618403643
4.29385799321673,-0.0201630311920863,-0.000351911274220684,0.999999938079226,-3.83531815737672e-05,-0.102697973373246,0.236408775004286,-0.00368446779340303
4.29715092208342,-0.020144570804517,-0.000351589079696338,0.999999938192558,9.78443681361198e-05,-0.101932117728024,0.232575824206031,-0.00506914488090346
4.3,-0.0201036902546501,-0.000350875579545144,0.999999938443162,0.000250431969954604,-0.101281364153971,0.228408486221423,-0.00496842072194016
4.30339001028339,-0.0200577394039932,-0.000350073585956344,0.99999993872424,0.000236575576771918,-0.100509735595233,0.22761835340705,-0.00500076585327955
4.30792120320423,-0.0199524570702492,-0.000348236062700334,0.99999993936582,0.000405527506799174,-0.0995001077764368,0.222817221961973,-0.00285183849946073
4.31014415414236,-0.0199367493436778,-0.00034796191117027,0.999999939461252,0.000123327754099889,-0.0989945808756548,0.22741253174321,-0.00352561965191509
4.3123671050805,-0.0199147725642003,-0.000347578344032598,0.999999939594646,0.000172548639867371,-0.0984929713793413,0.225650277614563,-0.00398862736553281
4.31588231776417,-0.019859812935306,-0.000346619117610501,0.999999939927592,0.000272878646670516,-0.0977103864376292,0.22262804903578,-0.00368212159979864
4.32070746584562,-0.0197374885742196,-0.000344484154881609,0.999999940665332,0.00044246576899202,-0.096659687032974,0.217754851648227,-0.000702509553449443
4.32314049006755,-0.0197643760379457,-0.000344953429623257,0.999999940503564,-0.000192877146598119,-0.0961013805186846,0.229470183345029,-0.00406398634931315
4.32557351428948,-0.0197323189453866,-0.00034439392784272,0.99999994069641,0.000229961464718875,-0.095566039278485,0.220031200418802,-0.00422913292124041
4.32924920707105,-0.019688122022499,-0.000343622546064723,0.999999940961771,0.000209860254781969,-0.0947595566202504,0.219409702105339,-0.00469974827429165
4.33396486983446,-0.0196972682359509,-0.000343782177594121,0.999999940906905,-3.38513474850058e-05,-0.093708138569256,0.222962943650664,-0.00894436355014812
4.33652019696162,-0.0195723807902322,-0.000341602480599914,0.999999941653871,0.000853001206392534,-0.0931876915854526,0.203671372745675,-0.0041953217795271
4.33907552408878,-0.0195277662385386,-0.000340823809823888,0.999999941919564,0.000304724515729705,-0.0926408838622119,0.213987366794819,-0.00379089679327055
4.34246300329734,-0.0194702456772057,-0.000339819886699171,0.999999942261221,0.000296362906174299,-0.0919187935096472,0.213164512047855,-0.0033802245343925
4.34672344969891,-0.0193731578901653,-0.000338125385249191,0.99999994283561,0.000397728638648045,-0.091024848684988,0.20982421568057,-0.001514744292915
4.34949308989952,-0.0193826408456295,-0.000338290894035396,0.999999942779634,-5.97582298359995e-05,-0.0904211298218175,0.217977361477851,-0.00426585429002063
4.35226273010012,-0.0193460883969548,-0.000337652933492792,0.999999942995247,0.000230340597634582,-0.089836327064919,0.211147555112413,-0.00455313989714741
4.35565434036826,-0.0193011257385204,-0.000336868187107292,0.999999943259911,0.000231378716329224,-0.0891237258231728,0.210107053997621,-0.00489392002353613
4.35981622490236,-0.0192477285442865,-0.000335936230309318,0.999999943573423,0.000223926647428679,-0.0882538400128005,0.209012480582707,-0.00548399420629882
4.36224645530569,-0.0191793248942727,-0.000334742361463322,0.999999943973774,0.000491257500312208,-0.0877617656079279,0.202480556657579,-0.00374270031782839
4.36467668570902,-0.0191439993101455,-0.000334125813744591,0.999999944179969,0.000253699300430397,-0.0872598668660624,0.206523110392226,-0.00382788439403205
4.36848741233334,-0.0190766841155169,-0.000332950942027052,0.999999944571834,0.000308306498658899,-0.0864809995533235,0.20438813631197,-0.00335317538000568
4.37351388074845,-0.0189217432309727,-0.00033024671359448,0.999999945468553,0.00053799772681789,-0.085484427476268,0.198264864066497,0.000940551659546762
4.37554990694808,-0.0189660016776125,-0.00033101916916794,0.999999945213153,-0.000379393750346396,-0.0850450372308611,0.21580775605259,-0.00325747561345582
4.37758593314771,-0.0189446858928895,-0.000330647138562237,0.999999945336233,0.000182723889373244,-0.0846303136510375,0.203692653806971,-0.00383424157809721
4.38133139194756,-0.0188940736532153,-0.000329763788386273,0.99999994562792,0.000235845665732378,-0.0838749546234308,0.201673297711407,-0.00425433492398639
4.38503982294166,-0.0188596563197251,-0.000329163092629714,0.999999945825828,0.000161981115495063,-0.0831259496795162,0.201973542208681,-0.00553845328339345
4.38874825393575,-0.0188195550836153,-0.000328463194063314,0.999999946055964,0.000188731731923717,-0.0823833984782352,0.200233252947848,-0.00657734006689152
4.39166642791586,-0.0187166595407744,-0.00032666732815146,0.999999946644227,0.000615407450152881,-0.0818275608716784,0.190474457775846,-0.00352529298277286
4.39458460189597,-0.0186572302953272,-0.000325630092201599,0.99999994698252,0.000355440084141203,-0.0812589939933827,0.194836525228191,-0.00280110253749213
4.39773536065846,-0.0186074655355049,-0.000324761533337161,0.999999947264972,0.00027566658568265,-0.0806430457631048,0.195492031193144,-0.00281132704348688
4.40148029896257,-0.0185524991328058,-0.000323802188682527,0.99999994757607,0.000256171030647665,-0.079913568188198,0.194790278415586,-0.00304046235178585
4.40420393086036,-0.0185329349606658,-0.000323460729481138,0.999999947686577,0.000125369077791747,-0.0793785723879067,0.19642735155394,-0.00436902700320914
4.40692756275815,-0.0184857179287577,-0.000322636636854324,0.999999947952799,0.000302571236033445,-0.0788557627079329,0.1919531344883,-0.00420467731069354
4.41064172609631,-0.0184327451149932,-0.00032171208688807,0.999999948250665,0.000248925512978554,-0.0781425375120031,0.192028494978308,-0.00459690278054015
4.4145824405548,-0.0183494944196404,-0.000320259088224441,0.999999948717057,0.000368714544985604,-0.0774001815644157,0.188381055112316,-0.00361335714018726
4.41729432768316,-0.018291134952759,-0.000319240523429721,0.999999949042743,0.000375592640319893,-0.0768925278361078,0.187195743878858,-0.00280825864045423
4.42000621481152,-0.0182564094520783,-0.000318634449139265,0.999999949236043,0.000223488033459933,-0.0763787738608879,0.189445191080441,-0.00330691334783959
4.42367902393682,-0.0181934477856059,-0.000317535560812372,0.999999949585583,0.0002991956143094,-0.0756923081886007,0.186904804706167,-0.00314311761562849
4.42708829430212,-0.018159155209616,-0.000316937042482474,0.999999949775454,0.000175556144242735,-0.0750502719658286,0.188320712051893,-0.00429917116418903
4.43049756466743,-0.0181351971235944,-0.000316518895019895,0.999999949907893,0.000122650138812008,-0.0744081709740682,0.188339709955055,-0.00604143474819971
4.43377637572878,-0.01807890737874,-0.000315536453686138,0.999999950218372,0.000299633423345977,-0.0738058606107272,0.183697795350535,-0.00596696453229471
4.43726342666618,-0.0179791087438615,-0.000313794639004745,0.999999950766461,0.000499509413224349,-0.0731831407950043,0.17858064791752,-0.00376533678855406
4.43991165297961,-0.0179169231503729,-0.000312709295704313,0.999999951106447,0.000409837840587657,-0.07270788008954,0.179463780362929,-0.00273479376919501
4.44255987929304,-0.017882662846992,-0.000312111340636764,0.999999951293254,0.000225794560569799,-0.0722248411647426,0.182400923345658,-0.00324698260296864
4.44613842905822,-0.0178199956348292,-0.000311017591504564,0.999999951634028,0.00030564034512784,-0.0715813434221538,0.179820817038882,-0.00308005423716921
4.44989552507695,-0.0177783490476278,-0.000310290721470754,0.999999951859833,0.000193465928275356,-0.07090135697414,0.180987242440456,-0.00419307317303297
4.4528593213838,-0.017742837130727,-0.000309670921626919,0.999999952051959,0.000209123640575338,-0.0703689231349101,0.179645894692088,-0.00498407200299097
4.45582311769065,-0.0176833475917434,-0.000308632633350779,0.999999952372948,0.000350323780131684,-0.0698476804355554,0.175869946982992,-0.00448452853350618
4.45952384671336,-0.0176143436002831,-0.000307428286559914,0.999999952743923,0.000325435026615635,-0.0691986848996097,0.175369645268257,-0.0041600739597937
4.46240001860276,-0.0175438575076568,-0.000306198072224622,0.999999953121369,0.000427726311395898,-0.068703137111178,0.172294218665365,-0.00296728575512164
4.46527619049216,-0.0174968150375566,-0.000305377026271489,0.999999953372435,0.00028546485505415,-0.068201737673697,0.17432874555533,-0.0030425292094657
4.46895110094849,-0.0174281007624351,-0.000304177735983198,0.999999953737951,0.000326345460180585,-0.067567762477528,0.172514460883737,-0.00268476771131827
4.47246574342472,-0.017394565436449,-0.000303592434156037,0.999999953915816,0.000166532402127767,-0.0669537631497284,0.174697521000378,-0.00406945247483756
4.47598038590094,-0.0173987160052192,-0.000303664875243567,0.999999953893821,-2.06112261374365e-05,-0.0663300370482497,0.177465021178508,-0.00751170766002816
4.4789915844747,-0.0173213972904427,-0.00030231540915925,0.999999954302696,0.000448149171569914,-0.0658273309864654,0.166945503417148,-0.00617151887018279
4.48201078114473,-0.0172291135093281,-0.000300704753405822,0.999999954788325,0.000533471649140024,-0.065331229955657,0.164315572990939,-0.00400247834470244
4.48512540637148,-0.0171483235176065,-0.000299294702111073,0.99999995521134,0.000452719430282643,-0.0648171389338601,0.165057104585381,-0.00252134318740215
4.48824003159824,-0.0170888060040145,-0.000298255925582657,0.9999999555217,0.000333515752026029,-0.0642983330375863,0.166570890075982,-0.00217513955050542
4.4916315927987,-0.0170346463502873,-0.000297310661345286,0.999999955803184,0.000278710665504509,-0.0637328416700674,0.166734826262744,-0.00237194484830447
4.4948944843121,-0.0170108703658839,-0.00029689569215286,0.999999955926473,0.000127178365887221,-0.0631818985531099,0.168851190637322,-0.00410029875162723
4.4981573758255,-0.0169841692406441,-0.000296429669623945,0.999999956064724,0.000142825021153534,-0.0626350935024429,0.167582970019671,-0.00570332548960639
4.5012884827673,-0.0169204545826755,-0.000295317639109286,0.999999956393745,0.000355155727352741,-0.0621268232805488,0.162329243728202,-0.00521525263176073
4.50473811083092,-0.0168332788783994,-0.000293796136107928,0.999999956841914,0.000441062931800667,-0.0615761669399161,0.159627742607841,-0.00377291835619425
4.50754799265719,-0.0167618446776341,-0.000292549374159623,0.999999957207431,0.000443706205089739,-0.0611303164398251,0.158672331313978,-0.00251685840855733
4.51035787448346,-0.0167192806202023,-0.00029180649124614,0.999999957424485,0.000264382273392231,-0.0606764662452529,0.161519317406575,-0.00282907668917522
4.51392918476383,-0.0166551433543866,-0.000290687084831904,0.999999957750508,0.000313444191019573,-0.0601064630703467,0.159606175368831,-0.0026971074620122
4.51740205669603,-0.0166191628606907,-0.000290059106776893,0.999999957932856,0.000180823852346677,-0.0595462761344074,0.161303654979692,-0.00398754805557455
4.52087492862822,-0.0166059778470788,-0.000289828984887117,0.999999957999579,6.62627081969958e-05,-0.058981410795828,0.162650782870216,-0.00653165181391258
4.52400937734356,-0.0165373589290308,-0.000288631358888118,0.999999958345968,0.000382085067536718,-0.0584946949496441,0.155279569195499,-0.00582087173348612
4.52724882641759,-0.0164402052771607,-0.000286935707852864,0.999999958833949,0.000523438111457995,-0.0580039193168384,0.15149972158573,-0.0036633057710265
4.53012666997583,-0.0163653887892012,-0.000285629913856702,0.999999959207775,0.000453740456436536,-0.0575663159361956,0.152059475015211,-0.00231379102678645
4.53300451353408,-0.0163204843182905,-0.000284846183022327,0.999999959431325,0.000272332686053098,-0.0571203974317627,0.154948834225264,-0.0025821873857859
4.53651020117321,-0.01625944085274,-0.000283780773604704,0.999999959734235,0.000303908839108138,-0.0565825785332943,0.153413239806456,-0.00257662168240376
4.53986758116207,-0.0162259763199177,-0.000283196707347783,0.999999959899812,0.000173964901896226,-0.0560618314540095,0.155105195424113,-0.00392139399437411
4.54322496115093,-0.0161986971748697,-0.000282720596468625,0.999999960034531,0.000141810250790243,-0.0555420130001762,0.154828603124607,-0.00562507605660561
4.54644423958429,-0.016136349312593,-0.000281632421033639,0.999999960341589,0.000338018441346679,-0.0550593749120935,0.149921200688924,-0.00533985554230055
4.54992071390473,-0.0160388172703845,-0.000279930165838009,0.99999996081955,0.000489649888315094,-0.0545521258318368,0.14590905426076,-0.00342109450663807
4.5526250418489,-0.0159715579402674,-0.000278756269120582,0.99999996114747,0.000434080772548734,-0.0541567720660695,0.14619298174264,-0.00230998152544285
4.55532936979306,-0.015933040809432,-0.000278084018395137,0.999999961334639,0.000248583295140299,-0.0537531981877221,0.149232595557868,-0.00277307873941685
4.55891074710741,-0.0158676128296407,-0.000276942084768824,0.99999996165154,0.000318853214853848,-0.0532269383685574,0.146943416728553,-0.00262391571300791
4.56253150841095,-0.0158264221011158,-0.000276223170962267,0.999999961850379,0.000198553225078177,-0.0526895593667101,0.148416025470285,-0.0038049489651847
4.56615226971448,-0.0158339807469668,-0.000276355094214324,0.99999996181393,-3.64352261949933e-05,-0.0521383921190113,0.152224132300797,-0.00762842876004443
4.56921216292535,-0.0157533077853389,-0.000274947085470074,0.999999962202049,0.000460149652523923,-0.0517063211343518,0.141204596005003,-0.00624272097371455
4.57222327761311,-0.015650626677057,-0.000273154962118256,0.999999962693183,0.000595169432237396,-0.0512918777648452,0.137637855904747,-0.00358636520766685
4.57595721458375,-0.0154963217460692,-0.000270461833119941,0.999999963425198,0.000721257246434254,-0.0507909111763961,0.13416578597569,0.00113099718698735
4.57900750890336,-0.0154418515593255,-0.000269511149051737,0.99999996368187,0.000311669630284304,-0.0503589672982991,0.141607278785876,0.00124900486206915
4.58164781466732,-0.0154611142896025,-0.000269847347105768,0.999999963591204,-0.000127333004702058,-0.0499634590356053,0.149796386499163,-0.00226696467827457
4.58570588009611,-0.0154321272710528,-0.000269341428210125,0.999999963727597,0.000124669974623712,-0.049380011717263,0.143774744045077,-0.00446565884691581
4.58818985842098,-0.0153809150551448,-0.000268447606457602,0.999999963967941,0.000359834776289786,-0.0490369257206365,0.138119561347193,-0.00414490431764081
4.59067383674584,-0.0153237653899756,-0.000267450156669793,0.999999964235206,0.000401553352390421,-0.0486975732951883,0.136616500253245,-0.00344056453427817
4.59436793069955,-0.0152624212549464,-0.000266379499574885,0.99999996452098,0.000289829426772802,-0.0481874796663691,0.138083555862847,-0.0036494474694668
4.59827362710812,-0.0151746524972997,-0.000264847645827603,0.999999964927862,0.000392210156928577,-0.0476601894962025,0.135005416450262,-0.00266504864816045
4.60118073327355,-0.0151095044164542,-0.0002637105973552,0.99999996522836,0.000391127274824513,-0.047270224527994,0.134141976941128,-0.00188835579940595
4.60408783943898,-0.0150675179482833,-0.000262977795269744,0.999999965421339,0.000252072703632292,-0.0468742113705504,0.136222461412946,-0.00236745952986952
4.60779637626613,-0.0150049770657392,-0.000261886250989835,0.999999965707795,0.00029433287799769,-0.046375384254446,0.134507796296344,-0.00249135470468484
4.61067971037207,-0.0149740205349361,-0.000261345957620814,0.999999965849145,0.000187384939677184,-0.045983713202849,0.135839634675099,-0.00356962564844376
4.61356304447801,-0.0149225850203404,-0.000260448238569215,0.999999966083357,0.000311347575122274,-0.0456014545922829,0.132575205134466,-0.00354591203216309
4.61732933438353,-0.0148652056886195,-0.000259446780341927,0.999999966343683,0.000265900471350964,-0.0451018453802787,0.132652882421784,-0.00404118535158317
4.62090833627722,-0.0147756578881873,-0.000257883876438751,0.999999966747953,0.000436687099333495,-0.0446428760807273,0.128239468205218,-0.00264603696094307
4.6244873381709,-0.0146274688241818,-0.00025529748944155,0.999999967411595,0.000722655969226758,-0.0442080028781931,0.121506837786751,0.0019240201379396
4.6274081580718,-0.014615048808269,-0.00025508071927778,0.999999967466913,7.42155210466134e-05,-0.0438169024002676,0.133900922068213,-0.00010472949873562
4.63024781900459,-0.0146093803483537,-0.000254981785991959,0.999999967492144,3.48398246763365e-05,-0.0434364446299436,0.133979999488819,-0.00247417414773028
4.63353640644906,-0.0145776716894499,-0.000254428365510646,0.999999967633103,0.000168285170642252,-0.0430073027214916,0.130494297536215,-0.00387207704041197
4.63682499389352,-0.0145392585207994,-0.000253757929263213,0.999999967803456,0.000203867551159125,-0.0425832405402425,0.128949644310883,-0.00493039336549631
4.64013458688711,-0.0144737221737201,-0.000252614104263612,0.999999968093057,0.000345608973211558,-0.0421687387933064,0.125242514030877,-0.00456404477387805
4.64410552469384,-0.0143349084341303,-0.000250191347537328,0.999999968702144,0.000610122072106896,-0.0416963845973458,0.1189528063523,-0.000975837161485318
4.64642930787387,-0.0143152231919215,-0.00024984777525747,0.999999968788044,0.000147850407709477,-0.0413998746804787,0.127597927128228,-0.00198217693415569
4.6487530910539,-0.014287816041028,-0.000249369430250688,0.999999968907443,0.000205847527340195,-0.0411074363072827,0.125845808554446,-0.00267909829632647
4.65228096146155,-0.0142214782544505,-0.000248211617492259,0.999999969195496,0.000328190284923431,-0.0406747872239367,0.122637464915689,-0.00243244028413996
4.6572517519409,-0.0141100890832874,-0.000246267509763815,0.999999969676156,0.000391106363452911,-0.0400766956644793,0.120321216905525,-0.0009999968737609
4.65944454448198,-0.0141049067247692,-0.000246177060547395,0.999999969698427,4.12484161027044e-05,-0.039799128306053,0.126581677575901,-0.0028902942680502
4.66163733702307,-0.0140667870708783,-0.000245511747097383,0.999999969861991,0.000303409217996037,-0.0395344349813017,0.120710609778141,-0.00292081789264655
4.66532884750854,-0.0140096195472048,-0.000244513985614017,0.999999970106455,0.000270285433900515,-0.0390889518894446,0.120677726261432,-0.00331602640950598
4.67023776658753,-0.014032925264762,-0.00024492074710775,0.999999970006913,-8.2861725640168e-05,-0.0384662868713711,0.126843610182682,-0.00922749903083276
4.67311824921417,-0.0138750024425634,-0.000242164473978087,0.999999970678183,0.000956878956988267,-0.0381646169787478,0.104728940155025,-0.00345251025218633
4.67599873184082,-0.0137906817786632,-0.00024069280080845,0.999999971033487,0.000510912025267827,-0.0378387400791652,0.113132742606515,-0.00158874334153115
4.67889444555805,-0.0137444574314186,-0.000239886033777737,0.999999971227345,0.000278607325441567,-0.0374994103851517,0.117183439783324,-0.00179215303143444
4.68221356453324,-0.0136910784732258,-0.00023895439523269,0.999999971450398,0.000280688513642451,-0.037113034655909,0.116409123062712,-0.00201210979066577
4.68576503736125,-0.0136559248583465,-0.000238340848926541,0.999999971596819,0.000172758276167027,-0.0366946618953688,0.117802607763408,-0.00341770642747898
4.68931651018926,-0.0136620943099029,-0.000238448526166182,0.99999997157115,-3.0319038865119e-05,-0.0362645385916492,0.121111247234552,-0.00706705949418651
4.6923270750767,-0.0135783585654471,-0.000236987061765114,0.999999971918566,0.000485445255957188,-0.0359338618281345,0.109838776401616,-0.0054294010443444
4.6953642775304,-0.0134820352364142,-0.000235305902573882,0.999999972315566,0.000553522283659737,-0.0356065988033012,0.107751468603921,-0.0030987087591634
4.69920011955725,-0.0133186420141763,-0.000232454152948385,0.999999972982533,0.000743448161716661,-0.0352111656719765,0.103089003289859,0.00205663057349487
4.70227893043844,-0.0132593116623471,-0.000231418642990451,0.999999973222706,0.000336334391992836,-0.0348706767620693,0.110591044090171,0.00246664363125829
4.70486386058549,-0.013293068506574,-0.000232007811051477,0.999999973086187,-0.000227924177182689,-0.0345567600667466,0.121441074792847,-0.00173142224827713
4.70883642169248,-0.0132626029557498,-0.000231476086895439,0.99999997320941,0.000133849211124802,-0.0341065779228285,0.113322899709656,-0.00370506711591255
4.71136464692793,-0.0132173028871954,-0.000230685451568894,0.999999973392111,0.000312723461726259,-0.0338311514833733,0.108940625856103,-0.00368608843674034
4.71389287216338,-0.0131608268088232,-0.000229699758078802,0.99999997361901,0.00038987567341181,-0.03356114329741,0.106797520322676,-0.00300772442999199
4.71758867371495,-0.0131006759182128,-0.000228649927017212,0.999999973859605,0.000284060460095315,-0.0331610603432756,0.108253364947276,-0.00320311081930411
4.72136540710293,-0.0130156806572474,-0.0002271664799033,0.999999974197695,0.000392785775442497,-0.0327637450893984,0.105200768246258,-0.00215200934915174
4.72437159154288,-0.012948421860252,-0.000225992592474933,0.999999974463674,0.000390490830469472,-0.0324496251337054,0.104491245287151,-0.0012878458518011
4.72737777598283,-0.0129051703800451,-0.000225237711758174,0.999999974633986,0.000251109255287381,-0.0321289740699191,0.106663802634757,-0.00171479926060938
4.73107529654882,-0.0128496692045715,-0.000224269033531898,0.9999999748517,0.000261980490291571,-0.0317381417609926,0.10570118595716,-0.00210109730964889
4.73392237439585,-0.0128229348726051,-0.000223802431427474,0.999999974956235,0.000163888077954047,-0.0314335630161256,0.106979422844233,-0.00330082716978279
4.73676945224287,-0.0127712654421932,-0.00022290062976665,0.999999975157654,0.000316746408694305,-0.0311396293081381,0.103240488592503,-0.00315138103344827
4.74042997107601,-0.0127140140985438,-0.000221901405343488,0.999999975379883,0.000272973448142515,-0.0307610510596996,0.103422019034793,-0.00344465182010729
4.74396842190108,-0.0126278345250184,-0.000220397288074286,0.999999975712517,0.000425077916958817,-0.0304088326808114,0.0995402780200843,-0.00207631280153952
4.74750687272616,-0.0125006176107623,-0.000218176934109676,0.999999976199412,0.00062749325277098,-0.0300739168925285,0.0946504006526646,0.00152710246432713
4.75052047419633,-0.0124760494534395,-0.000217748138883431,0.999999976292874,0.000142286642966846,-0.0297610088299696,0.103831931878152,0.000152314118266696
4.75352530374881,-0.012467144532463,-0.000217592718696444,0.999999976326704,5.17234631631928e-05,-0.0294454053716733,0.105032066805985,-0.00209134243478868
4.75664234772122,-0.0124416592628913,-0.000217147916842167,0.999999976423391,0.000142699900521431,-0.0291258313479373,0.102524708205595,-0.00356375222795034
4.75975939169364,-0.0123946984445955,-0.000216328295962725,0.999999976601034,0.000262948134818045,-0.0288159606456016,0.0994117199108529,-0.0038909477688592
4.7631434781811,-0.0123324744987775,-0.000215242283259902,0.999999976835379,0.000320917545143247,-0.0284858686774031,0.0975424148945259,-0.00364079096036921
4.76639847523975,-0.012244848261174,-0.000213712916937763,0.999999977163394,0.0004698518400349,-0.0281805235389651,0.0938081150108697,-0.00189015298410379
4.7696534722984,-0.0121612075813764,-0.000212253111719798,0.999999977474308,0.000448481281171949,-0.0278759834924378,0.0935607747226466,-0.000321997324484777
4.77279330553585,-0.0121170781488967,-0.000211482907843278,0.99999997763749,0.000245300891977334,-0.0275713156582235,0.0970331260209223,-0.000753327748392194
4.77626432157102,-0.0120858003436891,-0.000210937007171784,0.999999977752789,0.000157274031043895,-0.0272306715166459,0.0981396046937323,-0.00216014917549276
4.77905774533568,-0.012061123904701,-0.000210506322073337,0.999999977843544,0.000154178221528197,-0.0269581613395606,0.0975541844144785,-0.00337914760596018
4.78185116910034,-0.0120075799439226,-0.000209571803683807,0.999999978039829,0.000334542299656133,-0.0266975259666865,0.093303198809843,-0.0030274073754106
4.78542909006895,-0.0119497822347748,-0.000208563043381115,0.999999978250728,0.000281940359664006,-0.026362199005553,0.093721176089552,-0.00314369518760864
4.78892539578897,-0.0118670444725811,-0.000207118997046292,0.99999997855086,0.000413020622808687,-0.0260463863677175,0.0903275237137199,-0.00184504198032177
4.79242170150899,-0.011757822182762,-0.000205212708512895,0.999999978943872,0.000545229372533098,-0.0257424777379322,0.0869227848254487,0.000907382979413861
4.79554308453937,-0.0117214238746161,-0.000204577438206929,0.999999979074036,0.000203522064776059,-0.0254515144210096,0.0932161526125504,0.000126813973997802
4.79874278741833,-0.011709942109111,-0.000204377043599111,0.999999979115012,6.26291313874034e-05,-0.0251461012971189,0.0954504638224723,-0.0020767137778336
4.80164979657394,-0.011686752012229,-0.000203972300063101,0.99999997919765,0.000139230226938078,-0.0248749436206877,0.0932772006954704,-0.00343693429256865
4.80455680572955,-0.0116339415279763,-0.000203050583252407,0.99999997938523,0.000317067054296633,-0.0246160074997022,0.0890730324966209,-0.0031957001664678
4.80804614460504,-0.0115751679347789,-0.000202024790558924,0.999999979592992,0.000293979103528515,-0.0243057784507121,0.0889076871179163,-0.00314373717718473
4.81137423793808,-0.0114942064779747,-0.000200611746599114,0.999999979877463,0.000424580637332545,-0.0240209870053821,0.0855719527161669,-0.00174391266753209
4.81470233127112,-0.0114104071540961,-0.000199149172515704,0.999999980169803,0.000439463069772147,-0.0237393859239555,0.0846133366005353,-0.000161985950250049
4.81793273708771,-0.0113620143837896,-0.000198304559356371,0.999999980337651,0.000261457297926251,-0.0234564095510935,0.0875977783995292,-0.00037029613669827
4.82145548219872,-0.0113392864024025,-0.00019790788125662,0.999999980416235,0.000112604828063003,-0.0231394601432991,0.0899722795167229,-0.0021904953195471
4.82413469193644,-0.0113142981925625,-0.000197471754729254,0.999999980502453,0.000162781782160845,-0.0229027585591414,0.088347538016823,-0.00324382773268068
4.82681390167415,-0.0112611864357836,-0.000196544779719934,0.999999980685075,0.000345988227148271,-0.0226774464590883,0.0840964769877993,-0.0027503945202003
4.83040512508681,-0.0112053025969419,-0.000195569422752237,0.9999999808763,0.000271594627892563,-0.0223721607994186,0.0850088186084259,-0.00289396315208341
4.83408478263781,-0.0111232496875306,-0.000194137329349355,0.999999981155348,0.000389192040352453,-0.0220707377035693,0.0819160728063141,-0.00171583722126518
4.8377644401888,-0.0109782832889107,-0.00019160718843574,0.999999981643342,0.000687602290597442,-0.0217942692019014,0.0751343019932573,0.00286871701733136
4.84078115013949,-0.0109645231864995,-0.000191367029347657,0.99999998168933,7.96096066282745e-05,-0.0215321521293246,0.0868883906177882,0.00105892249050613
4.84368738070004,-0.0109709884731126,-0.000191479869884073,0.99999998166773,-3.8827111659961e-05,-0.0212742452883412,0.0887427324194838,-0.00179320765336228
4.84747915926788,-0.0109910196456438,-0.000191829479791357,0.999999981600725,-9.22020913008731e-05,-0.0209360134903038,0.0892013581452624,-0.00609459502448641
4.85062837036465,-0.0109629403811317,-0.000191339404183076,0.999999981694616,0.000155618534996655,-0.0206730457516754,0.0835027346682809,-0.0073690934209196
4.85326674568853,-0.0108443817031332,-0.000189270164932662,0.999999982088402,0.000784285415783259,-0.020487952136562,0.070154391393001,-0.00328785737674302
4.85703823791161,-0.0107484020155623,-0.000187595003399253,0.999999982404057,0.000444164130287237,-0.020199465339425,0.0764914203910479,-0.00141989871350595
4.85969027203045,-0.0107008275686042,-0.000186764672674564,0.999999982559478,0.000313092027488392,-0.0199910940308053,0.078570372507561,-0.00107783504975789
4.86234230614928,-0.010671189893709,-0.000186247397674004,0.999999982655953,0.000195048399220296,-0.019777634599425,0.0804889461505284,-0.00173475318513568
4.86604534794227,-0.0106102392576589,-0.00018518360841209,0.999999982853515,0.000287274446179602,-0.0194886892487111,0.0780291897491839,-0.00160124882798299
4.86937773619343,-0.0105773469040511,-0.000184609528552718,0.999999982959661,0.00017227280434257,-0.019222988028429,0.0797329723478562,-0.00265833493460128
4.87271012444459,-0.0105459668555852,-0.000184061843396858,0.999999983060619,0.000164352147434726,-0.0189587575828089,0.0792916148134804,-0.00380812283590197
4.87612829918578,-0.0104977251199686,-0.000183219866287669,0.99999998321524,0.000246323604595333,-0.0186955106852668,0.0770138794749033,-0.00413895939894451
4.87988602989044,-0.0103924777254456,-0.000181382952754621,0.999999983550112,0.000488835871419236,-0.0184270961568128,0.0714299532217494,-0.00174588312918221
4.88232818072977,-0.0103467745023013,-0.000180585281045044,0.999999983694478,0.000326626721738665,-0.0182459292948224,0.0741833219606989,-0.00125321379608208
4.8847703315691,-0.0103192641461156,-0.000180105134759015,0.99999998378107,0.000196607959715112,-0.0180593506124142,0.0763993277579404,-0.00180811849541924
4.88834074120083,-0.0102590333856651,-0.000179053909695123,0.999999983969849,0.000294427023582664,-0.0177955861216026,0.0738751342331679,-0.00155823487218155
4.89338056887523,-0.0101754611756956,-0.000177595299491179,0.999999984229955,0.000289416686714394,-0.0174265633285005,0.0732213117080687,-0.00111228588616733
4.89551277014984,-0.010159145576863,-0.000177310538576599,0.999999984280486,0.000133552550809505,-0.0172650056481191,0.0757703704170671,-0.00215573785692556
4.89764497142446,-0.0101246703435653,-0.000176708832254587,0.999999984386994,0.000282199592787641,-0.0171106958873523,0.0723711042686112,-0.00209899493472589
4.90118152009987,-0.0100766081337558,-0.000175869988460662,0.999999984534873,0.000237192778595946,-0.0168532440813425,0.0727974728016463,-0.00245172787266899
4.90594058715026,-0.0100861380471963,-0.000176036316825054,0.999999984505607,-3.49497843181215e-05,-0.016483805379672,0.0776283876143974,-0.0069388255590673
4.90903089689005,-0.00995838310162038,-0.000173806572423162,0.999999984895638,0.000721527815575001,-0.0162936216541861,0.0615419622948672,-0.00265746457405486
4.91212120662985,-0.00985434165051997,-0.000171990706570049,0.999999985209598,0.000587599960246973,-0.0160966301999107,0.063744889950214,0.000413139377485376
4.9148887763114,-0.00983145821669135,-0.00017159131531147,0.99999998527821,0.000144311186501737,-0.0158965868206176,0.0722812439470687,-0.000586012271273317
4.91787451479385,-0.00980150973029226,-0.000171068615625489,0.999999985367764,0.000175065464281648,-0.0156840941577584,0.0711692146209601,-0.00140879552424192
4.92241440488896,-0.00978299910743192,-0.0001707455443147,0.999999985422979,7.11628054291082e-05,-0.0153542480094134,0.0726550954835264,-0.00399881548631829
4.92473188869657,-0.00972389990794638,-0.000169714068713329,0.999999985598567,0.000445084281896675,-0.0152048559639216,0.0644630374553141,-0.002821016349426
4.92704937250417,-0.00967634534445874,-0.000168884085018016,0.999999985739083,0.000358140024316014,-0.0150522500513443,0.0658498290587261,-0.00216615335649
4.93068566550039,-0.00962644044523784,-0.000168013080226093,0.999999985885802,0.000239530974315533,-0.0148058031239682,0.0677742216131907,-0.0024366389134959
4.93580076266523,-0.00957663395651836,-0.000167143793021286,0.999999986031476,0.000169945396734282,-0.0144555608882018,0.0684722546766411,-0.00405061167847415
4.93791013857058,-0.00951026968151837,-0.000165985517932905,0.999999986224404,0.000549107961984068,-0.0143286692872225,0.0601559924227366,-0.00204594222171683
4.94001951447594,-0.00947646490252182,-0.000165395513244605,0.999999986322162,0.000279705810093229,-0.0141909230541856,0.0653018898561774,-0.00190348269996654
4.94360332440639,-0.00941545284583845,-0.000164330651986538,0.999999986497718,0.000297131068109849,-0.0139598196304978,0.0644854018970172,-0.00149963493193048
4.94839063912893,-0.00924245989273011,-0.000161311355412072,0.999999986989323,0.000630686885964197,-0.0136868752640875,0.0570140845608615,0.0039982605247203
4.95256947483169,-0.0091329500977762,-0.000159400048951517,0.999999987295812,0.000457377753297863,-0.0134368624931683,0.0598283322682556,0.00703671674943192
4.95438380261419,-0.00922319497967636,-0.000160975119253539,0.999999987043505,-0.000868128867023076,-0.0132801796376169,0.0863586266288597,0.00032454595902735
4.95619813039669,-0.00922706229198725,-0.000161042616585693,0.999999987032638,-3.72023918053701e-05,-0.0131547358274159,0.0691406544125659,-0.00138690315248063
4.95914315634635,-0.00919577102981677,-0.000160496481040771,0.99999998712044,0.0001854433751401,-0.0129655822578853,0.0642281503674453,-0.00203743427397462
4.96315837718555,-0.00917452661088214,-0.000160125695987453,0.999999987179881,9.23448729053597e-05,-0.0127022722274625,0.0655779696729261,-0.0040544452997802
4.9671179214042,-0.00920347515821939,-0.00016063094344566,0.99999998709885,-0.000127602430179918,-0.0124273361971477,0.0694362823427454,-0.00880568976258577
4.97055068514571,-0.00901454032446298,-0.000157333408566577,0.999999987623099,0.000960606429415063,-0.0122670674930753,0.0466879506254322,-0.00148684820866804
4.97278058403937,-0.00897958538745042,-0.000156723329833402,0.999999987718899,0.0002735903149822,-0.0121327160275983,0.0602500256216771,-0.00116787068197226
4.97501048293304,-0.00895618371950373,-0.000156314893682277,0.999999987782827,0.000183163531444701,-0.0119950219302379,0.0617490316496109,-0.00161929868092681
4.97832582561802,-0.00890386451906497,-0.000155401751383701,0.999999987925148,0.000275429238069982,-0.0117979448089378,0.0594439670422159,-0.00138169136232962
4.9828947878786,-0.00879949974874912,-0.000153580242540339,0.999999988206554,0.000398670148977763,-0.0115405664684627,0.0563319033504977,0.000732013991812726
4.98564538852037,-0.00880969457612089,-0.000153758175842548,0.999999988179212,-6.46888907128182e-05,-0.0113611754852585,0.0652188400163239,-0.00195794369343543
4.98839598916214,-0.00877514709997455,-0.00015315520864264,0.999999988271741,0.00021921292311645,-0.011198836868371,0.0590193336038934,-0.00223734196002248
4.99183915946298,-0.0087334120371562,-0.000152426794391435,0.999999988383036,0.000211553363924425,-0.010996685089194,0.0587109441341843,-0.00264711083858826
4.99605436516147,-0.00868830276905767,-0.00015163948914905,0.999999988502733,0.000186777421506675,-0.010749485824184,0.0586446505086568,-0.00352116119755517
4.99866144796468,-0.00860881431056778,-0.000150252153846872,0.999999988712145,0.000532140872654999,-0.0106162595175971,0.051101678252376,-0.00118623910215229
5,-0.00859904903628782,-0.000150081717660248,0.999999988737739,0.000127328773217503,-0.0105372058873108,0.0590590639736462,-0.0016629213138261
5.00376377662314,-0.00852891052940915,-0.000148857569796457,0.999999988920712,0.000325244561523236,-0.0103315113323168,0.0546511059474892,-0.000755223524024292
5.00805968518225,-0.0083739076332916,-0.000146152258938511,0.999999989319759,0.000629741264311593,-0.0101259210662286,0.0478572258369868,0.00437287863723814
5.01181713004899,-0.00839476818962872,-0.000146516344326493,0.99999998926648,-9.68970682984935e-05,-0.00989266314494142,0.0620788673047197,0.000675573850784875
5.01388031843655,-0.00840220062632666,-0.000146646064816924,0.999999989247466,-6.28737989257762e-05,-0.00976688279429814,0.060964064843456,-0.00152294251511425
5.0159435068241,-0.00837578755558162,-0.000146185069771803,0.999999989314963,0.000223438176001468,-0.00965375036127371,0.0548337872133915,-0.00168834211750907
5.01914695300747,-0.00833712529032651,-0.000145510285953998,0.999999989413378,0.00021064309695145,-0.00947846629766686,0.054717343003021,-0.00200855581077023
5.02351507656694,-0.00832338667740508,-0.000145270501926397,0.999999989448241,5.48940584833516e-05,-0.00922794787401607,0.0573514966415356,-0.00453713699699215
5.02785072483507,-0.00832696827075496,-0.00014533301252216,0.999999989439158,-1.44178200253314e-05,-0.00897584090760398,0.058147467419187,-0.00823370953339446
5.02976937951945,-0.00820563446675509,-0.000143215338170433,0.999999989744683,0.00110372876943835,-0.00890883275185721,0.0349245522356385,-0.00288228807655968
5.03168803420383,-0.00816104860857727,-0.000142437168153339,0.999999989855826,0.000405581072699357,-0.00881504690444288,0.0488810457545517,-0.00186523200729631
5.03496168249807,-0.00810713801184215,-0.000141496250748079,0.999999989989405,0.000287421656259245,-0.00864833166973117,0.0509264342796676,-0.00138075846849653
5.03937844639922,-0.00797033211511497,-0.000139108537437547,0.999999990324407,0.000540602438226603,-0.00844854406370195,0.045233933825901,0.00271823286219898
5.04325412913626,-0.00780662102730802,-0.000136251239960377,0.9999999907178,0.000737237203897919,-0.00829097475487853,0.0406558842697354,0.00884576313595849
5.04569901058339,-0.00795324660919436,-0.000138810339107743,0.999999990365845,-0.00104671708093647,-0.0081037621555475,0.0765732831550046,-0.000907138306798831
5.04814389203051,-0.00793621671064063,-0.000138513111309557,0.999999990407059,0.000121571457541599,-0.00797556625644236,0.0524344030079453,-0.0018031351200335
5.05126940488153,-0.0078994276131877,-0.000137871020436297,0.999999990495791,0.000205435366929326,-0.0078182040962604,0.0503476285918365,-0.00209562332545819
5.05528742776204,-0.00786999499079552,-0.000137357324272922,0.999999990566483,0.000127847994776537,-0.00761149095205731,0.0514464825986247,-0.00343338694473616
5.05880461824386,-0.00778877478236705,-0.000135939764229924,0.99999999076019,0.000403037612992889,-0.00745204410566119,0.0453335829322879,-0.00164470205091663
5.06153625509455,-0.00773200127858779,-0.000134948879670171,0.9999999908944,0.000362743886908127,-0.00732710421677626,0.0457381034573765,-0.000505846793988844
5.06426789194524,-0.00770508054000766,-0.000134479024149143,0.999999990957696,0.000172005120363225,-0.00719253774124407,0.0492622126905701,-0.000992232377822599
5.06781874984323,-0.00765662658433033,-0.000133633343094557,0.999999991071065,0.000238162462841007,-0.00702387373008116,0.0474995102615012,-0.000903145481591851
5.07135992649406,-0.00763275842729332,-0.000133216765171586,0.999999991126647,0.000117638278954922,-0.00684862098722419,0.0494899746997727,-0.00211272066719165
5.07490110314489,-0.00764081815148441,-0.000133357433894274,0.999999991107897,-3.97237240068581e-05,-0.00666364938547345,0.0522345028191202,-0.00505188868376057
5.07802970885413,-0.00758296922484132,-0.000132347779664517,0.999999991242033,0.000322716996802842,-0.00652468712731146,0.0444166734566543,-0.00419497000205989
5.08120527754448,-0.00749596150797247,-0.00013082920854366,0.999999991441859,0.000478204467319572,-0.00639499057012221,0.0408419939343324,-0.00177345147747238
5.0841073440186,-0.00743305675614732,-0.000129731313518479,0.999999991584893,0.0003783149160399,-0.00627168824767009,0.0424877664077429,-0.000397418300726256
5.08700941049272,-0.00740042086393338,-0.000129161709749792,0.999999991658626,0.000196275233024148,-0.00613869567788197,0.0458268516500765,-0.000647902881837206
5.09049363130524,-0.00735664443608742,-0.000128397666955454,0.999999991757019,0.000219286561267317,-0.00598207027833982,0.0449527765230362,-0.000698409055289569
5.09380910409035,-0.00733948436260969,-0.000128098167175846,0.99999999179543,9.03339588296935e-05,-0.00582574105135235,0.0471514131226741,-0.00206119653833838
5.09712457687545,-0.00732379874978733,-0.000127824401589145,0.999999991830461,8.25721116375993e-05,-0.00567026628734541,0.0468936933234434,-0.00351793349267741
5.10037625952367,-0.00727866529593767,-0.000127036674223067,0.999999991930842,0.000242252229905078,-0.00552969450322913,0.0432304745955094,-0.00335960233993881
5.10394321488378,-0.0071976512519368,-0.000125622712426179,0.999999992109467,0.000396405804228064,-0.00538820508187374,0.039666720513975,-0.00150434998340064
5.10658707262734,-0.00714639123536027,-0.000124728056369301,0.999999992221456,0.000338390394137193,-0.00528121798104705,0.0404662849531614,-0.000500287432100181
5.10923093037091,-0.007122517446711,-0.000124311380155676,0.99999999227334,0.000157601602381707,-0.00516534861605845,0.0438258697052299,-0.000999147065788745
5.11282930040945,-0.00707389789432845,-0.000123462808892267,0.999999992378467,0.00023582101363463,-0.00501475212916079,0.041851306365007,-0.000815529378631941
5.11659411598113,-0.00704777944490767,-0.00012300695595782,0.999999992434644,0.000121082408747168,-0.00485006815483112,0.0437429061780243,-0.00192347384526379
5.11955073416322,-0.00702506588131959,-0.000122610529491336,0.999999992483329,0.000134081049719199,-0.00472271790625874,0.0430729437246744,-0.00271761656929784
5.1225073523453,-0.00697861120555835,-0.000121799742452411,0.999999992582411,0.000274227849200227,-0.00460485824031902,0.0398629984263054,-0.00222119451633178
5.12620546039592,-0.00692657461085382,-0.000120891532549977,0.999999992692619,0.000245587715850483,-0.0044567483239918,0.0400501862844118,-0.00192437416828922
5.1290865805644,-0.0068691942268515,-0.000119890055930336,0.999999992813187,0.000347599741884312,-0.00434847021079899,0.0375819496797202,-0.000741768468673607
5.13196770073287,-0.00683506696211783,-0.000119294422800293,0.99999999288442,0.000206736650841482,-0.00423290009498161,0.0401129106248299,-0.000805148815509679
5.13564923944136,-0.00678319100728835,-0.000118389016592296,0.99999999299202,0.000245931466726853,-0.0040895779081091,0.0389299687497626,-0.000434077842897083
5.13916879003234,-0.00676652284628792,-0.00011809810230462,0.999999993026419,8.26566580562852e-05,-0.00394232747835869,0.0418378500164066,-0.0018287466672009
5.14268834062331,-0.00678960191319275,-0.000118500908007579,0.999999992978767,-0.000114448051069396,-0.00378237415972867,0.0454470860683514,-0.00537561891515665
5.14568860684461,-0.00672598528363187,-0.000117390588370443,0.999999993109725,0.000370073707785407,-0.00367676664497348,0.035199381310075,-0.0039691169540795
5.14868835917657,-0.00664887030248189,-0.00011604467805593,0.999999993266816,0.00044867381528105,-0.0035770099067864,0.0332549914618387,-0.00179154078672339
5.15182375926158,-0.00658364814144738,-0.000114906336608202,0.999999993398267,0.000363060988854389,-0.00346836552968375,0.0346508815962697,-0.000314188368830466
5.1549591593466,-0.00653858169397009,-0.000114119778722703,0.999999993488338,0.000250863643978376,-0.00335366393611904,0.0365827615152097,0.000101742259881604
5.15834050024682,-0.00650268332288423,-0.00011349323395521,0.999999993559643,0.000185294766200547,-0.00322668523836431,0.0375527642736021,-0.000119351032674186
5.16160267506617,-0.00649706333292842,-0.000113395146627183,0.99999999357077,3.00680785333829e-05,-0.00309507357090705,0.0403447622354804,-0.00189565701599428
5.16486484988552,-0.00648885988028137,-0.00011325196936938,0.999999993586996,4.38901244265657e-05,-0.00296556208402292,0.0397009645577226,-0.00355305669951967
5.16797940208037,-0.00644142920680622,-0.00011242414795607,0.999999993680405,0.000265791473954863,-0.00285708992340982,0.0348275301959341,-0.00301669243068845
5.17140638057934,-0.00637407350376438,-0.000111248569175346,0.999999993811878,0.000343036522823112,-0.00274436014529388,0.0328948016889743,-0.00160378037265271
5.17424142262221,-0.00631759668068713,-0.000110262862667628,0.999999993921051,0.000347686735807965,-0.00265233828131571,0.0324587299188564,-0.000329916441965943
5.17707646466508,-0.00628994995511972,-0.000109780336282002,0.999999993974139,0.000170200787589688,-0.00255093494726935,0.0357678413628231,-0.000610405316993315
5.18063998769682,-0.0062465334184995,-0.000109022574772701,0.999999994057039,0.000212643922064683,-0.00242778653078098,0.03455805263267,-0.000494419401296908
5.18408198465542,-0.00623149673159813,-0.000108760135079236,0.999999994085616,7.62463471574777e-05,-0.00230056338975894,0.0369620143632635,-0.00181706927998399
5.18752398161401,-0.00623500013432345,-0.000108821280991455,0.999999994078964,-1.77646620016162e-05,-0.002168008149069,0.038511144049325,-0.0041521080404052
5.19067255909328,-0.00618669750894009,-0.000107978241146111,0.99999999417035,0.000267752613949537,-0.00206616871577278,0.032344585441123,-0.00354626962462377
5.19396044375683,-0.00611004090567914,-0.000106640331033515,0.99999999431392,0.000406921244875485,-0.00197025969084957,0.0291704347133819,-0.00148590002995413
5.19680584501385,-0.00605373763066367,-0.000105657653510376,0.99999999441823,0.000345356397889811,-0.00188460046965248,0.0301044434368433,-0.00017771758969308
5.19965124627087,-0.00602758882494997,-0.000105201270757744,0.999999994466346,0.000160393109422625,-0.00178905885735384,0.0335775532758077,-0.000495477364245316
5.20317504582168,-0.0059872512459431,-0.00010449724719566,0.999999994540163,0.000199791036862813,-0.0016747269924766,0.0324456210487135,-0.000459459113643514
5.20657166004648,-0.00597368924877512,-0.000104260545693223,0.999999994564869,6.96874852609685e-05,-0.00155672432440828,0.0347412629927199,-0.00177812245598878
5.20996827427127,-0.00597131465713418,-0.000104219101250923,0.999999994569189,1.22016925625897e-05,-0.00143592045327893,0.0355659675001021,-0.00371359124031658
5.21316739286315,-0.00592774142478894,-0.000103458604884862,0.999999994648158,0.000237720593444129,-0.00133791160510133,0.0306362034924985,-0.00333502087819497
5.21657538896866,-0.00585163572848354,-0.000102130309911828,0.9999999947847,0.000389758362078274,-0.0012451959854007,0.0272053185597169,-0.00133028706681243
5.2193221777741,-0.00580007407883975,-0.000101230389362436,0.999999994876204,0.000327626409523772,-0.0011678374680889,0.0281632563664127,-0.000158699810469808
5.22206896657953,-0.00577814346907224,-0.000100847628016977,0.999999994914878,0.000139348662939046,-0.00108069261235407,0.0317260852244899,-0.000596976104937572
5.22563339083549,-0.00573704262503048,-0.000100130282966721,0.999999994986963,0.000201251310833198,-0.000973217283509595,0.0301522268750122,-0.000487267417673375
5.22916843755357,-0.00572143978311994,-9.98579620040757e-05,0.999999995014194,7.70346153035144e-05,-0.000858914933360646,0.032334042309644,-0.00171473168100941
5.23270348427165,-0.00573758927821442,-0.0001001398238646,0.999999994986008,-7.97335606604302e-05,-0.000734541711283702,0.0351829076093551,-0.0046626502628083
5.2358240190786,-0.00568640722556292,-9.92465285323412e-05,0.999999995075063,0.000286263538771628,-0.00064903295817374,0.027401954600698,-0.00378596688029223
5.23899146279333,-0.00560734768250237,-9.7866679207514e-05,0.999999995211057,0.000435634996483726,-0.000572840164443945,0.0240549795330095,-0.00140739719770112
5.24190798597689,-0.00555043759814152,-9.6873410862538e-05,0.999999995307771,0.000340565902333268,-0.000497884100129005,0.0257004863659208,-1.74506353460644e-05
5.24482450916044,-0.00552350406572023,-9.64033320447889e-05,0.999999995353199,0.00016117781013849,-0.000413078363479814,0.0290776830190372,-0.000236692233382015
5.24830316285813,-0.0054877025469964,-9.57784776687285e-05,0.999999995413242,0.000179625347403845,-0.000314289098762488,0.0283987063106986,-0.0002968226478867
5.25161190899041,-0.00547836876395371,-9.56155724237126e-05,0.999999995428831,4.92347370421135e-05,-0.000212591592019502,0.0307359654314009,-0.00168132113061754
5.25492065512269,-0.00546990177432713,-9.54677955776711e-05,0.99999999544295,4.46624917138104e-05,-0.000111610328033706,0.0305194958902042,-0.0031273904034735
5.25816785794501,-0.00543187769509756,-9.48041502030793e-05,0.999999995506087,0.000204374476713606,-2.40646611478014e-05,0.0269603322231932,-0.00296101383279971
5.26173537293209,-0.00535945519063092,-9.35401390532011e-05,0.999999995625121,0.000354311379226931,6.00944882069589e-05,0.0235904122784838,-0.00114256418197567
5.26438405549678,-0.00531378024804008,-9.27429609227894e-05,0.999999995699372,0.000300971563937238,0.000124701708129475,0.024392209464312,-0.000127626197017294
5.26703273806148,-0.00529562433471283,-9.24260804578802e-05,0.99999999572871,0.000119637011430166,0.000198455353324688,0.0278454074407742,-0.000621980581733735
5.27063173930034,-0.00525499766750434,-9.17170113539856e-05,0.999999995793995,0.000197018300311784,0.000291976215246023,0.0259852263765768,-0.000440241690959997
5.27438641991868,-0.00523745108945435,-9.14107657958389e-05,0.999999995822036,8.15636775959946e-05,0.000397131471912229,0.0280064451161209,-0.00155622032367858
5.27734940784632,-0.00522136812922719,-9.11300651875767e-05,0.999999995847656,9.47356574805205e-05,0.000478427841418133,0.0274372935332189,-0.00235871014934032
5.28031239577395,-0.00518146742198453,-9.04336664751877e-05,0.999999995910876,0.000235032586114692,0.000550472913827612,0.0243150070702399,-0.00186712344856936
5.28400925177157,-0.00513730490830873,-8.96628852087129e-05,0.999999995980284,0.000208496427801555,0.000641272969379312,0.0245614261443352,-0.0015544439319823
5.28688701321493,-0.00508623589798515,-8.87715628363788e-05,0.999999996059805,0.000309727680151481,0.00070518826844578,0.0222100755481068,-0.000367030864160489
5.28976477465829,-0.00505869276594037,-8.82908444977698e-05,0.999999996102363,0.000167045931344296,0.000776747547160503,0.0248662997691559,-0.000440846073646545
5.29344160781872,-0.0050152114990039,-8.75319532297223e-05,0.999999996169079,0.000206398070803917,0.00086418349506886,0.0237802326331812,-8.24361105719526e-05
5.29696017343792,-0.00500624659541671,-8.73754861456004e-05,0.999999996182762,4.44689972147503e-05,0.000958375180922362,0.0267699102553242,-0.0014744039015935
5.3,-0.00499504513445264,-8.71799837714884e-05,0.999999996199825,6.43136609487193e-05,0.00103766885912448,0.0260849349733301,-0.00252872104242949
5.30308206505426,-0.00495807167048484,-8.65346750918169e-05,0.999999996255875,0.000209375425484523,0.00110815232947625,0.0228689106527653,-0.00221327687245857
5.30665272453598,-0.00490960734938711,-8.5688813122054e-05,0.999999996328714,0.000236892366026124,0.00118680434875282,0.0220273088708552,-0.00154515292205098
5.30949106703,-0.00485788645278307,-8.47861131875092e-05,0.999999996405658,0.000318037706769085,0.00124386942643924,0.0201050711133705,-0.000248950025766619
5.31232940952402,-0.00483292745916881,-8.43504965725138e-05,0.999999996442497,0.000153475705440977,0.00130978027739455,0.0232215989064509,-0.000391967717746527
5.31595171073563,-0.00479255573550025,-8.36458770722779e-05,0.999999996501684,0.000194522614647161,0.00138989666749783,0.0221175394929946,-0.000112779571710363
5.31953848295485,-0.00478287571636801,-8.34769288673542e-05,0.999999996515801,4.7103132060678e-05,0.00147893766196574,0.0248248255048777,-0.00144173362050612
5.32312525517407,-0.00482589524436656,-8.42277612709431e-05,0.999999996452842,-0.000209333729698498,0.00158566951486937,0.0297570758275817,-0.00561636491500273
5.32610047673043,-0.00476276769699203,-8.31259777244061e-05,0.999999996545036,0.000370319833169736,0.00163826973585668,0.0176794299150136,-0.00382667520488882
5.32902099525013,-0.00468922887964053,-8.1842483237966e-05,0.999999996650904,0.000439474867955334,0.00168509372267376,0.0160327649015855,-0.00139373713882677
5.33221662634635,-0.00463058877516221,-8.08190203444908e-05,0.999999996734143,0.000320269413473027,0.00174330794970238,0.0182168170467521,0.000116427104348135
5.33541225744256,-0.00458858132788733,-8.0085852081559e-05,0.999999996793128,0.000229428317359132,0.00180662465024307,0.0198135199697294,0.000758386774071669
5.33874740472576,-0.00456435857747529,-7.96630853343288e-05,0.999999996826896,0.000126761043120547,0.00187882178331849,0.0216473597550368,0.000389096995640574
5.34198945790716,-0.00456925576714773,-7.9748557417936e-05,0.999999996820084,-2.63635662638347e-05,0.00195828197382392,0.0245092187140246,-0.00150558013072414
5.34523151108856,-0.00456919190776723,-7.97474428614916e-05,0.999999996820173,3.43781050336367e-07,0.00203515777997939,0.023712074372042,-0.00315506456555166
5.34832355921738,-0.00452876419218584,-7.90418461177603e-05,0.999999996876193,0.000228197206692229,0.00209336178427692,0.0188237704824122,-0.00256719986766509
5.35174154950905,-0.00447166706080268,-7.80453131847543e-05,0.999999996954465,0.00029155522720732,0.00215243226982892,0.0172822274235191,-0.00124187305618849
5.35460296280696,-0.00442166990703691,-7.71726982375437e-05,0.999999997022187,0.000304959423538929,0.00220041564286389,0.0167691165306136,4.54787102734371e-05
5.35746437610488,-0.00439997980296478,-7.67941345075066e-05,0.99999999705133,0.000132299563797638,0.00225784391924328,0.0200698991722894,-0.000190780781584037
5.36102372074997,-0.00436552504380756,-7.61927855189908e-05,0.99999999709733,0.000168949357321685,0.00232575885222976,0.0190807409111314,-7.96569197343087e-05
5.36443993431425,-0.00435983697594093,-7.60935100069289e-05,0.999999997104889,2.90601013319621e-05,0.00239978721292911,0.0216697110137854,-0.00143571921288842
5.36785614787853,-0.00436933204955204,-7.62592303036813e-05,0.999999997092265,-4.85099347903585e-05,0.00247834650452831,0.0229960130187939,-0.00362475312809789
5.37101134812054,-0.00432989298427318,-7.55708887626397e-05,0.99999999714452,0.000218160969266322,0.00253299230461827,0.0173192811544799,-0.00307966646483837
5.37433230341742,-0.00426260159947589,-7.43964325430023e-05,0.999999997232585,0.000353650115086625,0.00258055113605487,0.014320828552337,-0.00110566168115079
5.37715998524763,-0.00421388909133435,-7.35462388913539e-05,0.999999997295475,0.000300668075485919,0.00262346508227049,0.0151763701832414,0.000180557457798707
5.37998766707783,-0.00419525042732009,-7.3220932837008e-05,0.999999997319348,0.000115043372895384,0.00267649502001451,0.0187538559598722,-0.00015711555424355
5.38352242435248,-0.00416306657371037,-7.26592186270328e-05,0.999999997360319,0.000158911678461989,0.00273881618619625,0.0176309605835697,-0.000100787489159787
5.38694587347731,-0.00415735986271665,-7.25596177309952e-05,0.999999997367551,2.90937276028756e-05,0.00280737929056928,0.0200274932890488,-0.00140626608923188
5.39036932260214,-0.00416646040352584,-7.27184521314085e-05,0.999999997356013,-4.63960161347771e-05,0.00288037662088224,0.0213227443000132,-0.00352380946881748
5.39355103659583,-0.00412920842658759,-7.20682824826629e-05,0.999999997403081,0.000204345724266947,0.00293122281295495,0.0159807550815928,-0.00305903560144594
5.39690770916849,-0.00406086815543935,-7.08755197424669e-05,0.99999999748833,0.000355340807726374,0.00297376965824214,0.0126753040000706,-0.000997184889524157
5.39969000047806,-0.00401467949747588,-7.00693755859286e-05,0.999999997545141,0.000289741105026644,0.00301216204395637,0.0137988375200718,0.000224362505610596
5.40247229178762,-0.00399853565871235,-6.97876124462828e-05,0.999999997564845,0.000101270179497667,0.00306070490428364,0.0174470804549995,-0.000182314480652337
5.40602171527157,-0.00396681100912777,-6.92339128583281e-05,0.999999997603333,0.00015599704904102,0.00311790300971913,0.0161147593952127,-0.000103636156761769
5.4094961981019,-0.0039608473862494,-6.91298280040024e-05,0.999999997610533,2.99569345015061e-05,0.00318198574335167,0.0184438193428773,-0.00136372683151273
5.41297068093223,-0.00397660022435343,-6.94047668947919e-05,0.999999997591489,-7.91308821701533e-05,0.00325297549727434,0.020431746935968,-0.00380673499660912
5.41613135163018,-0.00393774140049386,-6.87265524766074e-05,0.99999999763833,0.000214579272760686,0.00329793368884702,0.0142242567698821,-0.00320044635149868
5.4194100622247,-0.00386835001395601,-6.75154443118079e-05,0.999999997720832,0.00036938550466613,0.00333352524399548,0.010855351249355,-0.000989477672056073
5.42224101722025,-0.00382125128188228,-6.66934163654576e-05,0.999999997775994,0.000290371252630954,0.00336824223341517,0.0122633491080563,0.000297095002211574
5.42507197221581,-0.00380455924698462,-6.64020853982806e-05,0.999999997795382,0.00010290907777744,0.00341324600927447,0.0158970297761581,-5.85639689415982e-05
5.42859602586787,-0.00377502220797643,-6.58865668174255e-05,0.99999999782948,0.000146285679186753,0.00346542187788892,0.0148056396882276,-3.00593467596668e-05
5.43199632894543,-0.0037713576369087,-6.58226079867589e-05,0.999999997833692,1.88097441158747e-05,0.00352383453063543,0.0171786606705858,-0.0013307157439634
5.43539663202299,-0.00377896821950601,-6.59554377107886e-05,0.99999999782494,-3.9064083785555e-05,0.00358551286511969,0.0181390696880347,-0.00325351317322772
5.43860462052972,-0.0037454981277219,-6.53712744094707e-05,0.999999997863298,0.000182096444969143,0.00362856874897083,0.0134214582629636,-0.00290393914292888
5.44202213119614,-0.00367892615760088,-6.42093743437583e-05,0.999999997938578,0.000339984328232138,0.0036627239493133,0.00999417519834178,-0.000866246539963164
5.44475561773831,-0.00363620689481046,-6.346378255556e-05,0.999999997986174,0.000272762195173379,0.00369325810896725,0.01117040789591,0.000281000240444201
5.44748910428047,-0.00362294500738599,-6.32323189554386e-05,0.999999998000837,8.46770587729212e-05,0.00373380083035011,0.0148318715887155,-0.000174800398472985
5.45105643268051,-0.00359241559484328,-6.26994801889249e-05,0.999999998034388,0.000149366334639675,0.00378131026713934,0.013317931925947,-6.14568335936243e-05
5.4546127015926,-0.00358703150352993,-6.26055100684633e-05,0.999999998040275,2.64237949853756e-05,0.00383680000454351,0.0156033581193628,-0.00127877165450581
5.4581689705047,-0.00361712892450517,-6.31308091598019e-05,0.99999999800725,-0.000147710734300827,0.00390413416130189,0.0189339328444414,-0.00441749247570936
5.46127678861271,-0.00357344784510005,-6.23684305048585e-05,0.999999998055089,0.000245309934477325,0.00393745949115413,0.0107230631568504,-0.00344141099897999
5.46440822797962,-0.00350292586179238,-6.11375897034502e-05,0.999999998131098,0.000393059120596252,0.003961021701021,0.00752440239332306,-0.000998366494435391
5.46735291919313,-0.00345387602506463,-6.02815085565629e-05,0.99999999818307,0.000290720176205852,0.00398878389738456,0.00942788032787439,0.000419685705105088
5.47029761040665,-0.0034343770165823,-5.99411866582867e-05,0.999999998203527,0.000115571336420281,0.00402653976322236,0.0128216723249317,0.000253522614795988
5.47375975980076,-0.00340968746323647,-5.95102726623238e-05,0.999999998229264,0.000124464298815011,0.00406964793421478,0.01245127407433,0.000156510710611636
5.47704580840429,-0.00341092899106696,-5.95319414106827e-05,0.999999998227974,-6.59416551964408e-06,0.00411868881602684,0.0149239672716307,-0.00126328318489016
5.48033185700782,-0.00341070928011856,-5.95281067312372e-05,0.999999998228202,1.16695761838668e-06,0.00416658163304376,0.0145745917955944,-0.00262045380425088
5.48358332349792,-0.00338267577973622,-5.9038829849566e-05,0.999999998257208,0.00015047883286535,0.00420346408075451,0.0113433270258357,-0.00247890641158021
5.48718118945316,-0.00332168460868444,-5.79743331018873e-05,0.999999998319488,0.000295868929733477,0.00423291075037143,0.00818448213004203,-0.000727083920972333
5.48981739715075,-0.00328423296016954,-5.73206785260888e-05,0.99999999835717,0.000247952609151683,0.00425659367008335,0.00898370782147095,0.000268855272840856
5.49245360484835,-0.00327393397654641,-5.71409273525506e-05,0.999999998367457,6.81855128473179e-05,0.00428954017468075,0.0124976892478716,-0.000227028686056136
5.4960579378048,-0.00324358935890123,-5.66113138652401e-05,0.99999999839758,0.000146938003388184,0.00432817080146183,0.0107178296921614,-3.65444461832808e-05
5.49984989436307,-0.00323634995897617,-5.64849625008812e-05,0.999999998404725,3.33208892611266e-05,0.00437681024791118,0.012827005189008,-0.00113248700295648
5.50278470341991,-0.00322862739492185,-5.63501783316516e-05,0.999999998412329,4.59260438527219e-05,0.00441315552703204,0.0123842057240759,-0.00191240657876419
5.50571951247676,-0.00319732095791105,-5.58037779296042e-05,0.999999998442969,0.000186179200187532,0.00444064113084667,0.00936538060304914,-0.00140982979924766
5.50941869042921,-0.00316531310170642,-5.52451354531895e-05,0.999999998473987,0.000151018005745167,0.00447726760091842,0.0099012457747473,-0.0011750080985172
5.51230936517879,-0.00312304695451127,-5.45074520236124e-05,0.999999998514469,0.000255194200175502,0.00449923815287629,0.00760049257047024,-2.20218693949958e-05
5.51520003992838,-0.00310296571489757,-5.41569682749887e-05,0.999999998533511,0.000121246345404779,0.00452865021030501,0.0101748069141792,-5.74998798305477e-05
5.51890311710305,-0.00306882639994239,-5.35611248255098e-05,0.999999998565603,0.000160904950730704,0.00456268567406077,0.00919113001168985,0.000356260850916238
5.52243215188699,-0.0030702139663012,-5.35853424270261e-05,0.999999998564306,-6.86238675268011e-06,0.00460651139481514,0.0124186139943471,-0.00105254781662337
5.52596118667093,-0.00311506667726235,-5.43681699106032e-05,0.999999998522051,-0.000221824814048326,0.00466514232804327,0.0166138722958894,-0.00481478223683195
5.52893901808188,-0.00306409236272249,-5.34785002892288e-05,0.999999998570025,0.000298764268318578,0.0046825234408629,0.00583683574420625,-0.00326724575086747
5.53189874786013,-0.00300199994514879,-5.23947831635631e-05,0.999999998627393,0.000366154077695688,0.00469528153762942,0.00431056134254647,-0.00106748024914327
5.53507669597326,-0.00295240314083111,-5.15291556309209e-05,0.999999998672373,0.000272385672451232,0.00471455278969664,0.00606405497546717,0.000399299788020711
5.5382546440864,-0.00291981725047171,-5.09604245552023e-05,0.999999998701518,0.000178961725056204,0.00473936027594999,0.0078061331935649,0.000975052618891812
5.54161601515343,-0.00290179104452178,-5.06458079101394e-05,0.999999998717501,9.35977133125329e-05,0.00477089184786571,0.00938056860933753,0.000714269319201381
5.54488208720039,-0.00291434904467166,-5.08649863599385e-05,0.999999998706377,-6.71076592707663e-05,0.00481168260606366,0.0124892401672157,-0.00116078867499728
5.54814815924735,-0.00292534290713471,-5.10568654571809e-05,0.999999998696598,-5.87491931385927e-05,0.00485138697144233,0.0121566103894094,-0.00297507051973613
5.55122264983971,-0.00289117421299041,-5.04605092440241e-05,0.999999998726869,0.000193969113260023,0.00487244952884291,0.00685074706456113,-0.00230264516247564
5.55458924613831,-0.00284210149729404,-4.96040287832994e-05,0.99999999876972,0.000254405454598917,0.00489083692072758,0.00546171570743601,-0.000927930596777423
5.55748759557969,-0.0027984497649807,-4.88421623311554e-05,0.999999998807222,0.000262862180173754,0.00490572685025212,0.00513738243979559,0.000384940656397998
5.56038594502107,-0.00278262246685121,-4.85659238674288e-05,0.999999998820675,9.53088886074981e-05,0.00493010725742807,0.00841182461571192,0.000202879483956152
5.56392710051238,-0.00275769035120157,-4.81307763603631e-05,0.999999998841714,0.000122882914529625,0.00495735969435587,0.0076959164867787,0.00028441378062975
5.56730383080659,-0.00276152344933658,-4.81976765432935e-05,0.999999998838492,-1.98121191741608e-05,0.00499261062094066,0.0104393669358716,-0.00111663098584522
5.57068056110081,-0.00277535082322079,-4.84390097441956e-05,0.999999998826831,-7.14694927211735e-05,0.00503087902313904,0.0113329756492361,-0.00307325072466438
5.57385122847712,-0.00274547726308449,-4.79176177611296e-05,0.999999998851951,0.000164442346607048,0.00505108566621956,0.00637299365789358,-0.00262790137426668
5.57723299469377,-0.00268798296786114,-4.69141530094965e-05,0.999999998899531,0.000296728007932755,0.00506300880839699,0.00352571449756754,-0.000767921630717598
5.58002377629951,-0.0026473617753523,-4.62051794548994e-05,0.999999998932541,0.000254041216950843,0.00507488018331058,0.00425378140990454,0.000471854792226814
5.58281455790525,-0.00263660234207243,-4.60173919187167e-05,0.9999999989412,6.7288510142227e-05,0.00509701601521152,0.0079317678801644,9.42068352896997e-05
5.58636882340316,-0.00261223097408586,-4.55920313045821e-05,0.999999998960683,0.000119676094774052,0.00512090273484238,0.0067205783149462,0.000185314404558139
5.58984823820345,-0.00261393839959148,-4.56218315013567e-05,0.999999998959324,-8.56471519382966e-06,0.00515282870298919,0.00917567176647568,-0.00108878003613062
5.59332765300373,-0.00263868994357976,-4.60538274384505e-05,0.999999998939523,-0.000124157642116285,0.00519241062076937,0.0113760273069372,-0.00361853767850824
5.5964743736526,-0.00260547077259988,-4.54740435306757e-05,0.999999998966056,0.000184250199835612,0.00520797214552578,0.00494531497798544,-0.00295014234119724
5.59972817370883,-0.00254341483796673,-4.43909631520183e-05,0.999999999014721,0.000332866298184799,0.00521375359871627,0.00177683111763947,-0.000749267958300531
5.60258438205162,-0.00250153363108835,-4.36599981979901e-05,0.999999999046902,0.000255921440948698,0.00522292766000556,0.00321197202313428,0.000567319205383013
5.60544059039441,-0.00248994826195744,-4.34577953617887e-05,0.99999999905571,7.07941480892149e-05,0.00524252391607893,0.00686093370003561,0.000249782699777843
5.60895414375516,-0.00246828796195771,-4.30797518101776e-05,0.999999999072067,0.000107595790685289,0.00526351608102712,0.00597462534159286,0.000257529996948566
5.61232693207978,-0.00247239663066517,-4.31514616069297e-05,0.999999999068976,-2.12612799609982e-05,0.00529202965281163,0.00845400571878678,-0.00106966118915933
5.61569972040439,-0.00248447774899587,-4.33623168989263e-05,0.999999999059855,-6.25166099678693e-05,0.00532289924896831,0.00915254477472834,-0.00284266598425924
5.61891921398435,-0.00245881079080073,-4.2914343969866e-05,0.99999999907918,0.000139143911410338,0.00533869304043831,0.00490567571504842,-0.00255521452879887
5.62238050020692,-0.00240036453131506,-4.18942643072833e-05,0.999999999122435,0.00029471115588443,0.00534422204370553,0.00159738401036492,-0.000590247390022764
5.62508867830496,-0.00236424941593337,-4.12639366346801e-05,0.999999999148644,0.000232749712290203,0.00535162445220778,0.00273335365485041,0.000517479063254353
5.62779685640299,-0.00235708595452602,-4.11389106473884e-05,0.999999999153795,4.61660876323317e-05,0.00536902388550118,0.00642477439206461,4.543268095845e-05
5.63137477822931,-0.00233345526038321,-4.07264772304101e-05,0.999999999170677,0.000115271779917124,0.00538651779605627,0.00488940547175018,0.000178850902903721
5.63498421693068,-0.0023346821900777,-4.07478911932518e-05,0.999999999169805,-5.93276812024408e-06,0.00541255958004904,0.00721491238593107,-0.00101577433213093
5.63859365563204,-0.00238219617949093,-4.15771667485678e-05,0.99999999913567,-0.000229751943343433,0.00545454455549718,0.0116319956984487,-0.0047119807806157
5.64166302560686,-0.00233903507211544,-4.08238633166979e-05,0.999999999166706,0.000245426077237438,0.00546012391934432,0.00181775540026612,-0.00341680067373489
5.64469652970159,-0.00227243488291772,-3.96614707336879e-05,0.999999999213484,0.00038318477498399,0.00545676122383213,-0.00110851853407286,-0.000805479411743255
5.64841748881062,-0.00216094080305387,-3.77155319450389e-05,0.999999999288769,0.000522966991327592,0.0054415508408909,-0.00408775869218401,0.00398336988278416
5.6514468404342,-0.00214729078338033,-3.74772941589419e-05,0.999999999297726,7.86431606062541e-05,0.00545620224684056,0.0048364824458349,0.00385515101607022
5.65408752190025,-0.00219597296762946,-3.83269585605415e-05,0.999999999265522,-0.000321759520461174,0.00549023296491501,0.0128870969527534,0.000441166235523284
5.65820739995354,-0.0022171324844097,-3.86962617962139e-05,0.9999999992513,-8.96393609639465e-05,0.00552331379059584,0.00802956428635593,-0.00186797812156521
5.66065850056097,-0.00219290111670131,-3.82733446477542e-05,0.999999999267576,0.000172541733901328,0.00552959758863302,0.00256366385701512,-0.00139907831270384
5.66310960116841,-0.00216580871040011,-3.78004929558522e-05,0.999999999285561,0.000192914028420714,0.00553464068623043,0.00205748290466942,-0.000702659440331298
5.6667931497288,-0.00214930046602441,-3.75123697379767e-05,0.999999999296411,7.82189275791407e-05,0.00555041103551669,0.00428129262522094,-0.000934578369988798
5.67085351447573,-0.00210977697960844,-3.68225547686273e-05,0.99999999932205,0.000169889902218238,0.00555963434201086,0.00227154629424376,-7.12982774500916e-05
5.67364067287177,-0.00208182259381021,-3.63346586964018e-05,0.999999999339896,0.000175051433475851,0.00556532656380382,0.00204230294232541,0.00063635288864845
5.67642783126782,-0.00207614014562938,-3.62354812661376e-05,0.999999999343495,3.55837079335948e-05,0.00557865999887916,0.00478388135179451,0.000131097865270213
5.68014757449049,-0.00205451139716387,-3.5857988392574e-05,0.999999999357102,0.000101483584003275,0.00559102812642523,0.00332499498101935,0.000216003806765964
5.68317311340393,-0.00205688881266613,-3.58994821207498e-05,0.999999999355614,-1.37144916623463e-05,0.00560782890353388,0.00555298662132627,-0.000801077164441453
5.68619865231738,-0.00204471038556564,-3.56869284702683e-05,0.999999999363222,7.0253153801235e-05,0.00561913198465324,0.00373589018112909,-0.0010382035613884
5.68992761299737,-0.00203710418203681,-3.55541751751975e-05,0.99999999936795,3.56006154388402e-05,0.00563525809259698,0.00432455832271736,-0.00172701741164157
5.69351983719346,-0.00198814327056088,-3.46996460656925e-05,0.999999999397967,0.000237883011579124,0.0056355332409809,7.65955488574181e-05,-0.000171069387421291
5.69630579307244,-0.00195684471009839,-3.41533831348111e-05,0.999999999416773,0.000196077380595159,0.00563781693535901,0.00081971663490248,0.0007538520563194
5.69909174895143,-0.00195219509579858,-3.40722320563788e-05,0.999999999419542,2.91286301737998e-05,0.00564931507230689,0.0041271784074589,0.000229004410206591
5.7026945276081,-0.00193316537468536,-3.37401007674078e-05,0.999999999430803,9.21875365688534e-05,0.00565916856185683,0.00273496944689491,0.000249775257629571
5.70591010777004,-0.00193763513828264,-3.38181128589215e-05,0.999999999428168,-2.42606583041521e-05,0.00567522800143724,0.00499425881852639,-0.000889862631406277
5.70912568793197,-0.00193483379718991,-3.37692202334099e-05,0.99999999942982,1.5204915777975e-05,0.00568836032262449,0.00408396635316938,-0.00164932337749212
5.71259893320366,-0.0019239551617784,-3.35793522274627e-05,0.999999999436214,5.46658790850568e-05,0.00569937227887175,0.00317050924592536,-0.00205480708713876
5.7165700314712,-0.00185979443369059,-3.24595362724642e-05,0.999999999473189,0.00028199149962165,0.00569308895750963,-0.00158226287510383,0.000180092196812418
5.71891581118319,-0.00184629287454814,-3.22238896113988e-05,0.99999999948081,0.000100455579858545,0.00569781774641104,0.00201587083272935,0.000376234195117162
5.72126159089518,-0.00184430833102542,-3.21892527927963e-05,0.999999999481926,1.47655887905617e-05,0.00570646668793404,0.00368702205018688,-0.000137310099007052
5.72480538461048,-0.0018214472490505,-3.17902516419697e-05,0.99999999949469,0.000112591528482091,0.00571213874905031,0.00160056187576177,0.00013394285554382
5.72972599413767,-0.00176264347852788,-3.07639322342648e-05,0.99999999952679,0.000208575665786274,0.00570973958227919,-0.000487575118054046,0.00208165461151389
5.73190237617737,-0.00179290892480817,-3.12921639211872e-05,0.9999999995104,-0.000242710920022717,0.00572845161681903,0.00859777107074954,-0.000221891772894263
5.73407875821707,-0.00178447382672141,-3.11449436869162e-05,0.999999999514996,6.76444813719384e-05,0.00573325519206279,0.00220713788118531,-0.000364121074091214
5.73786201479535,-0.00177396125299864,-3.09614646626837e-05,0.999999999520694,4.84976423154388e-05,0.00574273782056967,0.00250647248228713,-0.000799003145783497
5.74284501692219,-0.00189032377926967,-3.29923738710129e-05,0.999999999455752,-0.000407567397659395,0.00580087532001172,0.0116671632807233,-0.00840514001567784
5.74595783882944,-0.00175635615701244,-3.06541977727407e-05,0.99999999953016,0.000751143550491339,0.00576332139172642,-0.0120642713924209,-0.00208690504363798
5.74907066073668,-0.00164043574159223,-2.86310048542677e-05,0.999999999590133,0.000649954600567439,0.00573190004158157,-0.0100941689184662,0.00335967455259661
5.75160056100115,-0.00167197292111774,-2.91814324735504e-05,0.999999999574222,-0.000217568900736541,0.00575087539605416,0.00750043578362427,0.00108730925766717
5.75429369926524,-0.00167751803219939,-2.92782129192727e-05,0.999999999571393,-3.59359365444289e-05,0.00576090285799422,0.00372333722103131,0.000110601083378221
5.75829951639956,-0.00166265416162626,-2.90187894382915e-05,0.999999999578955,6.47616884126852e-05,0.00576721189602466,0.00157496905597176,-8.2700407058346e-05
5.76120447304985,-0.00166693017341248,-2.90934199227837e-05,0.999999999576786,-2.56907394870427e-05,0.0057768544403969,0.00331934191557796,-0.00106538454223838
5.76410942970014,-0.00165010618068806,-2.87997858565338e-05,0.999999999585286,0.000101080360818404,0.00577875432389368,0.000654014405546953,-0.000906432110223935
5.76784337978488,-0.0016375757017183,-2.85810877417496e-05,0.999999999591561,5.85701763309633e-05,0.0057840833065529,0.00142717029908921,-0.00118692387513662
5.77107963164347,-0.00159648748974479,-2.78639631593403e-05,0.9999999996118,0.00022159109180266,0.0057776386471197,-0.00199139613194023,0.000208997336036269
5.77431588350207,-0.00156099405969151,-2.72444859423193e-05,0.999999999628869,0.00019141811092682,0.00577289581617558,-0.00146553208815467,0.0013299194508027
5.77762206124841,-0.00154453804544455,-2.69572743120602e-05,0.999999999636653,8.68712006432094e-05,0.00577479913228712,0.000575684750661313,0.00142975837820572
5.78130393632111,-0.00155795689281056,-2.71914773803338e-05,0.999999999630312,-6.36097270372915e-05,0.00578786158514461,0.0035477718824188,-0.000124350308760855
5.78388926720096,-0.00156404937756872,-2.72978112989518e-05,0.999999999627415,-4.11297136030161e-05,0.00579563240866651,0.00300573655096052,-0.00113853296416425
5.78647459808082,-0.00154321570670665,-2.69341951472656e-05,0.999999999637275,0.000140645885852891,0.00579365040914386,-0.00076663282757952,-0.000659485383839228
5.79008463109897,-0.00153109793979714,-2.67227002167815e-05,0.999999999642949,5.85853175017558e-05,0.00579662552120549,0.000824123227314496,-0.00088276340934283
5.79410090510311,-0.00149505218273409,-2.60935830748768e-05,0.999999999659562,0.00015664198744302,0.00579151215037798,-0.0012731628425352,5.23076147872156e-05
5.79686370664188,-0.0014706454172202,-2.56676046570397e-05,0.999999999670587,0.000154183502506981,0.00578789233717922,-0.00131019660585911,0.000748667132572405
5.79962650818065,-0.00146850633344329,-2.5630270602169e-05,0.999999999671545,1.35131149881971e-05,0.00579199694362887,0.00148566822192931,0.00022920207758931
5.803339018835,-0.00145076569012345,-2.53206379649164e-05,0.999999999679433,8.34024912469016e-05,0.00579192168650885,-2.02712199453273e-05,0.000332180395911974
5.80646639559638,-0.00145711096575097,-2.54313839165275e-05,0.999999999676622,-3.54117716209313e-05,0.00579916190581688,0.00231510939054035,-0.000734373960296728
5.80959377235776,-0.00145204983363189,-2.53430504971996e-05,0.999999999678865,2.82452119127675e-05,0.0058021030632466,0.000940455101552289,-0.00119517674615162
5.81319380192512,-0.00144734424520392,-2.52609224859141e-05,0.999999999680943,2.28131491076073e-05,0.00580558990889606,0.000968560281026059,-0.00178948502310696
5.81741734204946,-0.00138260368816464,-2.4130986606348e-05,0.999999999708848,0.000267532886309735,0.00578821788330448,-0.00411314325900517,0.000562390169994391
5.81962675764813,-0.00138102340455319,-2.41034054542208e-05,0.999999999709513,1.24834604009329e-05,0.00579044315572051,0.00100717692831449,0.000303252428857902
5.82183617324679,-0.0013799783649382,-2.40851660721308e-05,0.999999999709952,8.25529705969825e-06,0.00579274174396873,0.00104036028785216,-0.000113527847344218
5.82528047615359,-0.00136037537141058,-2.37430292919246e-05,0.999999999718134,9.93341147868496e-05,0.00578970251453345,-0.000882393191749968,0.000172021036669183
5.83000072557702,-0.00128954441620089,-2.25067959115135e-05,0.999999999746722,0.000261900012021732,0.00576945095602341,-0.0042903577106566,0.00298808811203957
5.83262476472157,-0.00133980692855039,-2.33840422421057e-05,0.999999999726593,-0.000334311449829256,0.00578984834782523,0.00777328030497441,-0.000322426685845666
5.83524880386612,-0.00133327503774442,-2.32700392411916e-05,0.999999999729253,4.34456174870209e-05,0.00578988986758988,1.58228449988136e-05,-0.000564736054663508
5.83873584240258,-0.00132720523613584,-2.31641012182076e-05,0.999999999731712,3.03805139819537e-05,0.00579063161664356,0.000212716047135215,-0.00100361646378861
5.8430932760705,-0.00134139594132249,-2.34117757468275e-05,0.999999999725944,-5.68395407852455e-05,0.00579891859181244,0.0019018017944537,-0.00277725731936858
5.84551512685661,-0.00128464882414824,-2.24213517113819e-05,0.999999999748642,0.000408953367972913,0.00578035616400745,-0.00766456294974161,-0.000195383982758277
5.84793697764271,-0.00127397520443176,-2.22350619042699e-05,0.999999999752801,7.69204313606745e-05,0.00577804991736844,-0.000952266197504632,-0.000124979115522695
5.85171456395172,-0.00124983308588737,-2.18137024473657e-05,0.999999999762081,0.000111541980126745,0.00577153214976368,-0.00172537887201026,0.000371891261176917
5.85659615404018,-0.00114008537012861,-1.98982434612494e-05,0.99999999980203,0.00039238423378896,0.00573471899297613,-0.00754122245424854,0.00534325580363962
5.85897016870151,-0.00122739085884715,-2.14220116941254e-05,0.999999999770549,-0.00064185291608383,0.00576666219790946,0.013455352847491,8.22677177229076e-05
5.86134418336284,-0.00122533731406579,-2.13861705763617e-05,0.999999999771316,1.50972604995599e-05,0.00576670731134203,1.90030134632481e-05,-0.000321137524964111
5.86487257777598,-0.00122005102859766,-2.12939074897635e-05,0.999999999773285,2.61487452411261e-05,0.00576576214625133,-0.000267873990272104,-0.000766592355520476
5.86941197100461,-0.00127263663147238,-2.22116993988563e-05,0.99999999975332,-0.000202183830103301,0.00578528723225387,0.00430125459926684,-0.00456370886817441
5.8724326254264,-0.00118561521353481,-2.06928891364413e-05,0.999999999785902,0.000502808349014417,0.00575465379127549,-0.0101413259184416,-0.000520607067037685
5.87545327984819,-0.00113637634409637,-1.98335087449574e-05,0.999999999803316,0.000284501393294235,0.00573727303805398,-0.00575396943659629,0.0015398771078097
5.87834398185129,-0.00113534624018402,-1.98155300400528e-05,0.999999999803672,6.21949439578706e-06,0.00573686048603386,-0.000142716897031198,0.00104447315391166
5.88155370675838,-0.0011345246239286,-1.98011901312105e-05,0.999999999803956,4.46764419389184e-06,0.00573632275835523,-0.000167530767959672,0.000464596412916507
5.88496404641047,-0.00114728694961164,-2.00239347345472e-05,0.999999999799521,-6.53144924272761e-05,0.00574037907731918,0.0011894178814313,-0.000883318541078293
5.88837438606256,-0.00117153135272904,-2.044707939404e-05,0.999999999790958,-0.000124076984332021,0.00574829291867373,0.00232054345369807,-0.00286858718236737
5.8915682800429,-0.00114969603931095,-2.00659812817677e-05,0.999999999798678,0.000119320839920458,0.00573966132687743,-0.00270252921651283,-0.00235791692590175
5.89500255038503,-0.00109632557749972,-1.91344910000308e-05,0.999999999816936,0.000271233825272422,0.00571953323592412,-0.00586095122051984,-0.000201786256289999
5.89771716529352,-0.00106823723617651,-1.86442569626043e-05,0.999999999826196,0.000180590637729616,0.00570848042171313,-0.00407159563458986,0.000830282981275687
5.900431780202,-0.00106838490344046,-1.86468342425571e-05,0.999999999826148,-9.49409047017354e-07,0.00570733203234549,-0.000423039512547001,0.00031926846519592
5.90400985684681,-0.00105401380038657,-1.83960111771663e-05,0.999999999830793,7.00999699929904e-05,0.0057004306303552,-0.00192880216814356,0.000422828479584535
5.9075454337609,-0.00106421099645121,-1.85739858229353e-05,0.999999999827504,-5.03382192282269e-05,0.00570205861666238,0.000460458461727029,-0.00077496596536584
5.91108101067498,-0.00110459887917254,-1.92788873542057e-05,0.999999999814162,-0.000199373835876366,0.00571419815261354,0.00343353750920005,-0.00361317147337374
5.91422582604059,-0.0010788317431661,-1.88291659921656e-05,0.999999999822731,0.000143004059010593,0.00570286884725359,-0.00360253434393333,-0.00286268174997594
5.91742450244583,-0.00102235128828769,-1.7843396091679e-05,0.999999999840807,0.000308180564635721,0.00568040097664381,-0.00702411490359276,-0.000447431744380246
5.92030182285161,-0.000987938930558856,-1.72427871460292e-05,0.999999999851343,0.00020873898664014,0.00566586844542525,-0.00505071704539511,0.000900377792032194
5.9231791432574,-0.000984044509935048,-1.71748166836963e-05,0.999999999852513,2.36228340112568e-05,0.00566204627834944,-0.00132837728746868,0.000602578979095051
5.9266739585581,-0.000973165163743698,-1.69849362722206e-05,0.999999999855756,5.43320304982307e-05,0.00565502672465169,-0.0020085621395621,0.000569790563327238
5.93001717117373,-0.000987192380729806,-1.72297573934841e-05,0.999999999851568,-7.32293005100777e-05,0.00565680840599379,0.000532924927886893,-0.00077533028584527
5.93336038378936,-0.00100560671176492,-1.75511480995503e-05,0.999999999845979,-9.61322964061768e-05,0.00565996353171826,0.000943740673184804,-0.00237534480490761
5.93659938411356,-0.000990428704011957,-1.72862418904081e-05,0.999999999850593,8.17864102091759e-05,0.00565110161649597,-0.00273600319088815,-0.00216930373337806
5.94011986416068,-0.000942321514636553,-1.64466130420463e-05,0.999999999864754,0.000238498397162824,0.0056300335503914,-0.00598442991370532,-0.000257556625244515
5.94278944559865,-0.000915192792768142,-1.5973127523647e-05,0.99999999987243,0.000177363204480968,0.0056172503194361,-0.0047884776143076,0.000782610537020399
5.94545902703662,-0.000916086800206106,-1.59887308969748e-05,0.99999999987218,-5.84487631950378e-06,0.00561431899900147,-0.00109804495676149,0.000286395671011737
5.94904931640749,-0.000901792412972145,-1.57392467752185e-05,0.999999999876138,6.94885832356513e-05,0.00560468775174053,-0.00268258245117898,0.000444275507477802
5.95274533597853,-0.000911936948433439,-1.59163023200812e-05,0.999999999873336,-4.7904385104425e-05,0.00560340366717332,-0.000347423638462837,-0.000708683526331812
5.95644135554958,-0.000989202001434204,-1.72648318914868e-05,0.999999999850963,-0.000364859965070305,0.00562577937803863,0.00605400226789578,-0.00548037218342369
5.95944884599798,-0.000942305413754064,-1.64463320286345e-05,0.999999999864759,0.000272153769733087,0.00560479506782303,-0.00697734891452693,-0.00353736951236391
5.96233067188102,-0.000878592361656715,-1.53343294931815e-05,0.999999999882429,0.000385867356573439,0.00557788259839401,-0.00933868683302668,-0.000606700248825951
5.96613076719757,-0.000787605729879369,-1.37463131935351e-05,0.999999999905519,0.000417888544242196,0.005539725964949,-0.0100409674670103,0.00359973417875803
5.96930237184216,-0.000750161922674979,-1.30927954733954e-05,0.999999999914289,0.000206052706258433,0.0055214080964385,-0.00577558383317781,0.0051560009081181
5.97194338129263,-0.000820158734449171,-1.4314470304639e-05,0.999999999897548,-0.000462578742813515,0.00554202507818584,0.0078064778388601,0.000983299208631181
5.97565728245501,-0.000843551156727975,-1.4722745093378e-05,0.99999999989162,-0.000109931517003487,0.00554416088981525,0.000575085748389562,-0.000830366670936744
5.97834506024441,-0.000842664642357122,-1.4707272498742e-05,0.999999999891848,5.75664948891078e-06,0.00553924781067023,-0.00182793353096545,-0.00126942737234148
5.98103283803381,-0.000822155904549288,-1.43493274986049e-05,0.999999999897048,0.000133175071833351,0.00552725492648072,-0.00446200732695456,-0.000616738116881528
5.98472923348235,-0.000812523557823793,-1.41812113335684e-05,0.999999999899447,4.54811092033153e-05,0.00551720262452722,-0.00271948769915224,-0.000706375881784849
5.98796027075506,-0.000783426498835295,-1.36733718516214e-05,0.999999999906519,0.000157175370982414,0.00550090845236412,-0.00504301584531848,0.000339493651650828
5.99119130802777,-0.000760384904887024,-1.32712201723529e-05,0.999999999911937,0.000124465193484919,0.00548662624824157,-0.00442031549533066,0.00107857910388134
5.99471615523468,-0.000740712314187406,-1.29278686922768e-05,0.999999999916435,9.74088974501721e-05,0.00547282911444876,-0.00391425017395321,0.00161017042310213
5.99873039760028,-0.000777813035455799,-1.35753984332181e-05,0.999999999907854,-0.000161308083076142,0.00547807897974798,0.00130780974866223,-0.000873083230067566
6,-0.00075310371929202,-1.31441395102824e-05,0.999999999913616,0.000339680299177905,0.00546673403343297,-0.00893582614329099,0.000145780061016594
6.00262496271426,-0.000758698873102725,-1.32417933664262e-05,0.999999999912327,-3.72019974309116e-05,0.00546337133293767,-0.00128104695622191,-0.000588307405200299
6.00577761074663,-0.000754066884395453,-1.31609499125762e-05,0.999999999913395,2.56430318345864e-05,0.00545517876493495,-0.00259863071253714,-0.000830172155867264
6.00968732592207,-0.000757925222150288,-1.32282906100462e-05,0.999999999912506,-1.72239394569667e-05,0.00544825886064685,-0.00176992542361116,-0.00165929857226774
6.01276412795938,-0.000712996634857929,-1.24441388335895e-05,0.999999999922572,0.000254859352994801,0.00542562065127274,-0.00735770748316378,0.000289035576147094
6.01584092999669,-0.000688457156796814,-1.20158441447341e-05,0.99999999992781,0.00013920124976976,0.00541011680111287,-0.00503894952352204,0.00116513313344334
6.01908460737617,-0.000678501294229612,-1.18420815630728e-05,0.999999999929883,5.35696252570729e-05,0.00539930686763485,-0.00333261672273663,0.00123973190337766
6.02279681553807,-0.000683529890125628,-1.19298471182043e-05,0.999999999928839,-2.36424120927851e-05,0.00539262068631167,-0.00180113318854342,0.000474973239748788
6.02546362318021,-0.000699894022187075,-1.22154551018869e-05,0.999999999925391,-0.000107097332102248,0.0053922508234943,-0.000138691224491899,-0.000835590218044507
6.02813043082235,-0.000686537445029102,-1.19823388537007e-05,0.999999999928212,8.74139718663648e-05,0.00538122774237316,-0.00413343690296485,-0.000520945624976112
6.03176823170854,-0.000681790734592192,-1.18994931279437e-05,0.999999999929201,2.27735734733442e-05,0.0053708495828411,-0.00285286629388663,-0.000800583834373579
6.03570391480143,-0.000651768195289075,-1.13755009673304e-05,0.999999999935299,0.000133138809269293,0.00535059993312871,-0.00514514233856112,0.000204709218546894
6.03847628561618,-0.000631482494920046,-1.102144870484e-05,0.999999999939264,0.000127707397808616,0.00533653788280721,-0.00507221120878495,0.000939230370973549
6.04124865643093,-0.000634214013445551,-1.10691226966864e-05,0.999999999938737,-1.71961094077315e-05,0.0053305758022671,-0.00215053502525211,0.000417251029252027
6.04494166385559,-0.000623411642911563,-1.08805857638593e-05,0.999999999940806,5.1052410991552e-05,0.00531736662278526,-0.00357680826570779,0.000498266641026821
6.0482688119666,-0.000639800831979057,-1.11666310748015e-05,0.999999999937653,-8.59731221501824e-05,0.00531462886969692,-0.000822852784724779,-0.000835806961338185
6.05,-0.000623065483638572,-1.08745441448096e-05,0.999999999940872,0.000168720511218038,0.00530417272645067,-0.00603986571333217,-0.00019626109183812
6.05360159935444,-0.000623148054396019,-1.08759852763928e-05,0.999999999940856,-4.00136561980178e-07,0.00529472936283285,-0.00262199170103854,-0.000694539549321511
6.05816741158846,-0.000691158236272912,-1.20629868749467e-05,0.999999999927242,-0.000259975999404859,0.00530671224030935,0.00262447881392198,-0.00501549275821397
6.0611341204703,-0.000598702508088001,-1.04493300058934e-05,0.999999999945406,0.000543921541823758,0.00526578661124951,-0.0137949595628616,-0.000461485299751389
6.06410082935215,-0.000556463329322071,-9.71211726312696e-06,0.999999999952837,0.000248495141304652,0.00524263076758129,-0.00780522949519032,0.00143926783979757
6.06699848915099,-0.000556985384293047,-9.72122884124647e-06,0.999999999952749,-3.14446096245155e-06,0.00523478656250405,-0.00270708282606844,0.00105333973315812
6.07026392673619,-0.000557474455532559,-9.72976474465235e-06,0.999999999952666,-2.61401517670849e-06,0.00522581178661232,-0.00274841446439676,0.000613486086496925
6.07368404300618,-0.000575031086630703,-1.0036185762858e-05,0.999999999949638,-8.95937430281793e-05,0.00522236188877585,-0.00100870776433133,-0.000762249997691306
6.07710415927618,-0.000606298252422418,-1.05819007536614e-05,0.999999999944012,-0.000159560362207448,0.0052236752816992,0.000384019962967133,-0.00289691367059079
6.08027054371174,-0.00058658664471754,-1.02378682983684e-05,0.999999999947593,0.000108651511625703,0.00520748714901793,-0.00511249755382549,-0.00228477483817522
6.08364898609132,-0.000538733414724289,-9.40267187731239e-06,0.999999999955795,0.000247213457344869,0.00518057280282393,-0.00796649555329932,-0.000184209711794498
6.08641643435846,-0.00051179183034907,-8.93245252428073e-06,0.999999999960106,0.0001699108014538,0.00516280709998746,-0.00641952481909968,0.000952086276991252
6.0891838826256,-0.000514108822058337,-8.97289165834722e-06,0.999999999959744,-1.46124263814784e-05,0.00515537704413154,-0.00268480388383439,0.000496740075049787
6.09274545794326,-0.000504789772973579,-8.81024356866966e-06,0.99999999996119,4.56674575650387e-05,0.0051413390122198,-0.00394152324734821,0.000566645553147548
6.09619526788177,-0.000520175884849923,-9.07878187998133e-06,0.999999999958788,-7.78414799971304e-05,0.00513631660225764,-0.00145585120678371,-0.000672635099557872
6.09964507782028,-0.000552578797343279,-9.64431939020121e-06,0.999999999953494,-0.000163932947126053,0.00513724223308679,0.000268313572529662,-0.00284639236993244
6.10284552117144,-0.000536934741977333,-9.3712791157135e-06,0.99999999995609,8.53132658638664e-05,0.00512175515783151,-0.0048390405815662,-0.00243689220196669
6.10620108886109,-0.000487842929431733,-8.51446535105522e-06,0.999999999963752,0.000255340927061218,0.005093798912621,-0.00833130122712705,-0.000244628068578434
6.10896310344566,-0.000460267005958277,-8.0331746921819e-06,0.999999999967734,0.000174253482070146,0.00507528141997899,-0.00670434281754327,0.000945241543759062
6.11172511803023,-0.00046269643692768,-8.07557626154651e-06,0.999999999967393,-1.53516819219105e-05,0.00506737219731929,-0.00286357020121495,0.000503027399773207
6.11527574704785,-0.000453679181839634,-7.91819547077294e-06,0.999999999968651,4.43247633018618e-05,0.00505279636108857,-0.0041051419786191,0.000581058693767363
6.11877745886115,-0.000469544647297814,-8.19510008037063e-06,0.99999999996642,-7.90769270490066e-05,0.00504712796616105,-0.00161874969436351,-0.000664625405551486
6.12227917067444,-0.000511074082110305,-8.91992545431438e-06,0.999999999960217,-0.000206991726508758,0.00505049037112628,0.000960217500615246,-0.00330986002087138
6.12542626981514,-0.000490447911965223,-8.55993087321991e-06,0.999999999963364,0.000114389336024802,0.0050328221175055,-0.00561413950781453,-0.00261036869707806
6.12866174562794,-0.000440417048889777,-7.68672758496775e-06,0.999999999970457,0.000269884041421674,0.00500432796223219,-0.00880678976507005,-0.000322297669933966
6.13152226199648,-0.000410349659112707,-7.16195263589186e-06,0.999999999974353,0.000183454621990988,0.00498410883090095,-0.0070683501599854,0.000997397370264626
6.13438277836503,-0.000410654147524657,-7.16726696121443e-06,0.999999999974315,-1.85782028068273e-06,0.00497463071164093,-0.00331342947876162,0.000676718889043235
6.13789096291715,-0.000403805697253695,-7.04773895533006e-06,0.999999999975165,3.40711852844043e-05,0.00496035706721848,-0.00406866976647467,0.000668451577508571
6.14125278896126,-0.000421846008465575,-7.36260178405364e-06,0.999999999972896,-9.36582751757369e-05,0.00495534615705959,-0.00149053225632614,-0.000662271176836913
6.14461461500536,-0.000446385453988022,-7.79089590502183e-06,0.999999999969651,-0.000127399251288299,0.00495256707639163,-0.000826658081499392,-0.00236278697185676
6.14784432702084,-0.000434617840614345,-7.58551230655551e-06,0.99999999997123,6.35919232081754e-05,0.0049372543553293,-0.00474120323700038,-0.00211834292771692
6.15133163085877,-0.000390385131583152,-6.81350589690459e-06,0.999999999976788,0.000221376296861317,0.00490942872322916,-0.00797912467434117,-0.000168681477493645
6.15402096446182,-0.000365917834094919,-6.38647099667928e-06,0.999999999979607,0.00015878837037908,0.00489134496097427,-0.00672425400640244,0.000904814106311023
6.15671029806487,-0.000369959830054604,-6.45701713452665e-06,0.999999999979153,-2.62318284978538e-05,0.00488335243527526,-0.00297193538575439,0.000417618912545597
6.16029391761127,-0.00036045603051724,-6.2911445411535e-06,0.999999999980211,4.62863290114254e-05,0.00486733388259144,-0.00446993674311636,0.000560432227380493
6.16394349938262,-0.000375700025078835,-6.55720243740395e-06,0.999999999978502,-7.29009275376486e-05,0.00485980001158951,-0.00206431078242403,-0.000617165504329313
6.16759308115398,-0.000446239976445904,-7.78835684292424e-06,0.999999999969671,-0.00033734123049844,0.00487184822016915,0.00330125733151716,-0.00478243161366027
6.17063420121113,-0.000410046943597562,-7.15666925345584e-06,0.999999999974391,0.000207715439579339,0.00484804920949263,-0.00782573861906725,-0.00321301057482548
6.17359702279955,-0.000352960221271609,-6.16031798971835e-06,0.999999999981025,0.000336284596971923,0.00481704765445624,-0.0104635240804291,-0.000461360168489638
6.17734859722325,-0.000261553668959132,-4.56497269399228e-06,0.999999999989581,0.000425246873864092,0.00477091765672051,-0.0122961702276914,0.00402472793822799
6.1804421227186,-0.000245947816990526,-4.29259919456395e-06,0.999999999990787,8.80463082786302e-05,0.00475407380780407,-0.00544487153630549,0.00462512662683323
6.18308848799026,-0.000310268100502023,-5.41519991764251e-06,0.999999999985338,-0.00042420475174507,0.00476724362641437,0.00497656871155765,0.000923262189640154
6.18703242879613,-0.000343063867720296,-5.98759403630968e-06,0.999999999982074,-0.00014513253287804,0.00476437099097927,-0.00072836677234753,-0.00115792111770022
6.189577223363,-0.000335870345869075,-5.86204339519392e-06,0.999999999982818,4.93362579252954e-05,0.00475238731872913,-0.00470909220184367,-0.00109191321347825
6.19212201792987,-0.000317982621026523,-5.54984370100569e-06,0.9999999999846,0.000122681688438751,0.00473656563053671,-0.00621727521679209,-0.00039460248862062
6.19582733987079,-0.000314631090115003,-5.49134845161819e-06,0.999999999984923,1.57868196936571e-05,0.0047215378134124,-0.0040557385738352,-0.000583903009748372
6.19948868252661,-0.000287843125803085,-5.02381027447494e-06,0.999999999987381,0.000127695826667983,0.00469826888029929,-0.00635530058245838,0.000482012223445716
6.20315002518243,-0.000210713292779397,-3.67764073671097e-06,0.999999999993238,0.000367671006054801,0.00465702811345987,-0.0112638369899259,0.00427448116959471
6.20626133919265,-0.000226462761771758,-3.95252082606643e-06,0.999999999992189,-8.83485525584976e-05,0.00465084109914656,-0.00198855348351112,0.00319426227353438
6.20928982911692,-0.000275153967133846,-4.80234267639143e-06,0.999999999988469,-0.000280609106050969,0.00465663741690455,0.00191393001229547,0.000311533391250953
6.21290330007204,-0.000351302815080638,-6.1313907946435e-06,0.999999999981203,-0.000367803736290348,0.00466991589018188,0.00367471426842116,-0.00408453252745494
6.21589414413399,-0.00033624285144211,-5.8685448439253e-06,0.99999999998278,8.78835356436686e-05,0.00465308835733644,-0.00562634911646798,-0.00361926387254055
6.218598380943,-0.00027954422784622,-4.87896718084239e-06,0.999999999988098,0.000365936022984283,0.00462251653575584,-0.0113051569591557,-0.000834582089112632
6.22288700916263,-0.000216087609090355,-3.77144025138019e-06,0.999999999992888,0.00025824736320183,0.00458337525974216,-0.00912675895628156,0.00207372179133769
6.2252422385033,-0.000235734705489763,-4.1143467720039e-06,0.999999999991536,-0.000145593685806045,0.00458122683402185,-0.000912193850178066,0.000915178507447682
6.22759746784397,-0.000245453419816951,-4.28397033607258e-06,0.999999999990824,-7.20199774778944e-05,0.0045755228918631,-0.00242182027043144,0.000200675111542475
6.2312297533968,-0.00023483323314128,-4.09861311140733e-06,0.999999999991601,5.1030466071818e-05,0.00455757224546169,-0.00494197004622235,0.00045639117488884
6.23641600513741,-0.000220182985560221,-3.84291805488753e-06,0.999999999992616,4.93024768774455e-05,0.00453203039393392,-0.00492491548911694,0.000983270398952196
6.23848901669719,-0.000232594718219402,-4.05954365566585e-06,0.99999999999176,-0.000104498018719414,0.00452828575710089,-0.00180637527820228,-2.90822451557196e-05
6.24056202825698,-0.000229337994120821,-4.00270309731704e-06,0.999999999991989,2.74193156719126e-05,0.00451895251947405,-0.00450226029024874,-5.73895742852038e-05
6.2440289010217,-0.000230609896455753,-4.02490198082522e-06,0.9999999999919,-6.40314341335662e-06,0.00450569580833963,-0.00382382395723324,-0.000421187875934045
6.24869730349398,-0.000302409725870433,-5.27804540646803e-06,0.999999999986071,-0.000268430888959737,0.00451269777425673,0.00149986338124792,-0.00469705860531526
6.25297053512715,-0.000339102434266508,-5.91845397944365e-06,0.999999999982486,-0.000149865167152213,0.00450871003117743,-0.000933191416150208,-0.00747318712633751
6.25480775265149,-0.000238937993358176,-4.17025469219643e-06,0.999999999991305,0.000951547252356637,0.00446574590450257,-0.0233854326477929,-0.0018476707311921
6.25664497017584,-0.000210747461347157,-3.67823709071909e-06,0.999999999993235,0.000267805850402601,0.00444836466281828,-0.00946063351454101,-0.0004227828256133
6.25962484707651,-0.000195188632515114,-3.4066842998474e-06,0.999999999994197,9.1128862004894e-05,0.00443087541799425,-0.00586911654640828,0.000172460884610195
6.26368492392526,-0.000149570112522093,-2.61049092608596e-06,0.999999999996593,0.00019610303041702,0.00439831317257916,-0.00802010568473577,0.00228944440139086
6.26767330711567,-5.465634414153e-05,-9.53933162372667e-07,0.999999999999545,0.000415345688874476,0.00434845571145964,-0.0125006697549524,0.00716747334266241
6.27034623619943,-0.000178577075506129,-3.11675793615942e-06,0.999999999995143,-0.000809159055857932,0.00438170591018376,0.0124396112587175,0.000261800668269998
6.27301916528319,-0.00019110264169363,-3.33537030680665e-06,0.999999999994438,-8.17875685428693e-05,0.0043753173758505,-0.00239008747821634,-0.000656177896392212
6.27605295836053,-0.000188041768585724,-3.28194799308823e-06,0.999999999994614,1.76090828730971e-05,0.00436189544917277,-0.00442414045241812,-0.000741064144956489
6.27979303483635,-0.000190156392802313,-3.31885514810991e-06,0.999999999994493,-9.86802148579061e-06,0.00434740500067275,-0.00387437224712094,-0.00116747196638947
6.2829945591109,-0.00015485942460268,-2.70280683705738e-06,0.999999999996347,0.0001924234390329,0.00432177222609859,-0.00800642830602865,0.000475475440158138
6.28619608338544,-0.000128116074308526,-2.23604732141164e-06,0.9999999999975,0.000145792902261675,0.00429915267133717,-0.00706524543364074,0.00168406088060013
6.28942035398563,-0.000125399886964354,-2.18864090915495e-06,0.999999999997605,1.47029880972157e-05,0.00428495661649381,-0.004402873270787,0.00161360170539136
6.29301179232591,-0.000144557638834456,-2.5230067565674e-06,0.999999999996817,-9.31008180381055e-05,0.00427700071208778,-0.0022152418201938,0.000365339890611388
6.29571094510213,-0.000162861235436496,-2.84246478222869e-06,0.99999999999596,-0.000118354925470525,0.00427238801419661,-0.00170894286970859,-0.00085968019097223
6.29841009787834,-0.000151815171341617,-2.64967459438745e-06,0.99999999999649,7.14261858538946e-05,0.00425731928276397,-0.0055827634380033,-0.000480761802982163
6.3,-0.00014270987815731,-2.49075724896242e-06,0.999999999996898,9.99541690401128e-05,0.00424751068137981,-0.00616931146297495,-0.000108749810041938
6.30561476255164,-0.000183348424622371,-3.20003368799955e-06,0.99999999999488,-0.000126323496767157,0.00423871146220922,-0.00156715784321537,-0.00272333875892191
6.30861334636942,-0.000131256822608273,-2.29086372021849e-06,0.999999999997376,0.000303199784642275,0.00420773825211774,-0.0103292794110892,-0.000147270980139521
6.31161193018721,-0.00010583016396948,-1.84708480919185e-06,0.999999999998294,0.000147996166855617,0.00418622832112433,-0.00717336326096019,0.00102347512369878
6.31480464586316,-9.61517255542248e-05,-1.67816419239441e-06,0.999999999998592,5.29081302384549e-05,0.0041694906932295,-0.00524244235742209,0.00133795597835775
6.3183372185547,-9.61379082241599e-05,-1.67792303449094e-06,0.999999999998592,6.82669330614704e-08,0.00415475031245313,-0.00417270416308429,0.00112626308124644
6.32116992004948,-0.000121250325502851,-2.11621739913802e-06,0.999999999997761,-0.000154726633023511,0.00415184686352795,-0.00102497525084403,-0.000433005294353063
6.32400262154426,-0.000118867103908658,-2.07462233551481e-06,0.999999999997848,1.46838852240371e-05,0.00413914939031524,-0.00448246073090006,-0.000512127926723536
6.32762511417664,-0.000122915429413558,-2.14527894476762e-06,0.999999999997699,-1.950496976071e-05,0.00412541350451487,-0.00379183263965682,-0.000986329115250354
6.33216696489599,-0.000106159614956284,-1.85283481363551e-06,0.999999999998283,6.4388758945005e-05,0.00410039344610114,-0.00550878044210154,-0.000549782625092445
6.33435708786233,-9.07275644624291e-05,-1.58349472218413e-06,0.999999999998746,0.000122979437954628,0.00408570236042184,-0.00670788166011724,0.000276503761264288
6.33654721082867,-9.19811789440036e-05,-1.60537442243825e-06,0.999999999998711,-9.99016977148993e-06,0.00407693674361471,-0.00400234002467253,8.76409615425001e-05
6.3400537976883,-8.15248804313215e-05,-1.42287758582078e-06,0.999999999998988,5.20440085823572e-05,0.00405845356482113,-0.00527098843788575,0.000422311187390394
6.34480369837281,-7.81253531774217e-06,-1.36354464222942e-07,0.999999999999991,0.000270852636097093,0.00401220950193818,-0.00973579574700873,0.00412755749336496
6.34759884715517,-7.97908296410381e-05,-1.39261269013355e-06,0.99999999999903,-0.000449442345910377,0.00402600575526204,0.00493578496105065,7.09769620364631e-05
6.35039399593753,-9.04750943922948e-05,-1.57908828819755e-06,0.999999999998753,-6.6714015096885e-05,0.00401799267680839,-0.00286678065376483,-0.000703564601903597
6.35357790411801,-9.08378535236291e-05,-1.585419629431e-06,0.999999999998743,-1.98854391350337e-06,0.00400465342523608,-0.00418958425185322,-0.000934645430093818
6.35736350075073,-9.25098913683009e-05,-1.61460219503843e-06,0.999999999998696,-7.7088418124797e-06,0.00398921792774426,-0.00407742794317087,-0.00129361001668746
6.36018607403906,-5.82895675308089e-05,-1.01734487297602e-06,0.999999999999483,0.000211600288478861,0.00396508479674273,-0.00855004583984862,0.000387563458162091
6.36300864732738,-5.34159862559093e-05,-9.32284833365521e-07,0.999999999999565,3.01356354367424e-05,0.00395137948041509,-0.00485561044041166,0.000492256080986145
6.36660372351163,-4.0886433923119e-05,-7.13602891357468e-07,0.999999999999745,6.08281802112051e-05,0.0039316624272031,-0.00548446046801843,0.000960357820265058
6.37108738120317,-4.0463402364242e-05,-7.06219597815222e-07,0.999999999999751,1.64671213776533e-06,0.00391246149384445,-0.00428242624205485,0.000858106905478019
6.3733192525863,-5.71285754764126e-05,-9.97081739037323e-07,0.999999999999503,-0.00013032208908674,0.00390889725403286,-0.0015969736600994,-0.00029322541321074
6.37555112396943,-5.09474059317306e-05,-8.89199978858671e-07,0.999999999999605,4.83369073120521e-05,0.00389720418779437,-0.00523913085981524,-0.000112100778182976
6.37910963093625,-5.3496221162642e-05,-9.33685196663036e-07,0.999999999999564,-1.2501090546996e-05,0.00388296371777909,-0.00400181035137836,-0.000456776743084298
6.38391898259037,-0.000118994880082996,-2.0768524504626e-06,0.999999999997843,-0.000237696749170351,0.00388577066125183,0.000583642801487133,-0.00431320769422901
6.38656462991749,-3.78070296795566e-05,-6.59857148307432e-07,0.999999999999782,0.000535594932714133,0.00384562075241164,-0.0151758355804105,-7.06564470621657e-05
6.38921027724462,-2.71127868748138e-05,-4.73207400356987e-07,0.999999999999888,7.05497463841244e-05,0.00383053656368671,-0.0057015115243362,0.000377415070825887
6.39255597842589,-1.66537386398693e-05,-2.90662572032318e-07,0.999999999999958,5.45610078228831e-05,0.00381254507035142,-0.00537749558626711,0.00076028795324902
6.39668625494076,1.06223595963067e-05,1.85395149286367e-07,0.999999999999983,0.000115260496386892,0.00378521815450986,-0.00661624366872331,0.00204654224882766
6.39939038229522,-2.94571039451922e-05,-5.14123451945792e-07,0.999999999999868,-0.000258685523844792,0.00378792712306281,0.00100179029973878,-0.000279390586221076
6.40209450964969,-2.84213059269452e-05,-4.96045366141752e-07,0.999999999999877,6.68536774875222e-06,0.00377601101196761,-0.00440663827298521,-0.000385897290588771
6.40564014286928,-3.28501528920008e-05,-5.7334332774892e-07,0.999999999999836,-2.18008905095174e-05,0.0037624408848873,-0.00382727886385524,-0.000821082645418193
6.41009528234442,-4.65166515134393e-05,-8.1186872591223e-07,0.99999999999967,-5.35393783952382e-05,0.00374826527982437,-0.00318185438233868,-0.00189290380913237
6.4123833788722,-8.46554671318911e-06,-1.47751663126534e-07,0.999999999999989,0.000290248708795088,0.00372495521090458,-0.0101875373861249,0.00011877970679695
6.41467147539998,-7.03877510158852e-06,-1.22849800830118e-07,0.999999999999992,1.08832219244745e-05,0.00371466877703632,-0.00449562933354988,9.30582483550118e-05
6.41839410840058,4.31823767908574e-06,7.53674653837244e-08,0.999999999999997,5.32465236787614e-05,0.00369471802906657,-0.00535931099480603,0.000512865485408441
6.42333260368324,0.000106043872430761,1.85081472548057e-06,0.999999999998287,0.000359511786176887,0.00363743045662013,-0.0116002079919965,0.00580891525722799
6.42586645828774,6.50466123964335e-06,1.13527755358632e-07,0.999999999999994,-0.000685630093786865,0.00366199848630352,0.0096959113754182,0.000287136198730392
6.42840031289224,-3.99961706023603e-07,-6.98064865200551e-09,1,-4.75593208058595e-05,0.00365362247300719,-0.00330564085305879,-0.000232871330083623
6.43175728830425,-4.82901004531889e-06,-8.42821249026951e-08,0.999999999999996,-2.30271201791217e-05,0.00364084832834027,-0.0038052541645749,-0.00064019487955918
6.43596809992334,-3.56374968756669e-05,-6.2199165764954e-07,0.999999999999807,-0.000127697361313497,0.00363380788678769,-0.0016719915753647,-0.00253990087146153
6.43889687762438,1.87060338757758e-05,3.26481881121879e-07,0.999999999999947,0.000323846203293421,0.0036019656905374,-0.010872179284554,0.000243415758350175
6.44182565532542,3.47556097378042e-05,6.06599823462849e-07,0.999999999999816,9.56432925045015e-05,0.00358374438760135,-0.00622147011348745,0.000987580980073631
6.44503064123227,3.97200656047481e-05,6.93245923910952e-07,0.99999999999976,2.70347836047943e-05,0.00356828797201258,-0.00482261577367128,0.00111967346471659
6.4487826525915,3.93211118907597e-05,6.86282868038796e-07,0.999999999999765,-1.85581950732463e-06,0.00355240667877403,-0.00423274124676962,0.00096635387568126
6.45144984815244,1.6127243264324e-05,2.81473494232529e-07,0.99999999999996,-0.000151773413143943,0.00354926779253915,-0.00117684892733225,-0.000432735668706194
6.45411704371338,2.11732937926748e-05,3.69543690174244e-07,0.999999999999932,3.30197744895256e-05,0.00353608881900168,-0.00494113507478388,-0.000296190164107986
6.4578764365084,1.60517021678926e-05,2.80155053379233e-07,0.999999999999961,-2.37774134464626e-05,0.00352186970302496,-0.00378229058573639,-0.000749563346345333
6.4628463149819,2.53747353428984e-05,4.42872678555734e-07,0.999999999999902,3.2740765401861e-05,0.00349735874798847,-0.00493190229242199,-0.000698543875997737
6.46488444582869,3.61659143454169e-05,6.31214282321732e-07,0.999999999999801,9.24089854499054e-05,0.00348483456392131,-0.00614493622275568,-8.33567699939073e-06
6.46692257667548,3.78466695245558e-05,6.60548994117647e-07,0.999999999999782,1.43929482457527e-05,0.00347555201124138,-0.00455444393795774,2.31381110279323e-05
6.47027601865332,4.70836474832041e-05,8.21764672430161e-07,0.999999999999662,4.80746884478911e-05,0.00345798302023345,-0.00523909199087208,0.000375011608324111
6.47481237831054,0.000114977495415688,2.00673586069909e-06,0.999999999997986,0.000261216322736643,0.00341452731264922,-0.00957942290026648,0.0038469034804739
6.47909443613024,0.000176690083985243,3.0838237211629e-06,0.999999999995245,0.000251535104339862,0.00337436845347938,-0.00937840189478335,0.00734467119494108
6.48097422051598,7.63245324587196e-05,1.33211439144955e-06,0.999999999999113,-0.000931867156148537,0.00340206956341693,0.0147363230313011,0.00155631250305058
6.48285400490173,5.56292478617077e-05,9.70913535594662e-07,0.999999999999529,-0.000192150152216377,0.00340144133012443,-0.000334204974394228,0.000318561518220794
6.48597691159008,4.82065535280096e-05,8.41363080102557e-07,0.999999999999646,-4.14839341743704e-05,0.00339081732238971,-0.00340196131198923,-0.000208116046368285
6.4902160486955,-4.06246896703973e-06,-7.09034592349362e-08,0.999999999999997,-0.000215200998847183,0.00339141560907505,0.000141134072915062,-0.0031788386114355
6.4941451229971,-0.000102171003159067,-1.7832204051903e-06,0.99999999999841,-0.000435806710313977,0.00340964659893692,0.00464002165967745,-0.00873263575752034
6.49670528448753,5.28856796625305e-05,9.2302923726603e-07,0.999999999999574,0.00105706208478252,0.00334365599479287,-0.0257759537398868,-0.000440925364356163
6.49926544597796,7.00748671625809e-05,1.22303715488439e-06,0.999999999999252,0.000117183200645577,0.00332670295733841,-0.00662186253398706,0.000418148315047786
6.50234208905698,7.59100142964411e-05,1.32487968470848e-06,0.999999999999122,3.31018344372652e-05,0.00331161012494167,-0.00490561693674554,0.00062183093527079
6.5062232835004,9.37685126252907e-05,1.63656928000846e-06,0.999999999998661,8.03076475152099e-05,0.00328885222804284,-0.00586363224790092,0.00145615067510851
6.5095260905058,6.20460596335233e-05,1.08290802849352e-06,0.999999999999414,-0.000167633546438089,0.00328618584032893,-0.000807309573205315,-0.000353361779548694
6.5128288975112,2.29066093588415e-05,3.99795753779921e-07,0.99999999999992,-0.000206827790299978,0.00328617006786697,-4.7754718768271e-06,-0.00259068409394185
6.51586508117922,3.83753242642528e-05,6.69775759931631e-07,0.999999999999776,8.89208413165194e-05,0.00326787020824803,-0.00602725711612491,-0.00190787486444181
6.51907280481418,6.68878591249178e-05,1.16741337133968e-06,0.999999999999319,0.000155137308583535,0.00324422116879254,-0.00737253022601909,-0.000514868687401156
6.5220895067924,9.40571721893956e-05,1.64160733981946e-06,0.999999999998653,0.000157189530786732,0.00322186671922169,-0.00741022803453066,0.000847149858710894
6.52510620877063,9.80911468235468e-05,1.71201347912723e-06,0.999999999998535,2.33387785124702e-05,0.00320775230757241,-0.00467875572435264,0.000973452632256605
6.5286034251253,0.000101911617792619,1.7786932765143e-06,0.999999999998418,1.90665348165038e-05,0.00319170981825571,-0.00458721671459515,0.00107649301836755
6.53199857263979,7.37730325721379e-05,1.28758231756447e-06,0.999999999999171,-0.000144650845612509,0.0031874782795177,-0.00124634900838728,-0.000533434786609129
6.53539372015428,2.85496611667848e-05,4.9828558768914e-07,0.999999999999876,-0.000232477889843285,0.0031893393119504,0.000548144793342977,-0.00308938984122226
6.53844014992994,4.92058618555425e-05,8.58804300660597e-07,0.999999999999631,0.000118341383035175,0.00316924624803378,-0.00659561040176688,-0.00212397944577733
6.54163325009468,8.4281470526934e-05,1.47098915911703e-06,0.999999999998918,0.000191721157142808,0.00314342667467028,-0.00808605180902722,-0.000368850848005543
6.54462861357884,0.000111744535096823,1.95031005854868e-06,0.999999999998098,0.000160020946361611,0.00312115545709424,-0.00743523037982048,0.00102306011146542
6.54762397706301,0.000112994294097487,1.97212246796667e-06,0.999999999998055,7.28205759780768e-06,0.00310822095083303,-0.00431817585064803,0.0010108590088559
6.55109768197144,0.000113793447883464,1.98607033276172e-06,0.999999999998028,4.01527048576613e-06,0.00309347032021571,-0.00424636836062852,0.000962451792348044
6.55438821024854,8.71150791637277e-05,1.52044495954197e-06,0.999999999998844,-0.000141504747568889,0.00308927295269924,-0.00127559077539981,-0.000564900377692757
6.55767873852565,6.07689029252443e-05,1.06061743887013e-06,0.999999999999438,-0.000139742765279123,0.0030849755922321,-0.00130597889008657,-0.0020979399612105
6.56087394310441,6.86800864244391e-05,1.19869363866044e-06,0.999999999999282,4.32135709582699e-05,0.00306890867531505,-0.00502844701208316,-0.00180358424260141
6.56438163704665,0.000101646415587683,1.77406462485462e-06,0.999999999998426,0.000164031125768114,0.00304265558642706,-0.00748442974795462,-0.000185659119869402
6.56710629272425,0.000123824826921596,2.16115092549228e-06,0.999999999997665,0.00014206796984326,0.00302349805210406,-0.00703117626219926,0.000965197258212831
6.56983094840184,0.00011707097885844,2.04327403961104e-06,0.999999999997913,-4.32630393816862e-05,0.00301464326134988,-0.00324987514091535,0.000537598272149529
6.57341936881912,0.000121577174400757,2.12192198856299e-06,0.999999999997749,2.19171501124857e-05,0.00299823621740779,-0.00457221898055807,0.000686240442344664
6.57702242361102,0.0001005060491203,1.75416147531949e-06,0.999999999998461,-0.00010206908706209,0.00299088940842372,-0.00203905003070874,-0.000527840777978714
6.58062547840292,3.33706308660269e-05,5.82427382079783e-07,0.99999999999983,-0.000325205738162489,0.00299994946234322,0.00251454791635924,-0.00423756586805685
6.58368661412603,6.05726825523699e-05,1.05719274730398e-06,0.999999999999441,0.000155094516600854,0.00297770738481808,-0.00726595601667439,-0.00291922682043219
6.58671267385566,0.000110274146472466,1.92464693576984e-06,0.999999999998148,0.000286661290909916,0.00294762602837179,-0.00994076757696708,-0.000349313634509816
6.59046947742246,0.000204298110094053,3.56567467673553e-06,0.999999999993643,0.000436814891114984,0.00289881146677912,-0.0129936422612182,0.00455212850274229
6.59351333424834,0.00020523751231271,3.58207033845153e-06,0.999999999993584,5.38647599213806e-06,0.00288604093089512,-0.00419551135764129,0.00459894194541807
6.59613179021196,0.000138117623258765,2.41060728089221e-06,0.999999999997094,-0.000447386961568454,0.00289922789393793,0.00503615994541384,0.000938124036392884
6.6001653344681,0.000100356876881444,1.75155792859888e-06,0.999999999998466,-0.000163392121281615,0.00289622824611976,-0.000743675444641225,-0.00111942500285505
6.60267233482203,0.000105925296929512,1.84874519257157e-06,0.999999999998291,3.87663543089162e-05,0.00288405338609705,-0.00485634555402003,-0.000961713604646252
6.60517933517595,0.000120079924815491,2.09579005357603e-06,0.999999999997804,9.8542012815485e-05,0.00286883868992605,-0.00606888473197916,-0.000281743960753315
6.60888025061846,0.000117967474562138,2.0589208413705e-06,0.99999999999788,-9.96218713406077e-06,0.00285458563776992,-0.00385122340068001,-0.000499412050090846
6.61270923049824,0.000139150022851949,2.42862605298948e-06,0.999999999997051,9.65544931621248e-05,0.00283156019155677,-0.00601346753863996,0.000511320161717352
6.61567565034276,0.000155254320816207,2.70969907618706e-06,0.999999999996329,9.47515988736451e-05,0.00281385328052466,-0.00596911831777093,0.00132738738693151
6.61864207018727,0.000147685965088079,2.57760634976952e-06,0.999999999996678,-4.45293428919566e-05,0.00280458493496432,-0.00312442137193451,0.000865214895795912
6.62234350299599,0.000143537094487233,2.50519489754579e-06,0.999999999996862,-1.95630870438707e-05,0.00279116507969948,-0.00362558391800045,0.000582279949461401
6.62521628373039,0.000123152729893064,2.14942061945156e-06,0.99999999999769,-0.000123843171821456,0.00278687525650792,-0.00149326509336338,-0.000598674978056452
6.62808906446478,0.000126099373238565,2.20084924771241e-06,0.999999999997578,1.79020374389211e-05,0.0027743071555999,-0.00437489041803453,-0.000521814355247877
6.63177327677663,0.000121179483995373,2.11498098158545e-06,0.999999999997763,-2.33070895102795e-05,0.0027613110073002,-0.00352752425746254,-0.000887713441571535
6.63531143564114,0.000149023128708693,2.60094425758705e-06,0.999999999996618,0.000137349196181592,0.00273727759623925,-0.00679263198214217,0.000500747648816919
6.63884959450565,0.000220595751456866,3.85012217882388e-06,0.999999999992588,0.000353058743001664,0.00269772254360549,-0.0111795581115766,0.00426536671297056
6.64183664201446,0.000192412156222407,3.35822564693638e-06,0.999999999994361,-0.000164676500939373,0.00269586483548541,-0.000621921182908849,0.00274004029551221
6.6448034759488,0.00015176178764826,2.64874287317151e-06,0.999999999996492,-0.000239138013609752,0.00269854246273349,0.000902520096285816,0.000503837474354003
6.6479679462028,0.0001256497763925,2.193002302442e-06,0.999999999997595,-0.000144017966405241,0.00269528876211192,-0.00102819756875907,-0.000971068023778174
6.6511324164568,0.000117663427670945,2.05361422203874e-06,0.999999999997891,-4.40478403067359e-05,0.00268561361469324,-0.00305743035708835,-0.00148710323643842
6.65449603052232,0.000124554829419109,2.17389187262163e-06,0.999999999997637,3.5758457492465e-05,0.0026698871813718,-0.00467545711697876,-0.00121405965559564
6.65775551103553,0.000160390322744801,2.79933922022948e-06,0.999999999996082,0.000191885591914182,0.0026443054194757,-0.00784841688497318,0.000631149601286769
6.66101499154874,0.00019336760231663,3.3749013271058e-06,0.999999999994305,0.000176580932006395,0.0026197673303422,-0.00752822084195846,0.00235266632169106
6.6641092650656,0.000182894057903572,3.19210349274507e-06,0.999999999994905,-5.90761719563641e-05,0.00261135658612464,-0.00271816443237885,0.00175956180957888
6.66751091037714,0.000158000179998672,2.75762335971702e-06,0.999999999996198,-0.000127726465647557,0.00260689732088532,-0.00131091422853035,0.000387606027903928
6.67037593551811,0.000135545177127601,2.36570962607335e-06,0.999999999997202,-0.000136792423927122,0.00260369387661492,-0.0011181208236509,-0.000900144556584966
6.67324096065907,0.00014137358838289,2.46743459263814e-06,0.999999999996956,3.55057849617235e-05,0.00259045336008011,-0.00462143118588806,-0.000659216815663791
6.67679516208346,0.000141172909698792,2.46393208886206e-06,0.999999999996965,-9.85454496770231e-07,0.00257670081995172,-0.00386937556043143,-0.00075391610935986
6.68020452639716,0.00016805659686318,2.93314094495506e-06,0.999999999995698,0.000137623560559348,0.00255391099830149,-0.00668447826437539,0.000611559573240076
6.68361389071085,0.000208905815865538,3.64609431341057e-06,0.999999999993353,0.000209116217236009,0.00252618583130939,-0.00813206347022947,0.00275380151695432
6.68677466370275,0.000199723106044179,3.48582579277366e-06,0.999999999993925,-5.07054828197094e-05,0.00251724443980872,-0.00282886228260304,0.00224239761588745
6.69011059831347,0.000163806988193037,2.85897128174007e-06,0.999999999995913,-0.000187909711726207,0.00251716343626868,-2.42821126589021e-05,0.000288612067980497
6.69292677314351,0.000141756396885772,2.47411586141803e-06,0.999999999996939,-0.000136658923380041,0.00251417746561315,-0.00106029306976274,-0.000978091372157689
6.69574294797355,0.000149652538184027,2.61192952527483e-06,0.999999999996589,4.89364731149258e-05,0.00250056323671784,-0.00483429819416147,-0.000620165749978351
6.69928301619196,0.000149952319978602,2.61716170462768e-06,0.999999999996575,1.47798828442207e-06,0.00248690411160476,-0.00385843556404962,-0.00067935133133086
6.7027212918593,0.000175518365948268,3.06337338351278e-06,0.999999999995308,0.000129777749680051,0.00246468250525763,-0.00646300893154607,0.000621510070796306
6.70615956752664,0.000217745470908605,3.80037539865153e-06,0.999999999992779,0.000214352217928338,0.00243656892960085,-0.00817664968630465,0.00284320961267418
6.70933345559322,0.000208555012324084,3.63997163658458e-06,0.999999999993375,-5.05385693203411e-05,0.00242777824438773,-0.00276968973974644,0.00233894841245525
6.71266469562383,0.000169886383373869,2.96507674417502e-06,0.999999999995604,-0.000202595695960667,0.00242890402480935,0.00033794635369155,0.000244778932670031
6.71546390727643,0.00014827951394401,2.58796573157693e-06,0.999999999996651,-0.000134720435394647,0.00242600268389944,-0.00103648500720456,-0.000994897447588542
6.71826311892903,0.000156751193831474,2.73582443878763e-06,0.999999999996258,5.28215531948367e-05,0.00241242687647471,-0.00484986814488809,-0.000600473206349374
6.72180451172851,0.000156964018289919,2.73953892631626e-06,0.999999999996247,1.04887758544653e-06,0.00239902004237848,-0.00378575178053595,-0.000657220511395727
6.72525239828575,0.000182034975199325,3.17710967100909e-06,0.999999999994953,0.000126909843879991,0.00237715968384096,-0.00634021977655873,0.000623313273831359
6.72870028484299,0.000224703769285247,3.92182061565922e-06,0.99999999999231,0.000215990558938755,0.00234907571102973,-0.0081452717034109,0.0028747201200433
6.73187801420139,0.000215457805685807,3.76044810833063e-06,0.99999999999293,-5.07823320142554e-05,0.00234049718277966,-0.00269957799502114,0.00237385783313735
6.73520597658499,0.000175836276137197,3.06892196303521e-06,0.999999999995291,-0.000207792656763782,0.00234219223753026,0.000509337112386592,0.000234817965232179
6.73800130825341,0.000154255152349539,2.69226029666168e-06,0.999999999996376,-0.00013474668163006,0.00233948036336351,-0.000970143971602554,-0.000998937479848109
6.74079663992183,0.000162793365610296,2.84128023029875e-06,0.999999999995964,5.33102870479202e-05,0.00232608026981872,-0.00479374011183317,-0.000595847780049822
6.74433771968466,0.00016290818131318,2.84328414234706e-06,0.999999999995958,5.65904238969133e-07,0.00231294461344692,-0.00370950592801941,-0.000651399745410774
6.74778815208356,0.000187782006556447,3.27741429040571e-06,0.999999999994629,0.000125819056243507,0.00229137514887829,-0.00625123522940241,0.000624620357380608
6.75123858448245,0.000230518943820736,4.02331455788082e-06,0.999999999991906,0.000216175882106683,0.00226348894928053,-0.00808194347082745,0.00288566243312064
6.75441686992775,0.000221145512745617,3.85971732341251e-06,0.999999999992551,-5.14734240472993e-05,0.00225516798498816,-0.00261806701618247,0.00238366462307634
6.75774340855326,0.000181207892474895,3.1626743542815e-06,0.999999999994999,-0.000209540019704071,0.00225720607926911,0.000612677172999384,0.00023341600943702
6.76053836539165,0.000159553902676362,2.78474093610551e-06,0.999999999996123,-0.000135219769045082,0.00225471161375444,-0.000892488027152557,-0.000999525469996751
6.76333332223004,0.000168030599894067,2.93268721224849e-06,0.9999999999957,5.2933295466906e-05,0.0022415255987857,-0.00471778840647547,-0.00059496817199693
6.76687412214562,0.000168047102859024,2.93297524332333e-06,0.999999999995699,8.13463289948933e-08,0.00222866867177102,-0.003631079790215,-0.000649787668813094
6.77032425165649,0.000192800327188785,3.36500050836029e-06,0.999999999994338,0.000125220013822097,0.00220738078463546,-0.00617017044388939,0.000625587183445015
6.77377438116736,0.000235349116308208,4.10761697122576e-06,0.999999999991564,0.000215243068566287,0.00217980120053328,-0.00799378226680818,0.00288228821055743
6.77695340059811,0.000225936366111423,3.94333348862544e-06,0.999999999992225,-5.16774075088957e-05,0.00217171225669338,-0.00254447763409419,0.00238338333689863
6.78028130789331,0.000185885592897099,3.24431562807046e-06,0.999999999994737,-0.000210047275526487,0.00217401755634988,0.000692717510440491,0.00023261468594701
6.7830749512443,0.000164184649088616,2.86556270782394e-06,0.999999999995894,-0.000135576690601098,0.0021717399983748,-0.000815264401686822,-0.000998448645813157
6.7858685945953,0.000172608037114712,3.01257856305174e-06,0.999999999995462,5.26251338331441e-05,0.00215877374723851,-0.00464134089688127,-0.000592229038321555
6.78940988451775,0.00017250114947138,3.01071302174591e-06,0.999999999995468,-5.26797112547234e-07,0.00214620827627363,-0.00354827513139838,-0.000647987091945646
6.79286181507135,0.000197132279526726,3.44060733969639e-06,0.999999999994081,0.000124537359972151,0.00212520128134725,-0.00608557866393573,0.00062620213503226
6.79631374562495,0.00023981264216031,4.18552019359216e-06,0.999999999991241,0.000215796013950523,0.00209781329787743,-0.00793410616017347,0.00289529622661885
6.79949175976195,0.000230194296463932,4.01764839259675e-06,0.999999999991929,-5.28228616235954e-05,0.00209002731548775,-0.00244995209398819,0.00239043701447772
6.8028165387297,0.000189964577575004,3.31550734083793e-06,0.999999999994504,-0.000211184279789613,0.00209264489437375,0.000787294106281738,0.000234976336806797
6.80561231596536,0.000168124845377345,2.93433210623682e-06,0.999999999995695,-0.000136339630261619,0.00209060929285034,-0.000728098611524538,-0.000999068032272492
6.80840809320101,0.000176427845603285,3.07924679797266e-06,0.999999999995259,5.1833418588721e-05,0.00207787902073178,-0.0045533928655718,-0.000595115154666723
6.81194837310982,0.000176259393088963,3.07630674696449e-06,0.999999999995268,-8.30457219178733e-07,0.00206559403694671,-0.0034700600239262,-0.000648904547496633
6.81539700896649,0.000200824011908816,3.50504022486597e-06,0.999999999993857,0.000124319729806989,0.00204487154062633,-0.00600889661351278,0.000627024526453158
6.81884564482316,0.000242965170522653,4.24054219327706e-06,0.999999999991009,0.000213273305441703,0.0020179368418827,-0.0078102472580686,0.00287240717068045
6.82202575771657,0.00023348456596497,4.07507442866734e-06,0.999999999991697,-5.20320410492248e-05,0.0020103255274334,-0.00239341014121573,0.00237932504539507
6.82535665236666,0.000193304468700823,3.37379943764129e-06,0.999999999994309,-0.000210536526879506,0.00201314666500025,0.000846960910871395,0.000231781038048361
6.8281480862766,0.000171510871304368,2.99342940722101e-06,0.99999999999552,-0.000136263312223684,0.00201131378852653,-0.0006566075117154,-0.000996192339132381
6.83093952018654,0.000179825426572645,3.13854577249081e-06,0.999999999995075,5.19863159767573e-05,0.00199879890972877,-0.004483315457761,-0.000587558693467927
6.83448179054004,0.000179488882130629,3.13267196389837e-06,0.999999999995093,-1.65820448647141e-06,0.00198682664750888,-0.00337982734944348,-0.00064526145890455
6.83793705155119,0.000203902009980061,3.55876142557889e-06,0.999999999993668,0.000123316143211152,0.00196638920178001,-0.00591487753397282,0.000627033780798018
6.84139231256234,0.000246845744232353,4.30827098137704e-06,0.999999999990719,0.000216918361126777,0.00193940102975057,-0.0078107477097535,0.00292000582131722
6.84456826190645,0.000236833394918288,4.13352251998836e-06,0.999999999991457,-5.50224334384707e-05,0.00193222806087983,-0.00225852748062424,0.00240327228563354
6.8478869550691,0.000196283945165007,3.42580111192668e-06,0.999999999994132,-0.000213253040694656,0.0019354684186062,0.000976395697814476,0.000239555547669256
6.85068703521335,0.000174179420573542,3.04000437821957e-06,0.999999999995379,-0.000137780604066409,0.00193392427834322,-0.00055146288085791,-0.00100049117469596
6.8534871153576,0.000182251087112049,3.1808815354389e-06,0.999999999994941,5.03118303628924e-05,0.00192167446145932,-0.00437480938145743,-0.000601293905314949
6.85702539130031,0.000181976314130137,3.17608584220903e-06,0.999999999994956,-1.35537569922199e-06,0.00190995760430843,-0.00331145940582079,-0.000651194414210339
6.86046755526665,0.000206426869613816,3.60282853933833e-06,0.99999999999351,0.000123975121843637,0.00188980842170131,-0.00585363823577421,0.000628285277023653
6.86390971923298,0.000247539334836896,4.3203764210871e-06,0.999999999990667,0.000208458367693357,0.00186377330441328,-0.00756359009700827,0.00282797141288
6.86709386814301,0.000238328310515211,4.15961371919386e-06,0.999999999991349,-5.04884370790607e-05,0.00185652613158151,-0.00227601567531308,0.00235733077225393
6.87043667853575,0.000198257629809934,3.4602484073765e-06,0.999999999994013,-0.000209214771302018,0.00185976597717361,0.000969198133145827,0.0002253324290953
6.87321975263659,0.00017656377617588,3.08161923401855e-06,0.999999999995252,-0.000136047104619457,0.00185834223273691,-0.000511572593872893,-0.000990826218191858
6.87600282673742,0.000184902814228176,3.2271629044795e-06,0.999999999994793,5.22960098036947e-05,0.00184626376270339,-0.00433997428594933,-0.000573513643685164
6.87954888749306,0.000184253459581715,3.21582952788568e-06,0.999999999994829,-3.19604693062377e-06,0.00183492138253518,-0.003198585966178,-0.00063868366125156
6.88301725876962,0.000208384461690747,3.63699496649151e-06,0.999999999993386,0.000121430321331231,0.00181506065907957,-0.00572623916875744,0.000626644094011401
6.88648563004618,0.000252983336769775,4.41539217929986e-06,0.999999999990252,0.000224427303407785,0.00178796146832908,-0.00781323237614429,0.00301664417895624
6.88965319481644,0.000241892214475047,4.22181557751731e-06,0.999999999991088,-6.1112121084815e-05,0.00178167809102907,-0.00198366182090377,0.00245097396758593
6.89294765810678,0.000200617045274308,3.50142797565205e-06,0.99999999999387,-0.00021866614934942,0.00178575547584778,0.0012376476710698,0.000254724798191604
6.8957652009168,0.000177908976220587,3.10509740389655e-06,0.999999999995179,-0.00014066532382326,0.00178479321703116,-0.000341524115694862,-0.00100912572642334
6.89858274372682,0.000185477990647639,3.23720162677889e-06,0.99999999999476,4.68863232221733e-05,0.00177309024541838,-0.00415360915587337,-0.00063033818644859
6.9021127408509,0.000185353662306529,3.235031687873e-06,0.999999999994767,-6.14714071892233e-07,0.00176188274339591,-0.00317493233805555,-0.000664090519819822
6.90552986990584,0.000209904222244015,3.66351979198779e-06,0.999999999993289,0.000125394182434269,0.00174229995352202,-0.00573077269222429,0.000630111754881986
6.90894699896079,0.000247714754538824,4.32343807245857e-06,0.999999999990654,0.000193120678167208,0.00171804120517872,-0.00709916071451479,0.00266154379404142
6.91214622545644,0.000239899858310801,4.18704240257912e-06,0.999999999991234,-4.26339523213295e-05,0.00171073418093723,-0.00228399716351093,0.00227147156709007
6.9155347252226,0.000200718027775344,3.50319045278202e-06,0.999999999993864,-0.000201815551717532,0.0017140236762825,0.000970782225847589,0.000198472251483407
6.91828665711995,0.000179815773210776,3.1383772895423e-06,0.999999999995075,-0.000132566203252743,0.00171284041275948,-0.000429975583394622,-0.000972099200480343
6.9210385890173,0.00018856802208918,3.29113284942364e-06,0.999999999994584,5.55084811616347e-05,0.00170113681104966,-0.00425286749322685,-0.000525910002862989
6.92459817124858,0.000187255524337903,3.26822544223897e-06,0.999999999994659,-6.43542014101928e-06,0.00169052964339193,-0.00297989116939735,-0.00061785644756864
6.92811949821559,0.00021080126451309,3.6791761331126e-06,0.999999999993232,0.000116703360615311,0.00167124345763769,-0.00547696534144294,0.000621359850771893
6.93164082518261,0.000263342654609917,4.5961963838691e-06,0.999999999989437,0.000260418944152014,0.00164168777834294,-0.00839333568612054,0.00344301001915622
6.93477306289951,0.000247808489033325,4.3250740480103e-06,0.999999999990647,-8.65586715845399e-05,0.00163757925581552,-0.00131168924543977,0.00265023548518365
6.93796931047415,0.000203919141290184,3.55906042334571e-06,0.999999999993667,-0.00023966029125737,0.00164339249671021,0.00181877052979269,0.000313671103556226
6.94086142212841,0.00017923891041182,3.12830913436831e-06,0.999999999995107,-0.000148940061959997,0.00164333614778449,-1.94836619249111e-05,-0.00104291464759734
6.94375353378266,0.000184692013155142,3.22348373168833e-06,0.999999999994805,3.29083412739317e-05,0.00163259188920013,-0.0037150220561366,-0.000772652462383633
6.94724520758273,0.000185875919431405,3.24414679424403e-06,0.999999999994738,5.91781012171875e-06,0.0016215787338591,-0.00315411919086012,-0.00073079503287842
6.95057518666904,0.000211532012603862,3.69193009329914e-06,0.999999999993185,0.000134470303702274,0.00160239175222813,-0.00576189253255965,0.000633543187923025
6.95390516575534,0.000240109547144665,4.19070216313469e-06,0.999999999991219,0.000149782343045492,0.001582203886248,-0.00606246029086168,0.0021786855039898
6.95714701775379,0.000236070927986665,4.12021496159407e-06,0.999999999991512,-2.17428807900825e-05,0.00157391745419968,-0.00255607968911241,0.00199234683686292
6.96068458491922,0.000200337905450326,3.49655606665015e-06,0.999999999993887,-0.000176295986982742,0.00157605703322247,0.000604816508843587,0.000123290416484386
6.96334694927354,0.000182152092783404,3.17915375846324e-06,0.999999999994946,-0.000119218208309339,0.0015745985872992,-0.00054780102539614,-0.000906295852994456
6.96600931362786,0.000191756022234196,3.34677394850792e-06,0.9999999999944,6.29591474861754e-05,0.00156328152625206,-0.00425075592256048,-0.000408225202532862
6.96960284790027,0.000188952240522105,3.29783872612501e-06,0.999999999994562,-1.36175749759717e-05,0.00155365210885783,-0.00267965091308086,-0.000570827895486424
6.97331948500762,0.00021078747941932,3.67893553783861e-06,0.999999999993233,0.00010253807426135,0.00153494254486693,-0.0050340034419552,0.000574105877163212
6.97703612211497,0.000305465567560474,5.3313799053782e-06,0.999999999985788,0.000444607401752719,0.00149037471547291,-0.0119914396016455,0.0056493222917471
6.98002769904067,0.000264446359343431,4.61545966543855e-06,0.999999999989349,-0.000239311994218204,0.00149622660668283,0.00195612259194644,0.00351725265149215
6.9828729856543,0.000208243804631705,3.63454003769508e-06,0.999999999993395,-0.000344752484004886,0.00150793358618039,0.00411451677364002,0.000505046925724855
6.98670260853174,0.000130843291159594,2.28364623487852e-06,0.999999999997393,-0.000352748520168504,0.00152435861398427,0.00428894132124916,-0.00360116657285314
6.98991147069281,9.37137966286438e-05,1.63561430571347e-06,0.999999999998662,-0.000201950690505863,0.00152829930433212,0.00122806470020822,-0.00566243616219196
6.99254367671068,0.000177416631090445,3.09650436031945e-06,0.999999999995206,0.000555005970161875,0.00149095872649636,-0.0141860392318652,-0.00118856602890377
6.99614363775901,0.000210035306032458,3.66580763569209e-06,0.999999999993281,0.000158141509792121,0.00146903982421779,-0.00608864984490036,0.000526261144439779
6.99888751485169,0.00022041345837136,3.8469405642782e-06,0.9999999999926,6.60134993183958e-05,0.00145751445596446,-0.0042003952305552,0.00112840895999776
7,0.000205593830986555,3.58828927249643e-06,0.999999999993562,-0.000232498646993957,0.00145961573513388,0.00188881548001315,0.000342881080391913
7.00407256086896,0.000236517395898937,4.12800729666765e-06,0.99999999999148,0.000132525465313343,0.00143705257235754,-0.0055402886543307,0.00201482537466585
7.00833629238395,0.000302432309087721,5.27843955796539e-06,0.999999999986069,0.000269818176229811,0.00140156388186484,-0.00832338771047254,0.00572202286902145
7.01047245523765,0.000210150206597001,3.66781302885575e-06,0.999999999993274,-0.000753981151922257,0.00142836952817144,0.0125485031537601,0.000633011231947768
7.01260861809135,0.00020038912235495,3.49744997026852e-06,0.999999999993884,-7.97519057562849e-05,0.00142584377409025,-0.00118237899175745,8.95804345895866e-05
7.01617737014391,0.000192292529450411,3.35613776589154e-06,0.999999999994368,-3.95970922878864e-05,0.00141873913615023,-0.00199079057199203,-0.000336904845572664
7.02089211372678,8.10453163670587e-05,1.41450761392515e-06,0.999999999999,-0.000411820943779362,0.00144517930565284,0.00560797613654132,-0.00631363927313305
7.02485008284268,-5.91415348870512e-06,-1.03221450846213e-07,0.999999999999995,-0.000383461573430011,0.00146514515854272,0.00504446909645058,-0.0112982494233882
7.02680463472432,0.000165117418832557,2.88184261101862e-06,0.999999999995848,0.00152723705618203,0.00139892944813948,-0.0338776939232361,-0.00183205003565334
7.02875918660596,0.000193446851311997,3.37628448300385e-06,0.9999999999943,0.000252969428252342,0.00138347577839288,-0.00790650270876789,-0.000265406298643797
7.03199755558744,0.000203039519106058,3.54370812005923e-06,0.999999999993721,5.16999878685205e-05,0.00137118099168828,-0.00379659846512348,0.000254435584772788
7.03638168880797,0.000280089068992751,4.8884764527496e-06,0.999999999988051,0.000306735280397933,0.00133180979106445,-0.00898038418162715,0.0043852917418184
7.0394214621389,0.000246412014217194,4.30070096454785e-06,0.999999999990752,-0.00019336161753485,0.00133552625717071,0.00122261290617837,0.00263532659182164
7.04246123546983,0.000200155628258682,3.49337472950471e-06,0.999999999993898,-0.000265587643274128,0.00134374759599307,0.00270458943063495,0.000169289003454004
7.04603262653807,0.000132754919959646,2.31701045151528e-06,0.999999999997316,-0.000329385456679982,0.00135808959416572,0.0040158016578487,-0.00342562799086542
7.04910299848389,0.000136421663097727,2.38100719209953e-06,0.999999999997165,2.0843318566548e-05,0.00134854223611648,-0.00310951188250989,-0.00327692716662143
7.05194975642313,0.000183452552345444,3.20185105960977e-06,0.999999999994874,0.0002883434015233,0.00132420205774137,-0.00855013980627519,-0.000758537794469988
7.05512397701302,0.00020878552407823,3.64399482565894e-06,0.999999999993361,0.000139292072976758,0.00130673508419264,-0.00550275982845906,0.000608773451449388
7.05829819760291,0.000222802846686587,3.88864325748729e-06,0.999999999992439,7.70735444817624e-05,0.00129332659159213,-0.00422418424327414,0.00138563242929344
7.06168235100178,0.000225907341354814,3.94282691105804e-06,0.999999999992227,1.60109921699597e-05,0.00128327960485184,-0.00296883313376612,0.00158724949561379
7.06559110689601,0.000190669231134422,3.3278058655356e-06,0.999999999994463,-0.000157344449786037,0.00128553092353783,0.000575968094940318,-0.000199331678115412
7.06802427653151,0.00018221202204259,3.18019972135431e-06,0.999999999994943,-6.06641403167969e-05,0.00128216420855963,-0.00138367458194595,-0.000735313156279369
7.070457446167,0.000192001692822323,3.35106170914603e-06,0.999999999994385,7.02219793064554e-05,0.00127232857204989,-0.00404231434022302,-0.000219043493350652
7.07405547301914,0.000186971889616579,3.26327508247892e-06,0.999999999994675,-2.43985468355858e-05,0.0012647580317179,-0.00210408110975791,-0.000482870194012607
7.07910254242704,0.000174741905317437,3.04982158899273e-06,0.999999999995349,-4.22925615314092e-05,0.00125605140647933,-0.00172508529899156,-0.00128668170076116
7.08122946638825,0.000197277032013811,3.44313374719646e-06,0.999999999994072,0.00018492064849526,0.00124256181085381,-0.00634230272054014,7.39992329682856e-05
7.08335639034945,0.000196847527758602,3.43563748379179e-06,0.999999999994098,-3.52446234160279e-06,0.00123725383926454,-0.00249560947456869,8.07579074324756e-05
7.08690325958381,0.000203533818011931,3.55233526345566e-06,0.99999999999369,3.29016301289334e-05,0.0012258031700124,-0.00322838776835143,0.000453093397611809
7.09166619316761,0.000290719764235544,5.07401708651012e-06,0.999999999987127,0.000319484157461905,0.0011826796171975,-0.009053989953068,0.00519115662355034
7.09486176694848,0.000212298127631546,3.70530132298115e-06,0.999999999993135,-0.000428316120170987,0.00120248249656548,0.00619697141293762,0.00104526185727827
7.09805734072935,0.000125053140296618,2.18258903813265e-06,0.999999999997618,-0.000476506689963139,0.00122545703866303,0.00718948885958628,-0.00364237444161112
7.10069193055709,0.000164028839577408,2.86284331884745e-06,0.999999999995902,0.000258201209750059,0.00120498175715166,-0.00777171508665494,-0.00160360481509143
7.103437915428,0.000185626729761573,3.23979761404354e-06,0.999999999994752,0.000137274716692963,0.00119043197266811,-0.00529856687764955,-0.000443207269046729
7.10761486359928,0.000199757105598622,3.4864191969429e-06,0.999999999993922,5.90434864853673e-05,0.00117500649519217,-0.00369300188640532,0.000284970429371581
7.11030703761288,0.000210305311571945,3.67052012135474e-06,0.999999999993264,6.83837387491314e-05,0.00116458304726957,-0.00387175861217016,0.000903792670125222
7.11299921162647,0.000201086423178005,3.50962016550762e-06,0.999999999993841,-5.97658082410401e-05,0.00116121344532096,-0.0012516285840346,0.00043400310723899
7.11678302761063,0.000204830109876153,3.57495982455301e-06,0.99999999999361,1.72681915080951e-05,0.00115057870197088,-0.00281058682415038,0.000666464218647239
7.12015344108077,0.000183072214315838,3.19521290872263e-06,0.999999999994895,-0.000112670721024907,0.00115006963870089,-0.000151038818975152,-0.000476302066662767
7.12352385455091,0.000155095730899175,2.7069311599744e-06,0.999999999996336,-0.00014487295196168,0.0011518095811348,0.000516240054618256,-0.00197342794111621
7.12684901623448,0.000153068980674222,2.67155769543356e-06,0.999999999996431,-1.06381186562293e-05,0.00114446764516284,-0.0022079936768888,-0.00210050067732377
7.13042081351555,0.000193216336886347,3.37226124730293e-06,0.999999999994314,0.00019617674149237,0.00112156940858776,-0.00641084439377658,1.09337656029487e-05
7.13300950329743,0.000209394577212878,3.65462480817808e-06,0.999999999993322,0.000109075858704102,0.00110959500735121,-0.00462566095032728,0.000956302338173037
7.13559819307931,0.000198968131524759,3.47264900164118e-06,0.99999999999397,-7.02964904531849e-05,0.0011071040108154,-0.000962261508989886,0.000426558437409339
7.13918459315531,0.000202030159642875,3.52609147409063e-06,0.999999999993783,1.49014251944103e-05,0.00109746307416216,-0.00268819329938949,0.000618641449446557
7.14314146921181,0.000182397585675092,3.18343841771342e-06,0.999999999994933,-8.65968636587112e-05,0.00109505883813991,-0.000607609636470674,-0.000374477482790197
7.14595768417318,0.000169796238605939,2.9635034211712e-06,0.999999999995609,-7.80959548755501e-05,0.00109289069402455,-0.000769878771720036,-0.00107098177305228
7.14877389913456,0.00017961592254477,3.13488923740822e-06,0.999999999995086,6.08567948784151e-05,0.00108277477585693,-0.00359202628576527,-0.000543952116294982
7.15248823409559,0.000179296158951201,3.12930830987246e-06,0.999999999995104,-1.50253749172913e-06,0.00107419200905064,-0.0023107142722254,-0.000561313077886117
7.15521812473732,0.000193898274626296,3.38416330615858e-06,0.999999999994274,9.33572181947373e-05,0.00106263613723732,-0.00423308964714084,0.000250183497645265
7.15794801537904,0.00019311947695615,3.37057072260775e-06,0.99999999999432,-4.97916778904737e-06,0.00105657448602645,-0.00222047400662105,0.000230298374524738
7.16216432859053,0.000207789228988997,3.62660619603049e-06,0.999999999993424,6.07249652912414e-05,0.00104161485616309,-0.00354803571580337,0.00105116257355423
7.16613216365409,0.000193612573537039,3.37917688147453e-06,0.999999999994291,-6.23587701086254e-05,0.00103754111763025,-0.00102669049181347,0.00037637689683869
7.16874460154432,0.000173224210492875,3.02333281726377e-06,0.99999999999543,-0.000136211492546015,0.00103881755280476,0.000488599242599113,-0.000757835323773039
7.17135703943456,0.000181137919678721,3.16145309860144e-06,0.999999999995003,5.28702641523595e-05,0.00103005090912288,-0.00335573286341029,-0.000334137719496768
7.17497844170169,0.000176411865469914,3.07896789203042e-06,0.99999999999526,-2.27771455604334e-05,0.00102351701423029,-0.00180424443643913,-0.000576519474720647
7.17895733287542,0.000194734852079578,3.39876433716622e-06,0.999999999994224,8.0373257566973e-05,0.00100802348197302,-0.0038939321486216,0.000386382513289638
7.18173309326744,0.000206929283697737,3.61159731931108e-06,0.999999999993478,7.66755598783787e-05,0.000997454440014954,-0.00380762042302544,0.00109523892742869
7.18450885365946,0.000196601469203607,3.43134295185444e-06,0.999999999994113,-6.49387346170534e-05,0.000994919702963544,-0.000913168535259238,0.000572243318119258
7.1882145408095,0.000197335168197374,3.44414841501417e-06,0.999999999994069,3.45562446081815e-06,0.000986409735586038,-0.00229646136680014,0.000651665281635123
7.19129323283265,0.000177560891492798,3.09902217932076e-06,0.999999999995198,-0.00011210157855982,0.00098662211199734,6.89826750142763e-05,-0.000393821933228146
7.19437192485581,0.000171010511360346,2.98469647875278e-06,0.999999999995546,-3.71345037790831e-05,0.00098216167730469,-0.00144880834429112,-0.000737979737250957
7.19803317378672,0.000158895456934447,2.7732488899634e-06,0.999999999996155,-5.77528577761325e-05,0.000978434574638438,-0.00101798668612194,-0.00138668379634417
7.20239083789858,0.000206822542686133,3.60973433721169e-06,0.999999999993485,0.00019195730230257,0.00095188013764989,-0.00609373194145489,0.00102100304445462
7.20453760600805,0.00019384056762211,3.38315612893409e-06,0.999999999994277,-0.000105543867210998,0.000951835706608333,-2.06967121231307e-05,0.000516027357646255
7.20668437411753,0.00018641866013149,3.25361940644504e-06,0.999999999994707,-6.03403422652772e-05,0.00094982761083124,-0.000935404139940573,0.000157927986763568
7.21006693283119,0.000191330532436313,3.33934775060126e-06,0.999999999994424,2.53442294468732e-05,0.00094078699011088,-0.00267271656921531,0.000445750729322551
7.21468868306079,0.000243133783946105,4.24348505267933e-06,0.999999999990996,0.000195626604028446,0.000912456308036189,-0.00612986004592779,0.00329941716129032
7.21760434840288,0.000181666783366459,3.17068351124667e-06,0.999999999994973,-0.000367943990675494,0.00092810041675173,0.00536553646598091,1.5567728374878e-05
7.22052001374496,0.000163658102818311,2.85637274174305e-06,0.999999999995921,-0.00010780070159923,0.000928315572372989,7.37929755359397e-05,-0.000954983543368247
7.22366163559686,0.000161416698477837,2.81725285613345e-06,0.999999999996032,-1.2452130604464e-05,0.000922473369359075,-0.00185961369296324,-0.00107124382400346
7.22729129241303,0.000163221741499472,2.848756800001e-06,0.999999999995942,8.67959299275588e-06,0.00091419892089709,-0.00227967790925568,-0.000982448152042683
7.22995660506157,0.000186310311181292,3.25172836052301e-06,0.999999999994713,0.000151191103506667,0.000900409408202976,-0.00517369423869982,0.000297186492815966
7.23262191771012,0.000185175592917883,3.23192379074413e-06,0.999999999994777,-7.43048654715673e-06,0.000895256593738491,-0.00193328706382589,0.000264406505199664
7.23656039253027,0.000196203285150642,3.42439332910131e-06,0.999999999994137,4.88690539224353e-05,0.000883164422211272,-0.00307026757295524,0.000890965601271032
7.24158802108571,0.000226403055223701,3.95147875021784e-06,0.999999999992193,0.000104837780935398,0.000862065420586874,-0.00419661106458533,0.00280122282314023
7.24356773674137,0.000187516557461707,3.27278132970609e-06,0.999999999994645,-0.000342825707610121,0.000871835575986409,0.00493513064446147,0.000506588065257708
7.24554745239702,0.00018060460715329,3.15214503909059e-06,0.999999999995032,-6.09361704402467e-05,0.000870247433487054,-0.000802207374993032,0.000116006603504509
7.24886868825307,0.000172758483303713,3.01520434439688e-06,0.999999999995454,-4.12318488146477e-05,0.000866276922893299,-0.0011954919089907,-0.000281732950179539
7.25334857860516,0.000102376066620704,1.7867994377714e-06,0.999999999998404,-0.000274204234943969,0.000882241511663608,0.00356361149840264,-0.00403562517564184
7.25742472660982,5.79612017689615e-06,1.01161380928114e-07,0.999999999999995,-0.000413537009676936,0.000908391892136363,0.00641546392400688,-0.00943694527422711
7.25950092122177,0.000155588634273326,2.71553394674749e-06,0.999999999996313,0.00125921363574078,0.00085096598130934,-0.0276592138792834,-0.00117299076791753
7.26157711583372,0.000174462484129509,3.04494476926357e-06,0.999999999995364,0.000158660859931427,0.000840111877141953,-0.00522788379514079,-0.00011229904413084
7.26493063236676,0.000182354608157091,3.18268831851998e-06,0.999999999994935,4.10743611668779e-05,0.000830642432413541,-0.00282373581138572,0.00033367861738294
7.26941597623265,0.00026444085739533,4.61536363832891e-06,0.999999999989349,0.000319412594141337,0.000792591170526288,-0.00848346593370941,0.00476990139643425
7.27332314477316,0.000368295874429655,6.4279756302648e-06,0.999999999979341,0.000463919580936997,0.000747990499651963,-0.0114150875274245,0.0105752537059385
7.27561091673942,0.000190782151419727,3.32977669630645e-06,0.999999999994456,-0.00135424289644693,0.000806652384982104,0.025641491457765,0.000912182879781185
7.27789868870568,0.000174415744194171,3.04412900349976e-06,0.999999999995367,-0.000124858463614822,0.000808020465787099,0.00059799701420097,1.71914376200999e-05
7.28115294869721,0.000166648366653625,2.90856269117238e-06,0.99999999999577,-4.16581074286626e-05,0.000804476670517106,-0.0010889711575647,-0.000377956956513624
7.28542318147274,0.000118790194250732,2.07328000875743e-06,0.999999999997851,-0.000195605889965361,0.000813269799617415,0.00205916856586578,-0.00293310213311945
7.28964364539697,8.33275407424796e-05,1.45433994354548e-06,0.999999999998942,-0.00014665213974709,0.000817802495310016,0.00107398043769165,-0.00506230769493121
7.29163782251566,0.000159105703714029,2.77691838850881e-06,0.999999999996144,0.000663220148584869,0.00078705577317633,-0.0154182503878011,-0.00075034211427734
7.29363199963436,0.000170571454661854,2.97703349376118e-06,0.999999999995569,0.000100349714865853,0.000779191707700851,-0.00394351404484064,-8.53667605220949e-05
7.29694397097138,0.000177913570220925,3.10517758432828e-06,0.999999999995179,3.86911834457382e-05,0.000770317674793665,-0.00267938094994766,0.000333018404632606
7.3,0.000178736162926961,3.11953453545144e-06,0.999999999995134,4.69791058552668e-06,0.000764274943334913,-0.00197731481021953,0.000406450545926233
7.30428412727581,0.000198081364432309,3.4571719961797e-06,0.999999999994024,7.88112581614387e-05,0.000749380418959571,-0.00347667644223693,0.00150568565301427
7.30730432226818,0.000163885792604098,2.86034667817818e-06,0.999999999995909,-0.000197611518299661,0.000755923784753415,0.00216653752832578,-0.000308845304177482
7.31032451726056,0.000151929045469408,2.65166207285024e-06,0.999999999996484,-6.90964013434579e-05,0.000754584757052923,-0.000443358029489166,-0.000943698260081595
7.31368012995752,0.000145677975462471,2.54256031945688e-06,0.999999999996768,-3.25132139035583e-05,0.000750626798344293,-0.00117950403281539,-0.00127101274316308
7.31755787937825,0.000155697472067808,2.71743352461181e-06,0.999999999996308,4.50965717950714e-05,0.000739961132126462,-0.00275047845041156,-0.000769889245251999
7.32010340138135,0.000180176624365233,3.14467533029717e-06,0.999999999995056,0.000167840547112799,0.000726617375149561,-0.00524205132019068,0.000621424224869786
7.32264892338445,0.000173862941262702,3.03448077223099e-06,0.999999999995396,-4.32895720141901e-05,0.000724243231330818,-0.000932674640350998,0.000317888374982984
7.32630613797508,0.000179353383666863,3.13030706957427e-06,0.999999999995101,2.62019892376907e-05,0.000715686252591335,-0.00233975298069637,0.000648459843346797
7.33130651117505,0.000184662895680998,3.22297553589464e-06,0.999999999994806,1.85323100126747e-05,0.000704831271262664,-0.00217083423468165,0.00115861130761476
7.33340390789155,0.000165977968105108,2.89686202920022e-06,0.999999999995804,-0.000155484894264244,0.000707735283864718,0.00138457955006869,1.02168879248404e-05
7.33550130460806,0.000165977849789864,2.89685996420965e-06,0.999999999995804,-9.84549350428563e-10,0.000704007591771276,-0.00177729471211066,2.30626370342833e-06
7.3389786566459,0.000158743502930204,2.77059679227778e-06,0.999999999996162,-3.63101493775344e-05,0.000700427911973168,-0.00102942692001001,-0.000358713199063844
7.34366323295444,7.96190647995888e-05,1.3896148281111e-06,0.999999999999034,-0.000294793354449708,0.000720333323197357,0.00424913800377344,-0.00460064357467938
7.34707492334643,0.000138165303000142,2.41143944936573e-06,0.999999999997092,0.0002995068437787,0.00069355395128128,-0.00784929722196099,-0.00151750737691719
7.34953875095106,0.000176102297042373,3.07356490370964e-06,0.999999999995277,0.000268738548550989,0.000675780618422401,-0.00721370798246022,0.000628723556200473
7.35200257855568,0.000169583283046353,2.95978664549601e-06,0.99999999999562,-4.61794721353993e-05,0.00067383426133088,-0.000789972921752981,0.000319674496174606
7.35546327936976,0.000173625321490491,3.03033352483811e-06,0.999999999995409,2.03851425281533e-05,0.000666435119555412,-0.00213804722597077,0.000570197441378259
7.36017401329365,0.000197692898456221,3.45039198586502e-06,0.999999999994047,8.91704918631142e-05,0.000649815117077244,-0.00352811318718247,0.00199545173943606
7.36244099315556,0.000161658652453596,2.82147574964872e-06,0.99999999999602,-0.000277424712405873,0.000658772571457008,0.00395127214417732,-8.02506360527777e-07
7.36470797301746,0.000161057020454961,2.81097529038723e-06,0.999999999996049,-4.63191554454247e-06,0.000655143499931607,-0.00160083977206034,-2.90958489383658e-05
7.36852522442859,0.00015206022138615,2.65395152449669e-06,0.999999999996478,-4.11352957872489e-05,0.000651904387784169,-0.000848545667700554,-0.000480819830847577
7.3735507582406,2.67631065359484e-05,4.67104327114296e-07,0.999999999999891,-0.000435147245882455,0.000688049040400389,0.00719220165822749,-0.00725365862025355
7.37612309876161,0.000152066575571948,2.65406242596016e-06,0.999999999996478,0.000850182190494567,0.000639206118365328,-0.0189877357356683,-0.000459306395117491
7.37869543928262,0.000166081639516213,2.89867143666419e-06,0.999999999995799,9.50920022863342e-05,0.000629959688237353,-0.00359455913883042,0.000342551673942389
7.38191642150935,0.000172122798946932,3.00410955936767e-06,0.999999999995488,3.27347732095408e-05,0.00062249975226687,-0.0023160438168759,0.000700314359035577
7.38590603879127,0.000194633157100437,3.39698942494747e-06,0.99999999999423,9.84755774349683e-05,0.000607954655985046,-0.00364573723593255,0.00197200678328783
7.3890714128665,0.000152259017388619,2.65742116927957e-06,0.999999999996469,-0.000233643240291622,0.000617866783844097,0.00313142384548582,-0.000264700846286583
7.39223678694173,0.000121100511449031,2.1136026506331e-06,0.999999999997766,-0.000171802291205942,0.000623817225101637,0.00187985404445824,-0.00192954311563927
7.39529068814439,0.000128464529681676,2.24212901496935e-06,0.999999999997486,4.20859601562484e-05,0.000616273900739261,-0.00247006168889459,-0.00153722031542828
7.39863387287947,0.000146049835822968,2.5490505071052e-06,0.999999999996751,9.18051248908868e-05,0.000604657897730602,-0.00347453219883261,-0.000590456116871226
7.40157115824637,0.00016954719927774,2.9591568649272e-06,0.999999999995622,0.000139620876624638,0.0005916153459573,-0.00444034206559205,0.000710034113218483
7.40450844361327,0.000169344757273718,2.95562358541269e-06,0.999999999995632,-1.20290645040502e-06,0.00058702447787173,-0.00156296291034592,0.000738669825232728
7.40809645168805,0.000173889889862979,3.03495111403463e-06,0.999999999995395,2.21090719332258e-05,0.000579743460073887,-0.00202926460757475,0.00103033767690851
7.41162900996971,0.00014530177646701,2.53599440834343e-06,0.999999999996784,-0.000141245144711122,0.00058436697720527,0.00130882968170415,-0.000447783194992609
7.41516156825137,7.0837234986521e-05,1.2363429835234e-06,0.999999999999236,-0.000367906576820222,0.000605338857751513,0.00593674013961483,-0.00441775948218576
7.41811181175195,0.000104677484845051,1.82696676325159e-06,0.999999999998331,0.000200194926151718,0.000588726779960228,-0.00563074803418786,-0.00263176989756663
7.42104701722515,0.000145277640049237,2.53557314838365e-06,0.999999999996785,0.000241416279577054,0.000569756972326622,-0.00646285509032365,-0.000437055992065098
7.42426022909909,0.000171852295801727,2.99938838884687e-06,0.999999999995502,0.000144346298551417,0.000555372058216726,-0.00447680223845544,0.00101843881291551
7.42747344097303,0.000184026574889366,3.21186964298183e-06,0.999999999994842,6.61273711388688e-05,0.000546135612784505,-0.00287452113168295,0.0017188637382192
7.43081879382336,0.00017691187716234,3.08769474236169e-06,0.999999999995233,-3.71186258001782e-05,0.000543585959288856,-0.000762147853970441,0.00139355797175364
7.4340658118991,0.00013983164531839,2.4405226092844e-06,0.999999999997022,-0.000199312759579133,0.00055187027584642,0.00255136139199551,-0.000557981412334701
7.43731282997484,0.00010685597282114,1.86498855114939e-06,0.999999999998261,-0.000177250032094311,0.000558722028414248,0.00211016767015053,-0.00231896045777935
7.44038130424791,0.000119257022483507,2.0814276984606e-06,0.999999999997834,7.05364060605465e-05,0.00054972914645282,-0.00293073402646762,-0.0016583288560061
7.44375814681425,0.000143567655002098,2.50572827915129e-06,0.999999999996861,0.000125650092462446,0.00053606828885486,-0.00404545291336018,-0.000353529860214288
7.44665990523623,0.000167035774016238,2.91532422519642e-06,0.99999999999575,0.000141154392090353,0.000523436273756482,-0.0043532276852286,0.000953852456207005
7.4495616636582,0.000163037082474317,2.84553389201854e-06,0.999999999995951,-2.40510487191832e-05,0.000520594020731305,-0.000979493331924091,0.000780960036815515
7.45310589466582,0.000163755015173713,2.85806418143068e-06,0.999999999995916,3.53540426265621e-06,0.000515159313259684,-0.00153339538532671,0.000867553840569095
7.45648629343449,0.000136640696674464,2.384830049186e-06,0.999999999997156,-0.000139993582009613,0.000519891962074862,0.00140002678354039,-0.000545598973781546
7.45986669220315,9.89596870300339e-05,1.72717236541636e-06,0.999999999998508,-0.000194550326389669,0.000528411321207461,0.0025202231202929,-0.00255210006144854
7.46302927666605,0.000107937935411647,1.8838723607371e-06,0.999999999998226,4.95480823229887e-05,0.000520677366364364,-0.00244545400568194,-0.0020796470567802
7.46639546059912,0.000142558798306058,2.48812040812465e-06,0.999999999996905,0.000179505356630594,0.000503559231003329,-0.00508532382704613,-0.000227129872658707
7.46920060092167,0.000164823985229356,2.8767212285068e-06,0.999999999995862,0.000138531686724852,0.000491658242114314,-0.00424256454955925,0.00102683624187561
7.47200574124423,0.000157286700434593,2.7451707921782e-06,0.999999999996232,-4.68962052526716e-05,0.000490375708232971,-0.000457208457997709,0.000663662223134584
7.47555467868228,0.000157875193429268,2.75544193256016e-06,0.999999999996204,2.89414523678858e-06,0.000485180533156268,-0.00146386775404889,0.000740851871232934
7.47901453423071,0.00013295242698611,2.32045759942289e-06,0.999999999997308,-0.000125723264179556,0.00048921336348424,0.00116560656117561,-0.000551747464284615
7.48247438977915,8.80339196708646e-05,1.53648175169219e-06,0.99999999999882,-0.000226592074945842,0.000500386876866396,0.00322947395512445,-0.00294340593264479
7.48563167284122,9.9378804974551e-05,1.73448735350236e-06,0.999999999998496,6.27139214057825e-05,0.00049199638820524,-0.00265750282638763,-0.00234887722081403
7.48891853026254,0.000139316457163337,2.43153087971147e-06,0.999999999997044,0.00021206990047367,0.000473284497871215,-0.00569294250874639,-0.000207303056507468
7.49175153426188,0.000162170078461468,2.83040181736637e-06,0.999999999995994,0.000140794343300934,0.000461292398218591,-0.00423299778447484,0.00107685451014699
7.49458453826122,0.000154818743751709,2.70209682226544e-06,0.999999999996349,-4.52893801530896e-05,0.000460061801973267,-0.000434378576807431,0.000724589281978656
7.49811029140747,0.000154459158685526,2.69582087891956e-06,0.999999999996366,-1.78002914145323e-06,0.000455431632631247,-0.00131324263212837,0.000751660435007001
7.50151230632881,0.000129265210452024,2.2561035306693e-06,0.999999999997455,-0.000129252033991132,0.000459828981855683,0.00129257199809734,-0.000558802048113377
7.50491432125016,9.26111602537526e-05,1.61636967051939e-06,0.999999999998694,-0.000188045577383533,0.000468329725070197,0.00249873778071521,-0.00250922322542078
7.5081180933068,9.94936768735442e-05,1.73649224635781e-06,0.999999999998492,3.74941081058912e-05,0.000461636706252876,-0.00208910580995703,-0.00214940959627558
7.51152762713545,0.000137473157275477,2.39935922756677e-06,0.999999999997122,0.000194415722067846,0.0004436387085312,-0.00527872683663569,-0.000121836928070338
7.51426843191358,0.000157745692907959,2.75318172208027e-06,0.99999999999621,0.000129094380357878,0.000432839320675972,-0.0039402251270865,0.00103296036965506
7.51700923669171,0.000148545647694058,2.59261064176593e-06,0.999999999996639,-5.85853766733565e-05,0.000432539200361013,-0.000109500799674943,0.000579872946879102
7.52057435171695,0.000149640489466936,2.61171923549096e-06,0.99999999999659,5.35988140349119e-06,0.000427530067995855,-0.00140504088358822,0.000682852675795031
7.52411792739313,0.000125811311160322,2.19582161599694e-06,0.999999999997589,-0.000117366653770486,0.000431442492175786,0.00110408935421778,-0.000547037036043296
7.5276615030693,6.89648560192329e-05,1.20366380569915e-06,0.999999999999276,-0.000279987758401711,0.000447126452667817,0.00442602668188472,-0.00357455060457699
7.53077752857507,8.6260697315873e-05,1.50553318322765e-06,0.999999999998867,9.68764141916035e-05,0.000437013501598795,-0.00324546479169989,-0.00266768979377764
7.5339313655941,0.00013084143252375,2.28361379556345e-06,0.999999999997393,0.000246709201408889,0.00041717209713478,-0.00629119524703747,-0.000268800975308538
7.53685804406082,0.000155891628342713,2.7208221908723e-06,0.999999999996299,0.00014938723207245,0.000404584540498375,-0.00430097012005795,0.00112567133599426
7.53978472252755,0.000151208914958451,2.63909342439002e-06,0.999999999996518,-2.79254340412751e-05,0.000402590915868051,-0.000681190179580713,0.000918692999040512
7.54325735046026,0.00014880189452236,2.59708299261759e-06,0.999999999996628,-1.20975908120902e-05,0.00039913098396658,-0.000996343970190118,0.000838105048743784
7.54655720044406,0.000121974865392953,2.1288630057823e-06,0.999999999997734,-0.00014189129479673,0.000404596065122638,0.00165616048695685,-0.000565140105747577
7.54985705042786,9.53514442179501e-05,1.66419664813417e-06,0.999999999998615,-0.000140814388511574,0.00041001349261645,0.00164171932675874,-0.00198048870583035
7.55310668703591,9.81657877908702e-05,1.7133162097639e-06,0.999999999998532,1.5115401367688e-05,0.000405047497676035,-0.0015281693122592,-0.00183255190777059
7.55668715556072,0.000131895103122502,2.30200381674308e-06,0.99999999999735,0.0001644163614069,0.000388710895251033,-0.00456269963325288,-4.53195956490552e-05
7.55932982460678,0.0001490876209418,2.60206985939672e-06,0.999999999996615,0.00011354658393615,0.000379411542471508,-0.00351892447272972,0.000954749116202273
7.56197249365285,0.000139027203100553,2.42648244394114e-06,0.999999999997056,-6.64432104041033e-05,0.000379819881617653,0.000154517701243252,0.000453865967250932
7.56557373153908,0.000141578682314913,2.47101415702779e-06,0.999999999996947,1.23656682767602e-05,0.000374618415986301,-0.0014443549123052,0.000632606935236913
7.56934562457304,0.000119666562600536,2.08857552192174e-06,0.999999999997819,-0.00010139169686503,0.000377944807386574,0.000881889112527756,-0.000481356692105051
7.57229575359756,0.000104846672455984,1.82991964411594e-06,0.999999999998326,-8.76761238766657e-05,0.000379743773112505,0.000609792219586643,-0.0012785527375536
7.57524588262209,0.000113848861593272,1.98703748444861e-06,0.999999999998026,5.32579555086796e-05,0.000373090026709122,-0.00225540861029207,-0.00078701990873646
7.57894389660755,0.000118810320240981,2.0736312735525e-06,0.99999999999785,2.34162957318731e-05,0.000367025225311567,-0.00164001580886519,-0.000517565956667005
7.58182846228026,0.000139794606943398,2.4398761676912e-06,0.999999999997023,0.000126967084716952,0.000356229107273098,-0.00374271875332128,0.000650584441216573
7.58471302795298,0.000137955150126873,2.40777158979468e-06,0.999999999997101,-1.11297788087314e-05,0.000353568177060688,-0.000922471704345585,0.000589906623562105
7.58840020582902,0.000144043233564968,2.51402869092526e-06,0.99999999999684,2.88180024678144e-05,0.000347191911324139,-0.001729307874727,0.000964687412517963
7.59192205133983,0.000116800401493687,2.03855157371472e-06,0.999999999997922,-0.000135007942782405,0.000352885826990721,0.0016167420317292,-0.000443119492234915
7.59544389685064,4.89965010181685e-05,8.5515026472369e-07,0.999999999999634,-0.000336017382182244,0.000373031462244965,0.0057201927774556,-0.00405626816751167
7.59843763159435,7.63027597783329e-05,1.33173438648981e-06,0.999999999999113,0.000159193837318936,0.000359968022025349,-0.00436359308287334,-0.00261719748220765
7.60142613034686,0.000116571872126797,2.034562983825e-06,0.99999999999793,0.000235177811851158,0.0003423197406665,-0.00590540027630994,-0.000441984218652267
7.60457380745744,0.000143313130014202,2.50128598008393e-06,0.999999999996872,0.000148275372556988,0.000329325992940425,-0.00412804340140433,0.00102610636055265
7.60772148456802,0.000150895445273245,2.633622346278e-06,0.999999999996532,4.20425480586175e-05,0.000323167047101167,-0.00195666379456741,0.00147964967448797
7.61109706197495,0.000145411696576643,2.53791287617066e-06,0.999999999996779,-2.83535106945362e-05,0.000321427552085512,-0.000515317768179105,0.00123963270554306
7.61435982847011,0.00011094946368987,1.93643344470892e-06,0.999999999998125,-0.000184346453341197,0.000330139990322373,0.0026702610345501,-0.000571675001786882
7.61762259496527,7.90107040864287e-05,1.37899693062668e-06,0.999999999999049,-0.000170847811177997,0.000337977188429386,0.00240201010971468,-0.00227588144539673
7.62072615387269,8.96337021608192e-05,1.56440322345761e-06,0.999999999998776,5.97398980854087e-05,0.000330870210992156,-0.00228994443129364,-0.00171049969654245
7.62413699644534,0.000115641245659907,2.01832048787162e-06,0.999999999997963,0.000133080684536621,0.000317985442531595,-0.0037775910749685,-0.000318060230954988
7.62698918767752,0.000138515949098779,2.41755937829621e-06,0.999999999997078,0.000139976200024915,0.000306829109248779,-0.00391149553961399,0.000961901320457196
7.62984137890971,0.000132874688829948,2.31910081264345e-06,0.999999999997311,-3.45203240729487e-05,0.000305830891574559,-0.000349982730104604,0.000700085124894851
7.6333991396666,0.00013385951392596,2.33628925312507e-06,0.999999999997271,4.83125248047064e-06,0.00030175638542573,-0.00114524455893573,0.000799359145649169
7.63682170309463,0.000107893361916732,1.88309440649172e-06,0.999999999998227,-0.000132413863516031,0.000307432674004981,0.0016584903972154,-0.000550893911612426
7.64024426652266,6.62239036784171e-05,1.15582516271171e-06,0.999999999999332,-0.000212492553921519,0.000318717409600721,0.00329715893745425,-0.00277020798546503
7.6434007708303,7.65813349655777e-05,1.33659644072159e-06,0.999999999999107,5.72694539249648e-05,0.000311795084230469,-0.00219303529968549,-0.00222692823995584
7.6467181921399,0.000113816116515016,1.98646597501921e-06,0.999999999998027,0.000195895990786026,0.000295170795560396,-0.00501120813987992,-0.000232307887099145
7.64954498485374,0.000136592619500506,2.38399094420538e-06,0.999999999997158,0.000140627562551924,0.00028420644874908,-0.00387872331693369,0.00104706488905862
7.65237177756758,0.000129359703522039,2.25775274586136e-06,0.999999999997451,-4.46577485947985e-05,0.000283930542303942,-9.7604059818984e-05,0.00070020746054917
7.65590581107247,0.000129399565343693,2.25844846589508e-06,0.99999999999745,1.96862885638165e-07,0.000280377976154555,-0.00100524404889594,0.00074769863255988
7.6593279456132,0.000104208102000077,1.81877448715444e-06,0.999999999998346,-0.000128479454418972,0.00028593433530911,0.00162365304122923,-0.00056223152502318
7.66275008015393,6.46100557084189e-05,1.12765820200863e-06,0.999999999999364,-0.000201954738167236,0.000296637271142757,0.00312756138201327,-0.00267082982648861
7.66593427632262,7.31942076400677e-05,1.27747991670722e-06,0.999999999999184,4.70516597475617e-05,0.000290460332850494,-0.00193987366513425,-0.00222224650835714
7.66929583716734,0.00011165963876844,1.94882833809556e-06,0.999999999998101,0.000199713303551747,0.000273504062799902,-0.00504416574140693,-0.000165830108829253
7.67207369985222,0.000133052733671867,2.32220828135112e-06,0.999999999997304,0.000134412671039764,0.000263205333710878,-0.00370742914870502,0.00104434239085506
7.6748515625371,0.000124533481674601,2.17351928419209e-06,0.999999999997638,-5.35264028595504e-05,0.000263559477377069,0.000127487822964946,0.000627505832670387
7.67840259824506,0.000125120293542457,2.18376108337594e-06,0.999999999997616,2.88417240100288e-06,0.00025995217147647,-0.0010158461354006,0.000702907843199904
7.6818836716843,0.000100770174737038,1.75877133697042e-06,0.999999999998453,-0.000122085831805659,0.000265303973891134,0.00153740003136226,-0.000559418797037341
7.68536474512354,5.3860654371374e-05,9.40045756059015e-07,0.999999999999558,-0.00023519342386831,0.000278701888341699,0.0038487882213383,-0.00305822674628457
7.68852149041986,6.58337809338474e-05,1.14901623633205e-06,0.99999999999934,6.61980808260383e-05,0.000271484765663709,-0.00228625435393799,-0.00243251921081658
7.69178857212246,0.000107294299323943,1.87263879182204e-06,0.999999999998247,0.000221488968248108,0.000253697419526261,-0.00544441423772811,-0.00020949533782792
7.69462790760437,0.000130328035509012,2.27465332728638e-06,0.999999999997413,0.000141587543292245,0.000242878414248212,-0.0038104004782119,0.00108293088722181
7.69746724308627,0.000123043088063158,2.14750700852179e-06,0.999999999997694,-4.47803084824853e-05,0.000242857021505602,-7.53441879133628e-06,0.000733302728874662
7.70098704393535,0.000122466283296592,2.13743986620404e-06,0.999999999997716,-2.86014543135782e-06,0.000239844915024116,-0.000855760484936171,0.000747386241830463
7.70437648485742,9.72501362089056e-05,1.69733507485754e-06,0.999999999998559,-0.000129845836368156,0.000245736532292611,0.00173822686512194,-0.000566481897761184
7.7077659257795,6.22628627167737e-05,1.08669195612471e-06,0.99999999999941,-0.000180160425501553,0.000255124381860858,0.00276973394258191,-0.00242942067770771
7.71097993215162,6.83147997628282e-05,1.19231818370171e-06,0.999999999999289,3.28643491479765e-05,0.000250094763407831,-0.00156490618583158,-0.00211474423339047
7.71441685420019,0.000105986339012528,1.84981057790248e-06,0.999999999998289,0.000191302678649287,0.000233641491900727,-0.00478721113675442,-0.000107537018681755
7.71713793749786,0.000125659040270989,2.19316398762314e-06,0.999999999997595,0.000126182616318944,0.000224241577074371,-0.00345447522110631,0.00101585832226072
7.71985902079553,0.000116192309951443,2.02793837414905e-06,0.999999999997944,-6.07205275987452e-05,0.000225218138160198,0.000358886876658604,0.00054674962649254
7.72343122299349,0.000117598417399975,2.05247957876271e-06,0.999999999997894,6.87004913319052e-06,0.000221600697423513,-0.00101266404761388,0.000664084588679638
7.72701220593602,9.41063146028738e-05,1.64246503673703e-06,0.999999999998651,-0.000114497764610088,0.000226853595257906,0.00146688714207729,-0.00054765446300306
7.73059318887855,3.04707575649802e-05,5.31815045085849e-07,0.999999999999859,-0.000310152270892314,0.000246406019657387,0.00546007191692303,-0.00393911163877726
7.73368354338121,5.16754406753151e-05,9.01906582203129e-07,0.999999999999593,0.000119756984772539,0.000236226061324157,-0.00329410697848798,-0.0028280985472746
7.73676967357952,9.83775511891008e-05,1.71701217829823e-06,0.999999999998526,0.00026411899165565,0.000216999059598144,-0.00623013304381616,-0.000313283386436314
7.74046981863995,0.000192079231979608,3.35241502273986e-06,0.999999999994381,0.000441983440577965,0.000180558572566546,-0.00984839416737592,0.004710238587218
7.74345274365017,0.000178046086058146,3.10749042199883e-06,0.999999999995172,-8.21088696174197e-05,0.000183055038630994,0.000836918814887765,0.00405944507864475
7.74608685829597,0.000117193323553762,2.04540935736674e-06,0.999999999997908,-0.000403202292781144,0.000202506722799379,0.00738452451163684,0.000824741325192628
7.75032630321462,6.86292205765487e-05,1.19780586213793e-06,0.999999999999283,-0.000199932658990677,0.000216279480560206,0.00324871723188155,-0.00164787673453762
7.75272078125415,8.37535452533259e-05,1.46177512488808e-06,0.999999999998932,0.000110240836789068,0.000208937721363129,-0.00306612091482365,-0.000913740557319949
7.75511525929367,9.63962298557912e-05,1.68243159749202e-06,0.999999999998585,9.21522223055729e-05,0.000202488932224099,-0.00269319201620513,-0.000232065771985575
7.75877432895537,9.12211345049807e-05,1.59210914451585e-06,0.999999999998733,-2.46845404234109e-05,0.000201364877453124,-0.000307196876501325,-0.00048767877316924
7.76403396160084,9.95206855696399e-05,1.73696363703135e-06,0.999999999998491,2.75408003333544e-05,0.000194191131054947,-0.00136392536926605,-0.000227388358016854
7.76605816215508,0.000100427667778446,1.75279346283201e-06,0.999999999998464,7.82028528128495e-06,0.000192257848161427,-0.0009550846577288,3.39163523553165e-05
7.76808236270932,9.9505644105517e-05,1.73670111395809e-06,0.999999999998492,-7.94997750605722e-06,0.000190981088910935,-0.000630747406831403,2.97713928089915e-05
7.7714484678628,0.000105602727794742,1.84311529910454e-06,0.999999999998301,3.16134464891656e-05,0.000186159415806298,-0.0014324190376655,0.00038404270772067
7.77599650812237,0.000170830731058422,2.98155872055398e-06,0.999999999995555,0.000250315159163248,0.000159407378843975,-0.00588210205617368,0.00394203012683986
7.78027172828099,0.000227648890992348,3.97322268631968e-06,0.999999999992107,0.000231956233592239,0.000135893013060095,-0.00550015318777305,0.00739500306699171
7.78214898962415,0.000125177571735816,2.18476077643964e-06,0.999999999997613,-0.000952697351596448,0.000170890281179684,0.0186427256103642,0.00158147875671387
7.78402625096732,0.000102483993316982,1.78868311397224e-06,0.9999999999984,-0.000210986959226556,0.000177522921627979,0.00353314708814524,0.000327741398766848
7.78713981818029,9.21512380228407e-05,1.60834251328687e-06,0.999999999998707,-5.79208953430232e-05,0.000178825849219133,0.000418467790169486,-0.000203563938683803
7.79136768178513,3.7203662516628e-05,6.49326404715912e-07,0.999999999999789,-0.000226832319631472,0.000195172331753995,0.003866369415547,-0.00311452460220645
7.79530005948709,-6.37076727043455e-05,-1.11190864747352e-06,0.999999999999382,-0.000447880439183695,0.000228114168442908,0.00837707849693576,-0.00863012106184329
7.79786805715921,8.74817170591655e-05,1.52684399797994e-06,0.999999999998834,0.00102755258468483,0.000172435976325298,-0.0216815586408173,-0.000427674691953632
7.80043605483133,0.000102484965440756,1.78870008073283e-06,0.9999999999984,0.000101968972011104,0.000165201329153046,-0.00281723276106889,0.000433517771215324
7.8035089296851,0.000105511734173129,1.84152716080907e-06,0.999999999998304,1.71914193028823e-05,0.000161866478081567,-0.00108525443767891,0.000628885862433381
7.80737969368592,0.000119450817363855,2.08481005719618e-06,0.999999999997827,6.2851389631488e-05,0.000154086083185691,-0.00201004114283695,0.00143027490660013
7.81067456760013,8.51644540867499e-05,1.48640012947678e-06,0.999999999998895,-0.000181618460463816,0.000163895414719819,0.00297714928994295,-0.000368522413175999
7.81396944151433,4.51283674319579e-05,7.87638597737362e-07,0.99999999999969,-0.000212075347929788,0.000175766697570964,0.00360295512370398,-0.00250655254769592
7.81702023597303,5.69207305188075e-05,9.93454160193447e-07,0.999999999999507,6.74629396514272e-05,0.000169396377604376,-0.00208808559633423,-0.00188537141173756
7.82025641970237,8.24453614158864e-05,1.43894300970342e-06,0.999999999998965,0.000137658701350048,0.000158026209074445,-0.00351344963107855,-0.000513155121600328
7.82324961639895,0.000107245505725571,1.87178718287655e-06,0.999999999998248,0.000144609331443962,0.000147100667157518,-0.00365012494146614,0.000854475442045759
7.82624281309554,0.000107808645936604,1.88161583370944e-06,0.99999999999823,3.28366353073877e-06,0.000144808751620474,-0.000765708294298658,0.000924223922193556
7.82974746912262,0.000108903740575529,1.90072884077959e-06,0.999999999998194,5.45360426886886e-06,0.000141987956419564,-0.00080487077165836,0.00102931686188591
7.83315294757845,7.88334998474604e-05,1.3759041332082e-06,0.999999999999053,-0.000154111886003318,0.000150337751305509,0.00245187129921283,-0.000541179589409385
7.83655842603428,3.06964228173186e-05,5.35753646746499e-07,0.999999999999856,-0.000246705564976651,0.000165130490812127,0.00434380651602161,-0.00311147913392463
7.83961330649477,4.86729513267757e-05,8.49503257315076e-07,0.999999999999639,0.000102704382258893,0.000156665179887291,-0.00277107763604539,-0.00216450293902095
7.84280842192948,8.21392259361879e-05,1.43359993762551e-06,0.999999999998972,0.000182809257520321,0.000142611330882485,-0.00439854186554221,-0.000365666822775896
7.84579344525107,0.000107321521240363,1.87311390389227e-06,0.999999999998246,0.000147239709347694,0.000131659277137009,-0.0036690010648335,0.00102588960326887
7.84877846857266,0.000105813448530367,1.84679306974341e-06,0.999999999998295,-8.81763099085605e-06,0.000130212792363905,-0.000484580727608091,0.000985602470326941
7.85225408953715,0.000104040458066363,1.81584854854012e-06,0.999999999998351,-8.90330721316195e-06,0.000128551496235183,-0.000477985414893266,0.000936517084076821
7.855547148852,7.52934837443154e-05,1.31411919663475e-06,0.999999999999137,-0.000152359646133052,0.000136620160281503,0.00245020307102576,-0.000572939765262545
7.85884020816685,4.67307768851317e-05,8.15605918660318e-07,0.999999999999667,-0.000151383024206821,0.000144639274296817,0.00243515626309797,-0.00209719708690455
7.8620418164827,5.20392749389787e-05,9.08256688035625e-07,0.999999999999588,2.89388208160311e-05,0.00014068717404752,-0.00123441091458267,-0.00181995823728474
7.8655564345526,8.29518428726757e-05,1.44778277872468e-06,0.999999999998952,0.00015350916656055,0.000127444778228518,-0.00376780508027399,-0.000180113500773249
7.86827184419561,0.000102923107000483,1.79634709353988e-06,0.999999999998387,0.000128365278407371,0.000118617688495083,-0.00325073962823317,0.000955781232912704
7.87098725383863,9.40878306019312e-05,1.64214243006164e-06,0.999999999998652,-5.67887294188354e-05,0.000120045895680146,0.000525963803928336,0.000517778768415394
7.87457730959816,9.61854033383471e-05,1.67875198061211e-06,0.999999999998591,1.01974880065234e-05,0.000117050248706657,-0.000834429093626157,0.000669059217911681
7.87819640744823,7.28331680467938e-05,1.27117858707454e-06,0.999999999999192,-0.00011261740091671,0.000123106195611631,0.00167333052485962,-0.000535565619013164
7.88181550529829,5.71745027537262e-08,9.97883321243088e-10,1,-0.000350966112654133,0.000146757769095091,0.00653521249308268,-0.00441728811120508
7.88486687398811,2.70929223990912e-05,4.72860699851445e-07,0.999999999999888,0.000154639725479849,0.000135276550537627,-0.00376264546326381,-0.00300091224997285
7.88786666633141,7.58587490261652e-05,1.32398493695024e-06,0.999999999999123,0.000283727718352752,0.000116111947426705,-0.00638864325181284,-0.000373461483900764
7.89163111950052,0.000164977627725061,2.87940279592782e-06,0.999999999995855,0.000413185604683856,8.21497331015842e-05,-0.00902181878734477,0.00439498299257524
7.89469763720696,0.000168927715714778,2.94834483709157e-06,0.999999999995654,2.24821924293155e-05,7.89126334318009e-05,-0.00105562725530234,0.00470677035928879
7.89732083425217,9.85503853061056e-05,1.72002870269973e-06,0.999999999998521,-0.000468251569831144,0.000102384228223295,0.00894770556194709,0.000961184980077048
7.90129912696253,5.91944460638557e-05,1.0331379827083e-06,0.999999999999466,-0.000172659673382728,0.00011403749146527,0.00292921212449251,-0.00105181592189859
7.90383450448131,6.12011152171871e-05,1.06816096643212e-06,0.99999999999943,1.38137154977455e-05,0.000111841278532195,-0.000866227185815364,-0.000997320208320773
7.90636988200009,7.38474136994511e-05,1.28888051313743e-06,0.999999999999169,8.70558901269531e-05,0.000105870359304547,-0.00235504148136307,-0.000315330547122613
7.91007512698233,6.97865388553534e-05,1.21800487659657e-06,0.999999999999258,-1.91284616485039e-05,0.000105177181364543,-0.000187080191277222,-0.000517652201394425
7.91379011998542,8.93735269623401e-05,1.55986230961213e-06,0.999999999998783,9.20210166563931e-05,9.60869881168765e-05,-0.00244689377344747,0.000535816267643943
7.91750511298851,0.000172930600362022,3.01820835376321e-06,0.999999999995445,0.00039255687505773,6.42653667728575e-05,-0.00856572847311852,0.00504186489116897
7.92056707652073,0.000142903850515679,2.49414270527382e-06,0.99999999999689,-0.000171153458549036,7.32229538252944e-05,0.00292543884280911,0.00351626136274675
7.92348856920598,8.51402370953245e-05,1.48597746324148e-06,0.999999999998896,-0.000345085663614845,9.21351830802559e-05,0.00647348163850105,0.000442915788820482
7.927165875935,8.61404297665385e-06,1.50343411850902e-07,0.999999999999989,-0.000363209857054575,0.000117314502849957,0.00684721771263561,-0.00360746688087399
7.93026171335931,-1.71480750961719e-06,-2.99290370807444e-08,1,-5.82305929619992e-05,0.000119286875952115,0.000637104870775275,-0.00420685244740108
7.93296310189394,5.8921710929695e-05,1.02837785663133e-06,0.999999999999471,0.000391764042878575,9.62485155314146e-05,-0.00852834019444764,-0.00094985738032679
7.93694089457823,0.000102329125313185,1.78598015740001e-06,0.999999999998405,0.000190457965233149,7.86582890992816e-05,-0.00442210739176981,0.001332476988446
7.93945685847725,9.5564694300257e-05,1.66791856420057e-06,0.999999999998609,-4.69249949275325e-05,7.97135963472224e-05,0.000419444511246606,0.00106205689254489
7.94197282237628,8.15346460252787e-05,1.42304802758874e-06,0.999999999998987,-9.73267290150645e-05,8.33607095015065e-05,0.001449588825856,0.000340649680703655
7.94567490207306,8.45686898228319e-05,1.4760020815057e-06,0.999999999998911,1.43038665437207e-05,8.03210631014941e-05,-0.000821064549921219,0.00053846282543632
7.94940904663025,6.42321751742643e-05,1.12106294250844e-06,0.999999999999372,-9.50523295393442e-05,8.55937984624128e-05,0.00141203300519426,-0.000503696889392256
7.95314319118744,-2.42874156776949e-05,-4.23895370376253e-07,0.99999999999991,-0.00041373821747479,0.000115132730564368,0.00791049506776055,-0.00522382227413239
7.95619641682254,7.19491104117392e-06,1.25574887056578e-07,0.999999999999992,0.000179963855640686,0.000102361254956659,-0.00418294523041629,-0.00358081843899005
7.95909236123487,6.57420141983581e-05,1.14741460465396e-06,0.999999999999342,0.000352851979218123,8.00568338980295e-05,-0.00770195068787773,-0.000424478426479737
7.962769985496,0.000138808724419363,2.42266927160896e-06,0.999999999997065,0.000346760456319125,5.22034600483064e-05,-0.00757374105456373,0.00349008187465613
7.96588747620967,0.00015237516015757,2.65944824300014e-06,0.999999999996464,7.595178081949e-05,4.58088955903038e-05,-0.00205118957690869,0.00430319381068585
7.96859822278258,9.05069330587702e-05,1.57964397775699e-06,0.999999999998752,-0.000398342019884602,6.64561889204657e-05,0.00761682908190365,0.00101748764047292
7.97252791207437,4.68787937840632e-05,8.18189300895264e-07,0.999999999999665,-0.000193769690253182,8.00234657150702e-05,0.00345250623832618,-0.00122813264511522
7.97506737683054,5.12100345757979e-05,8.93783713407692e-07,0.999999999999601,2.97678525873767e-05,7.72333373685468e-05,-0.00109870725307222,-0.00105106301365593
7.97760684158671,6.46464404254254e-05,1.1282932351178e-06,0.999999999999364,9.2346043055179e-05,7.12132546833923e-05,-0.0023706108425139,-0.000327834067407005
7.98131204045826,6.09829415250461e-05,1.06435311716303e-06,0.999999999999434,-1.72568653320174e-05,7.071872127136e-05,-0.000133470139977793,-0.000511033160256973
7.98495482669362,8.07066874451708e-05,1.40859742429573e-06,0.999999999999008,9.45002766816649e-05,6.19531821595123e-05,-0.00240627326050039,0.000551419151437198
7.98859761292897,0.000146166858646118,2.55109294066913e-06,0.999999999996746,0.00031363232497367,3.69380684634363e-05,-0.00686702762114046,0.00409024339320738
7.9917310382484,0.000127644990132446,2.22782535148502e-06,0.999999999997518,-0.000103167478471676,4.20457455129072e-05,0.00163006184248169,0.0031719242841381
7.99480411302152,7.41921079435194e-05,1.29489656260909e-06,0.999999999999162,-0.000303581545440772,5.96158281251342e-05,0.00571742762849052,0.000339187307503155
7.99838806551877,-1.10908287549415e-05,-1.9357147854859e-07,0.999999999999981,-0.000415314667897938,8.82806297447153e-05,0.00799809753102554,-0.00419293487579446
8,5.56108861910264e-05,9.70593063985106e-07,0.999999999999529,0.000722215794803132,6.38146335864456e-05,-0.0151780338736621,-0.000653898930514883
8.00291568502322,5.64998369843379e-05,9.86108182216601e-07,0.999999999999514,5.32126004967677e-06,6.21603171203516e-05,-0.000567385178069377,-0.000601333479492263
8.00659477225941,5.00562203881829e-05,8.73645856877595e-07,0.999999999999618,-3.05679963858586e-05,6.27774793329689e-05,0.00016774873032277,-0.00094202104127614
8.01001857943141,7.72376604302202e-05,1.34805148104427e-06,0.999999999999091,0.000138560847715569,5.15665204376719e-05,-0.00327441305310074,0.000520239288117945
8.01344238660341,0.000124850672046583,2.17905530053879e-06,0.999999999997626,0.000242713382427546,3.31029406550696e-05,-0.00539270433615465,0.0031074563307406
8.01651902664678,0.000108556682254266,1.89467153037711e-06,0.999999999998205,-9.24332278568986e-05,3.75339366861929e-05,0.00144020618878542,0.00229351444598677
8.01970364434709,7.30531058781868e-05,1.27501722638204e-06,0.999999999999187,-0.000194577296965419,4.87599430147519e-05,0.0035250718877316,0.000429155492687608
8.02268037889241,4.67721690848541e-05,8.16328348830116e-07,0.999999999999667,-0.000154091293855455,5.68075930115676e-05,0.0027035161766357,-0.000981184189620894
8.02565711343773,4.75617080711015e-05,8.30108403712987e-07,0.999999999999655,4.62925217989372e-06,5.52379019493182e-05,-0.000527319799045786,-0.000938993887713943
8.02912951374222,4.81908629230541e-05,8.41089227384454e-07,0.999999999999646,3.16231502953417e-06,5.35231539267082e-05,-0.000493822103514137,-0.000903831815344927
8.03245527091144,7.61404754506131e-05,1.32890199064672e-06,0.999999999999117,0.000146677204149864,4.21677764016164e-05,-0.00341437361398065,0.00060547021695479
8.03578102808066,0.000107995124723329,1.8848705025229e-06,0.999999999998224,0.000167170506921675,2.94359783529187e-05,-0.00382824042793347,0.00235031757930322
8.03895097763317,9.94074776533947e-05,1.73498778615355e-06,0.999999999998495,-4.72823664500541e-05,3.11641519146677e-05,0.00054517383735172,0.00194192289572431
8.04238894838928,6.6775956987886e-05,1.16546031060846e-06,0.999999999999321,-0.000165658033749222,4.13435535251059e-05,0.00296087498485145,0.000249936078428345
8.04516017990085,4.47212155233873e-05,7.80532456377028e-07,0.999999999999695,-0.000138901370248396,4.80468819506765e-05,0.00241889874505294,-0.000955054913579843
8.04793141141241,5.20330269737905e-05,9.08147640471541e-07,0.999999999999588,4.604999025238e-05,4.43147478591616e-05,-0.00134674208053088,-0.000562796709232433
8.05150179108766,4.97909396041688e-05,8.69015833754279e-07,0.999999999999622,-1.09601247700874e-05,4.36661709125681e-05,-0.000181654895441586,-0.000675965602729773
8.05501478416364,7.32255236366817e-05,1.27802648395668e-06,0.999999999999183,0.000116427969357211,3.39224881017463e-05,-0.00277361287086949,0.0005850480788408
8.05852777723962,0.000125235687392341,2.18577508599296e-06,0.999999999997611,0.000258397492509624,1.40294678513231e-05,-0.00566269839426226,0.00340562268534545
8.0616510156772,0.00010884762138866,1.89974937619518e-06,0.999999999998195,-9.15798506949361e-05,1.8627519956632e-05,0.00147220655649646,0.00259042463899928
8.06484014229709,6.54781255191755e-05,1.14280887834349e-06,0.999999999999347,-0.000237350405948896,3.28056682050266e-05,0.0044457777750127,0.00030475765535555
8.06774717399631,4.00892968434901e-05,6.99690224728215e-07,0.999999999999755,-0.000152429935227196,4.07083648745008e-05,0.0027184762627788,-0.00106707737895288
8.07065420569553,4.45433030754259e-05,7.77427298379819e-07,0.999999999999698,2.67410478091766e-05,3.80066066296247e-05,-0.000929387266606471,-0.000829788088679535
8.0741407386817,4.54096237500191e-05,7.92547446529565e-07,0.999999999999686,4.3367288391404e-06,3.63694616655274e-05,-0.000469562448022101,-0.000781066697276008
8.07746303558228,7.10181398636463e-05,1.23950036926215e-06,0.999999999999232,0.000134531300515487,2.60072824531854e-05,-0.00311898048923657,0.000603468095131833
8.08078533248285,9.88485416078266e-05,1.72523251185033e-06,0.999999999998512,0.000146203713010951,1.48662839383928e-05,-0.0033534024345829,0.0021307833725493
8.08402337723685,9.42967550761767e-05,1.64578885002522e-06,0.999999999998646,-2.45344545429955e-05,1.52840148159868e-05,0.000129007135271312,0.00193747844568153
8.08756331596569,5.88370707168895e-05,1.02690060623828e-06,0.999999999999473,-0.000174830213513394,2.65939482658986e-05,0.00319495175376006,0.000105064837406035
8.09022938071986,4.01515531445203e-05,7.00776802161304e-07,0.999999999999754,-0.000122324037166491,3.22672637339559e-05,0.00212797362074129,-0.000934224032460571
8.09289544547403,4.93498212654724e-05,8.61316866353101e-07,0.999999999999629,6.0216115884235e-05,2.80312996748273e-05,-0.00158884515183156,-0.000441825320201139
8.09648976853261,4.61425049246483e-05,8.05338636052724e-07,0.999999999999676,-1.55740676027262e-05,2.78825357286049e-05,-4.13885852211159e-05,-0.000605034785977707
8.10019999374162,6.76527774618501e-05,1.18076371482802e-06,0.999999999999303,0.000101186601251032,1.8914911485733e-05,-0.00241700267172407,0.000543890186647366
8.10391021895063,0.000160372745953042,2.79903244734134e-06,0.999999999996083,0.000436164556423002,-1.5364055647641e-05,-0.00923905294216172,0.00553515731999861
8.10690536297789,0.000120026134157963,2.09485122949535e-06,0.999999999997806,-0.000235107631365267,-2.05794925310255e-06,0.00444255978123645,0.0034544307941846
8.10975994887144,6.40432663668166e-05,1.11776586183246e-06,0.999999999999375,-0.000342286203359239,1.68656554483274e-05,0.00662919435853194,0.000469446121638861
8.1135859185473,-1.44643615889144e-05,-2.52450733925552e-07,0.999999999999968,-0.000358135769972828,4.34768599274967e-05,0.00695541437430754,-0.00367694741473106
8.11678600310336,-4.97991384567964e-05,-8.69158930727516e-07,0.999999999999622,-0.000192716219212075,5.49584072789727e-05,0.00358788874179831,-0.00562667443501087
8.11941772600627,3.27806944423793e-05,5.72131049109695e-07,0.999999999999836,0.000547660233622485,2.47051594919825e-05,-0.0114956053137425,-0.0011998751486441
8.1230401491991,6.53020887084446e-05,1.13973645639152e-06,0.999999999999351,0.000156692185608029,1.19321576727237e-05,-0.00352609320869361,0.000524976581779777
8.12579266445065,7.59470969410085e-05,1.32552689895152e-06,0.999999999999121,6.7498424379513e-05,7.23774720768096e-06,-0.00170549843907343,0.0011549481149731
8.1285451797022,6.4099700280754e-05,1.11875081944046e-06,0.999999999999374,-7.51225917439874e-05,1.05493917400471e-05,0.00120313394467201,0.000549543542569583
8.13222347958531,6.41186905350649e-05,1.11908226190397e-06,0.999999999999374,9.01075154414574e-08,9.34852291499394e-06,-0.000326473877392585,0.000587746689749809
8.13528917438736,4.53714511441393e-05,7.91881208872896e-07,0.999999999999686,-0.000106729819554384,1.50299270727795e-05,0.00185321909865036,-0.000405154531197725
8.1383548691894,3.97388544237417e-05,6.93573850664952e-07,0.99999999999976,-3.20669096422607e-05,1.60558088420441e-05,0.000334632713138887,-0.00070178058318437
8.14206563143213,2.67358137251563e-05,4.6662797770385e-07,0.999999999999891,-6.11588288648562e-05,1.95086425001386e-05,0.000930491751354185,-0.00140056774495973
8.14560151629408,5.80479111684845e-05,1.01312717379507e-06,0.999999999999487,0.000154557972736124,7.26799077713087e-06,-0.00346183549547379,0.000261855305049373
8.14841383635461,7.44453843992189e-05,1.29931707067882e-06,0.999999999999156,0.000101762918417631,5.66021052722714e-07,-0.00238307503419291,0.0011954135849781
8.15122615641514,6.39944484439748e-05,1.11691382834489e-06,0.999999999999376,-6.48586357200447e-05,3.4193045398345e-06,0.00101456570578755,0.000666627883770118
8.15482078479153,6.27585072013162e-05,1.09534258429932e-06,0.9999999999994,-6.00096638286295e-06,2.7653680984536e-06,-0.000181920458224994,0.000637107907776552
8.15793330606575,4.20648415481275e-05,7.34169984344467e-07,0.999999999999731,-0.00011603859640957,9.18709645087561e-06,0.00206319179425965,-0.000458861458136818
8.16104582733996,3.38904150877432e-05,5.91499328148647e-07,0.999999999999825,-4.58376485255565e-05,1.11649222376813e-05,0.00063544169262058,-0.000893438940837834
8.16464177555292,2.33782247020496e-05,4.08026994321825e-07,0.999999999999917,-5.10219622088926e-05,1.38402489356716e-05,0.000743983655923459,-0.00146121059889025
8.1688909433677,7.02785511020207e-05,1.22659211026104e-06,0.999999999999248,0.000192641277450425,-4.08203186503172e-06,-0.0042178331339102,0.000911911582409709
8.17109375871099,6.09252961529524e-05,1.06334701562145e-06,0.999999999999435,-7.41074802919542e-05,-1.39246935383618e-06,0.00122096594223747,0.000578007272769003
8.17329657405428,5.24607237635387e-05,9.15612357652853e-07,0.999999999999581,-6.70662924237706e-05,9.84450381938316e-07,0.00107903721617636,0.000158872129231733
8.17673651199008,5.7345292107404e-05,1.00086415779195e-06,0.999999999999499,2.47829471723343e-05,-1.73377599772084e-06,-0.000790196343767444,0.00044172607975985
8.18144990457185,0.000108381085852238,1.89160679500707e-06,0.999999999998211,0.000188981210829145,-2.12118439093873e-05,-0.00413249428596298,0.00326421713787914
8.18409495265388,4.68002517348944e-05,8.16818483536005e-07,0.999999999999666,-0.000406339801070041,-4.86857398233712e-08,0.0080010485682116,-6.06719227352688e-05
8.18674000073591,4.18768119761569e-05,7.30888249222466e-07,0.999999999999733,-3.24872106852851e-05,9.70828382028361e-07,0.000385442566726391,-0.000330449744577392
8.19020161773326,3.36326588388295e-05,5.87000632937514e-07,0.999999999999828,-4.15665905254775e-05,2.95434187173163e-06,0.000573002007795867,-0.000762056780029516
8.19450845942847,5.17555746965883e-06,9.0330518471733e-08,0.999999999999996,-0.000115321191168576,1.19081785452581e-05,0.00207897975063493,-0.00233629358104276
8.19692901624501,4.87984221168601e-05,8.51693135717128e-07,0.999999999999637,0.000314540279345655,-4.25429558960338e-06,-0.00667717197317692,7.05403745500469e-05
8.19934957306154,4.93190705189119e-05,8.60780164578175e-07,0.99999999999963,3.7541068232608e-06,-5.08344157005917e-06,-0.000342543490320589,0.000124084575824402
8.20316323883873,5.83151863334254e-05,1.0177920054321e-06,0.999999999999482,4.11708445436249e-05,-9.28794808243214e-06,-0.00110248426527614,0.000627772048381548
8.20809159534696,0.000153995897777467,2.68773545077819e-06,0.999999999996388,0.000338843880827755,-4.45967521220194e-05,-0.00716441758640455,0.00590312551981241
8.21042258974089,5.29611191154317e-05,9.24345904105059e-07,0.999999999999573,-0.000756496691397367,-9.26490710008004e-06,0.0151574131254443,0.000403018683686409
8.21275358413482,4.47776643412144e-05,7.81517674106969e-07,0.999999999999695,-6.12735193057007e-05,-6.94988686213539e-06,0.000993147063746673,-4.56346361208342e-05
8.21630027294197,3.6049788490673e-05,6.2918750380976e-07,0.999999999999802,-4.29499678658668e-05,-4.74338167228145e-06,0.00062213103822551,-0.000496926640032102
8.22088009973869,-4.36917336605886e-05,-7.62564608281631e-07,0.999999999999709,-0.000303887499214679,2.24711473724224e-05,0.00594226162967486,-0.00479505028686496
8.22407825428135,3.09806337396202e-05,5.40714063110789e-07,0.999999999999854,0.000407509597803319,-4.8749840545634e-06,-0.00855059724669691,-0.000818332758562703
8.22727640882401,0.000112986582384975,1.97198787319236e-06,0.999999999998056,0.000447531159295408,-3.48210073098708e-05,-0.00936353226707856,0.00361709347969018
8.22993253964553,7.50793615690901e-05,1.31038205967554e-06,0.999999999999141,-0.000249086305598052,-2.19826742127025e-05,0.00483347167735433,0.00165601621865974
8.23270821098522,5.31131460361863e-05,9.26999274423893e-07,0.99999999999957,-0.000138122543461968,-1.48370827452957e-05,0.0025743651149331,0.000500568023827761
8.23697377413013,3.28774764610072e-05,5.73820213991477e-07,0.999999999999835,-8.27977569278438e-05,-8.6531054039464e-06,0.00144974464830756,-0.000506097268993376
8.23957825088689,2.69994449384689e-05,4.71229210387182e-07,0.999999999999889,-3.93902550052504e-05,-7.17471684207892e-06,0.000567633617012007,-0.000861465391550547
8.24218272764366,3.70392951876502e-05,6.46457653642541e-07,0.999999999999791,6.72797109054973e-05,-1.13520742124493e-05,-0.0016039142447773,-0.000323216902525342
8.24597163169521,3.22669020605725e-05,5.63163680375503e-07,0.999999999999841,-2.19836586341995e-05,-1.05285908614425e-05,0.000217340777122475,-0.000573428515309356
8.24952001764694,5.27336474454406e-05,9.20375774508706e-07,0.999999999999576,0.000100668895377552,-1.86161173315646e-05,-0.00227921274070883,0.00052485679375247
8.25306840359866,0.000103428400594344,1.80516613044199e-06,0.999999999998371,0.000249350089863869,-3.74445777784195e-05,-0.00530620420185851,0.00326827163110512
8.25625222367248,9.33008763743312e-05,1.62840748772755e-06,0.999999999998674,-5.55177863749384e-05,-3.45521829061719e-05,0.000908466811937418,0.00278658814401431
8.25946028848356,4.61715580063489e-05,8.05845707986251e-07,0.999999999999675,-0.000256404352213036,-1.84986792623696e-05,0.00500410826750322,0.000298520518714955
8.26230952055724,2.12380315530559e-05,3.70673577243261e-07,0.999999999999931,-0.000152733129309793,-1.02538578712768e-05,0.00289369948739987,-0.00105877799684431
8.26515875263092,2.73993372349256e-05,4.78208647613712e-07,0.999999999999886,3.77417730776661e-05,-1.30617119021804e-05,-0.000985477475436562,-0.000733689793471393
8.26865637677023,2.74643302600657e-05,4.79342989893239e-07,0.999999999999885,3.24317946796485e-07,-1.38339492043664e-05,-0.000220789104668724,-0.0007306137383544
8.27206748012462,5.22828541417966e-05,9.12507947114177e-07,0.999999999999584,0.000126986758306174,-2.33826884775362e-05,-0.00279931103843172,0.000603573688241493
8.27547858347901,9.01624931277647e-05,1.57363236688561e-06,0.999999999998762,0.000193815417208479,-3.75682251617587e-05,-0.00415863584607441,0.00266428700073615
8.2786612898147,8.07058544693543e-05,1.40858288612515e-06,0.999999999999008,-5.18582185574532e-05,-3.48639612005947e-05,0.000849674357585317,0.00220892784507534
8.2820364990846,4.20283656087727e-05,7.33533359104968e-07,0.999999999999731,-0.000200002273353005,-2.17999222830067e-05,0.0038705863467853,0.000184818320638621
8.28480883561034,2.02639901381457e-05,3.53673347502296e-07,0.999999999999937,-0.000137018001990482,-1.46219564460916e-05,0.0025891394389748,-0.0010105219888708
8.28758117213608,2.82472929576519e-05,4.93008266886413e-07,0.999999999999878,5.02590208981638e-05,-1.80180760303245e-05,-0.00122500264765695,-0.000587113767513616
8.29113665351576,2.67204573775296e-05,4.66359958876684e-07,0.999999999999891,-7.49499298802692e-06,-1.81817430115677e-05,-4.60322987989004e-05,-0.00066785865045247
8.29462234914984,5.01464931839969e-05,8.75221414389528e-07,0.999999999999617,0.000117296946846277,-2.71975440592019e-05,-0.00258651414067445,0.000588701695440016
8.29810804478392,9.67736140317875e-05,1.68901819390807e-06,0.999999999998574,0.000233467538462839,-4.44563373863614e-05,-0.00495131966153911,0.00311601279079887
8.3,4.72329235527572e-05,8.24370031338297e-07,0.99999999999966,-0.000457013017655633,-2.7201490371941e-05,0.00912011387360542,0.000481867335286609
8.30347015870859,5.18027814803496e-05,9.04129098523119e-07,0.999999999999591,2.29842707157776e-05,-2.9487846354664e-05,-0.000658862079439203,0.000751910527472886
8.30800346097512,5.10282707738192e-05,8.90611336602221e-07,0.999999999999603,-2.98187968199256e-06,-3.00637186078954e-05,-0.00012703151463842,0.000846159821512271
8.31029869480935,3.07138270644651e-05,5.36057408163034e-07,0.999999999999856,-0.00015447399003568,-2.32659729968546e-05,0.00296167889721983,-0.000335943356469969
8.31259392864359,3.48147897033743e-05,6.07632708713265e-07,0.999999999999815,3.11843174680617e-05,-2.51474369584041e-05,-0.000819726484284794,-0.000123484801716087
8.31623641785766,2.77988446283401e-05,4.85181367014855e-07,0.999999999999882,-3.36174891680033e-05,-2.33165599923263e-05,0.000502644444081735,-0.000486961157462393
8.32115372582422,-4.35280314743898e-05,-7.5970746613975e-07,0.999999999999711,-0.000253164707523022,1.16608856315752e-06,0.00497887232648007,-0.00438818284435761
8.3235310008133,3.33000641861268e-05,5.81195761173326e-07,0.999999999999831,0.00056405053410642,-2.65781682434647e-05,-0.0116706131743137,-0.00018342573105832
8.32590827580239,3.80083779406272e-05,6.63371338406278e-07,0.99999999999978,3.45671315309119e-05,-2.86706370791202e-05,-0.000880196378315411,9.72647369612316e-05
8.32953503273131,4.64007311624927e-05,8.09845534118146e-07,0.999999999999672,4.03871002613679e-05,-3.22863928151724e-05,-0.000996966658344207,0.000563702470606474
8.33420278958812,0.000128341792053177,2.23998683923597e-06,0.999999999997491,0.000306387275299744,-6.22278030342313e-05,-0.00641451796602865,0.00504087035269213
8.33701548295778,3.8701924065339e-05,6.75476001796943e-07,0.999999999999772,-0.000556232276976735,-3.08243631923156e-05,0.0111648998716707,0.000228766210324392
8.33982817632743,1.92279787202295e-05,3.35591537171405e-07,0.999999999999944,-0.000120839501487221,-2.43699092124377e-05,0.00229475919754039,-0.000833658936910532
8.34289848783758,1.75919718357816e-05,3.07037830452495e-07,0.999999999999953,-9.29993801102314e-06,-2.42969444859391e-05,2.3764600516084e-05,-0.000924204192145205
8.34652026749832,1.52438577919155e-05,2.66055509174715e-07,0.999999999999965,-1.131552030125e-05,-2.40549244114118e-05,6.68235224662188e-05,-0.00106139347579024
8.34959717613636,4.45196203180433e-05,7.77013956287543e-07,0.999999999999698,0.000166062274581787,-3.4964093854746e-05,-0.00354549670681521,0.000524625839622663
8.3526740847744,5.52275036519507e-05,9.63901776383583e-07,0.999999999999535,6.07388265565447e-05,-3.92641581544037e-05,-0.00139752745547879,0.00112802796154628
8.35604808918427,5.88507315460089e-05,1.02713903268497e-06,0.999999999999473,1.87424936720142e-05,-4.10857643397399e-05,-0.000539894429303422,0.00135641470064924
8.36000475278862,3.49827635753562e-05,6.10564405836671e-07,0.999999999999814,-0.000105284317421155,-3.32137400217568e-05,0.00198956118213876,0.000176593158234411
8.36246575556745,2.00617179453148e-05,3.50143031752168e-07,0.999999999999939,-0.000105819211715211,-2.82867785872659e-05,0.00200201376320145,-0.000694080094921316
8.36492675834627,2.84181778211703e-05,4.9599077039663e-07,0.999999999999877,5.92635408213258e-05,-3.16343732148876e-05,-0.00136025633795331,-0.000252398126053411
8.36855143635061,2.29186960139609e-05,4.00006705707307e-07,0.99999999999992,-2.64807148592552e-05,-3.02255435849234e-05,0.000388677181333177,-0.000539619510600282
8.37359861832823,1.03121459599568e-05,1.79980899947477e-07,0.999999999999984,-4.35937928799317e-05,-2.64923824673121e-05,0.000739652569327234,-0.00136876065322569
8.37571193680427,3.31083887021835e-05,5.77850392883163e-07,0.999999999999833,0.000188267645149392,-3.49082642876302e-05,-0.00398230646053292,1.25924579093518e-05
8.37782525528032,3.30210007236326e-05,5.76325184930788e-07,0.999999999999834,-7.21712306812232e-07,-3.51840649501011e-05,-0.000130505962824431,3.88777861828751e-05
8.38135099632551,3.96765390618532e-05,6.92486242425426e-07,0.99999999999976,3.29465652768167e-05,-3.80577212306351e-05,-0.000815050295440865,0.000409728678442781
8.38608801818802,0.000125161972860943,2.1844885247135e-06,0.999999999997614,0.000314966307016166,-6.91294458051188e-05,-0.00655933738038877,0.00505222755939755
8.3894053592502,5.52981237828181e-05,9.65134330185408e-07,0.999999999999534,-0.000367569740848483,-4.47447390177504e-05,0.00735067824813314,0.00138830438959615
8.39192476689714,1.78903245250395e-05,3.12245067212225e-07,0.999999999999951,-0.000259143955431534,-3.17884105885547e-05,0.00514260899577542,-0.000690808368268162
8.39444417454409,2.46459436986672e-05,4.30152864802878e-07,0.999999999999908,4.67998093653944e-05,-3.45345514255814e-05,-0.0010899946423353,-0.000339738079286464
8.39788997811326,2.05396231024934e-05,3.58484050257194e-07,0.999999999999936,-2.07988682775924e-05,-3.35385109509091e-05,0.000289058982811182,-0.000554027902389434
8.40260294196813,7.92555763318817e-06,1.38327075755702e-07,0.99999999999999,-4.67130623702515e-05,-2.96779215198316e-05,0.00081914259263509,-0.00132128521686019
8.40488968402599,3.47255860155252e-05,6.06075810655376e-07,0.999999999999816,0.000204548096403668,-3.950751724741e-05,-0.00429851530207749,0.000217984211932997
8.40717642608384,3.22267097507624e-05,5.62462192235336e-07,0.999999999999842,-1.90723821562219e-05,-3.89149970592242e-05,0.000259111072957025,0.000108523215596217
8.41088563580076,3.94183313127774e-05,6.87979667049889e-07,0.999999999999763,3.38394117328968e-05,-4.19474074686524e-05,-0.000817535443087509,0.00050973271568325
8.41584256042035,0.000128010428576187,2.23420345554164e-06,0.999999999997504,0.000311932076268083,-7.40771340921627e-05,-0.00648178640775014,0.00537602820315764
8.41828820748224,3.38090785494864e-05,5.90079737753892e-07,0.999999999999826,-0.000672265325366006,-4.08789031775073e-05,0.0135744161257048,0.000263485092632083
8.42073385454412,2.65791211384808e-05,4.63893176152896e-07,0.999999999999892,-5.15963908151467e-05,-3.86077654638766e-05,0.000928644917340933,-0.000136803545387477
8.42421924360513,1.8076758813449e-05,3.15498959383584e-07,0.99999999999995,-4.25760838092859e-05,-3.6006364309346e-05,0.000746373248150478,-0.000583097643643056
8.42865866050228,-3.77149924379812e-05,-6.58250795407487e-07,0.999999999999783,-0.000219341813880283,-1.66941547744584e-05,0.00435016804736141,-0.00361091784866857
8.43154893908474,2.97232631192495e-05,5.18768805867481e-07,0.999999999999865,0.000407233962987295,-4.10170517140975e-05,-0.0084154161080502,2.57931300987661e-05
8.43443921766721,4.70686461071064e-05,8.21502849024925e-07,0.999999999999663,0.000104742167413908,-4.75208138812011e-05,-0.0022502198253685,0.000992160591499297
8.43755118221849,4.77093409476817e-05,8.32685083493501e-07,0.999999999999653,3.59330393528397e-06,-4.81049662255967e-05,-0.00018771176045541,0.0010541096041288
8.44118076564629,4.58115628176104e-05,7.99562606651427e-07,0.99999999999968,-9.12569651613101e-06,-4.78396374025882e-05,7.31017286932482e-05,0.000995463451187463
8.44393158646574,2.15324806896471e-05,3.75812684156433e-07,0.999999999999929,-0.000154044901615849,-3.95115187243351e-05,0.00302750314355876,-0.000316833406574106
8.44668240728519,2.16102823556995e-05,3.77170579392584e-07,0.999999999999929,4.93632746469661e-07,-3.98419989879055e-05,-0.000120138782298593,-0.000314268195385589
8.45050940376392,1.03421324092312e-05,1.80504262218297e-07,0.999999999999984,-5.13892077684364e-05,-3.62499166982644e-05,0.000938616565133977,-0.000916005795838541
8.45536075374979,7.79499477770306e-06,1.36048324046681e-07,0.999999999999991,-9.16362214662237e-06,-3.58618643087294e-05,7.99885373482671e-05,-0.00126591113262379
8.45740100499494,2.57391331848766e-05,4.49232620685416e-07,0.999999999999899,0.000153502808726733,-4.24563466839059e-05,-0.00323219132489314,-9.39538477543438e-05
8.45944125624009,2.68696227843549e-05,4.68963386355862e-07,0.99999999999989,9.67075291209892e-06,-4.30702778533338e-05,-0.000300909591839409,3.9760876740285e-06
8.46279318415258,3.32938444075187e-05,5.81087205557869e-07,0.999999999999831,3.34505461124188e-05,-4.56992142175928e-05,-0.000784305758625771,0.0003608327212082
8.46732577549151,9.8442611080518e-05,1.71814768761445e-06,0.999999999998524,0.000250863225257273,-6.93258761305236e-05,-0.00521261683355366,0.00389212208682428
8.47157670173127,0.000164123971074115,2.86450367668733e-06,0.999999999995897,0.000269672048964998,-9.31033223656951e-05,-0.00559347419693108,0.00777798009006479
8.47345279699597,5.4756236946637e-05,9.55676620720837e-07,0.999999999999543,-0.00101744676397367,-5.43926904930986e-05,0.020633617386636,0.00160811027360804
8.47532889226066,3.14397744596573e-05,5.48727580405414e-07,0.999999999999849,-0.000216912780482764,-4.62821968585386e-05,0.00432307132115625,0.000316193644575426
8.47849591904449,2.13393545774055e-05,3.7244199762624e-07,0.999999999999931,-5.56628013628665e-05,-4.29929251611975e-05,0.00103859926734295,-0.000215030438727196
8.48278595524428,-4.21395334490466e-05,-7.35473603940079e-07,0.99999999999973,-0.000258253205793664,-2.08205578539712e-05,0.00516834037631581,-0.0035991383385949
8.48666210656452,-0.000147167106312564,-2.56855055578395e-06,0.999999999996701,-0.000472911607520531,1.61730848495982e-05,0.00954391086602287,-0.00935886339296443
8.48985883140086,4.15181484341953e-05,7.24628389508373e-07,0.999999999999737,0.00103017279055719,-5.12209502786729e-05,-0.0210822133835721,0.000704692225274156
8.49244746713203,6.7853462517713e-05,1.18426632981238e-06,0.999999999999299,0.000177559914965758,-6.08175473127959e-05,-0.0037072025695088,0.00227756051626212
8.49475336256314,3.42217858012063e-05,5.9728283814326e-07,0.999999999999822,-0.000254557723541805,-4.90605317155411e-05,0.00509867682576757,0.000516298498226158
8.49785437372853,3.18706467227724e-05,5.5624772005229e-07,0.999999999999845,-1.32328185557801e-05,-4.84950125888958e-05,0.000182366040134929,0.000407100702583204
8.50238541576678,3.43283524961505e-05,5.99142777843004e-07,0.99999999999982,9.466929997241e-06,-4.97570071905175e-05,-0.000278521936227186,0.000614397114421045
8.50491336026553,1.48306849478382e-05,2.58844282665737e-07,0.999999999999966,-0.00013461470192288,-4.3036092056683e-05,0.00265864821682132,-0.000473441336557566
8.50744130476429,1.9706144697628e-05,3.43937107848024e-07,0.999999999999941,3.36608755549206e-05,-4.49803660512211e-05,-0.000769112611252664,-0.000216419854128149
8.51125616039982,1.18602081243922e-05,2.06999681742424e-07,0.999999999999979,-3.58958343876154e-05,-4.25025178448638e-05,0.000649526074664642,-0.00063245867445202
8.51644558627176,-3.03493280306376e-06,-5.29695699902432e-08,0.999999999999999,-5.00959563057046e-05,-3.76221412552866e-05,0.000940446344163254,-0.00165979462134588
8.51843879256101,1.89072885266217e-05,3.29994437414091e-07,0.999999999999946,0.000192134657345588,-4.55812182418836e-05,-0.00399310248493509,-0.000264454225356789
8.52043199885027,2.24043335869508e-05,3.91029387807434e-07,0.999999999999924,3.06214919762659e-05,-4.69798940389069e-05,-0.000701721545113518,-3.87632305804355e-05
8.52376976919097,2.92935977055445e-05,5.11269729716385e-07,0.999999999999869,3.60241507459621e-05,-4.968630506663e-05,-0.000810843992085861,0.000341385723194643
8.52827298088401,9.73529646629504e-05,1.69912976994536e-06,0.999999999998556,0.000263780635066485,-7.42296606702802e-05,-0.00545018917089015,0.00402075486374148
8.53241670813427,0.000182911630200168,3.19241018717781e-06,0.999999999994904,0.000360371309946693,-0.000104960943622534,-0.00741633826172933,0.00890870450935028
8.53432168348509,5.18887608537447e-05,9.05629721677665e-07,0.99999999999959,-0.0012004252257254,-5.8503511747897e-05,0.0243874189000506,0.00163492558745287
8.5362266588359,2.75093535857033e-05,4.80128795165813e-07,0.999999999999885,-0.000223362956549302,-4.99700350843896e-05,0.00447957327103944,0.000295151067922499
8.53956180571323,1.78622338154363e-05,3.11754791840427e-07,0.999999999999951,-5.04847341117095e-05,-4.67749132479596e-05,0.000958015330044431,-0.000208989960138915
8.5440510913338,-7.99798987757731e-05,-1.39591256904857e-06,0.999999999999026,-0.000380387327788659,-1.22891462977968e-05,0.00768179391218339,-0.00542506679454839
8.54693630422092,-2.39360809480772e-05,-4.17763422567821e-07,0.999999999999913,0.000339021481169604,-3.24165231024258e-05,-0.00697604564795813,-0.00246235456383636
8.54982151710804,1.74939631186418e-05,3.0532725564275e-07,0.999999999999953,0.000250619523238118,-4.73433143755198e-05,-0.00517354935565663,-0.000231723714835163
8.55363562164749,8.1685258868431e-05,1.42567671759754e-06,0.999999999998984,0.000293738530333947,-7.04223828365041e-05,-0.00605097952149216,0.00319367372266049
8.55695598340468,0.000124225942722219,2.16815171689491e-06,0.99999999999765,0.000223612682470764,-8.57644880775299e-05,-0.0046206125606054,0.00554665107107847
8.55972893746621,4.48557154463918e-05,7.82879922877136e-07,0.999999999999694,-0.000499565360002055,-5.77123971471276e-05,0.0101163201076919,0.00131615938170135
8.56295045565601,7.44320920930456e-06,1.29908507617128e-07,0.999999999999992,-0.000202690587725944,-4.46070230786162e-05,0.00406807390068808,-0.000674451180477478
8.56617197384581,-2.1122696717007e-05,-3.68660604611961e-07,0.999999999999932,-0.000154762159595403,-3.46443086535506e-05,0.00309255259107776,-0.00221863357183511
8.56925952998279,-8.95672951449877e-06,-1.56324420238556e-07,0.999999999999988,6.87716028317881e-05,-3.91558623199813e-05,-0.00146120538907509,-0.00158591220404715
8.57272446777684,1.58447926133764e-05,2.76543800399092e-07,0.999999999999962,0.000124928136193804,-4.81797416844269e-05,-0.00260434094371091,-0.000279036876628725
8.57555896543774,3.79651353601078e-05,6.62616612999155e-07,0.999999999999781,0.000136205020707771,-5.62096508399471e-05,-0.00283292142599537,0.000946156504254564
8.57839346309865,3.19164461813618e-05,5.57047071400305e-07,0.999999999999845,-3.72445329748658e-05,-5.42188849329492e-05,0.00070233464449576,0.00064606637086347
8.58196983404611,3.34495601829866e-05,5.8380495853708e-07,0.99999999999983,7.48185451954374e-06,-5.49625911779861e-05,-0.000207949973860005,0.00075450851417044
8.58538143020048,8.3753598788108e-06,1.46177605924681e-07,0.999999999999989,-0.000128276423354393,-4.62305529616049e-05,0.00255951695958831,-0.000568271638809343
8.58879302635485,-3.02004757543731e-05,-5.27097737582505e-07,0.999999999999861,-0.000197349074463112,-3.26930556812942e-05,0.00396808316921174,-0.0026411574050997
8.59197564421048,-2.17233936041618e-05,-3.79144743099292e-07,0.999999999999928,4.64878289492549e-05,-3.58738552300433e-05,-0.000999428675712816,-0.00221545977104821
8.59533757264665,1.60044848907951e-05,2.79330956430055e-07,0.999999999999961,0.000195862497382426,-4.94630646636394e-05,-0.00404208765641515,-0.000217053327736589
8.59812206233351,3.8094377425074e-05,6.64872312564892e-07,0.999999999999779,0.000138460328279722,-5.74581454812193e-05,-0.00287129122987712,0.00101392156940857
8.60090655202038,3.01907236593018e-05,5.26927531414542e-07,0.999999999999861,-4.95404173343032e-05,-5.47839726152368e-05,0.000960381673739613,0.000614626062746635
8.60445610139669,3.119878279073e-05,5.44521482312757e-07,0.999999999999852,4.95667168785371e-06,-5.53131247269055e-05,-0.000149075855994454,0.000692904792540007
8.60793928847223,7.04181150080901e-06,1.2290279599392e-07,0.999999999999992,-0.000121043939695226,-4.68855249185975e-05,0.00241950823356259,-0.000578184759200893
8.61142247554777,-4.03513098912661e-05,-7.0426321509509e-07,0.999999999999752,-0.000237473897654726,-3.01905721231823e-05,0.00479301066332379,-0.003122288016563
8.61457119873787,-2.73379284843638e-05,-4.77136862726873e-07,0.999999999999886,7.21328419984402e-05,-3.49600579346017e-05,-0.00151473645775416,-0.00245873178489085
8.61782528596518,1.4320772593249e-05,2.4994463318156e-07,0.999999999999969,0.000223436387877506,-4.9918326132207e-05,-0.00459676313285894,-0.000242243953485334
8.620678324938,3.79779222898833e-05,6.62839787024959e-07,0.99999999999978,0.000144721175482541,-5.84539619149239e-05,-0.00299176978094055,0.00106634200504911
8.62353136391081,3.13835081311072e-05,5.47745547714205e-07,0.99999999999985,-4.03409278342845e-05,-5.62285723900896e-05,0.000780006703742176,0.000738024760455113
8.62704563610995,3.09711774751178e-05,5.40549020160283e-07,0.999999999999854,-2.0478002687698e-06,-5.62261889628465e-05,6.78213612392011e-07,0.000741588934416827
8.63041967523563,5.87328195669278e-06,1.02508108042264e-07,0.999999999999995,-0.000129826862049153,-4.74354575182192e-05,0.0026054029361194,-0.000585564654435938
8.63379371436131,-2.71712108536721e-05,-4.7422709115018e-07,0.999999999999888,-0.00017093316873624,-3.5815363004939e-05,0.0034439714776395,-0.00236364967994387
8.637014527464,-2.14471761003128e-05,-3.74323838205488e-07,0.99999999999993,3.10180223935419e-05,-3.79738542723151e-05,-0.000670169674102539,-0.00208359964697606
8.64047647797346,1.58973608419335e-05,2.77461289069354e-07,0.999999999999961,0.000188271070165487,-5.13836621395799e-05,-0.00387348341076659,-0.000115114393740268
8.6431829466295,3.5409026197491e-05,6.18004092071107e-07,0.999999999999809,0.000125825511498828,-5.84204751350967e-05,-0.00259999796406752,0.00098599678336309
8.64588941528554,2.60751721917332e-05,4.55097607770195e-07,0.999999999999896,-6.01915281514066e-05,-5.51967815096519e-05,0.00119110694973336,0.000508611712811017
8.64946749238592,2.80889081346467e-05,4.90243930239785e-07,0.99999999999988,9.82268449884435e-06,-5.60364250003415e-05,-0.000234663330927098,0.0006381585387101
8.65307991122349,5.21095743183194e-06,9.09483643667352e-08,0.999999999999996,-0.00011053412791467,-4.80211043787222e-05,0.00221882372505182,-0.000559120694097385
8.65669233006105,-6.44336221193768e-05,-1.12457885496874e-06,0.999999999999368,-0.000336485682860115,-2.33702706368779e-05,0.00682391351896563,-0.00429096556041543
8.65975987556694,-3.91451011705439e-05,-6.83210901452225e-07,0.999999999999767,0.000143883098937043,-3.2461025861704e-05,-0.00296352742197133,-0.00298151645005574
8.66278848394264,9.74361594708207e-06,1.70058179326407e-07,0.999999999999986,0.000281736353773315,-4.99409216559011e-05,-0.00577159329493145,-0.00036321568217058
8.66651061319576,9.89357388660817e-05,1.72675439110559e-06,0.999999999998509,0.000418227338686833,-8.17722964633431e-05,-0.00855192623436579,0.0043958575727461
8.66954413912621,9.57937221114334e-05,1.67191585358423e-06,0.999999999998602,-1.80774909391902e-05,-8.07421924066838e-05,0.000339573183245481,0.00431077203464277
8.67218593991952,3.15488095972401e-05,5.50630602556599e-07,0.999999999999848,-0.000424439743475381,-5.79685828869716e-05,0.00862048704706496,0.000880984475309538
8.67629595778413,-1.31832613340502e-05,-2.30091316430033e-07,0.999999999999974,-0.000189955845620492,-4.21717637397368e-05,0.00384349160213374,-0.00142373563327964
8.6787516760184,-3.37921479851198e-06,-5.89784243661508e-08,0.999999999999998,6.96793669876766e-05,-4.57237894891488e-05,-0.00144643049835515,-0.000976830947428785
8.68120739425266,9.73984852461653e-06,1.6999242540007e-07,0.999999999999986,9.32398703446851e-05,-5.04528104837945e-05,-0.00192571807655101,-0.000282085846562697
8.6848925020133,5.37333668935337e-06,9.37824170474279e-08,0.999999999999996,-2.06805372604753e-05,-4.89920259407444e-05,0.000396402123882278,-0.000516183881001566
8.68892860634207,2.23533264098024e-05,3.90139144624044e-07,0.999999999999924,7.34264289116535e-05,-5.5127850904943e-05,-0.00152023447968323,0.000362856176592698
8.69173427743036,3.48209995416418e-05,6.07741090837048e-07,0.999999999999815,7.75578959063613e-05,-5.96265490649251e-05,-0.00160343034461856,0.00107323563413258
8.69453994851865,2.49568314076211e-05,4.35578878928105e-07,0.999999999999905,-6.13622219039001e-05,-5.61813302315055e-05,0.00122794822522129,0.000564751339524038
8.69825814301556,2.54250635754795e-05,4.43751071920985e-07,0.999999999999902,2.1978928212818e-06,-5.64281441563402e-05,-6.63800468318733e-05,0.000617450358948516
8.70116973849687,7.8359980932439e-06,1.36763966907103e-07,0.999999999999991,-0.000105436042535558,-5.02334308234769e-05,0.00212760095714704,-0.000328690736241221
8.70408133397818,6.32649372606768e-06,1.10418145626645e-07,0.999999999999994,-9.04858571513906e-06,-4.97551651750089e-05,0.00016426239549341,-0.000412761604011862
8.70797857172913,-7.78869457315759e-06,-1.35938364733814e-07,0.999999999999991,-6.32131078736675e-05,-4.48104783868899e-05,0.00126876703555155,-0.00117747082337733
8.71165685730296,1.72626220197797e-05,3.01289591772426e-07,0.999999999999955,0.000118867322216041,-5.37875054165688e-05,-0.00244054651263753,0.000131517737798036
8.71442991687985,3.42045292388986e-05,5.96981654313416e-07,0.999999999999822,0.000106630259589311,-5.98613072692662e-05,-0.00219028898740667,0.00108723269480125
8.71720297645675,2.44332444320675e-05,4.26440562284136e-07,0.999999999999909,-6.14992528289671e-05,-5.6433204599417e-05,0.00123621673995433,0.000585295119421213
8.72080874829702,2.50258271310664e-05,4.36783081472022e-07,0.999999999999905,2.86832324562888e-06,-5.67023463823667e-05,-7.46419337861831e-05,0.000640597933818346
8.72411028619208,2.70955379517762e-06,4.72906349857575e-08,0.999999999999999,-0.00011797303525384,-4.88167163586202e-05,0.00238847175903566,-0.000543797526917076
8.72741182408715,-1.87417562833436e-05,-3.27105354750675e-07,0.999999999999946,-0.000113400482331636,-4.12363246755623e-05,0.00229601837809916,-0.00170114781510725
8.73078208747961,-2.20150717409696e-05,-3.84235486942671e-07,0.999999999999926,-1.69512366065362e-05,-4.01192944837954e-05,0.000331437060457852,-0.00190038945121369
8.73451732745762,1.89032518665161e-05,3.29923984404463e-07,0.999999999999946,0.000191195070612046,-5.4720892815368e-05,-0.00390914597658076,0.000223888735626067
8.73700567796815,2.91777965113288e-05,5.09248617599581e-07,0.99999999999987,7.20656645581064e-05,-5.84054203461425e-05,-0.00148071082236075,0.000862298919573889
8.73949402847868,1.84516110550688e-05,3.22041365208329e-07,0.999999999999948,-7.52334735796909e-05,-5.46202832176147e-05,0.00152114306746746,0.000308898441168618
8.74308468928624,2.24967084643325e-05,3.9264163356387e-07,0.999999999999923,1.9662193712911e-05,-5.60991752141244e-05,-0.000411871818523544,0.00054076407725133
8.74818974760405,9.34782799738898e-06,1.63150376464545e-07,0.999999999999987,-4.49536994119434e-05,-5.14744211242247e-05,0.000905916015447677,4.46908172084425e-05
8.75026841956929,8.85652714897454e-06,1.54575559041872e-07,0.999999999999988,-4.12514218985187e-06,-5.1320481136069e-05,7.40568934059467e-05,-0.00015170475770076
8.75234709153453,1.12650716378081e-05,1.9661259055278e-07,0.999999999999981,2.02230232638255e-05,-5.21961122853013e-05,-0.000421245470124598,-4.43061877685704e-05
8.7557773125761,4.75190193215096e-06,8.29363344479144e-08,0.999999999999997,-3.31396299910144e-05,-4.99090286796427e-05,0.000666745255756157,-0.000387960591152504
8.76041562034563,-6.46086204694122e-05,-1.12763315236241e-06,0.999999999999364,-0.000260993781991542,-2.52776251932336e-05,0.00531042886981635,-0.00413393623010672
8.76375445954416,-5.34826994364677e-06,-9.33449198020876e-08,0.999999999999996,0.000309774796287381,-4.63761835363843e-05,-0.0063191298198631,-0.00101003669366662
8.76633635338463,2.71717016178444e-05,4.74235656600837e-07,0.999999999999888,0.000219831105177508,-5.79573612698597e-05,-0.00448553598599476,0.000809427581905432
8.76891824722511,1.9287027461511e-05,3.36622132125924e-07,0.999999999999943,-5.32994510918887e-05,-5.51680333345915e-05,0.00108034183727453,0.000411439837974359
8.77237838739329,2.23741720321505e-05,3.90502969368647e-07,0.999999999999924,1.55718654805211e-05,-5.62837544458611e-05,-0.000322449686150948,0.000592103476297482
8.77716096714976,1.58472403028126e-05,2.76586520638819e-07,0.999999999999962,-2.38190379524331e-05,-5.39825860263308e-05,0.000481156308249425,0.000388715833729773
8.77938560533494,4.71377195511722e-06,8.22708408049657e-08,0.999999999999997,-8.73470936209246e-05,-5.00319333184991e-05,0.00177586302983775,-0.000325491674592604
8.78161024352013,9.07260236577149e-06,1.58346783006939e-07,0.999999999999987,3.41969955872703e-05,-5.15894236216999e-05,-0.000700109489073029,-0.00010646956633829
8.78520733081204,2.41088985106936e-06,4.20779658040761e-08,0.999999999999999,-3.23230457777384e-05,-4.9229948000541e-05,0.000655940606853436,-0.000459042903276367
8.79007198010223,-7.24776856235198e-05,-1.26497424835544e-06,0.9999999999992,-0.000268683750089733,-2.26063121926705e-05,0.00547287876672926,-0.00454310895707656
8.79264473078845,9.23562269092264e-06,1.61192024428498e-07,0.999999999999987,0.000554335202560523,-5.16695337666918e-05,-0.011296555756324,-0.000108221409653011
8.79521748147467,1.59121218287501e-05,2.77718916890148e-07,0.999999999999961,4.52927262193425e-05,-5.40456986170528e-05,-0.000923589239752896,0.000276343375376793
8.79862846679738,2.34927721911333e-05,4.10026225156228e-07,0.999999999999916,3.87885891461608e-05,-5.67422460435327e-05,-0.000790547941830327,0.000694826949801135
8.80289735437776,5.72877870103688e-05,9.99860504512007e-07,0.9999999999995,0.000138170487802441,-6.8758555224019e-05,-0.00281485725594943,0.00256920112246941
8.80561819680386,5.62656579247453e-06,9.82020986587644e-08,0.999999999999995,-0.000331389424542101,-5.03828943151613e-05,0.00675366597220764,-0.000225876318206717
8.80833903922995,1.72165022444864e-06,3.00484649843281e-08,1,-2.50487249907551e-05,-4.89898490997103e-05,0.000511990404916692,-0.000449392021502015
8.81177746392005,-5.38573168588741e-06,-9.39987505477202e-08,0.999999999999996,-3.60767580251199e-05,-4.6454811867183e-05,0.000737267051342461,-0.000833616792117588
8.81604603016877,-2.1154985067865e-05,-3.69224142644471e-07,0.999999999999932,-6.44772450653992e-05,-4.08350106364975e-05,0.00131655476411258,-0.00174867926771286
8.81840474759824,1.25608873350753e-05,2.19228840969118e-07,0.999999999999976,0.000249480067540543,-5.28173072296288e-05,-0.00508000510930902,0.000128705382874337
8.82076346502771,1.17239906720955e-05,2.04622238701167e-07,0.999999999999979,-6.19260369446787e-06,-5.25106507103369e-05,0.000130009858519026,0.00010104242645433
8.82461252513923,2.04078874291316e-05,3.561848290147e-07,0.999999999999937,3.93765194417546e-05,-5.55823543341136e-05,-0.000798039920080124,0.000575253830001612
8.82966415866062,0.000127609578089675,2.22720729474379e-06,0.99999999999752,0.000370379691600456,-9.36811596585258e-05,-0.00754187831779402,0.0064622415351845
8.8319574711616,1.84432532982235e-05,3.21895494833298e-07,0.999999999999948,-0.000830812110905538,-5.4844999145329e-05,0.0169345261478567,0.000509424998557252
8.83425078366259,8.89154174450205e-06,1.55186679020081e-07,0.999999999999988,-7.269345793099e-05,-5.14343376978484e-05,0.00148722053623764,-2.07180962396974e-05
8.83780343677284,2.78090871402074e-07,4.85360132570633e-09,1,-4.23157209638518e-05,-4.83479772870652e-05,0.000868748035625891,-0.000476454953771989
8.84239917755894,-8.71063848015061e-05,-1.52029321429484e-06,0.999999999998844,-0.000331860930936982,-1.72380606980405e-05,0.006769293142707,-0.00519219660460592
8.8465144047951,-0.000100950587646883,-1.76192013626031e-06,0.999999999998448,-5.8715329215014e-05,-1.22844723154591e-05,0.00120372171408995,-0.0063187022548838
8.84840626342991,-1.54217881893439e-05,-2.69160980449222e-07,0.999999999999964,0.000789043709895958,-4.26841527725314e-05,-0.0160686849945679,-0.00137076911790886
8.85029812206473,3.97041392907814e-06,6.92967957294582e-08,0.999999999999998,0.000178902255142355,-4.95642293240008e-05,-0.00363667581967482,-0.000272544309130549
8.85334887085793,1.32869511594573e-05,2.31901045284206e-07,0.999999999999973,5.32997832915349e-05,-5.28502078869089e-05,-0.00107710558477537,0.000234887100102591
8.85750626610731,5.73655407992099e-05,1.00121756413318e-06,0.999999999999499,0.000185047721638613,-6.84867570100557e-05,-0.00376114085507628,0.00260594548276616
8.86153390119381,0.00015123100170151,2.63947891077742e-06,0.999999999996517,0.000406755158166579,-0.000101827491372514,-0.00827799282864524,0.00777899600207515
8.86403408873008,1.45807904873333e-05,2.54482801547431e-07,0.999999999999968,-0.000953926885339108,-5.32034140613224e-05,0.0194481720294583,0.000368915217153264
8.86653427626634,3.13812371960184e-06,5.47705912419833e-08,0.999999999999998,-7.98788920465494e-05,-4.91067602095405e-05,0.00163853862654706,-0.000272747255039846
8.86972851819663,-2.33744851570819e-06,-4.07961726949623e-08,0.999999999999999,-2.99184488910428e-05,-4.71231877097418e-05,0.000620983802444752,-0.000568017478949538
8.87380534308952,-2.71921142798341e-05,-4.74591924761654e-07,0.999999999999887,-0.000106405294184665,-3.82356614343247e-05,0.00218001177605878,-0.00192519271814714
8.87697686326868,1.38647258861767e-05,2.41985116600269e-07,0.999999999999971,0.000225941189360642,-5.27978318576865e-05,-0.00459154273052526,0.000271186338395752
8.88014838344785,4.50096436145537e-05,7.85566476223122e-07,0.999999999999691,0.000171394577021405,-6.38333813438479e-05,-0.0034795772571956,0.00196572819143174
8.88320534080088,3.75326374357073e-05,6.55068100210328e-07,0.999999999999785,-4.26889749977266e-05,-6.11336012761365e-05,0.00088315921876731,0.00159761731818228
8.8865368727855,1.91308498043144e-05,3.33896317789793e-07,0.999999999999944,-9.64036316936715e-05,-5.45434899667516e-05,0.00197810236846492,0.000639571916574189
8.88947210806668,-4.82420118771612e-06,-8.41981945042673e-08,0.999999999999996,-0.000142439863330378,-4.59828312950263e-05,0.00291651532216456,-0.000656347487406726
8.89240734334786,-5.28846982318767e-06,-9.2301210806987e-08,0.999999999999996,-2.76060197104768e-06,-4.57752524150413e-05,7.07196732458914e-05,-0.0006916914724319
8.89600274363094,-1.08777375322979e-05,-1.8985233510636e-07,0.999999999999982,-2.7132201318013e-05,-4.3733933572596e-05,0.000567758436258575,-0.00100394113307778
8.89955210316722,1.69314320223813e-05,2.95509235868151e-07,0.999999999999956,0.000136746239994547,-5.35694802860988e-05,-0.00277107647534142,0.000465725853380777
8.90310146270349,9.54573487013194e-05,1.66604503006159e-06,0.999999999998612,0.000386136084605341,-8.14400725388765e-05,-0.00785228770653662,0.00468664308821841
8.90603425855122,5.79329597287436e-05,1.01112089269168e-06,0.999999999999489,-0.000223310510303175,-6.80469870894537e-05,0.00456666135142409,0.00273458215973204
8.9089324480125,1.5710983836869e-05,2.74208396680973e-07,0.999999999999962,-0.000254266501847741,-5.29830422439794e-05,0.00519770879259119,0.000480352693756801
8.91218108217514,-1.13521853540963e-05,-1.98133011725658e-07,0.99999999999998,-0.000145396922139903,-4.33031369698494e-05,0.00297968462729538,-0.000967503929936192
8.91542971633778,-2.70866357441482e-05,-4.72750977023753e-07,0.999999999999888,-8.45333612679871e-05,-3.76509790917955e-05,0.00173985668902093,-0.00182714807506285
8.91875608873342,-1.97190363496897e-05,-3.44162109622522e-07,0.999999999999941,3.86573877205133e-05,-4.02121798983537e-05,-0.000769968152066156,-0.00145678188356256
8.92200948913916,1.83931438869613e-05,3.21020920620537e-07,0.999999999999948,0.000204457781793673,-5.37072612499335e-05,-0.00414799276713496,0.000580537673485643
8.92526288954489,5.37435719787998e-05,9.38002282812483e-07,0.99999999999956,0.000189642000752387,-6.62187391485354e-05,-0.00384566187320494,0.00250124439668073
8.92829556703542,3.82281709514721e-05,6.67207450118392e-07,0.999999999999777,-8.92923278324878e-05,-6.06432965024867e-05,0.0018384555111672,0.00170490158243363
8.93161622978632,1.35760885527599e-05,2.3694744478797e-07,0.999999999999972,-0.000129570521792264,-5.1811880525975e-05,0.0026595341469451,0.000411093187121635
8.93457520157035,-1.09008237779762e-05,-1.90255266105371e-07,0.999999999999982,-0.000144375391884251,-4.30489222375896e-05,0.00296148761393706,-0.000916868884873126
8.93753417335437,-9.46932053856123e-06,-1.65270821324615e-07,0.999999999999986,8.44362386813734e-06,-4.34990026278087e-05,-0.000152107023341255,-0.000853378103969405
8.94105683870675,-1.03031872747913e-05,-1.7982454139469e-07,0.999999999999984,-4.13145122066674e-06,-4.31309190570542e-05,0.000104490076102816,-0.000913082080459706
8.94439272697834,1.76339969764363e-05,3.07771307525533e-07,0.999999999999953,0.000146166720592359,-5.29974285456413e-05,-0.0029576858351723,0.000578897488472911
8.94772861524992,5.09450696434056e-05,8.89159202935125e-07,0.999999999999605,0.000174282784097353,-6.47737548643725e-05,-0.00353019206879268,0.00238542748464717
8.95089446262444,4.24842319942883e-05,7.4148972848138e-07,0.999999999999725,-4.664453366971e-05,-6.16967704476319e-05,0.000971930751150164,0.00196925425651931
8.9543091898847,9.97451099925738e-06,1.7408805821343e-07,0.999999999999985,-0.000166163100892799,-5.00605553276142e-05,0.00340765579009401,0.000265675476791842
8.95709620348055,-1.2406387480708e-05,-2.16532309816558e-07,0.999999999999977,-0.000140157324173526,-4.20397036010864e-05,0.00287793778202684,-0.000968235595814336
8.9598832170764,-5.2383094626203e-06,-9.14257473610989e-08,0.999999999999996,4.48891109256217e-05,-4.45266976256095e-05,-0.000892350876301323,-0.00059700731478184
8.96344601278927,-6.99240277626285e-06,-1.22040451071379e-07,0.999999999999993,-8.59288777060727e-06,-4.38221143817808e-05,0.000197761337054446,-0.000701341779705613
8.96694209423821,1.70498933532848e-05,2.97576776128711e-07,0.999999999999956,0.00012002501467101,-5.22920101527057e-05,-0.00242268262185152,0.000576219172458573
8.97043817568715,6.7077412754467e-05,1.17072170628442e-06,0.999999999999315,0.000249749596200242,-7.00018992431397e-05,-0.00506563973096295,0.00327452155766044
8.97356787751403,5.2001139987958e-05,9.07591107580226e-07,0.999999999999588,-8.4075293193954e-05,-6.45657528510024e-05,0.00173695345206796,0.00251367692709732
8.97678181064583,9.90787615013548e-06,1.72925060699683e-07,0.999999999999985,-0.000228587844473797,-4.9518464653089e-05,0.00468189211811461,0.000283175380147122
8.97967226294337,-1.48344725826432e-05,-2.58910389363947e-07,0.999999999999966,-0.000149400649313699,-4.06490487454192e-05,0.00306852180719268,-0.00106903041020988
8.98256271524092,-9.61644816265322e-06,-1.67838682785657e-07,0.999999999999986,3.15077701353573e-05,-4.24338582617237e-05,-0.000617484508504059,-0.000804104373901438
8.9860594207185,-8.83313329477095e-06,-1.54167259261287e-07,0.999999999999988,3.90980127209242e-06,-4.26255844328168e-05,-5.48305175607209e-05,-0.000775601077611172
8.98939781005963,1.67496395591774e-05,2.92336358829933e-07,0.999999999999957,0.000133748215820584,-5.16398039871999e-05,-0.00270017024177269,0.000591478309244903
8.99273619940077,4.63082153318033e-05,8.08230828262397e-07,0.999999999999673,0.000154533943382767,-6.20668409547921e-05,-0.00312337354996706,0.00219581102032418
8.99596837194992,4.15186066389038e-05,7.24636386689185e-07,0.999999999999737,-2.58632360438388e-05,-6.02800100722371e-05,0.000552826575741328,0.00197569369847098
8.99948294909264,5.66247273732091e-06,9.88287930706657e-08,0.999999999999995,-0.000178060565526389,-4.74363403808784e-05,0.003654399710067,0.000103720895039464
9,9.11433303794277e-06,1.59075120635398e-07,0.999999999999987,0.000116519140973386,-4.86505460988967e-05,-0.00234832915046058,0.000261232195585509
9.00258525453678,-2.41104940141162e-06,-4.20807504828712e-08,0.999999999999999,-7.7808922973006e-05,-4.44836818287617e-05,0.00161178104934992,-0.000384452690293592
9.00576716716505,-7.28771558945708e-06,-1.27194631984945e-07,0.999999999999992,-2.67492830400269e-05,-4.26647269225019e-05,0.000571654573448186,-0.000650576340393748
9.00975754704035,-2.58553137812939e-05,-4.51260354619829e-07,0.999999999999898,-8.12117474429741e-05,-3.59541760525234e-05,0.00168168221564709,-0.00167421398435591
9.01280826378484,1.24864676112344e-05,2.17929971759671e-07,0.999999999999976,0.000219355116331211,-4.95070076914601e-05,-0.00444250737583178,0.000387319061178306
9.01585898052932,2.78698469842515e-05,4.86420591902181e-07,0.999999999999882,8.80090295594056e-05,-5.48940981620602e-05,-0.00176584420049594,0.00123503999978363
9.01909628792732,2.9104772753943e-05,5.07974112601022e-07,0.999999999999871,6.65785421309995e-06,-5.5243517032043e-05,-0.000107935029648125,0.00132483348574966
9.0228116818088,1.6186815950281e-05,2.82513233746734e-07,0.99999999999996,-6.06829009376779e-05,-5.05452134061302e-05,0.00126455061718548,0.000684568244495356
9.02548825539141,-8.33604341366259e-06,-1.45491404157599e-07,0.999999999999989,-0.000159907667282206,-4.17486452299208e-05,0.00328650339873404,-0.000668978824117265
9.02816482897402,-2.95587885475097e-06,-5.15898183054836e-08,0.999999999999999,3.50827589654946e-05,-4.35860518127128e-05,-0.000686477141794208,-0.000392422017253067
9.03181130243427,-8.47593079498266e-06,-1.47932899543627e-07,0.999999999999989,-2.64208919352163e-05,-4.15184655472514e-05,0.000567009821405466,-0.000695261937038792
9.03576618552128,1.0591338112256e-05,1.84853722250826e-07,0.999999999999983,8.41457546211944e-05,-4.81853183191658e-05,-0.00168572689135212,0.000285709026075511
9.03851246930388,2.35490137886972e-05,4.11007826210299e-07,0.999999999999916,8.23491386404664e-05,-5.27131909815172e-05,-0.00164872716033115,0.00102480508177265
9.04125875308648,1.35265910621159e-05,2.36083550604757e-07,0.999999999999972,-6.36949017118232e-05,-4.90680611078909e-05,0.00132729541525164,0.00050464400573048
9.0449492925504,1.52649666737741e-05,2.66423928664561e-07,0.999999999999964,8.22112278067801e-06,-4.95769300981563e-05,-0.000137884717191259,0.000617833942949643
9.04818692975426,-5.7901164387635e-06,-1.01056595930272e-07,0.999999999999995,-0.000113502687749119,-4.1992270059997e-05,0.00234265285471545,-0.000505448007103516
9.05142456695812,-2.11520208218394e-05,-3.69172406791487e-07,0.999999999999932,-8.28121849296255e-05,-3.64316915882476e-05,0.0017174804098239,-0.00133921287579413
9.05488905673232,-2.84617825715943e-05,-4.9675181686104e-07,0.999999999999877,-3.68248770770271e-05,-3.37272394316728e-05,0.000780620620304355,-0.00175546178556591
9.05881102916758,1.44710963210146e-05,2.5256827717494e-07,0.999999999999968,0.000191056950655688,-4.887661945435e-05,-0.00386269416033815,0.000444039845663461
9.06118000507851,1.8189039360609e-05,3.17458624617466e-07,0.99999999999995,2.73917295415076e-05,-5.01254238711908e-05,-0.000527149478844104,0.000753754467195903
9.06354898098944,8.09555250744211e-06,1.41294046022947e-07,0.99999999999999,-7.43631785286492e-05,-4.64624837479442e-05,0.00154621248208865,0.000233175931971831
9.06710231508618,1.28549069838298e-05,2.24360451905442e-07,0.999999999999975,2.33770322803669e-05,-4.80445915130344e-05,-0.00044524599207833,0.000497230916034964
9.07204860276242,4.18858961883616e-05,7.31046798635388e-07,0.999999999999733,0.000102437702757246,-5.82133461322344e-05,-0.00205583566602011,0.00218518405629983
9.07423101571548,4.20569952694218e-06,7.34033040947089e-08,0.999999999999997,-0.000301337789265386,-4.47445090237902e-05,0.0061715346261708,5.80700399808134e-05
9.07641342866855,2.78646338970026e-06,4.86329606365514e-08,0.999999999999999,-1.13499800408397e-05,-4.41706783881795e-05,0.000262934031254175,-3.3303423333103e-05
9.08012566337297,-5.09337749146925e-06,-8.88962072731077e-08,0.999999999999996,-3.70475411336082e-05,-4.12499581974158e-05,0.000786782200835806,-0.000451749810249021
9.08504627792958,-0.000123759465480415,-2.16001015313983e-06,0.999999999997667,-0.000420905543817914,1.11004826336532e-06,0.0086086821012784,-0.00687045583931257
9.08804403531112,-1.37710091915616e-05,-2.4034945171515e-07,0.999999999999971,0.000640365599045633,-3.79092118616085e-05,-0.0130161501278224,-0.000991473405368973
9.09104179269267,4.28811950393966e-05,7.4841804062726e-07,0.99999999999972,0.00032983572934544,-5.79592150311659e-05,-0.00668833418374427,0.00208671395102163
9.09376825963815,2.55713185583534e-05,4.46303702919582e-07,0.9999999999999,-0.000110807995749935,-5.17138375210643e-05,0.00229064853342231,0.00119972156637569
9.0967798006024,1.35613632644528e-05,2.36690440023705e-07,0.999999999999972,-6.96033244721956e-05,-4.73436835195875e-05,0.00145113549951909,0.000569526491550999
9.10119455974225,-1.78499775404724e-05,-3.11540879488277e-07,0.999999999999951,-0.000124181479022086,-3.60262735481281e-05,0.00256353962084138,-0.00102246616182332
9.10362265908106,-1.25533845158206e-05,-2.19097892069942e-07,0.999999999999976,3.80721603686402e-05,-3.78297519381009e-05,-0.000742753132519379,-0.000818170377782716
9.10605075841987,-1.57639583168421e-06,-2.75132975776037e-08,1,7.89031121708023e-05,-4.16527214259724e-05,-0.00157446996783002,-0.000241344466194976
9.10976925751341,-6.89581498608532e-06,-1.20354676115556e-07,0.999999999999993,-2.49674334194253e-05,-3.96364260787162e-05,0.000542233653025064,-0.000530484599577128
9.11509028372888,7.28192039647222e-06,1.27093486786571e-07,0.999999999999992,4.65038420939676e-05,-4.45005866659738e-05,-0.000914139564491333,-2.31757710598708e-05
9.11707001046378,2.51234489973225e-06,4.38486904460145e-08,0.999999999999999,-4.20486296784055e-05,-4.27360115868525e-05,0.000891322548717299,-5.35678062382691e-05
9.11904973719869,2.56081039463087e-06,4.4694572905604e-08,0.999999999999999,4.27272332425737e-07,-4.26857758612993e-05,2.53750806448838e-05,-1.53652578677397e-05
9.12233626629616,9.18944177719668e-06,1.60386015432401e-07,0.999999999999987,3.52017094922088e-05,-4.49310592200002e-05,-0.000683177690539824,0.000344416193427507
9.12678057838062,6.70657998455274e-05,1.17051902278769e-06,0.999999999999315,0.00022728669547924,-6.53616359845522e-05,-0.00459701667576088,0.00347003680256481
9.13101782860631,0.00013785235127777,2.40597741141058e-06,0.999999999997106,0.000291570788323015,-9.03883057979568e-05,-0.00590634691850344,0.00756837705869197
9.13288418995474,3.04011919454055e-05,5.30600895978082e-07,0.999999999999859,-0.00100483034381592,-5.21113806327014e-05,0.0205088501202132,0.00154320888310751
9.13475055130318,7.90739530295258e-06,1.38010083293257e-07,0.99999999999999,-0.0002103509124927,-4.40471849260501e-05,0.0043208115692089,0.0002979730997078
9.13803829058993,-1.8208327434539e-06,-3.17795265013918e-08,0.999999999999999,-5.16432706445943e-05,-4.04730028196544e-05,0.00108712455418739,-0.000218617243982693
9.14246303491607,-8.79655557230527e-05,-1.53528857571321e-06,0.999999999998821,-0.000339795689511914,-9.68182330732682e-06,0.0069588607256851,-0.00482143699563619
9.14543801941809,-4.4811230329869e-05,-7.82103511125679e-07,0.999999999999694,0.000253172769160939,-2.49249620537157e-05,-0.00512377080822546,-0.0025546665880262
9.14841300392011,-3.55920477399623e-07,-6.21198420589348e-09,1,0.000260805233234743,-4.06301710675802e-05,-0.00527908935430914,-0.000171404627127325
9.15205763353271,6.40211301062826e-05,1.11737951120207e-06,0.999999999999376,0.000308286880928541,-6.33963221291902e-05,-0.00624649236863612,0.00326793772703987
9.15522459465168,7.50386577510585e-05,1.30967164403276e-06,0.999999999999142,6.07181855436633e-05,-6.72018504987264e-05,-0.00120163406703927,0.00391829904326431
9.15806389425436,1.95359178464982e-05,3.40966088820506e-07,0.999999999999942,-0.000341177646168921,-4.73617567936866e-05,0.00698767177872804,0.000958117993896266
9.16122780832111,-9.76299985372546e-06,-1.70396492319233e-07,0.999999999999985,-0.000161623410229029,-3.68289208812678e-05,0.00332905246166747,-0.000610276477181038
9.16439172238786,-2.57627727373485e-05,-4.49645208709748e-07,0.999999999999899,-8.82605249381403e-05,-3.10255139954509e-05,0.0018342492126463,-0.00148353111103973
9.16769159614447,-2.55283132045342e-05,-4.45553117899452e-07,0.999999999999901,1.24007495805001e-06,-3.09904170559216e-05,1.06358431012808e-05,-0.00149274422418486
9.17150391518705,4.169149339964e-06,7.27653829897202e-08,0.999999999999997,0.000135958846859406,-4.14148741491867e-05,-0.00273441361461007,3.15486650801409e-05
9.17403357844637,1.76110085483893e-05,3.07370083766256e-07,0.999999999999953,9.27414745471164e-05,-4.61034238920855e-05,-0.00185342840618573,0.000825056738137312
9.17656324170568,7.83673937059401e-06,1.36776904637533e-07,0.999999999999991,-6.74371098605905e-05,-4.25355170687458e-05,0.00141042757774242,0.000318562655314365
9.18018931948812,1.2205960161306e-05,2.13034193182046e-07,0.999999999999977,2.1030240695285e-05,-4.39575132485501e-05,-0.000392158212019343,0.000563965329219997
9.18535333053748,-1.64914691519003e-05,-2.87830435191733e-07,0.999999999999959,-9.69913936252276e-05,-3.35618836079504e-05,0.00201309205987896,-0.000738316617427894
9.18738013887833,-2.09578229524091e-06,-3.65783014569577e-08,0.999999999999999,0.00012396442656742,-3.86084881086336e-05,-0.00248992684655225,-0.000168816184514717
9.18940694721917,9.634061426334e-07,1.68146092228909e-08,1,2.63433446586358e-05,-3.96223206937966e-05,-0.000500211374076367,-3.37763977130226e-05
9.19273829918064,-5.2881880555468e-06,-9.22962930339282e-08,0.999999999999996,-3.27527392839093e-05,-3.72766402649367e-05,0.000704122667311333,-0.000368355423058587
9.19725239810271,-6.37045288589112e-05,-1.11185377701952e-06,0.999999999999382,-0.000225860687057803,-1.63353521345035e-05,0.004639084896444,-0.00352425944891132
9.20161981792481,-0.000101844407035316,-1.7775202275066e-06,0.99999999999842,-0.000152416410054782,-2.61209506593181e-06,0.00314218866688845,-0.0059679600668034
9.20349325515076,-2.30320068486471e-05,-4.01984352850765e-07,0.999999999999919,0.00073423109971825,-3.05694367559586e-05,-0.0149230202661122,-0.00138176148850931
9.2053666923767,-3.67702927488782e-06,-6.41762675390121e-08,0.999999999999998,0.000180314600689032,-3.7383002868483e-05,-0.00363693323596528,-0.0002868089772685
9.20841464605586,5.90449507308045e-06,1.03052879693037e-07,0.999999999999995,5.4866039590923e-05,-4.0677279198855e-05,-0.00108081574628153,0.000231974924935992
9.21256209547783,5.00111018811322e-05,8.72858390375976e-07,0.999999999999619,0.000185609378767979,-5.6208792103822e-05,-0.00374483479477806,0.0026003296771317
9.21657684086744,0.000142829978294471,2.49285339178797e-06,0.999999999996893,0.00040351126763998,-8.90681065877459e-05,-0.0081846571314183,0.00770999398084772
9.21909910468741,7.0560109614185e-06,1.23150623333563e-07,0.999999999999992,-0.000939514237047885,-4.06877044249184e-05,0.0191813408968906,0.000349530988583455
9.22162136850739,-4.65986376306982e-06,-8.13299653599412e-08,0.999999999999997,-8.10702619901031e-05,-3.64267311945969e-05,0.00168934478486247,-0.000309598667804841
9.22479502618664,-9.70109058867819e-06,-1.69315971806668e-07,0.999999999999986,-2.77238490533648e-05,-3.45147686911339e-05,0.000602447616187625,-0.000585147535626844
9.22883109044156,-3.17621898462144e-05,-5.54354790459924e-07,0.999999999999846,-9.53995760063023e-05,-2.65173231947047e-05,0.00198149607917812,-0.00179567214046159
9.23199273182808,7.74575886976457e-06,1.35188995342946e-07,0.999999999999991,0.000218096773638835,-4.04487454224475e-05,-0.00440638912659212,0.000316868898340828
9.2351543732146,3.57288570498744e-05,6.23586193494656e-07,0.999999999999806,0.000154475836581016,-5.02811376279009e-05,-0.00310990115684107,0.00183882783645448
9.23824891186288,3.01775414424992e-05,5.26697458328625e-07,0.999999999999861,-3.13095896281279e-05,-4.81897074201875e-05,0.000675845560654235,0.00156976698700299
9.2416466633037,1.21885951652317e-05,2.12731116825954e-07,0.999999999999977,-9.24041522670607e-05,-4.16633015804511e-05,0.0019208014339539,0.000634739219261685
9.24453906270338,-1.24357942484327e-05,-2.17045554735723e-07,0.999999999999976,-0.000148588286807536,-3.27963161656155e-05,0.0030656158398508,-0.000704021614724313
9.24743146210306,-1.12431174808668e-05,-1.96229418229654e-07,0.999999999999981,7.19684028020738e-06,-3.31107041552325e-05,-0.000108694528719585,-0.000653600217508967
9.25101911217054,-1.59752724276471e-05,-2.78821102765507e-07,0.999999999999961,-2.3021109356325e-05,-3.12914007724429e-05,0.000507101681760115,-0.000921841623337981
9.25459280785298,1.07045015447305e-05,1.86828796740366e-07,0.999999999999983,0.000130299259053951,-4.06437701634005e-05,-0.00261700217982166,0.00048457858317896
9.25816650353542,9.07264013448468e-05,1.58347442195273e-06,0.999999999998746,0.00039081269064872,-6.8966293374613e-05,-0.00792527560485971,0.0047818019758168
9.26111293532504,5.3234224214639e-05,9.2911248729021e-07,0.999999999999568,-0.000222086232224268,-5.55197764173122e-05,0.00456366137667283,0.00282999858348729
9.26401065758793,9.14009972596234e-06,1.59524834178674e-07,0.999999999999987,-0.000265583649257166,-3.97273781438096e-05,0.00544993510101287,0.000472472024533936
9.26724640843739,-1.84387722544513e-05,-3.21817285865546e-07,0.999999999999948,-0.000148757473130052,-2.97954231647194e-05,0.00306944367510397,-0.00100682871329343
9.27048215928685,-3.31054732893975e-05,-5.77799509330992e-07,0.999999999999833,-7.91106099865873e-05,-2.44555021525461e-05,0.00165028806623445,-0.00181252429764117
9.27380418916266,-2.50485526458592e-05,-4.37179716529366e-07,0.999999999999904,4.23294786798209e-05,-2.71935794913648e-05,-0.000824218156121988,-0.00140740767979304
9.2770484202567,1.23599853959874e-05,2.15722440658394e-07,0.999999999999977,0.000201250200204826,-4.03729777232701e-05,-0.00406241042941944,0.000590761165755499
9.28029265135075,4.5363475499881e-05,7.91742007620622e-07,0.999999999999687,0.000177551953071158,-5.19854880022463e-05,-0.00357943375251006,0.00238285093307439
9.28334840863966,3.16366671635017e-05,5.52164006360651e-07,0.999999999999848,-7.84021696126667e-05,-4.69859900903138e-05,0.00163609129890051,0.00167888160860492
9.28671200656019,7.1109313405056e-06,1.24109164775076e-07,0.999999999999992,-0.000127261001968531,-3.81340503361729e-05,0.00263168784239009,0.000391824833676507
9.28963099353622,-1.6972022421252e-05,-2.96217671973143e-07,0.999999999999956,-0.000143997503311489,-2.94568818000789e-05,0.00297266435490292,-0.000920796181349718
9.29254998051226,-1.40424158947465e-05,-2.45086392297709e-07,0.99999999999997,1.75167892474937e-05,-3.03863134857842e-05,-0.000318408986862588,-0.000779131145117144
9.29608901146293,-1.52251892077895e-05,-2.6572968091503e-07,0.999999999999965,-5.833034213345e-06,-2.98292310014291e-05,0.000157411023560078,-0.000859194698052287
9.3,3.16353413969178e-05,5.5214086736865e-07,0.999999999999848,0.000209121182670611,-4.63439614057777e-05,-0.00422264863417683,0.00159611511838411
9.30258503020296,2.27735211583593e-05,3.97472926485952e-07,0.999999999999921,-5.98321600673759e-05,-4.30921215322174e-05,0.00125795043703255,0.00118812600559328
9.30517006040593,7.39917952285834e-06,1.29140044620021e-07,0.999999999999992,-0.000103802609949516,-3.75244252278275e-05,0.00215382253484195,0.000377827586790495
9.30893164972552,9.32959609622565e-06,1.62832169760347e-07,0.999999999999987,8.95688558154963e-06,-3.80654116187054e-05,-0.000143818568406924,0.000497099912979383
9.31216861276179,-8.58528377603184e-06,-1.49841469109806e-07,0.999999999999989,-9.65947511188499e-05,-3.15689368214984e-05,0.00200696601240083,-0.000460363226087599
9.31540557579807,-2.11599308060879e-05,-3.69310462060403e-07,0.999999999999932,-6.78008956206631e-05,-2.69716737671274e-05,0.00142023958965487,-0.00114471937509542
9.3189889753191,-3.28055936230565e-05,-5.72565621793561e-07,0.999999999999836,-5.67213224594724e-05,-2.26914200665323e-05,0.00119446734183042,-0.00179599968516908
9.32306881440022,2.20526388916811e-05,3.84891157413179e-07,0.999999999999926,0.0002346800352094,-4.2043897102686e-05,-0.00474344126112538,0.000997676596117634
9.32530832081031,1.29647500505205e-05,2.26277575079681e-07,0.999999999999974,-7.08252414990821e-05,-3.8724294840018e-05,0.00148229192276865,0.000659737490725198
9.3275478272204,3.49447605787054e-06,6.09901128419528e-08,0.999999999999998,-7.38053088363088e-05,-3.52693792550715e-05,0.00154271296986582,0.000175390202634523
9.33100003652381,8.40377120019711e-06,1.46673477027715e-07,0.999999999999989,2.48198636453296e-05,-3.68814686354399e-05,-0.000466973244865603,0.000443961210210372
9.33575148355364,5.48417065979812e-05,9.57168347547324e-07,0.999999999999542,0.000170578534377527,-5.32119628552625e-05,-0.00343695175750051,0.00300809741799416
9.33823149082804,-7.54308141816398e-07,-1.31651606492965e-08,1,-0.0003912623637088,-3.33439929694164e-05,0.00801125468095763,-2.46792476628387e-05
9.34071149810244,-2.94782234070792e-06,-5.14492056091993e-08,0.999999999999999,-1.54370696227756e-05,-3.24678013060699e-05,0.000353302053744389,-0.000156892785795373
9.34439057439043,-1.2052682124509e-05,-2.10358986768946e-07,0.999999999999978,-4.31928475303154e-05,-2.90870899655121e-05,0.000918902212381312,-0.000646707736479382
9.34909565767168,-8.0891612434222e-05,-1.41182497422389e-06,0.999999999999003,-0.000255354882291532,-4.4233489600305e-06,0.00524193505857135,-0.00443091949954804
9.35152363030919,-2.11789687556867e-06,-3.69642736963739e-08,0.999999999999999,0.000566258729315604,-3.2343764618632e-05,-0.0114994770646449,-0.000134875745554449
9.3539516029467,2.52365560311534e-06,4.4046099460766e-08,0.999999999999999,3.33654390933776e-05,-3.39002123357676e-05,-0.000641048293992932,0.000134574805141734
9.35750652870264,1.07735524201759e-05,1.88033961868272e-07,0.999999999999982,4.05037607794608e-05,-3.66963277288151e-05,-0.0007865467762223,0.000581122647206227
9.36207173894106,7.44035947754953e-05,1.29858770415168e-06,0.999999999999157,0.000243264534223791,-5.91482816392886e-05,-0.00491805475277012,0.00405813132151028
9.36481712377848,-6.38379393658044e-07,-1.11418222962179e-08,1,-0.000477065913893012,-3.23541939131713e-05,0.00975968372848213,8.11020354857751e-06
9.36756250861589,-1.12329997607541e-05,-1.96052830700894e-07,0.999999999999981,-6.73534019292345e-05,-2.84800772241603e-05,0.00141113793454987,-0.000583619112256488
9.37079943564793,-1.61314333148762e-05,-2.81546624410489e-07,0.99999999999996,-2.64120237692172e-05,-2.66126481961741e-05,0.00057691415638935,-0.000855859165508685
9.37471976503594,-2.64097244229825e-05,-4.60936645725387e-07,0.999999999999894,-4.57589155298216e-05,-2.28056732067296e-05,0.000971085491206493,-0.00144687598206877
9.37742499767206,5.90889470787439e-06,1.03129667806076e-07,0.999999999999995,0.000208509355535488,-3.41945269094795e-05,-0.00420993505352414,0.000313950915619658
9.38013023030819,5.99154882550472e-06,1.04572254299056e-07,0.999999999999995,5.33257832881847e-07,-3.41191327677389e-05,2.78697442629699e-05,0.000333045853760071
9.38382375552125,1.53198800064257e-05,2.67382347122575e-07,0.999999999999964,4.407986501556e-05,-3.72936841696247e-05,-0.000859490924999147,0.000843810652853045
9.38850841477712,3.20760066839858e-05,5.59831927527232e-07,0.999999999999843,6.24270762144631e-05,-4.30707839401376e-05,-0.00123319529873598,0.00190140667798164
9.39066955730401,-9.9536708709302e-07,-1.73724329357584e-08,1,-0.000267082968050241,-3.1226557335762e-05,0.00548053932444075,-9.24763187361232e-06
9.39283069983091,-1.30447238807072e-06,-2.27673381731873e-08,1,-2.496320890588e-06,-3.1033243032293e-05,8.94500483254275e-05,-4.6434591736611e-05
9.39638744474792,-8.31725148645546e-06,-1.4516342315504e-07,0.999999999999989,-3.44123876852831e-05,-2.84018702663005e-05,0.000739826112749081,-0.000421638010962389
9.4011555484116,-9.55063882581497e-05,-1.66690093179199e-06,0.999999999998611,-0.000319149417876579,2.78969596341657e-06,0.00654171310647694,-0.00514253793246562
9.40426747206033,-1.33576160517431e-05,-2.3313438032016e-07,0.999999999999973,0.00046073320341733,-2.63057432007837e-05,-0.00934966356774588,-0.000767559291479755
9.40737939570907,5.07089943865976e-05,8.85038912421335e-07,0.999999999999608,0.000359318999743308,-4.89702147520681e-05,-0.00728310656351906,0.00269749027796984
9.41010376370176,2.65453335612809e-05,4.63303471684487e-07,0.999999999999893,-0.000154801202285884,-4.02715049115533e-05,0.00319292763087379,0.00144845576097391
9.4130204506281,9.4139090435976e-06,1.64303708294048e-07,0.999999999999986,-0.000102513492514527,-3.40665863793037e-05,0.00212738586243754,0.000541210404119055
9.41744231597834,-2.52599538930147e-05,-4.40869364335051e-07,0.999999999999903,-0.000136859226750375,-2.15646843258885e-05,0.00282729143996122,-0.00122928288975608
9.41987524165488,-1.68756154019806e-05,-2.94535052064824e-07,0.999999999999957,6.01474651203961e-05,-2.44534363579048e-05,-0.00118735728751234,-0.000860289899950321
9.42230816733142,-5.22792685627373e-06,-9.12445366954128e-08,0.999999999999996,8.35580459072973e-05,-2.85024450609426e-05,-0.00166425499228372,-0.000248539542525031
9.42603720520715,-1.03433132486638e-05,-1.80524871754332e-07,0.999999999999984,-2.39419222958321e-05,-2.65401623987594e-05,0.000526216876196129,-0.000529188027170269
9.4302268227019,3.6239104554046e-06,6.32491692442573e-08,0.999999999999998,5.81852737879615e-05,-3.1347133460513e-05,-0.00114735320534216,0.00016896518477663
9.43291025463623,1.63547049716814e-05,2.85443449948123e-07,0.999999999999959,8.28022793725535e-05,-3.57716819465829e-05,-0.00164883946913663,0.000897539739565691
9.43559368657056,7.05690789732879e-06,1.23166277818377e-07,0.999999999999992,-6.04737426179911e-05,-3.2362265593817e-05,0.00127054325811076,0.000413512750307629
9.43931298567308,1.0665184307016e-05,1.86142581489459e-07,0.999999999999983,1.69323041614104e-05,-3.35032428048942e-05,-0.000306772103998019,0.000621783980360447
9.44278752296734,-1.12289720858267e-05,-1.9598253451221e-07,0.999999999999981,-0.000109978706123779,-2.55840767003978e-05,0.00227920020244885,-0.000537908861934007
9.4462620602616,-5.27489072056824e-05,-9.2064210756799e-07,0.999999999999576,-0.000208562899656536,-1.06855067273621e-05,0.00428792921510524,-0.00277442772831383
9.44948020170493,-4.64299038079987e-05,-8.10354692833742e-07,0.999999999999672,3.42705305769286e-05,-1.28103866463237e-05,-0.000660281704948094,-0.00247566327531523
9.45281270235678,-3.44182939486279e-06,-6.00712552322796e-08,0.999999999999998,0.00022514127257116,-2.79719449268554e-05,-0.00454960399546166,-0.000203541448122377
9.45557672720845,1.86742005378783e-05,3.25926284563666e-07,0.999999999999947,0.000139650531565492,-3.57319276553882e-05,-0.00280749383416148,0.00102543970569189
9.45834075206012,1.02911935786727e-05,1.79615211907935e-07,0.999999999999984,-5.2934065541174e-05,-3.26455158127235e-05,0.00111663679174223,0.000594065588268266
9.46188232802388,1.14228516365997e-05,1.99366371025487e-07,0.99999999999998,5.57694069523215e-06,-3.29135187008985e-05,-7.56733417318695e-05,0.000670007536331115
9.46540519092718,-1.22800115681254e-05,-2.14326634046779e-07,0.999999999999977,-0.000117430912422062,-2.43502775773638e-05,0.0024307619565652,-0.000583143473926969
9.46892805383048,-6.56934903373624e-05,-1.1465677035138e-06,0.999999999999343,-0.000264625986039422,-5.22112402064327e-06,0.0054300022685542,-0.00345683523216228
9.47205098722376,-4.90468316183884e-05,-8.56028699412032e-07,0.999999999999634,9.30340060172527e-05,-1.10235367613145e-05,-0.0018580007992346,-0.00260890675802134
9.4752357095809,-5.21427309966298e-06,-9.10062336872893e-08,0.999999999999996,0.000240216376792752,-2.64919814044517e-05,-0.0048570779202844,-0.000278270305299547
9.47814127757096,1.97467384572815e-05,3.44645602609741e-07,0.999999999999941,0.000149936892816782,-3.52593806238637e-05,-0.0030174476210554,0.00108899973382064
9.48104684556102,1.47756256320418e-05,2.57883316321195e-07,0.999999999999967,-2.98606973182033e-05,-3.33819439184846e-05,0.000646151358978291,0.000841970050659841
9.48453305744198,1.33961271205111e-05,2.33806525268623e-07,0.999999999999973,-6.90629022982889e-06,-3.27601372973161e-05,0.00017836168379922,0.000787161232418597
9.48784820480024,-1.24601765311522e-05,-2.17471105848329e-07,0.999999999999976,-0.000136125964353402,-2.34401073628004e-05,0.00281134710687603,-0.000590792596646356
9.4911633521585,-3.96637578888873e-05,-6.92263168874904e-07,0.99999999999976,-0.000143218992013567,-1.36412414883925e-05,0.00295578591702394,-0.00206427148812562
9.49441174118972,-3.61392639689909e-05,-6.30749145506203e-07,0.999999999999801,1.89367784392286e-05,-1.47732325909296e-05,-0.000348477688988649,-0.00190597787687539
9.49797378772894,-9.99880955581656e-07,-1.74512148028871e-08,1,0.00017217572088154,-2.71372652589243e-05,-0.0034710474812356,-7.16840048895056e-05
9.50062283740807,1.67740696208776e-05,2.92762743843066e-07,0.999999999999957,0.000117103865997805,-3.33591717926282e-05,-0.00234873154049551,0.000937059328650144
9.50327188708719,7.10307725662325e-06,1.23972085151602e-07,0.999999999999992,-6.37174380010594e-05,-2.98209348652322e-05,0.00133566273040327,0.000435235024451424
9.50686965962975,1.00882863600446e-05,1.76073812866811e-07,0.999999999999984,1.44816625005853e-05,-3.07485828894566e-05,-0.000257839541897399,0.000607569286203503
9.51062230070281,-1.14284540467569e-05,-1.99464151528776e-07,0.99999999999998,-0.000100072977160375,-2.29567846650872e-05,0.00207635051492206,-0.000517502812473123
9.51358721027418,-2.60462880372029e-05,-4.54593484171987e-07,0.999999999999897,-8.60496168608314e-05,-1.76482617819092e-05,0.00179045018250884,-0.00132756108143636
9.51655211984555,-1.67138984419883e-05,-2.91712558656642e-07,0.999999999999957,5.49362203448943e-05,-2.08574680143399e-05,-0.00108239599056303,-0.000843037648078348
9.52024907252061,-1.03967548116428e-05,-1.81457602985729e-07,0.999999999999984,2.98231990943761e-05,-2.29675161843717e-05,-0.000570753362428507,-0.000532566326520279
9.52312562744468,1.12888072635551e-05,1.97026855372087e-07,0.999999999999981,0.000131575606358752,-3.05734203598624e-05,-0.00264410184275164,0.000650588756171638
9.52600218236874,9.47198268151641e-06,1.65317284484342e-07,0.999999999999986,-1.10234540013438e-05,-2.98211614972151e-05,0.000261513818614958,0.000567553609922461
9.52967760483241,1.56181865780203e-05,2.72588778977236e-07,0.999999999999963,2.91861671829722e-05,-3.1871628377911e-05,-0.000557886039213343,0.000914788563736184
9.53319569538496,-1.08770832050672e-05,-1.89840914941799e-07,0.999999999999982,-0.000131443374470503,-2.23195385130274e-05,0.00271513473636409,-0.000482859050184893
9.5367137859375,-7.60804451990431e-05,-1.32785426510603e-06,0.999999999999118,-0.000323474718222373,9.98228242252249e-07,0.0066279609370558,-0.0039862548004567
9.53972076074013,-4.97882644908359e-05,-8.68969144218756e-07,0.999999999999622,0.000152606905946436,-8.24251534437539e-06,-0.00307310309968666,-0.00262530224679552
9.5427314285552,-9.16486155790622e-06,-1.5995700967492e-07,0.999999999999987,0.000235499954858242,-2.2579828965858e-05,-0.00476217055554264,-0.000456697624104156
9.54585440904913,1.8076618459159e-05,3.15496509739104e-07,0.99999999999995,0.00015224351235568,-3.2154001562969e-05,-0.00306571642561423,0.00101400428246224
9.54897738954306,2.44608809159428e-05,4.26922909921434e-07,0.999999999999909,3.56795056513957e-05,-3.43106866411539e-05,-0.000690585510340977,0.00137729026584315
9.55236440822065,1.98937401472601e-05,3.47211266105863e-07,0.99999999999994,-2.35344565245912e-05,-3.25632268900575e-05,0.00051592858423294,0.00115776038684477
9.55562612819388,-1.30500522156857e-05,-2.27766378720895e-07,0.999999999999974,-0.000176280505238104,-2.07288093374185e-05,0.0036282751584306,-0.000599664016057557
9.55888784816711,-4.30732644618942e-05,-7.51770284442247e-07,0.999999999999717,-0.000160652634199617,-9.93344184124454e-06,0.00330971621867126,-0.00222767189030053
9.56201343272618,-3.33355798306815e-05,-5.81815626106773e-07,0.999999999999831,5.437531927994e-05,-1.32837893859496e-05,-0.00107191070386823,-0.00173487750895633
9.56545651477786,-6.27440072725363e-06,-1.09508951280102e-07,0.999999999999994,0.000137175550201091,-2.27838389984032e-05,-0.00275917026369389,-0.000316806553288356
9.56827443694147,1.6462446363702e-05,2.87323891979564e-07,0.999999999999959,0.00014082462900628,-3.07683579060276e-05,-0.00283347745041372,0.000935828585584777
9.57109235910509,1.03357546164712e-05,1.80392948735626e-07,0.999999999999984,-3.79467341662696e-05,-2.84881571879841e-05,0.000809178034611956,0.000624356514374207
9.57466142497077,1.21828526999951e-05,2.12630891900393e-07,0.999999999999977,9.03259967118272e-06,-2.90170240055694e-05,-0.000148180739019404,0.000739744484862855
9.57812426610158,-1.25804368539232e-05,-2.19570044440195e-07,0.999999999999976,-0.000124811078537353,-2.00862996376666e-05,0.00257901648690409,-0.000572441798582777
9.5815871072324,-5.87225143228151e-05,-1.02490121998247e-06,0.999999999999475,-0.000232563708561702,-3.55288008318121e-06,0.00477452442370397,-0.00305837136239029
9.58472620180302,-4.55611637400112e-05,-7.95192318303365e-07,0.999999999999684,7.31768019442828e-05,-8.12200064067734e-06,-0.00145555364921114,-0.00239337711195374
9.58798135477999,-5.65963634989235e-06,-9.87792887711751e-08,0.999999999999995,0.000213941720852803,-2.21969818468377e-05,-0.00432390775663575,-0.000278565269284423
9.59084853447837,1.84963352528364e-05,3.22821949714687e-07,0.999999999999948,0.000147043883829467,-3.06859211976006e-05,-0.00296072804769719,0.00104808075519152
9.59371571417674,1.26523693272522e-05,2.2082550293889e-07,0.999999999999976,-3.5573789404848e-05,-2.85059916001892e-05,0.000760304489686473,0.000753213078141132
9.59722744034411,1.24025186347317e-05,2.16464785716019e-07,0.999999999999977,-1.24175890005168e-06,-2.8293002662916e-05,6.0650781730228e-05,0.000757488935839387
9.60059709370736,-1.29186161937177e-05,-2.25472387381829e-07,0.999999999999975,-0.000131152117282257,-1.91690335562982e-05,0.00270768774204444,-0.000589539683778308
9.60396674707061,-4.59238343725058e-05,-8.01522114940685e-07,0.999999999999679,-0.000170952221329646,-7.3127211745662e-06,0.00351855550218602,-0.00237360520619032
9.6071800915306,-3.96684374816505e-05,-6.92344843176274e-07,0.99999999999976,3.39762117395352e-05,-9.42486112813078e-06,-0.000657302688792916,-0.00207239246908272
9.61063554151177,-2.83175014440334e-06,-4.94233636136631e-08,0.999999999999999,0.000186060131984533,-2.24047163414797e-05,-0.00375634296085208,-0.000138115049456523
9.61335246605473,1.71819024274452e-05,2.99880769115321e-07,0.999999999999955,0.000128566004394193,-2.94272177036117e-05,-0.00258472447471037,0.000982190866457408
9.61606939059769,8.17836182811642e-06,1.42739341320054e-07,0.99999999999999,-5.78379801538488e-05,-2.61304364345548e-05,0.00121342393464643,0.000516316558992436
9.61964589545452,1.02689384119511e-05,1.79226785973064e-07,0.999999999999984,1.02019838120284e-05,-2.67494959492722e-05,-0.000173090640023997,0.000642049476793892
9.62323966789042,-1.26329868772602e-05,-2.20487215369425e-07,0.999999999999976,-0.000111224071215221,-1.84799452406404e-05,0.00230107800538778,-0.000565550132432481
9.62683344032633,-7.84803037556568e-05,-1.36973969850105e-06,0.999999999999062,-0.00031978999884626,5.06216595906127e-06,0.00655080743691205,-0.00410299738373055
9.62991271962164,-5.51680718302417e-05,-9.62864495414303e-07,0.999999999999536,0.00013213325718992,-3.12260295397222e-06,-0.00265801446640282,-0.00290455771391746
9.63297260585138,-7.32435123794755e-06,-1.27834044674707e-07,0.999999999999992,0.000272895914437488,-2.00324078293131e-05,-0.00552628549093938,-0.000351028537728937
9.6366867354539,8.50207953219519e-05,1.48389281103171e-06,0.999999999998899,0.000433944699887279,-5.27465464555522e-05,-0.00880802290907243,0.0045694179932588
9.63969361226009,7.6407400484481e-05,1.33356071134371e-06,0.999999999999111,-4.99960954098979e-05,-4.95798799620679e-05,0.00105314141469447,0.00418556944513027
9.64232854721856,1.38422283153027e-05,2.41592459914818e-07,0.999999999999971,-0.000414419432979773,-2.7239196654158e-05,0.00847864697231474,0.000839137125572145
9.64650140822831,-3.19500440344058e-05,-5.57633464557525e-07,0.999999999999845,-0.000191529486030435,-1.08109634812655e-05,0.00393692316483534,-0.00152521987474034
9.64892816653558,-1.96697183019558e-05,-3.43301347308911e-07,0.999999999999941,8.83203393624387e-05,-1.50963067277074e-05,-0.0017658714646635,-0.000955950864361283
9.65135492484285,-6.58982085048992e-06,-1.15014070957622e-07,0.999999999999993,9.40708745767848e-05,-1.96657529706927e-05,-0.00188294245425995,-0.000268951714475662
9.65502934084688,-1.10420269085513e-05,-1.92719725648029e-07,0.999999999999981,-2.11477564339892e-05,-1.79580289824804e-05,0.000464760654846539,-0.000514870259768081
9.65922741127441,3.35589656172239e-06,5.85714443584128e-08,0.999999999999998,5.9858731372957e-05,-2.2937097441015e-05,-0.00118603738181227,0.000205832150715439
9.66191233923017,1.55305614518112e-05,2.71059432017412e-07,0.999999999999963,7.91410388510592e-05,-2.71762710928429e-05,-0.00157887798916,0.000903799038052225
9.66459726718593,6.12303260438575e-06,1.06867079153495e-07,0.999999999999994,-6.11533551623798e-05,-2.37403518628595e-05,0.00127970630370691,0.000413184160811466
9.66832405313602,9.69180332915558e-06,1.69153878549512e-07,0.999999999999986,1.67132752538244e-05,-2.48846413807992e-05,-0.000307044604456198,0.000618757672741438
9.67177179803066,-1.20769619493134e-05,-2.1078274965359e-07,0.999999999999978,-0.000110198590619043,-1.70276210233003e-05,0.00227888680793015,-0.000536300685495422
9.6752195429253,-4.94707694785561e-05,-8.63427810895815e-07,0.999999999999627,-0.000189296215696627,-3.61418992592163e-06,0.00389049407867724,-0.00255291114031351
9.6784665362418,-4.5576652080309e-05,-7.95462640837231e-07,0.999999999999684,2.09317246552633e-05,-4.89147272011361e-06,-0.000393374013952695,-0.0023829070964019
9.68186309161274,-3.25590363611057e-06,-5.68262385777848e-08,0.999999999999998,0.000217466321491275,-1.98300984819777e-05,-0.00439816935995786,-0.000153341534386206
9.68457662807797,1.73487743768306e-05,3.02793234061318e-07,0.999999999999954,0.000132527967561104,-2.7068016540356e-05,-0.0026673376794958,0.000999985101824628
9.68729016454319,8.15687158220645e-06,1.42364265771861e-07,0.99999999999999,-5.9121729280393e-05,-2.37094990383835e-05,0.00123769020428294,0.000524270624403182
9.69084932978699,1.00233808629251e-05,1.74940998239433e-07,0.999999999999985,9.15291374132859e-06,-2.4256244964081e-05,-0.000153616336485364,0.000637596160302596
9.69446636770386,-1.28469361224745e-05,-2.24221334130572e-07,0.999999999999975,-0.000110356137133019,-1.6004039087437e-05,0.00228148171688873,-0.000567318494920961
9.69808340562074,-8.38293718727572e-05,-1.46309854905782e-06,0.99999999999893,-0.000342511536621671,9.35817398241798e-06,0.00701187370791121,-0.00437905993713784
9.70114311003006,-5.70954252807292e-05,-9.96503158974967e-07,0.999999999999504,0.000152496884555592,-5.00900885526485e-08,-0.00307489313094901,-0.00299975164290021
9.70416021154609,-7.87129774842556e-06,-1.37380062114842e-07,0.999999999999991,0.00028475114022364,-1.74581313693879e-05,-0.00576978970987219,-0.000369627026487365
9.70788820275397,8.03743201235638e-05,1.40279652020766e-06,0.999999999999016,0.00041313846960502,-4.87211124501551e-05,-0.00838601255676698,0.00432985615100448
9.71093416608889,7.98187859664823e-05,1.39310062005931e-06,0.99999999999903,-3.18319660555564e-06,-4.84247668740377e-05,9.72912486240552e-05,0.00437616024939891
9.71357824117256,1.47415383030267e-05,2.57288380196671e-07,0.999999999999967,-0.000429568829901356,-2.51955712602463e-05,0.00878537669269077,0.000896137462312802
9.71766474740504,-2.96296942398788e-05,-5.1713572084506e-07,0.999999999999866,-0.000189507627538991,-9.283766656708e-06,0.00389374289387973,-0.00140036783664484
9.72012978720558,-2.04207484560386e-05,-3.56409296279415e-07,0.999999999999936,6.52023648992916e-05,-1.24803536847003e-05,-0.00129676893139839,-0.000989369936641873
9.72259482700611,-7.13878431892895e-06,-1.24595290955051e-07,0.999999999999992,9.40406744240816e-05,-1.71252610675759e-05,-0.00188431334125735,-0.000291263211711387
9.72628216672036,-1.12591525188281e-05,-1.96509282437761e-07,0.999999999999981,-1.95029471260028e-05,-1.55424778021926e-05,0.00042924801836529,-0.000520537479101233
9.73027053099747,6.52124020230927e-06,1.13817112843718e-07,0.999999999999994,7.78079367181269e-05,-2.17394654392122e-05,-0.0015537667089739,0.000395600856225699
9.73311320398166,1.94336221786717e-05,3.39180692606408e-07,0.999999999999942,7.92787566546137e-05,-2.62414660579258e-05,-0.00158372090062525,0.00112129527415824
9.73595587696586,9.72753711443092e-06,1.69777550756767e-07,0.999999999999986,-5.95929052660892e-05,-2.26998065642623e-05,0.00124589058022286,0.0006155653403628
9.73967095153699,9.15226250910028e-06,1.59737114790637e-07,0.999999999999987,-2.70262030381367e-06,-2.23782010536106e-05,8.656771337795e-05,0.000606278485864727
9.74234842226421,-5.52296558672685e-06,-9.63939339627237e-08,0.999999999999995,-9.5661568266344e-05,-1.70752132466634e-05,0.00198059599794307,-0.000196152900809282
9.74502589299144,-4.72144672075219e-06,-8.24047907346149e-08,0.999999999999997,5.22476047483035e-06,-1.72765155025885e-05,-7.51837373527116e-05,-0.000159664075607014
9.74929755191099,-1.93938151169052e-05,-3.38485928313039e-07,0.999999999999943,-5.99488728855121e-05,-1.1925275025623e-05,0.00125273121701577,-0.000955658848120655
9.75339608415678,-1.09086955075954e-05,-1.90392653705053e-07,0.999999999999982,3.61332461785868e-05,-1.48159945920969e-05,-0.000705306044485426,-0.000574494857427249
9.75593181250991,1.10897349346419e-05,1.93552387782938e-07,0.999999999999981,0.00015141410593706,-2.25606042984617e-05,-0.00305419533477,0.000670034688066675
9.75846754086303,3.83016756012544e-06,6.68490348272667e-08,0.999999999999998,-4.99672422716022e-05,-1.99004031457021e-05,0.00104908759231995,0.000296660359760245
9.76209804408128,9.16760911119226e-06,1.60004963526135e-07,0.999999999999987,2.56592331968008e-05,-2.16867433671189e-05,-0.000492036534339367,0.000590820715285086
9.7671246631372,7.30270190669022e-06,1.27456192563412e-07,0.999999999999992,-6.47528101904717e-06,-2.08682980963317e-05,0.000162822219405046,0.000681347407716623
9.76921799084908,-3.88598630085635e-06,-6.78232556373382e-08,0.999999999999998,-9.32866111178257e-05,-1.68261089385392e-05,0.00193098726723169,-8.53160943978678e-05
9.77131131856097,-2.59069663653323e-06,-4.52161862278476e-08,0.999999999999999,1.07995844516563e-05,-1.72230546006067e-05,-0.000189624233135569,-4.06841093584064e-05
9.77477087511003,-9.15776709582376e-06,-1.59833187952923e-07,0.999999999999987,-3.31305472535276e-05,-1.47823287826826e-05,0.000705502506841006,-0.000393566682422731
9.7794398082377,-8.34765700251883e-05,-1.45694099521063e-06,0.999999999998939,-0.000277816745665205,1.17895406191412e-05,0.00569120796447875,-0.00441534834325759
9.78278773638187,-2.1978570425822e-05,-3.83598418812037e-07,0.999999999999926,0.000320599048181522,-9.98086914307947e-06,-0.00650265143837404,-0.00118391832568097
9.78533327297855,1.25440417047126e-05,2.18934829254716e-07,0.999999999999976,0.000236701860366344,-2.21814390285465e-05,-0.00479292652925876,0.000744382826310092
9.78787880957524,5.16980423657431e-06,9.02301056117735e-08,0.999999999999996,-5.05609402003412e-05,-1.94823830227241e-05,0.00106030925241212,0.000369193605938199
9.7913368259494,8.82272915982841e-06,1.53985672850718e-07,0.999999999999988,1.84370345135847e-05,-2.06780150196524e-05,-0.000345756603659346,0.000572859384732648
9.79608784759382,1.36792528321028e-05,2.38748001132952e-07,0.999999999999971,1.78408634239297e-05,-2.22629772832775e-05,-0.000333604513354845,0.000955324184609298
9.79834601306182,-7.05730368561616e-06,-1.23173185627132e-07,0.999999999999992,-0.000160272217377082,-1.48218136664021e-05,0.00329522513843009,-0.000262967932069915
9.80060417852982,-3.80394305646533e-06,-6.63913308936966e-08,0.999999999999998,2.51451257838184e-05,-1.59120550415318e-05,-0.000482799595769722,-0.000105792534753852
9.80425955981861,-1.07936701894511e-05,-1.8838508318028e-07,0.999999999999982,-3.33737420664521e-05,-1.33183268415403e-05,0.000709564336816605,-0.000482453174640391
9.80917475654721,-9.26646294025137e-05,-1.61730288321351e-06,0.999999999998692,-0.000290714264134935,1.59421351313677e-05,0.00595306019037638,-0.0049599820560018
9.81167818196985,-4.6769017237557e-06,-8.16273338717352e-08,0.999999999999997,0.000613429717318945,-1.52760664087223e-05,-0.0124701943415995,-0.000182159658742191
9.8141816073925,1.99410507264917e-06,3.48036991484488e-08,0.999999999999999,4.65086884422331e-05,-1.75753079469321e-05,-0.000918438199680826,0.000197166267946584
9.81763620527695,1.00563702309392e-05,1.75516771329431e-07,0.999999999999985,4.07321132263348e-05,-2.03419689277916e-05,-0.000800863392324426,0.000633783062454074
9.82200470011949,5.52302500321627e-05,9.63949709760793e-07,0.999999999999535,0.000180481599921681,-3.62805953740633e-05,-0.00364853960477581,0.00311059525273226
9.82479834565495,-5.19491021455917e-06,-9.06682875895425e-08,0.999999999999996,-0.000377506016409996,-1.47105176161625e-05,0.00772112191191143,-0.000151820104605523
9.8275919911904,-1.39130741641745e-05,-2.42828953239e-07,0.99999999999997,-5.44667044256132e-05,-1.15296825454498e-05,0.00113859651496436,-0.000641668125962713
9.8308739330151,-1.88337192029924e-05,-3.28710410488294e-07,0.999999999999946,-2.61678792119244e-05,-9.68557935062793e-06,0.000561893931496118,-0.000917151586800802
9.83484007904067,-2.58746235605189e-05,-4.51597373845138e-07,0.999999999999898,-3.09839735008835e-05,-7.06844764558723e-06,0.000659867712426312,-0.00134479241691527
9.8372513108197,3.88718567849861e-07,6.78441887261705e-09,1,0.000190102750263657,-1.63397728120725e-05,-0.00384505763697007,0.000105927014383899
9.83966254259874,-1.25370162093016e-07,-2.18812211228212e-09,1,-3.72114413177167e-06,-1.60883712057655e-05,0.000104262729320673,8.7947082901598e-05
9.84374442824421,1.05438021778719e-05,1.84024063682813e-07,0.999999999999983,4.56191579010706e-05,-1.97671443848034e-05,-0.000901243566956573,0.000662266849359985
9.84901610693725,0.000156458775301848,2.73072077265184e-06,0.999999999996272,0.000483090274893787,-7.1510473403585e-05,-0.00981534194925352,0.00869569857966862
9.85106199310809,2.00335453982758e-05,3.49651328047664e-07,0.999999999999939,-0.0011638328068034,-2.29359715257932e-05,0.0237425241785944,0.00120306817085546
9.85310787927893,1.17770262261094e-06,2.05547883739331e-08,1,-0.000160857697932829,-1.61729818270249e-05,0.00330565297090577,0.000164773502873774
9.85664231150191,-7.35136108044439e-06,-1.28305455356722e-07,0.999999999999992,-4.21171589492949e-05,-1.30410521876646e-05,0.000886119591995427,-0.000288051073894169
9.86036232677498,-3.29335172545846e-05,-5.74798310354833e-07,0.999999999999835,-0.000120024468240946,-3.83967306105565e-06,0.0024734788572578,-0.0016641761792062
9.86408234204804,-5.91883942202246e-05,-1.03303235811112e-06,0.999999999999466,-0.000123180689895007,5.6002600192381e-06,0.00253760600087786,-0.00312402148819576
9.86709333331007,3.51976019433682e-06,6.1431404271813e-08,0.999999999999998,0.000363489517949106,-1.66181391520822e-05,-0.00737909785774799,0.000239822783172355
9.8701043245721,2.83414697643796e-05,4.94651962242826e-07,0.999999999999878,0.000143879712782497,-2.53627914664919e-05,-0.00290424367041276,0.0015988979490265
9.87309593198924,2.04443330065754e-05,3.56820924338884e-07,0.999999999999936,-4.60725685843976e-05,-2.24722001863603e-05,0.000966233491589378,0.00119835114507379
9.87652206610113,1.00995168370182e-05,1.76269821666569e-07,0.999999999999984,-5.26982005887628e-05,-1.86995608534426e-05,0.00110113591870978,0.000666347122819336
9.87937749791403,-9.94280017590277e-06,-1.73534599937374e-07,0.999999999999985,-0.000122504911524772,-1.14941766704281e-05,0.00252339563861084,-0.000423342391550705
9.88223292972692,-9.78641962729211e-06,-1.70805244478043e-07,0.999999999999985,9.55846834445008e-07,-1.14724600870373e-05,7.60535877366931e-06,-0.000426012040777598
9.88604734213374,-2.04736795493188e-05,-3.57333118133834e-07,0.999999999999936,-4.89008145324633e-05,-7.56875219066018e-06,0.00102341002493767,-0.00101411521652517
9.88975315959053,3.60220151504044e-06,6.28702767577836e-08,0.999999999999998,0.000113390203319611,-1.6031655997709e-05,-0.00228368070087361,0.000237701628599125
9.89256092509181,1.95290423655034e-05,3.4084608903949e-07,0.999999999999942,9.90025029351934e-05,-2.16204488600377e-05,-0.00199047707502027,0.00112969427552937
9.89536869059309,9.7555502056018e-06,1.7026647143136e-07,0.999999999999985,-6.07528005919405e-05,-1.80695788217199e-05,0.00126466046993606,0.000621487086462471
9.8989948566689,9.62589798772206e-06,1.68003613346846e-07,0.999999999999986,-6.24035975519447e-07,-1.79269356163805e-05,3.93371959135967e-05,0.000632288606693722
9.90210962354622,-1.08501430039305e-05,-1.89370719730814e-07,0.999999999999982,-0.000114735499365866,-1.05623710765704e-05,0.00236440312545789,-0.000468354757506469
9.90522439042354,-1.88998941661244e-05,-3.29865381477332e-07,0.999999999999946,-4.51059958192987e-05,-7.61743117712573e-06,0.000945476825533025,-0.000912703879414549
9.90881517252633,-2.90117190533009e-05,-5.06350019143651e-07,0.999999999999872,-4.9149358723116e-05,-3.92700574676548e-06,0.00102774975610405,-0.00147792855997954
9.91305077891761,1.72725238462919e-05,3.01462411247024e-07,0.999999999999955,0.000190719428522396,-2.02775176413468e-05,-0.0038602529092985,0.000843333513011978
9.91526159401629,9.36126279015348e-06,1.63384857832608e-07,0.999999999999987,-6.24554959376136e-05,-1.74054958076794e-05,0.00129907826094654,0.000572266359814141
9.91747240911497,1.08770266554265e-06,1.89839927964379e-08,1,-6.53156680187287e-05,-1.44054949026154e-05,0.00135696599270344,0.000151565521237364
9.92092066219661,6.31216721320744e-06,1.10168100806904e-07,0.999999999999994,2.6443566017799e-05,-1.61741525478158e-05,-0.000512914105584861,0.000434889840809994
9.9256465700087,5.77220529330713e-05,1.00743987469237e-06,0.999999999999493,0.000189862309965088,-3.43352878426756e-05,-0.00384288818507963,0.00325549634608265
9.92825955397695,-3.411246207281e-06,-5.95374779132223e-08,0.999999999999998,-0.00040833673898107,-1.25270736789391e-05,0.00834609566254891,-6.24506881136123e-05
9.93087253794521,-7.43805413848366e-06,-1.2981853465813e-07,0.999999999999992,-2.68968572325104e-05,-1.10282254707835e-05,0.00057361553930944,-0.000297069534624518
9.93437117946333,-1.56358576127967e-05,-2.7289719671632e-07,0.999999999999963,-4.08954908117663e-05,-8.02361117859695e-06,0.000858794556864382,-0.000743013973277931
9.93875216992489,-4.9410693269327e-05,-8.6237928324265e-07,0.999999999999628,-0.000134554524073842,4.09876673418064e-06,0.00276704047159185,-0.00262859886216153
9.94117937626614,-5.88589822639063e-07,-1.02728303487811e-08,1,0.000351064694587533,-1.32026091854345e-05,-0.00712810263616153,4.75079556718666e-05
9.9436065826074,5.57796287852026e-07,9.7353817784199e-09,1,8.2433091027799e-06,-1.35490839552737e-05,-0.000142746318658627,0.000123503608839795
9.94736169256767,9.62584478331414e-06,1.68002684754751e-07,0.999999999999986,4.21471820135115e-05,-1.66797818429605e-05,-0.000833716700924537,0.000612130404061153
9.95221260692488,9.58165552343921e-05,1.67231436675837e-06,0.999999999998602,0.000310108893134465,-4.72108428623593e-05,-0.00629387756022152,0.00534077709173426
9.95460307764287,2.84719709724776e-06,4.96929638001985e-08,0.999999999999999,-0.000678787399798265,-1.4088394123577e-05,0.0138560361729175,0.000274670223589444
9.95699354836086,-3.78765677489957e-06,-6.61070816574672e-08,0.999999999999998,-4.84423609903033e-05,-1.16696712338127e-05,0.00101181866465075,-0.000102061536270412
9.96052183981326,-1.20878907067844e-05,-2.1097349245461e-07,0.999999999999978,-4.10585159280722e-05,-8.63070106227786e-06,0.000861314948760773,-0.000549095205234475
9.96505600727372,-7.93645645525013e-05,-1.38517296085228e-06,0.999999999999041,-0.000258966939054736,1.54065567263547e-05,0.00530136083376357,-0.00420866865542569
9.96800543506224,-4.06536080001705e-06,-7.09539312418083e-08,0.999999999999997,0.000445584406143763,-1.13006413290905e-05,-0.00905504388322742,-0.000170708815407661
9.97095486285076,2.32796022890062e-05,4.06305708497956e-07,0.999999999999918,0.000161814315847179,-2.0953573046724e-05,-0.00327281507118442,0.00132433182283491
9.97393862692468,1.9426129666245e-05,3.39049923595316e-07,0.999999999999942,-2.25405840530356e-05,-1.95106115169545e-05,0.000483604431858862,0.00113960999287742
9.97733281964781,1.28920352530122e-05,2.25008462448241e-07,0.999999999999975,-3.35989940612723e-05,-1.71047004961859e-05,0.000708831588842055,0.000809542163501999
9.98048953328575,-1.27674902485141e-05,-2.22834742052838e-07,0.999999999999975,-0.00014187007624574,-7.90322110060411e-06,0.002914892020923,-0.00056716195833364
9.98364624692369,-2.58404789281329e-05,-4.51001437588119e-07,0.999999999999898,-7.22798206314024e-05,-3.17838878771847e-06,0.00149675670801833,-0.00128410474798212
9.98704169558055,-2.94908793428481e-05,-5.14712943841059e-07,0.999999999999868,-1.87637960963579e-05,-1.79925646272685e-06,0.000406170867053418,-0.00150401548429975
9.99098829380023,5.4442201973437e-06,9.50195676472229e-08,0.999999999999995,0.000154495714422604,-1.41302955956801e-05,-0.00312447288691976,0.000274124396689624
9.9934026417143,1.2724803633935e-05,2.22089720081903e-07,0.999999999999975,5.26312515667242e-05,-1.66619148981354e-05,-0.00104857269646537,0.000758622627961619
9.99581698962836,2.89597482825024e-06,5.05442958078439e-08,0.999999999999999,-7.1052487205676e-05,-1.31093703268818e-05,0.00147143025682418,0.000248497120402661
9.99941069163468,7.80222507696004e-06,1.3617451657462e-07,0.999999999999991,2.38278579070222e-05,-1.47697639329211e-05,-0.000462028738921373,0.000517510506293941
10,3.68172184424144e-06,6.4258168324611e-08,0.999999999999998,-0.000122035172894398,-1.32905594960757e-05,0.00251006862263139,0.000294339412968545
10.0029465418266,-7.13804624448004e-07,-1.24582409125793e-08,1,-2.60360835690698e-05,-1.16584605971775e-05,0.000553903183780684,5.9548022875958e-05
10.0073893628089,-1.81731625026548e-05,-3.17181521171293e-07,0.99999999999995,-6.85877917371268e-05,-5.34579874833311e-06,0.00142086792918427,-0.00086025841684843
10.0106182467692,-3.05492352449866e-05,-5.33184738991287e-07,0.999999999999858,-6.68971757651198e-05,-8.69755568249423e-07,0.00138625086409513,-0.00154211428945339
10.0138471307296,-2.04125043195815e-05,-3.56265408954255e-07,0.999999999999936,5.47927185399511e-05,-4.40046370900516e-06,-0.00109347631693286,-0.00101921376707399
10.0181787116232,5.3831346065589e-05,9.39534229624885e-07,0.999999999999559,0.000299151665503707,-3.07059227965593e-05,-0.00607294651394515,0.00281322320137984
10.0204122840002,1.54514246317467e-05,2.69678233947728e-07,0.999999999999964,-0.000299903420441635,-1.70047487861646e-05,0.0061341974637829,0.000899421069621539
10.0226458563772,2.0666159924473e-06,3.60692534425756e-08,0.999999999999999,-0.000104589841326331,-1.21936325284542e-05,0.0021540006078035,0.000202235735884843
10.0261309640034,6.68715573820274e-06,1.16712885225269e-07,0.999999999999993,2.31394953706511e-05,-1.37578117551846e-05,-0.000448818055135789,0.000454161155795066
10.0309764064073,4.64825097514057e-05,8.11272839752312e-07,0.999999999999671,0.000143342938917653,-2.78007890797991e-05,-0.00289818269501972,0.0026794891715702
10.0330318157488,4.4785903849528e-06,7.81661480655866e-08,0.999999999999997,-0.000356671869142136,-1.28168663032977e-05,0.00728999449108739,0.00034831203192537
10.0350872250903,-9.72838409776261e-07,-1.69792333404615e-08,1,-4.62902349837424e-05,-1.08321788287268e-05,0.000965592319979273,4.38772681e-05
10.0391948594388,-9.67974946070403e-06,-1.6894349885743e-07,0.999999999999986,-3.69955679169862e-05,-7.64404903963013e-06,0.00077614741689073,-0.000416338098209185
10.0428176084925,-3.01023116610165e-05,-5.25384450946197e-07,0.999999999999862,-9.83896336196785e-05,-3.00698928395695e-07,0.00202701042837918,-0.00152039819956428
10.0464403575462,-3.69395466318687e-05,-6.44716712920045e-07,0.999999999999792,-3.29396986115436e-05,2.21060840529973e-06,0.000693204882942727,-0.00192923656049852
10.0493809119559,7.36870809462347e-06,1.28608217869537e-07,0.999999999999992,0.000262986098210709,-1.34824370298528e-05,-0.00533676417727809,0.000459132308715722
10.0523214663656,1.67583584944006e-05,2.92488532956845e-07,0.999999999999957,5.57310942947966e-05,-1.67572901554087e-05,-0.00111368560796776,0.000983886718445914
10.0555807239121,1.8313382535922e-05,3.19628822429062e-07,0.999999999999949,8.32713864589005e-06,-1.72392037375355e-05,-0.000147859926763702,0.00108330902314141
10.059485093251,9.84538759589701e-06,1.71834429683411e-07,0.999999999999985,-3.78535891248937e-05,-1.41426751089658e-05,0.000793093163020505,0.000686841370935795
10.062084787742,-1.35334489683355e-05,-2.36203243648082e-07,0.999999999999972,-0.000156956009539971,-5.77241169956966e-06,0.00321971040764645,-0.000616779691658402
10.064684482233,-7.66558939468083e-06,-1.33789774043139e-07,0.999999999999991,3.93944249830974e-05,-7.80340735471376e-06,-0.000781243973924581,-0.000316744570706948
10.068363775231,-1.36845866690694e-05,-2.38841094149782e-07,0.999999999999971,-2.85520397974154e-05,-5.58406747547245e-06,0.00060319737526155,-0.000648614300157944
10.0734182246872,2.60162091559955e-06,4.54068508659616e-08,0.999999999999999,5.62371723137103e-05,-1.12697058850106e-05,-0.00112487788410549,-4.0371070153196e-08
10.0754607331775,6.55154205115262e-07,1.14345979875476e-08,1,-1.66326128090636e-05,-1.05331147922611e-05,0.000360630614877238,9.26383387664761e-05
10.0775032416678,-1.10893221468641e-06,-1.93545183277105e-08,1,-1.50741680935239e-05,-9.86243145694425e-06,0.000328362569116059,2.73574558236606e-05
10.0808608520387,5.23968229874558e-06,9.14497078715755e-08,0.999999999999996,3.30009184985085e-05,-1.20495794384572e-05,-0.000651400174504815,0.000369044995324383
10.0854067080838,6.77139249750093e-05,1.18183094026206e-06,0.999999999999302,0.000239862684070983,-3.41725460719296e-05,-0.00486662279089541,0.00374614717961215
10.089747020344,0.000110222347208441,1.92374286806249e-06,0.99999999999815,0.000170935150130799,-4.9197678655595e-05,-0.00346176304448322,0.0064316249913836
10.0916150723722,2.46468278364006e-05,4.30168295917367e-07,0.999999999999908,-0.000799535853135981,-1.87270422907267e-05,0.0163114495224513,0.0014796342070964
10.0934831244005,3.82150899132026e-06,6.66979142931059e-08,0.999999999999998,-0.000194571872795087,-1.12824887564936e-05,0.00398519603387206,0.000306313500059431
10.0965278949757,-6.05279380514842e-06,-1.05641180844156e-07,0.999999999999994,-5.66016686259179e-05,-7.7081608182896e-06,0.00117392356828522,-0.000226177418172295
10.1006711473949,-5.06129013840817e-05,-8.83361773139306e-07,0.99999999999961,-0.000187707750726878,8.22396667791925e-06,0.00384531905961392,-0.00261551722152352
10.1046701183118,-0.000143953139968482,-2.51245626103162e-06,0.999999999996844,-0.000407378428539375,4.15000661566096e-05,0.00832116566244487,-0.00774703929270522
10.1072238069521,-7.31794059725881e-06,-1.27722157887526e-07,0.999999999999992,0.000933839022277737,-7.04052514538659e-06,-0.0190080303973622,-0.000345354379028352
10.1097774955925,5.32644208069486e-06,9.29639517249027e-08,0.999999999999996,8.64185657255506e-05,-1.14856171673398e-05,-0.00174065543921142,0.000366260160664872
10.1129146428726,9.67248023898579e-06,1.68816627004389e-07,0.999999999999986,2.41788696887392e-05,-1.29681172150675e-05,-0.000472563101241739,0.000607485612000635
10.1168810917378,2.77996710133074e-05,4.85195790153423e-07,0.999999999999882,7.97638325628166e-05,-1.9335348772048e-05,-0.00160527256834677,0.00160786531030493
10.1200547160848,-9.22488867019558e-06,-1.61004680424833e-07,0.999999999999987,-0.000203615929269769,-6.10479319533821e-06,0.00416891040963853,-0.000370389159392771
10.1232283404319,-3.58671282896339e-05,-6.25999481889273e-07,0.999999999999804,-0.000146518538621727,3.43297600022011e-06,0.00300532393016717,-0.00181798590299174
10.1263527033627,-3.11753501832822e-05,-5.44112506160464e-07,0.999999999999852,2.62091752918778e-05,1.82585987797318e-06,-0.00051438202214063,-0.00159304350098211
10.129790507871,-1.20811261351268e-05,-2.10855428406699e-07,0.999999999999978,9.69389262678736e-05,-4.89748736901409e-06,-0.00195570959045174,-0.000600097882957364
10.132647503542,1.27578314431871e-05,2.22666164098073e-07,0.999999999999975,0.000151740374304186,-1.36752342842148e-05,-0.00307236969389316,0.000756152309389965
10.135504499213,1.00350901608965e-05,1.7514536404213e-07,0.999999999999985,-1.66331368780526e-05,-1.26512591760476e-05,0.000358409751389127,0.000625711031549325
10.1390849622558,1.39956063416786e-05,2.44269411475288e-07,0.99999999999997,1.93058960827734e-05,-1.39903620662365e-05,-0.000374002712545524,0.000853689407594735
10.142666958534,-1.18601510962634e-05,-2.06998686413809e-07,0.999999999999979,-0.000125982291116962,-4.72593161471239e-06,0.00258638751473095,-0.000507865548546871
10.1462489548121,-8.9707334057076e-05,-1.56568834248178e-06,0.999999999998774,-0.000379310739201657,2.30281279637666e-05,0.00774821005484131,-0.00468701530362719
10.1492192735714,-5.46116601338104e-05,-9.53153279314975e-07,0.999999999999546,0.000206218629308461,1.0603075256762e-05,-0.0041830704761207,-0.00286132042076229
10.1521425671843,-9.67177377788357e-06,-1.68804296932118e-07,0.999999999999986,0.000268310025011592,-5.32382250352275e-06,-0.00544827166529348,-0.000457608447060469
10.1553399515813,1.82378761377818e-05,3.18310987175194e-07,0.999999999999949,0.000152348051914974,-1.51891241667999e-05,-0.00308542872496423,0.00104372441837374
10.1585373359783,2.97217897669474e-05,5.18743091018768e-07,0.999999999999865,6.26862707002714e-05,-1.92129972731423e-05,-0.00125848900435911,0.00168067902939025
10.1618732394069,2.21053513577073e-05,3.85811163502182e-07,0.999999999999926,-3.98488536504524e-05,-1.64417160948157e-05,0.000830743826276054,0.00129935638961163
10.1651079005766,-1.34952489396816e-05,-2.35536527373715e-07,0.999999999999972,-0.000192090502920612,-3.72048695147028e-06,0.00393278568472478,-0.000602060651245223
10.1683425617464,-4.30128934186542e-05,-7.50716610964845e-07,0.999999999999718,-0.000159268639450822,6.83696366248814e-06,0.00326385054257779,-0.00220511988651491
10.1714418874276,-3.22365492813732e-05,-5.62633924441344e-07,0.999999999999842,6.0685034703324e-05,3.06148711142713e-06,-0.00121816063858725,-0.00165653902887708
10.1748773355882,-7.32457668298673e-06,-1.27837979432923e-07,0.999999999999992,0.000126561637576648,-5.73528939632033e-06,-0.00256059067016981,-0.00035246963802747
10.1777255701991,1.58725872665312e-05,2.77028908611093e-07,0.999999999999962,0.000142146607760263,-1.39329044290005e-05,-0.00287813897118039,0.000920559575221747
10.18057380481,1.07375725522618e-05,1.87405994708739e-07,0.999999999999982,-3.14661276706456e-05,-1.20547986513032e-05,0.000659392934315718,0.000661552213699751
10.1841390244649,1.256141350799e-05,2.19238024418916e-07,0.999999999999976,8.92849046930687e-06,-1.26388046532262e-05,-0.000163806457510331,0.000775602756486715
10.187572205968,-1.28345392812745e-05,-2.24004968434785e-07,0.999999999999975,-0.000129105610191934,-3.54513585484133e-06,0.002648758532064,-0.000572358417181885
10.1910053874711,-5.56622724859642e-05,-9.71489924022172e-07,0.999999999999528,-0.000217723692999862,1.17474730480249e-05,0.00445435491516682,-0.00288232192994253
10.1941518911165,-4.38575690228943e-05,-7.65458981370104e-07,0.999999999999707,6.5479327491552e-05,7.60511945882639e-06,-0.00131649413316952,-0.00228884931350403
10.1974443416558,-5.75951173599688e-06,-1.005224431004e-07,0.999999999999995,0.000201957942975777,-5.88578967749167e-06,-0.00409752826207077,-0.000273946289870837
10.2002913069388,1.79463299224344e-05,3.13222545795654e-07,0.999999999999951,0.000145328427911524,-1.42660775072121e-05,-0.00294358623892676,0.00102949580618434
10.2031382722218,1.16819387087224e-05,2.0388829348338e-07,0.999999999999979,-3.84037884007266e-05,-1.1988096293566e-05,0.000800143657266965,0.000711055529181459
10.2066629631197,1.19547020854015e-05,2.08648912485287e-07,0.999999999999978,1.35064864970173e-06,-1.20233813415519e-05,-1.00108205251899e-05,0.000741944585675124
10.2100609638451,-1.30504370792662e-05,-2.27773095857546e-07,0.999999999999974,-0.000128434936781303,-3.07142996269035e-06,0.00263447600587134,-0.000587641792668588
10.2134589645704,-4.93427799909003e-05,-8.61193972928282e-07,0.999999999999629,-0.000186409871059121,9.89423386002405e-06,0.00381567423632265,-0.00254817601478209
10.2166548308224,-4.15029558222187e-05,-7.24363228407403e-07,0.999999999999738,4.28149158107891e-05,7.16089437904877e-06,-0.000855273426816503,-0.00216453098177669
10.220056682982,-3.61463437701117e-06,-6.30872711346189e-08,0.999999999999998,0.000194387035721572,-6.2556081179215e-06,-0.00394388170544213,-0.000170212257707553
10.2228090957745,1.74875921357539e-05,3.05216061014768e-07,0.999999999999953,0.000133811081374422,-1.37132352194872e-05,-0.00270948715322219,0.00100387523416097
10.225561508567,8.99707715369484e-06,1.57028619387934e-07,0.999999999999988,-5.38391051052264e-05,-1.06468868719463e-05,0.00111405831128535,0.000565204732915201
10.2291241449074,1.05710178459715e-05,1.84499066699281e-07,0.999999999999983,7.71070765762107e-06,-1.11464141850387e-05,-0.000140212827064576,0.00066336778700646
10.2326498068969,-1.2871582278303e-05,-2.24651490697738e-07,0.999999999999975,-0.0001160492862356,-2.75003523647596e-06,0.00238150423194661,-0.000577147079979739
10.2361754688865,-6.62644804476706e-05,-1.156533360935e-06,0.999999999999331,-0.000264314013367019,1.62973466774713e-05,0.00540249801890296,-0.00345080916828923
10.2393019589502,-5.00100042088296e-05,-8.72839232380188e-07,0.999999999999619,9.07388550034017e-05,1.05683025934274e-05,-0.00183242037153917,-0.00262520240476362
10.2424859826403,-5.91234494829991e-06,-1.03189885861487e-07,0.999999999999995,0.000241722242484662,-5.06202207597446e-06,-0.00490898504226665,-0.000281575907294875
10.2453895311305,1.91008083384598e-05,3.33371995298505e-07,0.999999999999944,0.000150354603217608,-1.39097579654829e-05,-0.00304721478546516,0.0010876292381716
10.2482930796207,1.41096659806256e-05,2.4626012771855e-07,0.99999999999997,-3.00018642276496e-05,-1.20870816656942e-05,0.000627740954204901,0.000838493449082033
10.2517790600768,1.27926139894677e-05,2.23273234052897e-07,0.999999999999975,-6.59409711406831e-06,-1.15618130564652e-05,0.000150680308118488,0.000785727215852491
10.2550993885985,-1.30356791344888e-05,-2.27515521130353e-07,0.999999999999974,-0.000135766311144556,-2.32244994881434e-06,0.00278266534386141,-0.000591612875314894
10.2584197171203,-4.07879337744636e-05,-7.11883739449727e-07,0.999999999999747,-0.000145879606535787,7.60073290943642e-06,0.00298861476908386,-0.00209561044064623
10.2616636279096,-3.69272687398881e-05,-6.44502423279781e-07,0.999999999999792,2.07716304625878e-05,6.27954646364605e-06,-0.000407281991270618,-0.00192069064939997
10.2652142038508,-1.65483054967912e-06,-2.88822416544883e-08,1,0.000173386006052652,-6.20837264958895e-06,-0.0035171530816872,-7.93632385928426e-05
10.2678709122774,1.63917279742639e-05,2.86089623242161e-07,0.999999999999959,0.000118557182164284,-1.25839931908542e-05,-0.00239981944472771,0.00094211363216826
10.2705276207041,6.79587425744996e-06,1.18610381344026e-07,0.999999999999993,-6.30401289872946e-05,-9.12929530393752e-06,0.00130036772280007,0.000443468742994781
10.2741235995566,9.7119061287435e-06,1.69504738591189e-07,0.999999999999986,1.41531302976246e-05,-1.01097864454483e-05,-0.000272663211249063,0.000611104748104403
10.2778559739404,-1.19755767405707e-05,-2.09013243948208e-07,0.999999999999978,-0.000101414794879271,-2.3384409970416e-06,0.00208214521090577,-0.000525392149610541
10.2808356309942,-2.68611497832852e-05,-4.68815504589672e-07,0.99999999999989,-8.71920009407703e-05,3.00158130619688e-06,0.00179216003947799,-0.001350060133846
10.283815288048,-1.76589712543125e-05,-3.0820719090278e-07,0.999999999999952,5.39016104151951e-05,-2.25103515227853e-07,-0.00108290476491842,-0.000873787483259538
10.287510615585,-1.05050845582179e-05,-1.83348313741315e-07,0.999999999999983,3.37883112961327e-05,-2.71265894516792e-06,-0.000673162366537265,-0.000520691591843145
10.290377818776,1.13871200783114e-05,1.98742737686487e-07,0.99999999999998,0.000133262634692722,-1.04544145839305e-05,-0.002700107081057,0.000673979616195566
10.293245021967,9.14732260976471e-06,1.59650897282514e-07,0.999999999999987,-1.36341367528867e-05,-9.61414469125362e-06,0.00029306255493985,0.000567615259097953
10.2969114118996,1.48857389801902e-05,2.59805156796779e-07,0.999999999999966,2.73168597324957e-05,-1.15993581563771e-05,-0.000541462719896739,0.000891638796833658
10.3,-5.05514240500807e-06,-8.82288791245754e-08,0.999999999999996,-0.000112683862207668,-4.46111621727567e-06,0.00231116669075566,-0.00017704350323767
10.3038965384794,-6.27687241078716e-05,-1.09552090295808e-06,0.9999999999994,-0.000258509451186847,1.61224260437894e-05,0.0052825199519971,-0.00326248411282513
10.3073918651283,-0.000104237199229244,-1.8192823296066e-06,0.999999999998345,-0.000207065461788496,3.09218164390461e-05,0.00423405074316975,-0.00555690199866433
10.3104333510573,-1.66279209482322e-05,-2.90211968307985e-07,0.999999999999958,0.000502737936966092,-1.90562237879366e-07,-0.0102293350692189,-0.000883681499177673
10.3131653942651,1.61335256487929e-05,2.81583142526386e-07,0.99999999999996,0.000209292118515736,-1.18013155358015e-05,-0.00424984248595572,0.000919929421681285
10.3158974374729,9.78873726061588e-06,1.70845694810397e-07,0.999999999999985,-4.0532831765011e-05,-9.5047163930299e-06,0.000840615966916382,0.000599413720218473
10.319328760354,1.12230475047888e-05,1.95879131066298e-07,0.999999999999981,7.29556416676384e-06,-9.96472038686705e-06,-0.000134060247250931,0.000687871655054884
10.3240819680242,-3.10432232629395e-05,-5.41806456369966e-07,0.999999999999853,-0.000155197424270636,5.13656841788819e-06,0.00317707322141145,-0.00140663535314965
10.3262413342733,-1.17785900294256e-05,-2.0557517725605e-07,0.999999999999979,0.000155708314538404,-1.68444911695166e-06,-0.00315880529195767,-0.000529379364934831
10.3284007005223,-3.81763039222109e-06,-6.66302199684604e-08,0.999999999999998,6.43452482168675e-05,-4.48482665535007e-06,-0.00129685158300652,-0.000125471288852293
10.3318662426623,-9.42416686380355e-06,-1.64482741030719e-07,0.999999999999986,-2.8235847988387e-05,-2.44146929309259e-06,0.000589621271279707,-0.000429012506740846
10.3365970133597,-6.77505715541923e-05,-1.18247054372839e-06,0.999999999999301,-0.000215184346870575,1.83683873447816e-05,0.00439883012077693,-0.00361649853987493
10.3393111852725,-3.73094339228181e-07,-6.51172464008441e-09,1,0.000433266151464181,-5.55524691248943e-06,-0.00881434007333521,2.53711604558145e-05
10.3420253571853,7.53680667972409e-06,1.31542091647487e-07,0.999999999999991,5.08640648864027e-05,-8.33013387339519e-06,-0.00102236963980727,0.000471212825702834
10.3453625740072,1.41931263625172e-05,2.47716786177528e-07,0.999999999999969,3.481185093185e-05,-1.06507731562991e-05,-0.000695381632892131,0.000837131848392463
10.3494353677881,3.06443756249802e-05,5.34845251873774e-07,0.999999999999857,7.04991416554663e-05,-1.64447259633903e-05,-0.0014225991097807,0.0017716000749561
10.3519983139619,-5.53235468040088e-06,-9.65578045611137e-08,0.999999999999995,-0.000246358297688134,-3.54377325197898e-06,0.00503364169075103,-0.000207221669084339
10.3545612601357,-5.22326497540278e-06,-9.1163171524879e-08,0.999999999999996,2.10485615790802e-06,-3.61859882909964e-06,-2.91951418592441e-05,-0.000203875818252894
10.3583385690085,-1.47953469443385e-05,-2.58227518153586e-07,0.999999999999967,-4.42284049976739e-05,-1.62875122959629e-07,0.000914863947451953,-0.000722970461321564
10.3631899815404,-6.89187350471542e-05,-1.20285884288216e-06,0.999999999999277,-0.000194712636476949,1.91503729278078e-05,0.00398095357252484,-0.00377764359527618
10.3652132749781,-1.08555604358774e-05,-1.8946527175529e-07,0.999999999999982,0.000500863370700042,-1.47116063303982e-06,-0.0101920626916965,-0.000532784940065812
10.3672365684158,-2.68623651094076e-06,-4.68836716032009e-08,0.999999999999999,7.04700551559162e-05,-4.3492267536998e-06,-0.00142246599876098,-7.50214817202769e-05
10.3709551349922,5.38087392092091e-06,9.39139665547668e-08,0.999999999999996,3.78634173322929e-05,-7.16857365143845e-06,-0.000758181100124817,0.000352928457664099
10.3747409703457,3.12229524908048e-05,5.44943323158281e-07,0.999999999999852,0.000119136020056937,-1.63087510299842e-05,-0.00241430926734902,0.00174570361459869
10.3785268056991,5.28028252512638e-05,9.21583154989625e-07,0.999999999999575,9.94865853017084e-05,-2.39331425978327e-05,-0.00201392581979443,0.0029665423502325
10.3812591067688,-7.38270164620281e-06,-1.28852451418644e-07,0.999999999999992,-0.0003844509004033,-2.4932345446861e-06,0.0078468322144742,-0.000295325476768159
10.3839914078385,-1.18978522050151e-05,-2.0765669489318e-07,0.999999999999978,-2.88417130708035e-05,-8.51965596457785e-07,0.000600691104814882,-0.000560284858142898
10.3873066369102,-1.63172538034183e-05,-2.84789803753213e-07,0.999999999999959,-2.32662984041556e-05,7.62692410157683e-07,0.000487042666343751,-0.000807805686689673
10.3914431020422,-2.52342323005555e-05,-4.40420437857783e-07,0.999999999999903,-3.76240652679902e-05,3.98688870583914e-06,0.00077945690167924,-0.00134670907957285
10.3939164176242,3.70821485223233e-06,6.47205585428092e-08,0.999999999999998,0.00020423637002536,-6.27419818051764e-06,-0.00414871719602487,0.000254948823370125
10.3963897332062,1.65723197272984e-06,2.89241543934567e-08,1,-1.44730435571824e-05,-5.5131714724532e-06,0.000307694947460109,0.000157020726044127
10.4002411488721,1.06499318967427e-05,1.85876376711324e-07,0.999999999999983,4.075182632375e-05,-8.66244136309223e-06,-0.000817691509776897,0.000643442383280897
10.4053055327617,8.10082442846953e-05,1.41386058402734e-06,0.999999999999,0.000242474550523742,-3.36198570692856e-05,-0.00492802604425821,0.00459328177086765
10.4072324018079,1.35661016311143e-05,2.36773140123116e-07,0.999999999999972,-0.000610880872390292,-9.61157109885194e-06,0.0124597392947823,0.000823985569508516
10.4091592708541,1.32432346899902e-06,2.31138048954659e-08,1,-0.000110884201317473,-5.23403218628006e-06,0.00227184038338182,0.000144380384300348
10.4128213180334,-6.85823700732778e-06,-1.19698816659992e-07,0.999999999999993,-3.8998028851654e-05,-2.27854766369238e-06,0.000807058013690567,-0.000288775518638781
10.4164765507724,-3.0342584893609e-05,-5.29578009959346e-07,0.99999999999986,-0.000112134909749339,6.11840389629414e-06,0.00229724128655859,-0.00155305561787908
10.4201317835114,-5.04835312967074e-05,-8.81103839161033e-07,0.999999999999612,-9.61705736141414e-05,1.33258045968231e-05,0.00197180349794146,-0.00267695045501823
10.4240089764303,2.93043962690526e-05,5.11458200204088e-07,0.999999999999869,0.000359167590703585,-1.50035637014119e-05,-0.00730666977140167,0.00144773968260083
10.4262355858242,1.3049978208031e-05,2.27765087043648e-07,0.999999999999974,-0.000127410363906002,-9.19504178991784e-06,0.00260868472362548,0.000739609921492856
10.4284621952182,2.30779617273278e-06,4.02786416791108e-08,0.999999999999999,-8.42026652153081e-05,-5.34775811417104e-06,0.00172786645299799,0.00018778797718156
10.4318570004671,6.78353803209848e-06,1.18395073594375e-07,0.999999999999993,2.30105782772233e-05,-6.8988062145018e-06,-0.000456888683332519,0.000431424576247709
10.4365442714962,4.83243246793223e-05,8.43418574456828e-07,0.999999999999644,0.000154679235819204,-2.16162086920968e-05,-0.00313986590196008,0.00272211560674436
10.4390904756255,-3.29760233841457e-06,-5.75540182267985e-08,0.999999999999998,-0.000353849317232939,-3.22761639833824e-06,0.00722196311059761,-9.04265184762122e-05
10.4416366797547,-5.19608095347557e-06,-9.06887208383148e-08,0.999999999999996,-1.30133724277641e-05,-2.5225821480652e-06,0.000276896200961937,-0.000208172389403192
10.4452852131613,-1.42562528233157e-05,-2.48818550763594e-07,0.999999999999969,-4.33406556296046e-05,7.42211168761521e-07,0.000894823468243035,-0.00069898812831584
10.4499215234552,-6.75755563441401e-05,-1.17941595207191e-06,0.999999999999304,-0.000200719395879777,1.9757876483551e-05,0.00410146519737691,-0.0036587014838096
10.4522269690761,-3.89149695277157e-06,-6.79194346571902e-08,0.999999999999998,0.000482117863618651,-2.86359098765206e-06,-0.00981218870077954,-0.000162411402985618
10.4545324146969,-1.56952120374464e-07,-2.73933126852087e-09,1,2.82722363082809e-05,-4.16517011426446e-06,-0.00056456726406342,5.40894450294218e-05
10.4582626057242,8.55803650741623e-06,1.49365914560289e-07,0.999999999999989,4.07767979482541e-05,-7.22195128927219e-06,-0.000819470411202003,0.000521083143156182
10.4631057798667,0.000119640317425553,2.08811745720553e-06,0.99999999999782,0.000400305974062958,-4.6671830974571e-05,-0.00814545967686556,0.00654651774023758
10.4659413202061,8.27731363079427e-06,1.44466376077566e-07,0.99999999999999,-0.000685460564291155,-7.03500191475794e-06,0.0139785805579173,0.000564915321104735
10.4687768605455,-2.10827174603689e-05,-3.67962834951126e-07,0.999999999999932,-0.000180716600608628,3.43809941607252e-06,0.0036935116687393,-0.00104512280536672
10.4717119259152,-1.89143540495869e-05,-3.30117754053207e-07,0.999999999999945,1.28941185733022e-05,2.69951067845356e-06,-0.000251643028203642,-0.000949202193220928
10.4751242048235,-1.7012337314171e-05,-2.96921299592169e-07,0.999999999999956,9.72852904291982e-06,2.0607467023888e-06,-0.000187195710915754,-0.000865338799770022
10.4785838996622,1.07396737668981e-05,1.87442667822433e-07,0.999999999999982,0.000140001933695226,-7.77098917932889e-06,-0.00284179279967576,0.00060514342360899
10.4820435945009,6.29760000128331e-05,1.09913854995971e-06,0.999999999999396,0.000263519161267352,-2.63103685987653e-05,-0.00535867476287482,0.00341910896680977
10.4851052564381,4.21936331098218e-05,7.36417821144819e-07,0.999999999999729,-0.000118471841844632,-1.88858753445151e-05,0.00242498793346487,0.00234709023764084
10.4882769927553,4.22804252665041e-06,7.37932630043897e-08,0.999999999999997,-0.000208915398975844,-5.34950447521761e-06,0.00426781091358929,0.000329331203430976
10.4912523851879,-2.13420494682142e-05,-3.72489032343834e-07,0.999999999999931,-0.000149991070237215,3.77602769722828e-06,0.00306700120371404,-0.00106308115395289
10.4942277776206,-1.92587582480937e-05,-3.36128741274844e-07,0.999999999999943,1.22203345918513e-05,3.06678317887416e-06,-0.000238370075346155,-0.000970594956896914
10.4976982727187,-1.72241008589587e-05,-3.00617270684408e-07,0.999999999999955,1.02323932425803e-05,2.37988732302433e-06,-0.000197924456433152,-0.000882090219432702
10.5009608939563,1.03155405541213e-05,1.80040146792416e-07,0.999999999999984,0.000147322469411117,-7.37990907197199e-06,-0.00299139731039287,0.000588686181526192
10.5042235151939,3.40695084750703e-05,5.94625097426054e-07,0.999999999999823,0.000127071124853665,-1.57934630223071e-05,-0.00257877128162029,0.00187882253018912
10.5074734002795,3.12480728705964e-05,5.45381756494997e-07,0.999999999999851,-1.51523329699116e-05,-1.47560545691906e-05,0.000319213887811305,0.00175618321893527
10.511089625201,-5.25549253524519e-07,-9.17256485540127e-09,1,-0.000153351722690956,-3.41842740874988e-06,0.00313521072570038,0.000105670312539257
10.5137255626179,-1.83007823734088e-05,-3.19408908106921e-07,0.999999999999949,-0.00011769488200243,2.92992920490428e-06,0.00240838669874213,-0.000903347545317055
10.5163615000349,-8.89276169804225e-06,-1.55207971226078e-07,0.999999999999988,6.22931848935939e-05,-3.89044696528258e-07,-0.00125912469701058,-0.000414930290638122
10.5199694724502,-1.22727351357053e-05,-2.1419963634325e-07,0.999999999999977,-1.63503647829522e-05,8.4963722607449e-07,0.000343318013559645,-0.000607389185302959
10.5237738982642,8.73186929595857e-06,1.52399869068276e-07,0.999999999999988,9.63613231891222e-05,-6.5821629874912e-06,-0.00195346172508467,0.00048779569300408
10.5266963212508,2.2671191801896e-05,3.95686942294221e-07,0.999999999999922,8.32484121367961e-05,-1.15100431637212e-05,-0.00168623097985369,0.00126416894561641
10.5296187442374,1.30028946379208e-05,2.26943323721632e-07,0.999999999999974,-5.77409975717823e-05,-8.04238120882515e-06,0.00118657085945606,0.000761364773674527
10.5333177226033,8.81660278522605e-06,1.53878747442697e-07,0.999999999999988,-1.97526368231468e-05,-6.51676305029234e-06,0.000412443114721573,0.000562762065934758
10.5362113086933,-1.1933236579547e-05,-2.0827426873252e-07,0.999999999999978,-0.000125157159630214,8.91091742081679e-07,0.00256009483107003,-0.000566364357823688
10.5391048947834,-1.12330481056574e-05,-1.96053674478632e-07,0.999999999999981,4.22333874770209e-06,6.70349473967135e-07,-7.62867463574584e-05,-0.000541730606108372
10.5428249665764,-1.91257072797078e-05,-3.33806563803543e-07,0.999999999999944,-3.70296319504959e-05,3.51339271209377e-06,0.000764244185679911,-0.000982318939612026
10.5463634234776,7.73026315809605e-06,1.34918544154391e-07,0.999999999999991,0.000132465964978957,-6.00357215081287e-06,-0.00268958055122764,0.000432187047932837
10.5499018803789,8.11310137151311e-05,1.41600331480924e-06,0.999999999998997,0.000362046170524175,-3.20737234893891e-05,-0.00736766112073053,0.00437301784116229
10.5528641583639,4.92484550833195e-05,8.59547692724358e-07,0.999999999999631,-0.000187847198980154,-2.07065123475373e-05,0.00383732087243736,0.0027169133000658
10.5557939707921,7.59656543834904e-06,1.32585078742397e-07,0.999999999999991,-0.00024812599160844,-5.86567705795101e-06,0.00506545577681794,0.000490411790839766
10.5590018127885,-1.94279291567682e-05,-3.39081330629804e-07,0.999999999999942,-0.000147035424406665,3.77548707012408e-06,0.00300549844376806,-0.0009623895859722
10.5622096547849,-3.20084799010928e-05,-5.5865336283247e-07,0.999999999999844,-6.84485184894292e-05,8.27954472151713e-06,0.00140407715106559,-0.00165751089233335
10.5655570549752,-2.60726521135484e-05,-4.55053624108462e-07,0.999999999999896,3.09493137470211e-05,6.19952811657752e-06,-0.00062138271098133,-0.00136716500158533
10.5688288122706,1.05064905794378e-05,1.83372853440955e-07,0.999999999999983,0.000195132590803983,-6.77924596615973e-06,-0.00396691224641135,0.000582600581609658
10.5721005695661,4.67057375798364e-05,8.15168900340504e-07,0.999999999999668,0.000193106025245789,-1.96229380257992e-05,-0.00392562494698842,0.00254323176147009
10.5751438666457,3.14158715782093e-05,5.48310396423432e-07,0.99999999999985,-8.76872999698343e-05,-1.41573208223772e-05,0.00179595256737846,0.00175524623768744
10.5784611935891,5.6410911791549e-06,9.84556144814622e-08,0.999999999999995,-0.000135607611073284,-4.96059894427128e-06,0.00277232905741603,0.000396811817903257
10.5814100697821,-1.87886961139888e-05,-3.27924609345763e-07,0.999999999999946,-0.000144590751162462,3.75403839487546e-06,0.00295524015552429,-0.000934010021241925
10.5843589459751,-1.67701924727252e-05,-2.92695074842219e-07,0.999999999999957,1.19467662248696e-05,3.06250526639647e-06,-0.000234507345586978,-0.000843363373665382
10.5878806584354,-1.73520521868536e-05,-3.02850442638473e-07,0.999999999999954,-2.88364479234216e-06,3.3006788527601e-06,6.7630049031239e-05,-0.000894258124548127
10.5912171763019,1.03258411311878e-05,1.80219925777082e-07,0.999999999999984,0.000144782790842268,-6.51320737554165e-06,-0.00294135581489385,0.000579366157491357
10.5945536941685,4.32118322130809e-05,7.54188747937538e-07,0.999999999999716,0.000172026299608099,-1.8179347651917e-05,-0.00349650166519425,0.00235835472047204
10.597728483551,3.53527663184157e-05,6.17022171944469e-07,0.99999999999981,-4.32049372313367e-05,-1.53564807313367e-05,0.000889150926405171,0.00196998040260956
10.6011559633922,2.54041752376599e-06,4.43386501650779e-08,0.999999999999999,-0.000167085890599965,-3.65724033101123e-06,0.00341336519611674,0.000246801886817405
10.6039286691404,-1.93976890586804e-05,-3.38553541352046e-07,0.999999999999943,-0.000138093337803965,4.16845935161071e-06,0.00282240540226933,-0.000968852554839871
10.6067013748886,-1.18180715959563e-05,-2.06264260585858e-07,0.999999999999979,4.77112585250311e-05,1.49650762501335e-06,-0.000963662201923979,-0.000579263686201244
10.6102683651513,-1.36139256530678e-05,-2.37607826767749e-07,0.999999999999972,-8.78711851539794e-06,2.16545299069041e-06,0.000187537760522169,-0.000690276755795288
10.613784285984,1.02628169476295e-05,1.79119946265608e-07,0.999999999999984,0.000118525926167734,-6.29642990072299e-06,-0.00240673305627602,0.000572912236334975
10.6173002068168,6.33333345032797e-05,1.10537521334893e-06,0.999999999999389,0.000263445996410782,-2.5140806292618e-05,-0.00535972716347836,0.00342899070382544
10.6204194047912,4.68144704241599e-05,8.17066646479006e-07,0.999999999999666,-9.24303520439725e-05,-1.92398282223993e-05,0.00189182543673736,0.00258824416609877
10.6236009024103,3.70395999208422e-06,6.46462972240128e-08,0.999999999999998,-0.000236498793754176,-3.88162355142628e-06,0.00482735067241449,0.000296746422559862
10.6265150859132,-2.14929688919073e-05,-3.7512307319249e-07,0.99999999999993,-0.000150906547233578,5.10319687038084e-06,0.00308313474875363,-0.00108155034956579
10.629429269416,-1.69551501324271e-05,-2.95923194980801e-07,0.999999999999956,2.7177381978483e-05,3.51309618002518e-06,-0.000545641922965293,-0.00085719021699333
10.6329123067975,-1.55589149104857e-05,-2.71554293225611e-07,0.999999999999963,6.99645139743983e-06,3.04472937021622e-06,-0.000134470796177928,-0.000800970018684536
10.636227831013,1.05600778170662e-05,1.8430812717462e-07,0.999999999999983,0.000137493316521537,-6.21749416434416e-06,-0.00279359248567242,0.000591557058165148
10.6395433552285,3.81812133889811e-05,6.66387886044214e-07,0.999999999999778,0.000145400765469317,-1.60139910099066e-05,-0.00295473542303963,0.00208818619763703
10.6427835853292,3.41860595014764e-05,5.9665929658342e-07,0.999999999999822,-2.15196412890164e-05,-1.45672078486432e-05,0.00044650630242389,0.00190534848193725
10.6463336698394,-5.70915516875573e-07,-9.964355520204e-09,1,-0.000170875834187445,-2.17797097269639e-06,0.00348984280250501,9.06802599605296e-05
10.6489947113969,-1.88160232733243e-05,-3.28401558251385e-07,0.999999999999946,-0.000119666377185084,4.33128568041375e-06,0.00244613115290788,-0.000941097859668421
10.6516557529545,-9.30656629134684e-06,-1.6243022383912e-07,0.999999999999987,6.23708163975321e-05,9.70037465641736e-07,-0.00126313255245225,-0.00044746066150957
10.6552519625945,-1.22021893634379e-05,-2.1296838034382e-07,0.999999999999977,-1.40531730803198e-05,2.02765462755764e-06,0.000294092188102233,-0.000614624812393704
10.6589756179053,9.58663760058199e-06,1.67318390325644e-07,0.999999999999986,0.000102127275197603,-5.69278397079279e-06,-0.00207334942520323,0.000527159280711132
10.6626992732162,0.000106442820698303,1.85777768629429e-06,0.999999999998274,0.000453978457956667,-4.01101642286031e-05,-0.00924290176853147,0.00571759990945602
10.6656843927414,6.40237183216237e-05,1.11742468408152e-06,0.999999999999376,-0.000248014525369231,-2.50012919238583e-05,0.00506139609391958,0.0035105422487111
10.668515815722,7.32747941325363e-06,1.27888641633378e-07,0.999999999999992,-0.000349483651587726,-4.81658997197412e-06,0.00712881900380341,0.000469958713458621
10.6723610859453,-6.96722685224489e-05,-1.21601048305004e-06,0.999999999999261,-0.000349494065863513,2.25964998909467e-05,0.00712904120413715,-0.00361544569012986
10.6755849209425,-0.000110981441204564,-1.93699155762693e-06,0.999999999998124,-0.000223640811389176,3.731117519667e-05,0.00456433884429945,-0.00590329434943202
10.6782104070591,-2.42816737573139e-05,-4.23795154960218e-07,0.99999999999991,0.000576349039940473,6.49667462723314e-06,-0.0117366838753566,-0.00127171242131748
10.6817611375214,7.58345001715517e-06,1.32356171459778e-07,0.999999999999991,0.000156630116628295,-4.80994608608434e-06,-0.00318430836513259,0.000403028869832184
10.6845660455232,2.10965818373476e-05,3.68204813978143e-07,0.999999999999932,8.4084270273158e-05,-9.5950990878428e-06,-0.00170599285203402,0.00116616153259578
10.6873709535251,1.04314727947308e-05,1.82063546100266e-07,0.999999999999983,-6.63626998659236e-05,-5.78178797502988e-06,0.0013595137916489,0.000609440652502748
10.6910294909512,9.90193707323729e-06,1.72821404253281e-07,0.999999999999985,-2.52618485762537e-06,-5.56706331630211e-06,5.86913932308669e-05,0.000599486089319181
10.6939572698427,-7.45039871079271e-06,-1.30033988089673e-07,0.999999999999992,-0.000103442030143633,6.24944831414824e-07,0.00211491658943432,-0.000340063303012152
10.6968850487341,-9.07063343079595e-06,-1.58312418608858e-07,0.999999999999987,-9.65866329653352e-06,1.22187566500312e-06,0.000203885216650795,-0.000436779868409825
10.7007700583718,-2.30231987374331e-05,-4.01830622309199e-07,0.999999999999919,-6.26814928178166e-05,6.2112061687518e-06,0.00128425177002891,-0.00120217416949649
10.7044182004091,3.10658329357727e-06,5.42201069603729e-08,0.999999999999999,0.000125009038739825,-3.0562960840396e-06,-0.00254033482195307,0.000158469621984259
10.7072091557473,2.01885759351573e-05,3.52357121357381e-07,0.999999999999938,0.000106822567282298,-9.11173633603742e-06,-0.002169665766095,0.00111414364962874
10.7100001110855,1.05069758497863e-05,1.833813230063e-07,0.999999999999983,-6.05440710706326e-05,-5.64925809299824e-06,0.00124060682578651,0.0006110323917732
10.7136024218268,1.07219208549028e-05,1.87132821056297e-07,0.999999999999982,1.0414143363407e-06,-5.700950443596e-06,-1.4349775549447e-05,0.00063887346283478
10.7168388197246,-1.10625145473466e-05,-1.93077302400967e-07,0.999999999999981,-0.000117479412442537,2.06843768081155e-06,0.00240062821997956,-0.000527113419742258
10.7200752176223,-2.68218109374528e-05,-4.68128912205961e-07,0.99999999999989,-8.49869572578553e-05,7.69480940480093e-06,0.00173846724097516,-0.00138629040835349
10.7235153427606,-3.2806709856456e-05,-5.72585103741602e-07,0.999999999999836,-3.03640673919587e-05,9.84615749748985e-06,0.000625369138101022,-0.00173521080041387
10.7274177158822,9.39505579973483e-06,1.63974657113961e-07,0.999999999999987,0.000188746626195511,-5.13704980415934e-06,-0.00383951171115994,0.000426107208174341
10.7298061173713,1.39507691639926e-05,2.43486855097365e-07,0.99999999999997,3.32909681835055e-05,-6.74091194887449e-06,-0.000671521162596765,0.000773258019586223
10.7321945188604,3.73063903386478e-06,6.51119343443606e-08,0.999999999999998,-7.4683809052329e-05,-3.09046601780094e-06,0.00152840548279572,0.000242901262294468
10.7357593630026,8.49394614924137e-06,1.48247326791355e-07,0.999999999999989,2.33209052431309e-05,-4.76120745156718e-06,-0.000468671663365002,0.000503735793799923
10.740737639147,3.22632156375019e-05,5.630993401553e-07,0.999999999999841,8.33324631533173e-05,-1.31815643964109e-05,-0.00169142022272973,0.00191581893769083
10.7429093794526,-1.00361587263277e-06,-1.75164014027178e-08,1,-0.000267350447030821,-1.33733667801486e-06,0.00545379559767145,1.26186077957572e-05
10.7450811197583,-1.64562602317988e-06,-2.87215923609894e-08,1,-5.1595445960883e-06,-1.09526768589579e-06,0.000111463139255692,-4.06861498511781e-05
10.7487355870139,-9.10786022151861e-06,-1.58962148676919e-07,0.999999999999987,-3.56387257584417e-05,1.58174341758827e-06,0.000732531150572967,-0.000441025153640041
10.7536051020445,-0.000114343900183733,-1.99567753777657e-06,0.999999999998009,-0.00037718651191399,3.90379850469182e-05,0.00769198603845196,-0.00614076955341259
10.7566127913115,-1.46820698714523e-05,-2.562504602647e-07,0.999999999999967,0.000578326722983327,3.61299589306896e-06,-0.0117781412937158,-0.000816354326259374
10.7596204805784,3.75612926034704e-05,6.55568227235504e-07,0.999999999999785,0.000303162529958362,-1.49479842044152e-05,-0.00617117609235064,0.00201973966005114
10.7623844572047,2.21005844662465e-05,3.85727965551105e-07,0.999999999999926,-9.76275483380426e-05,-9.43239429140958e-06,0.00199552697393427,0.00122682780447262
10.765433286401,1.01029298750332e-05,1.76329390417428e-07,0.999999999999984,-6.86816353596085e-05,-5.14690937330968e-06,0.00140561659646504,0.000594922597242175
10.7699352568635,-3.3888316286495e-05,-5.91462697156521e-07,0.999999999999825,-0.000170545785220971,1.05259003700528e-05,0.00348132220631029,-0.00165422056990104
10.772274257055,-1.65545725928848e-05,-2.8893179800625e-07,0.999999999999958,0.000129341972799466,4.37481967599716e-06,-0.0026297905901592,-0.000827738443617981
10.7746132572466,-4.82083843472779e-06,-8.41395033926896e-08,0.999999999999996,8.75554843285222e-05,2.15723766543281e-07,-0.00177815116241629,-0.00021436655792035
10.7782655701158,-1.00631885692337e-05,-1.75635773782185e-07,0.999999999999985,-2.5051597074118e-05,2.10172318447589e-06,0.000516384955353248,-0.000501279881664339
10.7834059150825,-3.4535311871512e-05,-6.02754900360933e-07,0.999999999999818,-8.30915297213746e-05,1.08341666993765e-05,0.00169880495792958,-0.00198671595155759
10.7854999369351,-2.61682482737076e-06,-4.56722091855519e-08,0.999999999999999,0.00026603480307613,-5.04266781473284e-07,-0.0054146681741362,-0.000125443415158569
10.7875939587876,-5.7124612594639e-07,-9.97012573702672e-09,1,1.70495276376217e-05,-1.21950039210522e-06,-0.000341559764415624,6.79298234773183e-06
10.7911409129978,6.64505293184679e-06,1.15978052630028e-07,0.999999999999993,3.55088255733505e-05,-3.76548611500227e-06,-0.000717794922631763,0.000393119438197911
10.7958894701008,0.000102087149811508,1.78175688818657e-06,0.999999999998413,0.000350796841950219,-3.76811211422027e-05,-0.00714230329159899,0.0055451166398198
10.8000736721133,0.000156071784705349,2.7239665125687e-06,0.99999999999629,0.000225182632574781,-5.68540193770161e-05,-0.00458221141757468,0.00889679036896696
10.8018989482186,3.70791242909557e-05,6.47152802633339e-07,0.999999999999791,-0.00113780797535704,-1.45276749441438e-05,0.0231890092178046,0.00210538911567213
10.803724224324,7.35886342680525e-06,1.28436396002344e-07,0.999999999999992,-0.000284185173464965,-3.9481785042349e-06,0.00579610745392525,0.000446780288917992
10.8067103729006,-4.41376865685689e-06,-7.70347954834804e-08,0.999999999999997,-6.88080938418397e-05,2.55169567799934e-07,0.00140761518195821,-0.000188193057674963
10.8107782134642,-4.6500302431646e-05,-8.11583380605259e-07,0.999999999999671,-0.00018057457603209,1.52451633619728e-05,0.00368500032391642,-0.0024419812565251
10.8147175353716,-0.000137207205650771,-2.39471749606464e-06,0.999999999997133,-0.000401879854619892,4.75249460832257e-05,0.00819424852290323,-0.00740841933041304
10.8180936417035,9.53421519230929e-06,1.66403446699461e-07,0.999999999999986,0.000758601978437295,-4.64435081561429e-06,-0.0154525040892426,0.000344756502663012
10.8208505337268,7.02095222772945e-05,1.22538732999079e-06,0.999999999999249,0.000384122364717129,-2.62072072789733e-05,-0.00782143670498191,0.00374900269820201
10.8231032483905,1.32291797631957e-05,2.30892744205966e-07,0.999999999999973,-0.000441464958620487,-5.93051129194064e-06,0.00900100501583788,0.000742974439933325
10.8259820567753,6.25481201189195e-06,1.09167063700805e-07,0.999999999999994,-4.22833562479345e-05,-3.43484923926905e-06,0.000866908011601452,0.000376927309858353
10.8302310306433,7.80633544087126e-06,1.36246255958326e-07,0.999999999999991,6.37311339140561e-06,-3.96409392793498e-06,-0.000124558235732836,0.000495803808705147
10.8329856014634,-1.1186699994658e-05,-1.95244747339613e-07,0.999999999999981,-0.000120342160336794,2.80478246882256e-06,0.00245732523819477,-0.000548630876122898
10.8357401722836,-7.65228395147698e-06,-1.33557550250795e-07,0.999999999999991,2.23944857897631e-05,1.56201262065907e-06,-0.000451166417313,-0.000370950408646759
10.839555456787,-1.55954213269219e-05,-2.72191450390527e-07,0.999999999999963,-3.6336451453401e-05,4.40643416032082e-06,0.000745533272055034,-0.0008106245940289
10.8432175847114,7.36548591341257e-06,1.28551980198311e-07,0.999999999999992,0.000109429118496053,-3.74085381423229e-06,-0.00222474150076227,0.000391375849337774
10.8468797126359,0.000101877590768027,1.77809939290051e-06,0.999999999998419,0.000450434131944008,-3.73345358916647e-05,-0.00917326832125102,0.00545441709832174
10.8498198484962,6.01194125842388e-05,1.04928169395969e-06,0.99999999999945,-0.000247885721465569,-2.24686206721908e-05,0.00505620009609661,0.00328166252115929
10.85261412407,8.81735583966707e-06,1.53891890722139e-07,0.999999999999988,-0.000320437186525411,-4.20971915238193e-06,0.00653439542297159,0.000532083201082457
10.8559166673731,-1.89873240230046e-05,-3.3139132034444e-07,0.999999999999945,-0.00014694227040115,5.69502171977279e-06,0.00299912520833072,-0.000956827945753945
10.8592192106763,-4.08401485561805e-05,-7.12795059308898e-07,0.999999999999746,-0.000115487884321724,1.34827964880671e-05,0.00235811435411255,-0.00214972053214578
10.8624859439407,-3.03652527711123e-05,-5.29973639056217e-07,0.99999999999986,5.59645999395018e-05,9.7732275445383e-06,-0.00113555917892779,-0.00161956865697422
10.8664031301631,3.56421613954701e-05,6.2207306887813e-07,0.999999999999806,0.000294100571824918,-1.36832612395355e-05,-0.00598809641734911,0.00181354945590264
10.8687642407121,1.79960246696629e-05,3.14089882755738e-07,0.999999999999951,-0.000130439968706372,-7.3956932916992e-06,0.00266297058836495,0.000981526834400991
10.871125351261,4.21766424440704e-06,7.36121278085417e-08,0.999999999999997,-0.000101849426343107,-2.48425224657751e-06,0.00208014023198721,0.00026029714113946
10.8746816392701,8.3261052719075e-06,1.45317950862443e-07,0.999999999999989,2.01631090820417e-05,-3.928550415417e-06,-0.000406125197160249,0.000486464848017767
10.879739010852,1.98675055410468e-05,3.46753385849476e-07,0.99999999999994,3.98300642392711e-05,-8.00863513056692e-06,-0.00080675992442216,0.00126092002153653
10.8818855960427,-2.38571401356024e-06,-4.16385645475948e-08,0.999999999999999,-0.000180934794517683,-8.53398369160307e-08,0.00369111616343745,-6.81458467986467e-05
10.8840321812334,-1.63850825613201e-06,-2.85973638906142e-08,1,6.07532406045566e-06,-3.41302485742497e-07,-0.000119241784548496,-4.89259872213237e-05
10.8876108552941,-8.63235903189518e-06,-1.5066308732084e-07,0.999999999999989,-3.41092039568844e-05,2.16234421712308e-06,0.000699601768819536,-0.000424674313933559
10.892412593526,-9.87471169617109e-05,-1.72346231783294e-06,0.999999999998515,-0.000327547890900461,3.42320806708508e-05,0.00667877649820965,-0.00530805367917608
10.8954547307659,-1.16635895785097e-05,-2.03568040746291e-07,0.999999999999979,0.000499613974389963,3.27534319631689e-06,-0.0101759832094612,-0.00065910155198892
10.8984968680058,3.93580692846742e-05,6.8692789624556e-07,0.999999999999764,0.000292720501001681,-1.48562202058495e-05,-0.00596013985302902,0.00210803719303301
10.9012851072345,2.36793648139123e-05,4.13282880783653e-07,0.999999999999915,-9.81425885729581e-05,-9.26775424478757e-06,0.00200429930961686,0.0013035031137116
10.9043353448714,1.03894398111467e-05,1.81329932142287e-07,0.999999999999984,-7.60442222068709e-05,-4.52790562283064e-06,0.00155392765621746,0.00060262097452093
10.9089159477464,-4.70720171792729e-05,-8.21561685333554e-07,0.999999999999662,-0.000218943148932773,1.59282136089411e-05,0.00446581373450938,-0.00234850082749292
10.9111874126518,-1.68326134608104e-05,-2.93784526606654e-07,0.999999999999957,0.00023235100726506,5.1830246007975e-06,-0.00473051068621008,-0.000848922041161012
10.9134588775571,-4.38420564810142e-06,-7.65188236439016e-08,0.999999999999997,9.5650037317476e-05,7.65517632184568e-07,-0.00194478327980955,-0.000199126938982928
10.9170434555248,-9.49951948689569e-06,-1.65797892403691e-07,0.999999999999986,-2.49064379590642e-05,2.59992698829859e-06,0.000511750441108522,-0.000478260454088289
10.9220429851593,-4.84060241312823e-05,-8.44844498890603e-07,0.999999999999643,-0.000135822098502255,1.64569024383212e-05,0.00277165582823998,-0.00269074311988924
10.9241800682916,-4.15132105780868e-06,-7.24542207661353e-08,0.999999999999997,0.000361422663652102,7.27720693788279e-07,-0.00736011693075747,-0.000209667718875912
10.9263171514239,-5.86216818879265e-07,-1.02314136200104e-08,1,2.91157635402509e-05,-5.31220577246406e-07,-0.000589093260810744,-1.63149572589953e-06
10.9300812497133,7.54320311198397e-06,1.31653730450802e-07,0.999999999999991,3.76943249513343e-05,-3.40688961872107e-06,-0.000763972888153382,0.000432006772376744
10.93504164416,0.00015368653727265,2.68233609139351e-06,0.999999999996403,0.000514209583204583,-5.53606723689313e-05,-0.0104737200456351,0.00831412713736574
10.9390732262464,0.000203529048973507,3.55225202803302e-06,0.999999999993691,0.000215775325420072,-7.30675062040953e-05,-0.00439203108254615,0.0115099980295483
10.9408513325643,5.08855528229618e-05,8.88120438458062e-07,0.999999999999606,-0.00149829712808812,-1.8777104963298e-05,0.0305327081364593,0.00285113772644149
10.9426294388822,1.08409033885797e-05,1.89209458021325e-07,0.999999999999982,-0.000393064786616626,-4.52904182715404e-06,0.00801305467086541,0.000627362795837049
10.9455393318915,-3.53078077105295e-06,-6.1623749620978e-08,0.999999999999998,-8.62001478535833e-05,5.93542997762489e-07,0.00176040315176296,-0.000148439360099655
10.9495072175254,-4.10034544325922e-05,-7.15645284540136e-07,0.999999999999744,-0.000164828726244488,1.39358212228279e-05,0.00336256622698017,-0.00215342187166016
10.9534088454378,-0.000125706127654501,-2.19398581750157e-06,0.999999999997593,-0.000378903515707096,4.40740201900015e-05,0.00772451900703369,-0.00677713242818143
10.9567521893247,-1.10284523968933e-05,-1.92482805725248e-07,0.999999999999981,0.000598653049001236,3.30250820751825e-06,-0.0121948304934204,-0.000725210443564011
10.9590874082165,1.19520074175148e-05,2.08601881658417e-07,0.999999999999978,0.000171754643128767,-4.86057966736345e-06,-0.00349564141659168,0.000644465932386594
10.9614226271083,3.76255762775088e-06,6.566901890028e-08,0.999999999999998,-6.12074796336309e-05,-1.93912607391372e-06,0.00125104057857045,0.000228954579779528
10.9648200751576,8.022168125072e-06,1.40013246931046e-07,0.99999999999999,2.1882373755429e-05,-3.4412194259287e-06,-0.00044212400901835,0.000461816767813538
10.9694940553396,4.26994184690637e-05,7.45245440971969e-07,0.999999999999722,0.000129489679132518,-1.57560212623226e-05,-0.00263475696447699,0.00239239238762261
10.9718556205794,-5.30626924614494e-07,-9.26118693425466e-09,1,-0.000319494297768234,-3.73368905109979e-07,0.00651375286963139,1.68210858944051e-05
10.9742171858191,-1.99357108294787e-06,-3.47943792699893e-08,0.999999999999999,-1.08119783887438e-05,1.55484298951797e-07,0.000223941814166784,-7.4236934614476e-05
10.9781213131092,-1.1715034486613e-05,-2.04465923776079e-07,0.999999999999979,-4.34595318999396e-05,3.62697781568697e-06,0.000889185535913884,-0.000596360465193289
10.9831538587012,-0.000143938466356947,-2.51220015819717e-06,0.999999999996844,-0.000458562012451636,5.06681249499483e-05,0.00934738618344715,-0.00780554562118085
10.9855805986006,-1.05704065802637e-05,-1.84488398100075e-07,0.999999999999983,0.000959192932346991,3.24637753719243e-06,-0.0195413391544281,-0.000570475611665209
10.9880073384999,1.82667014448902e-06,3.18814083692139e-08,0.999999999999999,8.91606910684406e-05,-1.15379373056277e-06,-0.00181320267117877,0.000120648579772324
10.9913679996853,9.83159535895334e-06,1.71593709737529e-07,0.999999999999985,4.15728613101691e-05,-3.98887113745217e-06,-0.000843607031634911,0.000552986921208062
10.995637009775,5.62208587553629e-05,9.81239093579607e-07,0.999999999999519,0.000189656469961567,-2.04716983757283e-05,-0.00386104199614255,0.00307511167867535
10.9989065200981,3.35665593361341e-06,5.85846978981582e-08,0.999999999999998,-0.000282199566450249,-1.65974834269836e-06,0.00575375153280769,0.000274166935808262
11,4.84772720475713e-06,8.46088009615131e-08,0.999999999999996,2.37993428295502e-05,-2.18654750041609e-06,-0.000481763914257498,0.000309521989999789
11.0031736826481,-1.56460325346889e-05,-2.73074782604472e-07,0.999999999999963,-0.000112703008846933,5.11255460354079e-06,0.00229988405057778,-0.000794676850983288
11.0067000678204,-4.34321544480372e-05,-7.58034096352877e-07,0.999999999999713,-0.00013752306967598,1.50061243815904e-05,0.0028055839889211,-0.00230171713974274
11.0102007763167,-4.10234637255074e-05,-7.15994512582502e-07,0.999999999999744,1.20088787210282e-05,1.41608677918237e-05,-0.000241453006054934,-0.00222383414580542
11.0130299142976,8.30582776127831e-06,1.44964041537856e-07,0.999999999999989,0.000304318332986458,-3.37306502053748e-06,-0.00619762377482343,0.000445388185239365
11.0158590522784,1.32771503194679e-05,2.31729988356929e-07,0.999999999999973,3.06686868602499e-05,-5.13167915120756e-06,-0.000621607762708973,0.000733558857196595
11.0191649635886,1.63649877633453e-05,2.85622918518954e-07,0.999999999999959,1.6301989105467e-05,-6.21903266664769e-06,-0.000328911883417806,0.000911796699697775
11.0232518042491,1.47412541687085e-05,2.57283421117299e-07,0.999999999999967,-6.93432892433624e-06,-5.62807328716251e-06,0.000144600543199207,0.000891191646598512
11.0257743689269,-1.00617373442591e-05,-1.75610445128191e-07,0.999999999999985,-0.000171608629130507,3.20054450383062e-06,0.00349985785053915,-0.000495839838265073
11.0282969336047,-5.06494385988941e-06,-8.83999467837404e-08,0.999999999999996,3.45721555181206e-05,1.43138856688038e-06,-0.000701332240374028,-0.000242240139728444
11.0320103611018,-1.19651848335572e-05,-2.08831870955262e-07,0.999999999999978,-3.24314731515063e-05,3.89698104998834e-06,0.000663966775990276,-0.000619252189444767
11.0370400135646,-3.29558342801281e-05,-5.75187815929818e-07,0.999999999999835,-7.28392165621561e-05,1.13766070509375e-05,0.00148710592952125,-0.0019323623864941
11.039121173295,-2.39508405979331e-06,-4.1802102705426e-08,0.999999999999999,0.000256292539889454,5.15303400369109e-07,-0.00521887075356201,-0.000130567415499998
11.0412023330254,-3.41817312426292e-07,-5.96583754215692e-09,1,1.72193727562061e-05,-2.08439574220153e-07,-0.000347759455466676,4.02124186895637e-06
11.0446948825077,6.7053881983645e-06,1.17031101685831e-07,0.999999999999993,3.5216949638521e-05,-2.70413725623894e-06,-0.000714577615770697,0.000381665129261439
11.0493842198727,9.30893602178403e-05,1.62471583437562e-06,0.99999999999868,0.000321513385658479,-3.34114245465363e-05,-0.00654832120205447,0.00504400073197533
11.05,5.07785553922535e-05,8.86252981001028e-07,0.999999999999607,-0.00119923138242038,-1.83623332890954e-05,0.024439066136292,0.00275890809890624
11.0530789006367,1.62119337532153e-05,2.82951622108805e-07,0.99999999999996,-0.000195947005142846,-6.05990641066547e-06,0.00399572065815186,0.00092640580994714
11.0558373645796,-6.40596765223702e-06,-1.11805227307787e-07,0.999999999999994,-0.000143107489379854,1.99186421826909e-06,0.00291893270876031,-0.000304893827133571
11.0585958285225,-6.257907980986e-06,-1.09221098555036e-07,0.999999999999994,9.36799902489239e-07,1.94716083759138e-06,-1.62058963258851e-05,-0.000307626695963522
11.0624649850554,-1.79682765131471e-05,-3.13605586063178e-07,0.999999999999951,-5.28240420802476e-05,6.12288889860264e-06,0.00107923471834787,-0.000946720696945354
11.0673521812192,-1.98873570937003e-05,-3.47099860804914e-07,0.99999999999994,-6.85347459343529e-06,6.81790106750012e-06,0.000142210818965181,-0.00129870996447984
11.0693649972491,-2.85511230555465e-06,-4.98311102461351e-08,0.999999999999999,0.000147687988440204,7.67444307684761e-07,-0.00300596610414609,-0.000166523580353337
11.0713778132791,-7.49042306934621e-07,-1.30732544927431e-08,1,1.82619053142625e-05,2.4253922254538e-08,-0.000369229166691655,-2.07978682743694e-05
11.074686254036,5.98924208983885e-06,1.04531994166714e-07,0.999999999999995,3.55470317590084e-05,-2.3629532117967e-06,-0.00072155051561661,0.000341535949745251
11.0791634236435,6.76206729318809e-05,1.18020338507525e-06,0.999999999999304,0.000240257011729167,-2.42690819355773e-05,-0.00489285210168442,0.00366454528733275
11.0833827091045,0.000143126408940054,2.49802708255719e-06,0.99999999999688,0.000312333381957764,-5.11087249539336e-05,-0.00636118206894098,0.00801810580499781
11.085208354286,3.10063569465549e-05,5.41163017765973e-07,0.999999999999854,-0.00107187534831661,-1.12310906880206e-05,0.0218430364621787,0.00173654564377144
11.0870339994675,5.93195711996779e-06,1.03532182830558e-07,0.999999999999995,-0.000239712973460907,-2.3090216278108e-06,0.00488707726493257,0.000350006362684355
11.0903199531348,-4.34612594344829e-06,-7.58542074195174e-08,0.999999999999997,-5.45918805952872e-05,1.35498833635433e-06,0.00111505222990884,-0.000198299510239172
11.0947332780816,-9.46129476958564e-05,-1.65130745230913e-06,0.999999999998637,-0.000356976489128897,3.34690168855443e-05,0.00727660639911458,-0.00502097283462156
11.0976237596519,-4.45369162036852e-05,-7.77315826439043e-07,0.999999999999698,0.000302368862980986,1.56672705749936e-05,-0.0061587475573744,-0.00238549421801953
11.1,-5.46594780822588e-06,-9.53987859957091e-08,0.999999999999995,0.000286973092174382,1.77832028132857e-06,-0.00584492654742523,-0.000276061044456087
11.1041093263291,1.75544585466935e-05,3.06383100044655e-07,0.999999999999953,9.77731759079472e-05,-6.39831957259445e-06,-0.00198977623071146,0.000928033172673312
11.106999666596,2.25318464844492e-05,3.93254907707537e-07,0.999999999999923,3.00559102532194e-05,-8.16101854639903e-06,-0.000609858636368009,0.00122467319044667
11.1098900068629,1.03705925408341e-05,1.81000985220319e-07,0.999999999999984,-7.34356175702708e-05,-3.82871584606118e-06,0.00149889019987278,0.000584595329047055
11.1138593394222,3.98113827478798e-06,6.9483970872217e-08,0.999999999999998,-2.80946513504657e-05,-1.54636103646176e-06,0.000574997124955266,0.000277836387751452
11.116666178462,-1.46763873597384e-05,-2.5615128172551e-07,0.999999999999967,-0.000116014936369108,5.09569683994733e-06,0.0023663836017271,-0.000750221036416494
11.1194730175018,-9.6543535091754e-06,-1.68500255886578e-07,0.999999999999986,3.12276637872279e-05,3.31640947226007e-06,-0.00063391143648565,-0.000494448332741058
11.1231934606171,-1.45900913755501e-05,-2.54645132670175e-07,0.999999999999968,-2.31544668507021e-05,5.08060402548231e-06,0.000474189363615772,-0.000775385548997999
11.1266168026936,9.93837221551584e-06,1.73457317449474e-07,0.999999999999985,0.000125053950364911,-3.63459700628133e-06,-0.00254581658418861,0.000526200789745633
11.1300401447701,5.05016944865791e-05,8.81420846626958e-07,0.999999999999612,0.00020680478706253,-1.80523534887799e-05,-0.00421160262696888,0.00271369058238949
11.1332109305391,4.18868048841582e-05,7.31062658368938e-07,0.999999999999733,-4.74198508557131e-05,-1.49809681190952e-05,0.000968651177818724,0.00229006962434264
11.1365221766624,4.46533571793332e-06,7.79348104848411e-08,0.999999999999997,-0.000197245334101254,-1.66464929545039e-06,0.00402154304685916,0.000313099804200642
11.1393501305853,-1.94098380132077e-05,-3.38765580609222e-07,0.999999999999943,-0.000147350488180578,6.83255768005011e-06,0.00300471903259808,-0.00100113988709981
11.1421780845082,-1.30223370772436e-05,-2.27282658302434e-07,0.999999999999974,3.94217605185663e-05,4.56722424301838e-06,-0.000801050334898916,-0.000676234853499156
11.145707439273,-1.38184497445222e-05,-2.41177445563279e-07,0.999999999999971,-3.93691997171439e-06,4.85817990578292e-06,8.24387691669803e-05,-0.000734872254562532
11.1491605028053,1.1076681212783e-05,1.9332455735686e-07,0.999999999999981,0.000125830874194607,-3.98790868093377e-06,-0.0025618088123614,0.000585541242677397
11.1526135663376,5.55235581370232e-05,9.69068901913392e-07,0.99999999999953,0.000224653944909502,-1.97872846215115e-05,-0.00457546633380542,0.00298162290724315
11.1557613216762,4.29822534592792e-05,7.50181842791074e-07,0.999999999999719,-6.95375070732758e-05,-1.53200547854562e-05,0.00141917949634901,0.00234949100028608
11.1590436656518,3.25974722995099e-06,5.68933219454095e-08,0.999999999999998,-0.000211217509806056,-1.18599348832992e-06,0.00430608778432298,0.000246703985867386
11.1618878740753,-2.02441746518677e-05,-3.5332750202386e-07,0.999999999999938,-0.000144230226092424,7.17877953228654e-06,0.00294098454657113,-0.00104694634965693
11.1647320824987,-1.36724390851733e-05,-2.38629078814634e-07,0.999999999999972,4.03270105886944e-05,4.84751942382242e-06,-0.000819651643401727,-0.000712415756765027
11.1682553655572,-1.37582353516191e-05,-2.4012650615003e-07,0.999999999999971,-4.25009092529354e-07,4.88529868477712e-06,1.07227436251768e-05,-0.000733653659657162
11.1716431908986,1.10811910363439e-05,1.93403268626683e-07,0.999999999999981,0.000127966979135269,-3.94162185694042e-06,-0.00260548276614312,0.000587366889050785
11.17503101624,4.56343017048833e-05,7.96468816598592e-07,0.999999999999683,0.000178009633673438,-1.62230405099635e-05,-0.0036251628745277,0.00245441904736572
11.1782418682987,3.89531402969292e-05,6.79860552172644e-07,0.999999999999769,-3.63169222038386e-05,-1.38402749786483e-05,0.000742097576503192,0.00213182736353762
11.1816750962138,1.06085695723073e-06,1.85154467963648e-08,1,-0.000192630702574958,-3.57232092826714e-07,0.00392722045242349,0.000139907022453259
11.1844013454461,-1.92257433101679e-05,-3.35552521905696e-07,0.999999999999944,-0.000129873661039143,6.86260998817433e-06,0.00264826927615436,-0.000993850259475691
11.1871275946783,-1.02830329245754e-05,-1.79472781624822e-07,0.999999999999984,5.72507232400149e-05,3.68749493166953e-06,-0.00116464592411568,-0.000531049511632466
11.1906987184735,-1.21855904966606e-05,-2.12678675466457e-07,0.999999999999977,-9.29844378026721e-06,4.37097923900591e-06,0.000191391938936258,-0.000646547819958858
11.1942716083803,1.08573459255103e-05,1.89496434428144e-07,0.999999999999982,0.000112562972938372,-3.81722437232485e-06,-0.00229175928305869,0.000570033167183768
11.1978444982872,7.25193510530619e-05,1.26570144728521e-06,0.999999999999199,0.000301214154625718,-2.57397893098198e-05,-0.00613580757010457,0.00388459392911729
11.2009395532154,5.16503772961235e-05,9.01469143714559e-07,0.999999999999594,-0.000117682015996598,-1.83118965791196e-05,0.00239992274871139,0.00281540964686523
11.2040389823494,4.98050162164172e-06,8.69261516985648e-08,0.999999999999996,-0.000262804199354548,-1.7084524084224e-06,0.00535693621402082,0.000327691813894711
11.2077372033164,-9.07121652817909e-05,-1.58322595577988e-06,0.999999999998747,-0.000451609604285977,3.23305056013825e-05,0.00920414391496213,-0.00477337959569555
11.2107094070563,-7.48436434770607e-05,-1.30626800286312e-06,0.999999999999147,9.31826944433344e-05,2.66920090950996e-05,-0.00189707604179949,-0.00400127693557521
11.2133394613111,-1.48346487545132e-05,-2.58913464143129e-07,0.999999999999966,0.000398225449834028,5.35518595072404e-06,-0.00811269315267341,-0.000790699651308236
11.2176001572403,3.32663604740486e-05,5.80607520427417e-07,0.999999999999831,0.000197038464732507,-1.17443656666351e-05,-0.00401332362171043,0.00168854174570308
11.2199865155753,1.72166090487701e-05,3.00486513929682e-07,0.999999999999955,-0.000117384301587668,-6.03172657270835e-06,0.00239387312878429,0.000925076085944396
11.2223728739104,4.30767485342971e-06,7.51831092977125e-08,0.999999999999997,-9.44130650132417e-05,-1.43656852408957e-06,0.00192559431713442,0.000248033878288551
11.2260281824252,9.00608871053315e-06,1.57185900725493e-07,0.999999999999988,2.24338906260895e-05,-3.10116338737085e-06,-0.000455391072052594,0.000506544751060355
11.2312663412454,5.38106436296271e-06,9.39172903954303e-08,0.999999999999996,-1.20784062686536e-05,-1.80187591754642e-06,0.000248042778851008,0.000528264858240715
11.2333040331007,-9.44068214506213e-07,-1.64770987065575e-08,1,-5.41761939200306e-05,4.49966469401366e-07,0.00110509465947514,6.16624201532547e-07
11.235341724956,-6.45832067038529e-07,-1.12718959847831e-08,1,2.55446018898116e-06,3.47141292648317e-07,-5.04615928486013e-05,-1.1639579031603e-05
11.2387370321969,-7.29436699882964e-06,-1.27310720978394e-07,0.999999999999992,-3.41762370122785e-05,2.71721425567486e-06,0.000698043739457442,-0.000369128178545012
11.2433204402021,-7.70741952715261e-05,-1.34519847581277e-06,0.999999999999095,-0.000265716635627519,2.7540922783403e-05,0.00541599362305839,-0.00413779038629108
11.247590592136,-0.000132464854570571,-2.31194785542986e-06,0.999999999997327,-0.000226396951346079,4.7244658865968e-05,0.00461429391449899,-0.00750043668469118
11.2494575221782,-2.9692984582946e-05,-5.182403457163e-07,0.999999999999866,0.000960779177106251,1.06999077003053e-05,-0.0195747833815254,-0.00163882625415197
11.2513244522205,-6.29628190050033e-06,-1.09890849797457e-07,0.999999999999994,0.000218727797333517,2.38237579707551e-06,-0.00445519206127823,-0.000329967190982203
11.2544042588821,3.87632131820422e-06,6.76545698679105e-08,0.999999999999998,5.76482354807339e-05,-1.23057852428467e-06,-0.00117311075606156,0.000217258966802111
11.2585906401325,5.4268584810841e-05,9.47165485346817e-07,0.999999999999551,0.00021008858555445,-1.91455774424842e-05,-0.0042793519860797,0.00291664530429024
11.2625345881754,0.000151980899839015,2.65256710233143e-06,0.999999999996482,0.000432409757535818,-5.38891597385004e-05,-0.00880934077163801,0.00828309097906399
11.2651320778586,6.32196997827324e-06,1.10339191333102e-07,0.999999999999994,-0.000978724931041371,-2.0837039546165e-06,0.0199444317797909,0.000404606736529269
11.2677295675417,-9.33656331304726e-06,-1.62953770633584e-07,0.999999999999987,-0.000105214262732869,3.48873003425336e-06,0.002145315157578,-0.000472212230844348
11.2707878781942,-1.22055435416454e-05,-2.1302692179724e-07,0.999999999999977,-1.63728139007576e-05,4.51349043579891e-06,0.000335074005878594,-0.000636615641961155
11.2746183149827,-2.44899456944632e-05,-4.27430186002978e-07,0.999999999999909,-5.59735810924775e-05,8.88772664892541e-06,0.00114196799335167,-0.0013197866268677
11.2778884371954,8.39842703782089e-06,1.46580203798488e-07,0.999999999999989,0.000175531785197844,-2.8040235421973e-06,-0.0035753251502029,0.000432016940289254
11.281158559408,4.22624026292182e-05,7.37618075683298e-07,0.999999999999728,0.000180738771657717,-1.48426357056447e-05,-0.00368139518360499,0.00226455146777644
11.2842592557686,3.35414896052426e-05,5.85409429634903e-07,0.999999999999829,-4.90885363637329e-05,-1.17366302835977e-05,0.00100171221585922,0.00182822898898075
11.287592981021,8.41450910714794e-06,1.46860888858779e-07,0.999999999999989,-0.000131549095251788,-2.79575141937376e-06,0.00268194832723164,0.000507217922694022
11.2905029907239,-1.66495549917599e-05,-2.90589553598064e-07,0.999999999999958,-0.000150326111295787,6.12185057968044e-06,0.00306445782309065,-0.000859199848732368
11.2934130004267,-1.43817330465302e-05,-2.51008593804824e-07,0.999999999999968,1.36016590442923e-05,5.3191665538516e-06,-0.000275835515274392,-0.000754549015397183
11.2969468048152,-1.63915762843144e-05,-2.86086975753101e-07,0.999999999999959,-9.92652056854083e-06,6.03856582885613e-06,0.000203576428093382,-0.000880146871189526
11.3,4.00237361728113e-06,6.98545975165111e-08,0.999999999999998,0.000116580025753229,-1.21027649101563e-06,-0.00237418241586417,0.00021448584518632
11.3038179317724,5.29721343329497e-05,9.24538155918571e-07,0.999999999999573,0.00022386035407413,-1.86208676878904e-05,-0.00456021538223884,0.00283572083273854
11.3073458045659,9.04641144159269e-05,1.57889665145813e-06,0.999999999998754,0.000185482451846551,-3.19495823512172e-05,-0.00377811657152312,0.00491002350238499
11.3105142507535,1.14688583594069e-05,2.00169339816524e-07,0.99999999999998,-0.000435143041734418,-3.85160059221075e-06,0.00886806342774813,0.000711947179174875
11.3131576861317,-1.75995052550632e-05,-3.07169313422893e-07,0.999999999999953,-0.000191923985514801,6.48920778513699e-06,0.00391188241730288,-0.000907449069435786
11.3158011215099,-9.24028495361131e-06,-1.61273396263008e-07,0.999999999999987,5.51917850391914e-05,3.51951775332785e-06,-0.00112342070332933,-0.000478492501655222
11.3192720380821,-1.16425116062373e-05,-2.03200160730494e-07,0.999999999999979,-1.20794503688061e-05,4.37803802278912e-06,0.000247346846752595,-0.000617461321058378
11.3241425501389,2.10447884613308e-05,3.67300849035926e-07,0.999999999999932,0.000117133681861247,-7.24193246404195e-06,-0.00238578004760903,0.000958218556477791
11.3262831213016,8.10869780500983e-06,1.41523474746658e-07,0.99999999999999,-0.000105475294736574,-2.63794743082599e-06,0.00215082082458382,0.000422407891766896
11.3284236924643,1.73168768083924e-06,3.02236516468694e-08,1,-5.19953856427521e-05,-3.67387112795917e-07,0.00106072638817452,0.00010366730593245
11.3318890309421,7.60942712871199e-06,1.32809557586602e-07,0.999999999999991,2.96034302557538e-05,-2.45368954312076e-06,-0.000602048672502971,0.000420929598085863
11.3366026060061,7.04054162799673e-05,1.22880632532234e-06,0.999999999999245,0.000232519213728549,-2.47806705750252e-05,-0.00473674031465843,0.00384148283734157
11.3394394479943,-6.09188161217763e-08,-1.063233917742e-09,1,-0.000433534741923136,2.82995885850631e-07,0.00883505904274482,4.82133627341681e-05
11.3422762899825,-1.52781023513553e-05,-2.66653189487834e-07,0.999999999999964,-9.36216950654301e-05,5.69783819361376e-06,0.00190875710746144,-0.000793056113967316
11.3454419186426,-1.86119922231658e-05,-3.24840544649817e-07,0.999999999999947,-1.83809793914436e-05,6.88690693733878e-06,0.00037561851733207,-0.000986121191004502
11.3491684030938,-2.16027590680856e-05,-3.77039273253147e-07,0.999999999999929,-1.40074993702992e-05,7.95439833685504e-06,0.000286460714783943,-0.00118065890251815
11.3519647374809,7.05826362111327e-06,1.23189939662164e-07,0.999999999999992,0.000178887480417073,-2.23546178389651e-06,-0.00364400629899283,0.000375949518945367
11.3547610718681,7.82184639185266e-06,1.36516973123067e-07,0.999999999999991,4.76589406556428e-06,-2.50398632056838e-06,-9.60273341803484e-05,0.000430265501609877
11.3584289772161,1.71522767654256e-05,2.99363703769995e-07,0.999999999999955,4.43977461773203e-05,-5.81835153677671e-06,-0.00090361252586147,0.000942169694709203
11.3630393136009,1.3686293171815e-05,2.38870878241387e-07,0.999999999999971,-1.31211305379685e-05,-4.58006113081134e-06,0.000268590033919003,0.000923518001114431
11.3652035815971,-4.18520516333309e-06,-7.30456099716295e-08,0.999999999999997,-0.000144121009396137,1.7771001824797e-06,0.00293732630363506,-0.000184234452744982
11.3673678495933,-1.74227727462429e-06,-3.04084749248673e-08,1,1.97004877039465e-05,9.10344536593766e-07,-0.000400484435114475,-7.61030733955999e-05
11.370864401411,-8.12684749209117e-06,-1.41840246544434e-07,0.99999999999999,-3.18690462568249e-05,3.18439764688609e-06,0.000650370201505945,-0.000420069969234767
11.37558820639,-8.01020127332745e-05,-1.39804385966961e-06,0.999999999999023,-0.000265930456216312,2.87858632303943e-05,0.00541967030765711,-0.00432933978381488
11.3785528187721,-4.24151272673326e-06,-7.40283623467378e-08,0.999999999999997,0.000446606613831004,1.80976100506242e-06,-0.00909936907352711,-0.00026491196755609
11.3815174311543,2.60487479146693e-05,4.54636417132971e-07,0.999999999999897,0.000178325093242845,-8.95966792136656e-06,-0.00363266003717446,0.00138783806116845
11.3844817301134,2.1676194486795e-05,3.78320963097207e-07,0.999999999999928,-2.57448574142472e-05,-7.40172850757637e-06,0.000525567574416374,0.00117675396330414
11.3878226606827,1.420878633463e-05,2.47990104251668e-07,0.999999999999969,-3.90103464122631e-05,-4.74285718367281e-06,0.00079584752475262,0.00079513100190891
11.3910809911286,-1.2128071592014e-05,-2.11674781198233e-07,0.999999999999978,-0.000141073747146551,4.62651872029369e-06,0.00287551433454276,-0.000612761503545428
11.3943393215746,-3.36135294272472e-05,-5.86666761721434e-07,0.999999999999828,-0.000115087154831374,1.22703912912593e-05,0.00234594762495595,-0.00178144323378751
11.3976288954984,-3.21409600423287e-05,-5.60965577490543e-07,0.999999999999843,7.81292192416737e-06,1.17494215120706e-05,-0.000158369986887959,-0.00173122317331804
11.401328258341,3.11398604717529e-06,5.43493093843722e-08,0.999999999999999,0.000166329963579037,-7.85754704813385e-07,-0.00338846897431699,9.4351687510382e-05
11.4038893435039,1.67026886680249e-05,2.91516911192577e-07,0.999999999999957,9.26043402403809e-05,-5.61586512645721e-06,-0.00188596243953348,0.000890820605559523
11.4064504286668,6.38869141680033e-06,1.11503700117067e-07,0.999999999999994,-7.02878661297127e-05,-1.94556563018139e-06,0.00143310326008221,0.000353590592505728
11.4100630514956,1.02203881476511e-05,1.78379424008315e-07,0.999999999999984,1.85116816948477e-05,-3.30521501360835e-06,-0.000376360735078181,0.00056823006194424
11.4140717147043,-8.03210235759991e-06,-1.40186631997317e-07,0.99999999999999,-7.9469399004248e-05,3.18957469165113e-06,0.00162018841871471,-0.000368458778128671
11.4168563066121,-2.02473218224186e-05,-3.53382430512096e-07,0.999999999999938,-7.65626725848048e-05,7.53580498540195e-06,0.00156081409332054,-0.00106107951349239
11.4196408985198,-1.02469496253328e-05,-1.78843009248055e-07,0.999999999999984,6.268043111766e-05,3.98141348261334e-06,-0.00127644969911236,-0.000539019166362397
11.4233565893987,-1.12342812120525e-05,-1.96075196245254e-07,0.999999999999981,-4.63768046348384e-06,4.33534110737714e-06,9.52521714812582e-05,-0.000610403895187928
11.4263688412801,7.36719843307172e-06,1.28581869304868e-07,0.999999999999992,0.000107778857255785,-2.277719113536e-06,-0.00219538753104286,0.000393178656822375
11.4293810931616,1.11683012577161e-05,1.94923628801768e-07,0.999999999999981,2.20239747895158e-05,-3.62720258161501e-06,-0.000447998215682367,0.00060782771696423
11.4331348317458,2.40400617777323e-05,4.19578230404257e-07,0.999999999999912,5.9848227722701e-05,-8.20200107636149e-06,-0.00121873124407887,0.00131749539494835
11.4367288827561,-5.22652456484297e-06,-9.12200620928735e-08,0.999999999999996,-0.000142123272888018,2.20915999738955e-06,0.00289677610144733,-0.00021322567505316
11.4395207160797,-2.17883428865465e-05,-3.80278321923712e-07,0.999999999999928,-0.000103537076292396,8.10096213033626e-06,0.00211037030145957,-0.00114187412768705
11.4423125494034,-1.17179687399919e-05,-2.04517136158628e-07,0.999999999999979,6.2955472403561e-05,4.52143450803902e-06,-0.00128214230839625,-0.000618258521242855
11.4459143549476,-1.16059107629363e-05,-2.02561355505883e-07,0.999999999999979,5.4300006726002e-07,4.48399738166791e-06,-1.03939887681227e-05,-0.000629130270873191
11.4491143721303,9.66211025508555e-06,1.68635636641951e-07,0.999999999999986,0.000115998437180838,-3.07754624841284e-06,-0.00236296969619503,0.000510473047682222
11.4523143893131,2.26045529445573e-05,3.94523874823893e-07,0.999999999999922,7.05896953933382e-05,-7.67815056308521e-06,-0.00143768112856063,0.00121794153512542
11.4558036502604,3.02092496903359e-05,5.27250871653415e-07,0.999999999999861,3.80387133076229e-05,-1.03802227721613e-05,-0.000774396713198803,0.00165190595333576
11.4598135928042,-1.38146581567554e-05,-2.4111126987287e-07,0.999999999999971,-0.00019161425210515,5.27963320533075e-06,0.00390525694725257,-0.000589328165734399
11.4621388446342,-1.39321122644993e-05,-2.43161230772994e-07,0.99999999999997,-8.81608122471275e-07,5.32223187841904e-06,1.8320025615548e-05,-0.000714531415977583
11.4644640964642,-4.15878749199676e-06,-7.25845346261007e-08,0.999999999999997,7.33583751857734e-05,1.84781828936251e-06,-0.00149420959236463,-0.000209692867716842
11.4679968603148,-9.12551619146618e-06,-1.59270303485137e-07,0.999999999999987,-2.4537663009867e-05,3.61634090204546e-06,0.000500605952586179,-0.000480740217707973
11.4728893030676,-4.73674269945285e-05,-8.2671755925247e-07,0.999999999999658,-0.000136424131971325,1.72190108032e-05,0.00278034319224785,-0.00263849685510179
11.4750226474959,-4.26052976005164e-06,-7.4360272192105e-08,0.999999999999997,0.000352665644168863,1.89030696914771e-06,-0.00718529255299863,-0.000235268716102863
11.4771559919243,-3.37081843125033e-07,-5.88318801122284e-09,1,3.20984662723359e-05,4.96308329072114e-07,-0.000653433464163781,-1.04448530400637e-05
11.4810529414279,8.25051025080263e-06,1.43998568846049e-07,0.99999999999999,3.84613033144452e-05,-2.55554199468557e-06,-0.000783138278023442,0.000446677000243431
11.4849691387326,3.69298232731029e-05,6.44547008295231e-07,0.999999999999792,0.00012781491852748,-1.27527277774954e-05,-0.00260384883323889,0.00199824504138482
11.4888853360374,4.71263642036292e-05,8.22510219847232e-07,0.999999999999662,4.54428614550126e-05,-1.63762988172016e-05,-0.00092527795657141,0.00264550324796902
11.4911021997867,1.6836237706799e-06,2.93847781632062e-08,1,-0.000357769142086655,-2.14405246371584e-07,0.00729043161829954,0.000118300160313708
11.4933190635359,-7.74392471399388e-07,-1.35156983285753e-08,1,-1.93518778529946e-05,6.60860461494678e-07,0.000394821606953189,-2.88650711693371e-05
11.4971275620447,-9.24014272139564e-06,-1.61270913842542e-07,0.999999999999987,-3.87961857338217e-05,3.67361276927725e-06,0.000791060387927107,-0.000481805019424913
11.502120920989,-0.000150316595555963,-2.62351951283722e-06,0.999999999996559,-0.000493104666907908,5.38480108443332e-05,0.0100482257803606,-0.0081160743501134
11.505057701941,-2.01088493025175e-05,-3.50965629116289e-07,0.999999999999938,0.000773824783292748,7.54249623629065e-06,-0.0157674390312413,-0.00114931621126977
11.5079944828929,3.42433542452722e-05,5.97659278506742e-07,0.999999999999821,0.00032301520717504,-1.17855716080826e-05,-0.0065813787819328,0.00180745171014072
11.5107185451575,2.00269039826592e-05,3.49535413478161e-07,0.999999999999939,-9.10859741536301e-05,-6.72814642947648e-06,0.00185657473556332,0.00108069605702202
11.5137774355695,1.05840281994346e-05,1.8472614020406e-07,0.999999999999983,-5.3878776639887e-05,-3.36838833002547e-06,0.00109835843947509,0.000585480058069548
11.5181791789336,-1.71841090037478e-05,-2.99919281136997e-07,0.999999999999955,-0.000110103061730881,6.50954251295616e-06,0.00224409512911255,-0.000816561744649429
11.5206130498889,-1.51349375322535e-05,-2.64154492021487e-07,0.999999999999965,1.46946119053837e-05,5.78143504286362e-06,-0.000299156152266544,-0.000786971899467957
11.5230469208442,-4.67581720824407e-06,-8.16084055052683e-08,0.999999999999997,7.50023686016671e-05,2.0627723069678e-06,-0.00152787999209262,-0.000240238511559533
11.5267638315728,-1.00512934823736e-05,-1.75428165351665e-07,0.999999999999985,-2.52413271924337e-05,3.97607752427536e-06,0.00051475683894436,-0.000535697400334469
11.5320565689884,-1.09643847806044e-06,-1.91364614877103e-08,1,2.95294649238527e-05,7.92255882310871e-07,-0.000601545361499356,-0.000303602431793974
11.5340487279905,-6.88619543939497e-07,-1.2018678335326e-08,1,3.57289912341603e-06,6.49225864684305e-07,-7.1796486863884e-05,-6.63613213383323e-05
11.5360408869926,-3.01308002483373e-07,-5.25881670594212e-09,1,3.39323398493093e-06,5.12471065707174e-07,-6.86465281292886e-05,-1.31377511240584e-05
11.5393536508662,6.40637465822863e-06,1.11812330902416e-07,0.999999999999994,3.53394181037928e-05,-1.87171177806147e-06,-0.000719695980376761,0.000347708073321883
11.543831328186,6.76200244326045e-05,1.18019206662769e-06,0.999999999999304,0.000238601323728559,-2.36398020977729e-05,-0.00486146918707588,0.00364953619713586
11.5480636327996,0.000138395216787385,2.41545220194885e-06,0.999999999997083,0.000291864657225599,-4.88068752467814e-05,-0.00594642291769968,0.00775781388965315
11.5499316433965,2.84585158551994e-05,4.9669480190422e-07,0.999999999999877,-0.00102716622872531,-9.70998817101522e-06,0.0209296923370986,0.00158470711977558
11.5517996539934,5.40740111859509e-06,9.43769534955085e-08,0.999999999999996,-0.000215372358740487,-1.51168032648315e-06,0.00438879086558366,0.000305965514592657
11.5550529359326,-4.38856067719133e-06,-7.65948332405407e-08,0.999999999999997,-5.25536335096661e-05,1.97330782500645e-06,0.00107122229693758,-0.000217678361921668
11.5594395399097,-8.37223438007802e-05,-1.46123055680976e-06,0.999999999998932,-0.000315650952489772,3.01890357371732e-05,0.00643224874171689,-0.00446094021609588
11.5624662287064,-4.80172726042905e-05,-8.38059504772443e-07,0.999999999999649,0.000205892013977699,1.74916813410557e-05,-0.0041951304706094,-0.00259545439099224
11.5654929175031,-1.99346134966405e-06,-3.47924640628876e-08,0.999999999999999,0.000265394658870646,1.12479832365695e-06,-0.00540752093020129,-0.000133536274513302
11.5690711754196,6.41633140060804e-05,1.11986108839686e-06,0.999999999999373,0.000322685949256815,-2.24020186800008e-05,-0.00657493605908235,0.00340330477179411
11.5721582458577,6.27469063373553e-05,1.09514011102713e-06,0.9999999999994,-8.00790842488547e-06,-2.18970238099485e-05,0.000163583850829645,0.0033830979186019
11.5750095774416,1.47872656518726e-05,2.58086472992239e-07,0.999999999999967,-0.000293565870331777,-4.83979666680312e-06,0.00598219696348096,0.000823257498293525
11.578172683202,-1.11720944137544e-05,-1.94989831863679e-07,0.999999999999981,-0.000143237798286835,4.39328540335413e-06,0.00291899252500424,-0.000569094641838279
11.5813357889623,-2.49114754482809e-05,-4.34787268102218e-07,0.999999999999906,-7.58107551277934e-05,9.28036000177137e-06,0.00154502408984598,-0.00132190836187254
11.5847174619793,-2.81021117131206e-05,-4.90474376157199e-07,0.99999999999988,-1.64673248342293e-05,1.04158837835494e-05,0.000335787574981766,-0.00151737102307564
11.5886355090793,6.02279491747987e-06,1.05117601482404e-07,0.999999999999994,0.000152012459891955,-1.71968813552103e-06,-0.00309735222916291,0.000221944636280757
11.5910693335909,1.45954328080392e-05,2.54738358253884e-07,0.999999999999968,6.14755731402642e-05,-4.76731511390251e-06,-0.0012521966821748,0.000771486296018222
11.5935031581024,4.73863000311037e-06,8.27046955880651e-08,0.999999999999997,-7.06844975256533e-05,-1.26113939248863e-06,0.0014406033404416,0.000259616084878865
11.5971036134853,9.57455534261654e-06,1.67107515143072e-07,0.999999999999986,2.34422623194872e-05,-2.98004797479157e-06,-0.000477414215567789,0.000525261404211635
11.6021518510069,2.17159734118119e-05,3.79015236311655e-07,0.999999999999928,4.19765750445247e-05,-7.29588228485443e-06,-0.000854919027004005,0.00134252849901568
11.6042775903675,-1.15170804399607e-06,-2.01010973894351e-08,1,-0.000187754125038166,8.36439601702596e-07,0.00382564393238471,-2.86729038947575e-05
11.606403329728,-9.26234512645532e-07,-1.61658418912696e-08,1,1.85124082998077e-06,7.56611209582143e-07,-3.75532361123658e-05,-3.86068823820003e-05
11.6099491669255,-7.86549280533785e-06,-1.3727874674507e-07,0.999999999999991,-3.41563636766138e-05,3.22525370205116e-06,0.000696208639881102,-0.00041117766777585
11.6147105444028,-9.54492301689576e-05,-1.66590333494144e-06,0.999999999998612,-0.000321046712947722,3.43741635892296e-05,0.00654199546991306,-0.00515178542398382
11.617918037835,-1.78929035055592e-05,-3.12290078913638e-07,0.999999999999951,0.000422015908884029,6.79251749303329e-06,-0.00859912784834475,-0.00104189805638234
11.6211255312672,7.292617153833e-05,1.27280180421769e-06,0.99999999999919,0.000494183984048095,-2.55055115031492e-05,-0.0100695542107627,0.00384911337883481
11.6237475263882,3.11686711165147e-05,5.43995934454411e-07,0.999999999999852,-0.000277958514844445,-1.0654086752946e-05,0.00566416948347238,0.00167484649064814
11.6264700743801,8.67678790912664e-06,1.51438517511494e-07,0.999999999999989,-0.000144187510416125,-2.654561905857e-06,0.00293824934246841,0.000478011790981152
11.6306126882943,-3.93728059997203e-06,-6.87185100444096e-08,0.999999999999998,-5.31444716104188e-05,1.83244587571148e-06,0.00108313443504656,-0.000154864089571762
11.633342516514,-1.63701487019754e-05,-2.85712993890543e-07,0.999999999999959,-7.94901606936937e-05,6.25430203574603e-06,0.00161982945600948,-0.00085873792930524
11.6360723447336,-8.03033480000534e-06,-1.40155782297573e-07,0.99999999999999,5.3321015053339e-05,3.2887100939587e-06,-0.00108636577219055,-0.000424260561979777
11.6398504472507,-1.19507724005704e-05,-2.08580326546419e-07,0.999999999999978,-1.8110822546299e-05,4.68346185011794e-06,0.000369167260509223,-0.000650191541420099
11.643159464185,9.8192265223999e-06,1.7137783281503e-07,0.999999999999985,0.000114825087604767,-3.05833937360937e-06,-0.00233960761686796,0.000511198454376959
11.6464684811192,3.18862722916255e-05,5.56520437676275e-07,0.999999999999845,0.000116391850665467,-1.09056983988248e-05,-0.00237150766560914,0.00170783557680929
11.6498390940293,3.59214322153217e-05,6.26947264189283e-07,0.999999999999803,2.08943679954487e-05,-1.23401414681314e-05,-0.000425573362347544,0.0019551162899602
11.6535377556254,-3.14729444236659e-06,-5.49306505490159e-08,0.999999999999998,-0.000184358016274169,1.55506708757467e-06,0.00375682072945396,-6.70311103895356e-05
11.6560505413501,-1.6382069320236e-05,-2.85921047928063e-07,0.999999999999959,-9.19260226258727e-05,6.26173603306474e-06,0.00187308806290167,-0.00085401112136701
11.6585633270748,-6.13194474193291e-06,-1.07022625297083e-07,0.999999999999994,7.11952558769017e-05,2.61659040590137e-06,-0.00145063926119558,-0.000320988683727526
11.6621546796393,-1.02530934050999e-05,-1.78950238433508e-07,0.999999999999984,-2.00280011065886e-05,4.08257135894229e-06,0.000408197448371499,-0.000550069523730039
11.6672622888729,9.28420253664587e-06,1.62039902686479e-07,0.999999999999987,6.67612038282772e-05,-2.86627989935024e-06,-0.00136048999453038,0.000290286427340661
11.6693290661156,3.88825799847723e-06,6.78629042404323e-08,0.999999999999998,-4.556707733236e-05,-9.46082877143215e-07,0.000929077881521153,0.000182802405385156
11.6713958433583,8.68281707897906e-07,1.51543746376581e-08,1,-2.55027627139819e-05,1.28267575083338e-07,0.0005198191803353,4.78500901907857e-05
11.6747978019682,7.14069265531536e-06,1.24628597708229e-07,0.999999999999992,3.21797633725179e-05,-2.10215447162756e-06,-0.000655628801656214,0.000385564974348731
11.6794032602751,7.24643606743862e-05,1.2647416841204e-06,0.9999999999992,0.000247556922771025,-2.53332379085731e-05,-0.00504425008082608,0.00392211651521691
11.6827887250408,1.77575070488014e-05,3.09926964947681e-07,0.999999999999952,-0.000282033571531875,-5.87678171643982e-06,0.00574705617648346,0.00105401254532911
11.6853473309542,-1.4840941081883e-05,-2.59023285973346e-07,0.999999999999966,-0.000222367285226245,5.71623631613478e-06,0.00453099008798979,-0.000767849646785733
11.6879059368676,-7.22724403799475e-06,-1.26139204308138e-07,0.999999999999992,5.19361270020364e-05,3.00855081524489e-06,-0.00105826594347159,-0.000379289450862101
11.6913763351003,-1.08230350000984e-05,-1.888975958103e-07,0.999999999999982,-1.80839163961935e-05,4.28748932559672e-06,0.000368527881984956,-0.000580119220898966
11.6961602502917,-1.08587429434839e-05,-1.89520816991493e-07,0.999999999999982,-1.30274295478995e-07,4.29967460391175e-06,2.54713510325155e-06,-0.000714201736173471
11.6983935157213,5.52241627627387e-06,9.63843466867037e-08,0.999999999999995,0.000128021129907655,-1.52537316089871e-06,-0.00260830964723832,0.000280185398479079
11.7006267811509,1.87289052231091e-06,3.26881061437217e-08,0.999999999999999,-2.85215719096304e-05,-2.27283172341329e-07,0.000581251996007944,0.00010281973006612
11.7042468718493,8.62855302854757e-06,1.50596660031083e-07,0.999999999999989,3.25706076758203e-05,-2.6297407072061e-06,-0.00066364567494103,0.000466938403979167
11.7091277166026,8.76642901570178e-05,1.53003049966302e-06,0.999999999998829,0.000282621945447808,-3.07373537771487e-05,-0.00575875990532287,0.00478414314867617
11.7117000220472,2.00273474624104e-06,3.49543153659992e-08,0.999999999999999,-0.000581220316367311,-2.73031856279194e-07,0.0118431976983714,0.000141530662002137
11.7142723274918,-5.39542870153133e-06,-9.4167995398324e-08,0.999999999999996,-5.01971144351924e-05,2.35794542220762e-06,0.00102280904626657,-0.00027772769167327
11.7176631812404,-1.29710863619105e-05,-2.2638816457587e-07,0.999999999999974,-3.89931795890222e-05,5.05213039156514e-06,0.00079454472800691,-0.000689873101938563
11.7219023044158,-4.57558918317084e-05,-7.98590964649606e-07,0.999999999999681,-0.000134981404503259,1.67113883383334e-05,0.00275039376409471,-0.00249935816069294
11.724667758891,4.99737601613299e-06,8.72206654417178e-08,0.999999999999996,0.00032031322085049,-1.33830721130402e-06,-0.00652684602512896,0.00024749770471057
11.7274332133663,9.91219584974428e-06,1.73000453680554e-07,0.999999999999985,3.10183331548938e-05,-3.08612753747965e-06,-0.000632019200388572,0.000530531425827682
11.7308307911269,1.63265487221843e-05,2.84952030689385e-07,0.999999999999959,3.2950409055419e-05,-5.36731303793817e-06,-0.000671415243801948,0.000884856632120416
11.7350076877882,2.65852995291599e-05,4.64001009412722e-07,0.999999999999892,4.28665090957474e-05,-9.015416766283e-06,-0.000873400522965006,0.00150615668755626
11.7374325404172,-4.79671089420322e-06,-8.37183983701275e-08,0.999999999999996,-0.000225877400231114,2.1448418267014e-06,0.00460244818983959,-0.000236719649362447
11.7398573930462,-2.79650456017328e-06,-4.88082121220596e-08,0.999999999999999,1.4396828009468e-05,1.43334498316818e-06,-0.000293418591721036,-0.000142807525140289
11.7436630724917,-1.12755524935145e-05,-1.96795515993283e-07,0.999999999999981,-3.8885908807775e-05,4.44866849088089e-06,0.000792321988978787,-0.00060115956404998
11.7486857242001,-8.87471201062586e-05,-1.54892944751645e-06,0.9999999999988,-0.000269207185774338,3.19995201454133e-05,0.005485319957354,-0.00490375137943438
11.7507472639733,-1.15678636168091e-05,-2.01897307534977e-07,0.99999999999998,0.000653410696933948,4.5522001727553e-06,-0.0133139900229418,-0.000638641491253588
11.7528088037465,-1.53262211151564e-06,-2.67493020348155e-08,1,8.49597993571064e-05,9.83285296768477e-07,-0.00173118895028554,-8.10900152558654e-05
11.7565488638037,6.6903865605056e-06,1.16769273712001e-07,0.999999999999993,3.8373334532813e-05,-1.94136347868629e-06,-0.000781979094117347,0.000354947506661778
11.7602937166434,3.15981040082189e-05,5.51490952331009e-07,0.999999999999848,0.000116085116618058,-1.07996928893103e-05,-0.00236546796088038,0.00169763669667747
11.7640385694832,5.09251805130106e-05,8.88812072124373e-07,0.999999999999605,9.00759346838847e-05,-1.76730737848674e-05,-0.00183542082685118,0.00279151084871707
11.7668513866084,-6.92185411007415e-06,-1.20809144563496e-07,0.999999999999993,-0.000358935960546929,2.8992283203603e-06,0.00731377163509385,-0.00033547367003101
11.7696642037337,-1.40133603628628e-05,-2.44579277600421e-07,0.99999999999997,-4.40021969173415e-05,5.42090423854326e-06,0.000896494797177758,-0.000739339530579508
11.7729148835835,-1.67716390445193e-05,-2.92720322282893e-07,0.999999999999957,-1.48095312076033e-05,6.40153137962457e-06,0.000301668323665473,-0.000899936357825508
11.7768964010286,-1.85856730133482e-05,-3.24381187781976e-07,0.999999999999947,-7.95195950684047e-06,7.04605182764396e-06,0.000161878092186997,-0.00104988749214303
11.7794768477153,7.85418104595902e-06,1.37081319299717e-07,0.999999999999991,0.000178830475153153,-2.35697103516104e-06,-0.00364395161172579,0.000410452607088999
11.7820572944019,4.55367123866428e-06,7.94765561680602e-08,0.999999999999997,-2.23235625946426e-05,-1.18334607710584e-06,0.000454814650550697,0.000246335926660687
11.7858303399054,1.26816702708056e-05,2.21336900877837e-07,0.999999999999975,3.75983657178196e-05,-4.07429370665739e-06,-0.000766210645189911,0.000689631236044128
11.7908475585259,3.2700979281005e-05,5.70739757079955e-07,0.999999999999837,6.96407477193644e-05,-1.11933002876786e-05,-0.00141891496454901,0.00196984129268651
11.7929001003712,2.79759876401138e-06,4.88273095817223e-08,0.999999999999999,-0.000254276154558706,-5.59714672753372e-07,0.00518069126784518,0.000185890397935423
11.7949526422165,5.2505084430957e-08,9.16386597357814e-10,1,-2.3342239328107e-05,4.1617534060859e-07,0.000475454381399381,1.15688454550325e-05
11.7983881834001,-6.94888435778569e-06,-1.21280911383692e-07,0.999999999999993,-3.55685731742715e-05,2.90575534998239e-06,0.000724654392524685,-0.000363986354614357
11.8030108697756,-8.65829968975545e-05,-1.51115837210579e-06,0.999999999998858,-0.000300664450888508,3.1226043702236e-05,0.0061263702643305,-0.00465845946906613
11.8071861298308,-0.000160033265191885,-2.79310739031199e-06,0.999999999996099,-0.000307034532284907,5.73452683601861e-05,0.00625571205452498,-0.0089629026802243
11.8090210153113,-3.53070423792814e-05,-6.16224138659594e-07,0.99999999999981,0.00118638643922311,1.29893745923599e-05,-0.0241736578320122,-0.00194918725231064
11.8108559007919,-7.23656818887081e-06,-1.26301941440878e-07,0.999999999999992,0.00026700423672816,3.00647496343738e-06,-0.00544061181731707,-0.000393357898676294
11.8140090594798,3.70288019912075e-06,6.46274512815603e-08,0.999999999999998,6.05517868327202e-05,-8.84430601780884e-07,-0.00123397074181157,0.00019281691497133
11.8182759092331,6.93076246272889e-05,1.2096462464822e-06,0.999999999999268,0.00026835226488351,-2.42166417984944e-05,-0.00546825235150808,0.00370058475739377
11.8220844372917,0.000172410246917983,3.00912647289067e-06,0.999999999995473,0.000472487060281459,-6.08837494924791e-05,-0.00962763228462452,0.00935554163792614
11.8251690501152,3.54089063751767e-06,6.18002000777244e-08,0.999999999999998,-0.000955493101222143,-8.27541866090653e-07,0.0194696096600542,0.000336143625560044
11.8279043083069,-4.38422884448605e-05,-7.65192284971806e-07,0.999999999999707,-0.000302345309688228,1.60227708538241e-05,0.00616041029362017,-0.002308142726337
11.8303391879712,-1.25264864260255e-05,-2.1862843184052e-07,0.999999999999976,0.000224472634577359,4.88509798875034e-06,-0.00457421901715662,-0.000665195898750395
11.833407111012,-7.78226666717573e-06,-1.35826176610422e-07,0.999999999999991,2.69896780751751e-05,3.19735665516642e-06,-0.000550125055664403,-0.000418577746245315
11.837979790407,2.18708257082285e-06,3.81717918738409e-08,0.999999999999999,3.80516440046065e-05,-3.49259863424354e-07,-0.000775610142818873,4.1496582625889e-05
11.8404545623146,1.18337563759534e-05,2.06538011639257e-07,0.999999999999979,6.80330252862967e-05,-3.78003297893912e-06,-0.00138629871505439,0.000623468538569849
11.8429293342221,4.15787372753624e-06,7.2568586427677e-08,0.999999999999997,-5.41340496075106e-05,-1.05052821453587e-06,0.00110293185244904,0.000224853769185232
11.8467067407333,1.05919150848117e-05,1.84863792321618e-07,0.999999999999983,2.97281231346398e-05,-3.33931549581995e-06,-0.000605915003987551,0.000576978425177599
11.8519838416224,1.16937068666552e-05,2.04093686586202e-07,0.999999999999979,3.64402626911276e-06,-3.73065739652216e-06,-7.41585027323699e-05,0.000891793179408884
11.8539636059962,2.65485055149388e-06,4.63358832719555e-08,0.999999999999999,-7.96851410198102e-05,-5.17662002091281e-07,0.00162291807899497,0.000185136204265762
11.85594337037,4.93230864243007e-07,8.60850255349764e-09,1,-1.90565004690762e-05,2.50555525091339e-07,0.000388034827446843,3.56135592797345e-05
11.8592452505878,-6.43719028055868e-06,-1.12350164973126e-07,0.999999999999994,-3.66332693947149e-05,2.71467729167303e-06,0.000746278363860935,-0.000337099350942109
11.8637057553793,-6.85209201333108e-05,-1.19591566282206e-06,0.999999999999285,-0.000242924410687671,2.47931308357556e-05,0.00494976568258887,-0.00368266658531916
11.8678878927274,-0.000148752754264593,-2.59622533332426e-06,0.99999999999663,-0.000334831105235369,5.33243137145732e-05,0.00682215348376683,-0.00826849432045247
11.8697043137426,-3.22309235145987e-05,-5.62535736288179e-07,0.999999999999842,0.00111961355873653,1.18856810109002e-05,-0.0228133413762289,-0.00177090179751992
11.8715207347579,-6.54789359529329e-06,-1.14282302308117e-07,0.999999999999993,0.000246778379141557,2.75166613474081e-06,-0.00502857806616063,-0.000355004746942707
11.8748744959965,3.61054220769979e-06,6.30158493065862e-08,0.999999999999998,5.28654662635689e-05,-8.61749378479625e-07,-0.00107742181275267,0.000185050096840578
11.8793651311696,0.000112627143846697,1.96571448724087e-06,0.999999999998068,0.000423703677668452,-3.96333034377051e-05,-0.00863386860971279,0.00600384007024652
11.8821196169155,4.20731265985257e-05,7.34314585752611e-07,0.99999999999973,-0.000447052559024331,-1.45418352370094e-05,0.00910931132545219,0.00227488462090283
11.8848741026614,5.71360252535545e-06,9.97211762177153e-08,0.999999999999995,-0.000230385439636165,-1.61156219463505e-06,0.00469426028496903,0.000323606967451676
11.8893036628639,-8.35334889691393e-05,-1.45793441818933e-06,0.999999999998937,-0.000351650169134423,3.01276908248933e-05,0.00716532828732427,-0.00437628295533754
11.8917237518147,-2.61675107058858e-05,-4.56709218868557e-07,0.999999999999896,0.000413714214512985,9.72512844839447e-06,-0.0084305010235134,-0.0013900598486469
11.8941438407655,-5.70403250711469e-06,-9.9554147889938e-08,0.999999999999995,0.000147579315571983,2.44694820597903e-06,-0.00300740195524048,-0.000303571172443146
11.8979786142717,-8.66961848056167e-06,-1.51313387377549e-07,0.999999999999989,-1.34973393872963e-05,3.50072330738069e-06,0.000274794612948384,-0.000475167945482877
11.9013073209443,9.12293051895814e-06,1.59225174986494e-07,0.999999999999987,9.32910565314293e-05,-2.82775174124061e-06,-0.00190118135095427,0.000474253514205604
11.9046360276168,2.7587274212079e-05,4.81488766651284e-07,0.999999999999884,9.68134544037038e-05,-9.39506316612517e-06,-0.00197293185340433,0.00147589145742494
11.9081436844699,3.77776546720809e-05,6.59344457709182e-07,0.999999999999783,5.07049858376272e-05,-1.30197675269882e-05,-0.00103336914433223,0.00205504340495699
11.912009945529,-1.44414891308437e-05,-2.52051534224194e-07,0.999999999999968,-0.000235730587770632,5.55110807361279e-06,0.00480331651608222,-0.000632574497639003
11.9143561340053,-1.48773546542723e-05,-2.59658822703951e-07,0.999999999999966,-3.24240296823535e-06,5.70492945839213e-06,6.55622454589093e-05,-0.000773371873513808
11.9167023224817,-4.37832241448906e-06,-7.64161418467019e-08,0.999999999999997,7.81022849205639e-05,1.97041525849415e-06,-0.001591736656088,-0.000229669927037975
11.9202240500922,-9.02416818443153e-06,-1.57501447072048e-07,0.999999999999988,-2.3024297785767e-05,3.62179939730822e-06,0.000468913079442437,-0.000483882432169475
11.9251244017658,-4.06262898941008e-05,-7.09062521521698e-07,0.999999999999749,-0.000112555406467173,1.48589403262134e-05,0.00229312948895772,-0.0022913958947829
11.9273200864486,-1.218369243844e-06,-2.12645548101115e-08,1,0.000313249881493369,8.43965459935207e-07,-0.00638296335329927,-8.15916944332552e-05
11.9295157711315,5.67183828497166e-07,9.8992252713424e-09,1,1.41931946441672e-05,2.08506462498304e-07,-0.000289412684065783,2.99125560042975e-05
11.9333014237876,8.7800338081383e-06,1.53240498388429e-07,0.999999999999988,3.78643489355666e-05,-2.71323464146297e-06,-0.000771793233407452,0.000469321878004934
11.9382897250209,0.000144662826402925,2.52484262596934e-06,0.999999999996813,0.000475432821049355,-5.10392660410142e-05,-0.00968787351435638,0.00782305438200764
11.9412328532474,1.89359671652749e-05,3.30494974083579e-07,0.999999999999945,-0.000745583434681651,-6.32660256110446e-06,0.0151922240682447,0.0010966033792725
11.944175981474,-3.45116480415528e-05,-6.02341888614513e-07,0.999999999999819,-0.000316954203446104,1.26804565626321e-05,0.00645811451639259,-0.00181067706939784
11.9469090890083,-2.05037143879985e-05,-3.578573249591e-07,0.999999999999936,8.94529617265007e-05,7.69780178418453e-06,-0.00182307308293294,-0.0010948688510227
11.9499731913698,-1.08994677046482e-05,-1.90231598160898e-07,0.999999999999982,5.47063077597005e-05,4.28130894520856e-06,-0.00111500610483755,-0.00059124359230205
11.9543905487693,1.92746848524308e-05,3.36406712959188e-07,0.999999999999943,0.000119220217767087,-6.45143402586421e-06,-0.00242967502977139,0.00093575892541609
11.9568067009046,1.50160125890883e-05,2.62078860200505e-07,0.999999999999966,-3.07629025811627e-05,-4.9370575338904e-06,0.000626771994141178,0.000791494761612074
11.9592228530398,4.35970389703654e-06,7.60911874153154e-08,0.999999999999997,-7.69768054212954e-05,-1.14782296719216e-06,0.0015682930355995,0.000234352912484901
11.9629295658923,9.72675038184886e-06,1.69763819682877e-07,0.999999999999986,2.52710787145939e-05,-3.05750119553656e-06,-0.000515194541455724,0.000528901459437211
11.9681944640522,8.82617458661704e-06,1.54045806892316e-07,0.999999999999988,-2.98543529492087e-06,-2.7373619821279e-06,6.08063449071839e-05,0.000712516831290284
11.9702067476145,8.27786362088438e-07,1.44475975215492e-08,1,-6.93730307108432e-05,1.0551729858492e-07,0.00141276276061897,8.19589333086777e-05
11.9722190311769,2.37632501992399e-08,4.14746956951936e-10,1,-6.97359498783324e-06,3.90743564438414e-07,0.000141742581010047,8.54652211834988e-06
11.9755769515998,-6.7392558327036e-06,-1.1762220341491e-07,0.999999999999993,-3.51518009683385e-05,2.79500811612696e-06,0.000715998072891031,-0.000354984015917239
11.9801104244958,-7.38124724306534e-05,-1.28827067295209e-06,0.99999999999917,-0.000258223330411567,2.66474564075536e-05,0.00526140749896944,-0.00397339788420566
11.9843340378975,-0.000143623178152064,-2.50669734092928e-06,0.999999999996858,-0.000288479686013404,5.14717921762727e-05,0.00587751136465775,-0.00805550670729055
11.9862000130795,-3.01187703030586e-05,-5.25671708440239e-07,0.999999999999862,0.00106165701005655,1.11063813052098e-05,-0.0216323406987807,-0.0016678365280857
11.9880659882614,-5.93880582718009e-06,-1.03651715320918e-07,0.999999999999995,0.000226165919678507,2.50678184518028e-06,-0.00460863549702571,-0.00032493407742383
11.9912626803584,4.11854708933928e-06,7.18822071073995e-08,0.999999999999997,5.49111134583639e-05,-1.07091140263475e-06,-0.00111918606462076,0.000213623121619195
11.9955850988857,7.36059464773673e-05,1.28466611507643e-06,0.999999999999175,0.000280579934657894,-2.57845921233115e-05,-0.00571755848358322,0.00393119823723706
11.9994163185626,0.000180349852190887,3.14769872621089e-06,0.999999999995046,0.000486276634661793,-6.37471659417165e-05,-0.00990874369516525,0.00979659071242713
12,0.000106238509654329,1.85421178587876e-06,0.999999999998281,-0.00221608373596698,-3.73908342608178e-05,0.0451553364447627,0.00575877443324387
12.0029184071868,6.91406907368335e-06,1.20673270046089e-07,0.999999999999993,-0.000594001592256162,-2.06808087965273e-06,0.0121034355796778,0.000432406652082848
12.0060483917101,-4.40868537199612e-05,-7.69460754258358e-07,0.999999999999704,-0.000284389273396087,1.6068773430144e-05,0.00579455079574537,-0.00232567929070064
12.0088906115997,-2.84755354691417e-05,-4.96991850204931e-07,0.999999999999877,9.58648220873537e-05,1.05157451572773e-05,-0.0019537644828634,-0.00152644851265243
12.0119232221371,-1.13837228286093e-05,-1.98683444493674e-07,0.99999999999998,9.83668697424573e-05,4.43627529798095e-06,-0.00200469852107154,-0.000622455965177622
12.0155480436635,1.42515635222452e-05,2.48736707020296e-07,0.999999999999969,0.000123432325772884,-4.68181336834357e-06,-0.00251545865084412,0.000730647925214621
12.0191728651899,9.04671710139569e-05,1.57894999915767e-06,0.999999999998753,0.000366973458542298,-3.17880505505721e-05,-0.00747795084113327,0.00482701269040133
12.0221946544421,5.36253078628476e-05,9.35938184602157e-07,0.999999999999562,-0.000212791747170788,-1.86862672385935e-05,0.00433577004169659,0.00290621930578127
12.0252220542845,4.00208490519471e-06,6.98495585400128e-08,0.999999999999998,-0.000286083329310963,-1.03920077747147e-06,0.00582911652901279,0.000253674879139286
12.0288309168177,-7.11537887388324e-05,-1.24186788876077e-06,0.999999999999229,-0.000363471158907044,2.5688128038134e-05,0.00740602574059362,-0.00375931587061947
12.031871160911,-6.63024537114844e-05,-1.15719611941628e-06,0.99999999999933,2.78503194964578e-05,2.39615365833156e-05,-0.000567912115558492,-0.00356187337616099
12.0346342251254,-1.49216369055664e-05,-2.60431693789228e-07,0.999999999999966,0.000324554319415641,5.68763601303508e-06,-0.00661363585928123,-0.000817023071678148
12.0380742817572,1.37206454816023e-05,2.3947043915284e-07,0.999999999999971,0.000145317995152733,-4.4998030341516e-06,-0.00296141608631499,0.000703676395509276
12.041514338389,6.15889923617528e-05,1.07493069969802e-06,0.999999999999422,0.000242862356633119,-2.15246069558449e-05,-0.00494898943360886,0.00328625249849839
12.0445941498987,4.1003516293326e-05,7.15646364213618e-07,0.999999999999744,-0.000116657897521776,-1.42043497883764e-05,0.00237685233152148,0.00222269583602272
12.0478499878948,2.7858653676842e-06,4.86225231833717e-08,0.999999999999999,-0.000204870095453089,-6.13563820045041e-07,0.00417428200814194,0.00019662652883715
12.0507471692839,-2.06717292457068e-05,-3.6078973741838e-07,0.999999999999935,-0.000141313989567597,7.7277991258905e-06,0.00287913037726065,-0.00108987832265933
12.053644350673,-1.50401669340924e-05,-2.6250043304949e-07,0.999999999999966,3.39258372765319e-05,5.72399058594083e-06,-0.000691640691692305,-0.000806035980292181
12.0571594521593,-1.39669045786353e-05,-2.43768471209054e-07,0.99999999999997,5.32899602293858e-06,5.34108950488166e-06,-0.000108930306153967,-0.000766928385248655
12.0604263995132,1.11158498489197e-05,1.94008179020961e-07,0.999999999999981,0.000134001746218838,-3.58036438838039e-06,-0.00273082266923058,0.000573191131348284
12.0636933468671,3.25565571997869e-05,5.68219116250117e-07,0.999999999999839,0.000114544526339062,-1.12064576580718e-05,-0.00233431777238334,0.00173841292866134
12.0670058274798,3.28297861378774e-05,5.72987860831522e-07,0.999999999999836,1.43962943153896e-06,-1.1304523856075e-05,-2.96050632351046e-05,0.00178201417356521
12.0707043796196,-2.59094341855821e-06,-4.52204933867183e-08,0.999999999999999,-0.000167148746552061,1.29163629004251e-06,0.00340570030383188,-5.09842639940224e-05
12.0732558189448,-1.66607078747543e-05,-2.90784208127406e-07,0.999999999999958,-9.62451712300155e-05,6.29418621802238e-06,0.00196067759812782,-0.000874914736112035
12.07580725827,-6.49371607692952e-06,-1.13336726232109e-07,0.999999999999994,6.95479920450896e-05,2.67750260207904e-06,-0.00141750720080461,-0.000345811428562259
12.0794148114895,-1.04350271474714e-05,-1.82125581258367e-07,0.999999999999983,-1.90680083817923e-05,4.07797101771721e-06,0.00038820450605887,-0.000566145238630455
12.083486495943,6.82285975201223e-06,1.19081367074417e-07,0.999999999999993,7.39760047149832e-05,-2.06117497406471e-06,-0.00150776565862042,0.000312648594852324
12.0862233776078,1.87758643872346e-05,3.27700653465185e-07,0.999999999999946,7.62251759277867e-05,-6.31278799255664e-06,-0.00155345153326029,0.000994699903584439
12.0889602592726,8.88245114000924e-06,1.55028018040684e-07,0.999999999999988,-6.30910125370347e-05,-2.7951250574671e-06,0.00128528134057366,0.000477976794330494
12.0926792720099,1.11287302886763e-05,1.94232985103819e-07,0.999999999999981,1.05417673538789e-05,-3.59511634597848e-06,-0.000215108509976196,0.000614476569209519
12.0959109682111,-9.66304083356117e-06,-1.68651878300299e-07,0.999999999999986,-0.000112289287361804,3.79819068906206e-06,0.0022877481590826,-0.000498320601488524
12.0991426644123,-2.44428715547634e-05,-4.26608587272675e-07,0.999999999999909,-7.9820841103666e-05,9.05333226510262e-06,0.00162612487339224,-0.00130409778267978
12.1026187664257,-3.21856750638751e-05,-5.61746001841627e-07,0.999999999999842,-3.8876135984615e-05,1.18056728135795e-05,0.000791789348492732,-0.0017468837948939
12.106558790771,1.09060332325484e-05,1.90346188239889e-07,0.999999999999982,0.000190885163181122,-3.52130979070153e-06,-0.00389007307092921,0.000453864309290643
12.1089163549197,1.4168026438926e-05,2.47278709868863e-07,0.999999999999969,2.41488748719683e-05,-4.68157335379069e-06,-0.000492145065805125,0.00073951864878083
12.1112739190683,4.24660518682677e-06,7.41172425423959e-08,0.999999999999997,-7.34493131072745e-05,-1.15381543488093e-06,0.00149635712813726,0.000226018717682132
12.1148214428004,9.12036851568474e-06,1.59180459593926e-07,0.999999999999987,2.39781953486553e-05,-2.88826807853713e-06,-0.000488919250342783,0.000492443659953076
12.1197508334238,4.11241820192709e-05,7.17752378425666e-07,0.999999999999742,0.000113314598396672,-1.42710443907927e-05,-0.00230916500270897,0.00232890119736186
12.1219328576217,1.34690139617477e-06,2.35078640629583e-08,1,-0.000318165359957866,-1.26009819374993e-07,0.00648252873868573,9.25996139564114e-05
12.1241148818196,-5.68804354735725e-07,-9.92750878982021e-09,1,-1.53230990219549e-05,5.54464672780507e-07,0.000311854695657947,-2.67726026634974e-05
12.1278657244758,-8.60478678126931e-06,-1.50181860765234e-07,0.999999999999989,-3.73927580629585e-05,3.41111273292296e-06,0.000761601677804986,-0.000456777791171449
12.1328199997992,-0.00013832217757405,-2.4141774271931e-06,0.999999999997086,-0.000456978148906023,4.9541611164714e-05,0.00931125046976629,-0.00747360473345155
12.1358567828968,-2.21709140329229e-05,-3.8695544805111e-07,0.999999999999925,0.000667555737094386,8.23253100738431e-06,-0.0136029076918143,-0.00127871203574937
12.1388935659944,4.91062308291474e-05,8.57065411212863e-07,0.999999999999633,0.000409650877018094,-1.71171877299974e-05,-0.00834755658283214,0.00258191607264334
12.1415395150956,2.36151364929944e-05,4.12161885110607e-07,0.999999999999915,-0.000168145156649296,-8.05220364594227e-06,0.00342598581357652,0.00126345254243393
12.1444242428767,9.2747492842956e-06,1.61874912307945e-07,0.999999999999987,-8.67627699383274e-05,-2.95313537699247e-06,0.00176760812664235,0.000504465747963379
12.1486754016316,-6.4125410286645e-06,-1.11919954369419e-07,0.999999999999994,-6.4404761726969e-05,2.62472981547814e-06,0.00131208113222059,-0.000280582871180937
12.1512927073605,-1.55526443773887e-05,-2.71444851777214e-07,0.999999999999963,-6.09500432631207e-05,5.87413556307227e-06,0.00124150790323978,-0.000820396824931747
12.1539100130894,-6.25533952896914e-06,-1.09176270610663e-07,0.999999999999994,6.19983288067187e-05,2.56669072302999e-06,-0.00126368303234595,-0.000334478441021464
12.157688452671,-1.10457383359714e-05,-1.9278450227646e-07,0.999999999999981,-2.21277143275732e-05,4.26898114506794e-06,0.000450527363286267,-0.000603273264092965
12.1612958088457,9.99077327080814e-06,1.74371888395844e-07,0.999999999999985,0.000101779911073571,-3.2137584413735e-06,-0.00207430018663201,0.000505385575998438
12.1649031650204,7.408195062876e-05,1.29297395477139e-06,0.999999999999164,0.000310089165638591,-2.6008263829747e-05,-0.00631889513661048,0.00394742492350827
12.1680155429842,5.58364227053889e-05,9.74529418744202e-07,0.999999999999525,-0.000102315509147457,-1.95202327867423e-05,0.00208458969907537,0.00302165928907882
12.1710786863293,6.45099255227026e-06,1.12591060058748e-07,0.999999999999994,-0.000281390147823426,-1.95785150328475e-06,0.00573345067624034,0.000386961927735354
12.1747892544012,-8.89130792680726e-05,-1.55182598131395e-06,0.999999999998796,-0.000448561246995893,3.1956192368651e-05,0.00913985223157589,-0.00469330600357601
12.1777740604504,-7.72130951677271e-05,-1.34762273633215e-06,0.999999999999092,6.84142425398227e-05,2.77937553355568e-05,-0.00139454187794091,-0.00414574163846103
12.1803909149426,-1.50979356214387e-05,-2.63508686848239e-07,0.999999999999965,0.00041428136439993,5.70225905045079e-06,-0.00844200407418673,-0.000822995712483327
12.1845017926501,2.34747228517881e-05,4.09711204756843e-07,0.999999999999916,0.000163765487447247,-8.01751979511716e-06,-0.00333743298189832,0.00116743771900072
12.1869905563874,1.81968678793556e-05,3.17595258045148e-07,0.99999999999995,-3.70127325988895e-05,-6.1409511765913e-06,0.00075401637784114,0.000961399536289506
12.1894793201248,5.53031855272182e-06,9.65222674291233e-08,0.999999999999995,-8.88284361025673e-05,-1.63702562498351e-06,0.00180970394419003,0.000296121093169395
12.1931846912291,9.71846888724864e-06,1.69619280335117e-07,0.999999999999986,1.97273122846073e-05,-3.12773192363421e-06,-0.000402309581595798,0.000529779212456954
12.1970958260961,-8.87771072741652e-06,-1.54945282233038e-07,0.999999999999988,-8.29847534297817e-05,3.48460841143627e-06,0.00169064493041933,-0.000434067530443159
12.1999946176506,-2.26021572590121e-05,-3.94482062223287e-07,0.999999999999922,-8.26333234011508e-05,8.3643767237375e-06,0.00168338020194425,-0.00119977911982737
12.202893409205,-1.31581315733953e-05,-2.29652719366369e-07,0.999999999999974,5.68613988835014e-05,5.00462167760971e-06,-0.00115901919232035,-0.000708666642908772
12.2065999175692,-1.04878019261186e-05,-1.83046674907771e-07,0.999999999999983,1.2574110154278e-05,4.05352063882157e-06,-0.000256602965741794,-0.000589976132154338
12.2094772738679,9.10351761766351e-06,1.58886355941538e-07,0.999999999999987,0.00011883583239237,-2.91483148919303e-06,-0.00242178979749019,0.000475455170873678
12.2123546301666,8.72914757605737e-06,1.52352366094683e-07,0.999999999999988,-2.27083098806133e-06,-2.78263431703889e-06,4.59439702383625e-05,0.000466793982901819
12.2161479036655,1.85823605119564e-05,3.24323373726212e-07,0.999999999999947,4.5335778630623e-05,-6.28805460927558e-06,-0.000924114829382405,0.00101141368038326
12.2197464066161,-7.37461813862214e-06,-1.28711367596252e-07,0.999999999999992,-0.00012589533690757,2.94215563038791e-06,0.00256501394232588,-0.000349978520219956
12.2233449095666,-9.83547140379334e-05,-1.71661359481858e-06,0.999999999998527,-0.00044126745178301,3.52969361140016e-05,0.00899117797823724,-0.00522658003150681
12.2262463285593,-5.54103816721681e-05,-9.67093599965903e-07,0.999999999999532,0.000258328768353365,2.00229070998665e-05,-0.00526433067844571,-0.00298756420418284
12.2290439137594,-9.48995473173019e-06,-1.65630955933906e-07,0.999999999999986,0.000286483730322859,3.690834056085e-06,-0.0058379180169254,-0.000528270501213626
12.2323655332679,1.616244433538e-05,2.82087868822683e-07,0.99999999999996,0.000134789316964233,-5.43333433891892e-06,-0.00274690354263714,0.000843605011442943
12.2356871527763,3.88988303741633e-05,6.78912665203876e-07,0.99999999999977,0.000119467264499717,-1.35203330826405e-05,-0.0024346553610951,0.00208155768602943
12.2389861232133,3.18180914619106e-05,5.55330457711008e-07,0.999999999999846,-3.74608411482772e-05,-1.10031294874686e-05,0.000763027024112927,0.00173433766318221
12.2428448266406,-2.92457735424094e-05,-5.10435040607667e-07,0.99999999999987,-0.000276197826130897,1.07127226486668e-05,0.00562775879125604,-0.0014414039754501
12.2452338702377,-1.83400465569515e-05,-3.20094197387848e-07,0.999999999999949,7.96724025687786e-05,6.8327943321658e-06,-0.00162405086339376,-0.000964060468189696
12.2476229138348,-5.07644864144853e-06,-8.86007431016698e-08,0.999999999999996,9.68979614145368e-05,2.11481150140267e-06,-0.0019748416632315,-0.000270256223895936
12.251189449678,-9.14432158978645e-06,-1.59598519602975e-07,0.999999999999987,-1.99066488108037e-05,3.56021420726979e-06,0.000405267960122001,-0.000494826493289136
12.2562739405367,-1.42987418023267e-05,-2.49560123343146e-07,0.999999999999969,-1.76933357220497e-05,5.39060981835746e-06,0.000359995850503926,-0.000939522109025903
12.2583993504492,2.16892128097781e-06,3.78548175696358e-08,0.999999999999999,0.000135228004362668,-4.65865814731234e-07,-0.00275545700563109,9.03630867998116e-05
12.2605247603616,9.6299529145644e-07,1.68074385171173e-08,1,-9.90273872783937e-06,-3.7618042627618e-08,0.00020148949602416,4.78401569138707e-05
12.2640588387884,7.75813691498187e-06,1.35405032986949e-07,0.999999999999991,3.35582803062104e-05,-2.4554724094565e-06,-0.0006841541343596,0.000412882169084893
12.268813791545,9.13303711807884e-05,1.59401568417262e-06,0.99999999999873,0.00030675607642281,-3.21784032859097e-05,-0.00625094136535434,0.00493998892924425
12.2719422717928,1.24620751636391e-05,2.17504243236511e-07,0.999999999999976,-0.000439993649278323,-4.1307184591816e-06,0.00896527470365362,0.000743262368282014
12.2750707520406,-5.29953781399446e-05,-9.2494383688133e-07,0.999999999999572,-0.00036517669590892,1.91472262507357e-05,0.00744065580279176,-0.00279381347489122
12.2777947050274,-2.77819289872777e-05,-4.8488613338323e-07,0.999999999999882,0.00016155113749396,1.01791350805684e-05,-0.00329230761823477,-0.00148865557031057
12.2806972578676,-9.87164808020705e-06,-1.72292761597789e-07,0.999999999999985,0.00010769601416473,3.80847108581325e-06,-0.00219484858523735,-0.000538474158776893
12.2851165436079,2.48111147802547e-05,4.33035644005661e-07,0.999999999999906,0.000136974262624767,-8.52808787565642e-06,-0.00279152779124859,0.00123473906372808
12.2875526505461,1.63989437744112e-05,2.86215562712898e-07,0.999999999999959,-6.02683236052747e-05,-5.53680713697704e-06,0.00122789385461149,0.0008645264553141
12.2899887574844,4.68617791309075e-06,8.17892339176701e-08,0.999999999999997,-8.39151703825942e-05,-1.37207762497815e-06,0.00170958402793054,0.000250067818316666
12.2937203982587,9.75354273534805e-06,1.70231434465797e-07,0.999999999999985,2.37006201555264e-05,-3.17549722424134e-06,-0.000483277922058369,0.000529529649573666
12.2978842697428,-4.75637647854593e-06,-8.30144300150397e-08,0.999999999999997,-6.08198080671551e-05,1.98360309599969e-06,0.00123901526257698,-0.000198248373280245
12.3,-1.98483752835845e-06,-3.46419499870012e-08,0.999999999999999,2.28632548331064e-05,9.96926568943305e-07,-0.000466352704323999,-9.81692214592995e-05
12.3030228050463,-6.08875446811101e-06,-1.06268812814053e-07,0.999999999999994,-2.36954953198992e-05,2.45534564958759e-06,0.000482472094070362,-0.000323765479462204
12.3072009433992,-3.33559857702608e-05,-5.82171776939396e-07,0.999999999999831,-0.00011390311280439,1.21510689589677e-05,0.00232058454995781,-0.00180207302239942
12.3118147021513,-6.03496442237497e-05,-1.05329999411142e-06,0.999999999999445,-0.00010211375203642,2.1747760351626e-05,0.00208001586303165,-0.00355404724058391
12.3137674468674,-1.17401824415047e-05,-2.04904838389082e-07,0.999999999999979,0.000434462911988286,4.46116000902809e-06,-0.00885246299741852,-0.000677942929492572
12.3157201915835,-2.17479648239833e-06,-3.79573591786417e-08,0.999999999999999,8.54937554483101e-05,1.05888058666069e-06,-0.00174230630063028,-0.000124105798169597
12.3189265083725,5.53216358890844e-06,9.65544693853982e-08,0.999999999999995,4.19521330604758e-05,-1.68312822649961e-06,-0.00085518961277024,0.000290401906630149
12.3232722013231,6.20585622758663e-05,1.0831262407676e-06,0.999999999999413,0.000227022889694111,-2.17875787879463e-05,-0.00462629338743047,0.00332844649723336
12.3273537803296,0.000157875492857284,2.75544715856492e-06,0.999999999996204,0.000409724010036224,-5.58640970649491e-05,-0.0083488567104027,0.0086672371422094
12.329563364995,1.42963119109138e-05,2.49517713737526e-07,0.999999999999969,-0.00113411786572122,-4.80348935693043e-06,0.0231086902928167,0.000802169254889741
12.3317729496603,4.92637623090924e-07,8.59814854213546e-09,1,-0.000109033869111317,1.0469296169507e-07,0.00222131443774383,3.20766153597126e-05
12.3351455788688,-7.26815412308671e-06,-1.26853219990264e-07,0.999999999999992,-4.01619508578846e-05,2.86354987821907e-06,0.000818013705626523,-0.000384495937296435
12.3396006138633,-7.63241497888036e-05,-1.33210771259956e-06,0.999999999999113,-0.000270537603881619,2.7420865105915e-05,0.0055122609044013,-0.00410666184004288
12.3436924450891,-0.00014016215196754,-2.44629103851177e-06,0.999999999997008,-0.000272294545990571,5.01211824269742e-05,0.00554771594136689,-0.00780458488435029
12.3455098127,-3.0545621867075e-05,-5.33121673649611e-07,0.999999999999858,0.00105271457101351,1.11380258942574e-05,-0.02145034185669,-0.00168288979443232
12.3473271803109,-6.18618595081185e-06,-1.07969312982283e-07,0.999999999999994,0.000233938559332407,2.47444708071009e-06,-0.0047671031230373,-0.000338762805113335
12.3506905529714,3.82052950446085e-06,6.66808190224291e-08,0.999999999999998,5.19270832096462e-05,-1.0855221984989e-06,-0.00105845222596386,0.000193229875624837
12.3551894269914,0.000113325827043798,1.97790880945862e-06,0.999999999998044,0.000424823629627072,-4.00315340411424e-05,-0.00865683539236128,0.00603943273956692
12.3579543425061,4.26990580693282e-05,7.4523915080996e-07,0.999999999999722,-0.00044582543376085,-1.49145935231919e-05,0.00908416202393222,0.00230633593379956
12.3607192580208,5.60398805673112e-06,9.78080428323966e-08,0.999999999999995,-0.000234159454253574,-1.72312532718861e-06,0.00477102035339058,0.000315358362430279
12.3650343721744,-7.62587911542545e-05,-1.33096698923208e-06,0.999999999999114,-0.000331109440265041,2.7389336787026e-05,0.00674662617910109,-0.00400236969512847
12.3675222654385,-2.70048403785594e-05,-4.71323378581356e-07,0.999999999999889,0.000345530744038259,9.87143633260063e-06,-0.00704125884611789,-0.0014402933636895
12.3700101587027,-6.10972210334964e-06,-1.06634767085324e-07,0.999999999999994,0.000146585312461135,2.4394135666782e-06,-0.00298727556885284,-0.000329384369176199
12.3739367981799,-7.55618843783503e-06,-1.31880367141348e-07,0.999999999999991,-6.42931448183718e-06,2.95238252985145e-06,0.000130638161752699,-0.000423971524572956
12.3768863730564,7.02799704124774e-06,1.22661688190192e-07,0.999999999999992,8.62978788436126e-05,-2.23528831620393e-06,-0.00175878594824073,0.000366378399594271
12.3798359479329,7.93867996993124e-06,1.38556103737424e-07,0.99999999999999,5.38871403940881e-06,-2.56013054710954e-06,-0.000110131881544949,0.000424022707439289
12.3838086398678,2.2261897487768e-05,3.88543408902996e-07,0.999999999999925,6.29264260261763e-05,-7.65527893491514e-06,-0.00128254303915663,0.00121166601400949
12.3872312987296,-6.99560558841453e-06,-1.22096350688749e-07,0.999999999999993,-0.000149193881191304,2.748759683506e-06,0.00303975331413172,-0.000335569024217353
12.3906539575915,-6.31655072448579e-05,-1.10244607511488e-06,0.999999999999392,-0.000286429283197466,2.27237135364651e-05,0.00583609254070368,-0.00335735776334252
12.3936542523502,-4.32529077493051e-05,-7.54905651286672e-07,0.999999999999715,0.000115835426775934,1.56407528582214e-05,-0.00236075494172362,-0.00233382592078638
12.396698775788,-9.47879191935965e-06,-1.65436128104258e-07,0.999999999999986,0.000193616352516741,3.62826068765279e-06,-0.00394560673153137,-0.00053571804194112
12.3998168043551,1.61791911685687e-05,2.82380156201109e-07,0.99999999999996,0.000143621610474068,-5.4977341096101e-06,-0.00292684771835382,0.000847429771996075
12.4029348329221,2.32494318439865e-05,4.05779134895569e-07,0.999999999999918,3.95759615540673e-05,-8.01314993925641e-06,-0.00080673277218167,0.00124468401652618
12.4063650031115,2.25927772822648e-05,3.94318350745286e-07,0.999999999999922,-3.34117070509139e-06,-7.78065511236686e-06,6.77793852935819e-05,0.00123374059567302
12.4097141567706,-1.10968933551009e-05,-1.9367732578919e-07,0.999999999999981,-0.000175565452164227,4.19963767955948e-06,0.00357711052140875,-0.000556822374105933
12.4130633104298,-5.63630277517777e-05,-9.83720410661299e-07,0.999999999999516,-0.000235893352553731,2.02967880284018e-05,0.00480633377477612,-0.00300104001532968
12.4160820167565,-3.68378394240167e-05,-6.42941587270019e-07,0.999999999999793,0.00011288902811616,1.33516475619317e-05,-0.0023007009343698,-0.00199128669463751
12.4192846847448,-7.02932502250337e-06,-1.22684865835508e-07,0.999999999999992,0.00016244478770089,2.74940120085958e-06,-0.003310441918997,-0.000411511353668018
12.4223047445075,1.83510207774425e-05,3.20285733668256e-07,0.999999999999949,0.000146676103890267,-6.27776509663742e-06,-0.00298906876250852,0.000965176558984319
12.4253248042701,1.90630976986041e-05,3.32713820469989e-07,0.999999999999945,4.11517909525019e-06,-6.53192771051211e-06,-8.41581405164779e-05,0.00102173071430035
12.4288001615646,1.80305522118991e-05,3.14692502050381e-07,0.99999999999995,-5.18545775088474e-06,-6.16576977930902e-06,0.000105358356042312,0.000987959941394549
12.4320852767477,-1.14902509585531e-05,-2.00542711107184e-07,0.99999999999998,-0.000156839314432486,4.33190370820281e-06,0.00319552676306291,-0.000586786590666286
12.4353703919309,-4.03537220399534e-05,-7.04305315031731e-07,0.999999999999752,-0.000153347013982322,1.45956666038099e-05,0.00312432360004924,-0.00215167474496381
12.4385484909882,-3.3484045514394e-05,-5.84406841113781e-07,0.999999999999829,3.77264747755219e-05,1.21513082677316e-05,-0.000769125912073592,-0.00181385246840721
12.4420353451164,-3.60627718717283e-06,-6.29414106557256e-08,0.999999999999998,0.000149551834196216,1.52423318728636e-06,-0.00304775441974235,-0.000251401621322468
12.4447860160503,1.78156780808939e-05,3.10942240986978e-07,0.999999999999952,0.000135924529187691,-6.09493755539242e-06,-0.00276993174600989,0.000938042776086876
12.4475366869843,1.00965022849338e-05,1.76217207807224e-07,0.999999999999984,-4.89789714642416e-05,-3.35053169577816e-06,0.000997722346855876,0.00054039165848346
12.4511195399041,1.24372418870257e-05,2.17070820795549e-07,0.999999999999976,1.14025370012281e-05,-4.18410956297894e-06,-0.000232657573685781,0.000679734859354914
12.4546813533326,-1.10793339849295e-05,-1.93370856965122e-07,0.999999999999981,-0.000115233907110202,4.17820973988363e-06,0.00234777016561606,-0.000562125644444334
12.458243166761,-7.25590554069245e-05,-1.26639441898749e-06,0.999999999999198,-0.000301257655284414,2.60415383974401e-05,0.00613825768715846,-0.00386719114040384
12.4613279961842,-5.12404834876624e-05,-8.94315147173377e-07,0.9999999999996,0.000120615833414344,1.84585351627357e-05,-0.00245815965634858,-0.00277353177998805
12.4644208682846,-5.72748058933634e-06,-9.99633941279843e-08,0.999999999999995,0.000256833042962252,2.2712507512876e-06,-0.00523373870171272,-0.000347546165453332
12.4674097774738,2.09183879364292e-05,3.65094743700144e-07,0.999999999999933,0.000155594602711249,-7.2059232191853e-06,-0.00317078016449216,0.00110193014782476
12.4703986866629,1.93529934093674e-05,3.37773455110217e-07,0.999999999999943,-9.14088948870395e-06,-6.65008707687876e-06,0.000185966219489528,0.00103780385713642
12.473838860673,1.62716635487568e-05,2.83994103702547e-07,0.99999999999996,-1.56327416141688e-05,-5.55526912561212e-06,0.000318244934137741,0.000893067245579461
12.4771042219903,-1.16327805857173e-05,-2.0303032238284e-07,0.999999999999979,-0.000149148709366108,4.3675852044541e-06,0.00303882277210011,-0.000597298894078434
12.4803695833076,-3.59857642575315e-05,-6.28070070140376e-07,0.999999999999803,-0.00013016622249707,1.30272798416593e-05,0.00265198665501287,-0.00192002544827004
12.4836083159254,-3.24246924859518e-05,-5.65917642826494e-07,0.99999999999984,1.91903545761924e-05,1.17596033605751e-05,-0.000391411280480556,-0.00175816968685123
12.4872100296018,-7.69485823185609e-07,-1.34300611620078e-08,1,0.000153395753051212,5.00327909395225e-07,-0.00312608842979119,-0.000112480973965689
12.4898590639581,1.73220273276752e-05,3.02326409988362e-07,0.999999999999954,0.000119196819930454,-5.93428042068763e-06,-0.00242903921382697,0.000911499893051435
12.4925080983143,8.00254262942269e-06,1.3967071741463e-07,0.99999999999999,-6.14018811007727e-05,-2.62068860236091e-06,0.00125086781548181,0.000427629552623836
12.4961148386259,1.12538709290436e-05,1.96417101306283e-07,0.999999999999981,1.57334265816394e-05,-3.77809782122071e-06,-0.000320901733661332,0.000613252778148732
12.4998799851051,-1.01472648312358e-05,-1.7710318137689e-07,0.999999999999984,-9.92047148100401e-05,3.83190709680704e-06,0.00202117101157878,-0.000505624826491286
12.5028312908686,-2.45848986758814e-05,-4.29087428163311e-07,0.999999999999908,-8.53805965813601e-05,8.96537830839685e-06,0.00173938982364343,-0.00130745208162581
12.5057825966322,-1.51373442681914e-05,-2.64196497487829e-07,0.999999999999965,5.58705006819784e-05,5.60441920249102e-06,-0.00113880410068256,-0.000817250333683067
12.5094783309713,-9.53299815970103e-06,-1.66382205473342e-07,0.999999999999986,2.64668082280337e-05,3.60995066518242e-06,-0.000539667723464934,-0.000544838120597634
12.5123628329168,1.19314925366693e-05,2.08243829442008e-07,0.999999999999978,0.000129875466196807,-4.02447741278357e-06,-0.0026467058168978,0.0006245053508408
12.5152473348622,1.05548118106515e-05,1.84216218024252e-07,0.999999999999983,-8.32989953616534e-06,-3.53572954064484e-06,0.000169439258969434,0.000564100320166362
12.5189340159658,1.72255097841352e-05,3.00641861067653e-07,0.999999999999955,3.15800688409031e-05,-5.9091754855906e-06,-0.000643789326579936,0.000938755405279243
12.5224567576807,-9.45273838889162e-06,-1.64981408215822e-07,0.999999999999986,-0.000132176386166363,3.5776393243437e-06,0.00269302026021218,-0.000468642786276007
12.5259794993957,-7.69075560475771e-05,-1.34229007269189e-06,0.999999999999099,-0.00033420237977434,2.75660105293156e-05,0.00680957423105082,-0.00409291414087296
12.5289723885611,-4.89826740377079e-05,-8.54908938389043e-07,0.999999999999635,0.000162846369301415,1.76336141628736e-05,-0.0033186649480191,-0.00264617637173853
12.5319591046904,-8.1836242116393e-06,-1.42831187239031e-07,0.99999999999999,0.0002384149414664,3.12289848466697e-06,-0.00485841809193935,-0.0004677967146154
12.5351084551785,1.90623403163151e-05,3.32700601655349e-07,0.999999999999945,0.000150993606677885,-6.56777465491588e-06,-0.00307703863896066,0.00100059126217574
12.5382578056667,2.72566551420763e-05,4.75718375309856e-07,0.999999999999887,4.541183148522e-05,-9.4828729637617e-06,-0.000925618891844453,0.00146032891690806
12.5416324217825,2.2261541462957e-05,3.88537195097826e-07,0.999999999999925,-2.58343992974768e-05,-7.70734186658306e-06,0.000526143133392295,0.00121803583292584
12.5448949256826,-1.17495045377752e-05,-2.0506753966219e-07,0.999999999999979,-0.000181947593916644,4.38732101902406e-06,0.00370717193177168,-0.000596616143811393
12.5481574295826,-4.32174467369379e-05,-7.54286739864775e-07,0.999999999999716,-0.000168342848629895,1.55774052076002e-05,0.00342990676221474,-0.00230312971488549
12.5512599412046,-3.20453289316572e-05,-5.59296499741987e-07,0.999999999999844,6.28491570323378e-05,1.16030300913483e-05,-0.00128101860703071,-0.00173446552024938
12.5546695940623,-5.54074907785512e-06,-9.67043144354113e-08,0.999999999999995,0.000135671343861868,2.17574471254767e-06,-0.00276488128623162,-0.00034397489265401
12.5575233025765,1.78053171079699e-05,3.10761407895745e-07,0.999999999999952,0.000142784632803882,-6.12774551714919e-06,-0.00290971912104621,0.000937119041389142
12.5603770110907,1.26579120127411e-05,2.20922241050073e-07,0.999999999999976,-3.14815498493417e-05,-4.29792539765031e-06,0.000641207786424449,0.000677827618371176
12.5639343225749,1.4190346053938e-05,2.476682606386e-07,0.999999999999969,7.51860490920626e-06,-4.84393025898853e-06,-0.000153488066413769,0.000776649109435465
12.5673553045226,-1.12705329752396e-05,-1.96707908872523e-07,0.999999999999981,-0.000129897256488531,4.20995506574416e-06,0.00264657500769761,-0.000575257234985544
12.5707762864704,-5.22267818746099e-05,-9.11529301432714e-07,0.999999999999585,-0.000208952108919448,1.87744458993132e-05,0.00425740066915447,-0.0027850234858454
12.5739333236563,-4.14505858086795e-05,-7.2344919924183e-07,0.999999999999738,5.95748770486674e-05,1.49408317384477e-05,-0.00121430757227963,-0.00224557523260261
12.5772529933014,-3.78504584670035e-06,-6.60615123638576e-08,0.999999999999998,0.000198028044101727,1.54432948594692e-06,-0.00403549258956428,-0.000255710022299158
12.5800784701282,1.94014291998867e-05,3.38618819130586e-07,0.999999999999943,0.000143225500087431,-6.70235040000679e-06,-0.00291868608085016,0.00102218762388869
12.5829039469549,1.25831822110096e-05,2.19617959960495e-07,0.999999999999976,-4.21170890676327e-05,-4.27828653097686e-06,0.000857930897218432,0.000673998315609023
12.5864387262793,1.32012760591158e-05,2.3040573269627e-07,0.999999999999973,3.05189426151367e-06,-4.49909456159996e-06,-6.24672745765265e-05,0.00072305733206041
12.5898628025713,-1.14382378414432e-05,-1.99634910959391e-07,0.99999999999998,-0.000125593183963225,4.26269494900198e-06,0.00255887683661174,-0.000585617965946183
12.5932868788634,-5.07530795476777e-05,-8.85808343633455e-07,0.999999999999608,-0.000200396654204455,1.8243455954727e-05,0.00408307520426802,-0.0027073687391607
12.5964698620357,-4.15524283481169e-05,-7.25226686873605e-07,0.999999999999737,5.04500489217784e-05,1.49701768573132e-05,-0.00102836833254294,-0.00225223449306643
12.5998278009165,-2.48758699276027e-06,-4.3416583453451e-08,0.999999999999999,0.000203044226721778,1.07601477249207e-06,-0.00413770547298682,-0.000191191041522912
12.6026081758377,1.94059571149715e-05,3.38697846157066e-07,0.999999999999943,0.000137432698985747,-6.71079086177276e-06,-0.00280063151733165,0.00102260980353344
12.6053885507588,1.1361905966482e-05,1.98302668417099e-07,0.99999999999998,-5.04950525450052e-05,-3.85075619734218e-06,0.00102865071995874,0.000608366757951048
12.6089384722413,1.24548663549035e-05,2.17378425788929e-07,0.999999999999976,5.37357163137245e-06,-4.24043615553282e-06,-0.000109771430189177,0.000681727996769316
12.6124154849596,-1.13957900401258e-05,-1.9889405706617e-07,0.99999999999998,-0.000119721300030207,4.24081991349055e-06,0.00243923642396032,-0.000582619545097342
12.6158924976779,-5.7178641570106e-05,-9.97955557215884e-07,0.999999999999502,-0.00022981264806622,2.05218665348633e-05,0.00468248118154291,-0.00304971780221692
12.6190518704148,-4.50300761533457e-05,-7.85923091299584e-07,0.999999999999691,6.71122034572736e-05,1.62002005217666e-05,-0.00136788735390979,-0.00244016637490695
12.6223264294024,-3.25491808884812e-06,-5.68090375331209e-08,0.999999999999998,0.000222660228911639,1.3422233783268e-06,-0.00453739792126059,-0.000227574311298633
12.6251602297732,2.00705344859099e-05,3.50296909414188e-07,0.999999999999939,0.00014366077129069,-6.95385240673114e-06,-0.00292754418083132,0.00105783531692256
12.6279940301439,1.30829903701778e-05,2.28341257966313e-07,0.999999999999974,-4.30360771726292e-05,-4.46954832692328e-06,0.000876668697428757,0.000700923471523656
12.6315166009485,1.3146574610849e-05,2.29451012318406e-07,0.999999999999974,3.15041034991077e-07,-4.49310588219938e-06,-6.68760305561571e-06,0.000720531615075143
12.6349130806876,-1.14671773999682e-05,-2.00140001539726e-07,0.99999999999998,-0.000126481253196095,4.25956059313445e-06,0.00257698180105147,-0.000588288813961065
12.6383095604267,-4.67265076938942e-05,-8.15531407216827e-07,0.999999999999667,-0.000181185065993631,1.67980694433065e-05,0.00369161891524991,-0.00249317201886083
12.64151975743,-3.9830914984634e-05,-6.95180610563754e-07,0.999999999999758,3.74901591799468e-05,1.4344597362088e-05,-0.000764274615759784,-0.00215972833202554
12.6449442219628,-1.35677404908062e-06,-2.36801743620719e-08,1,0.000196089178258588,6.60498399178949e-07,-0.00399598209648798,-0.000136238072275624
12.6476731886255,1.89722491090378e-05,3.31128213461265e-07,0.999999999999945,0.000130015654889559,-6.56982393733479e-06,-0.00264947257704766,0.000999504736201432
12.6504021552882,1.00158505333807e-05,1.74809569195122e-07,0.999999999999985,-5.72812582881504e-05,-3.38527852407532e-06,0.00116694185267294,0.000535903937544345
12.6539712623905,1.18382770175923e-05,2.06616911720159e-07,0.999999999999979,8.91184870972158e-06,-4.0343561968749e-06,-0.000181859959419584,0.000647036692269784
12.6575363717447,-1.1238865422245e-05,-1.96155205806716e-07,0.999999999999981,-0.000112976090636643,4.1718455061489e-06,0.002301809254017,-0.000571934235982377
12.6611014810989,-7.13287148739755e-05,-1.2449209257668e-06,0.999999999999225,-0.000294174909033876,2.55410472258238e-05,0.00599398211857003,-0.00380275090860359
12.6642030918411,-5.13945184481774e-05,-8.97003564397541e-07,0.999999999999598,0.000112173122381183,1.84505240432722e-05,-0.00228607770986845,-0.00278305565965162
12.6673183047888,-5.12456857208956e-06,-8.94405943271871e-08,0.999999999999996,0.000259232028001704,1.9941727942046e-06,-0.00528257667316257,-0.000317966275240634
12.6710094382889,9.18631263966728e-05,1.60331401679697e-06,0.999999999998715,0.000458600213479114,-3.24995996609172e-05,-0.00934503519154921,0.00485310253453325
12.6739676660039,7.30978178356192e-05,1.27579759725424e-06,0.999999999999186,-0.00011071372831713,-2.58263319447559e-05,0.00225583300509125,0.00392589301446976
12.6765961259189,1.41512311905864e-05,2.46985577486647e-07,0.999999999999969,-0.000391412482235265,-4.86335464810236e-06,0.00797538405565617,0.000771839130882734
12.6808916639935,-3.48996909398324e-05,-6.09114514828472e-07,0.999999999999814,-0.000199299849620734,1.25804105517727e-05,0.00406090340646133,-0.00175476765027183
12.6832626843644,-1.73393104672854e-05,-3.02628057679642e-07,0.999999999999954,0.000129263527600173,6.33404700938706e-06,-0.00263446219997156,-0.000913479112468255
12.6856337047352,-4.50484617193767e-06,-7.86243979961748e-08,0.999999999999997,9.44756369185028e-05,1.76886988897813e-06,-0.00192540611481909,-0.000240783116945695
12.6892806388892,-9.28035279609372e-06,-1.61972712038497e-07,0.999999999999987,-2.28543512232374e-05,3.46617495475077e-06,0.000465406007930174,-0.000503242203004504
12.6944817882422,-1.42279248786752e-05,-2.48324134859294e-07,0.999999999999969,-1.66023732369976e-05,5.22318103099132e-06,0.000337811117692342,-0.000968643928511171
12.6965428115016,1.69719048986292e-07,2.96215620816434e-09,1,0.000121923073855661,1.03214020158393e-07,-0.0024841869142505,-2.23700304159461e-05
12.6986038347609,3.77602077016179e-07,6.59039950630153e-09,1,1.76040871042315e-06,2.88587987698816e-08,-3.60768472899766e-05,1.48353824677815e-05
12.7020497608978,7.15312752519857e-06,1.24845627129748e-07,0.999999999999992,3.43174005842044e-05,-2.38172266606648e-06,-0.000699545309177057,0.00037865971262474
12.7066926796664,8.39894526464761e-05,1.46589248562835e-06,0.999999999998926,0.00028883702802853,-2.97087862833493e-05,-0.00588575096383756,0.00452902415737143
12.7109542170742,0.000134458422177393,2.34674217402991e-06,0.999999999997246,0.000206697631419045,-4.76563068737444e-05,-0.00421151309323181,0.00766255549656592
12.7128028953282,3.17685668535969e-05,5.54466090235174e-07,0.999999999999846,-0.000969490542746187,-1.11384420368855e-05,0.0197534994305212,0.00177339728832298
12.7146515735822,6.71429377735197e-06,1.17186533360959e-07,0.999999999999993,-0.000236536323147116,-2.22900659711929e-06,0.0048193542714483,0.000370044198033499
12.7176737210961,-4.00455363144365e-06,-6.98926459413872e-08,0.999999999999998,-6.1902729247615e-05,1.58219598605275e-06,0.0012610908519789,-0.000207718806218444
12.7217879009518,-4.8108989980753e-05,-8.39660274973004e-07,0.999999999999648,-0.000187101112744332,1.7266338182636e-05,0.0038122159814805,-0.00257067183891223
12.7257521175069,-0.000141040700767322,-2.46162460770737e-06,0.99999999999697,-0.000409151293875144,5.03147451541962e-05,0.00833668052990458,-0.00766848493734926
12.7284018409662,-5.41453316357035e-06,-9.45014311627271e-08,0.999999999999996,0.000893347254130717,2.0804440773922e-06,-0.0182035226763026,-0.000340937092942208
12.7310515644255,1.11480360912223e-05,1.94569934922986e-07,0.999999999999981,0.000109094918971297,-3.81034628767186e-06,-0.00222317175947133,0.000584259095606196
12.7340838944037,1.28493809019841e-05,2.24264003582499e-07,0.999999999999975,9.79249252992942e-06,-4.41614966204004e-06,-0.000199781481147949,0.000687492116289309
12.7378404404891,2.15049863069919e-05,3.75332816653295e-07,0.99999999999993,4.02148169177854e-05,-7.49528090108077e-06,-0.000819670827663292,0.00117530177138348
12.741081629236,-9.64969557569105e-06,-1.68418959610938e-07,0.999999999999986,-0.000167763070505871,3.58371372087485e-06,0.00341818866076509,-0.000487443173876387
12.7443228179829,-3.68418062889986e-05,-6.43010822124935e-07,0.999999999999793,-0.000146425246901196,1.32533309419705e-05,0.00298335517498912,-0.00196263550953876
12.7474957673446,-3.21551401426309e-05,-5.61213066929079e-07,0.999999999999843,2.57797228607112e-05,1.15855831833864e-05,-0.00052561436331495,-0.0017399173604495
12.7509713341633,-7.07528715067994e-06,-1.23487056303413e-07,0.999999999999992,0.000125943776500913,2.66510999510101e-06,-0.00256662399362989,-0.000431969785878884
12.7537573291653,1.65289317823157e-05,2.8848428143894e-07,0.999999999999958,0.000147872245801257,-5.7299942293932e-06,-0.00301332350501514,0.000868463475852716
12.7565433241673,1.06309129473216e-05,1.85544433423655e-07,0.999999999999983,-3.69490426005812e-05,-3.63306454064808e-06,0.000752668144491134,0.000568431589551791
12.7601201321285,1.34686859412948e-05,2.35072915592664e-07,0.999999999999972,1.38471180746466e-05,-4.64313164678755e-06,-0.000282393440491522,0.000734943205269313
12.7637049872341,-1.08141162223791e-05,-1.88741933773845e-07,0.999999999999982,-0.000118223704134817,3.99196733485778e-06,0.00240877210580712,-0.000545154896273217
12.7672898423397,-8.12551218424199e-05,-1.41816941025891e-06,0.999999999998994,-0.000342950395561875,2.90425514178675e-05,0.00698789305155507,-0.00432865791009675
12.7703202038275,-5.30320550571975e-05,-9.25583969846875e-07,0.999999999999572,0.00016255005958747,1.90042732232581e-05,-0.00331256790156713,-0.00286847731879779
12.7733213280581,-6.96729193921283e-06,-1.21602184286924e-07,0.999999999999993,0.000267893537149809,2.62105225899783e-06,-0.00545902791935155,-0.000407522705523438
12.7764128642683,2.08347445802418e-05,3.63634891737255e-07,0.999999999999934,0.000156956620599411,-7.26713969581297e-06,-0.00319847198359595,0.00109585740406945
12.7795044004786,2.47942264947135e-05,4.32740887817949e-07,0.999999999999906,2.23532869682077e-05,-8.67595089555923e-06,-0.000455699401180448,0.00132913378512164
12.7828901554081,1.93744481757135e-05,3.38147911423204e-07,0.999999999999943,-2.79385183998441e-05,-6.74919213549606e-06,0.00056907803435047,0.00106213586270648
12.7861227798748,-1.18288107008826e-05,-2.06451693325537e-07,0.999999999999979,-0.000168469802278677,4.34710828900665e-06,0.0034325980449494,-0.000605593753137866
12.7893554043415,-3.62761948457269e-05,-6.33139040152888e-07,0.9999999999998,-0.00013199409681538,1.30406307951951e-05,0.00268930789694292,-0.00193490842887481
12.7925466624706,-3.06490088418854e-05,-5.34926116763729e-07,0.999999999999857,3.07756124439684e-05,1.10384376078176e-05,-0.000627399322271614,-0.00166099794023065
12.7961156107012,-2.98342998192031e-06,-5.20706761872244e-08,0.999999999999999,0.000135293484065827,1.19835755462174e-06,-0.00275713723406315,-0.000222361250090024
12.7988246106702,1.72486429823477e-05,3.01045611542977e-07,0.999999999999955,0.000130349314053528,-5.99737056753663e-06,-0.00265623041878958,0.000907534142435621
12.8015336106392,9.03025946840563e-06,1.5760776003307e-07,0.999999999999988,-5.29486353456284e-05,-3.07517756603328e-06,0.00107869805645728,0.000482698433341884
12.8051369843861,1.20011919479021e-05,2.09460313654723e-07,0.999999999999978,1.43900014998946e-05,-4.13257138364889e-06,-0.0002934455018839,0.000654755068458325
12.8087790553906,-1.07150643776756e-05,-1.87013152953596e-07,0.999999999999982,-0.000108859345716521,3.94544024369292e-06,0.00221797203219052,-0.000540368734209954
12.8124211263952,-8.87614727821786e-05,-1.54917994896773e-06,0.9999999999988,-0.000374008852192438,3.17008466886913e-05,0.00762077576475886,-0.00472873141713332
12.8154514697823,-5.7758424805641e-05,-1.00807468362383e-06,0.999999999999492,0.000178562359512935,2.06739122354712e-05,-0.00363883990836505,-0.0031242479057914
12.8184032027671,-7.17913623508068e-06,-1.25299564751387e-07,0.999999999999992,0.000299070113533597,2.68521805111203e-06,-0.00609428233422351,-0.000418293072100965
12.8222078019471,8.02451679425677e-05,1.40054238941315e-06,0.999999999999019,0.000401051958951647,-2.84073789358764e-05,-0.00817237125803748,0.00422857127489551
12.8253216592381,9.57757705640266e-05,1.67160253997615e-06,0.999999999998603,8.70496381908417e-05,-3.39309751268553e-05,-0.00177387583138931,0.00513997005558752
12.8279342543372,1.91000654756923e-05,3.33359029897322e-07,0.999999999999944,-0.000512227673772544,-6.66270004238794e-06,0.0104372373257209,0.00103978788804929
12.8317587686696,-1.54883700124502e-05,-2.70323052484407e-07,0.999999999999963,-0.00015784542294869,5.63767077590224e-06,0.00321619158643671,-0.000760270049129547
12.8343890217733,-2.00444090712709e-05,-3.49840934910288e-07,0.999999999999939,-3.02320268400908e-05,7.25703294199643e-06,0.000615667809248033,-0.0010620845250547
12.8370192748769,-7.52645826528552e-06,-1.31361477743173e-07,0.999999999999991,8.30640431005091e-05,2.80446786298384e-06,-0.00169282761146745,-0.000404737196475512
12.8407253936448,-1.00085667598054e-05,-1.74682443364265e-07,0.999999999999985,-1.16890386775489e-05,3.68625519917072e-06,0.000237927436064419,-0.000550965872452415
12.8441434178294,1.04348207721694e-05,1.82121979329852e-07,0.999999999999983,0.000104389086623911,-3.58505500712355e-06,-0.00212734311212531,0.000536046674677305
12.8475614420141,4.09794489907532e-05,7.15226310541649e-07,0.999999999999744,0.000155968566169272,-1.44486344831492e-05,-0.00317832141879242,0.00218618292715407
12.850889129671,4.21085405900191e-05,7.34932676505443e-07,0.99999999999973,5.92193979588711e-06,-1.48507533861601e-05,-0.000120840338537983,0.00228389427078876
12.8544325301477,-3.06954415454102e-06,-5.35736520320864e-08,0.999999999999999,-0.000222528143157222,1.21581545847444e-06,0.00453422325542405,-8.02670344423559e-05
12.8570151813307,-1.8018880799219e-05,-3.14488797470753e-07,0.999999999999951,-0.00010102608790482,6.53140782308885e-06,0.00205819213978881,-0.000949391171173146
12.8595978325136,-7.25876717232985e-06,-1.26689386792834e-07,0.999999999999992,7.27157472584546e-05,2.70401039863111e-06,-0.00148196452145334,-0.000388982880623393
12.863178437061,-1.04422534364969e-05,-1.82251703794562e-07,0.999999999999983,-1.55175798573334e-05,3.83530562913438e-06,0.000315950900337881,-0.000569439679502974
12.8671219307824,8.98774662166281e-06,1.56865770883013e-07,0.999999999999988,8.59941713214494e-05,-3.07586095519234e-06,-0.00175254915379613,0.000434546775686935
12.8699548653573,2.13817569085258e-05,3.73182057914811e-07,0.99999999999993,7.63576712798531e-05,-7.48410448897268e-06,-0.00155606965750315,0.00113345151977003
12.8727877999323,1.12913803582383e-05,1.97071764346274e-07,0.999999999999981,-6.21653232395214e-05,-3.89613980169899e-06,0.00126651872549144,0.000606870551204819
12.8765037076462,1.06876849118792e-05,1.86535291128011e-07,0.999999999999983,-2.83550454675787e-06,-3.68216550310344e-06,5.75833188191831e-05,0.000595523590265147
12.8792049116839,-4.08029435158219e-06,-7.12145708856363e-08,0.999999999999997,-9.54203601119749e-05,1.56920661750413e-06,0.00194408569190165,-0.000211541865455404
12.8819061157216,-3.29337345526186e-06,-5.74802102921016e-08,0.999999999999998,5.08453282381739e-06,1.2887039659439e-06,-0.000103843562961147,-0.00017624205708593
12.8861420103336,-1.79229812010318e-05,-3.12815033731048e-07,0.999999999999951,-6.02788423289862e-05,6.49055495193727e-06,0.00122804070036513,-0.000971010641299952
12.8901499036787,-5.6311450049062e-06,-9.82820209928452e-08,0.999999999999995,5.35276251810098e-05,2.11785658942775e-06,-0.00109102163807137,-0.000376906789164156
12.892748437542,1.47119978058377e-05,2.56772801258046e-07,0.999999999999967,0.000136636596221308,-5.11720975911093e-06,-0.0027842878827346,0.000771009904310963
12.8953469714053,6.704594342544e-06,1.17017246287977e-07,0.999999999999993,-5.37824643897859e-05,-2.26995509281654e-06,0.00109571582132405,0.000357197341682527
12.8989730841314,1.12853811406949e-05,1.96967058247598e-07,0.999999999999981,2.20483526021368e-05,-3.89980289516336e-06,-0.000449475216428391,0.000612337792705591
12.903019891005,-6.2337872814937e-06,-1.08800112931011e-07,0.999999999999994,-7.55576385847691e-05,2.33006842644274e-06,0.00153945357813631,-0.000279279625321584
12.9057452179377,-1.85857314457286e-05,-3.24382207619405e-07,0.999999999999947,-7.91032048669396e-05,6.72207006672246e-06,0.00161155037494716,-0.00098404542527923
12.9084705448705,-8.72772283574048e-06,-1.52327499685167e-07,0.999999999999988,6.3131768107717e-05,3.21551480283787e-06,-0.00128665490432882,-0.000469381780632344
12.9121791355201,-1.11749212359554e-05,-1.95039169218455e-07,0.999999999999981,-1.15169544360301e-05,4.08494798538512e-06,0.000234437624611353,-0.00061600359162455
12.9154748009279,1.00923279828283e-05,1.76144352491511e-07,0.999999999999984,0.000112627793108341,-3.47924058984854e-06,-0.00229519312161053,0.000519545232324009
12.9187704663358,3.00952991060725e-05,5.25262058773447e-07,0.999999999999862,0.00010593238787229,-1.05936994775101e-05,-0.00215873215488118,0.00160558371259089
12.9221738365218,3.51881906923972e-05,6.14149785401916e-07,0.999999999999811,2.61175604678633e-05,-1.24054852205603e-05,-0.000532350477324088,0.00190914054085404
12.9259456790317,-6.54724714275962e-06,-1.14271019582946e-07,0.999999999999993,-0.000193120683876912,2.43691105663217e-06,0.00393505196420489,-0.000244405745305659
12.9284025700628,-1.58197785561387e-05,-2.76107222741012e-07,0.999999999999962,-6.58703219272183e-05,5.73357440490252e-06,0.00134180283396869,-0.000830242583921194
12.9308594610939,-5.33889275280483e-06,-9.3181256947308e-08,0.999999999999996,7.44542446037858e-05,2.00555654132506e-06,-0.00151737208382489,-0.000285257890046649
12.9344410289388,-9.72843576982066e-06,-1.69793235252159e-07,0.999999999999986,-2.13906260110224e-05,3.56585849473053e-06,0.000435647744491809,-0.000527570992294958
12.9394967974029,-1.12589240411865e-05,-1.96505294750648e-07,0.999999999999981,-5.28348156925443e-06,4.10814369170349e-06,0.000107260686644102,-0.00078439721923691
12.9416143050919,2.4823944528436e-06,4.3325956535364e-08,0.999999999999999,0.000113261100554708,-7.78396860632469e-07,-0.002307684915519,0.000105322199874235
12.9437318127809,9.98748806241649e-07,1.74314550692797e-08,1,-1.22287638439021e-05,-2.51066804030969e-07,0.000249033360940253,4.8732900075573e-05
12.9472409742005,7.67768073197917e-06,1.34000807689964e-07,0.999999999999991,3.32185780826178e-05,-2.6270710780718e-06,-0.000677086058448722,0.000407703297807417
12.9519692277758,8.7385756428641e-05,1.525169169025e-06,0.999999999998837,0.000294224567099983,-3.09750660894021e-05,-0.00599544727451499,0.00472536032692748
12.9551342188921,1.27483627492404e-05,2.2250090421284e-07,0.999999999999975,-0.0004115867049688,-4.43157374791749e-06,0.00838659300015008,0.000759821878681584
12.9582992100084,-5.89089476454083e-05,-1.02815509529715e-06,0.999999999999471,-0.000395153083706886,2.10517528668834e-05,0.00805162658548172,-0.00310695056803216
12.9610029776656,-2.94006373266338e-05,-5.1313792353448e-07,0.999999999999868,0.00019048129760422,1.05566300849574e-05,-0.00388166592421405,-0.00157606656123964
12.9638527269437,-9.55848158629831e-06,-1.66826975172155e-07,0.999999999999986,0.000121523304180304,3.49936677578522e-06,-0.00247645059983403,-0.000521807486544751
12.9682147624736,1.94188443276086e-05,3.38922770448988e-07,0.999999999999943,0.000115943518145897,-6.8073758203379e-06,-0.00236282866687558,0.000956865011461958
12.970709694095,1.65268008626674e-05,2.88447089874982e-07,0.999999999999958,-2.02312881612284e-05,-5.77896693159591e-06,0.000412199228204594,0.000871641260202702
12.9732046257163,5.15480222581631e-06,8.99682711296267e-08,0.999999999999996,-7.95528090017527e-05,-1.73507045547234e-06,0.00162084461214299,0.000274799786776717
12.9769663193844,1.00304002820449e-05,1.75063510214651e-07,0.999999999999985,2.26215228017375e-05,-3.46971517739812e-06,-0.000461133966504868,0.00054545887284885
12.9808575487026,-8.47118871685989e-06,-1.47850134666998e-07,0.999999999999989,-8.2984994836536e-05,3.10957776266682e-06,0.00169080061903068,-0.000413795285908042
12.9837649762797,-2.27299232843575e-05,-3.96712000037751e-07,0.999999999999921,-8.55952070240427e-05,8.17980284236459e-06,0.00174388697403941,-0.00120760885787643
12.9866724038569,-1.35025284884981e-05,-2.35663579468624e-07,0.999999999999972,5.53920661125518e-05,4.8975322215416e-06,-0.0011289260123471,-0.000728350725285017
12.9903682365524,-1.06015680943717e-05,-1.85032269121165e-07,0.999999999999983,1.36995677343411e-05,3.86498497865461e-06,-0.00027938148935439,-0.000597418988319656
12.993242034049,9.09566083642558e-06,1.58749229240327e-07,0.999999999999987,0.000119626208448952,-3.14058209146868e-06,-0.00243773859450823,0.000473902358377974
12.9961158315455,8.68641386181686e-06,1.51606522079579e-07,0.999999999999988,-2.48545945542123e-06,-2.99552890017283e-06,5.04743954542202e-05,0.000463400816921343
13,2.15592957888466e-05,3.76280695926712e-07,0.999999999999929,5.78435710187763e-05,-7.57426492996774e-06,-0.00117882014732973,0.00117224424847113
13.0035014035892,-6.83197167914614e-06,-1.19240400204106e-07,0.999999999999993,-0.000141520702627961,2.52224477478244e-06,0.0028835606771604,-0.000323232996973279
13.0070028071784,-7.96740734743207e-05,-1.39057491060233e-06,0.999999999999033,-0.000363092822064818,2.84270138070311e-05,0.00739839563539181,-0.00423403821513753
13.0099366610335,-4.83225603745706e-05,-8.43387781529901e-07,0.999999999999644,0.00018650797078286,1.72763577159867e-05,-0.00380068559719658,-0.00260638712531058
13.0128410233887,-9.4161619582935e-06,-1.64343029073258e-07,0.999999999999986,0.000233801664321135,3.4391546753661e-06,-0.00476428260249703,-0.000527512214858109
13.016074541299,1.56581271770789e-05,2.73285873936028e-07,0.999999999999963,0.000135341419208204,-5.47883172385679e-06,-0.0027579826822468,0.000817734964890375
13.0193080592093,3.03245762481701e-05,5.29263699802612e-07,0.99999999999986,7.91638806312603e-05,-1.06952898994428e-05,-0.00161324548691671,0.00162235988415743
13.0226816405572,2.77169697291765e-05,4.83752380449711e-07,0.999999999999883,-1.34905059814481e-05,-9.76839290588065e-06,0.000274751635716707,0.00151125151653482
13.0267757326653,-4.40246748246346e-05,-7.68375527809656e-07,0.999999999999705,-0.000305837747460578,1.57457141045373e-05,0.00623193282815754,-0.00219620097948141
13.0290376341763,-1.6812099892892e-05,-2.93426497305147e-07,0.999999999999957,0.000209977767908525,6.06667758303358e-06,-0.00427915913867907,-0.000878628655065086
13.0312995356873,-3.99471566421336e-06,-6.97209410215152e-08,0.999999999999998,9.8901545976984e-05,1.50779260884301e-06,-0.00201550993801432,-0.000212091856056673
13.0347781638389,-8.47086971028022e-06,-1.47844566951847e-07,0.999999999999989,-2.24581710161952e-05,3.09902599441362e-06,0.000457431296541358,-0.000456591127098624
13.0396217513063,-4.5623929728931e-05,-7.96287791468285e-07,0.999999999999683,-0.000133876641822807,1.63106948923994e-05,0.00272766188012209,-0.00254206646921132
13.0416507355845,-6.32971005224886e-06,-1.10474281108325e-07,0.999999999999994,0.0003380082919991,2.33623146838272e-06,-0.00688741828821074,-0.000354570208127442
13.0436797198627,-8.6109432622859e-07,-1.50289311629311e-08,1,4.70409509683793e-05,3.91082578132083e-07,-0.000958681105206564,-4.91552770315165e-05
13.0477865545199,7.72324436060695e-06,1.34796043028675e-07,0.999999999999991,3.64818617496152e-05,-2.66261467387646e-06,-0.000743564693229873,0.000404008800917352
13.0513889879254,2.7743834019441e-05,4.8422125076604e-07,0.999999999999883,9.69969929776102e-05,-9.78330424921248e-06,-0.00197663322920225,0.00148595431250563
13.0549914213309,3.47085770504155e-05,6.05778948211855e-07,0.999999999999816,3.37432184754956e-05,-1.226065694367e-05,-0.000687688685837326,0.00189887739916329
13.0580018881099,-9.35573998998902e-06,-1.63288466785809e-07,0.999999999999987,-0.000255464508154713,3.40974687811722e-06,0.0052053070080086,-0.000470405733767318
13.0610123548888,-2.33812151317319e-05,-4.08079187165831e-07,0.999999999999917,-8.13132109919255e-05,8.39709616394044e-06,0.00165666976321237,-0.00124461008437564
13.0642027251704,-2.21860263621986e-05,-3.87219207954616e-07,0.999999999999925,6.53841948433765e-06,7.97137861997601e-06,-0.000133438286591616,-0.00119950646939545
13.0679412685999,-1.02406228338762e-05,-1.78732585906051e-07,0.999999999999984,5.57668049011077e-05,3.72222859010786e-06,-0.00113657902067205,-0.000605027272005584
13.070640065138,1.32132575122751e-05,2.30614848503073e-07,0.999999999999973,0.000151677767713359,-4.61912820858652e-06,-0.00309076904501153,0.000691649249219668
13.073338861676,7.74603245704352e-06,1.35193770341755e-07,0.999999999999991,-3.53568995716375e-05,-2.67515667494993e-06,0.000720310518486397,0.000413173293994846
13.0769917028208,1.30403467682732e-05,2.27596986708167e-07,0.999999999999974,2.52962591866899e-05,-4.55858231041292e-06,-0.000515605678103271,0.00070863026156288
13.080845418952,-7.80250936500214e-06,-1.36179478336979e-07,0.999999999999991,-9.4396279502481e-05,2.85349636390095e-06,0.00192335875864887,-0.00037031809692387
13.0836664359736,-2.13293562369717e-05,-3.72267493665935e-07,0.999999999999931,-8.36889722847788e-05,7.66348850418902e-06,0.00170505605020937,-0.0011314854559373
13.0864874529951,-1.1304983806084e-05,-1.97309189300804e-07,0.999999999999981,6.20195847917299e-05,4.09787574949179e-06,-0.00126394584913731,-0.00060890340670968
13.0901701169746,-1.097333501583e-05,-1.91520825950617e-07,0.999999999999982,1.57178699507136e-06,3.97920096782994e-06,-3.22252538712826e-05,-0.00061073110344693
13.0930090628995,5.48437986143576e-06,9.57204860121243e-08,0.999999999999995,0.000101178859884907,-1.87420984107037e-06,-0.00206182539703532,0.000283162261717603
13.0958480088245,5.79539087738999e-06,1.01148652250498e-07,0.999999999999995,1.91203579844276e-06,-1.98524406585051e-06,-3.91110742208162e-05,0.000308319597603458
13.0998647342592,2.03312343136785e-05,3.54846979768132e-07,0.999999999999937,6.31604852363694e-05,-7.15533897715737e-06,-0.00128714172659857,0.00110191896314071
13.1036283003994,-1.4112182421289e-06,-2.46304047893558e-08,1,-0.000100829205712684,5.76755246782852e-07,0.00205445950357392,-1.6675147263567e-05
13.1063638476852,-1.90831439116191e-05,-3.33063692889657e-07,0.999999999999944,-0.000112750121225075,6.86088251663067e-06,0.002297210251958,-0.00100827360554532
13.1090993949711,-9.78122728889053e-06,-1.70714621077057e-07,0.999999999999985,5.93479310887369e-05,3.55222809768578e-06,-0.00120950364704666,-0.000525310700455879
13.1127090840194,-1.16521694556141e-05,-2.0336872200078e-07,0.999999999999979,-9.04623652806546e-06,4.21694195425176e-06,0.000184147123940868,-0.000639861240624026
13.1161666896352,1.11047290345377e-05,1.93814084194493e-07,0.999999999999981,0.000114872212257223,-3.87691799541415e-06,-0.00234088581785471,0.000567702768176435
13.119624295251,5.14321365546968e-05,8.97660124214671e-07,0.999999999999597,0.000203564581458409,-1.8219387865939e-05,-0.00414809306334811,0.0027424626562472
13.1228356458445,4.4060025490665e-05,7.68992513324659e-07,0.999999999999704,-4.00665100689858e-05,-1.55978744539254e-05,0.000816327378676334,0.00238720714170891
13.1261918976348,1.8253911307771e-06,3.18590853687629e-08,0.999999999999999,-0.000219629954488116,-5.77949366532027e-07,0.00447520806715626,0.000157891457079179
13.1289456572602,-1.94912007871614e-05,-3.4018562890327e-07,0.999999999999942,-0.000135104281013902,7.00237705862272e-06,0.00275271899380452,-0.00102862056062076
13.1316994168855,-1.07730454511114e-05,-1.88025113588891e-07,0.999999999999982,5.52555545923524e-05,3.90133605992596e-06,-0.00112611172381074,-0.000578233551823765
13.1352498370591,-1.20297826313152e-05,-2.09959315215675e-07,0.999999999999978,-6.17791713508551e-06,4.34764546897349e-06,0.000125706081881625,-0.000659643090061006
13.138771598881,1.14237145015661e-05,1.9938143086015e-07,0.99999999999998,0.000116231808616432,-3.99396333824838e-06,-0.00236858970852257,0.000581515500877393
13.1422933607029,6.39307249477625e-05,1.1158016435251e-06,0.999999999999377,0.000260216408436891,-2.26679697263105e-05,-0.00530246147593915,0.00340769487141631
13.1454249760856,4.81486018009757e-05,8.40351631658598e-07,0.999999999999647,-8.795780394514e-05,-1.70554722723614e-05,0.00179220522573828,0.00260680200315748
13.1486214126597,4.12016790527677e-06,7.19104956820774e-08,0.999999999999997,-0.000240405563559618,-1.39763547366692e-06,0.00489852885729583,0.000267564657779025
13.1515132370382,-2.05987127407449e-05,-3.59515358998495e-07,0.999999999999935,-0.000149188124245329,7.39274803982867e-06,0.00303973629199026,-0.00108720410966307
13.1544050614168,-1.5177788842776e-05,-2.64902388478898e-07,0.999999999999965,3.27173984775404e-05,5.46431575113505e-06,-0.0006668566400531,-0.000815085443004301
13.1578970436959,-1.40520999608883e-05,-2.45255411136865e-07,0.99999999999997,5.62631072317522e-06,5.06335016284364e-06,-0.000114824634332004,-0.000772517876373186
13.1612252962826,1.15175465553576e-05,2.01019109142719e-07,0.99999999999998,0.000134086734298472,-4.03074869414949e-06,-0.00273239443819855,0.00059045771245955
13.1645535488694,3.9806162334502e-05,6.94748595320356e-07,0.999999999999759,0.00014834495679241,-1.4091685486383e-05,-0.0030228885969308,0.00212280482410345
13.1677977599445,3.58838132498587e-05,6.2629068938076e-07,0.999999999999804,-2.11015573135813e-05,-1.2697053143469e-05,0.000429883355493422,0.00194476568014098
13.1713403867238,1.08142613604074e-07,1.88744466910311e-09,1,-0.000176254311733153,2.59014146290531e-08,0.003591390047765,7.5814674246076e-05
13.1739988934312,-1.79610010138813e-05,-3.13478604646264e-07,0.999999999999951,-0.000118625259977037,6.45129668888384e-06,0.00241691896295871,-0.000946973030639605
13.1766574001386,-8.33247607367022e-06,-1.45429142329194e-07,0.999999999999989,6.3211976050183e-05,3.0265422852481e-06,-0.00128822484972857,-0.000446802502816829
13.1802517441146,-1.11889989879155e-05,-1.95284872341438e-07,0.999999999999981,-1.38706062484607e-05,4.04184249450152e-06,0.000282471632108792,-0.000611558602196228
13.1839779853251,1.05563692451587e-05,1.84243400384286e-07,0.999999999999983,0.000101852846147099,-3.69233595247235e-06,-0.00207559790414644,0.000528121969074525
13.1877042265357,0.000107895809993368,1.88313713348936e-06,0.999999999998227,0.000455926934706609,-3.83105505466433e-05,-0.0092903847706109,0.0057445985849135
13.1906889199583,6.51967177954147e-05,1.13789738702332e-06,0.999999999999353,-0.000249687200977793,-2.31251612845772e-05,0.00508775512656037,0.00352300860031647
13.1935181126499,8.27886888134787e-06,1.4449352032042e-07,0.99999999999999,-0.000351126266390037,-2.88338585306373e-06,0.00715461180552942,0.000470596219622573
13.1973603395269,-6.82593847713518e-05,-1.19135100964548e-06,0.99999999999929,-0.000347674557681712,2.43362610081528e-05,0.00708434138137721,-0.00359015524241696
13.2005856080199,-0.000109678136632339,-1.91424460168534e-06,0.999999999998168,-0.00022413439178944,3.90655136099232e-05,0.00456682990381903,-0.00588319217977512
13.2032140215691,-2.33788272602201e-05,-4.08037510945835e-07,0.999999999999917,0.000573047986007219,8.37368515961475e-06,-0.0116769404343194,-0.00127302414811934
13.2067654377881,8.64205227705809e-06,1.50832266364136e-07,0.999999999999989,0.000157365327757748,-3.01485813578814e-06,-0.00320676107588178,0.000410211230156011
13.2095686386739,2.20377273660027e-05,3.84630902193596e-07,0.999999999999926,8.34041673613529e-05,-7.77905323849514e-06,-0.0016995553642928,0.00116745692584966
13.2123718395598,1.13096122217086e-05,1.97389970392604e-07,0.999999999999981,-6.67954026225241e-05,-3.96402623842885e-06,0.0013609538365044,0.000607541560458414
13.2160310635536,1.07841937616038e-05,1.88219688313017e-07,0.999999999999982,-2.50607289822085e-06,-3.77756949158367e-06,5.09552700673484e-05,0.000598031404955868
13.2189583417223,-6.52276761684437e-06,-1.13843771256398e-07,0.999999999999994,-0.000103189188784243,2.37700279002749e-06,0.0021024897283463,-0.000338871976607056
13.221885619891,-8.131370594736e-06,-1.41919189577992e-07,0.99999999999999,-9.59096358597404e-06,2.9486313285647e-06,0.000195276466943935,-0.000434726451077652
13.2257732636261,-2.21251917354607e-05,-3.86157443418819e-07,0.999999999999925,-6.28242376308081e-05,7.92475244849389e-06,0.00127998383055032,-0.00120204946642035
13.2294206727615,3.99577407235353e-06,6.97394137283911e-08,0.999999999999998,0.00012499197107443,-1.36558378691949e-06,-0.0025471056003212,0.000158449261341609
13.2322124178096,2.10946558542272e-05,3.68171199231353e-07,0.999999999999932,0.000106897936724523,-7.4467612062101e-06,-0.00217827105072712,0.00111515751507525
13.2350041628577,1.14173573600697e-05,1.99270477810022e-07,0.99999999999998,-6.05000523010467e-05,-4.00542435274843e-06,0.00123268306889332,0.00061248386217893
13.2386061589668,1.1608618141875e-05,2.02608608182463e-07,0.999999999999979,9.26744580321629e-07,-4.07383154789909e-06,-1.89914683633299e-05,0.000639335033802759
13.2418406325853,-1.01731234817278e-05,-1.77554499968099e-07,0.999999999999984,-0.00011753476855487,3.67218087148902e-06,0.00239482937038529,-0.000526361852690135
13.2450751062038,-2.57952765564035e-05,-4.5021250737173e-07,0.999999999999899,-8.42974899661423e-05,9.2275193003258e-06,0.0017175401886148,-0.00137795214254659
13.2485171343997,-3.18500739530781e-05,-5.5588865748487e-07,0.999999999999845,-3.07017096028434e-05,1.13802365152098e-05,0.000625421144862325,-0.00173029566905241
13.252424247633,1.03759149156762e-05,1.81093878185338e-07,0.999999999999984,0.000188625845135142,-3.63802290424277e-06,-0.0038438249732428,0.000431891636442859
13.2548100271279,1.47652783782955e-05,2.57702722674783e-07,0.999999999999967,3.21106140162984e-05,-5.19878776728981e-06,-0.000654194935604437,0.000770886797795844
13.2571958066228,4.56056852296109e-06,7.95969364884856e-08,0.999999999999997,-7.4653079450708e-05,-1.56980804234351e-06,0.00152108764983101,0.000241566884455673
13.2607596347199,9.33115795917174e-06,1.62859429411221e-07,0.999999999999987,2.33632180493024e-05,-3.26683906980783e-06,-0.000476182066370177,0.000502992116082417
13.2657344659443,3.38343196608041e-05,5.90520278253248e-07,0.999999999999826,8.59648960044214e-05,-1.19809895966662e-05,-0.0017516474698036,0.00195338474923797
13.2679077061633,-5.24837124483152e-08,-9.16013585893034e-10,1,-0.000272144922895906,6.95408111631046e-08,0.00554496014861605,1.8359104024894e-05
13.2700809463823,-7.90455651728209e-07,-1.37960537136549e-08,1,-5.92665275336041e-06,3.31616313724988e-07,0.000120592054328996,-3.97829264290339e-05
13.273741956019,-8.29724997191538e-06,-1.4481433087093e-07,0.99999999999999,-3.57874712610514e-05,3.00086388912923e-06,0.000729101488479661,-0.000442210377720623
13.2786172690205,-0.00011496451165391,-2.00650925130677e-06,0.999999999997987,-0.000381861619928494,4.09349365516439e-05,0.00778084866557585,-0.00621882157809764
13.2816230474709,-1.41632452167624e-05,-2.47195261799839e-07,0.999999999999969,0.000585310600416046,5.08563989034257e-06,-0.0119267927603895,-0.000833195161593159
13.2846288259213,3.84046421791262e-05,6.70287454075991e-07,0.999999999999775,0.000305239634598001,-1.36097037744582e-05,-0.00621980095121468,0.00202080373763474
13.2873894804009,2.28359942928701e-05,3.98563288377207e-07,0.999999999999921,-9.84274445448522e-05,-8.07302902441633e-06,0.0020055659956526,0.00122243668241062
13.2904358285113,1.08831446809481e-05,1.89946707653452e-07,0.999999999999982,-6.84808738733575e-05,-3.8224415298704e-06,0.00139530590086271,0.000593085455572637
13.2949291748968,-3.17408883556992e-05,-5.53983009314852e-07,0.999999999999847,-0.000165562512468344,1.13363588693352e-05,0.00337361046729829,-0.00158468312293257
13.2972764322529,-1.57176653380693e-05,-2.74325010875893e-07,0.999999999999962,0.000119142452660258,5.63704656561459e-06,-0.00242807303968533,-0.000826190813847489
13.2996236896091,-4.05754785363914e-06,-7.08175696032319e-08,0.999999999999997,8.67000973445386e-05,1.48989317429334e-06,-0.00176680813478727,-0.000216414691866006
13.3,-2.67258284760608e-06,-4.6645370223052e-08,0.999999999999999,6.42347380376489e-05,9.9729882570506e-07,-0.00130901075416161,-0.000142598034643771
13.3018815519545,-3.89528541220237e-07,-6.79855557478359e-09,1,2.117763187627e-05,1.85126421209434e-07,-0.000431650267513187,-2.12873670348157e-05
13.3079020069953,-2.60845908015763e-05,-4.55261993522917e-07,0.999999999999896,-7.44899571389596e-05,9.32252972204538e-06,0.00151772635770445,-0.00140630216710196
13.3121869625107,-5.05511138755612e-05,-8.82283377679019e-07,0.999999999999611,-9.96559667019023e-05,1.80225268068928e-05,0.00203035878755208,-0.00285265696700701
13.3144637277501,1.60238189271887e-06,2.79668399022828e-08,1,0.000399799769337465,-5.24889742364895e-07,-0.00814638954759254,6.07962655223172e-05
13.3167404929896,1.87103571045963e-06,3.26557335699118e-08,0.999999999999999,2.05945417046638e-06,-6.20583582155809e-07,-4.20306134911766e-05,9.59382602969913e-05
13.3202863281845,8.76278826366004e-06,1.52939506855984e-07,0.999999999999988,3.39225504506032e-05,-3.07195622284074e-06,-0.000691338572153783,0.000467283125285153
13.3250158265616,8.13139432387756e-05,1.41919603729594e-06,0.999999999998993,0.000267735905472,-2.88741569660224e-05,-0.00545558930048972,0.00441762198950957
13.3278114702757,1.53782458737946e-06,2.68401023678949e-08,1,-0.000498044843088337,-5.03117547033941e-07,0.010148302974274,0.000120485722384572
13.3306071139899,-1.37092672403304e-05,-2.3927185137956e-07,0.999999999999971,-9.51880786538159e-05,4.91887242154172e-06,0.00193944240505172,-0.000723824548865536
13.3337597164987,-1.71574740040064e-05,-2.99454412695241e-07,0.999999999999955,-1.90898031538007e-05,6.14475906901384e-06,0.000388849099764339,-0.000922045573035854
13.3375034497162,-2.23137359259695e-05,-3.89448160328703e-07,0.999999999999924,-2.40385044563242e-05,7.97792671488496e-06,0.000489663001966976,-0.00123097957626002
13.340401935704,8.49838984570198e-06,1.48324883925552e-07,0.999999999999989,0.000185535844067034,-2.98029805867899e-06,-0.00378067198525886,0.000435440938698236
13.3433004216918,1.2095854346003e-05,2.11112484179416e-07,0.999999999999978,2.16622058961671e-05,-4.2599309900557e-06,-0.000441483221510629,0.000643838011672125
13.3468222890028,1.95947571916907e-05,3.41993029123834e-07,0.999999999999941,3.71622589340661e-05,-6.92713830671086e-06,-0.000757327599563897,0.00106041403840778
13.3511445126582,7.10334769919533e-06,1.23976805264922e-07,0.999999999999992,-5.0440754861135e-05,-2.48450872355829e-06,0.00102785740334461,0.000513297947556349
13.3534420097716,-8.57362299165231e-06,-1.49637950029019e-07,0.999999999999989,-0.000119092534961982,3.08996265953422e-06,0.00242632356348003,-0.000438932134825878
13.3557395068849,-2.87487011002467e-06,-5.01759489871021e-08,0.999999999999999,4.32914585463347e-05,1.06291594581456e-06,-0.000882284770658255,-0.000151828120717785
13.3593255462476,-9.00989108219824e-06,-1.57252264630434e-07,0.999999999999988,-2.98592136927799e-05,3.24436177550768e-06,0.000608316197626722,-0.00048408400222877
13.3642005919293,-6.87303329932603e-05,-1.19957060672419e-06,0.99999999999928,-0.000213806887189378,2.44822201967243e-05,0.0043564429562723,-0.00377961665302161
13.3665528625348,-2.35167036609407e-06,-4.10443908099219e-08,0.999999999999999,0.000492514004643996,8.75563202755434e-07,-0.0100356893203134,-0.000146651654618639
13.3689051331402,1.47427350256638e-06,2.57309266946924e-08,1,2.8387600197385e-05,-4.85247772049973e-07,-0.000578509535268332,7.50126351168397e-05
13.3726126899189,1.03578129204323e-05,1.80777938767152e-07,0.999999999999984,4.18191874941672e-05,-3.64496300694759e-06,-0.000852236506012813,0.000552043653376578
13.3773983956595,0.000109264301619436,1.90702181815017e-06,0.999999999998182,0.000360708320349538,-3.88200208084648e-05,-0.00735002520171688,0.00592886822656012
13.3801431799126,5.52938156084849e-06,9.65059138358691e-08,0.999999999999995,-0.000659620479211275,-1.92831012603576e-06,0.0134406595497256,0.000340361609678166
13.3828879641656,-1.28436207621269e-05,-2.24163470176616e-07,0.999999999999975,-0.000116828630031104,4.60538447558331e-06,0.00238040370364467,-0.0006758609443203
13.3859738014833,-1.56856875128111e-05,-2.73766892537511e-07,0.999999999999962,-1.60745422564862e-05,5.61574342630772e-06,0.000327418086789948,-0.000841578931343893
13.3896656391383,-2.19404459843811e-05,-3.82933021783409e-07,0.999999999999927,-2.95695909320014e-05,7.83965597969519e-06,0.000602386334721836,-0.00120327287284581
13.3928111162488,1.00206901809481e-05,1.7489403697981e-07,0.999999999999985,0.000177342590382638,-3.5272828965303e-06,-0.00361374077030309,0.000509114449019498
13.3959565933593,2.78698623548506e-05,4.86420860169744e-07,0.999999999999882,9.90396090155063e-05,-9.87535438287368e-06,-0.0020181585379137,0.00148421149468882
13.3992110555594,2.76528663461983e-05,4.82633565355075e-07,0.999999999999884,-1.16372370667015e-06,-9.79837813138816e-06,2.36525259024851e-05,0.00149612520564398
13.4029088242495,5.73003638123846e-06,1.00008001111672e-07,0.999999999999995,-0.000103474715782533,-2.00184438160577e-06,0.00210844279430952,0.000374611546832451
13.4055487117698,-1.51296532634046e-05,-2.64062264131512e-07,0.999999999999965,-0.000137911279344032,5.41612307443814e-06,0.00280995587846775,-0.000795141690695379
13.4081885992901,-7.34914011713265e-06,-1.28266692234366e-07,0.999999999999992,5.14399082745213e-05,2.64872790743794e-06,-0.00104830040892396,-0.000393402974359402
13.4118134582975,-1.16498521221009e-05,-2.03328276901108e-07,0.999999999999979,-2.0707449452e-05,4.17781463923975e-06,0.000421833436465389,-0.000634571388648293
13.4157159674935,8.30418428556703e-06,1.44935357475517e-07,0.999999999999989,8.92409516251693e-05,-2.91920099323047e-06,-0.00181857755511567,0.000396872650741591
13.4185406755725,2.12847292719745e-05,3.71488606191562e-07,0.999999999999931,8.02041281368007e-05,-7.53566205165781e-06,-0.00163431438907643,0.00112810842040262
13.4213653836514,1.12480035885816e-05,1.96314696896885e-07,0.999999999999981,-6.2014871765993e-05,-3.96640530899386e-06,0.00126358428653808,0.000604619083073137
13.4250639857634,1.08821361846991e-05,1.89929106073412e-07,0.999999999999982,-1.7264876378321e-06,-3.83653036549849e-06,3.51146026432912e-05,0.000605150618874572
13.4277937229857,-4.10372626037625e-06,-7.16235348441196e-08,0.999999999999997,-9.58160510015156e-05,1.49268538809684e-06,0.00195228160057298,-0.000212282129010639
13.4305234602081,-3.59543892054748e-06,-6.27522472179042e-08,0.999999999999998,3.24986872493702e-06,1.31162293874714e-06,-6.63296261146158e-05,-0.000192042956013373
13.434733461411,-1.86275125088756e-05,-3.25111424736302e-07,0.999999999999947,-6.2318076616499e-05,6.65715387541513e-06,0.00126972194995456,-0.00100899865314712
13.4387035307059,-4.89025482312409e-06,-8.53510479250482e-08,0.999999999999996,6.03919878968406e-05,1.7709384597405e-06,-0.00123076325692077,-0.000335608807016345
13.4413149575516,1.51745442930177e-05,2.64845760402871e-07,0.999999999999965,0.000134101711067151,-5.36481138706955e-06,-0.00273250995282727,0.000796192536569263
13.4439263843972,6.97836350652129e-06,1.21795419589813e-07,0.999999999999993,-5.47786130986307e-05,-2.4500873498199e-06,0.00111614232736732,0.000372303841845556
13.44754847381,1.13258673896074e-05,1.97673676592903e-07,0.99999999999998,2.0948753152176e-05,-3.99650357585965e-06,-0.000426940378829559,0.000615328245073891
13.4515301394863,-7.38184889872494e-06,-1.28837568167467e-07,0.999999999999992,-8.20036817004527e-05,2.65655821358927e-06,0.00167092426392792,-0.000344711852861202
13.4543040503182,-1.98772104998192e-05,-3.46922769333825e-07,0.99999999999994,-7.86201195301129e-05,7.0999281651237e-06,0.00160184310919684,-0.00105339669768707
13.45707796115,-9.86529632540292e-06,-1.72181902563178e-07,0.999999999999985,6.29944065843526e-05,3.53897874054733e-06,-0.0012837288724938,-0.000530745597719327
13.4607837768353,-1.10710235824587e-05,-1.93225813079841e-07,0.999999999999981,-5.67861769279195e-06,3.96735498333833e-06,0.000115595668854345,-0.000613034958532081
13.4638717423089,8.45602421462278e-06,1.47585464173535e-07,0.999999999999989,0.000110367580262153,-2.97746967798906e-06,-0.0022489968624066,0.00043761086912146
13.4669597077825,1.50444419414736e-05,2.62575046003839e-07,0.999999999999965,3.72379752344069e-05,-5.32077069771583e-06,-0.000758849488365979,0.000802847776021711
13.4706087312309,2.65495126550375e-05,4.63376410630289e-07,0.999999999999893,5.5028795365116e-05,-9.41261445687732e-06,-0.00112135310090044,0.00144187907834906
13.474940492582,-2.16026581924339e-05,-3.77037512640889e-07,0.999999999999929,-0.000194012055411368,7.71279144076044e-06,0.00395345091978263,-0.000956241915981512
13.4770991200391,-9.80431248418853e-06,-1.71117533743473e-07,0.999999999999985,9.53939403563946e-05,3.51570742951887e-06,-0.00194432994789009,-0.000496460087918311
13.4792577474963,-2.41454536571443e-06,-4.21417665704875e-08,0.999999999999999,5.97489699979476e-05,8.87295504906053e-07,-0.00121763109976547,-0.000125773602208482
13.4826527741034,-7.71006776249127e-06,-1.34566068007344e-07,0.999999999999991,-2.72234394986899e-05,2.7702825184739e-06,0.000554631003359046,-0.000412558996610641
13.4872937480343,-6.01151442260941e-05,-1.04920719705641e-06,0.99999999999945,-0.000197079566201608,2.1406887055248e-05,0.0040156667144372,-0.00327153954445899
13.4901502526163,1.57447951809081e-06,2.74798515958983e-08,1,0.000376924670601806,-5.32488307514964e-07,-0.00768049717154885,4.97871312153678e-05
13.4930067571984,1.50218378918393e-05,2.62180530913437e-07,0.999999999999966,8.21635928030343e-05,-5.31499781324487e-06,-0.00167425234877053,0.000794153707269332
13.4962163397999,1.89635138966388e-05,3.3097575524404e-07,0.999999999999945,2.14343211784518e-05,-6.71699867666311e-06,-0.000436817193219096,0.00101958741966629
13.4999932220135,2.14686340664682e-05,3.7469835036568e-07,0.99999999999993,1.15763724282529e-05,-7.60801122996962e-06,-0.00023591218971856,0.00119316404272513
13.5025219669549,-3.27745037805585e-06,-5.72023001678074e-08,0.999999999999998,-0.000170796446668283,1.19227087867318e-06,0.0034800987495111,-0.000165169932185543
13.5050507118964,-2.53241742698915e-06,-4.41990221358438e-08,0.999999999999999,5.14218647310622e-06,9.27051255033216e-07,-0.000104881919599913,-0.000134513598618327
13.5091039816162,-1.39854734313637e-05,-2.44092558827483e-07,0.99999999999997,-4.93166136262814e-05,4.9998455096614e-06,0.00100481698387617,-0.000753392006468242
13.5143020245057,-0.000110001705198693,-1.91989193852418e-06,0.999999999998157,-0.000322390448733271,3.91451383267277e-05,0.00656887477509843,-0.00615005011894473
13.5161593188756,-2.29703964426321e-05,-4.00909048412312e-07,0.99999999999992,0.0008178471408286,8.19447037224172e-06,-0.0166643847393357,-0.00127071130204463
13.5180166132455,-4.49800006388873e-06,-7.85049108697736e-08,0.999999999999997,0.000173588065933292,1.62500633023933e-06,-0.00353711514362623,-0.000247500606472014
13.52145551391,4.57245982068199e-06,7.98044787860501e-08,0.999999999999997,4.60348829770322e-05,-1.60109543041129e-06,-0.000938120078325281,0.000234332224455614
13.5260421609865,0.00012312903755307,2.14900711011116e-06,0.999999999997691,0.000451136221466733,-4.37648592005925e-05,-0.00919272031753549,0.00657097394778422
13.5288435016358,4.63134817227003e-05,8.08322744123247e-07,0.999999999999673,-0.000478586696097977,-1.64462030152381e-05,0.00975199363642601,0.00250642043337679
13.5316448422851,4.37836724760358e-06,7.64169243321641e-08,0.999999999999997,-0.000261269838773883,-1.53269788380112e-06,0.0053237028260764,0.000253697384630971
13.5355124383674,-5.32388745140992e-05,-9.29193650326994e-07,0.999999999999568,-0.000260009202944362,1.89580810725977e-05,0.00529806590982545,-0.00280633640393214
13.5389527931162,-0.000119787717474524,-2.09069007337766e-06,0.999999999997815,-0.000337609493163239,4.26248334539446e-05,0.00687916046722797,-0.00643310017416819
13.5417410487845,-2.97694693457418e-05,-5.19575256654693e-07,0.999999999999865,0.000563475880135693,1.06105279997927e-05,-0.0114818399971049,-0.00163041886228745
13.5455058101879,4.27803695637157e-05,7.46658304106739e-07,0.999999999999721,0.000336338329329048,-1.51917167474832e-05,-0.00685362018521985,0.00217974277680445
13.5479515060541,2.23561731669981e-05,3.90188829910115e-07,0.999999999999924,-0.000145753803293978,-7.92773180921838e-06,0.00297010966845958,0.00118190626839012
13.5503972019203,6.03224619651471e-06,1.05282557420086e-07,0.999999999999994,-0.000116492928016668,-2.12241004877785e-06,0.00237368915763775,0.000322145824803271
13.5540167839513,9.08917222974884e-06,1.58635981689951e-07,0.999999999999987,1.474021691263e-05,-3.20979083066571e-06,-0.000300416117821798,0.000494694222710057
13.5579894256139,-9.28980233498588e-06,-1.6213763760496e-07,0.999999999999987,-8.07456716554552e-05,3.32638413414068e-06,0.0016452968880388,-0.000455558885290127
13.5608601179944,-2.19197494755919e-05,-3.8257179956137e-07,0.999999999999927,-7.67878033388923e-05,7.81769883912733e-06,0.00156454057410473,-0.00116415857672259
13.5637308103748,-1.21206306464737e-05,-2.11544912199093e-07,0.999999999999978,5.95768771767528e-05,4.33246586737083e-06,-0.00121407399674454,-0.000653360799942693
13.5674575084804,-1.04159450010517e-05,-1.81792534974996e-07,0.999999999999983,7.98357591111571e-06,3.72581731184176e-06,-0.00016278446451372,-0.000585339126994588
13.5703247816002,8.22643261665233e-06,1.43578334854035e-07,0.99999999999999,0.000113477459676911,-2.90425777858533e-06,-0.00231232771121817,0.00042848300900364
13.5731920547199,7.9269911532555e-06,1.3835209540077e-07,0.99999999999999,-1.82272118315739e-06,-2.79790976242651e-06,3.70902985928748e-05,0.000423064997461998
13.577039044914,1.88888713111712e-05,3.2967299636543e-07,0.999999999999946,4.97326198698796e-05,-6.69656063229283e-06,-0.00101342885559715,0.00102677125935456
13.5806589050412,-6.52430905151796e-06,-1.13870674366656e-07,0.999999999999994,-0.000122530610340589,2.34127244399539e-06,0.00249673544245624,-0.000303386575398525
13.5835388125712,-2.3241800823333e-05,-4.05645948459879e-07,0.999999999999918,-0.00010131411201821,8.28627664487023e-06,0.00206430384969393,-0.00123262872846456
13.5864187201011,-1.38607478660898e-05,-2.41915687052043e-07,0.999999999999971,5.68526106147863e-05,4.94972149342871e-06,-0.00115856329299537,-0.000746340772693624
13.5900316603148,-1.1348452817754e-05,-1.98067866677034e-07,0.99999999999998,1.21363260341762e-05,4.05588892583853e-06,-0.000247397552887757,-0.000632682112083977
13.5927463118669,4.24677745579625e-06,7.41202492031125e-08,0.999999999999997,0.000100266318035335,-1.49047804583461e-06,-0.00204312298104641,0.000218684604405718
13.595460963419,3.59600114914878e-06,6.27620599581459e-08,0.999999999999998,-4.1840321038954e-06,-1.25918075116997e-06,8.52033088680794e-05,0.000191044291011574
13.5996489043664,1.80919762468836e-05,3.15764553700719e-07,0.99999999999995,6.04121445168e-05,-6.41473239497138e-06,-0.00123104688164083,0.000978817634607489
13.6036670433297,5.83080416968919e-06,1.0176673080009e-07,0.999999999999995,-5.3257944748876e-05,-2.05408704420109e-06,0.00108524005530936,0.000388102523375314
13.606251842747,-1.44112378578339e-05,-2.51523549907253e-07,0.999999999999968,-0.00013667995989996,5.14426905568116e-06,0.00278487996077238,-0.000756129152297463
13.6088366421644,-6.4363863240631e-06,-1.12336133285236e-07,0.999999999999994,5.38484401110248e-05,2.30784864127536e-06,-0.00109734643060151,-0.00034405163050181
13.6124652983334,-1.11619978341742e-05,-1.94813613306815e-07,0.999999999999981,-2.27294833623891e-05,3.98817080981956e-06,0.00046307009820603,-0.000606600733344784
13.61756693494,2.07447468822552e-05,3.62064135588173e-07,0.999999999999934,0.000109156686733043,-7.36070852029532e-06,-0.00222455658942489,0.000871727870647612
13.6195987711491,4.42182499420019e-06,7.71754050957724e-08,0.999999999999997,-0.000140212448825784,-1.55465362972787e-06,0.00285754081186823,0.000200843418218169
13.6216306073582,8.63512195870817e-07,1.50711309490719e-08,1,-3.05655908031391e-05,-2.891425138178e-07,0.000622841108075105,4.05331608285476e-05
13.6249580684919,6.97637701764349e-06,1.21760748818341e-07,0.999999999999993,3.20633701142533e-05,-2.46331430247096e-06,-0.00065340260977384,0.000370193241425776
13.6294703016248,6.41285751329933e-05,1.11925478068306e-06,0.999999999999374,0.000221064382641079,-2.27889738520772e-05,-0.00450456768318267,0.00346220906484818
13.6338617788542,9.62811664660805e-05,1.68042336249307e-06,0.999999999998588,0.000127785834356838,-3.4221672677491e-05,-0.00260338337838223,0.00560001623775053
13.6357290095574,2.40627627781683e-05,4.19974437605363e-07,0.999999999999912,-0.000675036524799805,-8.54017211886558e-06,0.0137537908489807,0.00135811542853416
13.6375962402606,5.20585075124444e-06,9.08592359766356e-08,0.999999999999996,-0.000176258456474868,-1.83436004367382e-06,0.00359131416578304,0.000289240949586021
13.6406213132262,-4.44470688156794e-06,-7.75747693694101e-08,0.999999999999997,-5.56793198914431e-05,1.59754568517018e-06,0.00113448692573092,-0.000231670587423297
13.644739300408,-4.58369204288606e-05,-8.00005180458183e-07,0.99999999999968,-0.000175432894564779,1.63179567257525e-05,0.00357466169529102,-0.00245218122635395
13.648772149765,-0.000136189372893743,-2.37695296321989e-06,0.999999999997175,-0.000391025709905974,4.84498347439736e-05,0.00796753738457079,-0.00742334190521105
13.6512967454748,-5.15003972706945e-06,-8.9885149845872e-08,0.999999999999996,0.000905914481450011,1.84748177428182e-06,-0.0184593330280685,-0.000316951847550624
13.6538213411847,5.93518775297317e-06,1.03588568013425e-07,0.999999999999995,7.66355250874569e-05,-2.09482839903245e-06,-0.0015615609889157,0.000309255778728577
13.6570088379397,1.10350430230985e-05,1.92597833852296e-07,0.999999999999981,2.79245039855151e-05,-3.90868324832278e-06,-0.000569053081056125,0.000589901324243745
13.6610620914565,3.36020026265264e-05,5.86465581096634e-07,0.999999999999828,9.71732327160835e-05,-1.19344300343007e-05,-0.00198007520445771,0.00183141731275416
13.6641869955048,-6.65396726641115e-06,-1.16133637118801e-07,0.999999999999993,-0.000224838653396325,2.3819911260508e-06,0.00458139544095099,-0.000322055658908492
13.6673118995531,-3.09023726239591e-05,-5.39348148966219e-07,0.999999999999855,-0.000135432802193043,1.10053685890307e-05,0.00275956551934279,-0.00164218248134137
13.6704374593923,-2.75292869523766e-05,-4.80476698045269e-07,0.999999999999885,1.88354899444518e-05,9.80545483088707e-06,-0.000383903626837187,-0.0014857265878236
13.6739111554007,-1.16146250026429e-05,-2.02713447680572e-07,0.999999999999979,7.99618762518161e-05,4.14521620441379e-06,-0.00162945710064784,-0.000663684094549532
13.6767531734311,1.31231080797033e-05,2.29041444085891e-07,0.999999999999974,0.000151918421047939,-4.65250508550845e-06,-0.00309558954090032,0.000686783390581258
13.6795951914615,1.076250583968e-05,1.87841162667532e-07,0.999999999999982,-1.44968402655494e-05,-3.81306141762709e-06,0.000295368874829577,0.000575246920507596
13.6832040033285,1.58563445297164e-05,2.76745419374139e-07,0.999999999999962,2.46353259696038e-05,-5.6247456444081e-06,-0.000502016811501236,0.000863537436698274
13.6868520776647,-9.29641489351677e-06,-1.62253048523305e-07,0.999999999999987,-0.000120337040158954,3.32050789469808e-06,0.00245204804363669,-0.000455244701758755
13.6897618391695,-2.42745089694244e-05,-4.2367010582134e-07,0.99999999999991,-8.98414034495618e-05,8.64696495276979e-06,0.00183054764083507,-0.00128935999096319
13.6926716006744,-1.43977871165747e-05,-2.51288790185446e-07,0.999999999999968,5.92424208476743e-05,5.1341716310639e-06,-0.00120724441362864,-0.000776235010812493
13.6963270212377,-1.0339484145299e-05,-1.80458041293218e-07,0.999999999999984,1.93769082556615e-05,3.69055045725729e-06,-0.000394926151117539,-0.000582852370036243
13.6992221773229,9.67688247340565e-06,1.68893460489461e-07,0.999999999999986,0.000120667588035635,-3.42811725949986e-06,-0.0024588200108628,0.000505083843350091
13.7021173334081,9.49278765799466e-06,1.65680399824688e-07,0.999999999999986,-1.10980567895631e-06,-3.36273574519529e-06,2.25830706122376e-05,0.000507116917217805
13.7058776922836,1.87473951393612e-05,3.27203771354229e-07,0.999999999999946,4.29542436974125e-05,-6.65413812434061e-06,-0.000875289430633198,0.00102027242372407
13.7094466480319,-7.92394226964059e-06,-1.3829888234318e-07,0.99999999999999,-0.000130431052254554,2.83118664138261e-06,0.00265773112213802,-0.000381393576416992
13.7130156037802,-9.1284718786397e-05,-1.59321889957908e-06,0.999999999998731,-0.000407659864636843,3.24772989593124e-05,0.00830666290336069,-0.00485281076212181
13.7159373858619,-5.28811534455474e-05,-9.22950239877015e-07,0.999999999999574,0.000229404055797842,1.88190322262366e-05,-0.00467463566792242,-0.00285276903888725
13.7187867472257,-9.18367554334012e-06,-1.60285375666164e-07,0.999999999999987,0.000267661685142334,3.27835159376701e-06,-0.0054540925661352,-0.000514196509439412
13.7220690298277,1.70730113337394e-05,2.97980261004056e-07,0.999999999999956,0.000139617970853182,-6.05971397441593e-06,-0.00284499133689546,0.000892490776320759
13.7253513124298,3.60203856655094e-05,6.28674327701267e-07,0.999999999999802,0.000100751247466286,-1.2798190275424e-05,-0.00205298480292998,0.00192805298089003
13.7286670921705,2.92059819881492e-05,5.09740546971341e-07,0.99999999999987,-3.58690232866923e-05,-1.03747237772541e-05,0.000730888867097867,0.00159337625364633
13.7326585845013,-4.09604262608127e-05,-7.14894301271471e-07,0.999999999999744,-0.000306811274267305,1.45796258128892e-05,0.00625188463912232,-0.00204762310125899
13.7349704472394,-1.79630466265403e-05,-3.13514307322383e-07,0.999999999999951,0.000173617571375181,6.40005361803984e-06,-0.00353808730072789,-0.000942044522066067
13.7372823099775,-4.46697438874816e-06,-7.79634106859164e-08,0.999999999999997,0.000101887924724151,1.60011052002957e-06,-0.0020762232198379,-0.000237451207206907
13.7408011721375,-8.7499695031179e-06,-1.52715777278499e-07,0.999999999999988,-2.12433346900834e-05,3.12310726375661e-06,0.000432809435121093,-0.000472348458107037
13.7457486494628,-3.55095207174175e-05,-6.19758052324035e-07,0.999999999999808,-9.44000839909657e-05,1.26389296398407e-05,0.00192336856756231,-0.00202819199349828
13.7479495219329,1.08280091378542e-07,1.88984410891588e-09,1,0.000282455210309927,-2.76679713369663e-08,-0.00575526196212596,-1.43592071870547e-05
13.7501503944031,8.85120479847801e-07,1.54482666501762e-08,1,6.16047623154043e-06,-3.03955283394084e-07,-0.000125535357363619,4.41185403531829e-05
13.7538769325653,8.72952129600186e-06,1.52358888738194e-07,0.999999999999988,3.67393586564554e-05,-3.09390517166843e-06,-0.000748670687603418,0.000464560608828946
13.7588164683364,0.000125813297406871,2.19585628253899e-06,0.999999999997589,0.000413702317082263,-4.47332714314722e-05,-0.00842981368890467,0.00681054926492605
13.7616775307328,1.15946732687846e-05,2.02365224233263e-07,0.99999999999998,-0.000696766019794516,-4.11287979153502e-06,0.0141976601738476,0.000681813194839585
13.7645385931292,-2.23803845224852e-05,-3.90611397779736e-07,0.999999999999924,-0.000207257493846995,7.96962670244049e-06,0.0042230838828524,-0.00117665397803766
13.7674296854623,-1.83757850725876e-05,-3.20717952155473e-07,0.999999999999949,2.41754456693518e-05,6.54517799561718e-06,-0.000492702599120815,-0.000984745392042986
13.7707585973813,-1.45208770447668e-05,-2.53437114708443e-07,0.999999999999968,2.02110596749069e-05,5.17398431327763e-06,-0.000411904464795597,-0.000793959926674807
13.7743436713644,1.22749955109451e-05,2.14239087333514e-07,0.999999999999977,0.000130450920745258,-4.35595501597783e-06,-0.00265822668487262,0.000619050679484783
13.7779287453476,8.9201380596616e-05,1.5568577887349e-06,0.999999999998788,0.00037450236946626,-3.17140640249892e-05,-0.00763111420784773,0.00475150836589443
13.780905689479,5.19636524858778e-05,9.06936827240579e-07,0.999999999999589,-0.00021831815875696,-1.84707237790614e-05,0.00444863580277969,0.00280937207213394
13.7838687298325,6.69241908231489e-06,1.16804747909692e-07,0.999999999999993,-0.00026666261173376,-2.37062264728891e-06,0.00543364220904836,0.000388315589029129
13.7877693662521,-8.63743065409624e-05,-1.5075160382661e-06,0.999999999998864,-0.000416424555230856,3.07275952222102e-05,0.00848533785477498,-0.00455266999495893
13.7909218860753,-0.000111525665568162,-1.94649006464128e-06,0.999999999998106,-0.000139245445230072,3.96717799851581e-05,0.00283715417018864,-0.00598700191311339
13.7934903739252,-2.09498185415676e-05,-3.65643311245703e-07,0.999999999999933,0.000615477606202603,7.4593463885471e-06,-0.0125414000297005,-0.00114071670728033
13.7972223925297,1.17067867297082e-05,2.04321973262186e-07,0.999999999999979,0.00015272305551262,-4.15502620943965e-06,-0.00311208861177932,0.000562387505737923
13.7999027444429,2.03043170015195e-05,3.5437718404517e-07,0.999999999999937,5.59833990606584e-05,-7.21247141742434e-06,-0.0011406879793881,0.00107467892199335
13.8025830963562,8.45411027156361e-06,1.47552059565456e-07,0.999999999999989,-7.71634215106584e-05,-2.9981154948507e-06,0.00157231440458471,0.000453549984337404
13.8062717190833,1.03460202012357e-05,1.80572116989409e-07,0.999999999999984,8.95186628353523e-06,-3.671027251592e-06,-0.000182429000338357,0.000569373947325334
13.8095954057565,-1.01279085731334e-05,-1.76765350942138e-07,0.999999999999984,-0.000107512381000788,3.61018333603153e-06,0.00219070306669746,-0.000523001243016854
13.8129190924297,-3.13744391343739e-05,-5.47587263861356e-07,0.99999999999985,-0.000111569455663272,1.11660600250035e-05,0.00227334205417087,-0.00167534125414047
13.8163281289037,-3.66499033966417e-05,-6.39661484809207e-07,0.999999999999795,-2.70088694122771e-05,1.30419028633267e-05,0.000550256018858008,-0.00199024515371578
13.8200838098594,8.10873824008833e-06,1.41524180471911e-07,0.99999999999999,0.000208001072105396,-2.87661794955588e-06,-0.00423851786146116,0.000324519505851623
13.8225347052122,1.61269783171117e-05,2.81468870031329e-07,0.99999999999996,5.70994144639177e-05,-5.72781172417895e-06,-0.00116332742290317,0.000845362460209696
13.8249856005651,5.36456098633985e-06,9.36292521356649e-08,0.999999999999996,-7.66412232485219e-05,-1.90028446698532e-06,0.00156168530523371,0.0002854475611528
13.8285607134399,9.67097386922653e-06,1.68790335892338e-07,0.999999999999986,2.10234155924726e-05,-3.4319149847458e-06,-0.000428414590364837,0.000523248029880597
13.8336127542889,1.16816378984088e-05,2.03883043352983e-07,0.999999999999979,6.94624380710308e-06,-4.14623532771763e-06,-0.000141392432151898,0.000803247972639464
13.8357351427641,-2.53591473054805e-06,-4.42600615978883e-08,0.999999999999999,-0.000116916911228865,9.09163245138023e-07,0.00238193838303955,-0.000109724716114006
13.8378575312393,-1.00891328813318e-06,-1.76088587450462e-08,1,1.25571746944374e-05,3.65895827332308e-07,-0.000255969830286845,-5.04962224742795e-05
13.8413746834854,-7.70514751749872e-06,-1.3448019353222e-07,0.999999999999991,-3.32289666786334e-05,2.74719524500531e-06,0.000677053266703935,-0.000410392576113092
13.8461126008728,-8.81731312084604e-05,-1.53891145137999e-06,0.999999999998816,-0.00029642375393938,3.13642865417959e-05,0.00604001483277753,-0.00477010467936077
13.8492457768275,-1.16194062735584e-05,-2.02796896600478e-07,0.999999999999979,0.000426440957707558,4.13853722153917e-06,-0.00868950538177977,-0.000696821413344727
13.8523789527822,5.27164202213245e-05,9.200751027269e-07,0.999999999999577,0.000358381404545828,-1.87417353344978e-05,-0.00730258143397895,0.00277944301814537
13.8551128470178,2.80285207642757e-05,4.89189971800189e-07,0.99999999999988,-0.00015760855899772,-9.96161326014041e-06,0.00321158074075795,0.00150182370519098
13.8580235195898,9.96836413617895e-06,1.73980775214042e-07,0.999999999999985,-0.000108294282092275,-3.53877560636927e-06,0.00220665069497818,0.000543679010497302
13.8624719035973,-2.82992482710295e-05,-4.93915058168757e-07,0.999999999999878,-0.000150143475079251,1.00710105419997e-05,0.00305948994628678,-0.00141573440268358
13.8648801310468,-1.64355505222628e-05,-2.86854470991356e-07,0.999999999999959,8.59804945837502e-05,5.85125780899032e-06,-0.00175222350110696,-0.000866291622730427
13.8672883584963,-4.50046615155249e-06,-7.8547952219149e-08,0.999999999999997,8.6497859168668e-05,1.60651791070373e-06,-0.00176259925082383,-0.000240321205124659
13.8710027011674,-9.60972660846355e-06,-1.67721369534196e-07,0.999999999999986,-2.4007859589274e-05,3.42339629042891e-06,0.000489152062852134,-0.000521440013463811
13.8763407229107,5.84856166976876e-06,1.02076657643402e-07,0.999999999999995,5.05426991788198e-05,-2.07578134714599e-06,-0.00103019019069358,4.83375918686766e-05
13.8783178412243,-1.67465816696363e-07,-2.92282988589283e-09,1,-5.31073364715611e-05,6.491842802602e-08,0.00108273731538867,-4.94421726281334e-05
13.880294959538,-1.81577905267725e-07,-3.16913229579616e-09,1,-1.24576464745535e-07,7.00562637090273e-08,2.59864857223165e-06,-1.6108252617672e-05
13.8835774837163,6.49741311059738e-06,1.13401251642171e-07,0.999999999999994,3.55124220291179e-05,-2.30535516773657e-06,-0.000723653902445562,0.000343570946141898
13.8880164032882,6.39339248631374e-05,1.11585749258418e-06,0.999999999999377,0.000225833386860562,-2.27320450362132e-05,-0.00460172560850383,0.00344164381948728
13.8922545678397,0.000134655665434825,2.35018471829946e-06,0.999999999997238,0.000291240986687608,-4.7881932198815e-05,-0.00593414598633854,0.00753082811923768
13.8941212345279,2.77196881583041e-05,4.83799825988471e-07,0.999999999999883,-0.000999849037952132,-9.85288495378691e-06,0.0203727036469164,0.00153360926434238
13.895987901216,5.38366783223471e-06,9.39627295062012e-08,0.999999999999996,-0.000208841299284625,-1.90961873948286e-06,0.00425532113728506,0.000295570978790344
13.8992805944694,-4.2676239333627e-06,-7.44840888740902e-08,0.999999999999997,-5.11577621778739e-05,1.52265738372432e-06,0.00104239170159578,-0.000219549301546001
13.9037109021146,-9.12763279315342e-05,-1.59307245153466e-06,0.999999999998731,-0.00034277266597873,3.24662349863709e-05,0.00698452118465557,-0.0048721282243922
13.9066800925824,-4.70959474252345e-05,-8.21979346916395e-07,0.999999999999662,0.000259698093799142,1.67536176784616e-05,-0.00529188594609008,-0.00255288948748793
13.9096492830502,-2.69320363660774e-06,-4.70052708854899e-08,0.999999999999999,0.000261005174450994,9.62179952057064e-07,-0.00531843204319956,-0.000174526632453039
13.9132992915977,6.13896089456801e-05,1.07145080261368e-06,0.999999999999426,0.000306425603926494,-2.18283435363863e-05,-0.00624396441596249,0.00324576575497389
13.9164747683722,7.38081011912629e-05,1.28819438043233e-06,0.99999999999917,6.82554442100603e-05,-2.62446244629319e-05,-0.00139074578094206,0.0039687088426373
13.9193143807204,1.76756409978621e-05,3.08498132813185e-07,0.999999999999952,-0.00034501056040939,-6.28176837997416e-06,0.00703013426997249,0.000972788870032703
13.9224760708257,-1.19064472611349e-05,-2.07806706921863e-07,0.999999999999978,-0.000163300267433901,4.23866579719954e-06,0.00332747164550079,-0.000613334467458722
13.925637760931,-2.79105112915724e-05,-4.87130317952974e-07,0.999999999999881,-8.83462963573872e-05,9.93013238590739e-06,0.00180013423175356,-0.00148942973896404
13.9289320868393,-2.73977778022842e-05,-4.78181430379657e-07,0.999999999999886,2.7164548445977e-06,9.74755088679571e-06,-5.54230225525019e-05,-0.00148616783051484
13.9327395277175,1.94085688622861e-06,3.38743429746943e-08,0.999999999999999,0.000134488174532834,-6.86898815171148e-07,-0.00274054149117274,1.70976832158587e-05
13.9352755723982,1.5737650138443e-05,2.74673811442768e-07,0.999999999999962,9.49507988959613e-05,-5.59326321471266e-06,-0.00193465219161367,0.000826532176845943
13.9378116170789,6.04253527377226e-06,1.05462135695223e-07,0.999999999999994,-6.6722671345448e-05,-2.14529546774705e-06,0.00135958477908889,0.000322339339409435
13.9414390052732,1.04379742911952e-05,1.82177018619877e-07,0.999999999999983,2.11487932404497e-05,-3.7085427519831e-06,-0.000430956710583434,0.000566595116142761
13.946609554857,-2.12711492138997e-05,-3.71251589465546e-07,0.999999999999931,-0.000107034774373238,7.56960118256128e-06,0.0021812273051062,-0.000896226977687922
13.9486299775136,-4.01420998242959e-06,-7.006118105982e-08,0.999999999999998,0.000149072971153803,1.43116495083993e-06,-0.00303819411828068,-0.000178897434183153
13.9506504001702,-7.21716516029482e-07,-1.25963294707369e-08,1,2.84419952436105e-05,2.59998129159533e-07,-0.000579664268689008,-3.34740776918709e-05
13.9539681167964,-6.89663347309998e-06,-1.20368961408846e-07,0.999999999999993,-3.2483977409874e-05,2.45593224540151e-06,0.000661881156122642,-0.000366440690185115
13.958464979663,-6.36690082706506e-05,-1.11123382580212e-06,0.999999999999383,-0.000220345804130822,2.26461096643603e-05,0.0044898361409227,-0.00343651680199413
13.9628335246411,-0.000103198875907608,-1.80116016894383e-06,0.999999999998378,-0.000157930465772308,3.67021806687827e-05,0.00321756353083436,-0.0059474210387461
13.9647136111147,-2.38808165468605e-05,-4.16798876807447e-07,0.999999999999913,0.000736328520816345,8.49549152287126e-06,-0.0150028679752155,-0.00134474283347085
13.9665936975884,-4.94862390875566e-06,-8.63697806506976e-08,0.999999999999996,0.000175752073529986,1.76272034061278e-06,-0.00358109654884473,-0.000275389161174951
13.9696588572675,4.52135421241481e-06,7.89125176555534e-08,0.999999999999997,5.39228998187395e-05,-1.60523814736306e-06,-0.00109878728697425,0.000235010964146077
13.9738281849597,5.04083038858004e-05,8.79790873152956e-07,0.999999999999613,0.000192088128978629,-1.79245167681103e-05,-0.00391412712682557,0.00269603422592645
13.9778389728818,0.000144643032470524,2.52449715667704e-06,0.999999999996813,0.000410070618408112,-5.14373885556306e-05,-0.00835568283296921,0.00788332100338841
13.9803433806078,6.23787287860777e-06,1.08871420052562e-07,0.999999999999994,-0.000964549706346358,-2.21571731078973e-06,0.0196540166902586,0.000375376181010555
13.9828477883337,-5.4324749811786e-06,-9.48145749537834e-08,0.999999999999996,-8.13310040919474e-05,1.93446421352953e-06,0.00165715090291907,-0.000282915544217548
13.9860310053121,-1.06791015595457e-05,-1.86385483368933e-07,0.999999999999983,-2.87667818549962e-05,3.80024668836101e-06,0.000586131101801668,-0.000571133918660743
13.9900910552193,-3.44736784160222e-05,-6.01679193633255e-07,0.999999999999819,-0.000102287833834742,1.22622460884894e-05,0.00208421068549064,-0.00187717232740034
13.9932749781546,5.92744154940862e-06,1.03453371256694e-07,0.999999999999995,0.000221466593012476,-2.10608998229463e-06,-0.00451277759005681,0.000278498115723927
13.9964589010898,3.80627588023684e-05,6.64320463493733e-07,0.999999999999779,0.000176155988583425,-1.35346219357676e-05,-0.00358944992884389,0.00202094529925134
13.9995131338378,3.01494861729802e-05,5.26207801502985e-07,0.999999999999862,-4.52200841873283e-05,-1.07202745362628e-05,0.000921458065492195,0.00162541112278402
14,1.87812178977859e-05,3.27794089850846e-07,0.999999999999946,-0.000407532350901396,-6.67731781616408e-06,0.00830404130347067,0.00101112354132394
14.002434330811,2.68185941623221e-06,4.68072768888652e-08,0.999999999999999,-0.000115426716737643,-9.51834983104289e-07,0.00235197402394551,0.00014603817426802
14.0067638258599,-5.84787164181655e-06,-1.02064614383705e-07,0.999999999999995,-3.43855090696005e-05,2.08167214497917e-06,0.000700660722274511,-0.000291093168901056
14.0099666233518,-2.43610728379783e-05,-4.25180930340867e-07,0.99999999999991,-0.000100885652864436,8.665534962396e-06,0.00205566003913283,-0.00129620337311572
14.0131694208436,-2.36355300441343e-05,-4.12517819724173e-07,0.999999999999915,3.9537656217558e-06,8.40731722143616e-06,-8.06225624996498e-05,-0.00127731709976147
14.016877760099,-1.02091173661119e-05,-1.78182711761183e-07,0.999999999999984,6.31913888728408e-05,3.63202557750484e-06,-0.00128771703854352,-0.000603469325800606
14.0195771230145,1.34372734218681e-05,2.34524663702321e-07,0.999999999999972,0.000152890659161142,-4.77738848417135e-06,-0.0031153328859332,0.0007040542866191
14.02227648593,7.8548608602357e-06,1.37093184297147e-07,0.999999999999991,-3.60942498121645e-05,-2.79204816050389e-06,0.000735484773936519,0.000419590304246051
14.0259200657684,1.29732249431322e-05,2.26425489859509e-07,0.999999999999974,2.45177296847198e-05,-4.61235597727711e-06,-0.000499593229052752,0.000705629662801268
14.0297722149494,-7.94962658918154e-06,-1.38747158285304e-07,0.99999999999999,-9.47971199942006e-05,2.82874087352196e-06,0.0019316741126075,-0.00037784286823434
14.0325955899838,-2.14167709348064e-05,-3.73793167957787e-07,0.99999999999993,-8.32500134790909e-05,7.61791680961278e-06,0.00169625922085994,-0.00113564953998437
14.0354189650182,-1.1371093613214e-05,-1.98463023103081e-07,0.99999999999998,6.20994882779927e-05,4.04514116718519e-06,-0.00126542722764918,-0.000611926940768827
14.0391028764271,-1.09497561833015e-05,-1.91109297689218e-07,0.999999999999982,1.99617325110208e-06,3.89510695250974e-06,-4.07268791299475e-05,-0.000609112075389209
14.0419013268369,4.94100955989277e-06,8.62368851926447e-08,0.999999999999996,9.91070565035385e-05,-1.75625557828164e-06,-0.00201946138158928,0.000255324774691609
14.0446997772466,4.86300542545082e-06,8.48754562164643e-08,0.999999999999996,-4.86493872264074e-07,-1.7285316043047e-06,9.90690200558854e-06,0.000259043355998093
14.0487876391878,1.96598568894717e-05,3.43129233192165e-07,0.999999999999941,6.31757580586998e-05,-6.99087931454997e-06,-0.0012873105270963,0.00106541621918809
14.0526160763374,3.73038301599363e-07,6.51074659895651e-09,1,-8.79258228460636e-05,-1.31538711279416e-07,0.001791681653696,8.30705129367829e-05
14.055314892249,-1.78862335669568e-05,-3.1217366652412e-07,0.999999999999951,-0.000118083049592391,6.36184636947997e-06,0.00240601259722629,-0.000943168532170943
14.0580137081605,-8.86865066435085e-06,-1.54787154302104e-07,0.999999999999988,5.8316875763574e-05,3.15470353124517e-06,-0.00118835183404749,-0.000475311863184806
14.0616270913002,-1.16185740733855e-05,-2.02782371967426e-07,0.999999999999979,-1.32826262285468e-05,4.13253718494759e-06,0.000270614439680057,-0.000635591177320793
14.0652286043894,1.09179034968532e-05,1.9055336343509e-07,0.999999999999982,0.000109214023568536,-3.88248754020028e-06,-0.00222546039031747,0.000552757105586524
14.0688301174786,7.76447841636189e-05,1.35515713065509e-06,0.999999999999082,0.000323365135260479,-2.76131768191063e-05,-0.00658908872226373,0.00413725149326749
14.0719102770181,5.44760417979209e-05,9.50786292827628e-07,0.999999999999548,-0.000131282432819842,-1.93732497349944e-05,0.00267516243177056,0.00294763648893819
14.0749595390212,6.06313698196726e-06,1.05821703334761e-07,0.999999999999994,-0.000277104620276885,-2.15574866134023e-06,0.00564644856892108,0.000363503211718467
14.0786794722772,-8.6026451854087e-05,-1.50144482866164e-06,0.999999999998873,-0.000432068647853461,3.05949679516249e-05,0.00880411404175401,-0.00454181668118031
14.0816929363358,-7.90763984941346e-05,-1.3801435143413e-06,0.999999999999048,4.025311467497e-05,2.81227743008762e-05,-0.000820382656855741,-0.00424697006577695
14.0843247730393,-1.56212203185836e-05,-2.72641727738718e-07,0.999999999999963,0.000420809461737926,5.55556930710323e-06,-0.00857469802869319,-0.000852716169269099
14.0884573222301,2.79114184665998e-05,4.87146151144093e-07,0.999999999999881,0.00018385452750963,-9.9268626254162e-06,-0.00374646040923789,0.00139651627101187
14.0909096759319,1.83070794718529e-05,3.19518813208092e-07,0.999999999999949,-6.83536546192079e-05,-6.51076987497478e-06,0.00139298533810746,0.000966082724873098
14.0933620296337,5.26291724448626e-06,9.18552341762725e-08,0.999999999999996,-9.28347239902728e-05,-1.87172931247461e-06,0.00189166862802934,0.000281002357802074
14.0970482820796,9.56328238368079e-06,1.66910764893201e-07,0.999999999999986,2.03609307333438e-05,-3.40112758709489e-06,-0.000414892440780721,0.000519851519480355
14.1011119288646,-7.16556952758782e-06,-1.25062781036982e-07,0.999999999999992,-7.18501290541955e-05,2.54845730100984e-06,0.00146409990900831,-0.000334663631118126
14.1038955696912,-1.96279804832552e-05,-3.42572884949984e-07,0.999999999999941,-7.81387102212846e-05,6.98031719214889e-06,0.00159210909996874,-0.00103997276709589
14.1066792105179,-9.89559180513181e-06,-1.72710658432918e-07,0.999999999999985,6.10216033948842e-05,3.51897771547523e-06,-0.0012434576485397,-0.000532096252329931
14.1103985841404,-1.11602560930765e-05,-1.94783214189942e-07,0.999999999999981,-5.93448198467761e-06,3.96857536469533e-06,0.000120879937014137,-0.000618086595029284
14.1134447060457,8.01197402189959e-06,1.398353262664e-07,0.99999999999999,0.000109850672709996,-2.84983436342559e-06,-0.00223839030086315,0.000415038546816124
14.116490827951,1.30035188480837e-05,2.26954218244198e-07,0.999999999999974,2.85999361435843e-05,-4.6250097873931e-06,-0.000582765719541848,0.00069415985308367
14.1201912425846,2.5210286287948e-05,4.40002501095058e-07,0.999999999999903,5.75741650451644e-05,-8.96615675555412e-06,-0.00117315149733062,0.00136934806884458
14.124632029577,-2.30943585167176e-05,-4.03072594752705e-07,0.999999999999919,-0.00018984812766089,8.21390461400696e-06,0.00386869746262699,-0.0010134151520967
14.1267435654684,-8.27807609507302e-06,-1.44479683589659e-07,0.99999999999999,0.000122466737229861,2.94357114142297e-06,-0.00249597153146128,-0.000410946279026895
14.1288551013598,-1.93587158597749e-06,-3.37873330711117e-08,0.999999999999999,5.24226706112713e-05,6.87847772682203e-07,-0.00106828559151276,-9.91839087040369e-05
14.1321999950907,-7.35032289096453e-06,-1.28287335532039e-07,0.999999999999992,-2.82520193655663e-05,2.61336616088013e-06,0.000575659062174249,-0.000392134083599483
14.1367641736003,-5.92521857904864e-05,-1.0341457310472e-06,0.999999999999465,-0.000198471289762785,2.10713875909014e-05,0.00404410594174748,-0.00321314368757458
14.139876255549,-1.7990564906837e-06,-3.13994591918052e-08,1,0.000322210754211437,6.38703538164664e-07,-0.00656559961775107,-0.000147973812396445
14.1429883374977,3.82859942285598e-05,6.68216656687864e-07,0.999999999999777,0.000224806456711062,-1.36170078211146e-05,-0.00458076348705236,0.0020246941915344
14.1459139513129,2.75326038268718e-05,4.80534588426086e-07,0.999999999999885,-6.41513474151764e-05,-9.79256065108193e-06,0.00130722898222493,0.00147944071117513
14.1490824602991,1.21835987555043e-05,2.12643913025432e-07,0.999999999999977,-8.4547866698808e-05,-4.33382545537219e-06,0.00172280880990233,0.000672044119118575
14.1523464085578,-1.18930146934254e-05,-2.07572264388335e-07,0.999999999999978,-0.000128744742290052,4.22871593208926e-06,0.00262336921691417,-0.000615521119304916
14.1556103568165,-3.11239218291852e-05,-5.43214912052592e-07,0.999999999999852,-0.000102833323650316,1.10678325412635e-05,0.00209535080433794,-0.00166238156386338
14.1589631064789,-3.20726942672346e-05,-5.59774114948725e-07,0.999999999999843,-4.93899174221987e-06,1.14050422976035e-05,0.000100577075624086,-0.00174234763248592
14.1627668416782,1.00113515934349e-05,1.74731047880219e-07,0.999999999999985,0.000193101024214486,-3.56218290321016e-06,-0.00393487569889139,0.000430847096402227
14.165228357515,1.64482874053564e-05,2.87076771537781e-07,0.999999999999959,4.56408697348243e-05,-5.85096004899714e-06,-0.000929824261769955,0.000863487766764988
14.1676898733518,5.44118733701051e-06,9.49666342486556e-08,0.999999999999995,-7.80454606129723e-05,-1.93635492751628e-06,0.00159032294773735,0.000289893345661816
14.1712845344502,9.73542738617572e-06,1.69915261977591e-07,0.999999999999986,2.08499843732827e-05,-3.463564087472e-06,-0.00042485483836974,0.000527384894097402
14.1763929787288,3.32056677033425e-06,5.79548231746471e-08,0.999999999999998,-2.19167387755746e-05,-1.18120798970687e-06,0.000446781049827776,0.000375345146289505
14.178480087929,-2.73947035307902e-06,-4.78127774220004e-08,0.999999999999999,-5.06766011992822e-05,9.73020870966261e-07,0.00103215915127583,-0.000117661596319668
14.1805671971291,-8.83777194887427e-07,-1.54248219048252e-08,1,1.55180934061579e-05,3.12898051355374e-07,-0.000316285712101395,-4.32085784614274e-05
14.1840218389064,-7.39703757369616e-06,-1.2910266055473e-07,0.999999999999992,-3.29058252578221e-05,2.62921173035166e-06,0.000670493159164391,-0.000393476897226499
14.1886867206104,-8.04963170744229e-05,-1.40492576867755e-06,0.999999999999013,-0.000273495275781204,2.8625867196274e-05,0.00557284345358822,-0.00435036746012869
14.1920123124236,-1.82646949598008e-05,-3.18779063920933e-07,0.999999999999949,0.000326602531450052,6.49352198991822e-06,-0.00665515987818511,-0.00107444807422037
14.1945860612907,1.52187128595517e-05,2.65616647314775e-07,0.999999999999965,0.000227060114017757,-5.41410490486041e-06,-0.00462656906686091,0.000793334266455847
14.1971598101579,7.54497899179868e-06,1.31684725400689e-07,0.999999999999991,-5.20376807627944e-05,-2.68495267834085e-06,0.00106038015647825,0.00040185079715983
14.2006151285383,1.08237907117379e-05,1.88910785466605e-07,0.999999999999982,1.65617328900855e-05,-3.85102364444267e-06,-0.000337471352198928,0.000585928999309528
14.2053815016664,7.59711329085884e-06,1.32594640572508e-07,0.999999999999991,-1.18153034562669e-05,-2.70282790497525e-06,0.000240895059747279,0.000544690194867187
14.2076197914886,-6.29796001340655e-06,-1.0992013839289e-07,0.999999999999994,-0.000108348247201109,2.23812901323525e-06,0.00220746968027331,-0.000316488697640697
14.2098580813108,-2.1034475026349e-06,-3.67120845638311e-08,0.999999999999999,3.27071378792743e-05,7.46269871302551e-07,-0.000666517413037417,-0.000109906356700157
14.2134743559527,-8.75495467887424e-06,-1.52802785009238e-07,0.999999999999988,-3.21022908773553e-05,3.11174614578955e-06,0.000654119642104964,-0.00046871132381953
14.2183589740362,-8.49512742745615e-05,-1.48267943985531e-06,0.999999999998901,-0.000272258062370907,3.02095864000925e-05,0.00554758627816034,-0.00463637020178505
14.2208932768725,-1.94531892964511e-06,-3.39522203236791e-08,0.999999999999999,0.000571647239144384,6.8973483014296e-07,-0.0116481152713917,-0.000131352360451375
14.2234275797088,4.37007323164085e-06,7.62721664454017e-08,0.999999999999997,4.34929816554941e-05,-1.55617496762647e-06,-0.000886204192171389,0.000228577298068022
14.2268745033509,1.23453715093614e-05,2.15467380220256e-07,0.999999999999977,4.0382447720806e-05,-4.39251226224264e-06,-0.000822860495071851,0.000661062283802205
14.231216709976,5.31126319000767e-05,9.26990301055978e-07,0.99999999999957,0.000163862059611262,-1.88906614771108e-05,-0.00333888975510287,0.0029035485107847
14.2339502962262,-3.91504778730548e-06,-6.83304742613992e-08,0.999999999999998,-0.000364108055939795,1.39039099276686e-06,0.00741921074124517,-0.000183235616682794
14.2366838824764,-9.35652772785805e-06,-1.63302215405266e-07,0.999999999999987,-3.47425442074993e-05,3.32544758073938e-06,0.000707882031454038,-0.000495524387215859
14.2400610849456,-1.5733812417892e-05,-2.74606830583382e-07,0.999999999999962,-3.29576376290034e-05,5.59336522310131e-06,0.000671537363565517,-0.00084717066329321
14.2442201660817,-2.94198281239413e-05,-5.1347286613358e-07,0.999999999999868,-5.74324057966044e-05,1.0460240527283e-05,0.0011701804184399,-0.00164540942487743
14.246574042456,1.5820457285779e-06,2.76119068807969e-08,1,0.000229869664750858,-5.64946276564309e-07,-0.00468384275590862,7.15791605761316e-05
14.2489279188302,1.47437687800802e-06,2.57327309365147e-08,1,-7.98332471848219e-07,-5.26619330399627e-07,1.6282480500639e-05,7.68696501651409e-05
14.2529167005918,1.125264099228e-05,1.96395634860166e-07,0.999999999999981,4.27857210853935e-05,-4.00418316500106e-06,-0.000871836074877005,0.000602301386890008
14.2580978802841,0.000155379187192759,2.71187840558292e-06,0.999999999996323,0.000485503865941646,-5.52603418370359e-05,-0.00989275835167354,0.00848568040473424
14.2603471809902,1.46511084934074e-05,2.55710082276862e-07,0.999999999999967,-0.00109196974715787,-5.2127146221708e-06,0.0222503052079234,0.00081563301196878
14.2625964816963,4.86507433527348e-07,8.49115655047967e-09,1,-0.00010990923759425,-1.75395854113066e-07,0.00223950437325818,3.12057356057946e-05
14.266093417983,-8.1525321431116e-06,-1.42288528271966e-07,0.99999999999999,-4.3117652841741e-05,2.89695008321088e-06,0.000878582188915319,-0.000431116796899972
14.2706254567543,-9.56622062856326e-05,-1.66962046940553e-06,0.999999999998606,-0.000337007695263233,3.40185926783901e-05,0.00686702920389257,-0.00514684137064724
14.2746097335402,-0.000148763132675721,-2.59640647076958e-06,0.999999999996629,-0.000232610847880287,5.29017107091259e-05,0.00473940919400813,-0.00828152322046351
14.2764278115281,-3.23403126942472e-05,-5.64444937639102e-07,0.999999999999841,0.00111764266806811,1.14986646926626e-05,-0.022772975797741,-0.00178139809067055
14.278245889516,-6.54121942911841e-06,-1.1416581613354e-07,0.999999999999993,0.000247667660302034,2.32371503899878e-06,-0.00504651049889655,-0.000358000596525736
14.2815741814594,3.71578770827571e-06,6.48527298145457e-08,0.999999999999998,5.3786912022397e-05,-1.32412594205815e-06,-0.0010960099183059,0.00018792904870167
14.2860358122352,0.000105855481982294,1.84752669187552e-06,0.999999999998293,0.000399556586295956,-3.76491123980609e-05,-0.00814163884955105,0.005641097670105
14.2888327587131,4.25499721456891e-05,7.42637110574083e-07,0.999999999999724,-0.000395034223932891,-1.51349685844737e-05,0.00804954402631802,0.00229894487449968
14.2916297051911,5.5351772166071e-06,9.66070671111691e-08,0.999999999999995,-0.000230976905905748,-1.97111074597687e-06,0.00470651045425158,0.000313113383009705
14.2958884875177,-7.75761385522479e-05,-1.35395903871962e-06,0.999999999999083,-0.000340605833915471,2.75868149175625e-05,0.00694046405673625,-0.00407550045078346
14.2983946918642,-2.79180776875244e-05,-4.87262376474846e-07,0.999999999999881,0.000345820428987945,9.92604704833649e-06,-0.0070468187854456,-0.00148985465707878
14.3,-5.12733486042935e-06,-8.94888751667759e-08,0.999999999999996,0.000247786385957452,1.82073860223458e-06,-0.00504906707039401,-0.000272761338510054
14.3041454644998,-2.61369747428758e-05,-4.56176265773766e-07,0.999999999999896,-8.84550791895646e-05,9.29246819622816e-06,0.00180238658282101,-0.00141264857746707
14.308961199402,-5.47385351711094e-05,-9.55367666454431e-07,0.999999999999544,-0.000103658405377954,1.94624764597704e-05,0.00211182892542155,-0.0032678089063445
14.3108875426512,-1.24053188879207e-05,-2.16513659354057e-07,0.999999999999977,0.000383552623555394,4.40868614743715e-06,-0.00781469777961519,-0.000716215830887388
14.3128138859004,-2.52177618619388e-06,-4.40132974474688e-08,0.999999999999999,8.9548091690225e-05,8.93938919869297e-07,-0.00182456954596214,-0.000143095958406673
14.3159914536274,5.40657235416618e-06,9.43624888275006e-08,0.999999999999996,4.35477063464372e-05,-1.92570474423031e-06,-0.000887359108058147,0.000283582281661192
14.3202971668648,5.9068981185496e-05,1.03094820748531e-06,0.999999999999469,0.000217521620001112,-2.10101286459879e-05,-0.00443234903244788,0.00316695752167243
14.324369714626,0.000153594271328594,2.68072574688228e-06,0.999999999996407,0.000405097161811357,-5.46259737463873e-05,-0.00825425435662954,0.00842190118688696
14.3266262984979,1.22029642122989e-05,2.1298190400765e-07,0.999999999999977,-0.0010935750599293,-4.34261827384529e-06,0.0222829543807936,0.000689566543378427
14.3288828823697,-2.55038173126113e-07,-4.451255839322e-09,1,-9.63550092512748e-05,8.77493948834003e-08,0.00196330733549262,-7.80130468311623e-06
14.3322453989179,-7.81655672507521e-06,-1.36424651021467e-07,0.999999999999991,-3.92484002058671e-05,2.77688548090608e-06,0.000799739138078461,-0.000414471783206226
14.3366677482103,-6.98842837973537e-05,-1.21971084766165e-06,0.999999999999256,-0.000244957176605527,2.48503977822615e-05,0.00499135433265554,-0.00376683937957567
14.3408435978962,-0.000110795815122644,-1.93375177131986e-06,0.99999999999813,-0.000170992966070577,3.93984135241606e-05,0.00348384564487001,-0.00626456847299327
14.3427840745512,-2.02067897852307e-05,-3.52675013010625e-07,0.999999999999938,0.000814787827655824,7.18295948578097e-06,-0.0166018251010958,-0.00113252398512667
14.3447245512062,-3.58595381429826e-06,-6.25867008839539e-08,0.999999999999998,0.000149493327521063,1.27216421605358e-06,-0.00304605327491248,-0.000199759708510847
14.3479524918532,4.99267262724967e-06,8.71385758197021e-08,0.999999999999996,4.63841479988525e-05,-1.77874818523415e-06,-0.00094515752762946,0.000260283993947586
14.3523214622589,7.08942844820346e-05,1.23733868505671e-06,0.999999999999235,0.000263265713072755,-2.52159321846647e-05,-0.00536446389499893,0.00379410839055034
14.3562742088017,0.000177455003733226,3.09717408927867e-06,0.999999999995204,0.000470517242649003,-6.31120938336549e-05,-0.00958729866392591,0.00968364537729633
14.3586559414126,1.15644049069933e-05,2.0183694166082e-07,0.99999999999998,-0.00121564323988103,-4.11571137917644e-06,0.0247703634677248,0.000661603336666699
14.3610376740235,-2.42444975519286e-06,-4.23146307772858e-08,0.999999999999999,-0.000102510068226215,8.59064266227351e-07,0.00208872130426164,-0.000122227682830878
14.3642561847257,-8.96256908695397e-06,-1.56426340004808e-07,0.999999999999988,-3.54548173937384e-05,3.18422710073468e-06,0.000722434395788377,-0.000477285986949938
14.36843132506,-4.46919968302846e-05,-7.80022493979256e-07,0.999999999999696,-0.000149359327840858,1.58908236290591e-05,0.00304339387682151,-0.00241870831943797
14.3728313165256,-2.84291188273009e-05,-4.9618172697709e-07,0.999999999999877,6.45093903529203e-05,1.01053752699075e-05,-0.00131487717747129,-0.00185837520154349
14.3748013493021,-6.04076262636303e-06,-1.05431197161455e-07,0.999999999999994,0.000198347222679772,2.14475981514468e-06,-0.00404085431955468,-0.000374627338339808
14.3767713820787,-1.17782206347087e-06,-2.05568730102004e-08,1,4.30826964717515e-05,4.1553561896714e-07,-0.000877764175685919,-7.09219369259429e-05
14.3799243365958,5.75886587110397e-06,1.00511170631495e-07,0.999999999999995,3.83982842079162e-05,-2.05142176766919e-06,-0.00078242720383941,0.000303630598716818
14.3842150751706,5.19899933323693e-05,9.07396561739619e-07,0.999999999999588,0.000188052797210649,-1.8492958265496e-05,-0.00383186628848323,0.00279340306949076
14.3884250412303,0.000134484313467185,2.34719406228437e-06,0.999999999997245,0.000341997412840001,-4.78299453429036e-05,-0.00696846166018745,0.00743451187279191
14.3904845967996,1.75516131364917e-05,3.06333438268064e-07,0.999999999999953,-0.000990922825513395,-6.24521852922817e-06,0.0201911166825654,0.000975350165741936
14.3925441523689,2.23646750396185e-06,3.90337215579936e-08,0.999999999999999,-0.000129785144278859,-7.98732714379934e-07,0.00264449568444378,0.000125071871189925
14.3959993773999,-5.92830909753401e-06,-1.03468512827902e-07,0.999999999999995,-4.12425335845386e-05,2.10497214824368e-06,0.000840380825131788,-0.00031035266991064
14.4006051445007,-0.000107695619040993,-1.87964314223772e-06,0.999999999998234,-0.000385641433997147,3.82973176707737e-05,0.00785804942594958,-0.00576943050539333
14.4044732215971,-0.000217317226081617,-3.79290111641601e-06,0.999999999992807,-0.000494627673272172,7.72816555343326e-05,0.0100784800542694,-0.0118864731169314
14.4067083543414,-2.02718556533372e-05,-3.53810626639753e-07,0.999999999999937,0.00153865156266348,7.20575345035467e-06,-0.031352009075311,-0.00113113851400309
14.4089434870857,-7.04926661956316e-07,-1.23032912362308e-08,1,0.000152790627882688,2.4718868342518e-07,-0.00311326688970007,-4.54047019066238e-05
14.4121839802781,7.06379896012353e-06,1.23286549553107e-07,0.999999999999992,4.18423470555211e-05,-2.51567483029649e-06,-0.000852605868811296,0.00037314540737521
14.4164606600626,5.83209921311572e-05,1.01789333571822e-06,0.999999999999482,0.000209182550772618,-2.07446476215267e-05,-0.00426241236418436,0.00313664564977159
14.4205826387774,0.000117252364100531,2.04643980930004e-06,0.999999999997906,0.000249527361674457,-4.17017332522709e-05,-0.00508422946374814,0.00651513855094843
14.4225208243237,2.03740065740094e-05,3.55593496539426e-07,0.999999999999937,-0.00087238619439305,-7.24912820826657e-06,0.0177757001179892,0.00112659763859273
14.42445900987,3.48690931688323e-06,6.08580482980786e-08,0.999999999999998,-0.000152067715500405,-1.24359396152282e-06,0.00309853422352482,0.000191997806810343
14.4279605508677,-5.01193507216305e-06,-8.74747689054248e-08,0.999999999999996,-4.23621534931479e-05,1.77893226509035e-06,0.000863198868347443,-0.000259193365148301
14.4316710682597,-3.04603821368118e-05,-5.31633959703007e-07,0.999999999999859,-0.000119702764836238,1.08293464593637e-05,0.00243912458508894,-0.00162722548126368
14.4353815856517,-5.84618501676729e-05,-1.02035177223331e-06,0.999999999999479,-0.000131711500283401,2.0787460411598e-05,0.00268375347698239,-0.00317818490224877
14.439166602031,2.4380892018682e-05,4.25526840299195e-07,0.99999999999991,0.000382000622354777,-8.6754435106027e-06,-0.00778408888346783,0.0011160839341865
14.4414031514672,1.39274232153387e-05,2.43079391426353e-07,0.99999999999997,-8.15754152004458e-05,-4.95689969399946e-06,0.00166262536228642,0.000718388090312035
14.4436397009034,3.6183988606295e-06,6.31529737683961e-08,0.999999999999998,-8.04482184686814e-05,-1.29048694707957e-06,0.00163931665788669,0.000190137996418274
14.4470299699849,8.06071108734043e-06,1.40685948526102e-07,0.99999999999999,2.28692687491321e-05,-2.87033613269865e-06,-0.000465995219736217,0.000432285997118107
14.4517093424588,4.90742260264864e-05,8.56506822029977e-07,0.999999999999633,0.000152973689849326,-1.74559950442752e-05,-0.00311701173460565,0.0026944953588784
14.4542596700816,-2.13596250127154e-06,-3.72795783463219e-08,0.999999999999999,-0.000350459443868085,7.56072764578386e-07,0.00714106989465352,-9.52297094012236e-05
14.4568099977044,-4.0048058535937e-06,-6.98970480483519e-08,0.999999999999998,-1.27895213972192e-05,1.42060967259811e-06,0.00026056923121266,-0.000211158813337275
14.4604579817009,-1.30741840101305e-05,-2.28187557988371e-07,0.999999999999974,-4.3391229263573e-05,4.64599080880804e-06,0.000884154409488723,-0.000702276505393923
14.4650920528271,-6.55678070984295e-05,-1.14437411717985e-06,0.999999999999345,-0.000197706624314048,2.33141760636533e-05,0.00402846325541037,-0.00361800936955435
14.4673853162049,-2.83116697176477e-06,-4.94131853310126e-08,0.999999999999999,0.000477468459326913,1.00305409035612e-06,-0.00972898367839963,-0.000171352446535757
14.4696785795828,9.53495748007036e-07,1.66416402064889e-08,1,2.88038548802266e-05,-3.42836191341113e-07,-0.00058688866473056,4.78358342506677e-05
14.4734226220854,9.68101955509735e-06,1.68965666186404e-07,0.999999999999986,4.06843741420814e-05,-3.44669412983999e-06,-0.000829012474174019,0.000515528623453561
14.4782862048941,0.000126116877024457,2.20115474640779e-06,0.999999999997577,0.000417837869767778,-4.4855413634028e-05,-0.00851403607854312,0.00682761191901535
14.4811530934069,1.14668956383758e-05,2.00135083872234e-07,0.99999999999998,-0.000697976099716547,-4.08148705097244e-06,0.0142223621183627,0.000676280335396606
14.4840199819198,-2.32150732593518e-05,-4.0517946446737e-07,0.999999999999918,-0.000211139898053794,8.25254571057213e-06,0.00430223662558258,-0.0012205650636682
14.4868995358152,-1.8460618563823e-05,-3.22198575893493e-07,0.999999999999948,2.88172722540186e-05,6.56154082528537e-06,-0.000587245436867032,-0.000989061761330082
14.4902132175545,-1.41407783630535e-05,-2.46803141230055e-07,0.99999999999997,2.27527688520652e-05,5.02514409608081e-06,-0.000463652471806902,-0.000772957931146131
14.49381367078,1.23899700270612e-05,2.16245771195628e-07,0.999999999999977,0.000128608506603864,-4.41035676621413e-06,-0.0026206425334256,0.000625407214865161
14.4974141240055,9.19886407246133e-05,1.60550465507795e-06,0.999999999998711,0.000385856667725182,-3.27186860161098e-05,-0.00786243494279633,0.00490047367427591
14.5003873231193,5.30687694568872e-05,9.26224757004352e-07,0.999999999999571,-0.000228467678106509,-1.88769784652557e-05,0.00465549296267813,0.0028694880105159
14.5033352256546,6.69859306298096e-06,1.16912504200269e-07,0.999999999999993,-0.000274538334667078,-2.38593217384119e-06,0.00559416266104386,0.000388606636302175
14.507218159618,-8.28679620435426e-05,-1.446318782077e-06,0.999999999998954,-0.00040259023228176,2.94676375190299e-05,0.00820347963492427,-0.00436725609383277
14.5103803288911,-0.000109377074476744,-1.90899007581707e-06,0.999999999998178,-0.000146314524548832,3.88948383636179e-05,0.00298124484501777,-0.00587129779504846
14.5129669808881,-2.10277628455514e-05,-3.67003695983396e-07,0.999999999999933,0.0005961321359277,7.47434728841039e-06,-0.0121471659552317,-0.00114517994891052
14.516707197961,1.31567515812162e-05,2.29628633959192e-07,0.999999999999974,0.000159518102372521,-4.68326487822146e-06,-0.00325050977775337,0.000638457638671828
14.5193744249418,2.04593704918095e-05,3.57083377967441e-07,0.999999999999936,4.7785488422492e-05,-7.28007056663704e-06,-0.000973597563000149,0.00108330044893843
14.5220416519225,8.24885330242112e-06,1.43969649641256e-07,0.99999999999999,-7.99008595313316e-05,-2.93746721862587e-06,0.00162813415557465,0.000442771629065281
14.5257334257393,1.01884446593403e-05,1.77821904962719e-07,0.999999999999984,9.1696450002996e-06,-3.62719079851868e-06,-0.000186827149798281,0.000560882511875312
14.5290696218015,-1.01539886805986e-05,-1.7722053468668e-07,0.999999999999984,-0.000106421335266263,3.60738871543864e-06,0.0021685114960498,-0.000524027877077603
14.5324058178637,-3.23055332701047e-05,-5.63837922175868e-07,0.999999999999841,-0.00011588569145251,1.14852544963649e-05,0.00236133177848387,-0.00172478690757913
14.5358089786922,-3.73487870597557e-05,-6.51859305818943e-07,0.999999999999788,-2.58645970850179e-05,1.32786437697515e-05,0.000526977525834175,-0.00202789695346721
14.539543213951,7.80790832065534e-06,1.36273707889296e-07,0.999999999999991,0.000211056068798659,-2.78128130551095e-06,-0.004300726644653,0.000310661078448304
14.542004273477,1.63309082788898e-05,2.85028119307824e-07,0.999999999999959,6.0443239933068e-05,-5.81190318840082e-06,-0.00123142973621486,0.000856692091364507
14.544465333003,5.49684039611101e-06,9.59379633687663e-08,0.999999999999995,-7.68328250262711e-05,-1.95880085112639e-06,0.00156562744484451,0.000292853666281243
14.5480415372276,9.71883485993521e-06,1.69625667763471e-07,0.999999999999986,2.06050045709433e-05,-3.46027173433681e-06,-0.000419850430486639,0.000526337736366661
14.5531062792259,7.50941291586532e-06,1.31063980273637e-07,0.999999999999991,-7.61375159941838e-06,-2.67354118164084e-06,0.000155334773808317,0.000586423729597329
14.5552183202851,-2.88867381682927e-06,-5.04168691198223e-08,0.999999999999999,-8.59267619837071e-05,1.02355572636673e-06,0.0017504853382977,-0.000127507179389196
14.5573303613443,-1.02254160694552e-06,-1.7846717779833e-08,1,1.54211733707338e-05,3.59755233335322e-07,-0.000314293365718802,-5.08539633829786e-05
14.560825221438,-7.61785463463471e-06,-1.32956645312685e-07,0.999999999999991,-3.29369200613905e-05,2.70529280529207e-06,0.000671139189853794,-0.000405459504960549
14.5655390835528,-8.48402838957351e-05,-1.48074229230676e-06,0.999999999998904,-0.000285919616268205,3.01683254916891e-05,0.00582601527532604,-0.00458900570112172
14.5687098107476,-1.20991006190454e-05,-2.11169142332424e-07,0.999999999999978,0.000400404409450881,4.29855153678661e-06,-0.00815894032041044,-0.000724793895520674
14.5718805379424,5.9024689939671e-05,1.03017517941585e-06,0.999999999999469,0.000391501458647524,-2.09956845581565e-05,-0.00797742427547975,0.00311272821766788
14.5745907358518,2.97084120942815e-05,5.18509606584493e-07,0.999999999999866,-0.000188792697044004,-1.05694070737689e-05,0.00384705391749092,0.00159187932591891
14.5774435359364,9.62527031753968e-06,1.67992658435547e-07,0.999999999999986,-0.000122867687095194,-3.42701686688284e-06,0.00250364203410356,0.000524706255111118
14.5818235919881,-2.12909510483624e-05,-3.71597196674853e-07,0.999999999999931,-0.000123192454331772,7.56841092854837e-06,0.00251033951753929,-0.00105466998979857
14.5843006669439,-1.65414002575288e-05,-2.88701897384112e-07,0.999999999999958,3.34649943060239e-05,5.87888285226952e-06,-0.000682065785832217,-0.000873082298586281
14.5867777418996,-4.99850058022312e-06,-8.72402927877404e-08,0.999999999999996,8.13304434435263e-05,1.77370823842104e-06,-0.00165726701336623,-0.000267225390123275
14.5905322920869,-9.92415078804196e-06,-1.73209106715721e-07,0.999999999999985,-2.28972339268467e-05,3.52540784304631e-06,0.000466553786007446,-0.000540139010072265
14.5944912872134,7.79918057124033e-06,1.36121379925715e-07,0.999999999999991,7.81335861140846e-05,-2.77789762501612e-06,-0.00159214782202544,0.000373481318893705
14.5973469538696,2.13979797178715e-05,3.73465199351817e-07,0.99999999999993,8.31132789644385e-05,-7.61397953710981e-06,-0.00169350365232431,0.00113494233457629
14.6002026205258,1.19059736702806e-05,2.07798441202149e-07,0.999999999999978,-5.80133391234767e-05,-4.23817644919328e-06,0.0011821418583953,0.000640787306353402
14.6039050215004,1.09911565723585e-05,1.9183187078987e-07,0.999999999999982,-4.31249087329312e-06,-3.91271543842286e-06,8.79053924743139e-05,0.000613366477004273
14.6066051029568,-4.21643202531503e-06,-7.35906215282802e-08,0.999999999999997,-9.83016611185711e-05,1.49560169854209e-06,0.00200301999192452,-0.000217781156951885
14.6093051844132,-3.39688220569787e-06,-5.92867787918351e-08,0.999999999999998,5.29755970976996e-06,1.20409768701637e-06,-0.000107961191628617,-0.000180935135060648
14.6135169465945,-1.77641566918993e-05,-3.10043023113821e-07,0.999999999999952,-5.95371328023137e-05,6.31359630011419e-06,0.00121314983921445,-0.000961570214343368
14.6175392373956,-5.76656741911926e-06,-1.00645588001863e-07,0.999999999999995,5.20592481916748e-05,2.04642562681724e-06,-0.00106088069817389,-0.000384301140208834
14.6201293369507,1.44940568588523e-05,2.52969014158238e-07,0.999999999999968,0.000136525486618984,-5.15871529431107e-06,-0.00278180076390064,0.000760136091202742
14.6227194365059,6.5255873085664e-06,1.13892984160839e-07,0.999999999999994,-5.36952449260985e-05,-2.3247355468599e-06,0.00109415861710919,0.000348376730629268
14.6263484617846,1.12159650371899e-05,1.95755518687531e-07,0.999999999999981,2.25577195634894e-05,-3.99276455390268e-06,-0.000459635543685344,0.000609174920635559
14.6304303528605,-5.58844386460877e-06,-9.75367455002991e-08,0.999999999999995,-7.18520555147834e-05,1.98380749725885e-06,0.001464167450844,-0.000241589151275749
14.6331310280416,-1.79416586845806e-05,-3.13141017314962e-07,0.999999999999951,-7.98334702837534e-05,6.376841926695e-06,0.00162664301883298,-0.000948468578907564
14.6358317032227,-8.21035554337508e-06,-1.43297736991263e-07,0.99999999999999,6.28891921226542e-05,2.91593871795344e-06,-0.00128149554340704,-0.000440507112484798
14.6395417152939,-1.12109397190307e-05,-1.95667810339693e-07,0.999999999999981,-1.41158768064067e-05,3.98298301362217e-06,0.000287612081893145,-0.000615749264231203
14.6429335574513,1.04512845097775e-05,1.82409325758298e-07,0.999999999999983,0.000111466606803588,-3.72098968787606e-06,-0.00227132406049782,0.000536678772479147
14.6463253996087,4.04688810782211e-05,7.06315219412932e-07,0.999999999999751,0.000154460576095123,-1.43963336674387e-05,-0.00314735871664701,0.00215915827124597
14.6496288475376,4.04332321613143e-05,7.05693028438138e-07,0.999999999999751,-1.88345930733356e-07,-1.43834593083039e-05,3.89724899919865e-06,0.00219284203293608
14.6531615465494,-1.11972761277462e-06,-1.95429335684133e-08,1,-0.000205292316042449,3.94675498456734e-07,0.00418324197944251,1.90591477655133e-05
14.6557751456581,-1.79505657875038e-05,-3.13296475587784e-07,0.999999999999951,-0.000112394261629749,6.38003153969962e-06,0.00229008191091796,-0.000945148981912298
14.6583887447668,-7.70138017994019e-06,-1.34414441087789e-07,0.999999999999991,6.84427974833701e-05,2.73493597352835e-06,-0.00139466513974041,-0.000412007882501766
14.661972426711,-1.07634375884709e-05,-1.87857424751734e-07,0.999999999999982,-1.49128701976158e-05,3.82386529197784e-06,0.000303857690328976,-0.000586623520454097
14.6658327272356,9.70114824330591e-06,1.69316978069751e-07,0.999999999999986,9.25250250720052e-05,-3.45431332431064e-06,-0.00188539171237081,0.000477315750591899
14.6687210772899,2.28785103467589e-05,3.99305333502523e-07,0.99999999999992,7.96262056557454e-05,-8.14051973620413e-06,-0.00162245099234063,0.00121492439685726
14.6716094273443,1.29441116850787e-05,2.25917367650493e-07,0.999999999999974,-6.0030108051279e-05,-4.60737945533962e-06,0.0012232382551948,0.000697448261342017
14.6753178765868,1.02103569946534e-05,1.78204347360734e-07,0.999999999999984,-1.28660302916727e-05,-3.63501590269488e-06,0.000262202200717329,0.000575073253180175
14.6782071152864,-9.36751475085506e-06,-1.63493975131556e-07,0.999999999999987,-0.000118265867940843,3.3275517618227e-06,0.00240982777420453,-0.000489268271460566
14.681096353986,-9.10344473088364e-06,-1.58885083827248e-07,0.999999999999987,1.59519229235124e-06,3.23357608660423e-06,-3.25261028909205e-05,-0.000486688850116701
14.6848783399144,-1.87441399497938e-05,-3.271469575785e-07,0.999999999999946,-4.44903489686061e-05,6.66208906945803e-06,0.000906537741734987,-0.00102039953451463
14.6884497149563,7.74499113996834e-06,1.35175595930236e-07,0.999999999999991,0.000129452255249001,-2.75862311313843e-06,-0.00263783894779381,0.000371327260418985
14.6920210899981,9.15874039241359e-05,1.59850175182947e-06,0.999999999998722,0.000409737464911523,-3.25762106702604e-05,-0.00834904965388193,0.00486813036981422
14.6949422698177,5.31750256170107e-05,9.28079276849033e-07,0.999999999999569,-0.000229504007417002,-1.89149572498288e-05,0.00467662186655843,0.00286800693021673
14.6977865520606,9.26972720845204e-06,1.6178726054919e-07,0.999999999999987,-0.000269414900097127,-3.30051300231507e-06,0.00548976610421748,0.000518205662801402
14.7010711981575,-1.68826273231331e-05,-2.94657433175824e-07,0.999999999999957,-0.000138963127303901,6.00028356807118e-06,0.00283159777209921,-0.000882668518760248
14.7043558442545,-3.60781442796023e-05,-6.29682405688577e-07,0.999999999999802,-0.000101997281478592,1.2826845579207e-05,0.00207832497308632,-0.00193138881674246
14.7076716339386,-2.94380000169673e-05,-5.13790025498203e-07,0.999999999999868,3.49516679981048e-05,1.04651874984814e-05,-0.000712246042638514,-0.00160614714877557
14.7116492875543,3.92389559177921e-05,6.84848975810332e-07,0.999999999999766,0.000301343233258183,-1.39596364376607e-05,-0.00614051053623598,0.00195772227371483
14.7139698004424,1.79567437593145e-05,3.13404301536977e-07,0.999999999999951,-0.000160070075958208,-6.39017037873801e-06,0.00326197975347195,0.000941606491319021
14.7162903133306,4.5277506283248e-06,7.90241561735097e-08,0.999999999999997,-0.000101003595608998,-1.61419641584806e-06,0.00205815446542521,0.000240379588887927
14.7198157803229,8.80394373434837e-06,1.53657805324703e-07,0.999999999999988,2.1169861841174e-05,-3.13494258434551e-06,-0.0004313602061366,0.000475024814367374
14.7247784010503,3.38978194764389e-05,5.91628559110485e-07,0.999999999999825,8.82539242552588e-05,-1.20585966547059e-05,-0.0017981736990385,0.00194608970467628
14.7269740042277,-3.71137610380083e-07,-6.47757327911633e-09,1,-0.0002724108520856,1.28173849291015e-07,0.00555053419014734,4.70450715763488e-07
14.729169607405,-9.14996328850871e-07,-1.59696985821085e-08,1,-4.32324265186916e-06,3.21498038461075e-07,8.80506054839549e-05,-4.603083163114e-05
14.7328731920118,-8.61722843641622e-06,-1.50399008611945e-07,0.999999999999989,-3.62970808828363e-05,3.06071340430291e-06,0.000739611931857727,-0.000458990321663493
14.7377925591561,-0.000120653908776988,-2.10580796355777e-06,0.999999999997783,-0.000397491973580413,4.29049232515124e-05,0.00809945846256272,-0.0065321170032375
14.7406675584235,-1.0904140542718e-05,-1.90313154570629e-07,0.999999999999982,0.000666259233763153,3.87369012395544e-06,-0.0135760845471185,-0.000644654226839058
14.743542557691,2.31838119040757e-05,4.04633850889165e-07,0.999999999999918,0.000206938141584738,-8.2490991081881e-06,-0.00421662341603758,0.00121912252737677
14.7464350063353,1.88086919300076e-05,3.28273602171913e-07,0.999999999999946,-2.63998632674018e-05,-6.69300599643087e-06,0.000537984698476407,0.00100776941016603
14.7497543629809,1.43644353389812e-05,2.50706691855046e-07,0.999999999999969,-2.33680554989467e-05,-5.11236470372288e-06,0.000476189051504527,0.000785418245846117
14.7533213478482,-1.24432725760155e-05,-2.17176076174585e-07,0.999999999999976,-0.000131170382112145,4.42161844162267e-06,0.0026728409287057,-0.000629631869235671
14.7568883327155,-8.43008720367452e-05,-1.47132777934309e-06,0.999999999998918,-0.000351599950611688,2.99769078732303e-05,0.00716439524765339,-0.0044917239479533
14.7598849849334,-5.05074582986081e-05,-8.8152144412433e-07,0.999999999999611,0.000196821750516046,1.79583834778355e-05,-0.00401065039296733,-0.00273188239642698
14.7628905342739,-6.20967704981307e-06,-1.08379310004766e-07,0.999999999999994,0.000257238210568358,2.20434135322477e-06,-0.00524165147197382,-0.000365100177676291
14.7667472772718,8.83072886357572e-05,1.54125294020232e-06,0.999999999998812,0.000427726776476888,-3.14097793531701e-05,-0.0087156755646848,0.00465798041206858
14.7698563172584,0.00010161763343855,1.77356228158645e-06,0.999999999998427,7.47206026272205e-05,-3.61429805680472e-05,-0.00152239959453992,0.00545638982669983
14.7724392624666,1.90996644515586e-05,3.33352030705808e-07,0.999999999999944,-0.000557584514865733,-6.79635462420434e-06,0.0113616912390588,0.00104063984450861
14.7763213254866,-1.71803116116223e-05,-2.99853004141418e-07,0.999999999999955,-0.000163110447097063,6.10655069504128e-06,0.00332372381716923,-0.000842915087165197
14.7789027120237,-1.94291615776397e-05,-3.39102840431783e-07,0.999999999999942,-1.52049434388198e-05,6.90597931006217e-06,0.000309689619718229,-0.00102770964917028
14.7814840985608,-6.81568267235614e-06,-1.1895610340374e-07,0.999999999999993,8.52823604151872e-05,2.42006710104002e-06,-0.00173779174275008,-0.000365328848092194
14.785183593328,-9.94733997810396e-06,-1.73613834433174e-07,0.999999999999985,-1.47743771700575e-05,3.53374809794824e-06,0.000301035970311082,-0.000544766896645775
14.7887760055866,1.06457264936842e-05,1.8580297858158e-07,0.999999999999983,0.000100048877230014,-3.79002768392459e-06,-0.00203867909771562,0.000542517492713243
14.7923684178451,6.78698897392656e-05,1.18455303891542e-06,0.999999999999298,0.000278016549453225,-2.41410990473778e-05,-0.00566501556580713,0.0036185712599477
14.7955315743425,5.41936193968126e-05,9.45857092046901e-07,0.999999999999553,-7.54613143768372e-05,-1.92770084201543e-05,0.00153773315715456,0.00293533440832045
14.7986877803432,4.20005425516412e-06,7.33047755150119e-08,0.999999999999997,-0.000276456072999698,-1.49725247318583e-06,0.00563326853285764,0.000274634781448374
14.8022635046049,-8.92771429876389e-05,-1.55818009190743e-06,0.999999999998786,-0.000456266968025566,3.17469433395737e-05,0.00929719222703802,-0.0047209382477613
14.8051444579566,-5.8867453857741e-05,-1.02743089208324e-06,0.999999999999472,0.00018422693290706,2.09316925895492e-05,-0.00375405271445738,-0.00316260364287126
14.8078207149405,-1.20378312658289e-05,-2.10099790388229e-07,0.999999999999978,0.000305400829075524,4.27724055615075e-06,-0.00622303916766315,-0.000658271719642768
14.8123408354481,4.94014255942745e-05,8.6221753179898e-07,0.999999999999628,0.000237232020780068,-1.75736416286376e-05,-0.00483413708728565,0.00250511412547439
14.8146130481683,1.68280131858438e-05,2.93704236661991e-07,0.999999999999957,-0.000250202496477093,-5.98859455720165e-06,0.00509857504454484,0.000882189307601139
14.8168852608886,3.86959223108585e-06,6.75371251420413e-08,0.999999999999998,-9.95360643406945e-05,-1.37997801208595e-06,0.00202825048201473,0.000205110992280018
14.8204595095924,8.8422224872862e-06,1.54325895597026e-07,0.999999999999988,2.42816820113686e-05,-3.14840392455446e-06,-0.000494768567893201,0.000476496336882742
14.825454293697,4.53793926246081e-05,7.92019813854559e-07,0.999999999999686,0.000127671968377905,-1.61417281592764e-05,-0.00260137855062487,0.0025615152248627
14.8276047424125,2.77654903160579e-06,4.8459922444581e-08,0.999999999999999,-0.00034576964614713,-9.91104339148191e-07,0.00704533138179317,0.000168999185659787
14.829755191128,-2.06653976224021e-07,-3.60679229744724e-09,1,-2.42120234568519e-05,6.97481728709665e-08,0.0004933168154075,-8.03684276883268e-06
14.8335059044444,-8.26773222003612e-06,-1.4429914891285e-07,0.99999999999999,-3.7510826540869e-05,2.93659522056829e-06,0.000764347153693233,-0.000438664539805166
14.8384554042923,-0.000146566722340422,-2.5580718786939e-06,0.999999999996728,-0.000487680130104511,5.21207831800514e-05,0.00993720365103032,-0.00790487404463309
14.8425414568532,-0.000180007068049132,-3.14171601431367e-06,0.999999999995065,-0.000142838137032038,6.40103964659807e-05,0.00290980429364411,-0.01025632919713
14.8443198695272,-4.85533291620402e-05,-8.47415456682079e-07,0.999999999999641,0.00129008333733611,1.72631674288646e-05,-0.0262859288625815,-0.00270125260980828
14.8460982822012,-1.1150537729212e-05,-1.946135967426e-07,0.999999999999981,0.000367069954843922,3.96174914910187e-06,-0.00747937667911137,-0.000613325477520071
14.8489527656225,3.06960396450797e-06,5.35746959129353e-08,0.999999999999999,8.69468327632341e-05,-1.09543745762376e-06,-0.00177166438208153,0.000156103921445389
14.8528496574378,3.40878507984715e-05,5.9494523136187e-07,0.999999999999823,0.000138923675870641,-1.21267253071958e-05,-0.00283079140311682,0.00181727997830833
14.8568173356417,0.000113703110620748,1.98449365009009e-06,0.999999999998031,0.00035021701542652,-4.04405509816275e-05,-0.007136119468275,0.00616317535312064
14.8603072377174,3.14951794418e-06,5.4969457976584e-08,0.999999999999998,-0.000552887774562492,-1.12267347284144e-06,0.011266183593442,0.000371058686462028
14.8625494740838,-1.07108511678596e-05,-1.86939618570228e-07,0.999999999999983,-0.000107887411057286,3.80567209701642e-06,0.00219795987780853,-0.000543183161726436
14.8647917104502,-3.33991721732126e-06,-5.8292552186303e-08,0.999999999999998,5.73744446897209e-05,1.18414122879275e-06,-0.00116915901799442,-0.00017475081616654
14.8681372161759,-7.88064814371608e-06,-1.37543257299025e-07,0.999999999999991,-2.3688707062376e-05,2.79898714761268e-06,0.000482691123913519,-0.000422005756705858
14.8727294011941,-4.94190596887414e-05,-8.62525304808034e-07,0.999999999999628,-0.000157873004821786,1.75713784546714e-05,0.00321685455806996,-0.00270032841529158
14.8754743398151,3.4397889107021e-06,6.00356420653408e-08,0.999999999999998,0.000336095291823185,-1.22712164301038e-06,-0.00684842274928313,0.000159257909619946
14.8782192784361,8.97333167080034e-06,1.56614182528949e-07,0.999999999999988,3.51842258779521e-05,-3.1949514138189e-06,-0.000716893906380517,0.000475055720936583
14.8816390749183,1.63722820340916e-05,2.85750227560009e-07,0.999999999999959,3.77613246004971e-05,-5.82624263966677e-06,-0.000769429186667293,0.000881393366076051
14.8858219100637,3.1713705832197e-05,5.53508584780738e-07,0.999999999999847,6.40136051059623e-05,-1.12818515145177e-05,-0.00130428493718074,0.00177363799680797
14.8881483557446,-1.06621634110208e-06,-1.86089856907983e-08,1,-0.000245919161219732,3.75631541586327e-07,0.00501085546582216,-4.35114289091546e-05
14.8904748014255,-1.30016708064938e-06,-2.26921963833743e-08,1,-1.75512831702421e-06,4.5877558736481e-07,3.57386576703219e-05,-6.75916653430185e-05
14.894444245657,-1.08564028933131e-05,-1.89479975411351e-07,0.999999999999982,-4.20179171951355e-05,3.85734824882352e-06,0.000856183501591379,-0.000580564284339025
14.8996056920721,-0.00015986403251915,-2.79015372297083e-06,0.999999999996108,-0.000503865300228014,5.68494606020752e-05,0.0102669112669774,-0.00870876164443808
14.9019458370632,-1.33807650872297e-05,-2.33538407208063e-07,0.999999999999973,0.00109250295407016,4.75494058647483e-06,-0.022261236040061,-0.000749840607971749
14.9042859820543,7.14312784652593e-07,1.2467109981277e-08,1,0.000105124049202666,-2.57662699346561e-07,-0.00214200543334384,3.21758550182617e-05
14.9077021819301,9.23964844229523e-06,1.61262287044816e-07,0.999999999999987,4.35557585841398e-05,-3.28958583770785e-06,-0.000887513391672226,0.000490516804783201
14.9120811485275,7.239905926511e-05,1.26360195952234e-06,0.999999999999202,0.00025173511785346,-2.57513339476055e-05,-0.00512946322155833,0.00390692239716583
14.916213587676,8.48240583320185e-05,1.48045910279691e-06,0.999999999998904,5.24767904574237e-05,-3.01684660296865e-05,-0.00106889222643876,0.00487596087455591
14.918184524831,1.45394762877299e-05,2.53761732736527e-07,0.999999999999968,-0.000622392939820229,-5.17408370803925e-06,0.0126814709738786,0.000829058451890634
14.9201554619859,2.45886686010223e-06,4.29153225769587e-08,0.999999999999999,-0.000106977743877644,-8.77979156539167e-07,0.00217972680698778,0.000139290187848831
14.9233502280409,-5.3697627511224e-06,-9.37200400580345e-08,0.999999999999996,-4.2768503321698e-05,1.90618464935244e-06,0.000871476583251154,-0.000281758699131224
14.9276870206149,-6.15803492716527e-05,-1.07477984931823e-06,0.999999999999422,-0.000226217830926796,2.18968163601916e-05,0.00460954296750949,-0.00330166386087601
14.9317570224768,-0.000159804663338095,-2.78911753528722e-06,0.99999999999611,-0.000421212997960235,5.68281172155061e-05,0.00858262527640356,-0.00876197776742094
14.9340017380322,-1.33103212102416e-05,-2.32308929616751e-07,0.999999999999973,0.00113903456475994,4.72994820304455e-06,-0.0232092520082293,-0.00074982753762466
14.9362464535876,1.38857875205461e-08,2.42352711465869e-10,1,0.000103599443487188,-8.48290164986588e-09,-0.00211092719220477,-5.35268006098791e-06
14.9396011232237,7.63781229541474e-06,1.33304972204293e-07,0.999999999999991,3.96648951839161e-05,-2.71983083373308e-06,-0.000808230981346386,0.00040453089729774
14.9440179426815,7.02753409879917e-05,1.22653608320187e-06,0.999999999999248,0.000247515462527001,-2.49960183910977e-05,-0.00504349063169864,0.00378547243751202
14.9481681000113,0.000118688711741765,2.07150880484277e-06,0.999999999997854,0.000203600166089794,-4.22120844151969e-05,-0.00414829237931808,0.0066695238070003
14.9500990229007,2.17590735935003e-05,3.79767476390326e-07,0.999999999999928,-0.000876130961938498,-7.74158790954222e-06,0.0178518244805176,0.00121286239976609
14.95202994579,3.87973752837472e-06,6.77141939833257e-08,0.999999999999998,-0.000161608360505787,-1.38321703379578e-06,0.00329291807088534,0.000214962529972739
14.9553079888947,-4.89075371376116e-06,-8.53597552092724e-08,0.999999999999996,-4.66967469011334e-05,1.73592222198513e-06,0.000951524783575869,-0.000254287288255437
14.9597317696325,-8.12298772679368e-05,-1.41772880931592e-06,0.999999999998995,-0.000301183339111917,2.8885089733425e-05,0.00613709609961178,-0.00434421969685592
14.9636167491496,-0.00019239763552372,-3.35797221293461e-06,0.999999999994362,-0.000499421784614347,6.84196661838729e-05,0.0101762638068867,-0.0104826446278461
14.966041734078,-1.24202881311726e-05,-2.16774921935333e-07,0.999999999999976,0.00129534713980385,4.41344621658596e-06,-0.0263944815569797,-0.000712019272777737
14.9684667190063,3.5054777873738e-06,6.11821292451984e-08,0.999999999999998,0.000114622176794172,-1.25016158764317e-06,-0.00233552288841763,0.000178784713416545
14.9716114386254,9.33097650099482e-06,1.62856262368579e-07,0.999999999999987,3.23317005768689e-05,-3.32189226261337e-06,-0.000658796626057956,0.000497243045515708
14.9756658916794,3.66062101668755e-05,6.38898894088957e-07,0.999999999999796,0.000117412293442028,-1.30218783542344e-05,-0.00239242777323748,0.00198318455159321
14.9792124844497,2.76255584802808e-06,4.8215695318314e-08,0.999999999999999,-0.000166549484822965,-9.85481660064101e-07,0.00339379158356109,0.00021912049618208
14.9818916129317,-1.84765526637228e-05,-3.22476678400087e-07,0.999999999999948,-0.00013836304462605,6.56767950434469e-06,0.00281926052261524,-0.000972765257760464
14.9845707414138,-9.14476019328644e-06,-1.59606174678161e-07,0.999999999999987,6.07923452772822e-05,3.24884667888216e-06,-0.00123877329800343,-0.000489515599506252
14.988119779854,-1.14229474371677e-05,-1.99368043060824e-07,0.99999999999998,-1.12035609227796e-05,4.05900234176365e-06,0.000228274693700892,-0.000623419068442048
14.9918641956461,1.06599671494606e-05,1.86051524912521e-07,0.999999999999983,0.000102931829524027,-3.79467803630835e-06,-0.00209743810897481,0.000532752017561545
14.9948214364361,2.49515543357137e-05,4.35486776648457e-07,0.999999999999905,8.43472917642663e-05,-8.87715837672493e-06,-0.00171865624115183,0.00132664604382072
14.9977786772262,1.53550863166451e-05,2.67996813153382e-07,0.999999999999964,-5.6637242411355e-05,-5.46418586415063e-06,0.00115410707307029,0.000828553550088621
15,2.04451046984408e-06,3.56834392902755e-08,0.999999999999999,-0.00010458334853462,-7.3044724593919e-07,0.00213104492241551,0.000110954544920061
