time,theta_deg,sin_theta,cos_theta,theta_dot,x,x_dot,u
0,40,0.642787609686539,0.766044443118978,0,0,0,2160
2.09020451124558e-08,39.9999999998797,0.642787609684931,0.766044443120328,-0.000100473320293882,5.60454369827209e-11,0.00268133748067181,2159.99581958972
1.25412270674735e-07,39.9999999956681,0.642787609628622,0.766044443167576,-0.000703328114403168,2.01763573141335e-09,0.0187693623650414,2159.9749175005
6.47963398486131e-07,39.9999998843635,0.64278760814048,0.766044444416276,-0.00371759188676949,5.38596649662952e-08,0.0992094868343546,2159.87040610935
3.26071903754311e-06,39.999997071666,0.64278757053472,0.766044475971254,-0.0187889108760783,1.36392177097927e-06,0.501410115216828,2159.34782552982
1.6324497232828e-05,39.9999266037822,0.642786628378745,0.766045266532915,-0.0941455505076485,3.41855410132291e-05,2.51241400088193,2156.73433238856
8.16433882092525e-05,39.9981641346709,0.642763063841256,0.766065038858582,-0.470934036032656,0.000855081882241359,12.5675180481006,2143.65215363064
0.000282146009508119,39.9780723984052,0.642494390636448,0.766290387516834,-1.74893948022832,0.0102126037338381,46.6703217692527,2103.34343956717
0.000603957330093345,39.8994982038928,0.641442912716573,0.767170769598059,-4.26143616964655,0.046798850945106,113.688502768437,2038.17754732595
0.00103935423889822,39.7022636653447,0.638798214772771,0.769374317743399,-7.90633104347338,0.138574522717078,210.786227269934,1949.11823245902
0.00159002885449753,39.3031580866261,0.633423524971407,0.773805297224565,-12.6494053192119,0.324014667260172,336.750849394568,1835.07959901388
0.00226824284100664,38.5829677359681,0.623647247270169,0.781705898002785,-18.5335205556179,0.657749310895136,492.078680583924,1692.64557402824
0.00310063029877041,37.3577198997025,0.6067894544429,0.794862603206924,-25.6906909112025,1.22295819054083,679.021379255445,1515.19514896302
0.00413995869625497,35.3091095948036,0.577987376772068,0.816045704781383,-34.4020186471451,2.1610866477059,902.629485959957,1290.2624106251
0.00550475378485245,31.7673609076834,0.526471560467657,0.850192740511674,-45.2926423789794,3.76407803042473,1174.52897955995,990.706825307887
0.00771159434122361,24.0971676113458,0.408285334374296,0.912854361732949,-60.6614405825584,7.16458008927644,1540.89159229671,501.614346257033
0.00980638025960884,14.8557897981873,0.256387047771226,0.96657419877377,-76.9971140462418,11.1618786588103,1908.21340474504,43.4370506770192
0.0118006362368671,4.8484115734643,0.0845197913870151,0.996421800676749,-87.5823873693134,15.4168830554958,2133.63000798694,-364.201884440814
0.0135798211345434,-4.31660610457804,-0.0752677390377819,0.997163360468153,-89.9061894546422,19.298898072039,2181.90645705979,-675.382014610866
0.0154870005484546,-13.5112460526166,-0.233636216753949,0.972324080860338,-84.1434945543873,23.2342102886832,2063.42003690873,-925.106354714349
0.0172346196747092,-20.8258985573127,-0.35552948143488,0.934665067192866,-73.0506824560763,26.4323052256037,1829.97249736807,-1067.1270025749
0.0189822388009639,-26.8711849993683,-0.451986152301954,0.892024953758175,-60.3736541074386,29.1456913164136,1552.61867419873,-1131.32048155194
0.0209562544137852,-32.1830360100943,-0.532625713979287,0.846350901699794,-46.9648208000025,31.6030297207774,1244.8424361,-1127.0059917693
0.0232599713185412,-36.5377392954067,-0.595352138067627,0.80346489139122,-32.9918620292303,33.6918623677838,906.722802048327,-1046.73856155769
0.026463725350377,-39.8141567962706,-0.640299509516054,0.768125340106353,-17.8491458744326,35.3572685755454,519.829609643046,-853.108518295337
0.0286999822833304,-40.5339330384743,-0.649898279704026,0.76002120104491,-5.61763056783231,35.7935625754538,195.100121761132,-689.404670412272
0.0309362392162839,-40.2144974827829,-0.64565092945817,0.76363268479669,2.49309554398546,35.7400412697082,-23.9334331207149,-518.147549646851
0.033795785151496,-38.6007703098147,-0.623890103760077,0.781512084634806,9.84941422006037,35.1052425578691,-221.992836003198,-303.215957870735
0.0371559736194271,-35.4631163875612,-0.580178756312774,0.814489171642793,16.2974167235197,33.786464141568,-392.471561904096,-74.3157672717787
0.039969194135963,-32.2445819997032,-0.53353453986299,0.845778277548665,19.9678702137265,32.4159603745147,-487.165424465502,85.4757752394515
0.0427824146524989,-28.9033735562938,-0.483333929475165,0.875436069977754,20.7289432130036,30.9879363261993,-507.611841987355,207.25607661943
0.0453818372865191,-26.0455977973313,-0.439086296682218,0.898444892058436,19.1879518262237,29.7573124586661,-473.422002035117,280.46338206646
0.0479331291226267,-23.7284149905171,-0.402401836465229,0.915463140715895,15.8517613614964,28.7391593444838,-399.073559430815,313.079914652017
0.0507648316447189,-21.9534520094961,-0.373853211159877,0.927487884829472,10.9400432701318,27.9152494127092,-290.959211056496,305.103980850496
0.0540088468272457,-21.091028562326,-0.359850720792476,0.933009892093935,4.63996863534824,27.4165877778551,-153.717417088571,247.768080115418
0.0576702093349022,-21.514281322806,-0.366733127595349,0.930326186412128,-2.01759706204575,27.3817278085456,-9.52103738337366,143.265950915741
0.0601343226555179,-22.4301446013464,-0.381556748099109,0.92434541594581,-6.48705137661653,27.5964413059543,87.1362106654477,64.2706567785981
0.0625984359761336,-23.6476944008767,-0.401111696393079,0.916029151837793,-8.62389429536885,27.9247029538855,133.216944685473,-11.1794146681357
0.0663390834877488,-25.6657694251009,-0.433120671161868,0.901335944147515,-9.41603121267299,28.4836766972071,149.432348700578,-103.839204858726
0.0688770354637988,-26.9114682809117,-0.452613201782372,0.891706952744179,-8.56657128558596,28.8103505465914,128.715536175222,-145.599557741427
0.0714149874398488,-27.9139756972403,-0.468145370158033,0.883651465454338,-6.89416322913526,29.0367730999027,89.214672085209,-168.781803383272
0.0747684169327793,-28.7441596077488,-0.480899398090334,0.876775780297536,-4.32078344453056,29.1316445719785,28.290880209592,-172.953163282316
0.0786184382540013,-28.9331421064471,-0.483788705094874,0.875184831234309,-0.856713912920433,28.9232447703746,-54.1295188302486,-148.125986981197
0.0820165923452299,-28.4569062530386,-0.476497642601988,0.879175748411402,2.4459996324116,28.4714413578529,-132.955540093909,-109.213284394381
0.0851144576756055,-27.5882985546769,-0.463115037211649,0.886298179118322,4.89371313075885,27.8784437264598,-191.421371864879,-67.5405179547018
0.0879355105413855,-26.5345377191988,-0.446737195684332,0.894665232359065,6.51940852677819,27.2286383726682,-230.341430915336,-29.7334483459451
0.0907565634071656,-25.3306207229488,-0.427840973371911,0.903854026657057,7.44839480329047,26.5151845598476,-252.903382802565,3.94800004259076
0.0942153169214507,-23.794242259594,-0.403453348620256,0.915000216113145,7.75275330593033,25.6116104618637,-261.242697478141,35.3657102348723
0.096877204322424,-22.663144935892,-0.385312547085072,0.92278612964154,7.41630635911844,24.9325719869251,-255.096618546066,50.2178441958534
0.0995390917233973,-21.6418828663877,-0.368804115226964,0.929507140688901,6.69614561159276,24.2929422924115,-240.291792312342,56.4452619941584
0.10340085232283,-20.4278253388135,-0.349027191364806,0.937112597123737,5.48695358482434,23.4623864374664,-215.071813376284,51.4330160102829
0.107733506948246,-19.4660605273274,-0.333248421788752,0.942839058045065,3.87429048504938,22.6760150714221,-181.498742464098,31.3843595911934
0.111201444260444,-18.9452141282594,-0.324663906717625,0.945829449570507,2.62129437257096,22.1358658622232,-155.755182568931,10.3664755128517
0.113462111931915,-18.68080238235,-0.320295598768796,0.947317649687442,2.04136839983328,21.8098300794591,-144.221013499026,-3.13973660464766
0.115722779603387,-18.4429599893653,-0.316360408992188,0.948639073421655,1.83624196992317,21.4920772959114,-140.557052041564,-15.1148900418914
0.119121977853456,-18.0757386278767,-0.310273914625087,0.950647199492653,1.8855098673647,21.0075673528023,-142.536535813791,-28.3806087818774
0.12352921121598,-17.4727011541692,-0.300251362426522,0.953860115195628,2.38811711642058,20.3264349156192,-154.54875681756,-35.0489235795896
0.127468944544066,-16.7388853323154,-0.288010505793924,0.957627249274125,3.2508551031295,19.6398702889013,-174.266776338271,-31.2892759942557
0.12983328252073,-16.2028924285133,-0.279039583614564,0.960279600312436,3.95664284506031,19.1901041450836,-190.229209299538,-25.6629773988634
0.132197620497394,-15.6023447978702,-0.268959237281748,0.963151560597199,4.43317900115167,18.7148353237282,-201.015601849792,-18.4352495849383
0.135434961669871,-14.6991858189489,-0.253744199548953,0.967271358614149,4.86914940727878,18.0317542649753,-211.000639833772,-7.50939886696562
0.13958347841472,-13.4695605269246,-0.232928740913395,0.972493805459192,5.17317663916117,17.1259154029411,-218.352466133589,5.21966348650859
0.143651497244564,-12.2716403378106,-0.212546752459183,0.977150898284935,5.1395168878693,16.2365664659179,-218.619670710152,13.417589655305
0.145921204388891,-11.6357412402638,-0.201688943298313,0.979449626142769,4.88985241571492,15.7506274253134,-214.097682962827,15.5525364203181
0.148190911533217,-11.0349719042028,-0.191408120364124,0.981510535582106,4.61971624202427,15.2764033584801,-208.936235680703,15.9035501928277
0.151658601438141,-10.1940001379545,-0.176981676995491,0.984214146417264,4.23271014415271,14.5778445698467,-201.447882534598,13.4547484534553
0.156206166636929,-9.22525525689596,-0.160316289359981,0.987065695567345,3.71798688907598,13.7070138566623,-191.493837936949,6.69337195834376
0.160408839349803,-8.42705224366261,-0.146550097908411,0.989203249490738,3.31485976473624,12.9342770821501,-183.867940071818,-0.358805315709475
0.162307953186256,-8.08196540089837,-0.140589602013933,0.990067959185411,3.17142737625259,12.5898492505767,-181.362393850265,-3.09203720070445
0.16420706702271,-7.7391517663213,-0.134663319889214,0.990891411950076,3.15053607069317,12.2457360075945,-181.19674364804,-5.28567059126649
0.167311916091625,-7.17199910757011,-0.124848364456915,0.992175834160676,3.18813605329454,11.6797224141912,-182.299873790942,-7.44805325349273
0.171537571184154,-6.36505348091324,-0.110862780833984,0.993835722755907,3.3329407538803,10.8949304723115,-185.720775760255,-7.40240637966441
0.175538070862819,-5.55295242876929,-0.0967656508787152,0.995307193187118,3.54301671224016,10.1329193017886,-190.478998057848,-4.74777837425462
0.178023608076204,-5.02778643037303,-0.0876388517399054,0.996152313487105,3.68768399128295,9.65133028606794,-193.756509911508,-2.32747586139958
0.180509145289589,-4.49313522084244,-0.0783396515097523,0.99692672699719,3.75428857223602,9.16582154936729,-195.333521496322,0.266507361885544
0.183687455630469,-3.80619779026964,-0.066381834039368,0.997794293484168,3.77223072412945,8.54313901291904,-195.916216374221,3.34077542831605
0.187751258047486,-2.94409627468765,-0.0513615645833588,0.99868012380519,3.70256926624533,7.75180976489272,-194.726309702645,6.12259590164076
0.190988648012252,-2.28608691833135,-0.0398891578918191,0.999204110821549,3.5474347861508,7.13104433072456,-191.748736149879,7.06358753701208
0.194226037977018,-1.6622069512666,-0.0290069148664681,0.999579210913237,3.36343773256276,6.52201599616155,-188.123253976617,6.87290528517434
0.197217325229985,-1.11790924807333,-0.0195099591983623,0.999809662631882,3.1758190465799,5.97045859467426,-184.387975758647,5.89730152258342
0.200401228654431,-0.569895301543662,-0.00994638539599789,0.999950533485309,3.004063389723,5.39434416393346,-180.945950281488,4.35630709882463
0.203419131177341,-0.0747262210909131,-0.00130421822586673,0.999999149507048,2.86368785683587,4.85680706487035,-178.116123692655,2.77639499881624
0.206437033700252,0.403758732360155,0.0070468609395973,0.999975170567199,2.76719933648453,4.32519191983242,-176.153848907363,1.39876988613885
0.210028313136223,0.960890035555349,0.0167699087374318,0.999859375192801,2.70760763122099,3.69702323339942,-174.915012221293,0.336205024031088
0.213515691134553,1.49729114545574,0.0261296860490172,0.999658561463353,2.6845284576542,3.08887055159059,-174.386797789076,0.0579098576593111
0.217003069132883,2.03386356002363,0.0354901611515907,0.999370025796969,2.68538578670582,2.48096865604908,-174.314885232583,0.483579302651208
0.219929320252949,2.48479231370068,0.0433542142594458,0.999059764031135,2.68951334682418,1.97095546595852,-174.288934600702,1.24857352564574
0.222867717611541,2.93639313908853,0.0512272964914978,0.998687020088963,2.68238782773784,1.4596191893857,-174.018764030603,2.21010690103961
0.226099654689461,3.42812039384705,0.0597962959921319,0.998210600517557,2.65545380693232,0.899481873416058,-173.313187251182,3.27958250140448
0.229331591767381,3.91006254051449,0.0681905073812243,0.997672318300499,2.60261170334693,0.34344454188241,-172.044603012955,4.16627177957567
0.232688612256428,4.3955762476769,0.0766420464090751,0.997058672657848,2.52420644473179,-0.227994237889749,-170.222011345092,4.75055636178813
0.235976175619337,4.85270899401351,0.0845945269073779,0.996415458539919,2.42686472062281,-0.780246972304137,-167.982384961727,4.93890560106192
0.239263738982247,5.29008495003346,0.0921982756390452,0.995740668030179,2.32197821271786,-1.32454823435006,-165.563732759255,4.78500133308276
0.242267175413913,5.67259163332033,0.0988437374051709,0.995102967323371,2.2227875256002,-1.81485624500387,-163.249005533951,4.43247758871874
0.245502597697096,6.06785807511491,0.105706248541384,0.994397399945971,2.13224124338138,-2.33605204213263,-161.090501180576,3.94316498808161
0.248530073932861,6.42408898375174,0.111886734255436,0.993720966216198,2.05365848280953,-2.81788786585725,-159.154287664561,3.49278868611204
0.251557550168626,6.76945066757515,0.117874515761742,0.993028498349335,1.99099778942647,-3.29482177353795,-157.535144965431,3.13715192131826
0.255043025875534,7.15633366109899,0.124577085407562,0.992209932318437,1.93729138423789,-3.83874089141567,-156.053050893381,2.91707266274898
0.25841321747397,7.52158066178035,0.130899614231522,0.991395627887292,1.89151345219737,-4.36007970453711,-154.691149714876,2.91818960783702
0.261783409072406,7.87924257952816,0.137085689975955,0.990559192377627,1.85223240025693,-4.8772268646087,-153.44740646544,3.1039375663199
0.264853087913798,8.19849380203645,0.142602914306185,0.989779980011408,1.81516870711433,-5.34458109648286,-152.248575835431,3.38484146500315
0.268081133320559,8.52679259090997,0.148271877488537,0.988946636753482,1.77503537718287,-5.83194209822396,-150.977120929096,3.72640574013681
0.271054843963417,8.82152467847227,0.153357079668844,0.988170838527146,1.72984057866961,-6.2767808147858,-149.590451118755,4.02536376787805
0.274028554606276,9.10785811054038,0.15829348947332,0.987392106100894,1.68054721804414,-6.71725099200455,-148.121397849034,4.26496906006635
0.277504985429582,9.43085811199074,0.163857282276793,0.986484055139698,1.62160957481516,-7.22619043750958,-146.39711571222,4.43780350561904
0.280968146037974,9.7391968033771,0.169163672913567,0.985587972616545,1.55393468121054,-7.72638879234359,-144.434062232606,4.48436045162751
0.284431306646366,10.0338892679499,0.174230640664852,0.984704871448047,1.48516178405007,-8.21964433177262,-142.429299476827,4.42359723497141
0.287448566601935,10.2798763732509,0.178456640504992,0.983947776794923,1.42290852235949,-8.64380958832619,-140.579619522242,4.31669517656015
0.290514378487521,10.5200867365287,0.182580223485274,0.983190959067499,1.36748825207412,-9.06962289826897,-138.89087975183,4.18633902383465
0.293613630021969,10.7536761863431,0.186587071170581,0.982438428030981,1.31544824673607,-9.49499811365006,-137.250949351189,4.0617312143095
0.296712881556417,10.9787688673642,0.190445237221875,0.981697820930404,1.26759908393787,-9.91550856172922,-135.681290597175,3.96809029635739
0.3,11.2090367311628,0.194389065749403,0.980924508368036,1.22263084029289,-10.3564431642622,-134.140162607707,3.9190186400467
0.304339281879755,11.5006860179337,0.199379667307612,0.979922317464148,1.1730605331251,-10.9308239345482,-132.367701892279,3.93673754254773
0.306606835804392,11.6478287510325,0.201895570221908,0.979407054663571,1.13255307186092,-11.2275766124449,-130.869072030673,3.98027259839041
0.308874389729028,11.7913714475712,0.204348635374315,0.978898174081786,1.10484370165238,-11.5219825924155,-129.834169221713,4.03831569345157
0.312391989382257,12.0068610819586,0.208028821005823,0.978122696613736,1.06919604126216,-11.9739890512416,-128.498551110332,4.14126620471279
0.317237246993498,12.2889905825571,0.212842642466546,0.97708649031079,1.0162697419902,-12.5870196921905,-126.52178483278,4.26996040406986
0.319543253859605,12.4171781078104,0.215028138061932,0.976607853665748,0.970202824864484,-12.8748105360389,-124.800514724526,4.31782162302119
0.321849260725712,12.5412705791603,0.217142791055142,0.976139850786138,0.939208912958743,-13.1599619076995,-123.655907470019,4.34825684029016
0.325683598817679,12.738576630999,0.22050297137036,0.975386302762573,0.89810552854247,-13.6282364226528,-122.126558410281,4.36422295244019
0.330615377254406,12.9760344612834,0.224543477546553,0.974464071524087,0.84035019542664,-14.2197876130486,-119.946830131388,4.33683563928101
0.33360294149925,13.1109850980839,0.226838039913116,0.973932494400087,0.78837900938757,-14.5722234686427,-117.96762402764,4.29265897684587
0.336590505744093,13.2397071032491,0.229025524568531,0.973420417443619,0.751991463875483,-14.920346224115,-116.523939551471,4.24747447423329
0.33927142185125,13.350159973773,0.230901624881068,0.972977101286193,0.719069967827051,-15.2291370292858,-115.181077224498,4.21290386188652
0.342216370697808,13.4661492258004,0.232870839740003,0.972507671948549,0.687412396711171,-15.5644584790244,-113.863251013849,4.18217406959749
0.346359274593933,13.620314350802,0.235486709330797,0.971877569310329,0.649469331292628,-16.029437396268,-112.235023766413,4.15736040163954
0.349042104672144,13.7147745851177,0.237088666853945,0.971488015391553,0.61451603454318,-16.3264062544266,-110.692384348338,4.15386691510029
0.351724934750355,13.8051196639322,0.238620232322222,0.971112961877499,0.587744673467522,-16.6201460523467,-109.488782128156,4.1573062068548
0.355445290991275,13.9237765296775,0.240630848471543,0.970616708471405,0.556654485012482,-17.0221835821445,-108.06425615264,4.17136136961317
0.359332718839084,14.0396142407733,0.242592699151998,0.970128229832607,0.520073821494985,-17.4356946563373,-106.37138241056,4.18796058720247
0.362137138515464,14.1180718003128,0.243920909339668,0.969795127842427,0.488280248700437,-17.7298326886774,-104.883742906767,4.19729929509474
0.364941558191844,14.1922955346158,0.245177024004838,0.969478327194647,0.46193105747461,-18.0204782129095,-103.638384326016,4.20282166883258
0.368574445065073,14.282167487932,0.246697408136342,0.969092559469327,0.431767226809234,-18.3917800254981,-102.205718357141,4.200044105337
0.371942854465991,14.3592871588516,0.248001575274772,0.968759628938588,0.399592809364117,-18.7308287488014,-100.655437908148,4.1888834865874
0.375311263866909,14.4305456176052,0.249206224403128,0.968450441539854,0.369223148709003,-19.064877348405,-99.1710210500383,4.17009796317561
0.378567150798553,14.4939740468942,0.250278179946969,0.968173968170201,0.340010250264151,-19.3830445898869,-97.7206052180491,4.14546329273011
0.381977833763702,14.5548611880807,0.251306898598645,0.967907455657167,0.31157427901984,-19.7114151248384,-96.2770618984212,4.11587226543804
0.38474534739236,14.6002481222112,0.252073548953247,0.967708078874055,0.286232172359052,-19.9742105403322,-94.9572254215906,4.09193903197797
0.387512861021018,14.6421819139586,0.252781730212451,0.967523331434855,0.264454970070876,-20.2337803763648,-93.7917101273555,4.07085168301128
0.391037848207991,14.6907158314321,0.253601205854993,0.967308858839251,0.240306308611226,-20.5597598738845,-92.4767893411075,4.04679315847952
0.395739877489212,14.7473132188587,0.254556600069043,0.967057876944958,0.210081796505609,-20.9866201138904,-90.7821313896676,4.02217899602942
0.397908642048671,14.7703598683878,0.254945568744343,0.966955405888825,0.18546960945182,-21.1804585485658,-89.3773525715193,4.01226540059378
0.400077406608129,14.7915312451782,0.255302851247889,0.966861134881684,0.170378213975455,-21.3723911091417,-88.4985692609431,4.00297802586317
0.403547396390614,14.8215951233203,0.255810141323364,0.966727040894233,0.151214756350348,-21.6755447199573,-87.3644102198221,3.98945261412316
0.408238616611113,14.8549829317842,0.256373435988467,0.966577809242209,0.124216549283695,-22.0777521278589,-85.7362027355034,3.97265421352999
0.411308019326711,14.8723012879698,0.25666558433956,0.966500273055125,0.0984759461298901,-22.3361483257828,-84.1845211808791,3.95461864563531
0.414377422042308,14.8862229056733,0.256900415127956,0.966437880418128,0.0791613511304813,-22.5908410921923,-82.9779569540643,3.93566869094085
0.417268878407407,14.8963186882225,0.25707070198359,0.966392598368626,0.0609397562336594,-22.8274108958182,-81.816833372056,3.91794319785534
0.420388250254306,14.9039653436594,0.257199673787182,0.966358281282758,0.0427840349563481,-23.0789881921282,-80.6499861695435,3.89695651335979
0.424805955108818,14.9092342320043,0.257288538475151,0.966334625256345,0.0208161143775852,-23.4288841377904,-79.2031059532646,3.86608372366522
0.427116276250798,14.9094241146587,0.257291740981588,0.966333772576879,0.00143446616625884,-23.60889532286,-77.9160878540594,3.84734045242752
0.429426597392778,14.9079393632972,0.257266699515249,0.966340439659094,-0.0112165358139749,-23.7868965003287,-77.0460756447824,3.82881002055362
0.432999405993995,14.9024445021137,0.257174022979637,0.966365107971345,-0.0268425852869881,-24.0582463749809,-75.9486177232494,3.8014405265633
0.437924310996802,14.888733226727,0.256942757779551,0.966426623818197,-0.0485911707962461,-24.424567011758,-74.3812594493278,3.76681536456264
0.439936422587696,14.8810939914035,0.256813902019215,0.96646087335684,-0.0662636254031564,-24.571660622056,-73.104101662984,3.75021779363126
0.441948534178591,14.8723710821468,0.256666761670261,0.966499960400259,-0.0756635405171647,-24.7173004350221,-72.3815784498321,3.73571955788748
0.445972837038409,14.8516662474153,0.256317483208914,0.966592648327851,-0.0897963075181901,-25.0042242534689,-71.2977696861877,3.70761642933356
0.449529857151027,14.8298408266817,0.255949264879564,0.966690216050422,-0.107091171928426,-25.2530284359072,-69.9473645245025,3.68253547424735
0.453086877263644,14.8048352598317,0.255527348416132,0.966801827786554,-0.12269525024947,-25.4973774864412,-68.6948745854005,3.65765164602341
0.457060134556165,14.7733145217487,0.254995432776916,0.966942257460554,-0.1384608701893,-25.7651224946536,-67.3867782779525,3.63207792277868
0.459344801779419,14.753469323294,0.254660503447928,0.96703052070948,-0.151603721636035,-25.9165967220879,-66.3003460165203,3.61547936336996
0.461629469002673,14.7324190380103,0.254305202362898,0.967124016892955,-0.16080975948926,-26.0662797612198,-65.5163419899277,3.59823307035671
0.46508920562572,14.6983308355501,0.253729765631143,0.967275144947272,-0.171964352735496,-26.2895742015429,-64.5408782956678,3.57236185118363
0.469816989846801,14.6475949657701,0.252873136408896,0.967499445417272,-0.187298729196489,-26.5882051518208,-63.1650972872902,3.53794672889529
0.472375016784185,14.6181330192901,0.252375607073826,0.96762934688553,-0.201017417997882,-26.7466541963008,-61.9418983296565,3.51528391285628
0.47493304372157,14.5874015000722,0.251856567125439,0.96776457343498,-0.209679650614278,-26.9029629517206,-61.1052030513851,3.49501798249528
0.478514352628637,14.5422330868714,0.251093563811299,0.967962820676776,-0.220125531952629,-27.1182070604149,-60.1020783964159,3.46648477504593
0.482994224653308,14.4823206118157,0.250081257082742,0.968224852426292,-0.233415139312749,-27.3816113526418,-58.797280541999,3.42916181702765
0.485629463946202,14.4454779091229,0.24945861121704,0.968385461110226,-0.244010655524508,-27.5335925228716,-57.6726260266765,3.41195271823764
0.488264703239097,14.4073804342916,0.248814651086447,0.968551118632739,-0.25232106029027,-27.6833585427909,-56.8320381086746,3.39204497132458
0.491663951663914,14.3565201912401,0.247954790972197,0.968771604473384,-0.261139695802041,-27.8733309589772,-55.8865938715561,3.36656303390922
0.495862011920505,14.2911535081755,0.246849393353346,0.969053856605032,-0.271759758282129,-28.103007039133,-54.7100484789888,3.33619710743034
0.498634673260819,14.2464243889595,0.246092806545833,0.969246269307442,-0.281559954865603,-28.2517127079226,-53.6328280080526,3.31301789876401
0.501407334601134,14.2005826975861,0.245317245117008,0.969442855070995,-0.288563351576735,-28.3980959799044,-52.7952223567245,3.29179066225971
0.50480798410241,14.1428394788665,0.244340107187649,0.969689595705516,-0.296357883098228,-28.5744727523165,-51.865613420585,3.26560127671033
0.508924749810828,14.0707802220142,0.243120363504889,0.969996128265083,-0.305499845677547,-28.783378018436,-50.7449976306208,3.2333371849496
0.511295415969047,14.0282928836055,0.242401001970188,0.970176145987856,-0.312799819185798,-28.9014223555562,-49.7937411857327,3.21667018459631
0.513666082127265,13.9850532451144,0.241668766241935,0.970358803444943,-0.318338394643243,-29.0178138796216,-49.0965476779516,3.19843882076788
0.517665855699833,13.9105235984228,0.240406331319782,0.970672342173899,-0.325215340697504,-29.2105020898555,-48.1747795813693,3.16804502803664
0.522777538676233,13.81264059718,0.238747703455632,0.971081631014953,-0.334210994951865,-29.4501379359158,-46.8800289780707,3.13594708334979
0.525244501273099,13.7641512046182,0.237925792105684,0.971283335309982,-0.343053256490725,-29.5630747333128,-45.7796958658818,3.10985933242013
0.527711463869965,13.7151251585877,0.23709461105565,0.971486564708113,-0.346849978006866,-29.6743530528694,-45.1074206386028,3.09023309956793
0.530968504032466,13.649442256164,0.235980759910825,0.971757727497914,-0.351970762521486,-29.8186898060701,-44.3153126763725,3.06510767113743
0.535040898747248,13.5658127563405,0.234562121623663,0.972101132135647,-0.358415680684913,-29.9950563138702,-43.3078127618385,3.03269113469126
0.539247378057339,13.477823353099,0.2330689852478,0.972460203872406,-0.365080790899509,-30.1725220591581,-42.188664725445,3.00102447555606
0.541331402887523,13.4336766807706,0.232319630896812,0.972639495959304,-0.369719580482021,-30.2586993159998,-41.3513580037714,2.98749418311117
0.543415427717706,13.389122887839,0.231563226164826,0.972819856030981,-0.373129134377575,-30.3437103830504,-40.7917726407798,2.97211153373985
0.546751916579346,13.3170419547138,0.230339187600016,0.973110404145267,-0.377057938184276,-30.4774277305205,-40.0772647580077,2.94757527067367
0.55125279281051,13.2184543450548,0.22866443739609,0.973505303051981,-0.38229853518433,-30.6532251908087,-39.0584968924541,2.91710102774726
0.555451161177238,13.1251529561931,0.227078862885011,0.973876373073528,-0.38786887906887,-30.8125104961312,-37.939811709903,2.89025800600529
0.557343590217445,13.0825464919903,0.226354603216279,0.97404496487729,-0.392946349465513,-30.8827882556827,-37.1362719861115,2.87021001569153
0.559236019257652,13.0397856452387,0.225627593377052,0.974213626011708,-0.394370172355352,-30.9521934959453,-36.6752141232092,2.85509384089895
0.562578635576701,12.9637150336726,0.224333948380711,0.974512329118478,-0.397198633976094,-31.0726014783163,-36.0220769834712,2.83006609401335
0.567068819090813,12.8603666554187,0.222575788794941,0.974915390299235,-0.401713977047687,-31.2299561854737,-35.0441594787639,2.79261252994527
0.569852430291076,12.7958165035434,0.221477295731009,0.975165528244143,-0.404730618550623,-31.325060985461,-34.1659783443377,2.77520834649392
0.572636041491339,12.7308169047506,0.220370870077686,0.975416157145863,-0.407548658843691,-31.4182760678894,-33.4871056775313,2.75661300358158
0.576187442233918,12.6472887790095,0.218948634921569,0.975736386154571,-0.410497411549065,-31.5344923364682,-32.7240649542897,2.73213220796953
0.579738842976497,12.5631642642835,0.217515774717959,0.976056805595272,-0.413428354059526,-31.6477158017511,-31.8813542851898,2.70883592913979
0.582937292299082,12.4868536833536,0.21621560053121,0.976345642734646,-0.416411440985574,-31.7471279110695,-31.0813457685333,2.68512416148063
0.586378866082017,12.4042254038371,0.214807353437877,0.976656439547201,-0.419033739730337,-31.8514272952735,-30.3057237131509,2.65815364951563
0.589004767797451,12.3408907085288,0.213727627404122,0.976893290633222,-0.42095976303275,-31.9291824483786,-29.6108390683834,2.63913324765921
0.591630669512884,12.277315606473,0.212643540288378,0.977129840284097,-0.422557648157408,-32.0053706565659,-29.0141126530074,2.6212412473775
0.595188733461854,12.1907678637901,0.211167301542339,0.977449932610017,-0.424540731040845,-32.1061112156617,-28.3133076135296,2.5962357280737
0.599038817253291,12.096671793711,0.209561764923126,0.977795411465151,-0.426558569899089,-32.2119371097749,-27.4866470045526,2.57037680593055
0.601936019201232,12.025568512668,0.208348173095504,0.978054721765488,-0.428339613692977,-32.2894082845078,-26.7399981516277,2.55093198527353
0.604833221149174,11.954214209643,0.207129974256139,0.978313433294592,-0.429851817591544,-32.3650346894183,-26.1032562691162,2.5305311443048
0.60850188058476,11.8635638145871,0.205581879152103,0.978639918950934,-0.43126048894364,-32.4581917176396,-25.3926617765919,2.50531509655303
0.611217962096812,11.7962372521288,0.204431766889596,0.978880816384915,-0.432634360836327,-32.5252951084109,-24.7059561627957,2.48602341048419
0.613934043608864,11.7287695886593,0.203278961091759,0.979120862803696,-0.433541063089032,-32.590836371828,-24.1308160768633,2.46760028945682
0.618077805298754,11.6255550519962,0.201514811085702,0.979485467433333,-0.434733856700055,-32.6878351531937,-23.408387987736,2.43894342126576
0.62323100143321,11.496776056666,0.199312795280812,0.979935921189416,-0.436159893253886,-32.8034808835544,-22.4415542011802,2.401822876694
0.625112781154482,11.4497174631533,0.198507879924713,0.980099291708649,-0.436463093353097,-32.8443755841867,-21.7319275843194,2.39195989562997
0.626994560875754,11.4025822124118,0.197701519146104,0.980262265583717,-0.437174080415933,-32.8845391283662,-21.3433823977677,2.38016001026661
0.63015646672279,11.3232823312366,0.196344604093359,0.980534954218065,-0.437724616070939,-32.9504131423836,-20.8336418616494,2.35971646422421
0.634426919975109,11.2160716568488,0.19450950476093,0.980900633376112,-0.438168772913075,-33.0362290764706,-20.0952753763071,2.33432448167923
0.638400623419772,11.1162378272807,0.19280006061473,0.981238063176799,-0.438489951528341,-33.1128692164635,-19.2868292916516,2.31338052861536
0.640911355528971,11.0529255469479,0.191715667463719,0.981450509627939,-0.440113759928775,-33.1596383308819,-18.6276800488162,2.28987392521347
0.643422087638171,10.9897119041897,0.190632730199779,0.981661429504378,-0.439428083253986,-33.2052356256751,-18.1609557730599,2.27303027617741
0.646551524497223,10.9109108659766,0.189282434483634,0.981922685345414,-0.43948404545388,-33.2603856888516,-17.622999172201,2.25275994173858
0.650513856362533,10.8111118384601,0.187571814049588,0.982250891867321,-0.439595086847568,-33.3275504659767,-16.9508207308588,2.22652990554817
0.65399411643617,10.72351200638,0.186069826620217,0.982536523301563,-0.439307828048427,-33.3841381945116,-16.2596263893078,2.20613937439995
0.657474376509807,10.635991587067,0.18456876644519,0.98281960219203,-0.438909577852661,-33.4385052308709,-15.6215441400802,2.18859024462186
0.660266089434775,10.5657155418787,0.183363152128084,0.98304524536852,-0.439353331371088,-33.4804772149938,-15.0344914577285,2.16906526017986
0.662986449411658,10.4972808829978,0.182188862423481,0.983263554907248,-0.439063260046685,-33.5200213104503,-14.5363465837413,2.1504431417785
0.667669560632449,10.3795815751502,0.180168619667707,0.983635739736531,-0.438648657358104,-33.5849919150449,-13.8733849211485,2.11862601538023
0.669894671741548,10.3237804063171,0.179210557634979,0.983810741978436,-0.437692355503996,-33.6145224614297,-13.2714929443791,2.1067524331225
0.672119782850647,10.2679999185985,0.178252680792279,0.983984746726475,-0.437530137293673,-33.6431760242676,-12.877362717154,2.09377636051957
0.675645064360669,10.1797044438097,0.176736103237363,0.984258273936507,-0.437141472331969,-33.686802018731,-12.3751803478399,2.07218275495252
0.680507992243486,10.0580975203427,0.174646676409728,0.984631168722093,-0.436453358730537,-33.7434634364945,-11.6517084211153,2.04061886966138
0.682805336307237,10.0008181018448,0.173662239296463,0.984805273464017,-0.435160959209419,-33.7688591037678,-11.0543595424226,2.02954985624472
0.685102680370989,9.94356457563776,0.172678073737497,0.984978315928989,-0.434964251309451,-33.7933514219818,-10.6611450154316,2.01607446314279
0.688935775861894,9.84820972334568,0.17103857915641,0.985264332268329,-0.434180712220251,-33.8322614211752,-10.1510644036121,1.99388695919715
0.693877414741928,9.72572575498265,0.168931942563495,0.985627718148046,-0.432599099355641,-33.8788984998724,-9.437573207881,1.97158380786815
0.696796364218822,9.65338017234354,0.167687287040319,0.985840237444718,-0.432576386238022,-33.9045160431557,-8.77628869087575,1.94847853460678
0.699715313695716,9.58125674134295,0.166446187360817,0.986050539634276,-0.431248073582511,-33.9287924963804,-8.31684598065583,1.92925321288382
0.702469236053661,9.51340680944623,0.165278385234407,0.986246954557684,-0.430006570604801,-33.9504738436409,-7.87289706915139,1.91397121095749
0.705567783434227,9.43723648069672,0.163967100153298,0.986465807855152,-0.429047184284918,-33.9734401429053,-7.41195677961263,1.89667270085061
0.709906857963212,9.33090618933963,0.162136122109353,0.986768401352283,-0.427698041688205,-34.00309471989,-6.83430920273211,1.8731413968027
0.712364994961992,9.27083460323007,0.161101458850493,0.986937850098092,-0.426520964871935,-34.0186057390646,-6.31007107505784,1.85951952228547
0.714823131960773,9.21088297943103,0.16006868524306,0.9871058788218,-0.425669207098492,-34.033192731014,-5.93416557199752,1.84532011588042
0.718525264518484,9.1208641956848,0.158517622422228,0.987356148196589,-0.424383552052974,-34.0534487077184,-5.47143474435113,1.82501109839189
0.723721176610078,8.99505622361196,0.156349241596237,0.987701834893649,-0.422594397137753,-34.078434967405,-4.80883033547904,1.79678145950758
0.725757328919369,8.94591796687789,0.155502107038504,0.987835560559846,-0.421198534503915,-34.0871388681907,-4.27468060518484,1.78483621534081
0.727793481228659,8.89689289689275,0.154656809819187,0.987968254133984,-0.420228331327302,-34.0952434986248,-3.98036551445441,1.77368352775997
0.731190121376192,8.81533752048253,0.153250369883761,0.988187393225845,-0.419064068972846,-34.1074302813127,-3.58789337656837,1.75497111503858
0.735766351631747,8.70587207643405,0.151362127292552,0.988478379339414,-0.417490447182917,-34.1212263664115,-3.01472704132575,1.72693376015669
0.7399676319072,8.60585337816178,0.149636354728263,0.988741099248756,-0.415505627798497,-34.1312941820038,-2.39636847157918,1.70060092625637
0.74179142037961,8.56272153243967,0.148891995297549,0.988853464238415,-0.412763174952152,-34.1349504768281,-2.00478009349441,1.69702311377276
0.74361520885202,8.51959745955917,0.148147685654896,0.988965248749974,-0.41268879040572,-34.1381184231062,-1.73701409239217,1.68877610856391
0.746824354943451,8.44390738837792,0.146841093170131,0.989160094907089,-0.411648742545354,-34.1425767073318,-1.38924315024966,1.67247831163102
0.751149752060006,8.34240600325299,0.145088533556607,0.989418676511816,-0.409565484515737,-34.1464016243549,-0.884292683412766,1.65361435998184
0.754098507437349,8.27343935597057,0.143897470353911,0.989592602046794,-0.408204450728101,-34.1475475535285,-0.388614526112899,1.63667054016769
0.757047262814691,8.20472742089113,0.142710598726032,0.989764459359527,-0.406696842934983,-34.1475451069915,0.000829684621449608,1.61977256651715
0.76112430328786,8.11011144086564,0.141075947073468,0.989998776341327,-0.405038995151991,-34.1456579253503,0.462880281330453,1.59451926765043
0.763642756190521,8.05202140675207,0.14007215224458,0.990141299090979,-0.402573483429533,-34.1434576119798,0.873676600463022,1.58453814609596
0.766161209093182,7.99409416658841,0.139071027113666,0.990282408920582,-0.401445294601741,-34.1404358464049,1.19984994429919,1.57302641380156
0.770127528885146,7.90322854378759,0.137500359758459,0.990501716841669,-0.399842770611369,-34.1340389948125,1.61279269646771,1.55324306915477
0.773127311286078,7.83484757592211,0.136318125022745,0.990665114350093,-0.397853202479755,-34.1279000126808,2.04647581430608,1.53923582308232
0.776127093687009,7.76673596129608,0.135140354095192,0.990826465479716,-0.396286055183317,-34.1206434246726,2.41903812954656,1.52451123968862
0.779870914371462,7.6821405644585,0.133677283551782,0.991024915863479,-0.394374712704219,-34.1100469360284,2.8303942783071,1.50662980319106
0.78320314514976,7.60719225730019,0.13238081508465,0.991198930486471,-0.392558263739696,-34.0991797160031,3.26124471809725,1.48902516424213
0.786535375928057,7.53259872395262,0.13109025863878,0.991370437369411,-0.390700057778228,-34.0869854850179,3.6594797289163,1.47112706642076
0.789634807458657,7.46358538488327,0.12989604823164,0.991527617695949,-0.388622875731802,-34.0744826990973,4.033896473313,1.45676955636837
0.792903548662795,7.39116264591097,0.128642638767737,0.991691016139036,-0.38669786607111,-34.0600893255114,4.40333837617291,1.44257889347884
0.795844645732957,7.32630419923547,0.127519968858593,0.991836003350505,-0.384888160850278,-34.0460859703876,4.76126927798528,1.42994426869489
0.798785742803119,7.26171256326163,0.126401754919822,0.991979131006892,-0.383304831530487,-34.0310876563541,5.09956443998975,1.41611174619792
0.802287668028042,7.18518859677415,0.1250767600371,0.992147067777062,-0.38138883217344,-34.0119582580244,5.46253763316294,1.39990099558926
0.805794602154206,7.10894689044447,0.123756430540433,0.992312625083391,-0.37943934927778,-33.9914225418495,5.85574619772531,1.38235960984448
0.809301536280369,7.03309352355354,0.12244260871654,0.992475595453454,-0.377506663467972,-33.9695218413399,6.24497059872468,1.36313877061016
0.812293835983163,6.9687818126429,0.121328526491165,0.992612406057613,-0.375113195357233,-33.9498049826461,6.58919916190289,1.35083096922705
0.815301519164442,6.90446169867382,0.120214145806976,0.992747983703769,-0.373243355884662,-33.9290206422911,6.91041546009815,1.339104707712
0.81844343743446,6.83759436101386,0.119055472502233,0.992887604146245,-0.371446709911501,-33.906277476643,7.23862420773077,1.32628831832362
0.821585355704478,6.77105468222643,0.117902315882924,0.993025198023415,-0.369626571493647,-33.8824908697733,7.57072744275022,1.31265723320825
0.824963722937955,6.69988262647191,0.116668702534865,0.993170888542768,-0.36768847862965,-33.8557664410563,7.91045699599052,1.2975109162095
0.828288232762316,6.63021032636728,0.115460909815131,0.993312024645158,-0.365771526783517,-33.8283151913605,8.25723223755847,1.28124772725363
0.831612742586677,6.56092233616999,0.114259609913412,0.99345092558336,-0.363753944166707,-33.7997416692994,8.59480752672221,1.26472738720534
0.834650691974287,6.49799847224262,0.113168505005374,0.993575809626447,-0.361503258773358,-33.7726809414554,8.90756375151207,1.25234100133456
0.837894246253706,6.43118710770643,0.112009841148166,0.993707097431614,-0.359506328075215,-33.7427839636321,9.21735085888618,1.23970772369572
0.840886585737124,6.3698821596208,0.110946537279414,0.993826376116929,-0.35757078960722,-33.7142896734604,9.52241225623833,1.22813740003502
0.843878925220542,6.30887435714886,0.109888261157427,0.993943947141788,-0.355837640896784,-33.6849214491513,9.81446940492783,1.21543525916629
0.847365942450022,6.23818572172357,0.108661900055862,0.994078765227509,-0.353812255781996,-33.6496188684646,10.124005235242,1.20075360896445
0.850747794964366,6.17001881228366,0.107479131132349,0.994207340734837,-0.351800383248279,-33.6142752516066,10.4509634018982,1.1851859189447
0.854129647478709,6.10225090837589,0.10630313457836,0.99433376870084,-0.349741168590059,-33.5778618759309,10.7672867226685,1.16906019284658
0.857218031198909,6.04077153242912,0.105236136019348,0.994447261384794,-0.347436597766115,-33.5437063672469,11.0593474705282,1.15699388957534
0.860470001037205,5.97642247751515,0.104119203301748,0.994564825189293,-0.345360791963553,-33.5068103302044,11.3457500767722,1.14522227971006
0.863407168065656,5.91862667033081,0.103115905978732,0.994669347036584,-0.343435398614891,-33.472668362165,11.6241152473271,1.13451212200365
0.866344335094107,5.86111708798478,0.102117473184171,0.994772346655495,-0.341734587669812,-33.4377516843364,11.8878761372209,1.12253111226855
0.869838027815038,5.79311923870099,0.100936819300408,0.994892837701386,-0.339693971128845,-33.3952349464996,12.1695699172744,1.10853105662787
0.873237905747698,5.727345537171,0.0997946482466892,0.995008054329873,-0.337649667329117,-33.3528361993736,12.4706674668164,1.09366221721328
0.876637783680358,5.66197661664305,0.0986593759772134,0.995121262727205,-0.335571721774885,-33.3094452147624,12.762512499164,1.07817846063031
0.879754533122926,5.60246507855719,0.0976257180708758,0.9952232006797,-0.333254983008434,-33.2688278249415,13.0319714719998,1.06655560274623
0.883031811234499,5.54028567597863,0.0965456094435729,0.99532856147966,-0.331139215218425,-33.2252526635947,13.2961438923751,1.05543979101353
0.885925662875004,5.48569836527701,0.0955972880803675,0.99542009147479,-0.329224998343772,-33.1860392546082,13.550594107065,1.04546831079351
0.888819514515509,5.43138722155692,0.0946536783279201,0.995510261714561,-0.327559390112324,-33.1461358155778,13.7890410385467,1.03415338502322
0.892326990524293,5.36596997158248,0.093516996623192,0.995617683321554,-0.325517949886211,-33.0968716291271,14.04548066111,1.02080241485493
0.89574413006638,5.30264005991701,0.0924164680902515,0.995720440899816,-0.323462199873874,-33.0479301210898,14.3223615642473,1.00659321160317
0.899161269608467,5.23971672870983,0.0913228931675187,0.995821333966849,-0.321385560162809,-32.9980710135048,14.5908901204949,0.991695311475633
0.902295270164201,5.182423038835,0.090327062660059,0.995912155639846,-0.319069352780673,-32.951568155749,14.8381778907927,0.980578207303253
0.905581545583789,5.12274602527686,0.089289711214404,0.996005696505421,-0.316942508268927,-32.9020106735254,15.0801365972745,0.970151909293385
0.908451024208097,5.07094844151077,0.0883892474718388,0.996086010809991,-0.315053185494311,-32.8580726193336,15.3122082247177,0.960814996795488
0.911320502832404,5.0194194186047,0.087493380787036,0.996165100933803,-0.313419693190266,-32.8135139329982,15.528495650004,0.950097708568144
0.914834633484014,4.95672202940855,0.0864032491842184,0.996260246386661,-0.311393053464277,-32.7581251020568,15.7617449186401,0.9373951732673
0.918261234422818,4.89598782651516,0.085347153213492,0.996351275122561,-0.309347901315299,-32.7032477364899,16.0151025891245,0.923828670924602
0.921687835361622,4.83565789262202,0.0842979920572156,0.996440589566243,-0.307288768885113,-32.6475283353904,16.2608375164169,0.909533173746098
0.924831892753689,4.78071668226481,0.083342461568449,0.996520965208315,-0.304989666595652,-32.5956938943878,16.4864805373476,0.898946477050091
0.928124733179056,4.72357499507202,0.0823485793823662,0.996603587929376,-0.302872430129305,-32.5406800537177,16.7071080172197,0.889164209562198
0.930978875927719,4.67435001355151,0.0814923290811245,0.996673968909058,-0.301014377143051,-32.4923928031504,16.9183025585754,0.880402228985776
0.933833018676382,4.62538650177556,0.0806405672754779,0.996743246232192,-0.299415470452408,-32.4435456709947,17.1144670947716,0.87023929658505
0.937351917781683,4.56542231136713,0.079597359175733,0.996827096547967,-0.297414766551139,-32.3825766068936,17.326175680691,0.858168021994135
0.940783547159492,4.50734231880457,0.0785868476847453,0.996907271199771,-0.295395273832694,-32.3223272840559,17.5570599865029,0.845226503848956
0.944215176537302,4.44966134444621,0.0775831986333921,0.996985881188802,-0.293365864280629,-32.2613099394255,17.7808667290698,0.831536219775714
0.947366463591118,4.39710223730883,0.0766686015873482,0.997056631054947,-0.291096766429099,-32.2046316363371,17.9857633152783,0.821474608644843
0.950665898108811,4.34246818182791,0.0757178293564847,0.997129284655476,-0.289002296225623,-32.1446276758716,18.1861346675388,0.812296230307151
0.953508199139159,4.29570013870913,0.0749038911248964,0.997190757625816,-0.287181522443291,-32.0923926058893,18.3777402268756,0.804072713117796
0.956350500169507,4.24918606215504,0.0740943233562033,0.997251237776312,-0.285622027971546,-32.0396530183594,18.55524343369,0.79443441075672
0.959873581193681,4.19192794862399,0.0730976908742215,0.997324785407871,-0.283655867617048,-31.973606652363,18.7467632856425,0.782973513817483
0.96330957624811,4.1364757069584,0.0721324217329361,0.997395064021745,-0.28167217337193,-31.9084726970802,18.9563588570598,0.770632189097004
0.966745571302539,4.08141531353521,0.0711739067257106,0.997463921654011,-0.279681762475016,-31.8426411453843,19.1593848806697,0.757521677899481
0.96990175737023,4.03124225445801,0.0703004152776682,0.997525865134227,-0.27745039674904,-31.7815861986122,19.3445333901836,0.747980234260359
0.973204984222478,3.97912183039855,0.0693929639621785,0.99758940278681,-0.275389202153702,-31.7170887109832,19.5256004246674,0.73938784132641
0.976039235448868,3.93468986354446,0.0686193284392053,0.99764291595969,-0.273611635948207,-31.6612574806652,19.6987584580078,0.731669744725979
0.978873486675259,3.89050424479347,0.0678499413281421,0.997695537457078,-0.272094626635459,-31.6049722347761,19.858947352689,0.722526927606083
0.982399372848889,3.83592497858878,0.0668995179920935,0.997759717814076,-0.270169781917144,-31.5343433650802,20.0315229187186,0.711656510734045
0.985837129667624,3.78309189610738,0.0659794442266262,0.997820982410946,-0.268230503755415,-31.464828876027,20.2208860947757,0.699897336419045
0.98927488648636,3.73064182281312,0.0650659849671188,0.997880963642587,-0.266285988266567,-31.3946845459981,20.4040988724275,0.687363634691455
0.992435777175501,3.68281170942377,0.0642329383886917,0.997934932561214,-0.264100547075029,-31.3296633658702,20.5705247420788,0.67832076780908
0.995744893436923,3.63312200832469,0.0633674563806523,0.99799026321495,-0.262078700171807,-31.2610541349164,20.7333999574617,0.670277629217376
0.998570786112476,3.59096860475631,0.0626332022088812,0.99803661354735,-0.260348062597983,-31.2020235050878,20.8891973638123,0.663043077732612
1,3.56972508275176,0.0622631564721929,0.998059767421831,-0.259421915037254,-31.1720079034588,21.0014763297338,0.658044162912579
1.00382497341781,3.51325887745807,0.0612795173366625,0.998120644388736,-0.257654391503002,-31.0912031355147,21.1255763419866,0.64761025017022
1.00823759048651,3.44877112374146,0.0601560703888833,0.998188983707678,-0.255069409388661,-30.9971235594551,21.3205847221723,0.638637124683124
1.01073889924823,3.41237356614594,0.0595219515349381,0.998226996872692,-0.25396993343987,-30.9433379373208,21.5029919366695,0.626693618056835
1.01324020800994,3.37626197567967,0.0588927910665681,0.998264313275993,-0.251974550848811,-30.8892883483263,21.6085234344799,0.6191740592749
1.01661954221237,3.32780042890954,0.0580484246168804,0.998313768511433,-0.250289998290528,-30.815807981738,21.7440366021371,0.609197857396262
1.02092554587633,3.26656192381841,0.056981380388079,0.998375241223994,-0.248214731395548,-30.7214182020764,21.920506118352,0.595161946725499
1.02377409600988,3.22645232356887,0.0562824593005191,0.998414886094496,-0.24575470088041,-30.6585480079535,22.0709452792905,0.589828285950956
1.02662264614343,3.18656399105889,0.0555873665109514,0.998453827016741,-0.244398975896507,-30.5953080610558,22.2007491294957,0.582391409046982
1.02990501590143,3.14091839654701,0.0547919148251423,0.998497794724552,-0.242710593869451,-30.5220010909191,22.3335503131818,0.573577996399408
1.03382833763963,3.08680920620115,0.053848925662737,0.99854909403843,-0.240710191552437,-30.4337796096832,22.4864253107029,0.563047496550122
1.03637335117446,3.05194435042095,0.0532412920897902,0.998581676587654,-0.239097560099334,-30.3761989235811,22.6249036848349,0.554759601070954
1.03891836470929,3.01731217364444,0.0526376941879131,0.998613675627657,-0.237501885004053,-30.3183624436065,22.7254115481543,0.548004582164825
1.04275421632509,2.96548950900141,0.0517344505523392,0.998660876687401,-0.235795389334488,-30.2306933258341,22.8551900733608,0.537299194314573
1.04779008562159,2.89812481711725,0.0505602538472682,0.998721012460887,-0.233472237611174,-30.1147034909341,23.0327333913758,0.521521917119511
1.05,2.86888655454552,0.0500505960091402,0.998746683518464,-0.230915710773206,-30.0635191788167,23.161219555543,0.518820593703371
1.05237375797137,2.83759378748559,0.0495051112677465,0.998773870282141,-0.2300831945977,-30.0083130785255,23.2568361884272,0.512804448340523
1.05571002683116,2.79390929637786,0.048743593598817,0.998811324566894,-0.228530203628912,-29.9303654240518,23.363720895875,0.50445842130271
1.06012862563759,2.73661248782284,0.0477447401292362,0.998859569604252,-0.226320153510184,-29.8265111724931,23.5038880216319,0.495196779566514
1.06306887416044,2.69874381258297,0.0470845504309279,0.998890907512286,-0.224788163709892,-29.7569875034012,23.6455077016142,0.485096153333212
1.0660091226833,2.66117395449317,0.0464295498839207,0.998921566939856,-0.2230143874153,-29.6871706022198,23.7452380771747,0.476893539883681
1.06918790495256,2.6208658065439,0.0457267872435252,0.998953983388817,-0.221314276193315,-29.6113567671367,23.8499616083948,0.468830731721162
1.07286540384662,2.57462100479908,0.0449204926495144,0.998990565190745,-0.219476354889357,-29.5232209546922,23.9662376477534,0.459861738868003
1.07550269578645,2.54172726128309,0.0443469606712525,0.999016189598158,-0.217686983753867,-29.4597434328026,24.0692055857858,0.454573098248097
1.07813998772629,2.50901881585065,0.0437766450379595,0.999041343163145,-0.216460702504169,-29.3960290959669,24.159000326589,0.448055216613878
1.08203186384566,2.46114198725982,0.0429418226190621,0.999077574500676,-0.214705779087643,-29.3015997228995,24.2632011325546,0.439140190238924
1.08708829957688,2.39962001265366,0.0418690275153866,0.99912310779749,-0.212355318307659,-29.1782050600296,24.4034868490441,0.42840039736642
1.08907854663889,2.37557435905171,0.041449716024857,0.999140591229012,-0.210866195538723,-29.1294068783351,24.518655309656,0.421924904100099
1.0910687937009,2.35166939536634,0.0410328506682433,0.999157797930856,-0.209632427975166,-29.0804976251892,24.5744631807303,0.416941786086082
1.09439800537414,2.31194275877639,0.0403400642010047,0.999186008318901,-0.208265702902548,-28.9984210286575,24.6534629178268,0.408779944840473
1.09888958781758,2.25880347325145,0.0394133464306184,0.999222992191002,-0.206487469894017,-28.8871568359783,24.7717133282468,0.394949339997783
1.1,2.2458187608113,0.0391868955260895,0.999231898619648,-0.204091767088026,-28.8595832523719,24.8318453661089,0.39489397880372
1.1044625226937,2.19372058452732,0.0382782931638581,0.999267117577909,-0.203760243443162,-28.7483253106023,24.9316248691669,0.379888292303185
1.10680594336956,2.16674020867766,0.0378077376569549,0.999285031896937,-0.200944028894945,-28.6897338929338,25.0025180165761,0.380201173948958
1.10914936404542,2.13982160049929,0.0373382510639517,0.999302684379205,-0.200483996581281,-28.6309607018118,25.080085589212,0.37536029689533
1.11259413649876,2.10053150055327,0.0366529789094991,0.999328053812691,-0.199067316283983,-28.5443004419839,25.1570346087119,0.368036561236885
1.11706397479101,2.05009889795385,0.0357733413154981,0.999359929180235,-0.196923223651338,-28.4314129257784,25.2553915432167,0.361241149835831
1.12030388343853,2.01379643526989,0.035140142224189,0.999382394483945,-0.195560297943029,-28.3492383954731,25.3632244748961,0.351102555260312
1.12354379208605,1.97777358096808,0.0345118062061981,0.999404290181099,-0.194054055818442,-28.2668014109564,25.4442311451466,0.340203604529972
1.12624766713446,1.94802729641384,0.0339929402477043,0.999422073006853,-0.192009836405632,-28.1978436803952,25.5032977954268,0.336091371838141
1.12904704637233,1.91743142364074,0.0334592453213075,0.999440082697571,-0.190756118423651,-28.1262649480617,25.56950175422,0.331251094755058
1.13344935230319,1.86974931248153,0.0326274899654822,0.999467581714661,-0.189039527715589,-28.013335393845,25.6523640088172,0.32343865000072
1.13591673652258,1.84323467293495,0.032164965114287,0.999482573644582,-0.187553991969367,-27.949843556999,25.7324482937116,0.318008900485487
1.13838412074196,1.81688133712018,0.0317052472408294,0.999497262276089,-0.186412993662838,-27.8862169857387,25.787054468676,0.31229409460716
1.14213757492993,1.77712999633547,0.0310117966823717,0.999519018561694,-0.184840880967544,-27.7891844924728,25.8515192690723,0.30477538097082
1.14612556162275,1.7352911069947,0.0302819133299763,0.999541397704505,-0.183106522318249,-27.6857605198701,25.9338810705789,0.295786210772644
1.14896017551447,1.70581126505751,0.0297676249998062,0.999556846058227,-0.181513364579775,-27.6120520895436,26.0029877584853,0.289341781587761
1.1517947894062,1.67656712257052,0.029257440759868,0.999571909449332,-0.180062115270944,-27.5381928549478,26.0561887498774,0.284086893663309
1.15549895371646,1.63866254616356,0.0285961579532448,0.999591046253573,-0.178598896934032,-27.4414399386082,26.1200390251404,0.27667870320671
1.15824944310287,1.61076573864309,0.0281094625568584,0.999604850986011,-0.177019822157149,-27.3694360566751,26.178571089521,0.27201202857125
1.16099993248928,1.58305324108581,0.0276259760848415,0.999618329886642,-0.175850279123203,-27.2972891255793,26.2305797115117,0.2665941424215
1.16515699053447,1.54155862435551,0.0269020276317825,0.999638074959782,-0.174213993627992,-27.1879977765688,26.2905515925645,0.259242592441545
1.16909446348405,1.50264317375367,0.0262230645563928,0.999656116314641,-0.172497119751066,-27.0841964684568,26.3624180892933,0.250963967368421
1.17172487189427,1.47686068790461,0.0257732273931682,0.9996678152015,-0.171072015154284,-27.0147061052894,26.4180888782925,0.244941104659101
1.17435528030449,1.45128159903327,0.0253269338194776,0.999679221762313,-0.169722435014571,-26.9451131646163,26.4570856764084,0.240360163190008
1.17797663000948,1.416341281812,0.0247173011888422,0.999694480839991,-0.168396765537735,-26.8491200328303,26.507556465373,0.233349811727114
1.18186320802719,1.37923529861341,0.0240698723325071,0.999710278653719,-0.166630278886538,-26.7458827316786,26.5625186684131,0.227081986457577
1.184710123342,1.35229589761692,0.0235998246648974,0.999721485352689,-0.165154630156166,-26.6701202674557,26.6121242977248,0.222514550012915
1.18755703865682,1.32553896772755,0.0231329556495516,0.999732397375876,-0.164035973204035,-26.5942350899528,26.6552282423322,0.216834076040531
1.19125676501176,1.29108042988931,0.0225316975017191,0.999746129078623,-0.162556600948926,-26.4954553437396,26.6992033292695,0.210100928820041
1.19400639721333,1.26567759924484,0.0220884448246137,0.999756020539626,-0.161244487105713,-26.4219194761607,26.7438923419562,0.204379408691341
1.19675602941491,1.24047677937724,0.0216487127325823,0.999765639156008,-0.159962223543835,-26.3482916589597,26.7773330406939,0.199511382139629
1.20088074568248,1.20300770431909,0.0209949026848954,0.999779582738741,-0.158546354468611,-26.2376617419567,26.8212186793518,0.191532827527562
1.20475729664263,1.16820001878447,0.0203875240358245,0.999792152831622,-0.156713718927843,-26.1335131311823,26.8663076650226,0.185584740450059
1.20744831924854,1.14425738730387,0.0199697313717095,0.999800585031306,-0.155285856763167,-26.0611163534972,26.9030730273261,0.181879775227772
1.21013934185446,1.12046461550244,0.0195545502652141,0.999808791501618,-0.154313904758026,-25.9886310403271,26.9359733399712,0.176842881170349
1.21375904225292,1.08874887250665,0.0190011089999627,0.999819462631515,-0.152925402397224,-25.8910147879746,26.9680475195827,0.170851735137872
1.21739222402806,1.05720610153468,0.0184506803300663,0.999829771708843,-0.151527020318769,-25.7928929696363,27.0071316028713,0.163656778064381
1.2210254058032,1.02592880345267,0.0179048787016173,0.999839694810463,-0.150251726019877,-25.6946266960701,27.0468915809738,0.153952346530544
1.2240771875263,0.999979740708696,0.0174520528997987,0.999847701327348,-0.148403989466581,-25.6120209670468,27.0680332076471,0.150235702899257
1.22706161996444,0.974835627271804,0.017013270502295,0.99985526383913,-0.147045569322005,-25.5311666543004,27.0920231643521,0.147826975506157
1.23082483883263,0.943448640047502,0.01646554099495,0.999864433790773,-0.145568538140329,-25.4291153290385,27.1180945983056,0.146046393743098
1.23390016558028,0.917982187960508,0.0160211262010039,0.999871653521216,-0.144528849839919,-25.3456133401557,27.152233155929,0.141509383787
1.23652674570025,0.896334419462944,0.0156433487229665,0.99987763533381,-0.143846682276858,-25.2742145266156,27.183185084367,0.13388064594598
1.24047144418786,0.864181744962439,0.0150822449233066,0.999886256475242,-0.142259296906564,-25.1669146120633,27.2010433470046,0.125865447511251
1.24302827693741,0.843553753558058,0.0147222585361993,0.999891621678866,-0.140809510572618,-25.0973181513343,27.2197939976077,0.12185471172871
1.24558510968695,0.823084831746348,0.0143650462425305,0.999896817399901,-0.139723679623201,-25.0276838720771,27.2345851599278,0.118521069519244
1.24929348349378,0.79363825424334,0.0138511576667707,0.999904068114182,-0.138588976635761,-24.9266105422401,27.2554319230019,0.11265674052137
1.25293117035665,0.765073538007134,0.0133526554445289,0.999910849322368,-0.137050924671095,-24.8273962777379,27.2739980768933,0.108121609133395
1.25656885721951,0.736844569165994,0.0128600093166238,0.999917306661094,-0.135440039039699,-24.7281281378003,27.2888084323522,0.105908545956836
1.25969756438953,0.712730019302099,0.0124391647011168,0.999922630597757,-0.134521471614585,-24.6426742845357,27.3128319849065,0.100400299207203
1.2627678232325,0.689243059561476,0.0120292706043461,0.999927645706792,-0.133514729448719,-24.558763699687,27.3301337575448,0.093303351666135
1.26637063963245,0.661921640015245,0.0115524550294322,0.999933268164828,-0.132354434549276,-24.4602418937993,27.3457747913612,0.0838221406692674
1.26932498193117,0.639807976197504,0.0111665236908438,0.999937652430721,-0.130640326771102,-24.3794462869324,27.348085867313,0.0803134523204601
1.27201865101427,0.619841781876999,0.0108180689165257,0.999941482980338,-0.129368463324757,-24.305766010022,27.3531286276828,0.0789355968085381
1.27638503388051,0.587785049469471,0.0102586044645646,0.999947379132742,-0.128137074801171,-24.1862788979728,27.3652393089596,0.0754994968367697
1.27871110486955,0.570820487446835,0.00996253213614135,0.999950372745286,-0.127290811350845,-24.1225865543831,27.3819431521596,0.0710267474990429
1.28103717585858,0.553982573185072,0.00966866925144513,0.999953257325014,-0.126340530629442,-24.0588863930123,27.3853040905113,0.067141387783888
1.28465093498283,0.528072826591305,0.00921647902936778,0.999957527355188,-0.125135730099914,-23.9599100229851,27.3887568662186,0.0623946651026919
1.28976577868181,0.491879106924419,0.00858480448570754,0.999963149887006,-0.123503202425697,-23.8197905586526,27.3946717786214,0.0565497675136948
1.29188034980058,0.477041157745459,0.00832584267642447,0.999965339571191,-0.122469783644829,-23.7618418373293,27.4044797118107,0.0521762620786699
1.29399492091934,0.462320563744012,0.00806892847634022,0.99996744566673,-0.121501154959943,-23.7038983439986,27.4020073463128,0.0492789841318348
1.29755686147218,0.437726585225385,0.00763969581866242,0.999970817098078,-0.12050900203057,-23.6062866154064,27.4040869419993,0.0442021311072038
1.3,0.421017215167351,0.00734807048518339,0.999973002565642,-0.119368394434358,-23.5393361369738,27.4034720791101,0.0412743359531345
1.3047330595503,0.388970965941253,0.00678877190308794,0.999976956022511,-0.118171460968514,-23.4096284400076,27.4046196942426,0.0345996639543313
1.30788003800844,0.367936630615512,0.00642166150631829,0.999979380919176,-0.11665742625375,-23.323400473122,27.4002405903112,0.031463999122411
1.31102701646658,0.347092720344704,0.00605787372729961,0.999981650914608,-0.115601319823064,-23.23717786288,27.3985384357962,0.0279665007361922
1.31466262257838,0.323260802104211,0.00564193540711072,0.999984084155774,-0.11440882966187,-23.1375828941403,27.3943231684078,0.0241649894671854
1.31874876688345,0.296745651426391,0.00517916550397506,0.999986588032401,-0.113255099781165,-23.0256547813306,27.3921096401259,0.0178444511322988
1.32102762416154,0.282102245228519,0.00492359311352117,0.999987879041967,-0.112150793433816,-22.9632460358094,27.3859824927887,0.0142689586679161
1.32330648143962,0.267578243509053,0.00467010438003744,0.99998909500308,-0.111236299441653,-22.9008546800382,27.3783515848544,0.0117863477184885
1.32681846551834,0.245377918780854,0.0042826395029931,0.999990829457394,-0.110327596263172,-22.8047212579366,27.3729663765418,0.00725733291238084
1.33161184804776,0.21541885037814,0.00375975935204154,0.99999293207983,-0.109084635170968,-22.6735508718055,27.3648901012721,-0.00116463349301865
1.33406591445088,0.20033257903115,0.00349645597891795,0.999993887379112,-0.107293391295338,-22.6064516524014,27.3420553408221,-0.000963841335579474
1.336519980854,0.185306593700742,0.00323420454736758,0.999994769946796,-0.10686463782684,-22.5393532239457,27.3417330397202,-0.00368108358689456
1.3401743920364,0.163146106202757,0.00284743286726129,0.999995946054816,-0.105837425342115,-22.4394768465776,27.3303611397115,-0.0074781340397938
1.34485496060569,0.135183735676664,0.00235939909366167,0.999997216614085,-0.104268407805126,-22.3116510805093,27.3098800233284,-0.00924836135827345
1.34738676412275,0.120117989931972,0.00209645287949547,0.999997802440247,-0.103857533075517,-22.2425072475732,27.3101101528428,-0.0161856173317489
1.3499185676398,0.105240641545145,0.00183679466903822,0.999998313091249,-0.102558793195166,-22.1734172383141,27.2888511267566,-0.0193230918500014
1.35335941816279,0.08521057151415,0.00148720448219998,0.999998894110803,-0.101600075071726,-22.0795694013635,27.2746044396882,-0.023526839810907
1.35771340602321,0.0601474290161209,0.00104977048012978,0.999999448990818,-0.100467518860927,-21.9608923421204,27.2570946561258,-0.0303024409595878
1.36041889574122,0.0448205922648448,0.000782266827931848,0.999999694029258,-0.0988744342456364,-21.8872260245676,27.2284596250669,-0.0304622546932838
1.36312438545922,0.029578495319059,0.000516242108173045,0.999999866747034,-0.0983277721742716,-21.8135842297034,27.2193955770834,-0.033134961699449
1.36654542441831,0.0104941824514201,0.000183158035058228,0.999999983226567,-0.0973634322803413,-21.7205277766579,27.2012257558375,-0.0364209962121587
1.37078944107371,-0.012883630356326,-0.000224861767432838,0.999999974718592,-0.0961400104050289,-21.6051886254002,27.1768846879317,-0.0399446656603168
1.37308650403572,-0.025443250364442,-0.000444068476673944,0.999999901401589,-0.0954291308363923,-21.5427960874477,27.161875396722,-0.0440163185648146
1.37538356699773,-0.0378804320324943,-0.000661138212880613,0.999999781448108,-0.0944988332345712,-21.4804493915695,27.1419185757459,-0.0464268216109769
1.37938212217415,-0.0593181451419952,-0.0010352967539583,0.999999464080172,-0.0935734687532176,-21.3720051474193,27.1208572510608,-0.0509747556063749
1.38457245551803,-0.0868755368577094,-0.0015162635766085,0.999998850471722,-0.0926659593585996,-21.2313599014684,27.0975362530287,-0.06459218968071
1.38698899564766,-0.0993252912256635,-0.001733552494109,0.999998497396746,-0.0899174824870732,-21.1660258317704,27.0362030809646,-0.0588244049593425
1.38940553577729,-0.111810513255939,-0.00195146035606769,0.999998095899427,-0.0901736452041318,-21.1006890756783,27.0373147505459,-0.0603381565494261
1.3927030502072,-0.128701166154841,-0.00224625721157465,0.999997477161087,-0.0893999138330454,-21.0116034032449,27.0160068520854,-0.0631397559144604
1.39687800817116,-0.149793911217358,-0.002614393971919,0.99999658246624,-0.0881776182664591,-20.8989514530568,26.982774715452,-0.0650320123371682
1.40111314701461,-0.170943231612956,-0.00298351779939077,0.999995549300866,-0.0871577743038077,-20.7848093670835,26.9512028277245,-0.0693607407130328
1.40312903790481,-0.180933070761296,-0.00315787256203701,0.99999501390801,-0.0864905862366869,-20.7305241340707,26.9286563457007,-0.0732278886725073
1.40514492879502,-0.190827524998492,-0.00333056245716619,0.999994453661479,-0.0856647574359868,-20.6762854086332,26.9055858633293,-0.07536535646812
1.40836779171466,-0.20650682099689,-0.00360421615082401,0.999993504791875,-0.0849106357889247,-20.589649775162,26.8815756771127,-0.0786660181445642
1.41274772907471,-0.227583851300566,-0.0039720770846508,0.999992111270701,-0.0839883188049851,-20.4720518514029,26.849225021295,-0.0852571163323042
1.41696838653165,-0.247628640815195,-0.00432192164948319,0.999990660453014,-0.0828893551463416,-20.3588955868121,26.8101038156264,-0.0932647289427662
1.41887332112237,-0.256443461290738,-0.00447576780113148,0.999989983701132,-0.0807626891861625,-20.3079309938625,26.7539857787452,-0.0891223113967898
1.42077825571309,-0.265285657128507,-0.00463009163192628,0.999989281068292,-0.0810135063045582,-20.2569725928575,26.750735302463,-0.0897191649076099
1.4241887842779,-0.28099903547439,-0.00490433870344472,0.999987973658624,-0.0804128109575608,-20.1658217102232,26.7263214197722,-0.0922448096834061
1.42875923344447,-0.301676296010883,-0.00526522031275632,0.99998613863146,-0.0789607899577347,-20.0438939159271,26.6774205012016,-0.0906217353310357
1.43158199839568,-0.314413010387985,-0.00548751470124939,0.999984943477852,-0.0787517223746452,-19.968655281277,26.6542329774522,-0.0964714755301639
1.43440476334689,-0.326998894736114,-0.00570717638084628,0.999983713936261,-0.0778191329943873,-19.8935131747119,26.620036688782,-0.100900425102325
1.4382546204982,-0.343967847953318,-0.0060033354071291,0.999981979819631,-0.0769285956899756,-19.7911719190751,26.5831306499473,-0.106968323904656
1.44166406858888,-0.358812857440973,-0.0062624248268523,0.999980390825384,-0.0759930305897233,-19.7006758228209,26.5427405982481,-0.11275101145721
1.44445304764682,-0.37070041729186,-0.00646989768154732,0.999979069992963,-0.0743917595350111,-19.6267926141199,26.4911306848599,-0.110762491904496
1.44831341253421,-0.386998731019911,-0.00675435069929222,0.999977189113147,-0.0736871371942664,-19.5246643740503,26.455592424196,-0.110068959825946
1.45070199301379,-0.39704181075454,-0.00692963140463941,0.999975989816053,-0.0733845101339097,-19.4615369675262,26.4288379913044,-0.11324759628842
1.45309057349338,-0.406988777885712,-0.00710323445802227,0.999974771711884,-0.0726822179577209,-19.398482518463,26.3982937154979,-0.115904159089964
1.45667864322778,-0.42174612847914,-0.00736079207838108,0.999972909003028,-0.0717835426265535,-19.3039043033541,26.3590794242774,-0.118496078643418
1.46192962196794,-0.443029434477261,-0.00773224526405082,0.999970105744755,-0.0707418147660415,-19.1657732217763,26.3057781059769,-0.123518549448563
1.46396265743162,-0.451141297948405,-0.00787381967973638,0.999969001001357,-0.0696390833179814,-19.1123939250054,26.2559594874218,-0.124605941125902
1.4659956928953,-0.459201993838998,-0.00801450092352869,0.999967883371734,-0.0691998176156099,-19.0590647415392,26.2313099888584,-0.125996469414337
1.46935447856494,-0.47239889417281,-0.00824482267338115,0.999966010871912,-0.0685751889333633,-18.9710735858332,26.1973118741362,-0.128777458566713
1.4739012658043,-0.490055166024157,-0.00855297188036986,0.999963422667056,-0.0677753458014958,-18.8521798801397,26.1489485728165,-0.135132079116403
1.47826514165957,-0.506702921962163,-0.00884351904158774,0.999960895320893,-0.0665825893822159,-18.7383381612025,26.0872954943534,-0.140332199914027
1.48012605300056,-0.513635834410882,-0.00896451639378363,0.999959817915613,-0.0650230595719284,-18.6899010626359,26.0286976063301,-0.137474566443279
1.48198696434154,-0.520572967662006,-0.00908558727858386,0.999958725200097,-0.0650626460355149,-18.6414929086663,26.0131436160348,-0.13772327878017
1.48500199803333,-0.531731121625361,-0.00928032559204311,0.999956936851235,-0.0645918238443974,-18.5631570072711,25.9817665084719,-0.13931479169821
1.48910720123229,-0.546696534226413,-0.00954150974840402,0.999954478759769,-0.0636255286641266,-18.4567107608233,25.9295925898479,-0.140092884158859
1.4931302811641,-0.561092387169603,-0.00979275303963802,0.999952049844344,-0.0624534030519663,-18.35264300785,25.8676821582712,-0.13823336982537
1.49568657095842,-0.570297931044314,-0.00995341225859268,0.999950463565276,-0.0628516572759989,-18.2865775001246,25.844295068677,-0.146429391226591
1.49824286075273,-0.579306004686425,-0.010110624891101,0.999948886325852,-0.0615034119631225,-18.2206460120408,25.7918676632108,-0.148716486655239
1.50139839316274,-0.590295439792196,-0.0103024167257845,0.999946928696522,-0.0607827144863806,-18.1393947463658,25.7488293947868,-0.150988306746105
1.50538775833656,-0.604010829678884,-0.0105417824359002,0.99994443386774,-0.0600042115191998,-18.0368807789171,25.6968121447926,-0.154487457824151
1.50851441147403,-0.614564730199922,-0.0107259723337397,0.999942475104191,-0.0589129349887729,-17.9567201104423,25.6378513862721,-0.154591590845206
1.5116410646115,-0.625004751614715,-0.0109081744205699,0.999940504095524,-0.0582772503554593,-17.8767027805492,25.5920072918299,-0.155424641235582
1.51480428899434,-0.635459724017522,-0.0110906370731513,0.999938496993346,-0.0576859778345003,-17.7958940682364,25.5463105150366,-0.157445438366241
1.51833881712851,-0.647001794023726,-0.0112920715812548,0.999936242527194,-0.0569940644003328,-17.7057785843074,25.4957608224045,-0.160363577723889
1.52113155950972,-0.656018762860681,-0.0114494372016407,0.999934453045681,-0.0563517049812685,-17.6347097752021,25.4476780900079,-0.163275605467017
1.52392430189093,-0.664909837502283,-0.0116046054182213,0.999932664299495,-0.0555649269981573,-17.563773318519,25.4002865285283,-0.164739971975727
1.52753250777917,-0.67625966438239,-0.0118026836991771,0.999930345902902,-0.0549003728515026,-17.4723043141424,25.3502730192907,-0.16707648094676
1.53122414769436,-0.687676167961001,-0.0120019251611042,0.999927974302363,-0.0539748136573297,-17.3789458467757,25.2891586155277,-0.168035582184968
1.53413230884524,-0.696553896324163,-0.012156859446383,0.999926102653792,-0.0532795749602966,-17.3055549283277,25.2361938147171,-0.1689252806484
1.53704046999612,-0.705349391070692,-0.0123103583012012,0.999924224668298,-0.0527860509457755,-17.2322940960602,25.1914623938127,-0.171015117759113
1.54070698048145,-0.716282375136682,-0.0125011601857581,0.999921857443876,-0.0520430992310484,-17.1401305246653,25.1365901621418,-0.173195117014103
1.54360174773198,-0.724813819338571,-0.0126500502023282,0.999919984913732,-0.0514382602766292,-17.067517937324,25.0840848527347,-0.175761709481451
1.54649651498251,-0.733225082029675,-0.0127968425471442,0.999918117058004,-0.0507136551938376,-16.9950520557163,25.033405222624,-0.177306716021662
1.55025505842872,-0.744004494270136,-0.0129849631494382,0.999915691812069,-0.0500556233334541,-16.9011704138356,24.9781978642123,-0.179751305299686
1.55382190902333,-0.754045680890319,-0.0131601999413068,0.999913400819043,-0.0491334757879398,-16.8123102699266,24.9127743234847,-0.180307437390732
1.55738875961794,-0.763884879430848,-0.0133319112853392,0.999911126121457,-0.048145108895016,-16.7236861747275,24.8465958549009,-0.178049190718724
1.56031346813226,-0.771938352199087,-0.0134724582771243,0.999909242315507,-0.0480593588513032,-16.6511462756131,24.8024371519647,-0.181329699474571
1.56316820548978,-0.779709019036048,-0.0136080695652893,0.999907405934523,-0.0475083009032546,-16.5804828887213,24.7530256000149,-0.184884850386727
1.56644560625201,-0.788492103375372,-0.0137613489509121,0.999905308154253,-0.0467729616615783,-16.4995405951855,24.6970997470127,-0.187780646039547
1.56972300701424,-0.797144581640802,-0.0139123487277948,0.999903218593118,-0.0460774391491025,-16.4187897230612,24.638693276321,-0.190286091844964
1.57304065494767,-0.80575513910693,-0.0140626166037817,0.999901116518156,-0.0452979283009462,-16.3372491886466,24.5778141776466,-0.191550926776101
1.57704661858619,-0.815928389989195,-0.014240155547277,0.999898603844405,-0.0443230991463836,-16.2390733983994,24.5074092293871,-0.190022292488223
1.5793508468102,-0.821758376012267,-0.0143418976075237,0.999897149697415,-0.0441590161892747,-16.182711799431,24.4600766456539,-0.192155349900519
1.58165507503421,-0.827519277391289,-0.014442433890547,0.999895702612686,-0.0436357370762496,-16.1264494578709,24.4170004402662,-0.193847153365671
1.58516811410043,-0.836166338340974,-0.0145933376691622,0.999893511577945,-0.0429598650477994,-16.0408648805343,24.3619771153225,-0.195199812041622
1.59010111752948,-0.848059262687785,-0.014800885936958,0.999890460888332,-0.0420779532242662,-15.921074397858,24.28347849325,-0.195853679665923
1.59230510580867,-0.853332713117605,-0.0148929148652003,0.999889094393382,-0.0417602370257608,-15.8676820473503,24.2253332341754,-0.198709458266342
1.59450909408786,-0.858520758647037,-0.0149834532379211,0.999887741763578,-0.0410839191327837,-15.8143910259308,24.1793579042957,-0.199713310176299
1.59825953524524,-0.867234878855187,-0.0151355260797224,0.99988545136445,-0.0405525863930883,-15.7239126938983,24.1247171294978,-0.201678457955622
1.60321962113787,-0.87863306584412,-0.0153344388827924,0.999882420579615,-0.0401073481429842,-15.6046180472385,24.0509235610218,-0.209840789602869
1.60607900710037,-0.884911348887778,-0.0154440026170302,0.999880734279426,-0.0383217627564168,-15.5361190320666,23.9558478884061,-0.205118355129257
1.60893839306287,-0.891180826464043,-0.015553412500023,0.999879038363943,-0.0382680154133929,-15.4677469922347,23.9114413823827,-0.204459030615708
1.61181118583352,-0.897431322227511,-0.0156624909422962,0.999877335665472,-0.0379741038299327,-15.3991971889708,23.8617292428092,-0.205782916800596
1.61511769768759,-0.904519139274514,-0.0157861813921048,0.999875390474761,-0.0374127629685467,-15.3204929144377,23.8028103350175,-0.207240648365998
1.61876396625051,-0.912225705062451,-0.0159206694353242,0.999873258110612,-0.0368883818347757,-15.233936754503,23.7382843422548,-0.20988873172072
1.62241023481343,-0.919858502340618,-0.0160538698530698,0.999871128327416,-0.0365352802029096,-15.1476144332449,23.6741533895519,-0.215809684778712
1.62534257847263,-0.925787111785875,-0.016157330186991,0.999869461820506,-0.0352870491696732,-15.0784200474713,23.5969565015275,-0.214561566007684
1.62820132952742,-0.931482146183863,-0.0162567142331544,0.999867850889477,-0.0347694148088462,-15.0111235416578,23.5405267977732,-0.213155816894344
1.63216745299075,-0.939233591215272,-0.0163919844433344,0.999865642397022,-0.0341109496051355,-14.918028091727,23.4726555518426,-0.210386060739991
1.63472806391492,-0.944250199203755,-0.0164795289432139,0.999864203342539,-0.0341935300886343,-14.8580536672263,23.4219201107711,-0.213531222284493
1.63728867483909,-0.949181021626631,-0.0165655762816567,0.99986278142676,-0.033608810029679,-14.7982157364024,23.3686149891219,-0.215550849857951
1.64129087012561,-0.956729301981324,-0.0166973004050756,0.999860590362068,-0.0329175204160434,-14.704959941315,23.3011605909145,-0.216985067215576
1.64425060065237,-0.962227450627162,-0.0167932477468241,0.999858983472226,-0.0324221397070767,-14.6361932762642,23.2340966277335,-0.218854714587184
1.64721033117913,-0.967624400916372,-0.0168874289413093,0.999857397204097,-0.0318253811492252,-14.5676068896475,23.1731862061815,-0.219751440737854
1.6509468743657,-0.974326556303894,-0.0170043868230829,0.999855414961969,-0.0313055871836329,-14.4812661723685,23.1071107619857,-0.22123316542358
1.65415706283734,-0.979950102693602,-0.0171025219502254,0.999853741175649,-0.0305743419759058,-14.4073217311448,23.0342990378557,-0.220859798434089
1.65736725130898,-0.985485093538425,-0.0171991115554219,0.999852084341331,-0.0300928793319558,-14.3335816542563,22.9706378737336,-0.220832295798027
1.66065309502019,-0.991070435773356,-0.0172965796661926,0.999850402976291,-0.0296674523860606,-14.2583122641881,22.9071729162168,-0.221752716248823
1.66432870127434,-0.997227175196317,-0.0174040188652409,0.99984853859339,-0.0292347348131995,-14.1743640260932,22.8392902531148,-0.224112174065894
1.66693978154011,-1.00152636844028,-0.0174790425285441,0.999847229866786,-0.0287371775852299,-14.1148953043105,22.7755242006489,-0.225859729806452
1.66955086180587,-1.00573859186335,-0.0175525484175776,0.999845942155114,-0.0281558435894263,-14.0555743968476,22.7189137923586,-0.226180815087526
1.67316458373626,-1.01148267081526,-0.0176527859746324,0.999844177433331,-0.0277423366093061,-13.9736987476754,22.6568758607774,-0.22738617778442
1.67711922895463,-1.01761453024409,-0.0177597903333292,0.999842282486251,-0.0270621333629167,-13.8844128136329,22.5774827101466,-0.227542370804003
1.67991868334056,-1.02187324541533,-0.0178341071629223,0.999840959663936,-0.0265511029636958,-13.821401919823,22.5082766580268,-0.227626994863479
1.68271813772648,-1.02608456142328,-0.0179075967551866,0.999839646132545,-0.0262555912860019,-13.7585449729603,22.4532848896506,-0.228832757807536
1.68642434345065,-1.03154323300033,-0.0180028531883756,0.999837935506089,-0.025706018201636,-13.6755818327415,22.3849258225867,-0.229729763650764
1.68936178153494,-1.03580268131687,-0.0180771824879007,0.999836594385952,-0.0253082432067747,-13.6100235480202,22.3181843633933,-0.231335174528617
1.69229921961924,-1.03997435964197,-0.0181499800645433,0.999835275544755,-0.0247867427390176,-13.5446494709839,22.2554740424659,-0.232149119257664
1.69616222570926,-1.04536033570841,-0.0182439675154105,0.999833564974339,-0.0243341619459973,-13.4589459960443,22.185695011161,-0.233760095485803
1.69981232603812,-1.05029888430759,-0.0183301470351689,0.999831988740943,-0.0236141271635811,-13.3782648794997,22.1038079163867,-0.233342232992936
1.70259619411764,-1.0539942686648,-0.0183946327850001,0.999830804428782,-0.0231679886824741,-13.316917058275,22.036899548496,-0.233098343194974
1.70538006219716,-1.05765061865988,-0.0184584372962472,0.999829628533072,-0.0229232651104638,-13.2557229487552,21.9816843944482,-0.234180194826079
1.70898362670796,-1.06227796581747,-0.0185391859198779,0.999828134523843,-0.0224118212094507,-13.17675652573,21.9134201118161,-0.234926129131915
1.71224129158314,-1.06639139408502,-0.0186109664001369,0.999826800965874,-0.02203813761216,-13.1055979490961,21.8434306046244,-0.236688987448319
1.71549895645831,-1.07041582814399,-0.0186811938135928,0.999825491272201,-0.021561341497626,-13.0346647475099,21.7742475988624,-0.238230399210728
1.71891705702724,-1.07453598390651,-0.0187530915000086,0.999824145317161,-0.021038083081747,-12.9604836913649,21.7024205838899,-0.23919850008993
1.7227651996968,-1.07902096592424,-0.0188313553800764,0.999822674305074,-0.0203416842419416,-12.8772814884575,21.62139246176,-0.237978661310139
1.72518479743215,-1.08180005636375,-0.0188798510352307,0.999821759727646,-0.0200464224576085,-12.825120961197,21.5575202847186,-0.238029668455212
1.72760439516749,-1.08454944727678,-0.0189278283843081,0.999820852609433,-0.019832190762891,-12.7730794136507,21.5083469397074,-0.238977819520652
1.73117990969885,-1.08851173730192,-0.0189969709569113,0.999819541264554,-0.0193412741721675,-12.6964108381128,21.4426692620952,-0.239396529726545
1.7361974476686,-1.09390106841539,-0.0190910154709117,0.999817749956606,-0.0187465591645358,-12.589284131004,21.3504527030456,-0.23943101325123
1.73834602589611,-1.09617966290851,-0.0191307771841294,0.999816989935824,-0.0185094383409166,-12.5435654226411,21.2785868243592,-0.241159589418475
1.74049460412362,-1.09840040075429,-0.0191695292636611,0.999816247691449,-0.0180394582502519,-12.4979539171169,21.2286920439816,-0.241521127231497
1.74407783962733,-1.10203493130132,-0.0192329520936196,0.999815029669871,-0.0177031414050976,-12.4221042458899,21.1679280215946,-0.242454839479873
1.74888116108197,-1.10683476629676,-0.0193167094547517,0.999813414960932,-0.0174406241626777,-12.3208336818618,21.0834450669903,-0.247774729903219
1.75194899646822,-1.10967876610348,-0.0193663373299364,0.99981245490263,-0.0161798644007425,-12.2564605927736,20.9832279061514,-0.243968089675842
1.75501683185447,-1.11248277328827,-0.0194152672860502,0.999811505933099,-0.0159523414598486,-12.1922805051998,20.9203166054475,-0.241580923476413
1.75776975668479,-1.11500662986485,-0.0194593085712194,0.999810649728202,-0.0160010206687347,-12.1348382847819,20.8658877225106,-0.242892122125389
1.7607557823142,-1.1176778977891,-0.0195059221425668,0.999809741401517,-0.0156135366093042,-12.0727193451412,20.8032171689734,-0.244028918100857
1.76524440902567,-1.1215947846623,-0.019574271662732,0.999808405590228,-0.0152301754545175,-11.9796976219955,20.7238714923298,-0.246653503414366
1.76760588717559,-1.12356350449486,-0.0196086257109903,0.999807732415451,-0.0145504810741372,-11.930946566661,20.6442965971225,-0.246244633499794
1.76996736532551,-1.12549784529548,-0.0196423798245636,0.999807069846392,-0.0142963913630408,-11.8823149940632,20.5937000092071,-0.245968955673785
1.77364248505385,-1.12845427419311,-0.0196939692616728,0.999806054980025,-0.0140402006407764,-11.8068636505276,20.530308973028,-0.246682146437856
1.77885073302458,-1.13249286121215,-0.0197644421827687,0.999804664334591,-0.0135336568087061,-11.7004374999147,20.4341558257014,-0.24812306476359
1.78090729556277,-1.13401322031567,-0.0197909722646914,0.999804139527747,-0.0129027304914893,-11.6585845382324,20.3509306938547,-0.247146614474443
1.78296385810096,-1.13552377397123,-0.019817331228936,0.99980361740842,-0.0128195152483664,-11.6168171679166,20.3093120389838,-0.247279643694504
1.78642057344314,-1.13799571793812,-0.0198604662989817,0.999802761487678,-0.0124810859085575,-11.5468227784607,20.2488149955644,-0.247304683310858
1.79107079128983,-1.14113239887254,-0.0199152008811798,0.999801672720076,-0.0117726548937931,-11.45309580415,20.1553943063664,-0.243766669271663
1.795280061857,-1.14386076795774,-0.019962810438177,0.999800723244092,-0.0113128921000559,-11.3686599599981,20.0594955359998,-0.240701937202986
1.79712913208084,-1.14515641909222,-0.0199854193050043,0.999800271561877,-0.0122295940751511,-11.3316436394978,20.0188830164793,-0.246967336053969
1.79897820230467,-1.14634752628594,-0.0200062038908558,0.999799855874103,-0.0112428084161511,-11.2947315303537,19.9625242288386,-0.248506543638145
1.80205351602945,-1.14824977132888,-0.0200393976741296,0.999799191108324,-0.0107957893568511,-11.233517145095,19.905086354427,-0.24930794522498
1.80623241320686,-1.15077424840924,-0.0200834492438799,0.99979830719324,-0.0105435561280818,-11.1506553048427,19.8286382111045,-0.252210531288338
1.81013432378583,-1.15307948766721,-0.0201236751278001,0.999797498346215,-0.0103113626731123,-11.0736147303694,19.7443208690238,-0.257456631501496
1.81340591692563,-1.15471279342551,-0.0201521759101677,0.999796924283169,-0.00871335828021031,-11.0093574644679,19.6409709751927,-0.249613832881087
1.81608778811784,-1.15608820621917,-0.0201761765112518,0.999796440232404,-0.00895101968095671,-10.956827706737,19.586980121721,-0.247525148153684
1.81837934106641,-1.15730311135536,-0.0201973762851399,0.999796012190085,-0.00925315504460831,-10.9120417654227,19.5439260272696,-0.249774723027945
1.82137284929929,-1.15879515532153,-0.02022341204602,0.999795485889598,-0.00869918429092144,-10.8537273905222,19.480278777934,-0.250180706685303
1.82578347579934,-1.16089004532863,-0.0202599672829913,0.999794745798202,-0.00828969038535581,-10.7681679306274,19.3984822550123,-0.250347334581634
1.82841030767741,-1.16210128617234,-0.0202811030801172,0.999794317276235,-0.00804777075145693,-10.7174079704395,19.3236425260334,-0.251445354465082
1.83103713955549,-1.1632508090847,-0.0203011619090778,0.999793910176063,-0.00763770221284601,-10.6668072300027,19.2630296819537,-0.251345169473402
1.83485477472011,-1.16486441651642,-0.0203293188594826,0.999793338042772,-0.00737701778815072,-10.5935332812678,19.1935440593994,-0.251909633883519
1.83882468102777,-1.16643138602216,-0.0203566619770781,0.999792781686861,-0.0068890233254924,-10.517684431625,19.1059545905408,-0.251272401932658
1.84157163840982,-1.16746164594641,-0.0203746396755345,0.99979241548338,-0.00654594350354156,-10.4654045780775,19.0319128680657,-0.250641968135257
1.84431859579187,-1.16847176644273,-0.0203922659411698,0.999792056124565,-0.00641798399128957,-10.4132826920923,18.9744064927267,-0.251202844348535
1.84799467334707,-1.16974476465341,-0.020414479326184,0.999791602802224,-0.00604394488819825,-10.3437954909581,18.9025394842087,-0.25121631015997
1.85129472262677,-1.17084624591498,-0.0204336997907471,0.999791210159832,-0.00582551138903474,-10.2816613553372,18.8282447789542,-0.25238591078833
1.85459477190648,-1.17188796202211,-0.0204518773672227,0.999790838481808,-0.00550942558716665,-10.2197667498757,18.7556609660981,-0.253518364781065
1.85797864045093,-1.17287963267373,-0.0204691816619744,0.999790484352641,-0.0051148316605156,-10.1565541291724,18.6805781231725,-0.253831292404351
1.86172244502236,-1.17386428263896,-0.020486363442217,0.999790132434259,-0.00459035282026464,-10.0869255962879,18.5983353447091,-0.251968059952634
1.86420245406251,-1.17449121404414,-0.0204973031618204,0.999789908212267,-0.00441208762846794,-10.0409656324904,18.5321759128876,-0.251416302966641
1.86668246310265,-1.17510543266324,-0.02050802104566,0.999789688420915,-0.00432262022309643,-9.99513384891173,18.4804905291997,-0.251955644338963
1.87026997756967,-1.17591988365827,-0.020522232905499,0.999789396801433,-0.00396231195441735,-9.92908011660154,18.4121159419363,-0.251781934970088
1.87535427479369,-1.17697417994451,-0.020540629968213,0.999789019003764,-0.00361917108220399,-9.83594680530526,18.3178337521782,-0.252022843260242
1.87744758671659,-1.17737240627351,-0.0205475788619319,0.99978887621483,-0.0033202699191945,-9.79776595351827,18.2394469592703,-0.252450512441984
1.8795408986395,-1.17774179710873,-0.0205540245866729,0.999788743722038,-0.00307984979726265,-9.75968367449865,18.192357576039,-0.252372683956265
1.88299973817543,-1.17831372241143,-0.0205640044565004,0.999788538502374,-0.00288593312983841,-9.69696649622436,18.1324336161637,-0.25269200932333
1.88767156772671,-1.17905186013712,-0.0205768846641957,0.999788273494702,-0.00275757784077951,-9.61265018832417,18.0478133833108,-0.256296666372381
1.89094230225382,-1.17939888951309,-0.0205829401866437,0.999788148846181,-0.00185181804316945,-9.55394309087059,17.9492089520039,-0.253107437431596
1.89421303678093,-1.1796656838089,-0.020587595638836,0.999788052992139,-0.00142366763453574,-9.49548050993483,17.8744500512756,-0.248297502097286
1.89684300734565,-1.17995782317386,-0.0205926933516875,0.999787948007238,-0.00193872656279886,-9.4486003222144,17.8253659372588,-0.25050651271417
1.89952634936055,-1.18020210789924,-0.0205969560201716,0.999787860199704,-0.0015889039662822,-9.40093189655384,17.7645732060942,-0.251726402401745
1.90365985634121,-1.18048835317183,-0.0206019508825555,0.999787757286432,-0.00120864014463597,-9.32781858978323,17.6879601541008,-0.252257244112641
1.90639118346817,-1.18063744082441,-0.0206045524006267,0.99978770367532,-0.000952676223149206,-9.27971067858093,17.6133831526021,-0.252831831561432
1.90912251059513,-1.18073347215007,-0.0206062281075936,0.999787669139392,-0.000613644115085097,-9.23177241134488,17.5512726991967,-0.252359256212601
1.9129001633881,-1.18082495379473,-0.0206078244244524,0.999787636237062,-0.000422658193301197,-9.16573299641442,17.4815999642638,-0.252458133962833
1.91619238752493,-1.18082969342184,-0.0206079071289836,0.999787634532336,-2.51265087067072e-05,-9.10844156483129,17.4020446974372,-0.251298286514999
1.91948461166176,-1.18078758650103,-0.0206071723806404,0.999787649676907,0.000223224293203139,-9.05138589034912,17.3304344147956,-0.250172577266423
1.92287551598984,-1.18070938609617,-0.0206058078159072,0.999787677801769,0.000402504585560371,-8.99286147276479,17.259235862131,-0.249781389876787
1.92661970634158,-1.18060624567332,-0.0206040080581131,0.999787714893487,0.000480782172208219,-8.92851556709608,17.1855326850192,-0.251497158475196
1.92910292223005,-1.18049166030522,-0.020602008590671,0.999787756097278,0.000805363704933054,-8.88601287218221,17.1159886303942,-0.252053058435121
1.93158613811852,-1.18033065547011,-0.0205991991225245,0.999787813986303,0.00113162310909731,-8.84365129719725,17.0591591257287,-0.251457708112414
1.93517424468327,-1.18006976713655,-0.0205946467280697,0.999787907771516,0.00126901481840195,-8.78267133871962,16.9950243609586,-0.251514632321161
1.94024838446051,-1.17959809701063,-0.0205864162766763,0.999788077276821,0.00162238271746132,-8.69691668035007,16.900334270306,-0.251126788867777
1.94234562487343,-1.17936855435974,-0.0205824108505001,0.999788159743644,0.00191026026727485,-8.66163678218349,16.8220571895878,-0.250538767515099
1.94444286528636,-1.17912915814995,-0.0205782334833648,0.999788245733417,0.00199226185604137,-8.62644918859787,16.7780447910176,-0.250505764692112
1.94790850651458,-1.17868562604342,-0.0205704940263609,0.999788405001534,0.00223366906370784,-8.56851411682462,16.7169848112051,-0.249992148606509
1.95258825935457,-1.17795116524477,-0.0205576779778934,0.9997886686076,0.00273919576555095,-8.49071551773367,16.6245102575161,-0.246051861024547
1.95584132541985,-1.17749810987278,-0.0205497723403781,0.999788831132234,0.00243072466910194,-8.43687464945406,16.5508069000589,-0.249087775069261
1.95909439148513,-1.17702705661643,-0.0205415526455183,0.999789000046966,0.00252728659994504,-8.38325349312704,16.483266939852,-0.253413370333202
1.96173776219702,-1.17650598171761,-0.0205324600909682,0.999789186820208,0.00344048324098798,-8.3398883245284,16.405254247355,-0.251161516225328
1.96444953782682,-1.17596194031618,-0.020522966778058,0.999789381737287,0.00350151156228899,-8.29555055826741,16.350086553586,-0.24976559116126
1.96862471471462,-1.17509107611848,-0.0205077705293815,0.999789693559558,0.00364043200950091,-8.22758726743347,16.2779428657109,-0.248758396859224
1.97131223408338,-1.17449592754941,-0.020497385410723,0.999789906526028,0.00386501477517863,-8.1840378003591,16.2043360805667,-0.248023653603796
1.97399975345214,-1.17389199217222,-0.0204868469633074,0.999790122526474,0.00392207807830752,-8.14063667674722,16.1491389109321,-0.248266710164302
1.9777845411129,-1.17298122422091,-0.020470954397439,0.999790448057021,0.00419994485733973,-8.07978315853,16.0784497498008,-0.247766431374742
1.98114833933139,-1.17215125656905,-0.0204564717625817,0.999790744487579,0.00430634279140498,-8.02594721951017,16.0045090468791,-0.24854206182571
1.98451213754989,-1.17128596479613,-0.0204413727300381,0.999791053311096,0.00448962436119947,-7.97235088392823,15.9332790198882,-0.249595157732737
1.98784916083161,-1.17036606733056,-0.0204253208425385,0.999791381373374,0.00481124589176641,-7.91942719955848,15.8595490357148,-0.249464020980706
1.9914436063167,-1.16929217603744,-0.0204065818102045,0.999791764028302,0.005214417342351,-7.86270001641549,15.7819010966522,-0.247207606648479
1.99401489231502,-1.16850903691789,-0.0203929162984048,0.999792042859337,0.00531576656437763,-7.8222842265071,15.7181231239515,-0.246146047406
1.99658617831333,-1.16772725021973,-0.0203792743820992,0.999792321022551,0.00530658664191927,-7.78200020632255,15.6668765010817,-0.246406247864752
2,-1.16664165859606,-0.0203603311652017,0.999792706972222,0.00555012824455085,-7.72873742679445,15.6020977123922,-0.24604947241266
2.00520106872421,-1.1649470442559,-0.0203307606875362,0.999793308724291,0.00568663891127405,-7.64805165384816,15.5133064423264,-0.247139185539336
2.00729704513695,-1.16420728312912,-0.0203178520871478,0.999793571136845,0.00616002511384344,-7.61570889430617,15.4308795391749,-0.246093517178613
2.0093930215497,-1.16346631361509,-0.0203049223973842,0.999793833810969,0.00617008741040863,-7.5834541144497,15.3889040260002,-0.245614218483146
2.01283776714481,-1.16223248185754,-0.0202833924057637,0.999794270834012,0.00625138373510928,-7.53063900252297,15.3320790950846,-0.245569941836678
2.01751203422995,-1.16054961234402,-0.020254026825724,0.999794866158725,0.00628368327214734,-7.45935331335783,15.2506666535699,-0.248304541946502
2.02051301760053,-1.15933164182078,-0.0202327735859788,0.999795296484745,0.00708354335820961,-7.41386406136699,15.1581153153908,-0.244591461355934
2.02351400097111,-1.15812055698632,-0.020211640490482,0.999795723929985,0.00704349717144704,-7.36855108739222,15.0993752311234,-0.242704672531809
2.02648100946542,-1.15692941240293,-0.0201908553380441,0.999796143901705,0.00700685383524275,-7.32392442229489,15.0409630383494,-0.242621282721046
2.02979521264162,-1.15557052210866,-0.0201671430574368,0.999796622489245,0.00715620272726822,-7.27429183547628,14.9757224224919,-0.242696361263397
2.0330124879351,-1.15423527809318,-0.0201438433871666,0.999797092201009,0.00724352200602053,-7.22632438124383,14.909340935094,-0.243597707164326
2.03622976322857,-1.15286176997966,-0.0201198760066514,0.999797574806759,0.00745109967194584,-7.17857505233451,14.8415427819234,-0.24409580732402
2.03957555533695,-1.15138615806411,-0.02009412692689,0.999798092648234,0.00769751543842127,-7.12915180564502,14.771762586717,-0.243799688889514
2.04340000855733,-1.14962504353801,-0.0200633958764936,0.999798709814082,0.00803703044956421,-7.07295457186766,14.6941877803234,-0.241625399881485
2.04587693064913,-1.14847543466998,-0.0200433354513779,0.999799112174033,0.00810056154926733,-7.03671502665677,14.6308781091396,-0.240794572476588
2.04835385274092,-1.14732676028834,-0.0200232913247876,0.999799513804904,0.00809397681876826,-7.00059576638918,14.5823158456334,-0.240995770903221
2.05195951032085,-1.1456061638415,-0.0199932672632832,0.999800114654994,0.0083285981626841,-6.94824950797561,14.5178118701508,-0.240332981839437
2.05707133685907,-1.14311907505164,-0.0199498680328889,0.999800981578569,0.00849165906706662,-6.87449081637453,14.4290286553321,-0.239921775155441
2.05914967118186,-1.14208877727417,-0.0199318895199385,0.999801340157216,0.00865216355985227,-6.84465554277501,14.355377415625,-0.24004069756719
2.06122800550465,-1.14104114143189,-0.0199136084542325,0.999801704438601,0.00879776396373391,-6.81491088306144,14.3117781328022,-0.239710650417068
2.06466595279635,-1.13929187941112,-0.0198830841172532,0.999802311942709,0.00888041006800458,-6.76589871089911,14.2562314089744,-0.239592271969218
2.06931033164267,-1.13693731522752,-0.0198419973269926,0.999803128191783,0.00884830863569913,-6.70005030018616,14.1780877253573,-0.242535874205153
2.07270240329057,-1.1350822673848,-0.0198096269980191,0.99980377008601,0.00954481390676187,-6.65227066795943,14.085678955639,-0.239340186123322
2.07522148592993,-1.13369271387794,-0.019785379467392,0.999804250220678,0.00962742684511946,-6.61693660290325,14.0265605042083,-0.237210881090784
2.0777405685693,-1.13232585697454,-0.0197615279782329,0.999804721939222,0.0094701749736909,-6.58171761637433,13.9808777919939,-0.237203497116541
2.08120646522399,-1.13040694301017,-0.0197280431405447,0.999805383219077,0.00966311753564687,-6.53347597434095,13.9189499398617,-0.23652926814846
2.08595407731768,-1.12772517530775,-0.0196812465519411,0.999806305508303,0.00985878274323217,-6.46779033384597,13.8355112420187,-0.23519587113072
2.08822037039865,-1.12645512830724,-0.019659084338823,0.999806741527061,0.00978095110474227,-6.43658491045766,13.7693679825879,-0.236264674134145
2.09048666347963,-1.12514672267622,-0.019636252760734,0.999807190200949,0.0100763605575276,-6.40549216844615,13.719647415671,-0.235851782034139
2.09417496502201,-1.12300168598853,-0.0195988220126095,0.999807924641387,0.0101504587805778,-6.35510699023237,13.6608077281076,-0.235694086495795
2.0991092079201,-1.12015582920384,-0.0195491619578216,0.999808896873171,0.0100663003340107,-6.28810163186077,13.5796635381543,-0.239467219534232
2.10162378719669,-1.11855545039314,-0.019521235408543,0.999809442527987,0.0111079733241491,-6.25418751620386,13.486994016324,-0.23438536684079
2.10413836647327,-1.11702067981907,-0.0194944537061873,0.999809965080713,0.0106525970485714,-6.22037113453642,13.448127081251,-0.233613609312868
2.10754965621339,-1.11491871167479,-0.0194577743998585,0.999810679586593,0.0107543679032318,-6.1746959871098,13.3894072055777,-0.232722220043681
2.11184875137139,-1.11220526500827,-0.0194104247655935,0.999811599957922,0.0110159409521189,-6.11747283512199,13.3105106736904,-0.230040229508643
2.11470901359365,-1.11045473691855,-0.0193798780338129,0.999812192527874,0.0106817055361058,-6.07957679583058,13.2491486257785,-0.232415405715104
2.11756927581591,-1.10864493466891,-0.0193482969483601,0.999812804181462,0.0110433958887995,-6.04185735264652,13.1874073959056,-0.232546524337531
2.12080674334578,-1.10656767774844,-0.0193120487497592,0.99981350499635,0.0111985594721039,-5.99936109309323,13.1263894267041,-0.232245787457342
2.12465735149596,-1.1040662020099,-0.0192683978857546,0.999814347187975,0.0113382058348739,-5.94908593351082,13.056420602035,-0.231768282735976
2.1272287399293,-1.1023542278014,-0.0192385238377394,0.999814922473427,0.0116200206316802,-5.91568365651662,12.9899771504914,-0.230059803366534
2.12980012836265,-1.10065466692958,-0.0192088663861709,0.999815492704608,0.0115357651401924,-5.88240173428187,12.9431717912154,-0.229749820805461
2.13367683516198,-1.09805590945134,-0.0191635178606458,0.999816362930316,0.0116998464944633,-5.83247324196128,12.8790994277109,-0.228661523430009
2.13874444844737,-1.09458696278988,-0.019102984402963,0.99981752134422,0.0119473482700681,-5.76765839518975,12.7900143758742,-0.22554934359694
2.14075176180027,-1.09325897935981,-0.0190798109439999,0.999817963838589,0.0115466193821022,-5.74210157492318,12.7318538630908,-0.227771997238841
2.14275907515317,-1.09188569636857,-0.019055846991862,0.99981842086222,0.0119404923621492,-5.71663627332565,12.6862612460175,-0.227822604782869
2.14618461394562,-1.08952068784149,-0.0190145772850804,0.999819206582205,0.012049837452252,-5.67336049713661,12.6332757592675,-0.22764107713564
2.15078260841442,-1.0863830785921,-0.0189598255450932,0.999820246351963,0.0119098908044474,-5.61560358800119,12.5613263624683,-0.231200806981653
2.15480419317889,-1.08363005673627,-0.0189117848644976,0.999821156204068,0.0119478510531884,-5.56541259581416,12.4804014154929,-0.235767698813053
2.15684722078113,-1.08201952375156,-0.0188836807808735,0.999821687402392,0.0137585528772843,-5.54010512826885,12.3872372147942,-0.22695199174389
2.15889024838337,-1.08053439439155,-0.0188577649993159,0.999822176539024,0.012687247652344,-5.51483036333478,12.3712302792016,-0.225443028615727
2.16219120240593,-1.07814577868601,-0.0188160831876336,0.999822961835482,0.0126294423798203,-5.47415270734539,12.32299986952,-0.224464861692865
2.16662662828133,-1.07484541392419,-0.0187584911226322,0.999824044025149,0.0129868547527955,-5.41984382683784,12.2443440682501,-0.219845061878551
2.17050297923945,-1.07189787899331,-0.0187070559603837,0.999825007717498,0.0132712930065622,-5.37269938316764,12.1620679292253,-0.213692230297802
2.17290727301689,-1.07028381802209,-0.0186788902043402,0.999825534311229,0.0117168203569951,-5.34352063716055,12.1360984588893,-0.222241555120356
2.17531156679433,-1.06850988753153,-0.0186479346692503,0.999826112147793,0.0128773480397247,-5.3145046641085,12.0683975162832,-0.222637043565648
2.17847522099303,-1.06614827756484,-0.0186067239511415,0.999826879926623,0.0130285634831991,-5.27649524296817,12.0144044680728,-0.222402355184284
2.18256708816061,-1.0630906920374,-0.0185533682285988,0.999827871449568,0.0130417074723195,-5.22760584130016,11.9479444629544,-0.223198273975493
2.1869993113046,-1.05970207362431,-0.018494235827904,0.999828966994426,0.0133437659794253,-5.17502089365417,11.8642374126075,-0.221749482925624
2.18899284268095,-1.05816104584045,-0.01846734441263,0.999829464053918,0.0134916405190283,-5.15149142068991,11.8029107760207,-0.220350083336249
2.1909863740573,-1.05662660598878,-0.0184405679455531,0.999829958269828,0.013433963419416,-5.12803159094386,11.7679761775364,-0.219826913614731
2.19417841638699,-1.05415551096981,-0.0183974465178914,0.999830752658479,0.0135113321680158,-5.09062239666,11.7195169800577,-0.218940109984201
2.19852027198101,-1.05073416459869,-0.0183377428324946,0.999831849456602,0.0137530504490567,-5.0400543858444,11.646635803652,-0.215769979091801
2.20276864890105,-1.04733334339889,-0.0182783972536827,0.999832936141752,0.0139713420737759,-4.99092220829256,11.5649290250195,-0.210989050315981
2.20461783291038,-1.04597219833719,-0.0182546447544496,0.999833370089681,0.0128469978130605,-4.96959530167848,11.5331446229796,-0.216019423190028
2.20646701691971,-1.04453017535195,-0.0182294808934385,0.999833829206812,0.0136103540021044,-4.94835838843109,11.4844780942636,-0.216793459159317
2.20990304312201,-1.04180975770499,-0.0181820085177696,0.99983469362003,0.0138183593992706,-4.90907427325627,11.433008033676,-0.216633621749711
2.21353477372396,-1.03893074556709,-0.0181317685601804,0.999835605971742,0.0138358943762105,-4.86778282934847,11.3696329473541,-0.217194338457207
2.2171665043259,-1.03603566518839,-0.0180812481589513,0.999836520869794,0.0139131147808704,-4.82673165806596,11.3034736829107,-0.217853589818001
2.22082724640947,-1.0330284065942,-0.0180287701506001,0.999837468515187,0.014337684198841,-4.78562093800696,11.2301602026268,-0.214715413767914
2.2232135259436,-1.0310754901973,-0.0179946908588485,0.999838082441799,0.0142836665422934,-4.75894763318572,11.1777788141887,-0.213393264557353
2.22559980547772,-1.02913831941928,-0.0179608863147542,0.99983869027098,0.0141685027953702,-4.73236923218914,11.1380081907949,-0.213375692716083
2.2291076042642,-1.02626178921082,-0.0179106894675115,0.999839590735833,0.0143123725808625,-4.69349168467341,11.083174914575,-0.212497376222033
2.23395663970665,-1.02223935726459,-0.0178404960035132,0.999840845686127,0.0144780714086836,-4.6401211605936,11.0064207022684,-0.210020343163465
2.23616842808215,-1.02044359037529,-0.0178091589381609,0.999841404352668,0.0141704537213929,-4.6159001598945,10.9508671658699,-0.211601736762401
2.23838021645765,-1.01860799346386,-0.0177771268001449,0.99984197439532,0.0144847536947388,-4.5917787778284,10.9058273084875,-0.211277923036708
2.24217861783384,-1.01544800205337,-0.0177219832341565,0.999842953323295,0.0145198595370879,-4.5505557257479,10.8527372433315,-0.210979675960068
2.24718007403719,-1.01137690302533,-0.0176509402660733,0.999844210018603,0.0142066788801546,-4.49662669482676,10.7826658334109,-0.216773653057877
2.25002265561581,-1.00886154903064,-0.0176070458793859,0.999844983952713,0.0154441333858949,-4.46624087410434,10.6895158087712,-0.209862858915444
2.25286523719443,-1.00642231303552,-0.0175644797635467,0.999845732626107,0.0149767731093524,-4.43596751719809,10.6499518374135,-0.207459714374226
2.25571976829246,-1.00400292856135,-0.0175222600370828,0.99984647341639,0.0147927009711479,-4.40569627474271,10.6046287168706,-0.207128440865501
2.25901639807293,-1.00119696430172,-0.0174732942197717,0.999847330340542,0.0148555701686819,-4.37091519567607,10.5504959254892,-0.206675163316129
2.26359783051889,-0.997329222981818,-0.0174057996653013,0.999848507594031,0.0147344354509003,-4.32287667180343,10.4854812199646,-0.208587371443304
2.26579825634057,-0.995409420608277,-0.0173722978591675,0.999849090246669,0.0152274491944371,-4.29995372102224,10.4175067185866,-0.20676798057308
2.26799868216226,-0.993503483963601,-0.0173390379997713,0.999849667580703,0.0151174692898576,-4.27710833720325,10.382255831487,-0.205824715052145
2.27148420984833,-0.990495877696109,-0.0172865532352798,0.999850576374912,0.0150601678423752,-4.24108508392774,10.3350931394248,-0.205415699922431
2.27628397316364,-0.986375102790171,-0.0172146428475009,0.999851817056724,0.0149842992492424,-4.19180865569192,10.2664287796473,-0.207016460567846
2.27872119490477,-0.984198275380826,-0.0171766556594308,0.999852470367682,0.0155885715688224,-4.16696610487918,10.1929793229255,-0.203638286493995
2.2811584166459,-0.98206720463525,-0.0171394669337018,0.999853108548065,0.0152609015731036,-4.14220735127538,10.1585970557999,-0.203032046777231
2.28485853722244,-0.978817225026269,-0.0170827523934609,0.999854079138883,0.0153299990165557,-4.10481533122735,10.1056220397756,-0.201868817078863
2.28960625409516,-0.974567399811689,-0.0170085897273608,0.999855343474988,0.0156229709178373,-4.05720094593029,10.0289015906996,-0.196922442264395
2.29211176299636,-0.972437877108348,-0.0169714279094277,0.999855974945749,0.0148341850437698,-4.03218486598365,9.98443068177255,-0.200881848264231
2.29461727189757,-0.97022747436319,-0.0169328546474242,0.999856628939114,0.0153975927523511,-4.00730204884563,9.93124276112525,-0.20073593502887
2.29805030123767,-0.96718974772303,-0.0168798438932985,0.999857525285547,0.015443599921237,-3.97338026481267,9.88100615300852,-0.200453150373337
2.3,-0.965447343234923,-0.016849437523034,0.999858038150995,0.015597637853857,-3.95420831258136,9.83328942998943,-0.199583478049405
2.30523786926214,-0.960801614661086,-0.0167683657186966,0.999859401071533,0.0154801992393093,-3.90300105888067,9.77635201221825,-0.199908900312459
2.30823941538332,-0.958086745769251,-0.0167209889610232,0.999860194491292,0.0157863311138749,-3.87387911728712,9.70231354702812,-0.197737948533192
2.3112409615045,-0.955384204673193,-0.0166738272965231,0.999860982078652,0.0157146478489328,-3.84490054327988,9.65454896820063,-0.196556282489165
2.31467022107554,-0.95229179511742,-0.0166198620468716,0.999861880554281,0.0157388869084691,-3.81197458468178,9.60147749565783,-0.195356922092169
2.31854747228173,-0.948798772350862,-0.0165589056883175,0.99986289192189,0.0157237034387377,-3.7749769112374,9.54224306780855,-0.19464380957292
2.32104866062601,-0.946567210247236,-0.0165199629096967,0.999863536101533,0.0155718405853366,-3.75123183480413,9.49351794621591,-0.195721030723868
2.32354984897028,-0.94430017536708,-0.0164804010733567,0.999864188967912,0.0158193696235581,-3.72760073819249,9.44794767882596,-0.195068883243924
2.32725788606167,-0.940943729232166,-0.0164218279648429,0.999865152691248,0.0157983954249389,-3.69275181983397,9.3982119109489,-0.194707592583182
2.33220296688387,-0.9364823167396,-0.0163439720779186,0.999866428367668,0.015746221363129,-3.64661610513405,9.32961792916005,-0.195839962454802
2.33430535445743,-0.934522464051566,-0.0163097707550389,0.999866986842709,0.0162700173319068,-3.62714293198647,9.26240879295646,-0.192983434695273
2.336407742031,-0.932599352554939,-0.0162762105828961,0.999867533710872,0.0159650047028245,-3.60772739608766,9.23499365338496,-0.192335083778014
2.34003750968339,-0.929273139051883,-0.0162181648683645,0.99986847691499,0.0159936896275775,-3.57437462678574,9.18867886210864,-0.191236320640328
2.34486019672322,-0.924743999484116,-0.0161391268167253,0.999869755811022,0.0163909449415021,-3.53042362905955,9.11338375541393,-0.184439248419949
2.3489141760396,-0.920951489568637,-0.0160729436175737,0.999870821898242,0.016327607956,-3.49375784531677,9.04439339258491,-0.179634862324287
2.35068572164778,-0.919459378765882,-0.0160469047299016,0.999871240134743,0.0147002968438027,-3.47775796525876,9.03159364573029,-0.18705522566226
2.35245726725597,-0.917861768289684,-0.0160190247509768,0.999871687190925,0.0157396811265674,-3.46184500434056,8.98252963100601,-0.188602151452757
2.35551097997865,-0.9150574395854,-0.0159700862428518,0.999872470040753,0.0160279547039477,-3.43454858296468,8.93876531776499,-0.188652127892373
2.35964680060249,-0.911287401212516,-0.015904295017212,0.999873518701243,0.0159096799687095,-3.39780226992318,8.88489042044982,-0.190572850786046
2.36342393448008,-0.907876563602261,-0.0158447721719916,0.99987446371773,0.0157607192329088,-3.36446450824126,8.82620599701641,-0.194505142569495
2.36651313058593,-0.904886406155911,-0.0157925906093452,0.999875289264539,0.0168937454288084,-3.33743478654869,8.74975908503024,-0.187168651325747
2.36949325519345,-0.902048932725379,-0.0157430735122801,0.999876070138888,0.0166178466751291,-3.31148273968138,8.7083764221739,-0.182717819280379
2.37199526485124,-0.89976165285414,-0.0157031578824286,0.999876697814545,0.0159553999095979,-3.28976643882902,8.67954317631996,-0.184217359450646
2.37484803297758,-0.897118672895283,-0.0156570348511614,0.999877421117043,0.0161698043105605,-3.26513580369729,8.63394220663655,-0.184248332544319
2.37917037425808,-0.893100843149622,-0.0155869190506418,0.999878516598146,0.0162236975971044,-3.22805970951474,8.57778036866276,-0.183844378004837
2.38181950783838,-0.890640115799824,-0.0155439764594762,0.999879185099794,0.0162120153424085,-3.20547664170622,8.5246995381755,-0.183931484564322
2.38446864141868,-0.888158786489541,-0.0155006743107976,0.999879857330825,0.0163477472834115,-3.18300788984509,8.4815473361713,-0.183009856159348
2.38826708440223,-0.88461259944069,-0.0154387890772008,0.999880814793358,0.0162942132241951,-3.1509731595374,8.43364779894667,-0.182516662733274
2.39184491418736,-0.881244019864686,-0.0153800032530678,0.999881720754978,0.0164325326378345,-3.12100890936193,8.37497924021838,-0.180751833610927
2.39542274397249,-0.877836223112629,-0.0153205329872639,0.999882633747074,0.0166238410249212,-3.0912517033942,8.31711058235134,-0.177057220795126
2.39854072415325,-0.874926928333465,-0.0152697621542075,0.999883410385308,0.0162851493158034,-3.06545448620595,8.27369505021021,-0.177192504187367
2.40163267264965,-0.872067755143569,-0.0152198659672207,0.999884171131807,0.0161393328855605,-3.04000724689543,8.23016274046303,-0.178875512328539
2.40460253853604,-0.869302502850981,-0.0151716087825802,0.999884904519989,0.0162508204074872,-3.0157058884736,8.18264505923709,-0.179626070201319
2.40757240442242,-0.866508621823851,-0.0151228519540642,0.999885643135642,0.0164190656069543,-2.99154595280779,8.13502581936831,-0.178948565976018
2.41101257370173,-0.863269695027506,-0.0150663284576898,0.999886496431873,0.0164323125514177,-2.96372452088141,8.08722759480438,-0.178149427551718
2.41433032363905,-0.860120326316707,-0.0150113678205284,0.999887323070033,0.0165675094269171,-2.93706792226708,8.03454121555945,-0.176113934606903
2.41764807357637,-0.856966645265596,-0.0149563318818939,0.999888147812863,0.0165901948427336,-2.91057491986851,7.98523182851825,-0.173936015866383
2.42083991158722,-0.853963980637458,-0.0149039313390541,0.999888930247075,0.0164188733626618,-2.8852286142214,7.94097493701137,-0.173604127768502
2.42432244238313,-0.850709162647282,-0.0148471303341267,0.999889775285677,0.0163120712524196,-2.85773621398226,7.89437390514491,-0.174480617949284
2.42705323648011,-0.848150813729382,-0.0148024836290197,0.999890437237207,0.0163511456545206,-2.83630405003163,7.84832660007085,-0.174978510107755
2.42978403057709,-0.845564830112509,-0.014757354630439,0.99989110431302,0.0165277669843315,-2.81498997602302,7.80508278972601,-0.174024471969762
2.43336710359349,-0.842182596519374,-0.0146983299207227,0.999891973713932,0.0164749956256989,-2.78718360589681,7.76048101697004,-0.173422967892883
2.4369437736751,-0.838781625448082,-0.0146389781641442,0.999892844417996,0.0165959234720233,-2.75962031671668,7.70641086574775,-0.171577210806676
2.44052044375671,-0.835342602717632,-0.0145789622998345,0.999893721281547,0.0167816064461334,-2.7322542326617,7.65127435031309,-0.167734467372952
2.44360580126473,-0.832445270231304,-0.0145283996641059,0.999894457231962,0.0163896700074667,-2.70876966359274,7.61162004985323,-0.168142277160856
2.44668678584449,-0.829574149449247,-0.0144782944238187,0.999895184002092,0.016264447150599,-2.68544587966106,7.57023715239806,-0.169806462311112
2.45041159071341,-0.826138651790956,-0.0144183399370914,0.999896050333963,0.0160976877156656,-2.65741550707134,7.52532644691908,-0.173753468068546
2.4534042152576,-0.823296345582572,-0.0143687374743781,0.999896764362898,0.0165766206063224,-2.63506640134487,7.46806202932169,-0.172646448380989
2.45602257975347,-0.820760346043531,-0.0143244804879009,0.999897399365931,0.0169042705303928,-2.61563330120662,7.42184679364677,-0.168999654869856
2.46019549409617,-0.816771233430605,-0.0142548644472899,0.999898394257931,0.0166845383371571,-2.58484283231763,7.37864867580508,-0.166095535974498
2.46263139122135,-0.814475391127926,-0.0142147984999112,0.999898964647732,0.0164497945640046,-2.56697016193965,7.33720245949965,-0.166036082507672
2.46506728834653,-0.812181776498744,-0.0141747714060403,0.999899532880972,0.0164338332014411,-2.54917942369069,7.30356716013389,-0.166164377997236
2.46874765993245,-0.808694491700377,-0.0141139128930276,0.999900393770724,0.0165376240592728,-2.52246376148305,7.25895784814429,-0.16519451157901
2.47291484737437,-0.804764626522345,-0.0140453306052663,0.999901359479118,0.016459323577823,-2.4924339721607,7.20624875670501,-0.165046048734213
2.47562050970836,-0.802215633567761,-0.014000846660065,0.999901983342768,0.0164426725052839,-2.47306352962,7.15922393469797,-0.165142708213267
2.47832617204235,-0.79964697221999,-0.0139560194423661,0.999902610018258,0.0165695465114587,-2.4538006032571,7.11948646397042,-0.164141787969595
2.48205070195524,-0.796126580397799,-0.0138945829716811,0.999903465622578,0.0164966934605329,-2.42744217010446,7.07698253715903,-0.163561313287472
2.48542225404004,-0.792918048197364,-0.0138385889047423,0.999904242143779,0.0166093981778709,-2.40375253380028,7.02632962753122,-0.161824384797664
2.48879380612483,-0.789704694698637,-0.0137825106548699,0.999905016689109,0.016634356276486,-2.38021889552362,6.98006072122348,-0.159764723210784
2.49211559787729,-0.786563791854423,-0.0137276967449707,0.999905770731462,0.0165028695962621,-2.35717396739895,6.93749935034375,-0.159007390419844
2.4956913778526,-0.78322280380414,-0.0136693909745437,0.999906569510564,0.0163072790132218,-2.33251876800509,6.89505494301077,-0.160257595869239
2.49827677566159,-0.780795282579928,-0.0136270266827483,0.999907147761125,0.0163875121566598,-2.31480335362257,6.85210388937048,-0.1605790466128
2.50086217347057,-0.778344490867867,-0.0135842562573363,0.999907729734066,0.0165446046667987,-2.29718554780887,6.81435009826125,-0.159566199501413
2.50444957573749,-0.774961540480369,-0.0135252180589696,0.999908530054853,0.0164586010433973,-2.27288089689934,6.77500015363129,-0.159023239486284
2.508405491307,-0.771211976102263,-0.0134597817721392,0.999909413034324,0.0165428818597237,-2.24628424815878,6.72325995669568,-0.157318821213911
2.51122461258661,-0.768542562091554,-0.0134131959144146,0.999910039041194,0.0165264488345309,-2.22745574297952,6.67885603768343,-0.156114369592062
2.51404373386622,-0.765895003954676,-0.013366991450455,0.999910657778766,0.0163911382460752,-2.20872401595754,6.64452684511531,-0.15603518278936
2.51775824592184,-0.76239644993014,-0.0133059355941376,0.99991147212039,0.016438575477131,-2.18420545685833,6.60074828996647,-0.155281682049137
2.52050236012725,-0.759827239460566,-0.0132610983685992,0.999912067768991,0.0163408584753126,-2.1662024755132,6.56058020821742,-0.155492871787574
2.52324647433267,-0.757245054596664,-0.0132160346902741,0.999912664399779,0.0164233790566409,-2.14830204429794,6.52320926729026,-0.154928884117475
2.52742880573089,-0.753326706567389,-0.0131476525577858,0.999913565880681,0.0163516631845431,-2.12120133721092,6.47980862983211,-0.15484243215464
2.53135468971634,-0.749624744580907,-0.0130830466895713,0.999914413282116,0.0164578030545978,-2.095976098458,6.42536530533865,-0.153353245113773
2.53399730913454,-0.747126460560235,-0.0130394471271991,0.999914982795346,0.0165000232384831,-2.0791099979351,6.38234185625593,-0.151824537719233
2.53663992855273,-0.74465535609488,-0.0129963218727032,0.999915544242503,0.0163205147075797,-2.06232353954833,6.35220428306763,-0.151704517312081
2.54025932938291,-0.741259232824847,-0.0129370533230331,0.999916312823887,0.0163766147069284,-2.03948088987279,6.31116882250705,-0.150786816733682
2.5440974435856,-0.737684136705857,-0.0128746613213826,0.999917118113226,0.0162572542286087,-2.01543013592978,6.26629450632689,-0.151017962684355
2.54698116305418,-0.734998573752705,-0.0128277932762878,0.99991772047487,0.0162539790408697,-1.99748213426258,6.22390695861286,-0.151144161236176
2.54986488252277,-0.732293630965195,-0.0127805869887193,0.999918324962706,0.0163712726686669,-1.9796456422251,6.18523827709653,-0.150102211501617
2.55356172637178,-0.728838532124139,-0.0127202890399973,0.999919093850467,0.0163119821180494,-1.95692772562889,6.1452194152814,-0.149270940821951
2.5564393532711,-0.726135948573979,-0.0126731238608642,0.999919692741176,0.0163916250823392,-1.93936679663866,6.10257326770713,-0.147751508423517
2.55931698017042,-0.723453435598857,-0.0126263089232284,0.999920284984246,0.0162698936593892,-1.92190165233398,6.06928726889857,-0.147186500729517
2.5631356589753,-0.719887479747542,-0.0125640761895051,0.999921068879691,0.0162982208680753,-1.89888546097901,6.0272655886992,-0.14590470615417
2.56673939639629,-0.71655911593573,-0.0125059898462987,0.999921797051131,0.0161196281621415,-1.87731648095339,5.98516970187666,-0.146444152435529
2.57034313381728,-0.713296855236789,-0.0124490570884595,0.999922507486259,0.0157994835925895,-1.85588327556105,5.94749364021337,-0.150340292388875
2.57323496593255,-0.71057226412764,-0.0124015076737848,0.999923098346776,0.0164439302593539,-1.83883679110755,5.89470058220568,-0.14764470718778
2.57601398991817,-0.707953165548868,-0.0123557992825301,0.999923664198468,0.0164489021578906,-1.82255139421575,5.86011382991423,-0.144820296701768
2.57934605996129,-0.704844285682772,-0.0123015432166507,0.999924333154509,0.0162842284256075,-1.803137246745,5.82645239130708,-0.142940482148045
2.58267813000441,-0.701740459132437,-0.0122473753049367,0.999924998086427,0.0162577592946983,-1.783855254147,5.78679089828826,-0.141110069010797
2.58598119620209,-0.698694624900672,-0.0121942194389316,0.999925647742008,0.0160940873215349,-1.76486171576007,5.75027482048983,-0.140739773119695
2.58979699526413,-0.695227360502168,-0.0121337087362896,0.999926383846482,0.0158591107149844,-1.74306395373286,5.71250259062253,-0.142759779051901
2.59221237424062,-0.692995747300001,-0.0120947625963625,0.999926855683823,0.0161254189872305,-1.72936880754947,5.66997821737937,-0.142063157620933
2.59462775321711,-0.690760319495589,-0.0120557498655569,0.999927326806893,0.0161529829303897,-1.71574421823721,5.64076670571706,-0.140969842175812
2.59820471063325,-0.687475254816702,-0.0119984188177169,0.999928016382117,0.0160290403595077,-1.69568504976337,5.60788573644584,-0.14048124706687
2.60332479079253,-0.682773021695504,-0.0119163552348967,0.999928997718296,0.0160289385337795,-1.66723402792637,5.55675320539351,-0.139488231086868
2.60542311851021,-0.680842476832765,-0.0118826632563031,0.999929398664694,0.0160577225036634,-1.65566399474359,5.51393049107449,-0.138519868876822
2.60752144622789,-0.678923078491084,-0.0118491657940542,0.999929796170704,0.0159650089151378,-1.64414130917059,5.49136604158999,-0.138181717524855
2.61100100951059,-0.675735381238836,-0.0117935338689829,0.999930453861108,0.0159893090277245,-1.62514817952966,5.45848087758569,-0.137188029777464
2.61569527095299,-0.671380932786464,-0.0117175396578637,0.999931347275585,0.0161898657615781,-1.59976560911753,5.40714886112941,-0.132498781773311
2.61894727884952,-0.668480829155002,-0.0116669267608078,0.999931939093835,0.015564647635741,-1.58228868070867,5.3741961781616,-0.135187782356459
2.62219928674604,-0.665609057752336,-0.0116168082911725,0.999932522605964,0.0154125906012362,-1.56492268538991,5.34008399466448,-0.13921564043164
2.62483088566726,-0.663177390883948,-0.0115743705513387,0.999933014729657,0.016127302995463,-1.5509962696527,5.2919978135445,-0.136568247919342
2.62753027673099,-0.660705709819783,-0.0115312344576292,0.999933513105688,0.0159810014964217,-1.53678471894537,5.26472466264296,-0.134842101169105
2.63167696808645,-0.656937578545175,-0.0114654725079467,0.999934269309823,0.0158599451349642,-1.5151037169361,5.22850633209155,-0.133424273985262
2.63439639132339,-0.654468069837301,-0.0114223742725135,0.999934762555027,0.0158493379308001,-1.50098965484597,5.19009395022503,-0.132296067154984
2.63711581456032,-0.652020679812342,-0.0113796620347084,0.999935249549677,0.015707379945812,-1.48695057162453,5.16252234325565,-0.13219733896261
2.64089609449935,-0.648609614979327,-0.0113201315571153,0.999935925257978,0.0157486517653054,-1.46757501463915,5.12542914754812,-0.131279238449625
2.64420747217885,-0.645650068221745,-0.0112684810164562,0.999936508652215,0.0155988957727066,-1.45072306271747,5.08910597121593,-0.131711708832935
2.64751884985834,-0.642696130644146,-0.0112169283382316,0.999937088280385,0.0155693314437368,-1.43399029425659,5.0531138639036,-0.132184372007378
2.65089525681572,-0.639672978471596,-0.0111641676829135,0.999937678738004,0.0156272510588434,-1.41705710334515,5.01515105411711,-0.131791472816985
2.65459944783485,-0.636321967443168,-0.0111056851330681,0.999938329977267,0.0157891899782615,-1.3986358047885,4.97309627433986,-0.129212954935199
2.65710520506973,-0.634071825882569,-0.0110664151675741,0.999938765352828,0.0156728586160273,-1.38625328030231,4.94162974521748,-0.128040879141273
2.65961096230462,-0.631846052095655,-0.0110275704570348,0.999939194496253,0.0155031303293965,-1.37393023578784,4.91789242106815,-0.12806545896663
2.66320060508913,-0.628645634378478,-0.0109717160097196,0.999939808912418,0.0155608315247796,-1.35639923819871,4.88377218612756,-0.127184998734283
2.66830067485739,-0.624130508093087,-0.010892916899198,0.999940670420714,0.0154515179995648,-1.33171856796271,4.83928090348371,-0.126868109667011
2.67037467342196,-0.622289576574933,-0.0108607884835635,0.999941019897431,0.0154919665059092,-1.32176320610956,4.80008136130663,-0.126515769118627
2.67244867198652,-0.620450740852013,-0.0108286966330993,0.999941367945755,0.0154743297881608,-1.31185291460172,4.77835022509878,-0.12601710060757
2.67586535444123,-0.617436470584723,-0.0107760907619994,0.999941936248245,0.0153976675932225,-1.29562102234629,4.75077578048438,-0.125698708599792
2.6804885319833,-0.613421523921138,-0.0107060207657895,0.999942688917401,0.0151571160600684,-1.27383097642699,4.71321849983144,-0.128189026160123
2.68383852849658,-0.61042166919864,-0.0106536664098061,0.999943248085624,0.0156290735771367,-1.25821422227475,4.66172250937004,-0.124785927679394
2.68642106923897,-0.608124438092325,-0.0106135744301945,0.999943674432623,0.0155251167295232,-1.24624972903255,4.63283813718263,-0.122658080177694
2.68900360998137,-0.605867687297327,-0.0105741889087384,0.999944091701592,0.0152515432276107,-1.23434026312855,4.61153069475361,-0.122552896114221
2.69246701316829,-0.602834347353205,-0.0105212500844714,0.999944650116525,0.0152860543516993,-1.21847963878281,4.57949117954597,-0.121753339849323
2.69725647947945,-0.598661063919493,-0.0104484165516385,0.999945413805955,0.0152078607103795,-1.19674248738432,4.53853310291233,-0.121094373603483
2.69947651183884,-0.596737704616863,-0.0104148494256294,0.999945763984948,0.0151209293809539,-1.18674269325903,4.5043461114389,-0.12132119215941
2.70169654419823,-0.594803407453537,-0.0103810913964887,0.999946115018913,0.0152069198762974,-1.17679712852022,4.47991881593535,-0.120717116607413
2.70528819954531,-0.591692567092348,-0.0103267999000606,0.999946677180251,0.0151168198392912,-1.16080639444111,4.45219057337999,-0.120390268063056
2.71014610153809,-0.587557240731314,-0.0102546286611591,0.999947419913178,0.0148572492306259,-1.13936011849117,4.41471976623888,-0.123259960565714
2.71273544840854,-0.585246969046174,-0.0102143089254387,0.999947832585868,0.0155722077955101,-1.12806366316821,4.36266591080614,-0.118723891868129
2.71532479527898,-0.583009208547376,-0.0101752546665487,0.999948230756208,0.015083451746396,-1.11680858208628,4.34668727097706,-0.11788905258145
2.71871755978292,-0.580084695390894,-0.010124214912143,0.999948748822865,0.0150444817314478,-1.1021598292059,4.31764505417612,-0.11690384900793
2.72295007386932,-0.576425961979308,-0.0100603612198033,0.999949393285544,0.0150872373207219,-1.08404918437947,4.27893314864371,-0.114566735306231
2.72567377879561,-0.574140877016253,-0.0100204809738297,0.999949793720191,0.0146426493957734,-1.07246350134835,4.25364837406488,-0.116539516403506
2.72839748372189,-0.571818031368042,-0.00997994169645721,0.999950199141805,0.0148846169736257,-1.06096415145155,4.22195142573568,-0.116239510396787
2.73185404321789,-0.568879260169606,-0.00992865300432407,0.999950709709994,0.014838811087952,-1.0464720013022,4.19265172958855,-0.115987292296991
2.73615173728629,-0.565241428037224,-0.00986516396555577,0.999951338085975,0.0147735383986091,-1.0286097262204,4.15624630267501,-0.116058293038839
2.7385091895922,-0.563211714873117,-0.00982974050564528,0.99995168693372,0.0150268904681125,-1.01889970952605,4.11886029252851,-0.11390016207521
2.74086664189811,-0.561217738688768,-0.00979494073144119,0.999952028417397,0.0147623133396936,-1.00923055920886,4.10152531736918,-0.113526623623882
2.74467387229632,-0.557995380775549,-0.0097387026586747,0.999952577710826,0.0147720913580078,-0.993728512708834,4.07173847616623,-0.112438978544306
2.74969034485713,-0.55368352195497,-0.00966345006668608,0.999953307776322,0.0150018030374967,-0.973537483698865,4.02494556986342,-0.106616930386719
2.75199547759857,-0.551841651383069,-0.00963130485682439,0.999953617907728,0.0139457070291171,-0.964289940233064,4.0117184141209,-0.11127945519512
2.75430061034,-0.549918011047149,-0.00959773255114226,0.999953940704209,0.014564826086806,-0.955121668892964,3.97732901680949,-0.111307585205799
2.757873008834,-0.546939466012286,-0.00954574951483125,0.999954438295166,0.0145519649794224,-0.941010882189213,3.94994755692366,-0.111106428125958
2.76249230128476,-0.543170815707747,-0.00947997713489621,0.999955064007139,0.0142392708129407,-0.922912509492164,3.91799672568653,-0.114677475290611
2.76664786797511,-0.539716595591206,-0.00941969231266188,0.999955633714184,0.0145076516909989,-0.906823260885182,3.87173394289596,-0.114199864538816
2.7685161950276,-0.538104535305674,-0.00939155779749316,0.99995589834859,0.0150593332605254,-0.899662633635189,3.83264120724103,-0.110080204628271
2.7703845220801,-0.53654136715782,-0.00936427656625924,0.999956154200968,0.014602599103799,-0.892516768202225,3.82474011893328,-0.108769041310973
2.77336164383588,-0.534074029684291,-0.00932121528305767,0.999956556529156,0.0144646965100607,-0.881187886393591,3.80531356724718,-0.107776880352905
2.77742465094576,-0.530694819511721,-0.00926223948547591,0.999957104539847,0.014515934142687,-0.865861780961307,3.7721089374982,-0.105287273040931
2.78149568614313,-0.527273609064642,-0.00920253064364163,0.999957655818362,0.0146673717642331,-0.850668361186871,3.73207772417218,-0.100208288782687
2.78403029405525,-0.52531212149528,-0.00916829767156168,0.999957970275654,0.0135067898110297,-0.841224693786431,3.72588886639975,-0.105925414438767
2.78656490196736,-0.523250984465785,-0.00913232555009928,0.999958299445555,0.0141929753030041,-0.831874230172228,3.68911639922991,-0.106030106919698
2.78977101347697,-0.520642761211212,-0.00908680535552945,0.999958714131954,0.014198534044431,-0.820129265435394,3.66330512885888,-0.10575087191871
2.79384217169703,-0.517355671674899,-0.00902943717398271,0.999959233801219,0.014091944384208,-0.805338475869726,3.63306675057741,-0.106221872531995
2.79690600868108,-0.514835805966057,-0.00898545900483247,0.999959629948366,0.0143545343817035,-0.794320580424245,3.5961102052292,-0.103688661313038
2.79996984566512,-0.512342931154706,-0.00894195187949871,0.99996001994909,0.0142007794555319,-0.783375806339819,3.57224426150084,-0.10224522449637
2.80315432697775,-0.509776525487882,-0.00889716143251105,0.999960419475913,0.0140657847952578,-0.77207854501282,3.54759856250606,-0.101705004889292
2.80676799165301,-0.506883950062117,-0.00884667845437376,0.999960867374481,0.0139705726952141,-0.759358858881761,3.51988556606703,-0.10168777365922
2.80951903389275,-0.504702028867704,-0.00880859822934385,0.999961203546035,0.0138426478195798,-0.749744326549465,3.49486903305036,-0.10249303268841
2.8122700761325,-0.502498720492106,-0.00877014472916644,0.999961541541188,0.0139783333877575,-0.740202778109226,3.46833949053684,-0.101858186016755
2.81591158479548,-0.499600220641218,-0.00871955829774984,0.999961983928935,0.0138921448356753,-0.727666453620191,3.44261833466546,-0.101547639479772
2.8197309179592,-0.496544482962015,-0.00866622762929401,0.999962447544245,0.0139638730881159,-0.714645351582611,3.40926059064021,-0.0998780538190185
2.82254361216285,-0.494302803936651,-0.00862710441213343,0.999962785842284,0.013910036759324,-0.70513237120341,3.38215948497306,-0.0987077680691244
2.8253563063665,-0.49208852300545,-0.00858845935108363,0.999963118502865,0.0137400264712195,-0.695676583411554,3.36182574685418,-0.0987324578283448
2.8290301145155,-0.489192694078761,-0.00853791945484585,0.999963551301437,0.0137573186446654,-0.68342748832219,3.33416841396238,-0.0981256478820112
2.83195653830568,-0.486908815167765,-0.00849805969424874,0.999963890838781,0.0136211326764996,-0.673743075588858,3.30929948212491,-0.0985276018609529
2.83488296209587,-0.48461625637352,-0.00845804843302654,0.999964230068608,0.0136728997998655,-0.664133121407167,3.28385595207617,-0.0981433584005464
2.8387576270509,-0.481600801082334,-0.00840542068061709,0.999964673827622,0.0135830126962424,-0.651511417443843,3.25749557956792,-0.0982121657392101
2.84241733740303,-0.478726593926859,-0.0083552580639302,0.999965094222136,0.0137071990460281,-0.639712844316768,3.2239089960263,-0.0963832790137631
2.84519938104559,-0.476550545243559,-0.00831728016940019,0.999965410827086,0.0136515522712286,-0.630814092497839,3.198638469502,-0.0950629980596509
2.84798142468815,-0.474404537542568,-0.00827982655895349,0.999965721648574,0.0134630886383103,-0.621967790542563,3.17978547134954,-0.0950820362792681
2.85158614483163,-0.471620152461097,-0.00823123152769488,0.999966122839938,0.0134814036543162,-0.610600330860319,3.15349298413844,-0.0944696912574505
2.85485074407705,-0.469127058122315,-0.00818772028922858,0.999966480056439,0.0133286512381733,-0.600385810877554,3.12887408679731,-0.0950291633259535
2.85811534332246,-0.46663797848954,-0.00814427910277446,0.999966834808983,0.0133071877037404,-0.590255438597327,3.10309827291899,-0.0954119151717345
2.86152575086871,-0.464033114673728,-0.00809881715202535,0.999967204042582,0.0133307968433387,-0.579765148136096,3.07596388964813,-0.0951405784734252
2.86535619236769,-0.461074090588081,-0.00804717412204527,0.999967620970124,0.0134827050495648,-0.568104818124378,3.0441216801831,-0.0925677270327454
2.86778617235116,-0.459220189733784,-0.0080148184916031,0.999967880826453,0.0133156133520026,-0.56075946418865,3.0228042970268,-0.0917501531081746
2.87021615233463,-0.457386704006764,-0.00798281915260525,0.999968136791556,0.0131689820255679,-0.553453263780513,3.00669160150793,-0.0918694295037232
2.8737948637849,-0.454675927110085,-0.00793550866906595,0.999968513355377,0.0132203958859091,-0.542781050938767,2.9821384009414,-0.091080597353697
2.87882682898,-0.450876243426467,-0.00786919374895068,0.99996903741553,0.013179143384786,-0.527939270078747,2.94949990402934,-0.089627760810769
2.88096530646912,-0.449291244350309,-0.00784153114995515,0.999969254721976,0.0129360503726446,-0.521680504264901,2.92673916171126,-0.090501128843498
2.88310378395824,-0.447688903800224,-0.00781356588838124,0.999969473628124,0.013077583691888,-0.515463072912742,2.90741024106684,-0.0901566593550702
2.88666280416989,-0.445037002402514,-0.00776728288209533,0.999969834203327,0.0130048182016028,-0.505187892597746,2.88708119200205,-0.0899506078674459
2.89144225354377,-0.441562387063335,-0.00770664121929975,0.999970303399614,0.0126883816868764,-0.491510098263755,2.86179291043866,-0.0935835933784981
2.89454136419768,-0.439189766514055,-0.00766523240195595,0.999970621674569,0.0133619109189528,-0.482775956423304,2.81827363261615,-0.089045456371053
2.89764047485158,-0.436844058360405,-0.00762429326772979,0.999970934653687,0.0132103481108423,-0.474104440307665,2.79806598861576,-0.0855191091034513
2.90037706480497,-0.434849045384798,-0.00758947473011276,0.999971199521927,0.0127236983389523,-0.466479866016839,2.78615884026707,-0.0861657568479672
2.90331826806946,-0.432704030265096,-0.00755203822667914,0.9999714829527,0.0127286599997282,-0.458347647300336,2.76492917530351,-0.0865200611951498
2.90777001184653,-0.429481897202848,-0.00749580298760158,0.999971906074151,0.0126325398966855,-0.446151945025961,2.73953373893722,-0.0876489355343455
2.91017169141684,-0.427719793219092,-0.00746504933179756,0.999972136131039,0.0128054202813721,-0.439641489219077,2.71079284986946,-0.0867842564245744
2.91257337098716,-0.425961997962899,-0.00743437086833715,0.999972364683041,0.0127741082431301,-0.433171726658834,2.6938491879656,-0.085854077544927
2.91628141054515,-0.423278024286768,-0.00738752797706574,0.999972711842872,0.0126331386040277,-0.423254700690079,2.67446606587003,-0.0855606455549502
2.92159268045997,-0.419436369395079,-0.00732048026358283,0.999973204925367,0.0126240103893476,-0.4092222704173,2.64201038505337,-0.084554709388833
2.92358552954449,-0.418003320535557,-0.00729546951053798,0.999973387708203,0.012550584554974,-0.404006508113258,2.61723897938407,-0.0840552628945792
2.92557837862902,-0.416573084335214,-0.00727050784179525,0.999973569508576,0.0125259513984559,-0.398818160485784,2.60348245522867,-0.0837154578093193
2.92889504730782,-0.414193666775094,-0.00722898026245702,0.999973870580809,0.0125211996511188,-0.390245683582922,2.58466483482576,-0.082895363173294
2.93337732915235,-0.41094276201469,-0.00717224274167038,0.999974279136246,0.0126585060256902,-0.378796859411714,2.55424013221817,-0.0791814030978819
2.93761000659969,-0.407875495737414,-0.00711871021278273,0.999974661661438,0.0126477616685413,-0.368114424365547,2.52380087522624,-0.0748029973598991
2.93947988531789,-0.40665450134506,-0.0070974003788424,0.999974813136742,0.011396660161713,-0.363387453142544,2.52795605243907,-0.0802138511636399
2.9413497640361,-0.405356137687964,-0.00707474022706997,0.999974973712202,0.0121188184474126,-0.358712334932867,2.50022536979021,-0.0811175368223955
2.94459613807027,-0.403080473036891,-0.00703502337465783,0.999975253916875,0.0122345239378826,-0.350660895246559,2.48013309666173,-0.081129272178184
2.94897532718952,-0.400082693995329,-0.00698270354527262,0.999975620628422,0.0119476718401009,-0.339889443939335,2.45969082720681,-0.0843266807897332
2.95277718626235,-0.397530507652533,-0.00693816056950976,0.99997593067429,0.0117163876811162,-0.330626640155389,2.4363879897993,-0.0893262176212906
2.95581897645873,-0.395236414553001,-0.00689812204974808,0.999976207673056,0.0131631293906494,-0.323376152711838,2.38362509425769,-0.0792942193717969
2.95842676833848,-0.393400755161037,-0.00686608450814404,0.999976428163948,0.012285604761536,-0.317163369441623,2.38239229075757,-0.0773035980485348
2.96084712597456,-0.391750074663545,-0.006837275374819,0.999976625559542,0.0119031209066969,-0.311419245178454,2.37325433958439,-0.0781284586312474
2.96403816894819,-0.389552647270957,-0.00679892392319031,0.999976887049639,0.012018748538025,-0.303913614197469,2.35209335724809,-0.0777511702705116
2.96871748606261,-0.386347959640426,-0.00674299285469544,0.999977265765258,0.0119531011220234,-0.293023835743074,2.32721531542116,-0.0773278552318477
2.97111341150436,-0.384721033480891,-0.0067145982793537,0.999977456830876,0.011851461517106,-0.287499164579121,2.30586105380913,-0.0776294335532868
2.97350933694611,-0.383081880188089,-0.00668599029963452,0.999977648517062,0.0119405309555234,-0.282016641170638,2.28826962348498,-0.0769858697351127
2.97725691236686,-0.380542327619211,-0.00664166772992422,0.999977943881647,0.0118272613298167,-0.273507947356361,2.27045298866222,-0.0768028353419772
2.98238867326044,-0.377115681898303,-0.00658186278704645,0.999978339306533,0.0116541380959452,-0.261986694211379,2.24508767728821,-0.0785167880465629
2.98444076423952,-0.37568868119241,-0.00655695746373976,0.999978502923347,0.0121368209304724,-0.257447411044083,2.21202822563662,-0.0756560875833341
2.9864928552186,-0.374304872668432,-0.00653280596606685,0.999978660995428,0.0117694659772898,-0.252919845486214,2.20631814282573,-0.0750599696780549
2.99006761089823,-0.371904334506906,-0.00649090955965348,0.999978933824652,0.0117203239866704,-0.245093592408552,2.18931132056561,-0.0741929902090444
2.99482919643262,-0.368626603303325,-0.00643370355270248,0.999979303515126,0.0120143177276974,-0.234823774556386,2.15680633645638,-0.0679132593852851
2.9988150641209,-0.365895108790857,-0.00638603095934204,0.999979609096399,0.0119606510981114,-0.226332747046883,2.1302833344108,-0.0622991270707232
3,-0.365231660149193,-0.00637445183181293,0.999979682975531,0.0097721433025698,-0.223774886119527,2.15864923366036,-0.0688174429753534
3.0023012134135,-0.363787228324429,-0.00634924225082128,0.999979843358275,0.0109551295915671,-0.218887907491611,2.12365293859825,-0.0725402892605884
3.00511651872752,-0.361946297565072,-0.00631711259213646,0.999980046845185,0.0114127241873329,-0.212980259231088,2.09840411663627,-0.0727692938968794
3.00874960525504,-0.359581790363481,-0.0062758449743495,0.999980306691016,0.0113590566980101,-0.205425133390103,2.07953369229066,-0.0731806530189829
3.0127721237596,-0.356994065524242,-0.00623068153881858,0.99998058911539,0.0112278709293873,-0.197144155161821,2.05865509851037,-0.0746894936565237
3.01549759635371,-0.355159835704757,-0.00619866880745044,0.999980788067959,0.0117459811034395,-0.191618344909071,2.02746865431923,-0.0709273753230535
3.01822306894781,-0.353387964097846,-0.00616774440515699,0.999980979283583,0.011346653615269,-0.186115513281774,2.01903759340828,-0.070217558608497
3.0214975507508,-0.351269895359316,-0.00613077783082414,0.999981206604999,0.0112895033459032,-0.179559797641523,2.00206201612403,-0.0695589289592706
3.02554817925275,-0.34865652627574,-0.00608516678658673,0.999981485201191,0.0112604488553384,-0.171536948214838,1.98064310830233,-0.068470090745955
3.02789247901597,-0.347179188432778,-0.00605938285243592,0.999981641771212,0.0109987681304878,-0.166926008975166,1.96687271483535,-0.0694876933424381
3.03023677877919,-0.345682320931211,-0.00603325806361621,0.999981799732944,0.011144166278706,-0.162354672622565,1.94997944559911,-0.0692039634131113
3.03442939679495,-0.343025235760838,-0.00598688401645155,0.999982078449296,0.011061080345163,-0.154253042056356,1.93235599707696,-0.0691977995035327
3.03980872396205,-0.339818310878361,-0.00593091361213381,0.999982411977193,0.0104049068451686,-0.143937383633316,1.91764845353349,-0.0791775287756314
3.04198112646402,-0.338267738837313,-0.00590385149853702,0.999982572116876,0.0124574462518187,-0.139910113068473,1.85383259372254,-0.0689512343648133
3.044153528966,-0.336881795179818,-0.00587966263830967,0.999982714634238,0.0111348058421258,-0.135851615987694,1.86820677894268,-0.06748517983705
3.04759356775697,-0.334720212905257,-0.00584193655851079,0.999982935743029,0.010966948350348,-0.129468764753581,1.85545908693128,-0.0665930432209489
3.05207463703901,-0.331842042214821,-0.0057917038533769,0.999983227942586,0.0112101714614912,-0.121278145888026,1.82782687569246,-0.0613591910119176
3.05587675284102,-0.329410155897774,-0.00574926013678632,0.999983472867367,0.011163369417693,-0.114414411558993,1.8052407360678,-0.0566465760283745
3.0581854599256,-0.328140662501064,-0.005727103661961,0.999983600007343,0.00959707697565507,-0.110212785264969,1.81990444872491,-0.0648646269565607
3.06049416701018,-0.326732539695007,-0.00570252768404823,0.99998374045682,0.0106450833032426,-0.106090398699466,1.78558232572756,-0.0653230368584324
3.0637395408293,-0.324747539601061,-0.00566788345664955,0.999983937419558,0.0106751299611875,-0.100347874900682,1.7694491047377,-0.065263300562448
3.06799634069504,-0.32218796378127,-0.00562321114306306,0.999984189623236,0.0104945092367003,-0.0928887129836564,1.75229330771712,-0.0669204169528779
3.07228186111461,-0.31960380001229,-0.00557810968426175,0.999984442225153,0.010524314847153,-0.0854827512362889,1.72813591403011,-0.0676965733909233
3.0742707100625,-0.318343490832247,-0.00555611348034649,0.999984564682372,0.0110599373613473,-0.0821016288931379,1.70003978770595,-0.0641789822738544
3.07625955901039,-0.317133769010817,-0.00553500017618802,0.999984681769201,0.010616004216698,-0.0787240685137964,1.69824882021531,-0.0634134711648859
3.07950387358804,-0.31517462407112,-0.00550080716702182,0.999984870445804,0.0105395234966027,-0.0732554013281934,1.68561557602312,-0.06264239907544
3.08389911315639,-0.312486586513186,-0.00545389276498672,0.999985127416257,0.01067407249904,-0.0659492706713751,1.66228269089761,-0.0590998264405351
3.087982830693,-0.309964524918502,-0.00540987513561739,0.999985366518439,0.010778972436449,-0.0592623404221242,1.6374615015138,-0.0536035475233392
3.0901447312649,-0.308816918487837,-0.00538984591690287,0.999985474675004,0.00926476961635134,-0.0556914870092442,1.65171953756102,-0.0607556340706271
3.09230663183681,-0.307552043740433,-0.00536777000728813,0.9999855934188,0.0102114913398096,-0.0521870442005165,1.62100091663301,-0.0612918477763679
3.09567816330564,-0.305571389516244,-0.00533320156455232,0.999985778379409,0.0102531854960266,-0.0467737184407484,1.60559846758381,-0.0612778670791125
3.10015174661707,-0.303015622195004,-0.00528859563896824,0.999986015280298,0.00997110181372533,-0.039656937488952,1.59084573961165,-0.06444671389045
3.10416812391552,-0.300747733954761,-0.00524901407152094,0.999986223830747,0.00985517891328778,-0.0333464444587716,1.57119029445131,-0.0682568514611672
3.10624196385418,-0.299410717098478,-0.0052256790452688,0.999986346046043,0.0112522407645233,-0.0301796149480005,1.52703661056409,-0.0607560493122119
3.10831580379283,-0.298191730587561,-0.00520440400642719,0.999986456997762,0.0102589055965074,-0.0269928486160675,1.53665009171573,-0.059579406155755
3.11167623994415,-0.296242924576048,-0.00517039138267895,0.999986633437142,0.0101216270305341,-0.0218661970539136,1.52559112308736,-0.0587769603772996
3.11617207966619,-0.2935823196647,-0.00512395568201728,0.999986872452918,0.0103287302636966,-0.0151158388253306,1.50146772259079,-0.0541353387224555
3.12008560314225,-0.291249003932164,-0.00508323217036508,0.999987080291892,0.0104059787223459,-0.00932870951169743,1.47875165411112,-0.0483182504226769
3.12235682610003,-0.290119343512709,-0.00506351613035816,0.999987180320027,0.00868091513492943,-0.00592537072225653,1.4984608964916,-0.0569675246860665
3.1246280490578,-0.288845243436017,-0.00504127917284418,0.999987292671413,0.00979086674958561,-0.00259901673357322,1.46456514861092,-0.0575450194956439
3.12789057570831,-0.287006922458834,-0.00500919482420603,0.999987453904904,0.00983432694881827,0.00213167776414586,1.450009457235,-0.0575380462429418
3.13217915773357,-0.284639178364927,-0.00496787040812377,0.999987660055667,0.00963603588316154,0.00828800521457757,1.43551584513646,-0.0595155262621229
3.13636968324901,-0.282332978262608,-0.00492762011580749,0.999987859206298,0.00960518790473227,0.0142196606483086,1.41549202167776,-0.0613570675080196
3.13834970735157,-0.281152529655132,-0.0049070176500454,0.999987960516416,0.0104052848772696,0.0169605353195123,1.38426328631747,-0.0568004216526174
3.14032973145413,-0.280039477245456,-0.00488759145370878,0.999988055653557,0.00981120849536216,0.0197065128075676,1.38684043517389,-0.0558802989202448
3.14367523729144,-0.278178907550641,-0.00485511877186971,0.999988213841399,0.00970647451134393,0.0243106752207571,1.37622309961313,-0.0551051779362726
3.14817849696601,-0.275622161910593,-0.00481049566343692,0.999988429498798,0.00990918418647845,0.03040548287033,1.35342131922593,-0.0505582579486794
3.15211223669994,-0.273365098846798,-0.00477110293362509,0.999988618223626,0.0100141810472576,0.0356427371879014,1.33136777514739,-0.0444693746150024
3.15438055356739,-0.272293960750599,-0.00475240825905123,0.999988707244106,0.00824174381917749,0.0387116532453384,1.35294856793586,-0.0533034483667488
3.15664887043483,-0.271075621098731,-0.0047311444597753,0.999988808073421,0.00937436856281814,0.0417042376359423,1.31929733166962,-0.0539194026539687
3.15990888625346,-0.269315741828719,-0.00470042911361675,0.999988952922055,0.00942194437334865,0.0459602258060943,1.3055115088216,-0.0539320208931705
3.16419366314714,-0.267051294231096,-0.00466090748024197,0.999989137911738,0.00922383295514305,0.0514968923938107,1.29217150042947,-0.0559395401769794
3.16837231148193,-0.264851988276228,-0.00462252276358917,0.999989316084577,0.00918601593046088,0.0568188262396418,1.27360175335273,-0.0579027054729805
3.17034683080749,-0.263719433914465,-0.00460275617130364,0.999989407261711,0.0100109440888622,0.0592728194948318,1.24283070994456,-0.0532788578064801
3.17232135013306,-0.262655340731536,-0.00458418443764837,0.999989492571318,0.00940579783124178,0.0617335624308732,1.24624910183569,-0.0523472365078974
3.17568950267425,-0.26086109211285,-0.00455286921845616,0.99998963563723,0.00929754386489829,0.0658981383818494,1.23645704879454,-0.0515823830619583
3.18021682073116,-0.258392094950821,-0.00450977753116498,0.999989830901604,0.00951824659945666,0.0713958739531903,1.21434710401131,-0.0467887543862391
3.18411927612791,-0.256241303491669,-0.00447223951724199,0.999989999486845,0.00961917271807422,0.0760539846602544,1.19363586088295,-0.0406123440002826
3.18640828414599,-0.255219090513464,-0.00445439871282385,0.999990079116842,0.00779419817904014,0.07884021126935,1.21722011766315,-0.049817826088459
3.18869729216407,-0.254043354590675,-0.00443387845248192,0.999990170312623,0.00896478423167714,0.0815489498881278,1.18336790320781,-0.050469664247232
3.19193008830995,-0.252373362953648,-0.00440473188456022,0.999990299121459,0.00901598839876558,0.0853323798601333,1.17032741975362,-0.0504943103186865
3.19616950659193,-0.250227562115415,-0.00436728095507115,0.999990463383056,0.00883406336158394,0.0902412339682193,1.15790747257942,-0.0523010578629918
3.20038059392804,-0.248101542311076,-0.00433017526039091,0.999990624747159,0.00881151175139082,0.0950430257733183,1.14027362099926,-0.053910913532117
3.2023846093037,-0.247007587904621,-0.00431108233234615,0.999990707241384,0.00952742503437857,0.0972724420854525,1.11247465424276,-0.0497221926837145
3.20438862467936,-0.245976492441056,-0.00429308648814005,0.999990784661741,0.0089799763814931,0.0995072345619765,1.11515735042118,-0.0489217509614317
3.20774201451957,-0.244267944878271,-0.00426326698063755,0.999990912236032,0.00889242880143642,0.103214990943637,1.1056741262826,-0.0481925823189988
3.21225652670027,-0.241916966154346,-0.00422223503057535,0.999991086325946,0.00908898187322691,0.108114295180517,1.08523447069825,-0.0438005205943104
3.21624076411505,-0.239820824473279,-0.00418565077993797,0.999991240125407,0.00918232778680586,0.112360397980886,1.06572534674361,-0.0379272173348123
3.21842456512001,-0.238889039286038,-0.00416938820240591,0.999991308063234,0.00744697864031093,0.114737249390156,1.08840109692503,-0.0463912869618789
3.22060836612498,-0.237818586217153,-0.00415070543353006,0.9999913857851,0.00855523488525012,0.11704528463441,1.05688899263562,-0.0470921373318232
3.22391587039161,-0.236185938495951,-0.00412221059905137,0.999991503653795,0.00861528087737085,0.120499966505466,1.04449808452473,-0.0471529064089168
3.22830105159777,-0.234082516997804,-0.0040854992774966,0.999991654313002,0.00837174770527468,0.12503390870915,1.03392356906789,-0.0498883438854758
3.23234750715213,-0.232168901006709,-0.00405210065429748,0.999991790206443,0.00825386544217875,0.129159007827818,1.01943517314158,-0.0534322197835725
3.23443537143743,-0.231031612684789,-0.00403225139069824,0.999991870441316,0.00950704789661991,0.131208668851883,0.981702229641216,-0.0466930367679231
3.23652323572273,-0.230001318102216,-0.0040142695035019,0.999991942787717,0.00861264444149851,0.133279144115924,0.991671383346447,-0.0456799467488429
3.23992745122566,-0.228344243879161,-0.00398534833371071,0.999992058467795,0.00849576095204914,0.136626348641361,0.983252829483921,-0.0449476087286242
3.2444697899754,-0.226074485230385,-0.00394573388354906,0.999992215561761,0.0087212257450127,0.141001265045881,0.963141818688801,-0.0401415572182112
3.24839651461101,-0.224099879755257,-0.00391127078252171,0.999992350951179,0.00877661923536382,0.144714432773817,0.945614493631497,-0.0344869337198009
3.25059652596723,-0.223214579540592,-0.00389581949662946,0.99999241126643,0.00702332902548007,0.146847489206382,0.969566100891261,-0.0432162169227585
3.25279653732345,-0.222185872261285,-0.00387786530318997,0.999992481052078,0.00816101653857464,0.148911052009642,0.937978250624524,-0.0439309730245092
3.25608508729529,-0.220636742918371,-0.00385082809749562,0.999992585533995,0.00822168062053108,0.151957281792867,0.92631397099414,-0.0440050648244309
3.26044070404959,-0.218642014351329,-0.003816013772122,0.999992718992939,0.00799303132995906,0.155949425568551,0.916550743757659,-0.0465582512318983
3.2645159538596,-0.216800576122589,-0.00378387484409856,0.999992841119957,0.00788642698287944,0.159629167157963,0.902948717494178,-0.0498440292815673
3.26656109194253,-0.215739398248103,-0.00376535392818149,0.999992911029771,0.00905613562903558,0.161403833953819,0.867749131792342,-0.0436252443736518
3.26860623002545,-0.214775311011845,-0.00374852755038261,0.999992974245921,0.00822756012888334,0.163197586028081,0.87708115615052,-0.0426139045781452
3.27203587892171,-0.213182204077768,-0.00372072278295201,0.99999307808703,0.00810723259933072,0.16617959793073,0.869480227525418,-0.0418901304050899
3.27661792750186,-0.210986125134984,-0.0036823942373517,0.999993219963356,0.00836499384824738,0.17007261219057,0.849623087085181,-0.0366191389599169
3.28048504547384,-0.20911773816121,-0.00364978495209951,0.999993339512721,0.00843250829946687,0.173293832199413,0.83297691774216,-0.0305622661030769
3.28275199078121,-0.208267828856652,-0.00363495133479041,0.999993393542574,0.00654348195328877,0.175244465202592,0.860467606711473,-0.0402010851774428
3.28501893608858,-0.207258080252005,-0.00361732801288682,0.999993457447621,0.00777409040756518,0.177119932919013,0.827310526779398,-0.0409527736807243
3.28824643510629,-0.205808837880205,-0.00359203412617268,0.999993548624608,0.00783704376315586,0.179754505214806,0.816289108482373,-0.0410317736146404
3.29249053629609,-0.203947855486784,-0.00355955406373922,0.999993664767366,0.00765303856676108,0.18317902352905,0.806888940929659,-0.0429737114451076
3.29666339450102,-0.202130799589851,-0.00352784065477335,0.999993777150795,0.00759997261752768,0.186489276979304,0.793282035403823,-0.045123902215191
3.29882018967565,-0.201087409404116,-0.0035096301733871,0.999993841229058,0.00844335815394893,0.18813952082008,0.765137023761249,-0.04010672974978
3.3,-0.200562774429477,-0.00350047362195498,0.999993873323443,0.0077610845485507,0.189051860229852,0.773293292098384,-0.0398410526995182
3.30353453740696,-0.198986716589134,-0.00347296639064721,0.99999396923404,0.00778246071514609,0.191755003828604,0.764780022820825,-0.0385961541170113
3.30749383078312,-0.197174138259506,-0.00344133111989835,0.99999407860253,0.00799017824564173,0.194715720631877,0.747789194177964,-0.0341236406975451
3.31084196049292,-0.195731706801963,-0.00341615608971424,0.999994164921761,0.00751917648074248,0.197210227857417,0.745044977866908,-0.0346801945273593
3.3142168734194,-0.19438302939302,-0.00339261736478778,0.999994245057148,0.00697465737520619,0.199724116038806,0.744874974897239,-0.0405077483138698
3.3169395353068,-0.19321594691785,-0.00337224804947625,0.999994313955381,0.00748144010401134,0.201696417713631,0.724401984673519,-0.0408287502435515
3.31933290094979,-0.192146819050108,-0.00335358835357377,0.999994376706767,0.00779646915695107,0.203394567002314,0.709523550507676,-0.038508397708551
3.32252568874497,-0.190775218728826,-0.00332964954560305,0.999994456701588,0.00749781794578219,0.205650046050885,0.706429363071581,-0.0380007349055063
3.32653421826279,-0.189049318991518,-0.0032995270781004,0.999994556545715,0.0075146341922827,0.208433316623215,0.694337053016941,-0.0366681224144981
3.32942401983925,-0.187816331658494,-0.00327800750588285,0.999994627318963,0.00744677031528081,0.210411528234026,0.684549287717115,-0.0359095029572343
3.33231382141571,-0.186607866813516,-0.00325691592803475,0.999994696235254,0.00729866389833264,0.212371612595732,0.678276452498242,-0.0361882033530905
3.33611530483176,-0.185016718718118,-0.00322914530092054,0.999994786296721,0.00730524642940114,0.214908962747188,0.667463164706092,-0.0360242824449091
3.33900721335969,-0.183828847847621,-0.00320841315054117,0.999994853029282,0.00716905724316867,0.216816559317376,0.659632402535382,-0.0368079747035191
3.34189912188761,-0.182626132918914,-0.0031874219224088,0.999994920157842,0.00725864434027463,0.218692564655053,0.64870839432191,-0.0365002372911818
3.34560408875682,-0.181101171147745,-0.00316080645261209,0.999995004638808,0.00718376298993399,0.221063487172617,0.639930828334334,-0.036534852668904
3.34906747205427,-0.179653175653353,-0.00313553428891842,0.999995084200279,0.00729699451684434,0.223233340353715,0.626512573037814,-0.0349351473951326
3.35253085535171,-0.178187530062492,-0.00310995407241532,0.999995164081141,0.00738593999882134,0.22536003095506,0.614050025278608,-0.0319476424039692
3.35558012357731,-0.176965646612564,-0.00308862828556313,0.999995230176281,0.00699377283306049,0.227226498556739,0.612103450267613,-0.0326177403162657
3.35868939885661,-0.175741913915217,-0.00306727022200195,0.999995295915628,0.00686917780332523,0.229108585201848,0.6053136104215,-0.0341897412646767
3.36172690593454,-0.174543349962823,-0.00304635143247158,0.99999535986071,0.00688686041819784,0.230918051500426,0.595707681383117,-0.0352685947605167
3.36476441301247,-0.173327734611168,-0.00302513503991083,0.999995424268527,0.00698483650567801,0.232693892706836,0.584637717987265,-0.035122056112023
3.3682019794931,-0.171955286551658,-0.00300118141120005,0.999995496444928,0.00696822522154136,0.23467178439914,0.575375546465168,-0.0347527632135566
3.37149753616002,-0.170620920718182,-0.00297789243805163,0.999995566068484,0.00706681133844645,0.236528692971798,0.563458244034475,-0.0330129903484664
3.37479309282694,-0.169292796299313,-0.00295471239604745,0.999995634827801,0.00703375676045373,0.238356102589293,0.55450711433361,-0.0312159428458469
3.37794845123695,-0.168062627294337,-0.00293324198959768,0.999995698036462,0.00680445664260641,0.240091014153007,0.549830269109443,-0.0313612238744977
3.38139768448745,-0.166743947701866,-0.00291022678716634,0.999995765281057,0.00667258459953114,0.241964011974422,0.543018603089043,-0.0325323344127228
3.38418135892431,-0.165683231649137,-0.00289171387751709,0.999995818986685,0.00665055773179765,0.243452075954268,0.534568252716516,-0.0334358210484049
3.38696503336118,-0.164600511476929,-0.00287281692412786,0.999995873452946,0.00678852082432639,0.244910342436891,0.523863876935964,-0.0328810011928742
3.39053765373343,-0.163228239688678,-0.00284886636120251,0.999995941971994,0.00670394792661726,0.246756099330767,0.516639525488958,-0.0327123711972351
3.39403884348502,-0.161867247863146,-0.00282511266834629,0.999996009361243,0.00678449045427561,0.248524610158492,0.505117103956716,-0.0312704024182766
3.39754003323661,-0.160489088134828,-0.00280105933864233,0.999996077025596,0.00687007177107032,0.250253051644605,0.49367261095411,-0.0284760283350237
3.400665336784,-0.159321386628011,-0.00278067918203872,0.99999613390417,0.0065210420893296,0.251789693365551,0.491677591519124,-0.0289591212961927
3.40386714247566,-0.158155604971168,-0.00276033253185568,0.9999961902749,0.00635476672561646,0.253347170462487,0.486437106721535,-0.0307772883476226
3.40676793959465,-0.157092625689405,-0.00274178011371432,0.99999624131384,0.00639565181095726,0.254731842617597,0.477341950613364,-0.0318131385578767
3.40966873671363,-0.156007364393915,-0.00272283880156757,0.99999629306756,0.00652971651371025,0.256085968101826,0.466811510314288,-0.0313696048374077
3.4131599495742,-0.154712531103103,-0.00270023978045844,0.999996354345919,0.00647313844547564,0.257689954127187,0.459435184682139,-0.0310740214448895
3.41649060059636,-0.153461294682842,-0.00267840166417637,0.99999641307583,0.0065567347371821,0.259184414285704,0.448699112748247,-0.0295584126653328
3.41982125161852,-0.152213893189193,-0.00265663047847673,0.999996471151024,0.00653663893743744,0.2606510986401,0.440359660810181,-0.0278660817009628
3.42305408846304,-0.151039700936329,-0.00263613702937495,0.999996525384745,0.00633917573002226,0.262060068257416,0.435830722390482,-0.0278252220264421
3.42657773736076,-0.149794960988749,-0.00261441229382355,0.999996582418339,0.00616542994123318,0.263577484900851,0.43063786645095,-0.0292666558433865
3.42925396045588,-0.148847131356116,-0.00259786960216536,0.999996625531072,0.00618137847608773,0.264707812985131,0.422359438695452,-0.0300435686589896
3.431930183551,-0.147877734161428,-0.00258095048608065,0.999996669341748,0.00632203377877704,0.265812226334405,0.412676114815172,-0.0294018094409091
3.43552145733887,-0.146597690025206,-0.00255860957510067,0.999996726753164,0.00622090825360536,0.267273197180506,0.40681132444834,-0.0292874778193482
3.43920696660033,-0.145269173351261,-0.0025354226601837,0.999996785810802,0.00629139380288549,0.268733569645428,0.396247129317066,-0.0279555442444925
3.44289247586178,-0.14388941412785,-0.00251134139551959,0.999996846577226,0.00653406072944608,0.270141943189317,0.382138110089417,-0.023421348168934
3.4459054770262,-0.142865596819559,-0.00249347246849947,0.999996891292692,0.00593062597505498,0.271305491986647,0.386176019800297,-0.0249239273154251
3.44880236107149,-0.141904037201832,-0.00247669013903707,0.999996932998274,0.00579325268846305,0.272411365765846,0.381745959420296,-0.0273736127487612
3.45259861207664,-0.140660540864172,-0.00245498709969029,0.99999698651463,0.00571698375561182,0.273835633759106,0.375177508370258,-0.031041309056797
3.45575663932666,-0.13959361164396,-0.00243636572760269,0.999997032056616,0.0058965380296572,0.274982461628112,0.363146919963809,-0.0321036533886864
3.45839512938391,-0.138616869200047,-0.00241931840625487,0.999997073444942,0.00646103309862533,0.275892005300805,0.344721281095949,-0.0281324134132834
3.46214232383889,-0.137305065898463,-0.00239642318587593,0.999997128573835,0.00610998095408469,0.277182191630087,0.344307279695222,-0.0261884916549843
3.46480972358921,-0.136393614668342,-0.00238051540631455,0.999997166569186,0.00596379486616307,0.278088417511665,0.33974130854153,-0.025655620610437
3.46747712333953,-0.135503459276159,-0.0023649793076005,0.999997203432527,0.0058244522389628,0.27898560454605,0.336352672402171,-0.0260806875783088
3.47117763867723,-0.134257696811972,-0.00234323671115017,0.999997254617089,0.00587557534928574,0.280199123575193,0.327932441403726,-0.0257302176964
3.47446702754364,-0.133176638103398,-0.00232436872866219,0.999997298651358,0.00573603019837853,0.281260745569988,0.322741408178638,-0.0264835032718932
3.47775641641006,-0.132099879301836,-0.00230557579268218,0.9999973421566,0.0057132151594914,0.282299234718097,0.315708841454233,-0.0271510911922204
3.48121875152853,-0.130962866766217,-0.00228573123259037,0.999997387712954,0.00573156892790868,0.283364611017863,0.307704558719452,-0.0273171495681199
3.48508360295256,-0.12965094747756,-0.00226283398070005,0.999997439787911,0.00592449970135755,0.284506929187529,0.295565868991119,-0.0248445918312251
3.48746283478506,-0.128871161400609,-0.00224922418083095,0.999997470492093,0.00572026412816258,0.285203545756936,0.292790538480433,-0.0244330588603804
3.48984206661755,-0.128107154487158,-0.00223588977821323,0.999997500395326,0.00560451317336078,0.285893286114274,0.289900440939198,-0.0247781944292191
3.49339158917944,-0.126954622543038,-0.00221577435088366,0.999997545169,0.00566709375939595,0.286894718434614,0.282131555126072,-0.0243133873582216
3.49834911316209,-0.125339899484949,-0.00218759218531856,0.999997607217353,0.00568473979554136,0.288245841252441,0.272539845002412,-0.0226485769792746
3.50053330083522,-0.124674425753469,-0.00217597750526288,0.999997632558146,0.00531763265710917,0.288840681391912,0.272339298856803,-0.0243027048156884
3.50271748850834,-0.123980700240934,-0.00216386973946935,0.999997658831135,0.00554338551022897,0.289415294412892,0.263078593497412,-0.0242120089393891
3.5063972211394,-0.122823946151582,-0.00214368061880087,0.999997702314063,0.0054865854450143,0.290364747423656,0.258022282040397,-0.0243526661081472
3.51129181704929,-0.121387761913829,-0.00211861453211015,0.999997755733714,0.00512118754551287,0.291620040300947,0.256465068905041,-0.0294690631858669
3.51423463255158,-0.120373895880142,-0.00210091927103036,0.999997793066673,0.00601305125929692,0.292297311020544,0.230143792251995,-0.0241161395593663
3.51717744805388,-0.119422233538395,-0.00208430966616697,0.999997827824249,0.0056441327082004,0.292978863185893,0.231598673045075,-0.0218031548298567
3.5200017725985,-0.118559534462257,-0.00206925275930506,0.999997859094217,0.0053311647066989,0.293634332067921,0.232079873142583,-0.0220653593722813
3.52317867144507,-0.11759238986412,-0.0020523729375689,0.999997893880445,0.00531331288643427,0.29435344058351,0.22635549645083,-0.0222743186518674
3.5277908415229,-0.11624583144563,-0.00202887110852892,0.999997941838894,0.00509562257603393,0.29538177885125,0.222961913890183,-0.0250188578269528
3.53000572761974,-0.115541507172905,-0.00201657835611568,0.9999979667038,0.00555007211354272,0.295840034715279,0.206898162700883,-0.0232219148418117
3.53222061371659,-0.114862110742233,-0.0020047206754429,0.999997990545488,0.00535364082984416,0.296297456218601,0.206521456780132,-0.0225090624414817
3.53573053746756,-0.113813191943171,-0.00198641362526555,0.999998027078508,0.00521580750140937,0.297012460041524,0.203709218106203,-0.022550828081667
3.54058316902115,-0.112410424100433,-0.00196193075547865,0.999998075412003,0.00504528671226616,0.297978370113693,0.199048714393594,-0.0246464470828022
3.54285647776094,-0.111689103111988,-0.00194934135334085,0.999998100032339,0.00553793067864503,0.298392437195997,0.182142915767143,-0.0218501466116571
3.54512978650073,-0.111015902213287,-0.00193759180332066,0.99999812286724,0.00516848943746909,0.298813738299859,0.185325071112464,-0.0215419360929467
3.54900013513486,-0.109872726216815,-0.00191763965532101,0.999998161327386,0.00515513896920266,0.299509504666849,0.17976839627696,-0.020861748855145
3.55400829995236,-0.108277216098062,-0.00188979280096132,0.99999821433999,0.00556030119532595,0.300326697043844,0.16317202144381,-0.013044298198401
3.55682396630553,-0.107596431172347,-0.00187791088359362,0.999998236723802,0.00421993835963649,0.300842555584599,0.183210109455845,-0.0199840700297692
3.5596396326587,-0.106822792730661,-0.00186440836920412,0.999998261989206,0.00479550356249877,0.301310789280015,0.166295873404557,-0.0217540700889467
3.56247704937876,-0.106007735686728,-0.00185018296473171,0.999998288410034,0.00501351419676556,0.301755374726059,0.15668669423825,-0.0213960179202012
3.56577586242426,-0.105067447265634,-0.00183377186370595,0.999998318638962,0.00497485872649192,0.302256499642112,0.151910674882604,-0.0210777504787305
3.57031301109346,-0.103742460531558,-0.00181064652104491,0.999998360778244,0.00509689735579489,0.302902529311461,0.14238670946233,-0.0185607160225852
3.57255165530671,-0.103133894105689,-0.00180002505050545,0.999998379953597,0.00474460737691625,0.303223854501474,0.143535622190827,-0.0193452677747978
3.57479029951997,-0.102518187134994,-0.00178927895394481,0.999998399239131,0.00480027768704475,0.303533792132666,0.138448811721231,-0.0197134948045147
3.57832434230813,-0.10153149522467,-0.00177205795870914,0.999998429904063,0.00487289587880531,0.303999968537055,0.131910232086375,-0.0192518730081727
3.58319730239601,-0.100142389650554,-0.00174781353033073,0.999998472572765,0.00497530566409245,0.304597037813188,0.122527019586622,-0.0164432501154194
3.58547163358992,-0.0995706185972592,-0.0017378342580389,0.999998489964906,0.00438778990251081,0.304888960028388,0.128355191179693,-0.0191262303124168
3.58774596478382,-0.0989536664895355,-0.00172706642859129,0.999998508619664,0.00473451080288528,0.305155998893646,0.117414238512728,-0.0191900541682619
3.59158880904952,-0.0979200415460977,-0.00170902629672224,0.999998539613492,0.0046944807664368,0.305590460000583,0.113057172473696,-0.0194300304070637
3.59656411951563,-0.0967146701707386,-0.00168798862785946,0.999998575346181,0.00422841938259593,0.306163479681677,0.115172648018214,-0.0263471068527001
3.59941958814021,-0.0958263672175077,-0.00167248483845571,0.999998601396255,0.00542951554627241,0.306403949818295,0.0842138955924393,-0.0194397485657899
3.60227505676479,-0.0950295556977987,-0.00165857787320805,0.999998624558773,0.00487029849216753,0.306663587009622,0.0909262980836487,-0.0171838011056749
3.60508277744355,-0.0942942205574492,-0.00164574387141953,0.999998645762638,0.00457097438567862,0.306923072511798,0.0924185600582227,-0.0173504197645073
3.6083126506675,-0.0934504962233526,-0.00163101812357463,0.999998669889056,0.00455924012743691,0.307206612075663,0.0877865922915964,-0.0174169197627938
3.61283534660496,-0.0923126262446977,-0.00161115857208261,0.999998702083186,0.004391092804322,0.307591129968752,0.0850196206876824,-0.0192828778411141
3.61511120061815,-0.0917064462933466,-0.00160057874971373,0.999998719073013,0.00464873227778649,0.307760428243748,0.0743888992943806,-0.0183886409329153
3.61738705463135,-0.0911095314404937,-0.00159016063343558,0.999998735693781,0.00457767918150755,0.307924893309895,0.0722652091012031,-0.0177616965859523
3.62096683627961,-0.0901960789218569,-0.00157421789937984,0.999998760918235,0.00445355487494202,0.308176317693678,0.0702345585533422,-0.0178459266034943
3.62592614576612,-0.0889756439902931,-0.00155291731755538,0.999998794223176,0.00429507533660936,0.308508004427175,0.0668816363244489,-0.0199287088016672
3.62796417285284,-0.0884174311399205,-0.00154317467706336,0.999998809305249,0.00478043311074005,0.308613272890645,0.0516521415026796,-0.0174279000798337
3.63000219993956,-0.0878984353395074,-0.00153411650226447,0.999998823242586,0.004444585442585,0.308726202801872,0.0554113887703868,-0.0170001447694194
3.63393633637546,-0.086905740857646,-0.00151679073524847,0.999998849672271,0.00440396195128535,0.308929813429511,0.051754846573669,-0.0163964738574984
3.63763371236362,-0.0859657674285427,-0.00150038512269783,0.999998874421608,0.00443710114190459,0.309097681902177,0.0454020562700269,-0.0150804036272018
3.64133108835178,-0.0850418739065404,-0.00148426015675661,0.999998898485287,0.00436119668338473,0.309251148117637,0.0415067918305336,-0.0142401990203876
3.64416738905099,-0.0843926751161035,-0.00147292951274937,0.999998915238737,0.00399487134640793,0.309376540749277,0.0442099216328909,-0.0166102379354139
3.64700368975021,-0.0837064873652273,-0.00146095329009574,0.999998932807173,0.00422248442944099,0.30947715963703,0.0354753950388099,-0.0167939643719641
3.65029993780026,-0.0829102851695158,-0.00144705695495843,0.999998953012536,0.00421580828134022,0.309580071836477,0.0312210118547695,-0.0168103376633826
3.6543390742627,-0.0819373674701836,-0.00143007635532485,0.999998977440286,0.00420402166705269,0.309686144110042,0.026261126493586,-0.0166492031594455
3.65688330399869,-0.081304869998779,-0.00141903720313959,0.999998993166201,0.00433890195935801,0.309734206372429,0.0188906928124243,-0.0152014078860249
3.65942753373469,-0.0807033179776578,-0.00140853815024179,0.999999008009648,0.00412661767216545,0.309784264954756,0.0196753389125797,-0.0152878091404474
3.66315202162331,-0.0798154857700394,-0.0013930425702166,0.999999029715728,0.0041604633151103,0.30983886943461,0.0146609363453895,-0.0147512469227707
3.66817001923242,-0.0786205277073378,-0.00137218663753395,0.999999058551473,0.00415623008259448,0.309882940227116,0.00878254553682348,-0.0133875600864136
3.67024617453623,-0.0781638156602089,-0.00136421551603892,0.99999906945758,0.00383937027318327,0.309904635360088,0.0104496676775147,-0.0148913726427758
3.67232232984003,-0.0776839169832049,-0.00135583971179553,0.999999080848916,0.00403428971539548,0.309912318386394,0.00370060288469914,-0.014916288888768
3.67579903404464,-0.076888047033262,-0.00134194917338851,0.999999099585803,0.00399532149607696,0.309915128391134,0.000808238082508328,-0.0151013993057199
3.68047115360966,-0.0758955808263466,-0.00132462738575939,0.99999912268076,0.00370748282109814,0.309921287508871,0.00131827057323582,-0.0190492394619158
3.68467583160705,-0.0749972778460583,-0.00130894905466564,0.999999143325819,0.0037287860559695,0.309900776209235,-0.00487820937750666,-0.0222353005770268
3.68652012678799,-0.0744734932990661,-0.0012998072975265,0.999999155250138,0.00495677970131082,0.309838469681529,-0.0337833815049953,-0.0160331282792112
3.68836442196892,-0.0740337995007257,-0.00129213319948936,0.999999165195549,0.00416099578905274,0.309801733655862,-0.0199187342934812,-0.0145469565262842
3.69141782842351,-0.073340734938351,-0.0012800369509508,0.999999180752366,0.00396156185631641,0.30974385909823,-0.0189540955298985,-0.0138660162600391
3.69556995485767,-0.0723733031055208,-0.00126315209383054,0.999999202223076,0.00406655987943526,0.30963751770472,-0.0256113090956664,-0.0112533149577402
3.69948309634225,-0.0714227107733101,-0.00124656114085205,0.999999223042359,0.00423980735341776,0.309503917953125,-0.0341413036360037,-0.00622691364568806
3.70278393255506,-0.0708494968260917,-0.00123655667786557,0.999999235463499,0.00303088976619918,0.309457942823232,-0.0139283281352406,-0.0139701406208032
3.70547862581982,-0.0703062376448592,-0.00122707502365501,0.99999924714316,0.00351864218766313,0.3093838268636,-0.0275044141760273,-0.0162748007371583
3.70775642811396,-0.0697708334699693,-0.00121773046495594,0.999999258565982,0.0041024480942969,0.309287268495917,-0.0423910222289198,-0.0139282396549552
3.71072386465977,-0.0691277143061289,-0.00120650592631004,0.99999927217146,0.00378257351703665,0.309171532099463,-0.0390021470272413,-0.0135630816253531
3.71509560313406,-0.068195173195833,-0.00119023002521216,0.999999291675993,0.00372298408987303,0.308987381248302,-0.0421230254838624,-0.0134874486887005
3.71775307078425,-0.0676141757753343,-0.00118008971440047,0.999999303693891,0.0038157822664624,0.308859496008524,-0.0481229714192646,-0.0124115668964268
3.72041053843444,-0.0670579067147939,-0.00117038099447185,0.999999315103929,0.00365337528481687,0.308732231056346,-0.0478895583803659,-0.0125220313683135
3.72422978793321,-0.0662505024360391,-0.00115628914094861,0.999999331497488,0.00368969428771183,0.308532323012454,-0.0523422321470318,-0.0119790878152718
3.72811413261923,-0.0654603072904387,-0.00114249764303473,0.999999347349355,0.00355053635524221,0.308323054640454,-0.0538748203147228,-0.0127212407144566
3.73091554195395,-0.0648951539610171,-0.0011326338630399,0.99999935857006,0.00352100860620008,0.308163310924493,-0.0570226257125862,-0.0133608635209496
3.73371695128866,-0.0643110426913967,-0.0011224392046675,0.999999370064917,0.00363912004095657,0.307988110748573,-0.0625400128961492,-0.0127877443285302
3.73738390052089,-0.0635634595168888,-0.00110939142496391,0.999999384625144,0.0035582133815761,0.3077517847905,-0.0644475674752581,-0.0126826984852552
3.74047003553449,-0.0629197701300466,-0.00109815693264703,0.999999397025494,0.00364031356730592,0.307536386112753,-0.0697956106258279,-0.0115667819962595
3.74355617054809,-0.0622922921998366,-0.00108720538331914,0.999999408992053,0.00354863148161322,0.307316494736004,-0.0712513794048906,-0.0111015004850052
3.7471878349995,-0.0615560948691758,-0.00107435632345922,0.999999422879079,0.00353806568209092,0.307045514474775,-0.0746159962886744,-0.010396152626046
3.75150289111258,-0.0607433787861574,-0.00106017176000525,0.999999438017762,0.00328722759585716,0.306727540434796,-0.0736894333808984,-0.0123687357644625
3.75367534867492,-0.0603059281050629,-0.00105253680956494,0.999999446082979,0.00351443214934511,0.306550052983117,-0.0816989269456301,-0.0119271337685611
3.75584780623727,-0.0598729583622062,-0.00104498006614641,0.999999454008182,0.00347843276911144,0.306369289133685,-0.0832070796529373,-0.0114925575662894
3.75925965694901,-0.0592126275768295,-0.00103345512601268,0.999999465985109,0.00337791636587057,0.306082638406544,-0.0840161986438629,-0.0116243648528808
3.76392543661977,-0.0583590018891491,-0.00101855655502498,0.999999481271138,0.00319315953193886,0.305689132739219,-0.0843386732961952,-0.014091893633537
3.76671503785176,-0.0577665298714654,-0.00100821597290015,0.999999491750147,0.00370683354880451,0.305414264683032,-0.0985330996542137,-0.0108938473644217
3.76950463908375,-0.05722543775549,-0.00099877213867481,0.999999501226983,0.00338537238658593,0.305149974995797,-0.0947410275724882,-0.0102834860622593
3.77279010474398,-0.0565975738462367,-0.000987813851609849,0.999999512111778,0.00333538487513656,0.304832281832725,-0.0966965404378799,-0.00987074409906347
3.77673195139445,-0.0558480994083745,-0.000974733061307449,0.999999524947617,0.00331844380568578,0.304438687144245,-0.0998503299036687,-0.00924820166446852
3.77919226890855,-0.0554146114820654,-0.000967167273292035,0.999999532293623,0.00307512812406395,0.304197677442566,-0.097958779831355,-0.0105963572167557
3.78165258642265,-0.0549569805768058,-0.000959180110941255,0.999999539986652,0.0032463964548836,0.303942340729461,-0.103782016606581,-0.0104964501916701
3.78568372515246,-0.0542228087415845,-0.000946366400957321,0.999999552195217,0.0031786839051857,0.303517257963409,-0.105449798318346,-0.0108862251189988
3.79086701127065,-0.0533860245035506,-0.000931761767314457,0.99999956590991,0.00281764111597985,0.302986683795398,-0.102362508245349,-0.0168262269080061
3.79286414833059,-0.0529196779842837,-0.000923622488600441,0.999999573460658,0.00407547502857299,0.30272450537056,-0.131277131698951,-0.0110156997108155
3.79486128539053,-0.0525431038844064,-0.00091705003346336,0.99999957950953,0.00329093984205028,0.302490641333505,-0.117099643157197,-0.0100736875225201
3.79842974162117,-0.0518945514683051,-0.000905730663131808,0.999999589825899,0.00317206497743923,0.3020725059016,-0.117175440829103,-0.0095384621323583
3.80211735449531,-0.0512147325371797,-0.000893865589269553,0.999999600502074,0.00321754996266409,0.301625107701045,-0.121324611835409,-0.00818882755827317
3.80580496736946,-0.050540372720578,-0.000882095794767077,0.999999610953429,0.00319171223892943,0.301167724552437,-0.12403231147569,-0.00681670276641801
3.80963436455894,-0.0499448913642235,-0.0008717026884604,0.999999620067139,0.00271403298962119,0.300717568800555,-0.117552640691995,-0.010626641728575
3.81186166426456,-0.0495435857185405,-0.000864698586276154,0.999999626148108,0.00314466203463559,0.300430424813556,-0.128920228505681,-0.00999403007043609
3.81408896397018,-0.049147608476035,-0.000857787482194601,0.99999963210025,0.0031029082557937,0.300140970931709,-0.129957311589896,-0.00941872760442425
3.81747590540688,-0.0485678822238296,-0.000847669354012092,0.999999640728269,0.00298739498463024,0.299700799020662,-0.129961476828909,-0.00952574238948996
3.82215130070515,-0.0478068836635727,-0.000834387428230118,0.999999651898749,0.00284081444072493,0.299091500703936,-0.130320171420025,-0.0114578176501789
3.82471777789734,-0.0473243713579899,-0.00082596600271833,0.999999658890023,0.00328131823630299,0.29872638480863,-0.142263448284541,-0.00879188148805432
3.82728425508954,-0.0468898043611527,-0.000818381380366522,0.999999665125902,0.00295526682971358,0.298372984477806,-0.137698605660358,-0.00859188691151984
3.83091275893283,-0.0462738803348606,-0.00080763148171837,0.999999673865642,0.00296262665418406,0.297863790841982,-0.140331568551466,-0.0080237986933944
3.83551134574127,-0.0454662910280657,-0.000793536393828035,0.999999685149946,0.00306509216736001,0.29719389429465,-0.145674437656002,-0.00540429979871991
3.8377921193116,-0.0451446628704671,-0.000787922925265745,0.999999689588684,0.00246121333140145,0.296883578354679,-0.136057320203911,-0.00830496509093297
3.84007289288194,-0.0447740808292307,-0.000781455050488673,0.999999694663955,0.00283582590243098,0.296551833175848,-0.145452921388404,-0.0084201564910824
3.84385252917169,-0.0441667693293601,-0.000770855468423443,0.999999702890879,0.00280439292180132,0.295995734165084,-0.147130297238199,-0.00873254659857287
3.84876326530576,-0.0434910120810145,-0.000759061282946415,0.999999711912943,0.00240171505978929,0.295297404258794,-0.142204730049504,-0.014873810723981
3.8516258559914,-0.0429206032985333,-0.000749105774440428,0.99999971942023,0.00347779771188676,0.294819283763029,-0.167023702747308,-0.00873859399758847
3.85448844667704,-0.0424314932255685,-0.000740569195630524,0.999999725778596,0.00298211729002181,0.294364058360867,-0.159025670154259,-0.00677527681150057
3.85734109627696,-0.0419861641074592,-0.000732796738373598,0.999999731504434,0.00272464566493876,0.293919456548265,-0.155855739385264,-0.00693562900226642
3.86062274972046,-0.0414757694529915,-0.000723888673531377,0.99999973799256,0.00271450576924315,0.293401437760854,-0.157852983665016,-0.0070471590527374
3.86524122721113,-0.040818454883408,-0.000712416373029259,0.999999746231424,0.00248400116353239,0.292681157558254,-0.155956200729644,-0.0100021649036686
3.86742208062824,-0.040447424033861,-0.000705940664706632,0.999999750823858,0.00296934672466012,0.292314281083314,-0.16822610454316,-0.00822284029467696
3.86960293404535,-0.040102059395648,-0.000699912916139038,0.999999755060925,0.00276394094599793,0.291953241660148,-0.165549605641903,-0.00761098202003048
3.87306378611153,-0.0395787351287343,-0.000690779186833949,0.999999761412029,0.00263915687194211,0.29138240953106,-0.16493976574923,-0.00775908871607373
3.87782721225432,-0.0389038083278393,-0.000678999494711217,0.999999769479817,0.00247294584453803,0.290599618945688,-0.164333520014065,-0.0100999493291399
3.88033234405263,-0.0384748069188143,-0.00067151200933509,0.999999774535785,0.0029888595435344,0.29015553512283,-0.177269644319111,-0.00711428137825097
3.88283747585093,-0.0380990078441693,-0.000664953079620995,0.999999778918677,0.00261819804568191,0.289726239141926,-0.17136662477944,-0.00690007803818235
3.88647254825933,-0.0375526497775901,-0.000655417334542444,0.999999785214036,0.00262326195610384,0.289095666538422,-0.173469062692445,-0.00635112397537471
3.8911049843173,-0.0368181773915639,-0.000642598375841141,0.999999793533642,0.00276721820673044,0.288266198260165,-0.179056606044164,-0.00318371714307682
3.89354573603417,-0.0365286068749386,-0.000637544417944617,0.999999796768537,0.00207065671485352,0.287858342694128,-0.167102439473719,-0.00668981358747212
3.89598648775103,-0.0361788333451499,-0.000631439719442306,0.999999800641921,0.00250115556160856,0.287425352193722,-0.177400469459441,-0.00681832342364909
3.89956878947152,-0.0356717385530969,-0.000622589247441064,0.999999806191296,0.00247061091766981,0.286785410145493,-0.178639907567768,-0.00713128015376462
3.90417147529935,-0.0350754534379456,-0.000612182110884507,0.999999812616514,0.00226110121987872,0.28597135403073,-0.176865453175388,-0.0102286408014589
3.90682019474514,-0.0346319444481299,-0.000604441420182243,0.999999817325268,0.00292242809889811,0.28546142520585,-0.192519002226003,-0.00638886668058564
3.90946891419094,-0.0342538104414092,-0.000597841737943689,0.999999821292612,0.00249165061309948,0.284970587534885,-0.185311310242862,-0.00594900824212037
3.91281493482633,-0.0337814009130286,-0.000589596637708887,0.999999826187887,0.00246415147617955,0.284346531302211,-0.186506988651481,-0.0055228028946117
3.91696379335852,-0.0331880799416382,-0.00057924123500546,0.999999832239782,0.00249596470729476,0.283561067776795,-0.189320392421976,-0.00428389833585482
3.91960645521767,-0.0328634630077616,-0.000573575601642786,0.999999835505501,0.00214391193646227,0.283074601942015,-0.184081755709598,-0.00626281461267093
3.92224911707683,-0.0325039899511459,-0.000567301614253424,0.999999839084426,0.00237411698678601,0.28257181237579,-0.190258759168715,-0.00623668188178834
3.92588253824492,-0.0320205579570861,-0.000558864135585226,0.999999843835427,0.0023221860652764,0.281878033592931,-0.19094367285317,-0.0065759559592395
3.93049860961326,-0.031429818588975,-0.000548553790171127,0.999999849544358,0.00223357616725743,0.280994541545174,-0.191394798143013,-0.0080481150709798
3.9326936066109,-0.0310985076168736,-0.000542771323720841,0.999999852699634,0.00263438506630109,0.280552474776855,-0.201397436440429,-0.0057708167513459
3.93488860360854,-0.0308064590314746,-0.000537674115073628,0.999999855453263,0.00232219424285813,0.280121806381509,-0.196204548712147,-0.00559996348156812
3.93861166825143,-0.0303102897219372,-0.000529014328206544,0.99999986007191,0.00232598381424821,0.279385240230775,-0.197838668243231,-0.00511243093995965
3.94353243769196,-0.0295591498277358,-0.000515904465699002,0.999999866921282,0.00266418991081572,0.278366793579058,-0.206968984023141,0.0010500102708106
3.94654638318702,-0.0292734595296232,-0.000510918230013102,0.999999869481273,0.0016543883594551,0.27779892527518,-0.18841359434259,-0.00434148978521552
3.94956032868209,-0.0289446967827687,-0.000505180238363126,0.999999872396455,0.00190381425274851,0.277211184400125,-0.195007134673586,-0.00733462033867227
3.95225864740029,-0.0285835685244629,-0.000498877362027974,0.999999875560681,0.00233585346567917,0.276657423776512,-0.205224319824065,-0.0063158128044028
3.9552236917047,-0.0281976777630838,-0.000492142298515723,0.999999878897972,0.00227148860106206,0.276048710555412,-0.205296501032495,-0.0056152232151775
3.95958253858195,-0.0276295629232141,-0.000482226825207312,0.999999883728638,0.00227479302769566,0.275145875561427,-0.207127026805434,-0.00434151884940034
3.96207477144201,-0.0273199682980819,-0.000476823380273529,0.999999886319726,0.00216811424069549,0.274631034203437,-0.206578352384054,-0.00419097852540751
3.96456700430208,-0.027022433185766,-0.000471630413507257,0.99999988878237,0.00208366057338173,0.274117575481672,-0.206023574278489,-0.00464070754966399
3.96831816469532,-0.026558666495145,-0.000463536158679706,0.999999892567109,0.00215780048408234,0.273333674416445,-0.20897561902166,-0.00428938653646894
3.97231602779791,-0.0260898249698918,-0.000455353331257642,0.999999896326667,0.00204680052211931,0.272500219937094,-0.208474992255474,-0.00500800250209105
3.97513110055735,-0.0257635557090714,-0.000449658858991292,0.99999989890345,0.00202285103654122,0.27191043221875,-0.209510648123447,-0.00563022649580004
3.97794617331678,-0.0254185127767442,-0.000443636724362145,0.999999901593224,0.00213924674225961,0.271310476032056,-0.213122799289099,-0.00510441227610445
3.98164969415282,-0.0249800105663067,-0.000435983417752957,0.999999904959225,0.00206649501602143,0.270521419312094,-0.213055833865926,-0.00505522513886032
3.98456631050369,-0.0246208740168251,-0.000429715303087455,0.999999907672375,0.00214910516113697,0.269890976625878,-0.216155507058143,-0.00410590357202572
3.98748292685456,-0.0242790709907159,-0.000423749715431747,0.999999910218085,0.00204537981044756,0.269263112785499,-0.215271316089653,-0.00395631817613432
3.99136437346227,-0.0238171109954171,-0.000415686993211486,0.999999913602158,0.00207724689924454,0.268419552564213,-0.217331398970968,-0.00317434624687193
3.99504187636599,-0.0234186519319499,-0.000408732571210421,0.999999916468839,0.00189107195126468,0.267628594278146,-0.215080261464175,-0.00430330455822153
3.99781365791674,-0.0231188388904265,-0.000403499846926942,0.999999918593933,0.00188785610236104,0.267029032645748,-0.2163091215591,-0.00511536692268282
4,-0.0228560624264691,-0.000398913532803264,0.999999920433994,0.00209771129958535,0.266544612908153,-0.221566305339697,-0.00424812722694048
4.00372324119096,-0.0224434871797757,-0.000391712736898894,0.999999923280563,0.00193401289298929,0.265727795264653,-0.21938348917131,-0.00446455992756524
4.00893226080481,-0.0218926296769531,-0.000382098460484974,0.999999927000381,0.00184569800966051,0.264585484132436,-0.21929484181246,-0.00600992122742697
4.01098134976433,-0.0216345116312817,-0.000377593451054196,0.99999992871159,0.00219854278890757,0.264118601618207,-0.227848826211071,-0.00406280391381052
4.01303043872385,-0.0214066462858054,-0.000373616450804979,0.999999930205371,0.00194086279723576,0.263660922921656,-0.223357162911406,-0.00380823667039827
4.01652188744161,-0.0210202709792873,-0.000366872930020052,0.999999932702124,0.00193143929419217,0.262878217956098,-0.224177706399259,-0.00337572701693013
4.02120174043275,-0.0204321514622571,-0.000356608308724277,0.999999936415255,0.00219336419046923,0.261797255188154,-0.230982206063229,0.00126785622300921
4.02530579568767,-0.019919308240044,-0.000347657506505091,0.999999939567127,0.00218096546420024,0.260843992142498,-0.232273443324753,0.005757015904598
4.02705229583606,-0.0198608000776657,-0.000346636346493828,0.99999993992162,0.000584689370757455,0.260493368263726,-0.200758001133625,-0.00126269518469024
4.02879879598446,-0.0197086430549528,-0.000343980705625784,0.999999940838635,0.00152055012924634,0.260108401602043,-0.22042177439085,-0.00297033935941705
4.03197616507486,-0.019388021645652,-0.000338384806706806,0.99999994274786,0.00176117381565659,0.259389828599741,-0.226153456478727,-0.00352882641447529
4.03624270656414,-0.0190171991733164,-0.000331912733987662,0.999999944916967,0.00151693663331238,0.258440910358115,-0.222409238023344,-0.00724222838549846
4.03913216802492,-0.0186842409414553,-0.000326101516884594,0.999999946828899,0.00201117664882373,0.257765807150708,-0.233643264175747,-0.00528094732136462
4.0420216294857,-0.0183578839470557,-0.000320405513093012,0.999999948670152,0.00197130301493934,0.257090387230942,-0.233752873652797,-0.00351788582892453
4.04539981993412,-0.0179921928100001,-0.000314022999027162,0.999999950694777,0.00188932935677409,0.256303045858236,-0.233066011146227,-0.00216078792493411
4.04877801038255,-0.0176303445787831,-0.000307707556305071,0.999999952658029,0.00186947512985866,0.255513553321063,-0.2337027912505,-0.000830182191573707
4.05207141070251,-0.017315697417074,-0.000302215927606563,0.999999954332766,0.00166746475385892,0.254754109624763,-0.230595622310828,-0.00141366184350427
4.05516980913517,-0.0170496012750322,-0.000297571674009927,0.999999955725548,0.00149892078324412,0.254047332613812,-0.228110433926714,-0.00346466270155461
4.05826820756782,-0.0167649878945974,-0.000292604233642388,0.99999995719138,0.00160322847167072,0.253331170298579,-0.231139516365593,-0.00441402055178
4.06138336473022,-0.0164565795211058,-0.000287221492310455,0.999999958751906,0.00172791974129771,0.252600447225227,-0.234570211151099,-0.00404520314052222
4.06497123873949,-0.0160954310214571,-0.00028091826215728,0.999999960542464,0.00175681486897705,0.25175334712692,-0.236100848613367,-0.0031516387963255
4.06776416090676,-0.0158080687830095,-0.000275902845144851,0.999999961938809,0.00179575974783416,0.251089262197246,-0.237774234261519,-0.00194772799790407
4.07055708307403,-0.0155484281375901,-0.00027137126117994,0.999999963178819,0.00162252431796375,0.250432923612872,-0.235000671363453,-0.00214275224773957
4.07416827684051,-0.0152059352142026,-0.000265393632217339,0.999999964783109,0.0016553055760597,0.249578804430154,-0.236519898390885,-0.0018845728418695
4.07773828207109,-0.0148962250287284,-0.000259988169940365,0.999999966203075,0.0015141329254054,0.24874135748769,-0.234578631787761,-0.00300413736477475
4.08130828730167,-0.014629740649439,-0.000255337140271026,0.999999967401472,0.00130280756562971,0.247916035814715,-0.231182202733456,-0.00630265885013238
4.08434331981812,-0.0143279516663882,-0.00025006992903873,0.999999968732515,0.00173547115950822,0.247185132374767,-0.240822276527231,-0.00498603348319169
4.08735788622919,-0.0140132923670424,-0.0002445780884111,0.999999970090779,0.0018217680577356,0.246451628133908,-0.243319980666796,-0.00272414183849484
4.09044140709127,-0.0137105560535739,-0.000239294343130367,0.999999971369108,0.00171354295031568,0.24570589235293,-0.241845544211433,-0.00129481174666943
4.09352492795336,-0.0134321927914894,-0.000234435987826695,0.999999972519883,0.00157558701797856,0.244966590293291,-0.239759058785511,-0.00104494697301155
4.0969174083113,-0.0131367052186406,-0.000229278756920383,0.999999973715625,0.00152019481347048,0.244154513597715,-0.23937550402493,-0.00120868009607681
4.10016039982869,-0.0128809711256381,-0.000224815355102937,0.999999974729028,0.00137632241976502,0.243385304768682,-0.237191131986357,-0.00267902995845892
4.10340339134608,-0.0126225370699274,-0.000220304830043218,0.999999975732891,0.0013908532129183,0.242612818899293,-0.238201631193434,-0.00389622548866109
4.10658807706021,-0.0123425019311898,-0.000215417294966961,0.999999976797694,0.00153469938040427,0.241842681377299,-0.241825282343572,-0.00356717399410246
4.11013648831742,-0.0120137501050315,-0.00020967949330817,0.999999978017255,0.00161700585768835,0.240976119020988,-0.244211364888467,-0.00216721576848522
4.11285823768054,-0.0117643975160556,-0.000205327469725867,0.999999978920315,0.0015989803230906,0.240310679403267,-0.244489675184673,-0.00106925619977515
4.11557998704365,-0.0115430476413534,-0.00020146418569335,0.999999979706091,0.00141941214896194,0.23965370483216,-0.241379525980836,-0.00140830231037382
4.11917873556499,-0.0112405519152338,-0.000196184639403711,0.999999980755793,0.00146705066016303,0.238779303397396,-0.242973753119435,-0.00119981374777006
4.12279353633262,-0.0109633528335916,-0.000191346602836379,0.999999981693239,0.0013383964896467,0.237907967299536,-0.241046783453466,-0.00225482113454113
4.12640833710024,-0.010734136723789,-0.000187346027093427,0.999999982450733,0.00110672097076569,0.2370512459423,-0.237003755479033,-0.00575163073880693
4.12945777358783,-0.010462039426785,-0.000182597033456177,0.999999983329162,0.00155733485115088,0.236298661689759,-0.246794532564953,-0.00440571701319674
4.13245718651265,-0.0101762962192466,-0.000177609873750312,0.999999984227366,0.00166271197456007,0.235550366105007,-0.249480682889276,-0.00196244962337343
4.13623743785107,-0.00979182611346874,-0.000170899604630888,0.999999985396662,0.00177508546935002,0.23459638425811,-0.252359370183243,0.00254659870893944
4.13930746736605,-0.00954486696672197,-0.000166589354463611,0.999999986123993,0.00140397680466033,0.233843069815923,-0.245376938075834,0.00293304572601241
4.14191938288392,-0.00940688322361184,-0.000164181083865049,0.999999986522286,0.000922032360931752,0.233226591457253,-0.236025382310903,-0.000573331511694114
4.14586482132878,-0.00913507430281085,-0.000159437123322888,0.999999987289902,0.00120239123498274,0.232270750096789,-0.242264927921479,-0.00227584036365559
4.14842408733689,-0.0089384014919828,-0.000156004535267482,0.999999987831292,0.00134123928002518,0.231642184368804,-0.245603905961762,-0.00229391610752003
4.15098335334499,-0.0087314708560992,-0.000152392914391007,0.9999999883882,0.00141119403296843,0.231008970776989,-0.247419998472166,-0.0016384925984983
4.15469132018946,-0.00845426424088463,-0.000147554746301619,0.999999989113798,0.0013048035073511,0.230097854584659,-0.245718538095771,-0.00176119107162383
4.15833215817792,-0.00816310273881563,-0.0001424730194889,0.999999989850719,0.00139575748282569,0.2291945513461,-0.248103112915472,-0.000721490902509093
4.16197299616639,-0.00783212594554747,-0.000136696384754962,0.999999990657049,0.00158662231291902,0.228275234107661,-0.252501550838282,0.0026234031811194
4.16509705900398,-0.00762043669909995,-0.000133001710446981,0.999999991155272,0.00118265045668139,0.22751068790996,-0.24472817527942,0.0017798013005168
4.16815880162848,-0.00744616385325402,-0.000129960075516441,0.999999991555189,0.00099343260680811,0.226771953872974,-0.241278947183546,-0.000759890808733892
4.17176742120475,-0.00726494497115944,-0.000126797209383172,0.999999991961234,0.00087647536474317,0.225908337778445,-0.2393203484809,-0.00491299025638461
4.17473038713574,-0.00703955692720167,-0.000122863445952131,0.999999992452287,0.00132764383840821,0.225170799049112,-0.248919071805493,-0.00418973286310743
4.17742393116776,-0.00680184126130653,-0.00011871452492896,0.999999992953431,0.0015403204863648,0.224487741115825,-0.253590780461443,-0.00163950783508392
4.18176944961707,-0.00644469862784095,-0.0001124812101174,0.999999993673989,0.0014344237461933,0.223393366955655,-0.251839722448669,0.00113428274087433
4.18410401689571,-0.0063061451470589,-0.000110062995702625,0.999999993943068,0.00103582983102166,0.222823520679934,-0.244090749036641,5.67219220908369e-06
4.18643858417436,-0.00615752783828679,-0.000107469134354442,0.999999994225193,0.00111106730024684,0.222249505059277,-0.245876666698817,-0.000611266939305462
4.19005832759124,-0.00590570004459828,-0.000103073910230902,0.999999994687884,0.00121423638134081,0.221350753908204,-0.248291397362888,-0.000324265906145035
4.1951931529899,-0.00554411535364076,-9.67630668804009e-05,0.999999995318454,0.00122902784263339,0.220072012105739,-0.249033161438893,0.000703597947038382
4.19729656004887,-0.00542672941166253,-9.47142957067154e-05,0.999999995514601,0.000974025058221788,0.219558388117561,-0.244186680836883,-0.000647194516105433
4.19939996710784,-0.00528775398245973,-9.22887168983577e-05,0.999999995741396,0.00115316662489066,0.219036675767993,-0.248032042748898,-0.000677145377266878
4.20293527289826,-0.00506143486274623,-8.83387031152539e-05,0.999999996098137,0.00111730470668524,0.218161493633833,-0.247554861174862,-0.000979186296846832
4.20767853378903,-0.00483535871703544,-8.43929300271006e-05,0.999999996438917,0.000831869297037672,0.217013174171969,-0.242094940233675,-0.00537803729761381
4.2119355721736,-0.00459277747037551,-8.01590885836255e-05,0.99999999678726,0.000994550923749844,0.215966893058673,-0.245776762805157,-0.00743381204695192
4.21374801873619,-0.00439019238565849,-7.66233118507478e-05,0.999999997064434,0.0019508308916354,0.215485696374995,-0.265495653008616,-0.00231730467539048
4.21556046529878,-0.00425016570887227,-7.41793853071502e-05,0.999999997248709,0.00134841302413342,0.215026500972594,-0.253356657171472,-0.000870479861751889
4.21847095181489,-0.00405634137378687,-7.07965124983104e-05,0.999999997493927,0.00116230492703213,0.214299650196329,-0.249735146424376,-0.000244157779502055
4.22244006430917,-0.0037788209241175,-6.59528669212918e-05,0.99999999782511,0.00122033467061609,0.213302786454843,-0.251155325761642,0.00144561455489478
4.22644981377409,-0.00345626922938267,-6.03232778515097e-05,0.999999998180551,0.00140397526834444,0.212279668896839,-0.255157477282405,0.0056591975944594
4.22919957066488,-0.00339589516319683,-5.92695516156338e-05,0.99999999824356,0.000383207054154248,0.211634670311819,-0.234565676398687,-7.33498409514755e-05
4.23194932755567,-0.00324772694404527,-5.66835283489694e-05,0.999999998393489,0.000940455237942363,0.210958008832189,-0.246080474203373,-0.00102721907091441
4.234939122456,-0.00306807838133333,-5.35480694379341e-05,0.999999998566302,0.00104872040401724,0.210215208999157,-0.248445079945402,-0.00096444390608063
4.23855689930731,-0.0028562540672863,-4.98510377269779e-05,0.999999998757437,0.00102190706277524,0.209317744454698,-0.248070729993794,-0.00107478161837603
4.24176603389762,-0.00264219657363818,-4.61150296785544e-05,0.999999998936702,0.00116417929743738,0.208511814825878,-0.251136125999284,0.000349541565195993
4.24497516848792,-0.00243761871510876,-4.2544472474047e-05,0.999999999094984,0.00111262307875815,0.207708789167436,-0.250231218368711,0.00138202820614799
4.24825345612742,-0.00224941928947901,-3.92597728491947e-05,0.999999999229335,0.00100195589552046,0.20689540337744,-0.248113002714226,0.00143094349104276
4.25193903258514,-0.00206567935356986,-3.60529060024518e-05,0.999999999350094,0.000870112690865973,0.205990366941978,-0.245561704076771,0.000140021172324686
4.25454473592253,-0.00193573047920888,-3.37848702869755e-05,0.999999999429291,0.00087041210114342,0.20535019664867,-0.245680421143989,-0.000785710780344326
4.25715043925993,-0.00178192466010878,-3.11004523363654e-05,0.999999999516381,0.00103020858648703,0.204701318888806,-0.249022116428922,-0.00033000410839518
4.26076677927176,-0.00158552662891319,-2.76726600490497e-05,0.999999999617112,0.000947862279978908,0.203806500025528,-0.247437702303617,-0.000497996996715926
4.26470961159515,-0.00135219387480183,-2.36002352384011e-05,0.999999999721514,0.00103286786705055,0.202823664731744,-0.249271389999482,0.000458447905528386
4.26752302534762,-0.0011883507210031,-2.07406327484656e-05,0.999999999784913,0.00101641732863703,0.202123080046305,-0.249015874335099,0.00114386688348393
4.27033643910009,-0.00104670132543029,-1.82683844127311e-05,0.999999999833133,0.000878736138270604,0.201430224619096,-0.246268586197298,0.00069103754367739
4.27404308421126,-0.000849900383692633,-1.48335600088556e-05,0.999999999889983,0.000926666649039343,0.200513558978953,-0.247303319484351,0.000749182355141653
4.27685187828079,-0.000716983456163998,-1.25137219920636e-05,0.999999999921703,0.000825919579573133,0.199824563716561,-0.24529931541347,-1.94217103186949e-05
4.27966067235031,-0.000570732564024248,-9.96116239040773e-06,0.999999999950388,0.000908774206522606,0.199130730217289,-0.247021847133623,5.11710614142097e-07
4.28373538538237,-0.000374475707505043,-6.53583406465171e-06,0.999999999978641,0.00084063056684586,0.198129714312401,-0.245665374963141,-0.000701844901963018
4.28754409071218,-0.000162384734003033,-2.83414826332432e-06,0.999999999995984,0.000971901336762581,0.197183766664391,-0.248364618971239,0.000273794454206815
4.29025443324601,-9.2976719773994e-06,-1.62274988776031e-07,0.999999999999987,0.0009858064953775,0.196509818569883,-0.24865790434042,0.00123584214037747
4.29296477577984,0.000117577789815636,2.05211955949926e-06,0.999999999997894,0.00081701649169184,0.195845188904642,-0.245219804118565,0.00082770396811194
4.29657641090082,0.000298250442986991,5.20545222563112e-06,0.999999999986452,0.00087310388799864,0.194955441026486,-0.246355971285303,0.000996808849517965
4.3,0.000446943248895167,7.80063126270206e-06,0.999999999969575,0.000758028770960343,0.194120105794109,-0.243994009846695,4.78049365401113e-05
4.30393485164143,0.000550304905458195,9.60463248997395e-06,0.999999999953876,0.000458467406584169,0.193184158742947,-0.237860823342571,-0.00454613976943583
4.3071501026293,0.00071363952476634,1.24553593792182e-05,0.999999999922432,0.000886626549584625,0.192391449383191,-0.246546649934401,-0.0040554911557808
4.3100355091757,0.000927151967205994,1.61818544933809e-05,0.999999999869074,0.00129149742146093,0.191656377581003,-0.254755019913735,0.000116079602345019
4.31333265988201,0.00113187174558387,1.97548886694493e-05,0.999999999804872,0.00108367329700996,0.190830538592472,-0.250470500771995,0.00286553454917922
4.31629446006106,0.0012621682659036,2.20289919524234e-05,0.999999999757362,0.000767811177660065,0.190107929743865,-0.243976232332865,0.00257206902895572
4.31924567763347,0.00137288208958477,2.39613127026211e-05,0.999999999712928,0.000654753742582612,0.189394884400293,-0.241610564479755,0.00129906897387528
4.32278500285108,0.00150747972245356,2.63104845608294e-05,0.999999999653879,0.000663734388482435,0.18853936757272,-0.241717495560068,-3.41744101712768e-05
4.32632432806869,0.00160625239962251,2.80343929878003e-05,0.999999999607036,0.000487072625886485,0.187696917370544,-0.238025654716272,-0.0032177722527377
4.32934432044935,0.00176954400103188,3.08843690720104e-05,0.999999999523078,0.000943703071470821,0.186950265150727,-0.24723645814445,-0.00165237607304365
4.33244371931514,0.0019452668970633,3.39513121772857e-05,0.999999999423654,0.000989528369756915,0.186181381295213,-0.248075155476488,0.000499458519313874
4.33614842144043,0.00218842213435517,3.81951716587324e-05,0.999999999270564,0.00114553325494919,0.185250982296353,-0.251140028912574,0.00493601092825719
4.33916336313449,0.00230794202055846,4.02811871929827e-05,0.999999999188713,0.000691892496616966,0.184522043305157,-0.24177548528793,0.00451244385575425
4.34183297387037,0.00236544268185763,4.12847630538926e-05,0.999999999147784,0.000375925916185998,0.183894074471347,-0.235228614183596,0.00155090358849364
4.34537542842356,0.00248796230942136,4.34231339512784e-05,0.999999999057216,0.000603641025508292,0.183044795875129,-0.239742975800022,0.000195615262652847
4.34891788297675,0.00257123392077781,4.48764977414729e-05,0.99999999899305,0.000410270271583953,0.182210012275504,-0.235651181148617,-0.00319842847979879
4.35190737546858,0.00272574479623366,4.75732212454346e-05,0.999999998868394,0.000902067328890101,0.181476017624076,-0.245524835213255,-0.00150833883894123
4.35494564099059,0.00288815882003943,5.0407880708855e-05,0.999999998729523,0.000932986089033855,0.180728568255601,-0.246011865342803,0.000604943334472759
4.3587757421277,0.00312840922010077,5.46010412133764e-05,0.999999998509363,0.00109479106691741,0.179774343542995,-0.249138254694979,0.00524544028713844
4.36186572092799,0.00325722486474428,5.68492983369933e-05,0.999999998384079,0.000727596295127477,0.179028187698527,-0.241476040029511,0.00568980691220945
4.36446720583844,0.00328769796778237,5.738115431744e-05,0.999999998353702,0.000204443231316767,0.178428123883914,-0.230662039285013,0.00188060054950068
4.3685002288955,0.00340370428463327,5.94058464961478e-05,0.999999998235473,0.000502028417272132,0.177474156872089,-0.236538943201394,-0.000176013257415356
4.37097322518853,0.00350494920866166,6.1172903768163e-05,0.999999998128938,0.000714541012538163,0.176878956668856,-0.240679779791765,0.000115079819907854
4.37344622148157,0.00361092987212036,6.30226152853986e-05,0.999999998014075,0.000747963725628414,0.176282441283035,-0.241211597243887,0.000766852304653655
4.37712418463534,0.00374534715832007,6.53686394963445e-05,0.99999999786347,0.000637859629826741,0.175404228685878,-0.238776888304776,0.00058554653967044
4.3811135842599,0.00390954268525509,6.82343920520125e-05,0.999999997672034,0.000718341813745448,0.1744460934227,-0.240170289604346,0.00145881536695334
4.38395318405958,0.00402524210333515,7.02537278353097e-05,0.999999997532207,0.000711133938087857,0.173765168471516,-0.239796097767299,0.00214184439006196
4.38679278385925,0.00411911799941205,7.18921713059733e-05,0.999999997415758,0.000576998024506003,0.173092557563691,-0.23686820512551,0.00169426887127806
4.390508619873,0.0042516283161279,7.42049126193543e-05,0.999999997246815,0.000622401341447465,0.172209815100149,-0.237562276773622,0.0017143562979525
4.39321343859162,0.00433349177012808,7.56336994247023e-05,0.999999997139772,0.000528237548609103,0.171573070511142,-0.235411188418121,0.000978865947951595
4.39591825731025,0.00442888486620082,7.72986230299754e-05,0.999999997012461,0.000615539813695038,0.170932057421657,-0.236989298052406,0.00102699059034444
4.40014125374863,0.00456144021919487,7.96121503737441e-05,0.999999996830953,0.000547840232556603,0.169938192081437,-0.235346004838301,0.000324802048832631
4.40415332567974,0.00470926821581158,8.21922356328884e-05,0.999999996622218,0.000643080510990666,0.168987474309332,-0.236964288883682,0.000892910967699584
4.40674691780774,0.00481518145191246,8.40407703179055e-05,0.999999996468574,0.00071273145512779,0.168369894042207,-0.238117728865681,0.00196514846234187
4.40934050993575,0.0048942001889601,8.54199074452039e-05,0.99999999635172,0.000531747886399077,0.167762431131898,-0.234216823743733,0.00160168300038284
4.4129674089686,0.00501782673950219,8.75775977869741e-05,0.999999996165082,0.000594913266209237,0.166909228119316,-0.235243111223882,0.00186113514696132
4.41703587334568,0.00513406564172455,8.96063493416964e-05,0.999999995985351,0.000498652900616349,0.16596147317495,-0.232951515983664,0.00108830757419044
4.4197458924628,0.00520948750815937,9.09227092336206e-05,0.99999999586653,0.000485738232977245,0.165331688551382,-0.23239121067026,0.000455940277074879
4.42245591157993,0.00530435511847953,9.25784613802369e-05,0.999999995714614,0.000610974344469599,0.164695645373511,-0.234700624011144,0.000941611757477541
4.42616549194783,0.00541788256878057,9.455988917071e-05,0.999999995529214,0.000534137989377147,0.163831897254867,-0.232842540928917,0.000811776415160836
4.42952071267472,0.00554127159876274,9.67134339948919e-05,0.999999995323256,0.000641848930167695,0.163044395583493,-0.234709348646552,0.00188627093681262
4.43287593340161,0.00566728576085031,9.89127960169404e-05,0.999999995108129,0.000655504424774024,0.162257026287481,-0.234669895098757,0.00319240679947663
4.43621667100929,0.0057697167012676,0.000100700553174232,0.999999994929699,0.000535138456276581,0.16148232802062,-0.231894377182206,0.00334703623203686
4.43983864174078,0.00583914399980778,0.000101912288118305,0.999999994806943,0.000334551281641829,0.1606584557489,-0.227465193066106,0.00138799664065427
4.44239133047876,0.00590091287858142,0.000102990358422512,0.999999994696493,0.00042232736558385,0.160074028239052,-0.228945856638861,0.000637418731101999
4.44494401921674,0.00598462932086153,0.000104451485970496,0.999999994544943,0.000572387668776987,0.159482455505647,-0.231744953704894,0.00115444006716819
4.44853352061387,0.00608411403761367,0.000106187821823605,0.999999994362073,0.000483726197773275,0.158658223820843,-0.229622890092889,0.000984565352497191
4.45260272138537,0.00621498713500497,0.000108471988262209,0.999999994116914,0.000561330487245109,0.157719033732631,-0.230804558671906,0.00182431925779036
4.45534326475375,0.00630209898284689,0.000109992376815477,0.999999993950838,0.000554776319134002,0.157087859772218,-0.23030978735638,0.00245739109712095
4.45808380812213,0.00636837285578995,0.000111149074099311,0.999999993822942,0.000422068595684288,0.156464904363726,-0.227310910558635,0.00199340297074947
4.46180516571627,0.00647140989498284,0.000112947409673444,0.999999993621441,0.000483247185988291,0.155615670790358,-0.228205312681181,0.00213245444126657
4.46501320646282,0.0065383901175568,0.000114116435083544,0.99999999348872,0.000364404790958709,0.154892575685827,-0.225400847950059,0.00113503816349384
4.46822124720937,0.00661110977751505,0.00011538563257239,0.999999993343078,0.000395630104937486,0.15416859260204,-0.225677645947965,0.000492878912944805
4.47172596242978,0.00669452861098049,0.00011684156586472,0.999999993174024,0.000415421285491702,0.153377579041651,-0.225699810296231,6.17966148000471e-05
4.47573089538913,0.00683762058213477,0.000119338991877116,0.999999992879102,0.0006235874745378,0.152458409725668,-0.229509288997769,0.00213446730862392
4.47805209070314,0.0068970573822406,0.000120376359728361,0.999999992754766,0.000446911060191538,0.151934887237012,-0.225540042018703,0.00229288481231358
4.48037328601715,0.00694639039391015,0.000121237383205637,0.999999992650748,0.000370939695751143,0.15141559243446,-0.223718701919626,0.00184758736380869
4.48390117318777,0.00703828725991613,0.000122841286077761,0.999999992455009,0.000454635538638239,0.150621549198675,-0.225076142570155,0.00211360560821349
4.48878166814571,0.00719306823215099,0.000125542723641863,0.999999992119512,0.000553517134678657,0.149515705931919,-0.226584245303902,0.00416943554245498
4.49087812023047,0.0072036930818413,0.000125728162250025,0.999999992096215,8.84535406143241e-05,0.14906144112231,-0.216682657767683,0.00197474998432209
4.49297457231523,0.00724909177830732,0.000126520518973169,0.999999991996279,0.000377951270723237,0.148595351323952,-0.222323134282826,0.00173843434888381
4.49693326320969,0.00733383732563282,0.000127999607788426,0.99999999180805,0.000373630795297848,0.147717081396134,-0.2218586778392,0.00133383788104138
4.50073023693637,0.00739816427692366,0.000129122324876943,0.999999991663713,0.00029568734961399,0.146882569981369,-0.219783299763494,0.000102907388140561
4.50452721066305,0.00747413942400589,0.000130448341332047,0.999999991491615,0.000349229823992503,0.146045748821477,-0.220391611881061,-0.000479743117542251
4.50703476827122,0.00757411426191345,0.000132193231407636,0.999999991262475,0.000695852444206902,0.145476409190612,-0.22704947196824,0.00194087899500267
4.50954232587939,0.00762947961023884,0.000133159539018923,0.999999991134269,0.00038535809372568,0.144923748988184,-0.220397808859034,0.0019676570024454
4.513187252637,0.00771628709277091,0.000134674615390889,0.999999990931374,0.000415667168726867,0.144119629058964,-0.22061346707205,0.00238817871759238
4.51791165718057,0.00786515954117595,0.000137272929757042,0.999999990578071,0.000549977116948372,0.143067042575969,-0.222797703559641,0.0050792312288255
4.52012134429212,0.00785678934386924,0.000137126842256373,0.999999990598115,-6.61123021807767e-05,0.142603489884472,-0.209782049718415,0.00206672346780108
4.52233103140366,0.00789835834661889,0.000137852358214267,0.999999990498364,0.000328334251922191,0.142122833518549,-0.217522364777774,0.00182548545854189
4.5261503819399,0.00796864175161879,0.000139079035029269,0.999999990328511,0.000321174193131419,0.141294155432351,-0.2169683244146,0.00141034956651646
4.5311201762875,0.00792618233126844,0.000138337978352796,0.999999990431302,-0.000149112142630064,0.140266476611783,-0.206784979153679,-0.00625233271340864
4.53513060931154,0.00798600971810709,0.000139382163225928,0.999999990286306,0.000260367116703091,0.139406201887522,-0.214509186191692,-0.00776035343780559
4.53691619633395,0.00814565863682602,0.000142168562477211,0.99999998989405,0.00156049480866616,0.138976597794727,-0.240595438588153,-0.000591762254781365
4.53870178335636,0.00821444050741331,0.000143369032572405,0.99999998972266,0.000672311174063069,0.138579754359698,-0.222248162676124,0.00133558526454894
4.54156860299608,0.00828185634740205,0.000144545660936014,0.999999989553276,0.00041042985735768,0.137958845955402,-0.216584397460041,0.00204325662759716
4.54548435324291,0.00838467352256868,0.000146340159151291,0.999999989292279,0.000458276989373615,0.137108821009444,-0.217078437687918,0.00364017839851579
4.54944661166627,0.00853204209440524,0.000148912225915773,0.999999988912574,0.000649141605036213,0.136235521887398,-0.220404382737155,0.00773003363467872
4.55291495718491,0.00849034013722298,0.000148184389466447,0.999999989020693,-0.000209851196613676,0.135533648781568,-0.202365393545024,0.00227601876488027
4.55516550572447,0.00851723275920657,0.000148653754259386,0.999999988951031,0.000208555732017281,0.135059960900611,-0.210476633865624,0.00142769389590602
4.55741605426403,0.00856371323994526,0.000149464991677173,0.999999988830108,0.000360462088482326,0.134580046791115,-0.213243172079937,0.00178409908641591
4.56076531290494,0.00861755771989018,0.000150404755125673,0.999999988689205,0.00028058850026832,0.133872667585705,-0.211204711625089,0.00156955968665919
4.56536485590234,0.008658000718625,0.000151110618604954,0.99999998858279,0.000153463830580714,0.13291583750921,-0.208027205536328,-0.000479612319490855
4.5680754951475,0.00875111229214725,0.000152735722115876,0.9999999883359,0.000599527780238042,0.132328787406987,-0.21657256799181,0.00212810487944881
4.57078613439266,0.00879964681638823,0.000153582809354834,0.99999998820616,0.000312504605844177,0.131758690719033,-0.210318170878894,0.00236998262104275
4.57425109100582,0.00886284099691593,0.000154685755860041,0.999999988036158,0.000318314669256963,0.131031147955125,-0.209971680783622,0.00277618537444342
4.57852647032335,0.00894897784036458,0.000156189127367333,0.999999987802478,0.000351634653629805,0.130133044091254,-0.21006413634204,0.00385069596272603
4.58077671270556,0.0089517733022445,0.000156237917380657,0.999999987794857,2.1682114915314e-05,0.129676596519704,-0.20284373592709,0.00206996144337215
4.58302695508778,0.00898497986575922,0.000156817481240161,0.999999987704139,0.000257556195361439,0.129210109632056,-0.207305173582532,0.0019926296655475
4.58703095662373,0.00903676426479342,0.000157721289493297,0.999999987561997,0.000225726253149056,0.128384584039762,-0.206175143761011,0.00153908090564449
4.5922263677849,0.00894084750372925,0.00015604722622548,0.999999987824632,-0.000322219596579843,0.127375129436141,-0.194297346698175,-0.00779327182664372
4.59482674819889,0.00914321948149098,0.000159579283507211,0.999999987267226,0.00135828485198021,0.126782418718305,-0.227932311228698,0.00110379562275606
4.59742712861289,0.00920408027561829,0.000160641504736495,0.999999987097153,0.000408486864915331,0.126241094925828,-0.208171000505756,0.00242977328029381
4.60045399348819,0.00925071034409474,0.000161455352951286,0.999999986966084,0.000268874977533342,0.125620941031319,-0.204883243903298,0.00267992932073802
4.60415398615065,0.0093126672328322,0.000162536704639857,0.99999998679091,0.000292257796544895,0.124863080281945,-0.204827635758441,0.00330930294593857
4.60859449006939,0.00933368404168915,0.000162903517147817,0.999999986731222,8.26060554225578e-05,0.123975387915433,-0.199908024574545,0.0014426361931301
4.6107175528329,0.0093701495125288,0.000163539959668781,0.999999986627341,0.000299775654484531,0.123542688015865,-0.20380928298739,0.00173751706501005
4.61284061559641,0.00940307241247127,0.000164114572664371,0.999999986533203,0.000270652857361434,0.123111972230555,-0.202874730183903,0.00200591335645321
4.61620754257564,0.00944096186642154,0.000164775868378644,0.999999986424457,0.000196409285765129,0.122435490205307,-0.200919719798104,0.00173900572209625
4.62079803380227,0.00944843404785145,0.000164906282545131,0.999999986402959,2.84096323944293e-05,0.121531839305396,-0.196852767013107,-0.000953872170292011
4.62386685720503,0.00954093291380189,0.00016652069228816,0.999999986135429,0.000526067991967772,0.120898524067886,-0.206370701207328,0.00199959073115514
4.6269356806078,0.0096097506260374,0.000167721787933587,0.999999985934701,0.00039138637339567,0.120275169085863,-0.203125074405309,0.00375351295190208
4.62989312767937,0.00963734457194585,0.000168203393136513,0.999999985853809,0.000162844912542356,0.119689670916405,-0.197974183573873,0.00340642143750352
4.63313922005806,0.00966286703882156,0.000168648844210407,0.999999985778784,0.000137226864872168,0.119050379789526,-0.196941754053849,0.00279751784629705
4.63632001588624,0.00967647771410385,0.00016888639530412,0.999999985738693,7.46829126821299e-05,0.118429690251697,-0.195136554295395,0.00161337857824015
4.63950081171442,0.00969928713305239,0.000169284494759548,0.99999998567138,0.000125157187893584,0.117807406649039,-0.195637707125066,0.000947480252173123
4.64291943156998,0.00973239275395826,0.000169862296836965,0.9999999855734,0.000169016184933628,0.117137417641924,-0.19598230731216,0.000727439708897618
4.64689177515694,0.00981164208784352,0.000171245458623158,0.999999985337496,0.000348197928006535,0.11634685714285,-0.199016142930904,0.00264492709960805
4.64926794739498,0.00983845928349541,0.000171713506976553,0.999999985257236,0.000196975771698926,0.115882547782027,-0.195402232796965,0.00287003502386301
4.65164411963301,0.00985316380480472,0.000171970149284541,0.999999985213134,0.000108006611502586,0.115423495200743,-0.193189943866872,0.00238679504103433
4.65521480015631,0.00989311089058666,0.000172667357447661,0.999999985092992,0.000195259186287355,0.114729117697339,-0.194466432623455,0.00263758862780757
4.66019641974761,0.00996561084466184,0.000173932720334816,0.999999984873704,0.000254006329260217,0.113758002847397,-0.194939583832889,0.0040827360628626
4.66236511561277,0.0099533696425331,0.000173719071056495,0.999999984910842,-9.85150960913246e-05,0.113352132360888,-0.187149564413716,0.00222860469847769
4.66453381147792,0.00997240497070038,0.000174051300202189,0.999999984853072,0.000153193057659496,0.112935940452125,-0.19190884044615,0.0021595508377559
4.66820192646615,0.00999866428414816,0.000174509611674206,0.999999984773198,0.000124944686970701,0.112235936466683,-0.19083479871481,0.00179167627498233
4.67308139905712,0.00994046412667181,0.000173493827316442,0.999999984949946,-0.00020817503412593,0.111341456935827,-0.183314797691967,-0.00366907293944602
4.67613847428403,0.0100591184191792,0.000175564735360779,0.999999984588512,0.000677414823700813,0.110727969462436,-0.200677912009033,0.00127380790212336
4.67919554951094,0.0101445449482791,0.00017705570953895,0.999999984325638,0.000487712630759265,0.110127911005855,-0.196285145781954,0.00452690879467429
4.68188693303147,0.0101450610732812,0.000177064717619448,0.999999984324043,3.34700742938318e-06,0.10962753287821,-0.18591855223451,0.00342605380636027
4.68480845906256,0.0101546292701099,0.000177231714154967,0.99999998429446,5.71607222947493e-05,0.109082583842011,-0.18652889976038,0.00270632398713241
4.68914925945635,0.0101656581363471,0.00017742420418054,0.999999984260326,4.43443630523434e-05,0.108276771143315,-0.185636893105795,0.00157118899721454
4.69166351456185,0.0101834464374854,0.000177734668598846,0.999999984205194,0.000123481671578145,0.10780747846998,-0.186652767377743,0.00145506965333764
4.69417776966735,0.010211744270601,0.00017822855895007,0.99999998411729,0.000196436056932747,0.107335551876931,-0.187700361835527,0.00197214421696362
4.6979399188102,0.0102340872211861,0.000178618516996182,0.999999984047713,0.00010365300191791,0.106638573033319,-0.18526082224493,0.001721480286914
4.70182170617958,0.0102781481559361,0.000179387525366757,0.999999983910058,0.000198106776522831,0.10591455994407,-0.186515391069422,0.00261639282496645
4.70472812856774,0.0103108441453784,0.000179958178025511,0.999999983807527,0.000196341959891287,0.105374305928599,-0.185882828893375,0.00335215973595024
4.70763455095591,0.0103213721303498,0.000180141926023884,0.999999983774443,6.32213686833577e-05,0.104843423382444,-0.18265842856055,0.00291359052371845
4.7113278480564,0.0103421714307268,0.000180504942291672,0.999999983708983,9.82905690533692e-05,0.104168323130414,-0.182790670141377,0.00279721299309835
4.71420062812519,0.0103418169455077,0.00018049875535755,0.9999999837101,-2.15364005425378e-06,0.103650752964255,-0.180163518879047,0.00181846239409351
4.71707340819398,0.0103593857367106,0.000180805388604633,0.999999983654706,0.00010673746153351,0.103128270606729,-0.181873427486543,0.00182988674514285
4.72087089049555,0.0103722461073357,0.000181029844411394,0.999999983614098,5.91064796646656e-05,0.102443542901189,-0.180310966889216,0.00132741088413255
4.72448288903091,0.0104160627052771,0.00018179458829991,0.999999983475364,0.000211723203543211,0.101783406685723,-0.182762038523167,0.00256916533180105
4.72809488756627,0.0105227233036577,0.00018365616689272,0.999999983135206,0.000515387424901713,0.101103245317372,-0.188306103032116,0.00724585738282772
4.73098561658943,0.0104959213131936,0.000183188383920903,0.999999983221008,-0.000161821802022169,0.100600471015328,-0.173926472531856,0.00506569533028799
4.73375938242144,0.0104667356716871,0.000182678998390831,0.999999983314192,-0.000183644031056403,0.100120677075305,-0.172975647218055,0.00275508201981202
4.73709870652072,0.0104597556702626,0.000182557174386212,0.999999983336439,-3.64816361119939e-05,0.0995348689524463,-0.175427153951559,0.00151490705642755
4.74043803062,0.0104529033141675,0.000182437578212823,0.999999983358265,-3.58144857534909e-05,0.0989510144204974,-0.174842128104328,0.000292975994079875
4.74373076120395,0.0104742481574984,0.000182810116001058,0.999999983290231,0.00011313947040268,0.0983672726824814,-0.177281961925993,0.000612488486111396
4.74753218653396,0.0105438249189373,0.000184024459550615,0.999999983067499,0.000319444278018297,0.09767979243341,-0.180848021305337,0.00338224019085163
4.74995577773608,0.0105482031372927,0.000184100873874993,0.999999983053434,3.15293790493152e-05,0.0972570682483367,-0.174420580790439,0.00316970676120418
4.75237936893821,0.0105458996219272,0.000184060669948177,0.999999983060835,-1.65885762674022e-05,0.0968377786812877,-0.173003420164835,0.00253952996187282
4.75596012850761,0.0105633619151716,0.00018436544445507,0.999999983004691,8.51144865097298e-05,0.096212814086887,-0.174534084818581,0.00274079904501313
4.76110141614826,0.0105743874198145,0.000184557875809509,0.999999982969195,3.74286309505144e-05,0.0953245319760942,-0.172774248958301,0.00250647752977957
4.76318552017673,0.010578011533258,0.000184621128520486,0.999999982957519,3.03500742720493e-05,0.0949661139592835,-0.171977027976599,0.0021596000648833
4.76526962420521,0.0105869179856098,0.000184776575436045,0.999999982928808,7.45869285253534e-05,0.0946066046675328,-0.172500646243771,0.00223981581786249
4.76872134285125,0.010592051304476,0.000184866168750284,0.99999998291225,2.59561467651017e-05,0.0940163332007481,-0.171007989733147,0.00191990934444704
4.77338332535982,0.0105394331159222,0.000183947808129201,0.999999983081602,-0.000196989292647319,0.0932437068997223,-0.16572912910013,-0.00168803354506387
4.77670384364326,0.0106059977378984,0.00018510957992825,0.999999982867222,0.000349876651673332,0.0926588058154273,-0.176147527093202,0.00132544591411422
4.77928571259172,0.0106433991261636,0.000185762357287072,0.999999982746173,0.000252831333842941,0.0922105073262716,-0.173633324582181,0.00302652142966008
4.78186758154017,0.0106428558705866,0.000185752875688736,0.999999982747934,-3.67237791239948e-06,0.0917769158947296,-0.167937041034351,0.00266316410978801
4.785322381923,0.010654080783644,0.000185948787376455,0.999999982711524,5.67070943015112e-05,0.0911943747072932,-0.168617900568745,0.00282768541245226
4.79009419803726,0.0106593622124218,0.000186040965696243,0.999999982694379,1.93172408943381e-05,0.0903969734518653,-0.167106450947195,0.00266975538195216
4.79232562531411,0.0106531498276579,0.000185932539129587,0.999999982714545,-4.85906799008944e-05,0.0900285990048995,-0.165084675081096,0.00198226505052531
4.79455705259096,0.0106615830229019,0.000186079726150512,0.999999982687168,6.59609322687976e-05,0.0896559249580265,-0.16701151354535,0.00218486482979526
4.79816154060353,0.0106620742377408,0.000186088299466638,0.999999982685572,2.37851152362206e-06,0.0890605238552158,-0.16518326617663,0.0018595658466156
4.80303564820764,0.0106012021375105,0.000185025880913305,0.999999982882712,-0.000217971915664839,0.0882810609774955,-0.15991909515166,-0.00190053608807637
4.80558389898937,0.0106800944806139,0.000186402812031328,0.999999982626996,0.000540343655201172,0.087835900402313,-0.174692608111622,0.00217930382531968
4.80813214977109,0.0106893243687377,0.000186563903965878,0.999999982596955,6.32166733768588e-05,0.0874167015203969,-0.164504563256458,0.00251107227905609
4.81157044676744,0.0107007366170477,0.000186763085270472,0.999999982559775,5.79302219315155e-05,0.0868533384889294,-0.16384943827305,0.00290538941889213
4.81589284072702,0.0107406068364443,0.000187458951860254,0.999999982429571,0.000160991017586552,0.0861391084446715,-0.165239460108711,0.00485483107558882
4.81861168955268,0.010692257556003,0.000186615097740343,0.999999982587403,-0.000310371848080278,0.085717712805069,-0.154990463473154,0.00210524545183473
4.82133053837834,0.0106901415759507,0.000186578166922167,0.999999982594294,-1.3583255703578e-05,0.0852812281694827,-0.160540237274986,0.00186128333926355
4.82473924538158,0.0106861203980552,0.000186507984129303,0.999999982607386,-2.05892715386666e-05,0.0847363925603351,-0.159836444912751,0.00152002840983799
4.82895875649141,0.0106737484435545,0.00018629205279211,0.999999982647635,-5.11744928081981e-05,0.0840675378184493,-0.158514748385949,0.000683324543765573
4.83130113270929,0.0107045768289615,0.000186830109611172,0.999999982547255,0.000229705554692266,0.0836842385746972,-0.163636925967192,0.00234750030310079
4.83364350892716,0.0107050874363449,0.000186839021391042,0.99999998254559,3.80458952651168e-06,0.0833127263944971,-0.158604829303137,0.00235423877794618
4.83758798534097,0.0107142435456621,0.000186998825642509,0.999999982515719,4.05134262430627e-05,0.0826864344082699,-0.158776963156559,0.00282011916335256
4.84272632286876,0.0108393700068916,0.000189182694333701,0.999999982104954,0.000425014650752958,0.0818346027918755,-0.165779614863356,0.0096749888683058
4.84503030470377,0.010714794935292,0.000187008449206844,0.99999998251392,-0.00094369023760529,0.0815184764136888,-0.137208711189845,0.00291998475182922
4.84733428653878,0.0107023751016621,0.000186791682221237,0.999999982554434,-9.40836364674332e-05,0.081163436208027,-0.154098526414862,0.00226793884048754
4.85080809171006,0.0106930629950423,0.000186629155303258,0.999999982584779,-4.67864237625367e-05,0.0806266185606687,-0.154533032478879,0.00184439358980523
4.85528550374595,0.0106213133473362,0.000185376887735303,0.999999982817705,-0.000279685581666069,0.079959219044538,-0.149059213398327,-0.00189617728220617
4.85937304839434,0.0105955504465727,0.000184927240299824,0.999999982900958,-0.000110004289094251,0.0793390040369149,-0.151732901038368,-0.00341271521720281
4.86131406645278,0.0106755939295887,0.000186324262599148,0.999999982641634,0.00071973690163235,0.0790127437507096,-0.168087197739782,0.00123493561040661
4.86325508451121,0.0106889824777946,0.000186557936843342,0.999999982598068,0.000120387467411269,0.0787108768818689,-0.155519866251815,0.00208798941991339
4.86643758545088,0.010693627180071,0.000186639002189428,0.999999982582941,2.54722147878134e-05,0.078223581481443,-0.153117126958912,0.00250878877251148
4.87075577899922,0.0107426264251852,0.000187494200332699,0.999999982422962,0.00019804535129384,0.077550170120578,-0.155947470470552,0.00540107825333608
4.87474900512323,0.0108321214353829,0.00018905618289707,0.99999998212888,0.000391158062064497,0.0769147588617539,-0.159122283359515,0.0106312400418066
4.87712633599833,0.0106852155333325,0.000186492191260881,0.999999982610331,-0.00107851696549823,0.0766090494322366,-0.128593555369156,0.00281865437369845
4.87950366687342,0.010669872990113,0.000186224413370721,0.999999982660234,-0.000112638041938087,0.076257584149309,-0.147840288707672,0.0021555988098548
4.8827518775827,0.0106585635258534,0.000186027025986175,0.999999982696973,-6.07680368152865e-05,0.0757756036032202,-0.148383399116392,0.00182110767248226
4.8869684046461,0.0106159717658376,0.00018528365955249,0.999999982834983,-0.000176298274698298,0.075162740155739,-0.145347922180051,-0.000100861126438104
4.89044470286967,0.0106465754986509,0.000185817795444287,0.999999982735873,0.0001536507706304,0.0746365349519931,-0.151369407888665,0.00183350736591026
4.89308571244154,0.0106639952139509,0.000186121826825775,0.999999982679333,0.000115119380854676,0.0742403139456826,-0.150026342399702,0.00309741454258475
4.89572672201341,0.0106504135781492,0.000185884782567329,0.999999982723424,-8.97551697923095e-05,0.0738563891815601,-0.145370455378707,0.00267365208882915
4.89924469809132,0.0106453584263669,0.000185796553526065,0.99999998273982,-2.50794891249953e-05,0.0733423163858535,-0.14612742790782,0.00281487521207339
4.90321688157354,0.0106181841725196,0.000185322273332822,0.999999982827827,-0.00011940037602266,0.0727722136483536,-0.143523767230805,0.00187769952477846
4.90599240449042,0.0106008204598738,0.000185019219381978,0.999999982883944,-0.000109188057571812,0.0723749854726502,-0.143118319538141,0.00126314872103938
4.9087679274073,0.0106034390892938,0.000185064923086463,0.999999982875487,1.64667007395438e-05,0.071972051120408,-0.145174211962654,0.00175592825756923
4.91248404102906,0.0105929795864235,0.000184882370326379,0.999999982909254,-4.91246452041212e-05,0.0714397247217997,-0.14324814921976,0.00168793178008769
4.91550236804639,0.0106018758838453,0.000185037640004969,0.999999982880536,5.14422991130076e-05,0.0710030144187615,-0.144686212107529,0.00260127527189154
4.91852069506371,0.0105971264783374,0.000184954747242763,0.999999982895871,-2.74631486741648e-05,0.0705728091445866,-0.142531035141619,0.00280247878400917
4.92227422259483,0.0105982498132952,0.000184974353136044,0.999999982892244,5.2233248467031e-06,0.0700376177335455,-0.142583584802156,0.00345616521792566
4.9258580001655,0.0105603457787795,0.000184312802945233,0.999999983014395,-0.000184595776116875,0.0695428714726959,-0.138051609256798,0.00202910730405829
4.92865513143553,0.0105364450444012,0.000183895656443755,0.999999983091194,-0.000149133690298075,0.0691563153165837,-0.138197359650041,0.00117007313913058
4.93145226270556,0.0105368560452853,0.00018390282976229,0.999999983089874,2.56452699721539e-06,0.0687625267381809,-0.140783016736689,0.00164884129271294
4.93505237382457,0.0105253919436402,0.00018370274344618,0.999999983126651,-5.55778177050203e-05,0.068262036174587,-0.139020865481225,0.00164365985301362
4.93823342116332,0.0105341384062138,0.000183855398013414,0.999999983098596,4.79887765114816e-05,0.0678150362780841,-0.140519724764185,0.0026817244929223
4.94141446850207,0.0105339539146114,0.000183852178027564,0.999999983099188,-1.01224080041164e-06,0.0673730355669815,-0.138948171477491,0.00326858312070546
4.94492542976428,0.010529079251688,0.000183767099111063,0.999999983114827,-2.42323715882076e-05,0.0668889692143418,-0.13787288337516,0.00369336775111372
4.94898577616868,0.0104732399905309,0.000182792520168359,0.999999983293447,-0.000240023599468654,0.0663497744896363,-0.132795252178884,0.00160620034422994
4.95128421200836,0.0104663206596971,0.000182671755065292,0.999999983315515,-5.25422998539751e-05,0.0660370835146077,-0.136045118001818,0.00157665953997011
4.95358264784803,0.0104663378284615,0.000182672054716754,0.99999998331546,1.30371908423157e-07,0.0657228736509402,-0.136705953780953,0.00202443919110385
4.95709884134745,0.0104480921068521,0.000182353606805571,0.999999983373581,-9.05660955628918e-05,0.0652505190383502,-0.134336922205169,0.00176842171783353
4.96195374463395,0.0103894553348037,0.000181330202087506,0.999999983559679,-0.000210798171373105,0.0646138559847245,-0.131138153750084,-0.000432107386859809
4.96405226857596,0.0104229399959307,0.000181914619663448,0.999999983453535,0.000278489834631241,0.0643190414997465,-0.14048659587627,0.00189468907235289
4.96615079251797,0.0104190744037505,0.000181847152353479,0.999999983465806,-3.21498886591172e-05,0.0640382958848738,-0.133782421659472,0.00216132793566897
4.97018526590886,0.0104102176835232,0.000181692573427139,0.999999983493904,-3.83145243299857e-05,0.06350126670339,-0.13311010619041,0.00258684007262056
4.97390574605224,0.010415287078314,0.000181781051055861,0.999999983477825,2.37812397251518e-05,0.0630038944164909,-0.133684972834329,0.00372244400303696
4.97762622619563,0.0104066825803895,0.000181630874239076,0.999999983505113,-4.03649027748728e-05,0.062513846091839,-0.131716419861367,0.0041857799551118
4.98030695385133,0.0103521783422486,0.000180679595842836,0.999999983677442,-0.00035485828253665,0.0621794518957185,-0.124740085181609,0.00186983412655748
4.98298768150702,0.010339169230861,0.000180452544020065,0.99999998371844,-8.46978341829853e-05,0.0618315745886808,-0.129769731102022,0.0018053001464918
4.98648594121241,0.0103167839328234,0.000180061846871615,0.999999983788866,-0.000111683290464658,0.0613814436824883,-0.128672809940172,0.00145855167714633
4.99093670573794,0.0102810607740951,0.000179438360142667,0.999999983900937,-0.000140085312409585,0.0608144538608584,-0.127391556748843,0.000571660389473351
4.99325287836287,0.0103009826671327,0.000179786062763795,0.999999983838486,0.000150119478571648,0.0605070805054915,-0.132707446784682,0.0023090636262147
4.9955690509878,0.0102884954740317,0.000179568120133368,0.999999983877645,-9.40960235861383e-05,0.0602121782844276,-0.127323075098065,0.00225208517625367
4.9993077416491,0.0102773517811582,0.000179373626005026,0.999999983912551,-5.20219908770347e-05,0.0597349436746808,-0.127647525024392,0.00263609558161972
5,0.010269284740054,0.000179232829579127,0.999999983937796,-0.000203387114043678,0.0596489834217776,-0.124173659720307,0.00238679854224583
5.0034612917545,0.0102528088408534,0.000178945270895461,0.999999983989295,-8.30784310230307e-05,0.0592119592646836,-0.126260421857071,0.00243315760553608
5.00789559207264,0.0102172586104697,0.000178324802335324,0.999999984100132,-0.000139924796590685,0.0586602891858665,-0.124409724023522,0.00177670458308045
5.01060110010488,0.0101951884704213,0.000177939605731214,0.999999984168748,-0.000142374964565135,0.0583255231980592,-0.123734982050699,0.00130274312735881
5.01330660813712,0.0101899080531601,0.000177847445065586,0.999999984185143,-3.40640892535079e-05,0.0579860655567772,-0.125469093876897,0.00176363886197958
5.0171127872861,0.0101665492527263,0.000177439757095131,0.999999984257566,-0.000107112135538029,0.0575163354905808,-0.123412495263746,0.00157313507690347
5.02033657863188,0.0101678727656533,0.000177462856753036,0.999999984253467,7.16537014691723e-06,0.057112946501635,-0.125128752353693,0.00256701548464336
5.02356036997766,0.0101632051990402,0.000177381392348865,0.999999984267921,-2.52697512698635e-05,0.0567134954124198,-0.123907240379691,0.00326461983780708
5.02706014648142,0.010152072716352,0.000177187093875088,0.999999984302367,-5.55173956453301e-05,0.0562840471166837,-0.122707348676132,0.00372172397929814
5.03102766182908,0.0100903984684378,0.000176110675202088,0.999999984492515,-0.000271308009037094,0.0558172159941955,-0.117663343826661,0.00170326925519063
5.03336634801714,0.0100746012397921,0.0001758349615538,0.999999984541033,-0.000117892538966437,0.0555360016956921,-0.120244562925381,0.00145474585008351
5.0357050342052,0.0100701497900174,0.000175757269099945,0.999999984554691,-3.32205558197835e-05,0.0552516971950411,-0.121565904011352,0.00190910512366295
5.03924164808643,0.0100452673032755,0.000175322987786906,0.999999984630925,-0.000122795796859502,0.0548300117679284,-0.119234228353499,0.00165564645528174
5.04414091329537,0.00998315445064699,0.00017423891401729,0.9999999848204,-0.000221272729673288,0.0542592370812597,-0.116502100279817,-0.000252228700155149
5.04630088680633,0.0100094955704527,0.000174698653279565,0.99999998474019,0.000212844864503991,0.0539897984372363,-0.124741642736042,0.00192691991680936
5.04846086031729,0.00999958742958173,0.000174525723601251,0.999999984770386,-8.00610193008507e-05,0.0537340505436874,-0.118403254600749,0.00209382866691769
5.05230384140214,0.00998434559679014,0.000174259703439045,0.999999984816778,-6.92223459803393e-05,0.0532801536649718,-0.118110620035193,0.00250314629747295
5.05632889397312,0.00998971804987876,0.000174353470432926,0.999999984800434,2.32958436323285e-05,0.0527998680014946,-0.119324072172406,0.00410922026435975
5.0603539465441,0.0099712398428176,0.000174030964884736,0.999999984856612,-8.01245567344491e-05,0.05233082481881,-0.116530945723898,0.00456426921972786
5.0625720462122,0.00991346411435555,0.000173022588210517,0.999999985031592,-0.000454612885030977,0.0520904493244685,-0.108370015017161,0.00208163347496691
5.0647901458803,0.00989872391464801,0.000172765323197064,0.999999985076071,-0.000115984426217604,0.0518356040968215,-0.114893497038076,0.00200885278299971
5.06834964794658,0.00986990650170007,0.0001722623644667,0.999999985162839,-0.000141300307875357,0.0514302186487135,-0.113888246321924,0.00165468827649723
5.07310281485558,0.00976342673292607,0.000170403941942109,0.999999985481248,-0.000390986175627427,0.0509164105530697,-0.108098054514137,-0.00249367722877174
5.07608722153781,0.00982168376005754,0.000171420718863126,0.999999985307468,0.000340696508261076,0.0505512537904518,-0.122354893785664,0.00164245247366702
5.07907162822004,0.00983728540059848,0.000171693018855271,0.999999985260754,9.12409149104885e-05,0.0502027654055598,-0.116769737504806,0.00353574818685909
5.08195475101552,0.00981086223617126,0.000171231847643999,0.999999985339827,-0.000159955454819434,0.0498822813486305,-0.111158656659424,0.00314497101290177
5.08517392113118,0.00978101968010609,0.000170710996791064,0.999999985428878,-0.000161796625165927,0.0495262091797821,-0.110609926178361,0.00268403829444847
5.08867497574545,0.00973390117707868,0.00016988862378655,0.999999985568928,-0.000234892941425873,0.0491461393453193,-0.108558670554123,0.00140616867709442
5.09217603035972,0.00966169723571656,0.000168628427294915,0.999999985782227,-0.000359947686776543,0.0487770353942436,-0.105426504793977,-0.00123433252186575
5.09526972892596,0.00966042586309623,0.000168606237656986,0.999999985785968,-7.17252756513777e-06,0.0484303365633913,-0.112066131664068,-0.00023611486701542
5.09847906159296,0.00967786134710809,0.000168910544255339,0.999999985734614,9.48192768590684e-05,0.0480656889314861,-0.113621014005165,0.00183572030775946
5.10138087965817,0.00968014677464216,0.000168950432490055,0.999999985727876,1.37459462960643e-05,0.0477422446792145,-0.111462622743064,0.00303716771325951
5.10428269772338,0.00965511457389227,0.000168513538174168,0.999999985801594,-0.000150558826324652,0.0474299079236626,-0.107634851163278,0.00277071111376051
5.10778313741997,0.0096296039911436,0.000168068294517407,0.999999985876524,-0.00012719649577209,0.0470533209850811,-0.10758275280366,0.00270538539706294
5.1110460022619,0.00958392221341187,0.000167270997099031,0.999999986010207,-0.000244355027930318,0.0467118986217469,-0.104638831172739,0.00146658877526313
5.11430886710383,0.00954183094927803,0.000166536365963801,0.999999986132819,-0.000225149119271326,0.0463709474872157,-0.104494409375971,0.000409464901356724
5.11762473342123,0.00951821860969461,0.000166124252899672,0.999999986201366,-0.000124285188358407,0.0460194297685093,-0.106010823434452,0.000358610580102822
5.12133463542491,0.00952470886223576,0.000166237529174237,0.999999986182542,3.05334954984467e-05,0.0456165659103683,-0.108591509355673,0.00204287105988493
5.12387878061989,0.00951919340754041,0.000166141266331388,0.99999998619854,-3.78370088187012e-05,0.0453451352884006,-0.106688337797378,0.00277662023264988
5.12642292581487,0.00949166221281153,0.000165660756342974,0.999999986278257,-0.000188868935615238,0.045082586934276,-0.10319707957019,0.00228401042045174
5.13003078843734,0.00946946392547366,0.000165273323145928,0.999999986342364,-0.000107385796769845,0.0447060769977862,-0.104358168779875,0.00248320431021692
5.13412917928465,0.00942446015943462,0.000164487859263426,0.999999986471872,-0.000191651778085984,0.0442879703595264,-0.102017268200304,0.00169407189187624
5.13684786278105,0.0093937799711591,0.000163952388970107,0.999999986559807,-0.000196959411144424,0.0440124076042188,-0.10135889509472,0.00106359282952105
5.13956654627745,0.00938298227003396,0.000163763933536357,0.999999986590687,-6.93186376896909e-05,0.0437309645273412,-0.103521824901653,0.00153045896723766
5.14328692768847,0.00935325418144752,0.000163245080517134,0.999999986675522,-0.000139462320884873,0.0433530660936943,-0.101575185954698,0.00137825530044045
5.14659118643871,0.00934844094783697,0.000163161073744082,0.999999986689232,-2.54237880631239e-05,0.0430116174505467,-0.103335927648935,0.00241552276775654
5.14989544518894,0.00934303626935075,0.00016306674431074,0.999999986704618,-2.85478353017946e-05,0.0426721244814186,-0.102744062977504,0.00344471491892332
5.15329155097948,0.00932221767083889,0.000162703391225878,0.999999986763803,-0.000106991098656203,0.0423304370885854,-0.100611527999164,0.00370648026608301
5.15704223236634,0.00925591018564011,0.000161546107305651,0.999999986951428,-0.0003085529843966,0.0419706109034124,-0.0959362174653595,0.00172429758318812
5.15951167719276,0.00922810180884911,0.000161060759577327,0.999999987029716,-0.000196541234469281,0.0417292825416784,-0.0977257556646907,0.00114480638947033
5.16198112201918,0.00921913462871336,0.000160904252761366,0.999999987054911,-6.33773293146183e-05,0.0414822185942457,-0.100048377185622,0.00164266209648942
5.16556475649096,0.00918803834789141,0.000160361520282901,0.999999987142091,-0.000151447501061372,0.0411318247969902,-0.0977760985433129,0.00141737412802837
5.17063418688366,0.00915244665292813,0.000159740328027382,0.999999987241514,-0.000122536895736645,0.040636619590746,-0.0976845854234565,0.00140249766264979
5.17273975498369,0.00914498113893635,0.000159610030229533,0.999999987262319,-6.18824912423228e-05,0.0404295219577657,-0.0983571288799251,0.0020089696166544
5.17484532308372,0.00912712598794874,0.00015929839906032,0.99999998731201,-0.00014800336933764,0.040226812331478,-0.0962731275633919,0.00193579798257913
5.1783288009051,0.00910635752956488,0.000158935921085547,0.999999987369686,-0.000104056347692717,0.0398898474045015,-0.0967323302327436,0.00225458422619041
5.18302897599796,0.00913991683528955,0.000159521641457701,0.999999987276423,0.0001246167149112,0.0394162821723615,-0.100754806530493,0.00603295488061532
5.18624012331343,0.0090505153021271,0.000157961290367345,0.999999987524115,-0.000485917012432877,0.0391346635274871,-0.0877003192963453,0.00261039240242169
5.1894512706289,0.00895082471938539,0.000156221361486739,0.999999987797443,-0.000541840261794235,0.0388582988785553,-0.0860641452356481,-0.0014167911970317
5.19212531263846,0.00896308984392018,0.000156435428290423,0.999999987763978,8.00536437102722e-05,0.038595487914865,-0.0982822867969801,0.000304282422589553
5.19490443022323,0.00896185604584963,0.00015641389445205,0.999999987767347,-7.74844459763421e-06,0.0383284884849288,-0.0960734556174978,0.0013940501482945
5.19917669994526,0.00894805797806405,0.00015617307274172,0.999999987804986,-5.63685649409651e-05,0.0379245807695808,-0.0945417170795631,0.00239516864561949
5.20176367003864,0.00893151962134509,0.000155884423967618,0.999999987850023,-0.000111577933720021,0.0376842727024425,-0.0928917066930903,0.00265095571942094
5.20435064013202,0.00890130067627647,0.000155357003886078,0.999999987932101,-0.00020387560307553,0.0374498510880428,-0.090616283117994,0.00213664890093934
5.20813642079636,0.00887531175199889,0.000154903411593841,0.999999988002466,-0.000119814732524934,0.0371021491435552,-0.0918441862634068,0.00236071444126839
5.21172390480329,0.00882776128519277,0.000154073499397117,0.999999988130678,-0.000231335444289959,0.0367828189033663,-0.0890123104581773,0.00135511899294388
5.21531138881023,0.00874595609299677,0.00015264572946486,0.999999988349641,-0.000397986429009148,0.0364776174814988,-0.0850739463305444,-0.00150457220540734
5.21846470853325,0.00873311328108708,0.00015242158011443,0.999999988383831,-7.10836111549251e-05,0.0361899496295941,-0.0912269852639317,-0.000887536130499748
5.22159824105141,0.00875288433179782,0.000152766650041893,0.999999988331175,0.000110121701141289,0.0358939977295802,-0.0944467301037775,0.0015025262601285
5.22450851657708,0.00875336098049811,0.000152774969130992,0.999999988329904,2.858522886282e-06,0.0356268111888203,-0.0918079880764641,0.00280773013914109
5.22741879210275,0.00872566282835095,0.000152291545184929,0.999999988403643,-0.000166109341683411,0.0353709108319002,-0.0879299415683989,0.0025973525404299
5.23088424543048,0.00869607706011845,0.000151775176123508,0.999999988482148,-0.000149004767502499,0.0350666326733499,-0.0878032770245464,0.00252841080513299
5.23423293645219,0.00864468005629893,0.000150878129191468,0.999999988617895,-0.000267879877986413,0.034782413622143,-0.0848746717341297,0.00123549705376078
5.2375816274739,0.00858818232637691,0.000149892057795577,0.999999988766185,-0.000294464732830889,0.0345016697191665,-0.0838369085580808,-0.000350308681686951
5.24078778775135,0.00856804053814962,0.000149540517277711,0.999999988818817,-0.000109645336285305,0.0342223525564151,-0.0871189019201043,-6.19214537833958e-05
5.2442594226075,0.00857217612095056,0.000149612696813269,0.99999998880802,2.07912235463112e-05,0.0339123868760009,-0.0892852195747897,0.0016401451277079
5.24697678487066,0.00856820537953691,0.000149543394302631,0.999999988818387,-2.55035967610912e-05,0.0336735645981086,-0.0878875375321831,0.00266125581944389
5.24969414713382,0.00853765749918119,0.000149010233216858,0.999999988897975,-0.000196205378627704,0.033445274761014,-0.0840115578954519,0.00223192445314105
5.25327502458938,0.00851015214845667,0.000148530174290112,0.999999988969394,-0.000134061815299914,0.0331415509353223,-0.0848182685560037,0.00234531443332377
5.25686693244269,0.0084594258742778,0.000147644833798129,0.999999989100501,-0.000246481963860996,0.0328469936639779,-0.08200579841524,0.00122824036057267
5.26045884029599,0.00836945079963924,0.000146074472517894,0.999999989331124,-0.000437194204668942,0.0325682649547863,-0.0775990700694148,-0.00201474686934563
5.26353911500324,0.00836512478799846,0.000145998969372087,0.99999998934215,-2.4511822414292e-05,0.0323048207485815,-0.0855262050443513,-0.000929698839457788
5.26660122933199,0.00838355754687336,0.000146320681701244,0.999999989295129,0.000105062155770287,0.0320361995129064,-0.0877241039478077,0.0014062657597565
5.27031725077315,0.00843798622576743,0.000147270641345221,0.999999989155679,0.00025563890554808,0.0317006210024739,-0.0903058595720868,0.00594778859427799
5.27332252172885,0.00840470950115169,0.000146689852942671,0.999999989241043,-0.000193256587304264,0.0314581621743866,-0.080677859554413,0.00557395129994208
5.27595488555877,0.00832503182042216,0.000145299215088408,0.999999989444069,-0.000528284826465945,0.0312648172618743,-0.0734491601483476,0.00248325732909973
5.28012526121914,0.00824846931991057,0.000143962947384897,0.999999989637335,-0.000320419028478554,0.0309428597837017,-0.0772010735703935,0.000324311631664256
5.2825548880668,0.00823899877063452,0.000143797655119768,0.999999989661117,-6.80319560176159e-05,0.0307439306030177,-0.0818764333607307,0.000822317080508644
5.28498451491447,0.00823061090188542,0.000143651259194384,0.999999989682158,-6.02544901237799e-05,0.0305454508744877,-0.0816914452196549,0.00144789601566661
5.2886606009162,0.00819563951582623,0.000143040893369936,0.999999989769651,-0.000166036874662425,0.0302546511011974,-0.0791058133984886,0.00121527123671373
5.29284520623071,0.00817390014943551,0.000142661469852991,0.999999989823852,-9.06712801564668e-05,0.029919507161577,-0.0800897371273896,0.00188388330671585
5.29553962956278,0.00816238793549936,0.000142460543817653,0.999999989852497,-7.45710724028457e-05,0.0297041244035171,-0.0799364953146399,0.00252000515013492
5.29823405289485,0.00813095893885444,0.000141912004351146,0.999999989930491,-0.000203583254911221,0.0294968369390209,-0.076932032924766,0.00206145379230671
5.3,0.00811002450546156,0.000141546629565071,0.999999989982276,-0.000206900188958133,0.0293616461330577,-0.0765542781938978,0.00173519879501893
5.3062081037808,0.00811364108126164,0.000141609750719797,0.999999989973339,1.01675419078157e-05,0.0288623604320676,-0.0804248315781347,0.00478606332139844
5.30871904626972,0.00803706890911828,0.000140273314213766,0.999999990161699,-0.000532244973828983,0.0286896815927592,-0.0687705274293805,0.00178054120265716
5.31122998875865,0.0080113298184971,0.000139824082340363,0.999999990224613,-0.000178909664315162,0.028499791747521,-0.0756249281198363,0.00152392345209908
5.3149634011543,0.00796965032371798,0.000139096637932973,0.999999990326063,-0.000194847056090442,0.0282202633397131,-0.0748720950661089,0.000978984225284134
5.3196022711844,0.00785544055797624,0.000137103301501857,0.999999990601342,-0.000429703017586633,0.0278977927340758,-0.0695149041781891,-0.00312291427162912
5.32214120162547,0.00791886673820126,0.000138210297168258,0.999999990448957,0.00043600866687019,0.0276777520523046,-0.0866666838174276,0.00148555870791391
5.32468013206655,0.00790391433322839,0.000137949328472878,0.999999990484991,-0.000102786863966808,0.0274864595779803,-0.0753437239671663,0.00185972088939681
5.32805303068611,0.00788177713583192,0.000137562961494812,0.999999990538216,-0.000114550428373702,0.0272344887802838,-0.0747045275048975,0.00221220557289363
5.33230982985759,0.0078767192354503,0.000137474684480749,0.999999990550355,-2.07378857543053e-05,0.0269105365226598,-0.0761023117544516,0.00392405817154236
5.33512650546731,0.00780566013150186,0.000136234469164946,0.999999990720085,-0.000440311735983125,0.0267215983542915,-0.0670784266801428,0.00137869422585002
5.33794318107703,0.00777516422846341,0.000135702215253476,0.999999990792454,-0.000188965287501724,0.0265192949218892,-0.0718234757684273,0.0010090279468069
5.34128208638826,0.00774156850671026,0.000135115859299676,0.999999990871852,-0.000175613233835848,0.0262799440547684,-0.0716854312447695,0.000719983728329078
5.34532655889598,0.0077021090444688,0.00013442716176875,0.999999990964669,-0.000170281176560181,0.0259915566578186,-0.0713040814097115,0.000394186168035722
5.34782478155973,0.00770753022158541,0.000134521779157913,0.999999990951945,3.78738818567565e-05,0.0258039083864358,-0.0751127087691291,0.00187307490282171
5.35032300422348,0.00768368651648769,0.000134105628001837,0.99999999100784,-0.00016657889061219,0.0256274903666816,-0.0706174122563418,0.00174817889761569
5.35411651783391,0.00765894247407376,0.000133673762995332,0.999999991065663,-0.000113843010656176,0.0253570937969447,-0.0712786607628721,0.00216066328720044
5.35913438453095,0.00766419422865062,0.000133765423403385,0.999999991053406,1.82668082686988e-05,0.0249888125274069,-0.073393992262656,0.00489793688399844
5.36117397108294,0.00759520284809222,0.000132561296667821,0.999999991213751,-0.000590377861173452,0.0248653510376849,-0.060532606278323,0.00199341060203645
5.36321355763493,0.00757100886549954,0.000132139032016107,0.999999991269638,-0.000207034437935949,0.02472649874625,-0.0680786462822934,0.00160872410800614
5.36681128842318,0.00753297963415193,0.000131475296722854,0.999999991357123,-0.000184487205430946,0.0244812305366449,-0.0681730301793658,0.00121910671555883
5.37159279703184,0.00737790122570682,0.000128768667919649,0.999999991709315,-0.000566061686309719,0.0241950214867783,-0.0598574787355804,-0.00492004732365949
5.37550987337201,0.00724773022771209,0.000126496755432539,0.999999991999285,-0.000580002100627006,0.0239638533845973,-0.0590154702399751,-0.0104104313789275
5.37752705543303,0.00741568563288312,0.000129428130225294,0.99999999162418,0.00145320289794634,0.0237620045898278,-0.100064738166304,-0.000215327090492205
5.37954423749404,0.00742538310069097,0.000129597382966228,0.999999991602259,8.39055361555886e-05,0.0236169558490003,-0.0719066184608163,0.00126900668153026
5.38276742416723,0.00740644798051429,0.000129266902777652,0.999999991645034,-0.000102532128869129,0.0233985053064209,-0.0677747101639973,0.00172992496628836
5.38712186102529,0.00743423433216614,0.000129751866097027,0.999999991582227,0.000111372225444793,0.0230864945091145,-0.0716535358018394,0.00520961242724134
5.3909805424615,0.00750040032006033,0.000130906680428808,0.99999999143172,0.000299276931946904,0.0227972306899987,-0.0749644208515343,0.0106673402836415
5.39413439655721,0.00728725359177082,0.00012718656826128,0.999999991911788,-0.00117954479998523,0.0226572277189198,-0.0443910741683907,0.000729012072793876
5.39667341950489,0.00724854181099804,0.00012651092023292,0.999999991997493,-0.000266105524730872,0.0224981623301647,-0.0626482674765008,-0.000324784159845569
5.39898873516081,0.00725519956048534,0.000126627119881316,0.999999991982786,5.01873897968268e-05,0.0223388908022625,-0.068790416328276,0.00106354528135151
5.40214566028092,0.00722909216558232,0.00012617145988478,0.999999992040381,-0.000144336651279098,0.0221353114587228,-0.0644865924258246,0.00110353258330315
5.40673292133867,0.0071857376299758,0.00012541478049876,0.999999992135566,-0.000164952328302603,0.0218436199838039,-0.0635872847102199,0.000817552963082859
5.40921427131779,0.00718314528593682,0.000125369535560291,0.99999999214124,-1.82340013321333e-05,0.0216795010136126,-0.0661410004926208,0.00186630188459395
5.41169562129691,0.00715756706407941,0.000124923111375569,0.999999992197108,-0.000179911818959019,0.0215243126677534,-0.062541901450865,0.00164226163468385
5.41550564141373,0.00713202313458365,0.000124477285705437,0.999999992252703,-0.000117013994658422,0.0212826104147045,-0.0634385766053385,0.00202164380991077
5.42065671545925,0.00712244568219275,0.000124310127628556,0.999999992273496,-3.24511114958001e-05,0.0209497705028037,-0.0646156333532909,0.00405798239258526
5.42267833687281,0.00706616210386012,0.000123327793879378,0.999999992395128,-0.000485913806669232,0.0208387000175791,-0.0549412884526,0.00179640874946526
5.42469995828637,0.00704363727067368,0.000122934661379792,0.999999992443534,-0.000194463958448518,0.0207161182740704,-0.0606353606497612,0.00148742102644094
5.42815112840643,0.00700729654399497,0.000122300396051449,0.999999992521307,-0.000183782691390416,0.0205072421630218,-0.0605232729138795,0.00111648495501143
5.4327805726389,0.00688580060632639,0.00012017989192692,0.999999992778397,-0.000458047237127036,0.0202551691327947,-0.054449955020378,-0.00329962742117269
5.43683042879401,0.00676342910636137,0.000118044106357078,0.999999993032794,-0.000527373196279267,0.0200424723533116,-0.0525195886808158,-0.00829882656439561
5.43878977251695,0.00689353453412367,0.000120314874430118,0.999999992762165,0.00115894320255686,0.0198729446220006,-0.086522711317405,-0.00017727556908468
5.44074911623988,0.00690096379103792,0.000120444539423309,0.999999992746556,6.61777678987821e-05,0.0197474989502816,-0.0640243313363715,0.00115204928348242
5.44402531873752,0.006881681913079,0.000120108007169392,0.999999992787033,-0.000102720224587439,0.0195500303285041,-0.0602736314132386,0.00160938178032463
5.44845055331514,0.00692011804764947,0.000120778844264521,0.999999992706235,0.00015159356825657,0.0192623785531347,-0.0650026050198317,0.00567552837382191
5.45146876490098,0.00685880746955523,0.000119708772818211,0.999999992834905,-0.00035453825008984,0.0190986306027803,-0.0542533038844793,0.00380714939408024
5.45448697648682,0.00678988603826674,0.000118505866925573,0.99999999297818,-0.000398549229223497,0.0189386516098558,-0.0530045652448253,0.00148837268440419
5.45803061081728,0.00670228465580234,0.000116976934382868,0.999999993158198,-0.000431458895226029,0.0187545497356589,-0.0519528419213021,-0.00159214557939722
5.46111932514849,0.00667760973389751,0.000116546275755892,0.999999993208483,-0.000139429737985289,0.0185768874412943,-0.0575198206481746,-0.00156140136668767
5.46400829418057,0.00669413562819337,0.000116834707021227,0.999999993174826,9.98388228104409e-05,0.018397624573185,-0.0620508098626955,0.000623555378975911
5.46709822929435,0.0066906211433249,0.00011677336768918,0.99999999318199,-1.98513335095076e-05,0.018214488064356,-0.0592687231562284,0.00183930113769754
5.47018816440812,0.00667257860452744,0.000116458465983886,0.999999993218713,-0.00010191207771019,0.0180376102043871,-0.0572432279177556,0.00228499616076859
5.473669118514,0.00664918371348817,0.000116050148109865,0.999999993266181,-0.000117300563110263,0.0178407431931272,-0.0565554745256135,0.00262546480550569
5.47778952932779,0.00658249352673492,0.00011488618478001,0.999999993400582,-0.000282487205819491,0.0176233564223827,-0.0527585186451155,0.00102302395599781
5.48010873235619,0.00655978312142958,0.000114489813435577,0.999999993446041,-0.000170908429398511,0.0174965678764995,-0.0546690153170753,0.000745886389700669
5.48242793538459,0.006548264587058,0.000114288777087104,0.999999993469038,-8.66833767144007e-05,0.0173664045168995,-0.056124176282072,0.00115753461995918
5.48597911204266,0.00651341684925987,0.000113680569329606,0.999999993538364,-0.000171269362245798,0.0171743867183186,-0.0540715985347468,0.000886035410058262
5.49087444727349,0.00643216724638329,0.000112262496252521,0.999999993698566,-0.000289678442694457,0.0169238053512217,-0.0511877849587758,-0.00136346606722784
5.49287772793861,0.00645632138372916,0.000112684065474519,0.999999993651151,0.000210439421697123,0.0168016150976589,-0.0609950745746451,0.000916150864636405
5.49488100860373,0.00644560293197524,0.000112496993201882,0.999999993672213,-9.33829578049146e-05,0.0166922704596667,-0.0545827850766131,0.00125429156917081
5.49891066586702,0.00641938915951977,0.000112039476566049,0.999999993723578,-0.000113537357850305,0.0164753153001545,-0.0538396060351012,0.00165097792650178
5.50249888461532,0.00640782277410175,0.000111837605059215,0.999999993746175,-5.62595321688812e-05,0.0162794396026187,-0.054588560864206,0.00264640175944005
5.50608710336362,0.00638575273525527,0.000111452410217701,0.99999999378918,-0.000107349877734275,0.0160887061265306,-0.0531554761476769,0.00310411957687487
5.50919239147408,0.00631827291239804,0.000110274665137418,0.999999993919749,-0.000379270794087312,0.0159419789852814,-0.0472507335971122,0.000876696423640303
5.51229767958453,0.00627042502475595,0.000109439561962978,0.999999994011491,-0.00026892937137389,0.0157893140160097,-0.0491629001372799,-0.000323198715177515
5.51537431473126,0.0062513936016001,0.000109107400969552,0.999999994047787,-0.000107962426341736,0.0156289920240522,-0.0521095236552953,6.55613450757653e-06
5.51885654683047,0.00623699999271866,0.000108856185104818,0.999999994075165,-7.21421947384148e-05,0.015446219167005,-0.0524872701876423,0.00075872919291264
5.52173150198925,0.00623510744693709,0.000108823153949881,0.999999994078761,-1.14892766352455e-05,0.0152927448868154,-0.0533831909415052,0.00195719642103571
5.52460645714804,0.00620899985929464,0.000108367490588454,0.999999994128243,-0.00015849407693256,0.0151487625845269,-0.050081581915696,0.00184904043711285
5.52820058750474,0.00618292731529499,0.000107912438853949,0.999999994177453,-0.000126609691915238,0.0149676606236042,-0.0503882561146099,0.00206119926937407
5.53173372797712,0.0061293436109787,0.000106977226793613,0.999999994277937,-0.000264697108151646,0.014800902536328,-0.0471982613144038,0.000774021827962768
5.53526686844951,0.00603840109801597,0.000105389980521324,0.999999994446476,-0.000449245166910975,0.0146487421486204,-0.0430666113891842,-0.0025466937774209
5.53827170686273,0.00603941010200197,0.000105407590962948,0.99999999444462,5.86069508563084e-06,0.0144924957569185,-0.0519982675323073,-0.00121160242367458
5.54127811853155,0.00605296393857891,0.000105644150036176,0.999999994419657,7.86848577650869e-05,0.0143326475995562,-0.0531690849326821,0.000832400633847308
5.54440006955382,0.00605241637532279,0.000105634593254547,0.999999994420666,-3.06115682594608e-06,0.0141728488324478,-0.0511855458232255,0.00218725660011066
5.5475220205761,0.00603229607207483,0.000105283427718323,0.9999999944577,-0.000112482718553694,0.01402101756624,-0.0486334555297732,0.00250048569896025
5.55090588278164,0.00599977310040656,0.000104715794783308,0.999999994517301,-0.000167747060508008,0.0138613910914731,-0.0471728649309042,0.00226528902655809
5.55414840999709,0.00594315182319423,0.000103727567074635,0.999999994620296,-0.000304770831014636,0.0137185848700215,-0.0440416415847513,0.000657129399740546
5.55739093721253,0.00589155397588455,0.000102827014756943,0.999999994713302,-0.000277731615699314,0.0135750634522369,-0.0442622091499661,-0.000707614415364467
5.56054160343838,0.00587305834309343,0.000102504205069199,0.999999994746444,-0.000102457596681224,0.0134253772096727,-0.0475093938343187,-0.000348863448109464
5.56404033204902,0.00586905677548834,0.000102434364539616,0.9999999947536,-1.99616882937694e-05,0.0132544481963398,-0.0488546075889775,0.000928084449790735
5.56681417861495,0.00586655308014312,0.000102390666812604,0.999999994758076,-1.57534766982193e-05,0.0131195702977087,-0.0486248591712682,0.00203638237134686
5.56958802518088,0.00583750645732114,0.00010188370761042,0.999999994809855,-0.000182763967933531,0.0129949024466779,-0.0449440327961531,0.00170013643821893
5.57317384458984,0.00581055608240114,0.000101413334835849,0.999999994857668,-0.000131175813211643,0.0128311087888264,-0.0456781670159074,0.00182520950093764
5.57670316194479,0.00575989825194603,0.000100529188906997,0.999999994946941,-0.000250514715577996,0.0126797245677229,-0.0428933433519013,0.000654752676669763
5.58023247929974,0.00567954872019379,9.9126825032473e-05,0.999999995086936,-0.000397347061903306,0.0125401298840453,-0.0395528850591855,-0.0021362860790069
5.5833327649205,0.00567152864787903,9.89868483650192e-05,0.999999995100802,-4.51496040245052e-05,0.0123962651109801,-0.04640371587105,-0.00127085921694554
5.58647369143795,0.00568616480074428,9.92422974210882e-05,0.999999995075483,8.13292052216209e-05,0.0122433787722494,-0.0486755541338669,0.000851334608100204
5.58942700976816,0.00568625878902799,9.92439378260892e-05,0.99999999507532,5.55444698364928e-07,0.0121053620831697,-0.0467327506379336,0.00214841480762545
5.59238032809836,0.00565975908157984,9.87814306825708e-05,0.999999995121114,-0.000156605923938426,0.0119776491693718,-0.0432438699519204,0.00201344536246652
5.59584312618247,0.00563002591688915,9.82624890641991e-05,0.999999995172242,-0.000149861934852972,0.0118285013057079,-0.0430714872889064,0.00192131903749448
5.59913386658053,0.00557878734024091,9.73682072019301e-05,0.999999995259716,-0.000271757038955262,0.0116960058959869,-0.0402630999999697,0.000587939534302206
5.60242460697859,0.00552849017657125,9.64903560956039e-05,0.999999995344806,-0.000266764011821635,0.0115642115517638,-0.0400500581269796,-0.000719169462533482
5.60566174987577,0.00550625336912265,9.61022505922933e-05,0.999999995382179,-0.000119891372558257,0.011425881797824,-0.0427320505561335,-0.000560139885930969
5.60923369590333,0.00550824176167256,9.6136954588951e-05,0.999999995378843,9.71571142182082e-06,0.0112649641730609,-0.0450504076829974,0.00101924044570812
5.61189234624111,0.00550394761955292,9.60620076707608e-05,0.999999995386045,-2.81898365766035e-05,0.0111480261439504,-0.0439839821915999,0.00196603791523667
5.61455099657888,0.00547424492114453,9.55435977891865e-05,0.99999999543571,-0.000194989870080723,0.0110407881092464,-0.0403355165514595,0.00151440459035639
5.61815194244424,0.00544854098526699,9.509497947944e-05,0.999999995478472,-0.000124583464611379,0.0108914300145348,-0.0414774618381298,0.00166931190588773
5.62188746272582,0.00539909610909513,9.42320035958668e-05,0.999999995560165,-0.000231018927054629,0.0107458671085572,-0.0389672374944945,0.000618621296460179
5.6248618088574,0.00536201386589634,9.35847963608765e-05,0.999999995620943,-0.00021759647640614,0.0106300754293502,-0.0389301292064291,-0.000142236269859427
5.62783615498898,0.00534711722342723,9.33248009034334e-05,0.999999995645241,-8.74126436792012e-05,0.0105072091702935,-0.0413086620121655,0.000292987225123713
5.63153033208139,0.00532441941645685,9.2928649440536e-05,0.999999995682133,-0.000107236728154933,0.0103572298585782,-0.0405988418972449,0.000596989395782985
5.63440164090989,0.00532201152523888,9.28866238109339e-05,0.999999995686038,-1.4636401827041e-05,0.0102361011476493,-0.0421858873997207,0.00168756225499006
5.63727294973839,0.00529768508651353,9.24620473617151e-05,0.999999995725385,-0.000147868611982042,0.0101235168289413,-0.0392101043226489,0.0015944695816919
5.64094246344724,0.00527449881088925,9.2057370512519e-05,0.99999999576272,-0.00011028078460148,0.00997791001776833,-0.0396801382214732,0.00189489956522335
5.64446052188886,0.00522291150550047,9.11570021850308e-05,0.9999999958452,-0.000255927622069781,0.00984989203468003,-0.0363888165056697,0.000610559182916571
5.64797858033048,0.00513629942035528,8.96453361334067e-05,0.999999995981857,-0.000429687591291227,0.00973543838662062,-0.0325331855507011,-0.00258303324199332
5.65099127644747,0.00513666955302022,8.96517961670531e-05,0.999999995981278,2.14426992351063e-06,0.00961179264238452,-0.0410415586022736,-0.00136269166197507
5.65401038575885,0.00515078245183581,8.98981127173933e-05,0.999999995959165,8.15858340750367e-05,0.0094838041909089,-0.0423927848498558,0.000629982069099318
5.65712303878428,0.00515185362693048,8.99168082495852e-05,0.999999995957484,6.00630141384475e-06,0.00935748636942991,-0.0405820438215018,0.00197823251349726
5.6602356918097,0.00513316772330945,8.95906777090014e-05,0.999999995986755,-0.000104775745717022,0.00923904634284797,-0.0380511498115718,0.0022735849074913
5.66362718408463,0.00510308596564817,8.90656519951197e-05,0.999999996033655,-0.000154806696703428,0.00911441819187861,-0.0367472902388067,0.00207284949788649
5.66688841858597,0.0050482300282799,8.81082352775324e-05,0.999999996118469,-0.000293574939474646,0.00900474215980486,-0.0336302194854812,0.000472161735408047
5.67014965308731,0.00499627050884802,8.7201370589176e-05,0.99999999619796,-0.000278074051855838,0.00889495685863877,-0.0336637249240756,-0.00100103585345496
5.67328463069036,0.00498083385470475,8.69319501499055e-05,0.999999996221418,-8.59401483538145e-05,0.00877801216751633,-0.037303198277651,-0.000580644207889331
5.6767415797655,0.00497968738521206,8.69119404825601e-05,0.999999996223157,-5.7882447748113e-06,0.00864438786897221,-0.0386538232527073,0.000728812506287509
5.67954492541818,0.00497909633780847,8.6901624759371e-05,0.999999996224054,-3.67978997461203e-06,0.00853665651542861,-0.0384295648454153,0.00186389860105024
5.68234827107085,0.00495193435806728,8.64275587833076e-05,0.999999996265139,-0.000169107215655441,0.00843904225668641,-0.0348206289328034,0.00155520474652082
5.68592191533216,0.00492680066378224,8.59888930664739e-05,0.999999996302955,-0.000122750247754927,0.00831219339577422,-0.0354956597906337,0.00166190882943774
5.68940373802913,0.00487809305079842,8.51387848522311e-05,0.999999996375694,-0.000244156090456452,0.00819825052748708,-0.0327250633371694,0.000464178711922095
5.6928855607261,0.00480715224879136,8.3900634287625e-05,0.999999996480342,-0.000355604140930579,0.00809322882717919,-0.0301628513132748,-0.0019548212593029
5.69601525555183,0.00479702102458859,8.372381106865e-05,0.999999996495162,-5.64985499999451e-05,0.00798061460159327,-0.0359824940949942,-0.00128605384490976
5.69923983734489,0.00481058769497249,8.39605941345496e-05,0.999999996475309,7.34306281953052e-05,0.00785689754099677,-0.0383668545367993,0.000706041725766529
5.70212833575979,0.00481173393764847,8.39805998432018e-05,0.999999996473629,6.92598916431043e-06,0.00775071720519004,-0.0367597002162946,0.00194331335444584
5.70501683417468,0.00478545458661819,8.35219386440447e-05,0.999999996512043,-0.000158788801268064,0.00765497491287449,-0.0331460428788457,0.00169748783875298
5.70851656856688,0.00475888045880221,8.30581326194187e-05,0.999999996550673,-0.000132526064625971,0.00753801237724822,-0.0334204035274388,0.0016742876817575
5.71186261615416,0.00471052808443868,8.22142244884997e-05,0.999999996620411,-0.000252210439866294,0.00743527668726725,-0.0307035950031446,0.000410948022513348
5.71520866374144,0.00465770634908649,8.12923112930678e-05,0.99999999669578,-0.000275523038589918,0.00733503505637904,-0.0299582203401392,-0.00111815451540652
5.71843275834973,0.00463886793876464,8.09635190081917e-05,0.999999996722454,-0.000101979726374154,0.00722789714454405,-0.0332303870858542,-0.000893087190860873
5.72192779213847,0.00464622150479402,8.10918629467459e-05,0.999999996712055,3.67218020578606e-05,0.00710281684075759,-0.0357880098869314,0.000828551811570368
5.72462158416369,0.00464428120948086,8.10579984051817e-05,0.9999999967148,-1.25713274664282e-05,0.00700978082132517,-0.0345371946168425,0.00182183209228839
5.72731537618891,0.0046161449350079,8.0566927777987e-05,0.999999996754485,-0.000182297157390046,0.00692663566970986,-0.030865468023066,0.00137768103248929
5.73090083314358,0.0045923156745582,8.01510287261675e-05,0.999999996787906,-0.00011599610828428,0.00681201228149352,-0.0319689762464093,0.00150466631418981
5.73454541076248,0.00454521101278509,7.93288972878021e-05,0.999999996853463,-0.000225576603641571,0.00670466997285827,-0.0294526059970998,0.000411259186062492
5.73818998838138,0.00444827085496234,7.76369723616032e-05,0.99999999698625,-0.000464230730781228,0.00661608659283557,-0.0243055270831312,-0.0033829613860111
5.74123255403738,0.00445379463830594,7.77333805678248e-05,0.999999996978761,3.16864835184438e-05,0.0065121785512443,-0.0341514541802657,-0.00196811627213769
5.74420098438547,0.00447938089320724,7.81799449577502e-05,0.999999996943948,0.000150437887676622,0.00640430798145481,-0.036339262552943,0.000537558342558577
5.74795569775893,0.00453078888157446,7.90771836138116e-05,0.999999996873399,0.000238963289495575,0.00626206004362409,-0.0378851655724799,0.0046993140575579
5.7510453167717,0.00451703021504487,7.88370495829347e-05,0.99999999689236,-7.77228618263093e-05,0.00616575428435999,-0.0311707556388257,0.00521013588702798
5.75368729139739,0.00443426057783669,7.73924468973783e-05,0.999999997005205,-0.000546789009975171,0.00610922866277277,-0.0213952174398054,0.00178790321160495
5.75763436799897,0.00436962666119588,7.6264372246866e-05,0.999999997091873,-0.00028580004081805,0.00600477213517389,-0.026464276765554,-0.000117206163604208
5.76017929331048,0.00435375064426321,7.59872834800914e-05,0.999999997112966,-0.000108878938931559,0.00592886851580667,-0.0298254801521555,-6.94184900122095e-05
5.76272421862199,0.00434788764894115,7.58849549079876e-05,0.999999997120737,-4.02088705456217e-05,0.00584988878344733,-0.0310342044232369,0.000564655874533934
5.76642976688711,0.00431865788222733,7.53747992407005e-05,0.99999999715932,-0.000137673464827792,0.00574311172021047,-0.028815456066745,0.000382963251840297
5.77009414838573,0.00431150601386264,7.52499755904215e-05,0.999999997168721,-3.40640434627068e-05,0.00563078478884606,-0.0306537218918714,0.00135644385184794
5.77375852988435,0.00435148373315253,7.59477184174743e-05,0.999999997115972,0.000190412168959326,0.00550268555841751,-0.0349579405083213,0.00487432230774209
5.77686661409743,0.00430982662326155,7.52206646950883e-05,0.999999997170926,-0.000233923431483587,0.00542167823968563,-0.0260634246623895,0.00385222201195689
5.7798883404539,0.00423900444286359,7.39845844671423e-05,0.999999997263141,-0.000409064251876363,0.0053543797597986,-0.0222715335367341,0.00118761980868025
5.78350610509148,0.004138479588855,7.22300947892946e-05,0.999999997391407,-0.000484965125789489,0.00528027183529294,-0.020484451568803,-0.00284160370423438
5.7865035866511,0.0041257639498907,7.200816502345e-05,0.999999997407412,-7.40387428604527e-05,0.00519448526969647,-0.0286195474067524,-0.00247832966935476
5.78920758620992,0.00415550534667486,7.25272503201201e-05,0.999999997369899,0.000191969446271707,0.00510299427723731,-0.0338354317258424,0.000104061129260622
5.79347665547647,0.00417702272700433,7.29027994522803e-05,0.999999997342591,8.79697914708938e-05,0.00496865600792352,-0.0314678120513195,0.00272915111226388
5.7958411670022,0.00414019567407142,7.22600461264878e-05,0.999999997389243,-0.000271833450795417,0.00491214264117868,-0.0239006518385718,0.00171529277911668
5.79820567852793,0.00411147193228874,7.17587222601872e-05,0.999999997425343,-0.00021202005663516,0.0048531415606759,-0.0249527565675531,0.00105324531669627
5.80184411328182,0.00409088241830851,7.13993674507674e-05,0.999999997451065,-9.87663197631476e-05,0.00475472315358164,-0.0270496556215355,0.00128049404452915
5.80705360381582,0.00405685844303659,7.08055370591562e-05,0.999999997493288,-0.000113990108866989,0.00461703418790793,-0.0264304090342584,0.00153170272808804
5.80911221153823,0.00403254941622203,7.03812645043438e-05,0.999999997523239,-0.000206096844605765,0.00456700579914092,-0.0243020504695596,0.000810018990579845
5.81117081926064,0.00401882597817616,7.01417453263412e-05,0.999999997540068,-0.000116350082624569,0.00451350606590828,-0.0259883088216635,0.000792405078582532
5.81460721248417,0.00398951204588704,6.96301206924387e-05,0.999999997575823,-0.00014888419394171,0.00442712733931768,-0.0251364500427856,0.000456028116712196
5.8192404202969,0.00388958955826486,6.78861442907711e-05,0.999999997695736,-0.000376407982607785,0.00433342282434553,-0.0202245439358022,-0.00326995587560255
5.82351701555453,0.00381711570060899,6.66212368559153e-05,0.999999997780805,-0.00029577440966814,0.00424119519588349,-0.0215656668227801,-0.0060257400032333
5.82536638434093,0.00389562150470241,6.79914216161674e-05,0.999999997688583,0.000740893202825109,0.00416263178463637,-0.0424812032219584,-0.0008048059842549
5.82721575312732,0.0039057909788572,6.81689124229535e-05,0.9999999976765,9.59737227660265e-05,0.00410859948020545,-0.0292166196533931,0.000452272803857975
5.83023195613281,0.00389557994505714,6.79906962635231e-05,0.999999997688633,-5.90862616074344e-05,0.00403049669045821,-0.0258944075067614,0.000975539649228814
5.83433868377046,0.00390808493746409,6.82089495534551e-05,0.99999999767377,5.31453044114172e-05,0.00391573738703348,-0.0279442206910481,0.00309336504529963
5.83831396288118,0.00396667371632262,6.92315166468447e-05,0.999999997603499,0.00025723152194495,0.00378918306820563,-0.0318353291186158,0.00773704091544931
5.84095287253226,0.003826056837596,6.67772891348633e-05,0.999999997770397,-0.000930015742164005,0.00376958628363825,-0.0074260915144742,0.0010684614301919
5.84359178218334,0.00379436523610695,6.62241663448723e-05,0.99999999780718,-0.000209602777035837,0.0037117070401764,-0.0219330144319496,0.000257118188804979
5.84664206697897,0.00377250152970068,6.58425726822256e-05,0.999999997832378,-0.000125100995168232,0.00364011790552134,-0.0234696559343717,0.00013617374275816
5.85043080771755,0.00373889398816235,6.52560104301411e-05,0.999999997870826,-0.000154817205455919,0.0035543303189967,-0.0226427703672054,-0.00037426148604449
5.8536460980568,0.00374741265371062,6.54046891915174e-05,0.999999997861113,4.624116207436e-05,0.00346907943494021,-0.0265142102458677,0.00118776036397665
5.85686138839606,0.00374983982753244,6.54470513661356e-05,0.999999997858342,1.31752253262091e-05,0.00338665659428653,-0.0256346494272746,0.00244154431101975
5.86004427774151,0.0037260673235601,6.50321429012579e-05,0.99999999788541,-0.00013035591901853,0.00331502129384389,-0.0225063747644867,0.00228460707924398
5.86355368822106,0.00368198630926354,6.42627840657719e-05,0.999999997935147,-0.000219227372111985,0.00324313544749634,-0.0204837384416775,0.00115707800814018
5.86632269949011,0.00364264250463318,6.35761051361135e-05,0.999999997979039,-0.000247987048205554,0.00318858512656916,-0.0197002885242021,-4.15458488009241e-05
5.86909171075917,0.00363051183977184,6.33643850942536e-05,0.999999997992477,-7.6460520277493e-05,0.00312483684083227,-0.0230220391116737,0.000234575721313315
5.8726781753727,0.00360479247804053,6.29154975514257e-05,0.99999999802082,-0.000125161570542216,0.00304653787713046,-0.0218317959715984,5.78189752158832e-05
5.8763067869786,0.00360381058805049,6.28983603382409e-05,0.999999998021898,-4.7228017434472e-06,0.00295922401155876,-0.024062609905546,0.00120728238807145
5.87993539858451,0.00365516628219263,6.37946862888701e-05,0.999999997965119,0.000247016228181657,0.00285410699391284,-0.0289689360731715,0.00518362448601541
5.88293233495857,0.00360456110302684,6.29114592956378e-05,0.999999998021074,-0.000294709958693482,0.00280097808356467,-0.0177277405046416,0.00352760120517139
5.88585309360071,0.00354131640250614,6.18076310392601e-05,0.999999998089908,-0.000377925187859043,0.00275467742570272,-0.0158522711167685,0.00111606653148471
5.88977815040632,0.00343107842715697,5.98836154122466e-05,0.999999998206976,-0.000490187970739434,0.00270224752325528,-0.0133577436058012,-0.00343954876608945
5.89294561180815,0.00338144454375931,5.90173407279374e-05,0.999999998258477,-0.000273491789146247,0.00264662578307759,-0.0175603529518726,-0.00513193363862476
5.89549045580306,0.00345402570426085,6.02841209513539e-05,0.999999998182912,0.000497783057903255,0.00256237742758532,-0.0331055088881516,-0.000410926354927487
5.8990725901536,0.00345770221385011,6.03482881485509e-05,0.999999998179042,1.79131185585112e-05,0.00247946765698641,-0.0231453548319253,0.000933558888359472
5.90188313433113,0.00345432931946686,6.02894200363483e-05,0.999999998182593,-2.0945449916901e-05,0.0024171734121637,-0.0221644780824817,0.00170830341478794
5.90469367850866,0.00342826166208537,5.98344535875801e-05,0.999999998209919,-0.0001618784195695,0.00236341461627335,-0.0191275398978424,0.0012435235320389
5.90834568896925,0.00340609376866001,5.94475508597646e-05,0.999999998232994,-0.000105942393286861,0.00229008811297571,-0.020078393555799,0.00126130645807611
5.91141052269738,0.00336921855620174,5.88039569911201e-05,0.999999998271047,-0.000209993078535395,0.00223564755361717,-0.0177629731945457,0.000274436055917544
5.91447535642551,0.00334531585552741,5.83867761649507e-05,0.999999998295492,-0.000136118583875011,0.00217713635673714,-0.0190911488420971,-2.71395099039461e-05
5.91813303815775,0.00331283285671968,5.78198408857914e-05,0.999999998328433,-0.000154998526831669,0.00210942057724592,-0.0185133055438796,-0.000610074468962595
5.92250644749895,0.00333017584155982,5.81225330728667e-05,0.999999998310886,6.92119497556133e-05,0.00200947535000917,-0.0228529322181662,0.00154814246271181
5.92465258178826,0.00330589069607448,5.76986773255324e-05,0.999999998335431,-0.000197497309537558,0.00197249157821424,-0.0172327388733982,0.0010944353517264
5.92679871607757,0.00328657227415609,5.7361507257325e-05,0.999999998354829,-0.000157105764743985,0.00193400062010121,-0.0179350184677451,0.000766585487105327
5.93018347199203,0.00327135438845354,5.70959050470582e-05,0.999999998370029,-7.84701223408891e-05,0.00186839709375954,-0.0193820553090424,0.00102840776722904
5.93480718885211,0.00329247368730986,5.7464506347209e-05,0.999999998348915,7.97196956280537e-05,0.00176490988807365,-0.0223818215556178,0.00366529247376143
5.93772472209127,0.00321882802080878,5.61791469890147e-05,0.999999998421952,-0.000440563741662449,0.00173115064571663,-0.0115711594657693,0.000628716036695925
5.94064225533043,0.00318519934403883,5.55922158572066e-05,0.999999998454753,-0.000201173760369324,0.00168362881782643,-0.0162883586902548,-0.000281314425960228
5.94377911453535,0.00316526402609851,5.52442789222505e-05,0.999999998474035,-0.000110918888213059,0.00162728607431703,-0.0179615149513438,-0.000385183335074804
5.94740030409367,0.00314639233072848,5.49149057031097e-05,0.999999998492177,-9.09571880553492e-05,0.00156143772640214,-0.0181841759052753,-0.000298620888249239
5.95008673529614,0.00315249809907912,5.50214714640313e-05,0.999999998486319,3.96681519276166e-05,0.0015058959176432,-0.0206749417993254,0.000883250114926331
5.95277316649861,0.00313628573171974,5.47385122744935e-05,0.999999998501848,-0.00010532902897492,0.00145868003256051,-0.0175756911397141,0.000854243330749726
5.95668279039419,0.00312423066254019,5.45281116260686e-05,0.999999998513343,-5.38160841959147e-05,0.00138655258112836,-0.0184486931118147,0.00142049966338434
5.96166760436452,0.00311627015220159,5.43891745107271e-05,0.999999998520909,-2.78720763451452e-05,0.00129313431392392,-0.0187405724186197,0.00275114832638464
5.96366256002442,0.00307505146397365,5.36697726888465e-05,0.999999998559778,-0.000360610432298594,0.00126963984073847,-0.0117769400382081,0.000948841957300601
5.96565751568431,0.00305897686656558,5.33892180385451e-05,0.999999998574796,-0.000140632023229189,0.00123741318490524,-0.0161540712313166,0.000663928625812436
5.96898418116458,0.00303347092690249,5.29440554132383e-05,0.999999998598463,-0.000133816468345223,0.00118367519722779,-0.016153709471578,0.000305283749675927
5.97347437134265,0.00294531234086949,5.14053978251543e-05,0.999999998678743,-0.000342670917970294,0.00113116323125199,-0.011694820017277,-0.00307890699352332
5.97759420953589,0.00283897260898793,4.95494193804977e-05,0.999999998772428,-0.000450497898210014,0.00109294814710849,-0.0092758701558176,-0.00779297145788863
5.97958216547733,0.00295600586652015,5.15920350561573e-05,0.999999998669131,0.00102749544680232,0.00101495096635019,-0.0392348638782493,-0.000703381235745932
5.98157012141877,0.00296475451360608,5.17447277526979e-05,0.999999998661242,7.68088937795746e-05,0.000975664481895307,-0.0197622510821083,0.000392192890162615
5.98491993402694,0.0029541864554417,5.15602803424333e-05,0.999999998670769,-5.50620085614946e-05,0.000918919374242893,-0.0169397856805345,0.000820257247255696
5.98942272630605,0.00301378376442377,5.2600449608088e-05,0.999999998616596,0.000231005385678363,0.000817287818219048,-0.0225707849094753,0.00534198969315803
5.99245928581185,0.00295616189094308,5.15947581960472e-05,0.99999999866899,-0.000331194370301867,0.000784110100384075,-0.0109260884799599,0.00319711421474391
5.99549584531764,0.00288980067414763,5.04365364688441e-05,0.999999998728078,-0.000381425664967279,0.000754499118659569,-0.00975149068147726,0.000534382278488557
5.998845385855,0.00282458731620719,4.92983486579172e-05,0.999999998784836,-0.000339804161091842,0.000719524449680778,-0.0104416317965548,-0.00199094793933929
6,0.00285380023254092,4.98082102314244e-05,0.999999998759571,0.000441586114584722,0.000689212503618949,-0.0262528795383306,-0.00010634803125986
6.00337596438113,0.00282352811454996,4.92798621015784e-05,0.999999998785748,-0.000156502874688926,0.000642101565802506,-0.0139548089072707,-0.00076125895604404
6.0070666412197,0.0028000040652475,4.88692899883434e-05,0.999999998805896,-0.000111245750220818,0.000587830831722655,-0.0147048187781374,-0.000996614037458133
6.00978386535249,0.00282013456663908,4.92206335172812e-05,0.999999998788665,0.000129302373374623,0.000534977952907282,-0.0194510560161759,0.00089388807152197
6.01250108948528,0.0028059311042463,4.89727363336428e-05,0.999999998800836,-9.12317761887326e-05,0.000494691044221869,-0.0148264945093326,0.000927899661145466
6.01607461833957,0.0027938648621643,4.87621406812205e-05,0.999999998811127,-5.89321259911255e-05,0.000439894321456827,-0.0153340647296917,0.00131267793266864
6.02061238178445,0.00277975322404304,4.85158461334459e-05,0.999999998823106,-5.42766389340155e-05,0.000370757147905357,-0.0152359580641899,0.00196237069866963
6.02286727242029,0.00274025724478712,4.78265112549306e-05,0.999999998856312,-0.000305706568806053,0.000348315049146829,-0.00995263291347246,0.000384040773704992
6.02512216305613,0.0027300587242059,4.76485134921587e-05,0.99999999886481,-7.89385348209885e-05,0.000315692872488389,-0.014467298830352,0.000458183456510647
6.02875997314823,0.00270435267447352,4.71998582871518e-05,0.999999998886087,-0.000123331123437573,0.000266855071708407,-0.0134250550588144,0.000103052446823055
6.03363175463628,0.00260152094921096,4.54051061077381e-05,0.999999998969188,-0.00036839751243726,0.000226740169245016,-0.00823413417899357,-0.00411725315487033
6.03624627679067,0.00267089830556935,4.66159694012396e-05,0.999999998913476,0.000463129865911607,0.000161363362946314,-0.0250052600200974,0.000372326744540475
6.03886079894505,0.00266580725861613,4.65271138696286e-05,0.999999998917614,-3.39853810603005e-05,0.000122783072144239,-0.0147561537152671,0.00084821892636783
6.04217806108036,0.00265495681025031,4.63377378205317e-05,0.999999998926407,-5.70880568302562e-05,7.58422227069665e-05,-0.0141504793780714,0.00119126190853371
6.04628488657317,0.00265637139167213,4.63624269238534e-05,0.999999998925263,6.01172447951975e-06,1.31376247798622e-05,-0.0152683862600927,0.00243925949759271
6.05,0.00255370270967104,4.45705203861036e-05,0.999999999006734,-0.000482328891135134,-5.96579315602407e-06,-0.00514208201503232,-0.00196404318119574
6.05238155614266,0.00256928969934553,4.48425646761261e-05,0.999999998994572,0.000114229635581924,-4.68389824897324e-05,-0.0171623874833373,-0.000585247922611012
6.05476311228533,0.00257280400451177,4.49039008721351e-05,0.99999999899182,2.5754671482224e-05,-8.31667127662408e-05,-0.0152537786641823,0.000235236250016472
6.05831376543987,0.00255185450317492,4.45382630975216e-05,0.999999999008172,-0.000102977609770569,-0.000127549339795337,-0.0124998486468085,6.76983390811422e-05
6.06349825888237,0.00254254527445457,4.43757864056908e-05,0.999999999015395,-3.13389714527228e-05,-0.000198932652155066,-0.0137686185065979,0.000781671447430687
6.06557115098683,0.00252727063551315,4.41091936643706e-05,0.99999999902719,-0.000128609077630139,-0.0002230367927617,-0.0116282659163955,0.000679612516021738
6.06764404309128,0.00251400649867726,4.38776908043733e-05,0.999999999037374,-0.00011168109508616,-0.000247671115006043,-0.0118840349632115,0.000546654968709496
6.07106945304754,0.00250273936271002,4.36810421846636e-05,0.999999999045983,-5.74087838855528e-05,-0.000291762435386899,-0.0128718375154845,0.000856455343355511
6.0757033485262,0.00254217832178327,4.4369381873384e-05,0.999999999015679,0.000148544500530336,-0.000370058650352558,-0.0168964136817951,0.00423272638528344
6.07901358519445,0.00247042203988444,4.31169984964586e-05,0.999999999070462,-0.000378336506913581,-0.00038989377994245,-0.0059920578429115,0.00130740171914945
6.08163089412493,0.00242856243446378,4.23864105589499e-05,0.999999999101696,-0.000279137066958324,-0.00041054156214857,-0.00788893583241642,-0.000310028373994613
6.0842482030554,0.00242315897222209,4.22921023519098e-05,0.999999999105689,-3.60325088210417e-05,-0.000443867793921832,-0.0127330141983761,6.68554641590994e-05
6.0877037744039,0.0024038444090649,4.19549996315316e-05,0.999999999119889,-9.75533961479493e-05,-0.000483099360619611,-0.0113531346169025,-7.70002713813651e-05
6.0925092558697,0.00239729131762701,4.18406266098566e-05,0.999999999124681,-2.38005333262098e-05,-0.000544059757443541,-0.0126855960755858,0.000676853747551175
6.09470298472804,0.00238727475216948,4.16658045630335e-05,0.99999999913198,-7.96917295912823e-05,-0.000569074394564979,-0.0114027934793897,0.000829899668470808
6.09689671358638,0.00237161679964283,4.13925217375581e-05,0.99999999914333,-0.00012457456839844,-0.000591887262980866,-0.0103991285564524,0.000573060959803731
6.10044152331736,0.00236031297412126,4.1195232764304e-05,0.999999999151476,-5.56557300376837e-05,-0.000633316291125531,-0.0116872360687252,0.000876717581157771
6.10525382883302,0.00240068898447511,4.18999270831897e-05,0.999999999122198,0.000146435906282641,-0.000708566255741623,-0.0156369882110111,0.00433015823352552
6.10789980358933,0.00231765752730889,4.04507547741392e-05,0.999999999181868,-0.000547689393794061,-0.000712123261179442,-0.00134430815310431,0.000513016416018422
6.11054577834564,0.00229815116374249,4.01103045050906e-05,0.999999999195582,-0.00012866724012111,-0.000737994490631141,-0.00977757984651193,0.000114217967704751
6.11390229588069,0.00227583652956677,3.97208406676566e-05,0.999999999211127,-0.000116032117716474,-0.000771279994167618,-0.00991667798213503,-0.000245738241786493
6.11804746548072,0.00223479776530647,3.90045791109194e-05,0.999999999239321,-0.000172794270538031,-0.000806983359459955,-0.00861324595552197,-0.00145746928843789
6.12072858374405,0.00226193025874803,3.94781304553858e-05,0.999999999220739,0.000176624564200368,-0.000848809803245272,-0.0156003725599568,0.000694083918124697
6.12340970200738,0.00225074433289609,3.92828992195368e-05,0.999999999228427,-7.28170922820745e-05,-0.00087673112930766,-0.0104140598511554,0.000773897754505966
6.12697620418308,0.00224176091363618,3.91261089754848e-05,0.999999999234574,-4.39619090213877e-05,-0.000915542211124333,-0.0108821135961063,0.00118001549498115
6.13147495140681,0.0022412362694113,3.91169522063661e-05,0.999999999234932,-2.03540422929572e-06,-0.000967649564882074,-0.0115826364910803,0.00235485368733965
6.13373726467856,0.0021958892472684,3.8325497364591e-05,0.999999999265578,-0.000349843168164411,-0.000977531145460741,-0.00436790991860985,0.000390426715962916
6.1359995779503,0.00218550189858312,3.81442039296128e-05,0.99999999927251,-8.01363088723338e-05,-0.000999652883438692,-0.00977837077394084,0.000369450944866576
6.13973432523751,0.00216125724578458,3.77210549125799e-05,0.999999999288561,-0.000113300575593536,-0.00103322992930541,-0.00899044655088329,-2.58088217018112e-05
6.14467671372136,0.00204072177034408,3.56173140021012e-05,0.999999999365703,-0.000425652681647593,-0.00104541227101466,-0.00246486931350237,-0.00537449344652056
6.14731536044035,0.00213009520310268,3.71771746665151e-05,0.999999999308929,0.000591159344758395,-0.0011062180763976,-0.0230443147031844,8.87979682698469e-05
6.14995400715934,0.00213121096435209,3.719664837397e-05,0.999999999308205,7.3801874757058e-06,-0.00113538161304931,-0.0110524597483324,0.000804954552921129
6.1531514656152,0.00212224351925577,3.70401369316552e-05,0.999999999314014,-4.8948702409487e-05,-0.00116671246748086,-0.00979867443598391,0.00109257095975067
6.15706777441553,0.00212058842445071,3.70112500778941e-05,0.999999999315084,-7.37604087259393e-06,-0.00120790180261056,-0.0105173869655693,0.0019600720486224
6.16013919525924,0.00207135525334175,3.615196914142e-05,0.999999999346518,-0.000279766590374055,-0.00122277314500484,-0.00484184458952305,4.22615428614381e-05
6.16321061610295,0.00204206815109761,3.56408127792207e-05,0.999999999364866,-0.000166423420474919,-0.00124440252693667,-0.00704214206793465,-0.000826776922907635
6.16641785138031,0.00202821428148436,3.53990171404802e-05,0.999999999373455,-7.53906770108427e-05,-0.00127258166977445,-0.00878611651496728,-0.000840957259901283
6.17007961795696,0.00202531513806803,3.53484175424092e-05,0.999999999375245,-1.38183570807893e-05,-0.00130890724531298,-0.0099202324282983,-0.000187265905434231
6.17279436244581,0.00203593284790019,3.55337315378855e-05,0.999999999368677,6.82620395228743e-05,-0.00134007651384353,-0.011481474097659,0.00104379775448884
6.17550910693467,0.00201945932887963,3.52462143917669e-05,0.999999999378852,-0.000105909468636573,-0.00136135594558212,-0.00783846576573084,0.000798825523477194
6.17914441311388,0.00200857122382352,3.50561811093522e-05,0.999999999385532,-5.22743541160149e-05,-0.00139342702700812,-0.00882211286889909,0.00105840424085721
6.18298458432888,0.00197264913338046,3.44292223572998e-05,0.999999999407314,-0.000163263228988875,-0.00141813010053965,-0.0064328052444781,4.20451315034107e-05
6.1858081344589,0.00194826641220221,3.40036635923929e-05,0.999999999421875,-0.000150717623403043,-0.00143669652165783,-0.00657555922976965,-0.000658375494855623
6.18863168458892,0.00194560738129838,3.39572547482355e-05,0.999999999423452,-1.64363450433245e-05,-0.00146272007263565,-0.00921660667580356,-0.000177485153750797
6.19231372854121,0.00193056020508194,3.3694631980281e-05,0.999999999432336,-7.13252670277362e-05,-0.0014921371021206,-0.00798932056926705,-0.000175509297521951
6.19510725122606,0.00193340743288377,3.3744325479949e-05,0.99999999943066,1.77888298404349e-05,-0.00151922728658779,-0.00969749936668072,0.000613045068904345
6.19790077391092,0.00192165848521571,3.35392676596129e-05,0.999999999437559,-7.34047450424819e-05,-0.00154086888844819,-0.00774706501498176,0.000612088324054089
6.20199810932631,0.00191830979770874,3.34808220370288e-05,0.999999999439517,-1.42643002565332e-05,-0.00157708599528137,-0.00883918526588926,0.00135169266447556
6.20583492282661,0.00188506303549282,3.29005565710529e-05,0.999999999458777,-0.000151236297060298,-0.00159979630594461,-0.00591905513820204,0.000461868095309792
6.20852880715582,0.00185713909508756,3.24131918711103e-05,0.999999999474693,-0.000180915228956651,-0.00161382887944479,-0.00520904826833072,-0.000489059517424009
6.21122269148504,0.00185438878255683,3.23651898620154e-05,0.999999999476247,-1.78188827929633e-05,-0.00163658130469645,-0.00844595478912199,-6.31675986999241e-05
6.21483650323736,0.00183707057538829,3.20629301265387e-05,0.999999999485984,-8.36401440775658e-05,-0.00166189338875632,-0.00700426192471069,-0.000218668742464125
6.21845790059303,0.00184307703533461,3.21677626289371e-05,0.999999999482618,2.89480805767817e-05,-0.00169515240662899,-0.00918402887234165,0.000866062130120626
6.22207929794869,0.00189400890128707,3.30566913835192e-05,0.999999999453628,0.000245465677403147,-0.00174397702766031,-0.0134822600880588,0.00437974677420488
6.22514210497638,0.00185786583265365,3.24258758344298e-05,0.999999999474281,-0.000205959939273104,-0.00175677831625915,-0.00417959358298749,0.00314672376229513
6.22815188291617,0.00180029240420298,3.14210299468164e-05,0.999999999506359,-0.000333860473505427,-0.00176123163648276,-0.0014796175374688,0.000708429168945358
6.23189357892753,0.00170340310082158,2.97299925936379e-05,0.999999999558064,-0.000451944077988945,-0.0017573770488104,0.00103017125406667,-0.00366318964493859
6.23494399010988,0.00169054536563958,2.9505582780461e-05,0.99999999956471,-7.35670700966177e-05,-0.00177743822617979,-0.00657654859301685,-0.00378139710209982
6.23757653157019,0.00174175414322378,3.03993445548257e-05,0.99999999953794,0.00033950529867813,-0.00181668272943506,-0.0149074587606426,-0.000492367491661477
6.2416072507908,0.00176346772793619,3.07783181002907e-05,0.999999999526348,9.40213209851845e-05,-0.00185620519745427,-0.00980531410302512,0.00144382025849882
6.2441124831546,0.00174907260000226,3.05270757217159e-05,0.999999999534049,-0.000100287056132264,-0.00187060580176002,-0.00574821102977824,0.00126134309600601
6.24661771551841,0.00172734241317568,3.0147812414693e-05,0.999999999545555,-0.000151388475048316,-0.00188221206911396,-0.00463281072113142,0.000626780325660325
6.25031853068051,0.00171663003946605,2.99608462228403e-05,0.999999999551174,-5.05202728987081e-05,-0.00190662561329173,-0.00659680181484408,0.000822462925997266
6.25414197638143,0.00168415358777797,2.93940252117681e-05,0.999999999567996,-0.000148248740968233,-0.0019238137258406,-0.00449545093441123,-0.000111152546221689
6.25711445733903,0.00165920812686928,2.89586447856693e-05,0.999999999580698,-0.000146470383660781,-0.00193699144116666,-0.00443323792953481,-0.000867946137726575
6.26008693829663,0.00165609426690369,2.89042976768465e-05,0.999999999582271,-1.82834169909627e-05,-0.00195767893536848,-0.00695967257550482,-0.000448260980660924
6.26378829957638,0.00164778018754769,2.87591896178725e-05,0.999999999586454,-3.92039706656252e-05,-0.00198150844078849,-0.00643803822943696,-0.000175650096828865
6.26665761323231,0.00165702926644043,2.89206164972604e-05,0.999999999581799,5.62597536597864e-05,-0.00200529499172661,-0.00828997934366514,0.000913637090214511
6.26952692688824,0.00164460829288025,2.8703829612422e-05,0.999999999588045,-7.5553568178448e-05,-0.00202114295456442,-0.00552325912682235,0.000832525842027333
6.27320657104251,0.0016367503464258,2.85666825744027e-05,0.999999999591972,-3.72718209493967e-05,-0.00204399991105792,-0.0062117301388934,0.00115662377308956
6.27674373467412,0.00159954840197644,2.79173861558762e-05,0.99999999961031,-0.000183564145289119,-0.00205507346478787,-0.003130630890517,-0.000118639479147508
6.28028089830574,0.00152280154858695,2.65779008741816e-05,0.999999999646808,-0.000378689091513662,-0.00205173905879669,0.000942677901972564,-0.00354584837967699
6.28327287727046,0.001538411871437,2.6850352405117e-05,0.999999999639529,9.10606438900627e-05,-0.00207729091657136,-0.0085401194580557,-0.00217229002310497
6.28624759223935,0.00156607091944324,2.7333093860616e-05,0.999999999626451,0.000162281583521428,-0.0021067714779991,-0.00991038191425412,-0.000119197087107536
6.28940299998425,0.001579857224406,2.75737102738095e-05,0.999999999619845,7.62552521691842e-05,-0.00213225105467072,-0.00807489197324261,0.00123671466044185
6.29255840772915,0.00157638915351561,2.75131810181026e-05,0.999999999621512,-1.91827049380877e-05,-0.0021513280251031,-0.00604580199284616,0.0016766718868839
6.29592609031737,0.00155932875515779,2.72154208951683e-05,0.99999999962966,-8.84169203141636e-05,-0.00216664586628581,-0.00454848127204828,0.00143003275902041
6.3,0.00147473033579342,2.57388999357948e-05,0.999999999668755,-0.000362433405479533,-0.00216202977535958,0.00113308622081557,-0.00222421139143434
6.30232389348488,0.00149755013100532,2.61371804967394e-05,0.999999999658424,0.000171385032777715,-0.00218448127138614,-0.00966115537248331,-0.000673003146418082
6.30464778696977,0.00150341677652107,2.62395727770014e-05,0.999999999655742,4.40606598207574e-05,-0.00220076291625991,-0.00700619240067823,6.34956636325883e-05
6.30820427298342,0.00148715676502644,2.59557820401046e-05,0.999999999663149,-7.97952630501131e-05,-0.0022164349135057,-0.00440659605735444,-0.000146432594738863
6.3132702982325,0.00145700742082336,2.54295767166175e-05,0.999999999676668,-0.000103869463294979,-0.00223571611364463,-0.00380598184788431,-0.000960662150473805
6.31541793763157,0.00147148673467867,2.56822884167398e-05,0.99999999967021,0.000117669521389056,-0.00225338751906687,-0.00822829262207612,0.000336728228840028
6.31756557703064,0.00146361410700662,2.55448851431239e-05,0.999999999673729,-6.39787450912088e-05,-0.00226299422379091,-0.00447314606362779,0.000329911037193568
6.32115353912373,0.00145776754483089,2.54428433832681e-05,0.999999999676331,-2.84400328769697e-05,-0.0022813848030123,-0.00512563364500902,0.000676079593099478
6.32596338430462,0.00152617433162907,2.66367670432012e-05,0.999999999645241,0.000248224966799649,-0.00233265261260202,-0.0106589313505159,0.00526898937103496
6.32901417689494,0.00143462938522418,2.50390063154076e-05,0.999999999686524,-0.000523719879679098,-0.00231688838983249,0.00516725483717484,0.000934215980683603
6.33206496948526,0.00137476579002139,2.39941894773519e-05,0.999999999712139,-0.000342473900613781,-0.00231216476407337,0.0015483273999395,-0.00175443240960185
6.33483414051888,0.00138139115976709,2.41098239935429e-05,0.999999999709358,4.17578094024126e-05,-0.00232936301299118,-0.00621061274620811,-0.000937103563976614
6.33785393321443,0.00138405135720136,2.41562531975105e-05,0.999999999708238,1.53749639998275e-05,-0.00234628419938996,-0.00560342649470049,-0.000265369261013088
6.34238413316777,0.00141403245361836,2.46795220431891e-05,0.999999999695461,0.000115506788049988,-0.00238050499248612,-0.00755392553278456,0.00204069154966519
6.3447037915112,0.00138601415528546,2.41905104866199e-05,0.99999999970741,-0.000210811888785411,-0.00238241482990891,-0.000823327033571125,0.00104719718385899
6.34702344985463,0.00136720547690463,2.38622371210206e-05,0.999999999715297,-0.000141517981138851,-0.00238747414620464,-0.00218106097825167,0.000461439485892248
6.35065988944535,0.00136006059760813,2.37375354526744e-05,0.999999999718265,-3.42922425275639e-05,-0.00240309830627813,-0.00429655427616467,0.000719721556378347
6.35577045135241,0.00136935729280823,2.38997933934245e-05,0.9999999997144,3.17495304325863e-05,-0.00243141618326237,-0.00554104959477356,0.0022545569629894
6.35788108114743,0.0013300135711797,2.32131159112091e-05,0.999999999730576,-0.000325342456563962,-0.00242758016733362,0.00181747454613352,0.000381018296145783
6.35999171094244,0.00132116533015516,2.3058684972362e-05,0.999999999734149,-7.31681791157531e-05,-0.00243448765149157,-0.00327271233177458,0.000250213170875846
6.36358115968833,0.00130288672941153,2.27396632068118e-05,0.999999999741454,-8.88776489701142e-05,-0.00244485460355218,-0.00288817386582476,-0.000114554394235282
6.36837384444382,0.00119310061033363,2.08235339563708e-05,0.99999999978319,-0.000399802897259873,-0.00242788250022351,0.00354125176066302,-0.00522144696839532
6.37254700458597,0.0011359243542572,1.98256200340799e-05,0.999999999803472,-0.000239126678225493,-0.00242635488923128,0.000366056163721647,-0.00802907523000399
6.37436049823682,0.00123919100716987,2.16279631345327e-05,0.999999999766116,0.000993851343234404,-0.00247113048998616,-0.0246902440127055,-0.00178563451140519
6.37617399188766,0.00126202808594595,2.20265453506178e-05,0.999999999757416,0.000219786937767414,-0.00248723227967925,-0.00887887844856047,-0.000193536819458059
6.37911896705121,0.0012641188570664,2.20630361905663e-05,0.999999999756611,1.2390882072309e-05,-0.00250078319652297,-0.00460136880318813,0.000413797834380604
6.38313412011245,0.00128659678613549,2.24553500617545e-05,0.999999999747879,9.770832277186e-05,-0.00252593741655372,-0.00626482219908774,0.00228231986160262
6.38709098134308,0.00135450136103566,2.36405084706147e-05,0.999999999720563,0.000299519831527094,-0.00256666045435236,-0.0102917528376749,0.00666217323671021
6.39051833374695,0.00121720879139393,2.12443010924468e-05,0.99999999977434,-0.000699142398099326,-0.00253192149746434,0.0101357995310953,-2.10348712267479e-05
6.39275301125933,0.00120725394500888,2.10705562465364e-05,0.999999999778016,-7.77494045499588e-05,-0.00253743493123365,-0.0024672167410058,-0.000356683322803602
6.39498768877172,0.0012087934490493,2.10974256608836e-05,0.999999999777449,1.20238442478737e-05,-0.00254693124516226,-0.00424952319785031,6.28283441051238e-05
6.39830730151106,0.00119492903183061,2.08554459316005e-05,0.999999999782525,-7.28939633437488e-05,-0.00255510269715369,-0.00246156784934998,-0.000148483975428085
6.40288224045668,0.00114608639399459,2.00029810861806e-05,0.99999999979994,-0.000186333600454315,-0.00255541825469625,-6.89752467316702e-05,-0.00208004184709845
6.40561490828267,0.00118370541992174,2.06595569498668e-05,0.999999999786591,0.00024026918221786,-0.00257915734760344,-0.00868714912272818,0.000396447813412358
6.40834757610865,0.00117971699392594,2.05899457842827e-05,0.999999999788027,-2.54737019029564e-05,-0.00258794842191056,-0.00321702997470955,0.000632501365395316
6.4118119030342,0.00117673231582755,2.05378533243648e-05,0.999999999789098,-1.50368198638369e-05,-0.00259961487655423,-0.00336759633094311,0.00102724114611952
6.41607190608706,0.00118035699491386,2.06011159087356e-05,0.999999999787797,1.48503612789246e-05,-0.00261622787699821,-0.00389976256773734,0.00196104177028393
6.41839410360782,0.00114132501475903,1.99198793416006e-05,0.999999999801599,-0.00029335858004474,-0.00261054988145352,0.00244509586024182,0.00016820196907227
6.42071630112859,0.00113452655763641,1.98012238807787e-05,0.999999999803956,-5.10961965053773e-05,-0.0026162296349494,-0.0024458528807684,0.000152098364070701
6.42460285582199,0.0011150052018971,1.94605119487402e-05,0.999999999810644,-8.76642576732724e-05,-0.00262260522146074,-0.00164042114785194,-0.000295843956217306
6.42968469031237,0.000982467821682576,1.71472982824172e-05,0.999999999852985,-0.000455192641769543,-0.00259244624619042,0.00593466302915261,-0.00673639851674668
6.43207836513259,0.00109415468077782,1.90966017045198e-05,0.99999999981766,0.0008143559876903,-0.00263999161499004,-0.0198629188886279,-0.000302099685718975
6.4344720399528,0.00109809476103301,1.91653690777531e-05,0.999999999816344,2.87287866611092e-05,-0.00264911019996194,-0.00380945017882399,0.00029477103247631
6.43788381676239,0.00109608082797222,1.9130219314934e-05,0.999999999817017,-1.03024801407626e-05,-0.00265920819895819,-0.00295974782636448,0.000702878586295608
6.4422369222359,0.00113479948552053,1.98059873709761e-05,0.999999999803861,0.000155238153608349,-0.00268646167857522,-0.00626069820335596,0.00346365908634117
6.44554218174557,0.0010736052555624,1.87379465751826e-05,0.999999999824445,-0.000323133718507606,-0.00267470350452723,0.00355741327226768,0.000715264188798955
6.44884744125524,0.000980635832155162,1.71153240333064e-05,0.999999999853533,-0.000490921374672791,-0.00265144590851537,0.00703654159191515,-0.00379256002379003
6.45151980301395,0.00101551855960578,1.77241424793031e-05,0.999999999842927,0.000227820370541216,-0.00267163560726944,-0.00755500212060893,-0.00158960151900666
6.45423734308786,0.00103316155408013,1.80320708227425e-05,0.999999999837422,0.000113311426920787,-0.00268569400744634,-0.0051732080464578,-0.000253586370180878
6.45855479620207,0.00104383304073497,1.82183234009214e-05,0.999999999834046,4.31394558973259e-05,-0.00270158562944593,-0.00368078623650932,0.000885884058413282
6.46110769680795,0.00103819066803036,1.81198454196176e-05,0.999999999835836,-3.85749375017725e-05,-0.00270657626445449,-0.0019548880975093,0.0010074535671379
6.46366059741384,0.00102122415232232,1.78237238579689e-05,0.999999999841157,-0.000115994160138606,-0.00270742573691594,-0.000332747957162934,0.000476209552339528
6.46744478144838,0.00101533818933018,1.77209944241216e-05,0.999999999842983,-2.71470501766722e-05,-0.00271532755982495,-0.00208811802937839,0.000711530836643058
6.47111796510736,0.000987052902643882,1.72273230416507e-05,0.99999999985161,-0.000134398774572362,-0.00271473425536314,0.000161523222603826,-0.000263938631722358
6.47479114876634,0.000908020572177328,1.58479486596738e-05,0.999999999874421,-0.000375525568614804,-0.00269586342386657,0.00513745928560494,-0.00398526263793117
6.47787571936358,0.000921834117796215,1.60890405120671e-05,0.999999999870571,7.81605882646365e-05,-0.00270835634813693,-0.00405013400618718,-0.00286636282169957
6.48084806632991,0.000963924102144568,1.68236493209592e-05,0.999999999858482,0.000247147731174493,-0.00273047867945864,-0.00744271498997417,-0.000201987523301448
6.48455464572896,0.00103205960660793,1.80128382111717e-05,0.999999999837769,0.000320831894414182,-0.00276342549258643,-0.00888873799283983,0.00393579466814174
6.48760920482801,0.00102689276780668,1.79226598621847e-05,0.999999999839389,-2.95225419044491e-05,-0.00276859963901362,-0.00169390941847865,0.00414683164219946
6.49026351285601,0.000961716110576191,1.67851125982402e-05,0.99999999985913,-0.000428566410573562,-0.00275138983987274,0.00648372342597057,0.00102551107729035
6.49425292361584,0.000915513234246323,1.59787202825005e-05,0.99999999987234,-0.000202133188181233,-0.00274371584388497,0.00192359133961652,-0.000845150139546513
6.49678932086116,0.000911921976543778,1.59160410113115e-05,0.99999999987334,-2.47119300072369e-05,-0.00274787434139721,-0.0016395292653409,-0.000759357263843336
6.49932571810649,0.000917589503049486,1.60149580092675e-05,0.999999999871761,3.89990164793691e-05,-0.00275522296274381,-0.00289726751602109,-0.000126360819740061
6.50303683064692,0.000905034199938808,1.5795826631428e-05,0.999999999875246,-5.90473545277778e-05,-0.00275837775102231,-0.000850092322486366,-0.000312190045855799
6.50672635872593,0.000914337219082592,1.59581949458426e-05,0.999999999872668,4.40078814845018e-05,-0.00276904835990111,-0.00289213380418067,0.000657945643360136
6.51041588680495,0.000976292336389717,1.70395157311641e-05,0.999999999854827,0.000293078345606973,-0.00279823315864448,-0.00791017119759859,0.00446935139296245
6.51350220931572,0.000945484288016712,1.65018138510171e-05,0.999999999863845,-0.000174220898284756,-0.00279309796413245,0.00166385544417893,0.00327789290533459
6.51647441613121,0.000886983669997821,1.54807854522665e-05,0.999999999880173,-0.000343525354144068,-0.00277776236783426,0.00515966662153446,0.00053551113170076
6.52011960307784,0.000805502365736226,1.40586684142376e-05,0.999999999901177,-0.000390135556558415,-0.00275531057999147,0.00615929667572343,-0.00333793899235385
6.52316434862426,0.000798075778236345,1.39290500101899e-05,0.999999999902991,-4.257117781574e-05,-0.00275796887640266,-0.000873076705642214,-0.00340547150709014
6.52586844989256,0.000843403299913668,1.47201645051471e-05,0.999999999891658,0.00029256097185128,-0.00277868035810388,-0.00765928478493603,-0.000638318084521908
6.52999767979391,0.000879023888022321,1.53418610490696e-05,0.999999999882314,0.000150559924936505,-0.00279815281560883,-0.00471576007395008,0.00171636545860176
6.53243169480348,0.00085993974057365,1.50087798411926e-05,0.999999999887368,-0.000136844352481684,-0.00279525980773755,0.00118857437604225,0.00108356737054486
6.53486570981305,0.000841550612331457,1.46878290068302e-05,0.999999999892134,-0.00013186066360962,-0.00279252892381954,0.00112196675339638,0.00041777551303851
6.53854193816245,0.000836788640226876,1.46047169147261e-05,0.999999999893351,-2.26079786710242e-05,-0.00279642773212551,-0.00106054573748162,0.000630658783066598
6.54264154816101,0.000812307580054741,1.41774418103877e-05,0.9999999998995,-0.000104223354058949,-0.00279373171781571,0.000657627020802383,-0.00013103743721868
6.54540299441789,0.000794666510152164,1.38695470570435e-05,0.999999999903818,-0.000111497644615154,-0.00279137385295777,0.000853851438191891,-0.000771094487983974
6.54816444067478,0.000797238358106797,1.39144342717082e-05,0.999999999903194,1.62549658741499e-05,-0.00279609835028733,-0.00171087788428615,-0.000306267906147709
6.55188796370092,0.000787004771223298,1.37358244863193e-05,0.999999999905664,-4.79679551200196e-05,-0.0027974296987898,-0.000357550763921742,-0.000415673582463325
6.55503122015944,0.000798410389240678,1.39348900739284e-05,0.999999999902909,6.33310040891239e-05,-0.00280553470497958,-0.00257853798972994,0.000578908334222948
6.55817447661797,0.000799879371597534,1.39605286527067e-05,0.999999999902552,8.15669326353704e-06,-0.00280997218197327,-0.00141174512873756,0.00104866045297784
6.56175053086041,0.000801259698396214,1.39846199000948e-05,0.999999999902215,6.73682381675846e-06,-0.00281475618820258,-0.00133778905603064,0.00157364495306698
6.56592270662579,0.000750159237058756,1.30927486005499e-05,0.99999999991429,-0.000213766473365848,-0.00280137674271079,0.00320682690380031,-0.000531484204321867
6.56815920628799,0.000750042017809999,1.30907027387125e-05,0.999999999914317,-9.14760628892049e-07,-0.00280381184296153,-0.00108879974000461,-0.000406450099027272
6.5703957059502,0.000752985661843767,1.31420790191041e-05,0.999999999913643,2.29717362645168e-05,-0.00280726974935511,-0.00154612426373859,-5.38301058360308e-06
6.5738644887754,0.000740612684716907,1.29261298299848e-05,0.999999999916458,-6.22550329668752e-05,-0.00280648090584653,0.000227412192785837,-0.000265657770914781
6.57862571503452,0.00068438162768387,1.19447127429575e-05,0.999999999928662,-0.000206126958411959,-0.00279118977697873,0.0032115946681838,-0.00279342552157398
6.58113272197634,0.000733229378246495,1.27972668224029e-05,0.999999999918115,0.000340068495738142,-0.00281092450242324,-0.00787182720370054,0.000162187121712924
6.58363972891816,0.00073028079625289,1.27458043583537e-05,0.999999999918772,-2.05274517572765e-05,-0.00281215983278406,-0.000492751073088465,0.000307329069180772
6.58726518710463,0.00073067777592032,1.27527329606133e-05,0.999999999918684,1.91109699898713e-06,-0.00281546582986903,-0.000911883937126404,0.000746052627451232
6.5918837260019,0.000774779003593153,1.35224445876094e-05,0.999999999908572,0.000166656954543969,-0.00283494706227542,-0.00421805095500866,0.00371436517557429
6.59433504306473,0.000704961112652994,1.2303892514007e-05,0.999999999924307,-0.000497100963471612,-0.00281202758158621,0.00934986380864577,0.000186560453269144
6.59678636012755,0.000696566186818471,1.21573734177448e-05,0.999999999926099,-5.97715809575361e-05,-0.0028108797958073,0.000468232280644744,-6.24727549288786e-06
6.60036467964181,0.000681452826194994,1.18935955138429e-05,0.999999999929271,-7.37155815376032e-05,-0.00280805850840254,0.000788439208269797,-0.000421347048638799
6.60495832925639,0.000615029578588263,1.07342911433123e-05,0.999999999942388,-0.00025237109224121,-0.00278749233992306,0.00447708689278478,-0.00354198585757717
6.60758494589917,0.00067750094018328,1.18246220912798e-05,0.999999999930089,0.000415108520321409,-0.00281134587057585,-0.00908146634886483,0.0001346070306866
6.61021156254196,0.000677719331150607,1.1828433732716e-05,0.999999999930044,1.45116016338009e-06,-0.00281298001322169,-0.000622147373630007,0.00045280592460145
6.61359328429377,0.000677296070490736,1.18210464406076e-05,0.999999999930131,-2.18447662198961e-06,-0.00281471683893617,-0.000513592140908664,0.000803179646184042
6.61781034793312,0.000692254622489501,1.20821224242982e-05,0.999999999927011,6.19094246701435e-05,-0.0028222078664649,-0.00177636103445115,0.0021107095841749
6.62041738165411,0.000646993028686206,1.12921585877844e-05,0.999999999936244,-0.000303012511962283,-0.00280735364830799,0.00569774684435648,-7.32047368641371e-05
6.6230244153751,0.000641179258789837,1.11906891611459e-05,0.999999999937384,-3.89214093503949e-05,-0.00280645274949315,0.000345564695841849,-0.000122019996974085
6.62666387695549,0.000625975248159304,1.09253291161511e-05,0.999999999940319,-7.29118962104314e-05,-0.00280254876198584,0.00107268270898776,-0.000558865324149431
6.63130117479442,0.00058255292305352,1.01674665742259e-05,0.999999999948311,-0.00016342761847321,-0.00278881236701803,0.00296215499735488,-0.00250857006171079
6.63343451229572,0.00062136120462158,1.08447988645922e-05,0.999999999941195,0.00031749889081751,-0.00280332023522341,-0.00680054993478438,-0.000113170769599186
6.63556784979703,0.000621107854969668,1.08403770790078e-05,0.999999999941243,-2.07270794328445e-06,-0.00280388799512209,-0.000266136932548197,0.000108810132499864
6.63939387998311,0.00062143202687088,1.08460349460261e-05,0.999999999941182,1.47878263982161e-06,-0.0028050622728358,-0.000306918047322429,0.000517511431440825
6.64334563129249,0.000641453242109288,1.11954710721655e-05,0.999999999937331,8.84256368389297e-05,-0.00281311484285044,-0.00203772185651769,0.00200763294690895
6.64729738260186,0.000645880166637791,1.12727354809203e-05,0.999999999936463,1.95519410789706e-05,-0.00281545893404151,-0.000593177810937042,0.00274699845147471
6.64949142310034,0.000597125632489683,1.04218083348099e-05,0.999999999945693,-0.000387835660623682,-0.00279847887151559,0.00773917461310644,0.000262370220548056
6.65168546359881,0.000590180883599205,1.03005996009534e-05,0.999999999946949,-5.52445289626198e-05,-0.00279631856483151,0.000984624798667912,9.48508352421171e-05
6.65545249135003,0.000575557518082534,1.00453737249781e-05,0.999999999949545,-6.77525871441089e-05,-0.00279153589708788,0.00126961309008025,-0.000312683037979455
6.66040369359374,0.000441127134303065,7.69912091339964e-06,0.999999999970362,-0.000473875373329681,-0.00274406163118456,0.0095884319739876,-0.00708558758985121
6.66354738850709,0.000539752719609423,9.42046210363885e-06,0.999999999955627,0.000547553511950153,-0.00277922378335931,-0.0111849760056156,-0.00154542669171892
6.66605731349312,0.000575938803231196,1.00520284062108e-05,0.999999999949478,0.000251627561028969,-0.00279209268599173,-0.00512720607349486,0.000721331518395457
6.66856723847916,0.000565584724169465,9.87131563558079e-06,0.999999999951279,-7.19992715497089e-05,-0.00278834963164631,0.00149130128041562,0.000429923635983678
6.6719628862104,0.000562755580717286,9.82193776733144e-06,0.999999999951765,-1.45415167178419e-05,-0.00278716549272091,0.000348722546952772,0.000611505145925186
6.67658323892793,0.000568903219643602,9.92923430781418e-06,0.999999999950705,2.32225864663623e-05,-0.00278893407709488,-0.000382781246820031,0.00146536813667943
6.67892063079299,0.000537266127885403,9.37706289090378e-06,0.999999999956035,-0.000236233994475006,-0.00277739593349497,0.00493633257323726,-8.00000937732604e-05
6.68125802265805,0.000534905973914659,9.33587043326209e-06,0.999999999956421,-1.76232570410079e-05,-0.00277621889675098,0.000503568426666637,8.13086064178686e-07
6.68503768353828,0.000520880803008574,9.09108502280638e-06,0.999999999958676,-6.47638553358364e-05,-0.00277057881296191,0.00149221953180196,-0.000398939309137199
6.69005447509316,0.000426705874847055,7.44742245361512e-06,0.999999999972268,-0.000327632222959089,-0.00273602154112412,0.00688832124272212,-0.00509302778134006
6.69236016779174,0.000511097690509082,8.92033749860415e-06,0.999999999960214,0.000638816719135388,-0.00276546870731888,-0.0127715051589277,-0.000267708024865841
6.69466586049032,0.000514254523429323,8.97543462699551e-06,0.999999999959721,2.38961282340858e-05,-0.00276597887158886,-0.000221262907366639,0.000131833565506268
6.69825759136658,0.000515974737754274,9.00545803080465e-06,0.999999999959451,8.35903491788917e-06,-0.00276554367481286,0.000121166309780983,0.000551588119250301
6.7029023208336,0.00059146214971158,1.03229619132074e-05,0.999999999946718,0.000283655677218564,-0.00279086984104148,-0.00545266767601012,0.00506057290890496
6.70616918330558,0.000514625549487734,8.98191025332521e-06,0.999999999959663,-0.000410501412730478,-0.00276236381812527,0.00872581051718314,0.00129171434468365
6.70870629471595,0.000476757148750502,8.32098197802061e-06,0.999999999965381,-0.000260504238256115,-0.00274791831430068,0.00569368131235608,-0.000586712393352252
6.71124340612632,0.000479245658589219,8.36441466817298e-06,0.999999999965018,1.71189526704886e-05,-0.00274777101619291,5.80574062197299e-05,-0.000247504970304473
6.71468199108116,0.000470316716694174,8.20857523339053e-06,0.99999999996631,-4.53208040035085e-05,-0.00274311102460389,0.00135520618225635,-0.000430307494945151
6.71939803426711,0.000455681867042249,7.95314892143844e-06,0.999999999968374,-5.4161147786238e-05,-0.00273571307210413,0.00156867785303655,-0.000907034613411526
6.72168099780421,0.000473336306822637,8.26127702319115e-06,0.999999999965876,0.000134968472669627,-0.00274086443094033,-0.00225643500322515,0.00032764247683585
6.72396396134131,0.000466799120392189,8.14718159616698e-06,0.999999999966812,-4.99768941438906e-05,-0.00273737093027211,0.00153024812330447,0.000189173030808592
6.72764921587772,0.00046748992187325,8.15923835648875e-06,0.999999999966713,3.27162213710612e-06,-0.00273564292990959,0.000468895796872412,0.000544012333556288
6.73259463607511,0.00053589097004605,9.35306185887351e-06,0.99999999995626,0.000241399811295817,-0.00275715253788143,-0.00434939946723905,0.0047208446900534
6.73502396815771,0.000450730644375356,7.86673378390449e-06,0.999999999969057,-0.000611825812400826,-0.00272541396051491,0.0130647339628552,0.000293598513322779
6.7374533002403,0.00044116507930417,7.69978317860359e-06,0.999999999970357,-6.87228421763199e-05,-0.00272051436070826,0.00201685057458889,-3.45452340213601e-05
6.74097941555644,0.000427940094520462,7.46896365060836e-06,0.999999999972107,-6.54600055039096e-05,-0.00271355742087458,0.0019729756998717,-0.000452421532654621
6.74548450616514,0.000364080463593871,6.35440283185763e-06,0.999999999979811,-0.000247400311244722,-0.00268783197904696,0.00571030508863719,-0.00355634708317519
6.74833655745433,0.000426801606001947,7.44909327746469e-06,0.999999999972256,0.000383825652007183,-0.0027081518451186,-0.00712464959821163,5.33430223447496e-05
6.75118860874353,0.000437686865277631,7.63907689175321e-06,0.999999999970822,6.66129725694938e-05,-0.00270997741269804,-0.000640089323201584,0.000893649618725824
6.75430924221396,0.000434510998345974,7.58364755719219e-06,0.999999999971244,-1.77622060032895e-05,-0.00270654239504927,0.00110074370518518,0.00098977832096078
6.75797908889147,0.000429690067935503,7.49950644852234e-06,0.999999999971879,-2.2927690464009e-05,-0.00270202751016424,0.00123026526222395,0.0010541471145867
6.7608094285059,0.000400863211524756,6.99638289116838e-06,0.999999999975525,-0.000177760843540432,-0.00268955106811505,0.00440810777108795,-0.000281895276778002
6.76363976812033,0.000395679292946321,6.90590644382159e-06,0.999999999976154,-3.19666399352444e-05,-0.00268542702912708,0.0014570827355647,-0.000347785940434569
6.76731627037223,0.000381437427350713,6.65733899755744e-06,0.99999999997784,-6.7609763095279e-05,-0.00267731730332547,0.00220582642032334,-0.000834148121913475
6.77191913570465,0.000384838679134182,6.71670203986697e-06,0.999999999977443,1.28969756931009e-05,-0.00267458605756559,0.000593379463144667,-0.00045614441067577
6.77406799868634,0.000392614729786879,6.85241972655526e-06,0.999999999976522,6.31579062266206e-05,-0.00267546173532353,-0.000407507489028586,0.000273278711683624
6.77621686166803,0.000386699564662036,6.74918061933e-06,0.999999999977224,-4.80435970591583e-05,-0.00267143827640474,0.00187236643428233,0.000143561514854206
6.77967869169138,0.000387435389990734,6.76202319403506e-06,0.999999999977138,3.70976466744639e-06,-0.00266854340638318,0.000836225349607055,0.000449372709037473
6.78436666164858,0.000442827670731794,7.72880087313018e-06,0.999999999970133,0.000206225229245683,-0.00268384407555388,-0.00326381553431235,0.00381738864588684
6.78738132957104,0.000373102175078181,6.51186140142057e-06,0.999999999978798,-0.000403672810088624,-0.00265614387209681,0.00918847586852386,0.000313260698028906
6.79039599749349,0.000336974376952382,5.88131237264166e-06,0.999999999982705,-0.000209160360282074,-0.00264033502209948,0.00524397724856782,-0.00142429967503901
6.79332883231011,0.000339416992015153,5.92394404784507e-06,0.999999999982453,1.45359960140167e-05,-0.0026382691324129,0.000704400287010607,-0.00110040585125588
6.79658651721294,0.000344439987009028,6.01161184879783e-06,0.99999999998193,2.69110744498691e-05,-0.00263673351283322,0.000471383705141403,-0.000606771116012366
6.79990501572302,0.000363537949669035,6.34493417763152e-06,0.999999999979871,0.000100443718093582,-0.0026400748214128,-0.00100687361149609,0.00065356753858133
6.80322351423309,0.000383331867932157,6.69040322318629e-06,0.999999999977619,0.000104104023103567,-0.00264359715005656,-0.00106142239722593,0.00197066436894082
6.80648205523098,0.000375120762602337,6.54709239995602e-06,0.999999999978568,-4.3980058353138e-05,-0.00263715951682382,0.00197561830184032,0.0017942652806575
6.81008961717614,0.000335186399967672,5.85010628730912e-06,0.999999999982888,-0.000193201426130837,-0.00261899028431956,0.00503642980507541,-3.71134382124072e-05
6.81269506167509,0.00031838149570326,5.55680537741747e-06,0.999999999984561,-0.000112572311563523,-0.00261010233219826,0.00341129973212122,-0.000810532928287384
6.81530050617403,0.000324651170781172,5.66623185055555e-06,0.999999999983947,4.19991572202813e-05,-0.00260938144019106,0.00027668676400444,-0.000305213817760602
6.8189057706643,0.000316990390178067,5.53252600576054e-06,0.999999999984696,-3.7086279011722e-05,-0.00260251056060952,0.00190579071246619,-0.000473080117205821
6.82273515960648,0.000330899144703903,5.77527956708416e-06,0.999999999983323,6.33922448182665e-05,-0.00260297338215499,-0.000120860417277398,0.000510078739577838
6.82565542836475,0.000339764382965336,5.93000716371729e-06,0.999999999982418,5.29840262810621e-05,-0.00260265236934384,0.000109925776607646,0.00121350970507599
6.82857569712302,0.000327123534638516,5.70938274017281e-06,0.999999999983701,-7.55493558336568e-05,-0.00259463661025456,0.00274487033653439,0.00075006179858254
6.83228087054088,0.000318691648705722,5.56221856849529e-06,0.999999999984531,-3.97185651204236e-05,-0.00258710558352231,0.00203257064728524,0.000573748760636122
6.8351738056134,0.000295995598015621,5.16609775675919e-06,0.999999999986656,-0.000136926962344943,-0.00257544479359185,0.00403078176251354,-0.000463139782653797
6.83806674068593,0.000293020799000827,5.11417771936665e-06,0.999999999986923,-1.79471837741401e-05,-0.00257075380173532,0.00162153374995747,-0.000440520555575447
6.84178866941725,0.000281099299609796,4.90610830322126e-06,0.999999999987965,-5.59036540375274e-05,-0.00256177632608828,0.00241204931504891,-0.000848067148893422
6.84532709308731,0.000301407795944366,5.26055843038414e-06,0.999999999986163,0.000100171760144447,-0.00256442925393822,-0.00074974850309222,0.000450903033361627
6.84886551675738,0.00036452540600534,6.36216854191937e-06,0.999999999979761,0.000311327928555485,-0.00258224374596851,-0.00503458423619137,0.00407149990328832
6.85182812808366,0.00033166235736315,5.78860014088069e-06,0.999999999983246,-0.000193602311569762,-0.00256662975949902,0.0052703459043111,0.00255092782114494
6.85475817091873,0.000289824069241159,5.05838425976467e-06,0.999999999987206,-0.000249216793825184,-0.00254782506222423,0.00641789159179144,0.000502892830054475
6.85796562761955,0.000261129298823055,4.55756603787069e-06,0.999999999989614,-0.00015614184963768,-0.00253327564975433,0.0045361212409037,-0.000833767781281487
6.86117308432038,0.000245768642757759,4.28947201426746e-06,0.9999999999908,-8.35846119253298e-05,-0.00252341949701915,0.00307288722951093,-0.00147242230881503
6.86452066974003,0.000247259677433307,4.31549547861693e-06,0.999999999990688,7.77380143818966e-06,-0.00251931307254515,0.00122668250671083,-0.00120698954275939
6.8677927480469,0.000277048630709007,4.8354107939952e-06,0.999999999988309,0.000158894521042159,-0.00252532488636797,-0.00183730744163025,0.000584392275282036
6.87106482635378,0.000306559758655885,5.35047714263886e-06,0.999999999985686,0.000157412598460056,-0.00253118891740232,-0.00179214263363334,0.00238803048972241
6.87410805271346,0.000288975272682907,5.04356996514377e-06,0.999999999987281,-0.000100849276795658,-0.00252058457037043,0.00348457386291876,0.00166205355677118
6.87742496730778,0.000261460944742101,4.56335435110878e-06,0.999999999989588,-0.000144777804910124,-0.00250601081905813,0.00439376742989887,0.000411355798501969
6.88037406205172,0.00023564243612022,4.11273636770665e-06,0.999999999991543,-0.000152798747593069,-0.00249253099931002,0.0045708330584632,-0.000813148212525519
6.88332315679565,0.000234163911559439,4.08693124604964e-06,0.999999999991648,-8.75018400487258e-06,-0.00248766989407553,0.00164833810256249,-0.00073076739823457
6.88684471262483,0.000229690094318349,4.00884840506077e-06,0.999999999991965,-2.21728249606359e-05,-0.00248085355704598,0.0019356038524408,-0.000778051051814922
6.89018098260651,0.000251438176092531,4.38842403800987e-06,0.999999999990371,0.000113772456976505,-0.00248358969922087,-0.000820120131139379,0.000576470321627747
6.89351725258819,0.000277976257766634,4.85160094038119e-06,0.999999999988231,0.000138830761575034,-0.00248798330655895,-0.00131692200037916,0.00221025159092096
6.89669216245825,0.000267288901867199,4.66507139160573e-06,0.999999999989119,-5.87511319728014e-05,-0.0024793399979106,0.00272237921771062,0.00185301567767048
6.90012007123001,0.000233409058086599,4.07375656757858e-06,0.999999999991702,-0.000172500163628442,-0.00246201738198413,0.00505340634183397,0.000268365766643984
6.90289251046788,0.000210257862974636,3.66969198710625e-06,0.999999999993267,-0.000145743349378279,-0.00244948514594606,0.00452029240780914,-0.000849723597663697
6.90566494970576,0.000214266408194147,3.73965429940131e-06,0.999999999993007,2.52349307930071e-05,-0.00244658196287918,0.00104715841098454,-0.000491856241282107
6.90923206328369,0.000208825556035949,3.64469351512717e-06,0.999999999993358,-2.66211832620864e-05,-0.00243903406826519,0.00211596699939296,-0.000594879347061921
6.91274843905903,0.000227076693422617,3.96323595475604e-06,0.999999999992146,9.05882817942839e-05,-0.00243994482140548,-0.000259003359844,0.000565676114160171
6.91626481483437,0.000272276017399169,4.75211297781498e-06,0.999999999988709,0.000224343777078255,-0.00245039338469324,-0.00297140122538486,0.0031948108280247
6.91938371490512,0.000253822199767246,4.43003310057873e-06,0.999999999990187,-0.00010326713582794,-0.00243880244212178,0.00371635586538083,0.00241913588607527
6.92256438829922,0.000210894122437618,3.68079680963218e-06,0.999999999993226,-0.000235559014749057,-0.0024183720765142,0.00642328308385081,0.000310222794097058
6.92547922174084,0.000184742061259341,3.22435723589098e-06,0.999999999994802,-0.000156591991578839,-0.00240430827981941,0.00482490577127968,-0.000958347864822519
6.92839405518246,0.00018594504982878,3.24535334729143e-06,0.999999999994734,7.20319422055261e-06,-0.002399943344605,0.00149749044047765,-0.000753723738483626
6.93187672708676,0.000183745810593755,3.2069693816014e-06,0.999999999994858,-1.10214130830969e-05,-0.00239339652394367,0.00187982699525574,-0.000702035356246805
6.93519168902985,0.000204475015859494,3.56876226480821e-06,0.999999999993632,0.000109139377591835,-0.00239524346177966,-0.00055715204810862,0.000578443011840411
6.93850665097293,0.000226558247870406,3.95418737287771e-06,0.999999999992182,0.000116268335712343,-0.00239753536049269,-0.000691380097986436,0.0019517291878248
6.94174702231272,0.000219724381095712,3.83491389701755e-06,0.999999999992647,-3.680858252154e-05,-0.00238963363496789,0.00243852469245789,0.00178364747774453
6.94529790214181,0.000184342549673213,3.21738444331321e-06,0.999999999994824,-0.000173908857362551,-0.00237101612633296,0.00524306919159224,0.000115781525618635
6.94795857870862,0.000165012432977397,2.88001026217806e-06,0.999999999995853,-0.000126800147505869,-0.00235959443159418,0.00429277834113852,-0.000832955746837379
6.95061925527542,0.000171211062524383,2.98819675688391e-06,0.999999999995535,4.06612724206779e-05,-0.00235722957229792,0.000888818778562429,-0.000379492471593749
6.95421561400068,0.000165128113070295,2.88202926067814e-06,0.999999999995847,-2.95208304612984e-05,-0.00234885556686662,0.00232846778395529,-0.000534151393380157
6.95794026314527,0.000181650451869331,3.17039847285001e-06,0.999999999994974,7.74218459184506e-05,-0.00234825845771201,0.000160312859394697,0.000514547462590883
6.96166491228987,0.000267498744030436,4.66873382826368e-06,0.999999999989101,0.000402275569391348,-0.00237227537764011,-0.00644810262543621,0.00530035430263938
6.96464928619257,0.000225569128717226,3.93692398696032e-06,0.99999999999225,-0.00024521385897701,-0.00235211494522979,0.00675533062131224,0.00326158986033809
6.96747899666983,0.000170770498419678,2.98050746269074e-06,0.999999999995558,-0.00033799094711651,-0.00232762678571321,0.00865394524045988,0.000461405527229429
6.9713257745506,9.65398134652645e-05,1.68493760422923e-06,0.99999999999858,-0.000336793518789254,-0.00229439482197556,0.0086389089174528,-0.00329194739267713
6.97455138278063,5.52008990358284e-05,9.63437438236021e-07,0.999999999999536,-0.000223678796227234,-0.00227393311016805,0.00634352046135411,-0.00542017474761762
6.97717633891486,0.00013285410856663,2.31874161928761e-06,0.999999999997312,0.000516314982706429,-0.00229684133941294,-0.00872709031061534,-0.00114690935104029
6.98072169981165,0.000158943825560416,2.77409308174122e-06,0.999999999996152,0.000128435856238961,-0.00229973191183254,-0.000815311192216039,0.000389359975116928
6.98353063467323,0.000169068136549972,2.9507956430041e-06,0.999999999995646,6.29073189559216e-05,-0.00229824797510317,0.000528291613189015,0.00109944021353346
6.98633956953481,0.000156878729667623,2.7380503590427e-06,0.999999999996252,-7.57387744630189e-05,-0.0022888084400351,0.00336053897055159,0.000590976989759796
6.98999642275212,0.000153154113620389,2.6730435456461e-06,0.999999999996427,-1.77767084248728e-05,-0.00228080888030978,0.00218755286305716,0.000577667448680397
6.99291327456227,0.000134772886523653,2.35223061225227e-06,0.999999999997234,-0.000109986024068295,-0.00226892419793244,0.00407448960416133,-0.000282706670880447
6.99583012637243,0.00013097957490869,2.28602483501719e-06,0.999999999997387,-2.26976828253202e-05,-0.00226220705522013,0.00230287417719753,-0.000362120434196916
7,0.000103801572786619,1.81167921387406e-06,0.999999999998359,-0.000113755394889512,-0.00224483258169028,0.00416666668624172,-0.00165402001138972
7.00336513942389,0.000134391427611683,2.34557289827734e-06,0.999999999997249,0.000158654253851863,-0.00224946107657624,-0.00137542440384716,0.000111423745111797
7.00673027884778,0.000189689737144985,3.31071047041653e-06,0.99999999999452,0.000286804631419395,-0.00226285110023568,-0.00397903978788785,0.00323511292369023
7.00962285592793,0.000163578381209802,2.85498133718959e-06,0.999999999995925,-0.000157551249491847,-0.00224814985328879,0.00508240456158742,0.00200555278594208
7.01256023571038,0.00013369070631397,2.33334300449342e-06,0.999999999997278,-0.000177586274615765,-0.00223200335490546,0.00549690526222132,0.000539941449864179
7.01561168156024,0.000114940872375616,2.00609666806775e-06,0.999999999997988,-0.000107243042324065,-0.00221958428979383,0.00406989529641843,-0.000337822899099611
7.01866312741011,0.000108150034655033,1.88757419087517e-06,0.999999999998219,-3.88414158482046e-05,-0.00221139891679646,0.00268245723506412,-0.0005809791197553
7.02241740882581,9.26420983331983e-05,1.61690964186996e-06,0.999999999998693,-7.20949015366582e-05,-0.00219875831746723,0.00336698236748502,-0.00127249561246598
7.0259586670542,0.000118505691634411,2.0683145013721e-06,0.999999999997861,0.000127470190081974,-0.00220120966318108,-0.000692224502070222,0.000230256767903729
7.02877088912199,0.000131905581371262,2.30218669668378e-06,0.99999999999735,8.31627765073199e-05,-0.00220059963651025,0.000216919807939475,0.00110204924800744
7.03158311118977,0.000120487471888094,2.1029030918498e-06,0.999999999997789,-7.08633955750705e-05,-0.00219114840230407,0.0033607709414037,0.000621497307171051
7.03517468640572,0.000116986268175892,2.04179555928896e-06,0.999999999997916,-1.70141313732123e-05,-0.0021829974019943,0.00226947782509673,0.000597263852528744
7.03830614102818,9.55801258194001e-05,1.6681878950182e-06,0.999999999998609,-0.000119308024325929,-0.00216934430887864,0.00435998434010754,-0.00042512931128916
7.04143759565063,8.50551018107014e-05,1.48449157221518e-06,0.999999999998898,-5.86616588616665e-05,-0.00215954354228204,0.00312978081378394,-0.00087512643205403
7.04500635553347,7.35876747398391e-05,1.2843472130965e-06,0.999999999999175,-5.60823271078592e-05,-0.00214854091932752,0.00308303817452881,-0.00136915720099151
7.0491993126581,0.000113078793822737,1.97359726638931e-06,0.999999999998052,0.000164382804976705,-0.00215442308693066,-0.00140286853127866,0.000774158693981588
7.05143067354524,0.000105153841012737,1.83528074678989e-06,0.999999999998316,-6.19875164062228e-05,-0.00214724791063096,0.0032156054814175,0.000571289411482411
7.05366203443238,9.55639094914134e-05,1.66790486670225e-06,0.999999999998609,-7.50106722102543e-05,-0.00213947319328373,0.00348429399836126,0.000164323376659529
7.05712784368328,9.78165782237405e-05,1.70722135303803e-06,0.999999999998543,1.13440998882618e-05,-0.002133480328022,0.00172913880363449,0.000422228652789245
7.06188522154144,0.000140398995249107,2.45042473358635e-06,0.999999999996998,0.00015622122158626,-0.00213926799336519,-0.00121656625051484,0.0029524166277316
7.06440424112944,8.41565833644046e-05,1.46880946693742e-06,0.999999999998921,-0.000389681474223671,-0.00211429863601164,0.00991233155648417,-1.39019244982252e-05
7.06692326071745,7.98670149892737e-05,1.39394237530204e-06,0.999999999999028,-2.97207262666999e-05,-0.00210779631328196,0.00258129105492054,-0.000164789947529978
7.07053522631142,6.92503802488972e-05,1.20864714360101e-06,0.99999999999927,-5.13003866953687e-05,-0.00209686869630296,0.00302539343044733,-0.000603320138427862
7.07512930027849,1.51777884846167e-05,2.64902382227839e-07,0.999999999999965,-0.000205426549101739,-0.00206851626439603,0.00617152272909693,-0.00341313994063534
7.07757487157841,7.55581382965053e-05,1.31873828995086e-06,0.99999999999913,0.000430916043116922,-0.00208512178447065,-0.00679003718891593,-2.67068934337899e-05
7.08002044287834,7.68269710822557e-05,1.34088359971943e-06,0.999999999999101,9.05527054937524e-06,-0.00208069743733053,0.00180912621123094,0.000146454033419482
7.08362026281847,8.21402549088333e-05,1.43361789658609e-06,0.999999999998972,2.57608153766051e-05,-0.00207539663717366,0.00147251813841482,0.000563341324673827
7.08824765711472,0.000138785237976055,2.42225935584366e-06,0.999999999997066,0.000213649712120061,-0.00208627517177494,-0.00235089856295603,0.00383403855165091
7.09084778584398,6.69436182639663e-05,1.16838655190416e-06,0.999999999999317,-0.000482234894692267,-0.00205550794327903,0.0118329635566368,3.07750831465273e-05
7.09344791457324,5.97896985477098e-05,1.04352709843222e-06,0.999999999999456,-4.80204891653547e-05,-0.00204773827705498,0.00298818521429503,-0.000282204140325118
7.09684487742094,5.09542176999001e-05,8.89318866641111e-07,0.999999999999605,-4.53959135572066e-05,-0.00203775772131498,0.00293808210082882,-0.000644503642955803
7.10109852909311,2.14809597827396e-05,3.74913474697284e-07,0.99999999999993,-0.00012093265541905,-0.00201869571741838,0.00448132695521167,-0.00213150602809889
7.1037371654252,6.28385273833282e-05,1.09673919994347e-06,0.999999999999399,0.000273560140314914,-0.002028071767485,-0.00355336957677823,0.000209246119494513
7.10637580175729,6.25095277362519e-05,1.0909970728641e-06,0.999999999999405,-2.17617221803165e-06,-0.00202261556909641,0.00206780992220766,0.000295531012799502
7.10994840425856,6.78632557370965e-05,1.18443725373499e-06,0.999999999999299,2.61546535999707e-05,-0.00201727979388365,0.00149352613700191,0.000708236547315484
7.11447030026815,9.22905682332406e-05,1.61077428420584e-06,0.999999999998703,9.42828029585298e-05,-0.00201678601849437,0.00010919653796549,0.00226074375471888
7.11667301589216,5.24489534896391e-05,9.15406927619445e-07,0.999999999999581,-0.000315686395922811,-0.00199813853816977,0.00846567760328281,0.000115425420768864
7.11887573151617,4.89357678061856e-05,8.54090270209278e-07,0.999999999999635,-2.7836846818443e-05,-0.00199240626616931,0.00260236588780533,-1.50054329780879e-05
7.12272516363716,3.87325797830449e-05,6.76011045005473e-07,0.999999999999772,-4.62611677792323e-05,-0.00198093354771446,0.00298036647855135,-0.000437099168970015
7.12776697667688,-0.000106498234862983,-1.8587448459202e-06,0.999999999998272,-0.000502746902941239,-0.00191899246307112,0.0122854782903261,-0.00813028121365494
7.13072476884917,1.98504972004514e-05,3.46456534305786e-07,0.99999999999994,0.000745556567796478,-0.00195788036515149,-0.0131476113990377,-0.00128386590826437
7.13368256102146,7.72055931897349e-05,1.34749180211578e-06,0.999999999999092,0.000338440028744721,-0.00197222478546331,-0.00484970527889271,0.00192478217486441
7.13634496994452,5.81185061506472e-05,1.01435928866919e-06,0.999999999999486,-0.000125124473014321,-0.00195998271762269,0.0045981170415184,0.00102181555163026
7.13931278491017,4.63751622698307e-05,8.09399272755103e-07,0.999999999999672,-6.90609146077199e-05,-0.00194972134537891,0.00345755121614705,0.000492292203924351
7.14360582374762,2.87180409873257e-05,5.01224369951496e-07,0.999999999999874,-7.17847926544053e-05,-0.001934629515746,0.00351541884533093,-0.000266618987669049
7.14617149115727,1.97810651168464e-05,3.45244715840359e-07,0.99999999999994,-6.07949625599649e-05,-0.00192617982732424,0.00329336857535188,-0.000720944003443546
7.14873715856692,2.69348135711306e-05,4.70101180227064e-07,0.99999999999989,4.86643217733442e-05,-0.00192344862428698,0.00106451951916749,-0.000273009427769194
7.15250324023025,2.00946906843741e-05,3.50718514612154e-07,0.999999999999938,-3.16994362542657e-05,-0.00191326590211514,0.00270379749621572,-0.000538408678755316
7.15631185719625,3.60880791850451e-05,6.29855802499428e-07,0.999999999999802,7.32909847273114e-05,-0.00191110881450252,0.000566370320741895,0.000402388880517371
7.15925691539778,4.83442877518646e-05,8.43766995801505e-07,0.999999999999644,7.26339442767991e-05,-0.00190939635210908,0.000581469796604536,0.00116955746361106
7.16220197359931,3.8542610449311e-05,6.72695454653997e-07,0.999999999999774,-5.80876605625188e-05,-0.00189983539751713,0.00324643994708794,0.00074298964219201
7.16588451110673,3.2305464638805e-05,5.63836724333718e-07,0.999999999999841,-2.9560793366281e-05,-0.00189001566430982,0.00266656705805019,0.000537146537257539
7.16876733477252,1.14153021019591e-05,1.99234606789014e-07,0.99999999999998,-0.000126473957416025,-0.00187663200697496,0.00464255150035269,-0.000518049859444391
7.17165015843831,1.07052715942142e-05,1.86842236639259e-07,0.999999999999983,-4.29869169482123e-06,-0.00187042212676118,0.0021540964463005,-0.000487977217799935
7.1753672490819,1.58595508725783e-06,2.7680138061403e-08,1,-4.28189984691303e-05,-0.00185949342998049,0.00294012114004079,-0.000890319689164405
7.17893192145616,2.40883421947935e-05,4.20420882646212e-07,0.999999999999912,0.000110175831984366,-0.00186012183888761,-0.000176287984182224,0.000388298244849422
7.18249659383041,9.52929432259509e-05,1.6631756132081e-06,0.999999999998617,0.000348630841796133,-0.00187806697524143,-0.00503416147958932,0.00430490580712062
7.18544081234666,6.09872807465259e-05,1.06442885086482e-06,0.999999999999433,-0.00020336356117571,-0.00185977013150195,0.00621449924266846,0.00259596232747436
7.18832695512864,1.95972545813847e-05,3.420366167967e-07,0.999999999999941,-0.000250296776229335,-0.00183907246951219,0.00717139225368667,0.000457503455351031
7.19157342949145,-6.82903315767374e-06,-1.19189113329272e-07,0.999999999999993,-0.000142069728136203,-0.00182294826835988,0.00496668057416632,-0.000875971635254368
7.19481990385427,-2.291973446721e-05,-4.00024830135632e-07,0.99999999999992,-8.65048312172846e-05,-0.00181049811809615,0.00383497569127277,-0.00167376444837958
7.19814400601318,-1.79762674644757e-05,-3.13745054474228e-07,0.999999999999951,2.5955813490914e-05,-0.00180536615467648,0.00154386453073279,-0.00135065900311728
7.20141934574794,1.56611992084841e-05,2.73339490998774e-07,0.999999999999963,0.000179243862626346,-0.00181053863377035,-0.00157921910785953,0.000523987190207524
7.20469468548271,5.00633154661501e-05,8.73769689348808e-07,0.999999999999618,0.000183318448457999,-0.00181598193683159,-0.00166190487156576,0.00246920634357924
7.20770366885796,3.22271774363312e-05,5.62470354888374e-07,0.999999999999842,-0.000103456648189241,-0.00180339892417307,0.00418181528087381,0.00161784060324646
7.21097061613085,7.32169907981278e-06,1.27787755782972e-07,0.999999999999992,-0.000133054672388473,-0.00178776652916582,0.00478501601080285,0.000381449610779856
7.21397351262935,-1.67697787786367e-05,-2.92687854518279e-07,0.999999999999957,-0.000140023344298516,-0.00177297127051645,0.00492699587108803,-0.000852482035693064
7.21697640912784,-1.82905405283769e-05,-3.19230154189634e-07,0.999999999999949,-8.83889927098026e-06,-0.00176620313319975,0.00225386966220586,-0.000878117142642966
7.22047780964796,-1.9929007902641e-05,-3.47826804557048e-07,0.999999999999939,-8.16720343846594e-06,-0.00175835975886739,0.00224006773497663,-0.000902127662733171
7.22378185260571,5.47124658980516e-06,9.54912671806115e-08,0.999999999999995,0.000134174427332436,-0.00176054226847008,-0.000660557271986628,0.000529005966047305
7.22708589556346,3.24799843571649e-05,5.66882668028751e-07,0.999999999999839,0.000142671087172971,-0.00176329761745784,-0.000833932555656613,0.00206954332423052
7.23025254317085,2.39809414578331e-05,4.18546386167184e-07,0.999999999999912,-4.68433183141736e-05,-0.00175371092593234,0.0030273944922513,0.00171580216656224
7.23370087555751,-5.53186348305083e-06,-9.65492315500783e-08,0.999999999999995,-0.00014937528055851,-0.00173606854682447,0.00511620607574983,0.00024565319552369
7.23647698544162,-2.70127329178735e-05,-4.71461129378731e-07,0.999999999999889,-0.000135049372495766,-0.00172267747823927,0.00482368103000405,-0.000878641201947197
7.23925309532574,-2.14863169135176e-05,-3.75006974267818e-07,0.99999999999993,3.47443578018746e-05,-0.00171889250923272,0.00136340748909382,-0.000535479959883502
7.24282510071455,-2.48028424941893e-05,-4.32891265377152e-07,0.999999999999906,-1.62049842619762e-05,-0.0017103162854696,0.00240095487817459,-0.000647725296713027
7.24634524251081,-4.20202045900365e-06,-7.33390922457771e-08,0.999999999999997,0.000102141389165819,-0.00171035619617995,-1.13378132652673e-05,0.000517899526314461
7.24986538430708,4.43080638800994e-05,7.73321599891631e-07,0.999999999999701,0.000240518916890027,-0.00172032465476007,-0.00283183438538915,0.00320457191738592
7.2529760972273,2.70872643149418e-05,4.72761947653684e-07,0.999999999999888,-9.66208261406042e-05,-0.0017077664512281,0.00403708212684291,0.00238961931024059
7.256141388473,-1.38362662015256e-05,-2.41488401399028e-07,0.999999999999971,-0.000225650751734934,-0.00168666881864925,0.00666530531984787,0.000279747153782342
7.25907205772288,-3.8453959021874e-05,-6.71148195358628e-07,0.999999999999775,-0.000146608080723346,-0.00167185823928695,0.00505365092390194,-0.00100245429657439
7.26200272697276,-3.59944376186625e-05,-6.28221448849327e-07,0.999999999999803,1.46474210663953e-05,-0.00166668020594076,0.00176684330598062,-0.000827348634326431
7.26547768635879,-3.57796191051225e-05,-6.24472158493813e-07,0.999999999999805,1.07894508654892e-06,-0.00165958368268354,0.00204218883413426,-0.00076204348575202
7.26878170497377,-1.26669523887874e-05,-2.21080025377699e-07,0.999999999999976,0.000122091362103012,-0.00166098753560515,-0.000424892558184835,0.000537354533396377
7.27208572358874,1.07742530578675e-05,1.88046190302854e-07,0.999999999999982,0.00012382684946934,-0.00166251246264177,-0.000461537059659328,0.001875126493175
7.27532590143755,6.01156654125343e-06,1.049216293476e-07,0.999999999999994,-2.56543204830156e-05,-0.00165414298574823,0.00258303009404751,0.00171234434681564
7.27888798612118,-2.65951141833362e-05,-4.64172307443042e-07,0.999999999999892,-0.000159764291793855,-0.00163521315407904,0.00531425649596657,7.94293498786642e-05
7.28154597538791,-4.4293847257045e-05,-7.73073473010817e-07,0.999999999999701,-0.000116216107203731,-0.00162345078744797,0.00442528748265892,-0.000867365937034099
7.28420396465463,-3.65413514801335e-05,-6.37766896456789e-07,0.999999999999797,5.090561434843e-05,-0.00162074305463136,0.00101871472940419,-0.000415502421358498
7.28780260951106,-4.05615658109392e-05,-7.07932873165194e-07,0.999999999999749,-1.94978886518863e-05,-0.00161192005332053,0.00245175660917578,-0.000573530392054238
7.29153643026504,-2.19191462308361e-05,-3.82561270954186e-07,0.999999999999927,8.71417305890338e-05,-0.0016108862046977,0.000276887588061595,0.000471205068030221
7.2945132999642,-9.28099628075111e-06,-1.61983942964454e-07,0.999999999999987,7.40970718510915e-05,-0.00160927580993453,0.000540969181026475,0.0012281547962348
7.29749016966336,-1.87775272847204e-05,-3.27729676501436e-07,0.999999999999946,-5.56778597276017e-05,-0.00159979845459465,0.00318366482166116,0.000788887236126575
7.3,-3.25226984732903e-05,-5.67628169992218e-07,0.999999999999839,-9.55835500066881e-05,-0.00158977118369931,0.00399519869887003,9.48256718568362e-05
7.30571061611646,-9.84380394538479e-05,-1.71806789767688e-06,0.999999999998524,-0.00020145632349007,-0.00155464977929078,0.00615019530157115,-0.00322159819981701
7.30791728912499,-5.16930255882974e-05,-9.02213496833346e-07,0.999999999999593,0.000369721475583927,-0.00156676720317813,-0.00549126392561118,-0.000779218601221821
7.31012396213352,-4.06805391878171e-05,-7.10009350313929e-07,0.999999999999748,8.71013266472492e-05,-0.0015661793610629,0.000266392942203295,-0.000164277423599351
7.31380704677492,-4.74101726689255e-05,-8.27463612011684e-07,0.999999999999658,-3.18901880172133e-05,-0.00155627498903862,0.00268915134692617,-0.000465471903309127
7.31890675658016,-9.65665320376208e-05,-1.68540393128827e-06,0.99999999999858,-0.000168233164639245,-0.00152840875927449,0.00546427754290896,-0.00314866754988144
7.32095593769102,-4.83591262581641e-05,-8.44025976592508e-07,0.999999999999644,0.000410592285006284,-0.00154138462465223,-0.00633221988481859,-0.000414124954791689
7.32300511880187,-4.27433606923014e-05,-7.46012377448113e-07,0.999999999999722,4.78306181066015e-05,-0.00153921676116118,0.00105791697940512,-6.14367545801901e-05
7.32673807647912,-3.64802323010952e-05,-6.36700165546455e-07,0.999999999999797,2.92830032785879e-05,-0.00153386473810516,0.00143372186848949,0.000332329547817685
7.33057677667168,-1.27714781444017e-05,-2.22904343966303e-07,0.999999999999975,0.000107795816506279,-0.00153451298908792,-0.000168872522009884,0.0016739654409008
7.33441547686424,5.75031451413633e-06,1.00361921296897e-07,0.999999999999995,8.42124284385241e-05,-0.00153332736191259,0.000308861623948887,0.00279772818719437
7.33699498019001,-5.00780411845339e-05,-8.74026701619326e-07,0.999999999999618,-0.000377742727905331,-0.00150825653222373,0.00971924689471246,-0.000203464325126297
7.33957448351578,-5.21854540093501e-05,-9.10807994111109e-07,0.999999999999585,-1.4259059922263e-05,-0.00150229602501111,0.00231071894851802,-0.00029437355940582
7.34304332715692,-5.93669926266412e-05,-1.0361494883419e-06,0.999999999999463,-3.6133509375983e-05,-0.00149274266998241,0.00275404602139181,-0.000631769381053464
7.34749590099624,-8.79414124095563e-05,-1.53486719540035e-06,0.999999999998822,-0.000112006611244558,-0.00147361106408164,0.00429675207894249,-0.00216777462638953
7.34973759761848,-5.15555189106743e-05,-8.99813552565345e-07,0.999999999999595,0.00028329151970686,-0.00148204127832959,-0.00376064011709641,-0.000122474005183738
7.35197929424072,-4.99372227022103e-05,-8.7156895545512e-07,0.99999999999962,1.25996519020669e-05,-0.00147811134669756,0.00175310592568287,8.45548108574382e-06
7.35599544781179,-4.22514475479195e-05,-7.37426873444813e-07,0.999999999999728,3.34006356172616e-05,-0.00147278384874245,0.00132651749013987,0.000477772046024021
7.36005637002501,-1.21459898478061e-05,-2.1198751375802e-07,0.999999999999978,0.000129389171251832,-0.00147535411900538,-0.000632927726258811,0.00217268237228824
7.36411729223823,-2.85358171976265e-05,-4.98043964845784e-07,0.999999999999876,-7.04412535055357e-05,-0.00146140297053219,0.0034354631142084,0.00150836333240747
7.36630246366161,-5.73789477099798e-05,-1.00145155886864e-06,0.999999999999499,-0.000230374417602475,-0.00144678218059374,0.00669091210968889,-0.000155013953455299
7.36848763508499,-5.63351616023042e-05,-9.83234054603134e-07,0.999999999999517,8.33687648968363e-06,-0.00144279407805901,0.00182507536573661,-9.15354591566405e-05
7.37191954777279,-6.28057522017897e-05,-1.09616716511269e-06,0.999999999999399,-3.29067551488612e-05,-0.00143365525447336,0.0026628951307962,-0.00039293751564641
7.37656389403128,-0.000121594025213012,-2.12221609071847e-06,0.999999999997748,-0.000220924295584478,-0.00140351275135466,0.00649014983833322,-0.00352265373598586
7.37960067150379,-6.05550319975404e-05,-1.0568846870074e-06,0.999999999999441,0.000350809834884463,-0.00141919327391572,-0.0051635402010843,-0.000218417713293106
7.3826374489763,-2.87902933295466e-05,-5.02485411215527e-07,0.999999999999874,0.000182561705890693,-0.00142447165351763,-0.00173815159315676,0.0015493536942275
7.3855729140481,-3.65934835764605e-05,-6.38676773183662e-07,0.999999999999796,-4.63951566914295e-05,-0.00141588768446735,0.00292422796399576,0.00119450763742599
7.38881671452959,-4.78689211619097e-05,-8.35470283652817e-07,0.999999999999651,-6.06675754541414e-05,-0.00140546891008578,0.00321190358069639,0.000647231611453916
7.39210467269207,-7.18703481316841e-05,-1.25437420945211e-06,0.999999999999213,-0.000127405491523507,-0.00139044810750457,0.0045684287448094,-0.000593272470891129
7.39539263085455,-9.3560029295792e-05,-1.6329305594732e-06,0.999999999998667,-0.000115134174863075,-0.00137626078322899,0.00431493455040887,-0.00172996908677244
7.39869007495525,-9.27044990717061e-05,-1.61799874021259e-06,0.999999999998691,4.52830095208292e-06,-0.00137008421609176,0.0018731377844811,-0.00167108442550777
7.40238503267978,-5.77958927950393e-05,-1.00872862340293e-06,0.999999999999491,0.000164892310611741,-0.00137525088661553,-0.00139830301426103,0.000184027043012718
7.40492892927496,-4.77113802940553e-05,-8.32720676802309e-07,0.999999999999653,6.91883258673805e-05,-0.00137385507167448,0.00054869169749028,0.000821449994628104
7.40747282587015,-5.82213550382135e-05,-1.01615434038924e-06,0.999999999999484,-7.21073584256853e-05,-0.00136514239115035,0.00342493501528964,0.000302861864252863
7.41108070930726,-5.55499775738224e-05,-9.69530008072061e-07,0.99999999999953,1.29229042816852e-05,-0.00135904901405066,0.0016889063091724,0.000496694592578656
7.4151245736373,-7.27215218447286e-05,-1.26922999325115e-06,0.999999999999195,-7.41122749723911e-05,-0.00134506463386872,0.00345817244115873,-0.000337043254849954
7.41788964315846,-8.43484019150825e-05,-1.47215733221315e-06,0.999999999998916,-7.33895974077631e-05,-0.00133555420648817,0.00343948942613641,-0.000964826326152025
7.42065471267961,-7.57673688335427e-05,-1.32239005171787e-06,0.999999999999126,5.4164019873453e-05,-0.00133323905887755,0.00083728368957737,-0.000486447773759309
7.42437432732595,-7.79617842889772e-05,-1.36068982657182e-06,0.999999999999074,-1.02967050341342e-05,-0.00132525284987969,0.00214705278831289,-0.000578971168862202
7.42748084099197,-6.05112731861393e-05,-1.05612095167169e-06,0.999999999999442,9.8042019976148e-05,-0.00132545306325647,-6.44495400010329e-05,0.000393244201964232
7.430587354658,-5.43273135838856e-05,-9.48190495802102e-07,0.99999999999955,3.47432741243468e-05,-0.00132165770952869,0.00122174055414126,0.000769389948117211
7.43421459080227,-4.47414307471445e-05,-7.80885278590618e-07,0.999999999999695,4.61247105390548e-05,-0.00131808177240841,0.000985857269294322,0.00134272805315331
7.43849592915602,-8.92251104722853e-05,-1.55727195319642e-06,0.999999999998787,-0.000181342050185533,-0.00129403647870613,0.00561630306122348,-0.000838663849107272
7.4406775555479,-8.05843159085513e-05,-1.406461638071e-06,0.999999999999011,6.91274709945892e-05,-0.00129292798107487,0.000508106078743196,-0.000503926969190102
7.44285918193978,-7.38465245716729e-05,-1.28886499493023e-06,0.999999999999169,5.3903199731481e-05,-0.00129114777926149,0.000815997560354767,-0.000142939217557558
7.44627729833278,-7.93216285794611e-05,-1.38442358675519e-06,0.999999999999042,-2.79565061098371e-05,-0.00128266864622342,0.00248064491175188,-0.000405038344403741
7.45095454596527,-0.000128169698823016,-2.23698324574927e-06,0.999999999997498,-0.000182278067356005,-0.0012563818640995,0.00562013906241157,-0.00302896018732987
7.45370339558166,-7.16437577538077e-05,-1.25041946130484e-06,0.999999999999218,0.000358900602841526,-0.00127125797127863,-0.00541175737311555,5.17036461047432e-05
7.45645224519806,-6.48367762553976e-05,-1.13161522203533e-06,0.99999999999936,4.3219621241145e-05,-0.0012684616132132,0.00101728302950552,0.000462542273333888
7.45978873765737,-5.9449271373127e-05,-1.03758552337249e-06,0.999999999999462,2.81822002626133e-05,-0.00126405804534481,0.00131981951768102,0.000792029990702481
7.46383758208744,-4.79206619337494e-05,-8.36373330478943e-07,0.99999999999965,4.96962025508719e-05,-0.00126050810309336,0.00087677911877501,0.00149743000208632
7.46626393680385,-7.73750385811359e-05,-1.35044918209805e-06,0.999999999999088,-0.000211871680650021,-0.001245459077854,0.00620231870367868,-0.000100572840898875
7.46869029152026,-7.77359932859558e-05,-1.35674903014772e-06,0.99999999999908,-2.59642500210625e-06,-0.00124076424370044,0.00193493314138986,-0.000107860914210558
7.47268800228549,-8.79912858828825e-05,-1.5357376517193e-06,0.999999999998821,-4.47727792437627e-05,-0.00122960991585461,0.00279017880504602,-0.000624499620598429
7.47783718586944,-0.000205501967449538,-3.58668595131297e-06,0.999999999993568,-0.000398305530607033,-0.00117818094002635,0.00998779223729885,-0.00704408087218032
7.47996301468529,-9.26837584040545e-05,-1.61763674727301e-06,0.999999999998692,0.000926250123890452,-0.00121433368138681,-0.017006421726428,-0.000840023795391423
7.48208884350113,-7.97077792689908e-05,-1.39116318769632e-06,0.999999999999032,0.000106534241086979,-0.00121498532474283,-0.000306536138359511,-0.000104061528414395
7.48565799449324,-7.25187182629867e-05,-1.26569040301492e-06,0.999999999999199,3.5154798706734e-05,-0.00121090201173128,0.00114405723394209,0.000307981638703077
7.49034732881878,3.81966590456507e-05,6.66657463608231e-07,0.999999999999778,0.00041207295800997,-0.00124157872434214,-0.00654180539949495,0.00628903910062284
7.49417407713408,0.000126423312335299,2.20650305152634e-06,0.999999999997566,0.000402390087104727,-0.00126587833950496,-0.00634993816177815,0.0112986387981075
7.49633284569135,-5.78822319297076e-05,-1.01023552557622e-06,0.99999999999949,-0.00149008033596984,-0.00119635049592478,0.0322071781830894,0.00122691083131791
7.49849161424863,-7.86815700114281e-05,-1.37325245733742e-06,0.999999999999057,-0.000168159264011055,-0.00118497723267331,0.00526840323532609,9.31652309852813e-05
7.50173916842257,-8.67374318087819e-05,-1.51385376978673e-06,0.999999999998854,-4.32945240999519e-05,-0.00117614245350969,0.0027204408888764,-0.00031490933085722
7.50606442694069,-0.000142156829953834,-2.48110473688955e-06,0.999999999996922,-0.000223628475165672,-0.00114850506985365,0.00638976457482291,-0.00326202379715149
7.51008260280149,-0.000218824248850276,-3.81920362563144e-06,0.999999999992707,-0.000333011529385912,-0.00111389832177128,0.00861255188453155,-0.00752176681318152
7.51230350825356,-9.41774630106368e-05,-1.64370681071004e-06,0.999999999998649,0.000979553998078653,-0.00115417851613609,-0.018136834383141,-0.000674727870039964
7.51452441370563,-8.29972081070744e-05,-1.44857455143087e-06,0.999999999998951,8.7861578752721e-05,-0.00115411326765851,2.93792234686249e-05,-3.270438911024e-05
7.5179047925979,-7.6417087093486e-05,-1.3337297745642e-06,0.999999999999111,3.3973936214538e-05,-0.00115031579422751,0.00112338691964098,0.000344197180752215
7.52236914701886,-1.43414222007504e-05,-2.50305036821702e-07,0.999999999999969,0.000242683406284861,-0.00116431141110641,-0.00313496993275691,0.00372321301304084
7.52649621659641,3.70868633496501e-05,6.47287874688562e-07,0.999999999999791,0.000217489163835331,-0.00117515497336546,-0.00262742414570692,0.00677904382141883
7.52838494408449,-6.05258946391857e-05,-1.05637614416878e-06,0.999999999999442,-0.000902016849759596,-0.00113704256081679,0.0201788838194447,0.00131461790144838
7.53027367157258,-8.02691618565597e-05,-1.40096116221275e-06,0.999999999999019,-0.0001824429517852,-0.0011266275751812,0.00551428710668055,0.000231172897634855
7.53355855664976,-8.92935009557298e-05,-1.55846559230956e-06,0.999999999998786,-4.79482314895057e-05,-0.0011175281261731,0.00277009660743358,-0.000230091891521758
7.537984399625,-0.000166251259756177,-2.90163186832956e-06,0.99999999999579,-0.000303482587054627,-0.00108224796887496,0.00797139832920278,-0.00432008551710285
7.54101681364578,-0.000131442077623625,-2.29409703019221e-06,0.999999999997369,0.000200346929534238,-0.00108922401324842,-0.00230049205868996,-0.00248169204161687
7.54404922766655,-8.70184627567058e-05,-1.51875868512799e-06,0.999999999998847,0.000255683537852383,-0.00109963263727375,-0.00343245478816915,-8.65917928437489e-05
7.54754022988646,-3.18483058821905e-05,-5.55857798826473e-07,0.999999999999845,0.000275823624748917,-0.00111306482784198,-0.00384766027693271,0.00288953303619019
7.55059669479499,-3.79123084565936e-05,-6.61694609599199e-07,0.999999999999781,-3.46271964312395e-05,-0.00110550468156976,0.00247349356150711,0.00262774379742347
7.55351805551804,-7.48516539020818e-05,-1.30640781115422e-06,0.999999999999147,-0.000220689350845444,-0.00108721611836727,0.00626028927485482,0.00067521094896524
7.55654032565285,-9.56238407975923e-05,-1.66895086532009e-06,0.999999999998607,-0.000119957197072224,-0.00107451281578061,0.00420323201436066,-0.000427903373222058
7.55956259578765,-0.000100740401189279,-1.75825169053202e-06,0.999999999998454,-2.95475987350234e-05,-0.00106739100528048,0.00235644405776855,-0.000697779409633283
7.56317911148093,-0.000110321820586136,-1.92547900602134e-06,0.999999999998146,-4.6239897645175e-05,-0.00105765690627177,0.00269156830337861,-0.00121009076397988
7.5675327019332,-7.72463460159027e-05,-1.3482030731119e-06,0.999999999999091,0.000132597666050374,-0.00106183082230175,-0.000958729599336255,0.000431798452144428
7.56972236210343,-8.04552426620927e-05,-1.40420888494406e-06,0.999999999999014,-2.55773989926297e-05,-0.00105688235412714,0.0022599251892517,0.000414325869414413
7.57191202227366,-8.69300997899917e-05,-1.517216460422e-06,0.999999999998849,-5.16096410824493e-05,-0.00105078036103378,0.00278673064265043,9.95408515807975e-05
7.57535988030969,-8.21790527713108e-05,-1.43429504702905e-06,0.999999999998971,2.40501240267678e-05,-0.00104650265056437,0.0012406863695401,0.000373645574904206
7.58006680908833,-3.11331246164007e-05,-5.43375530989863e-07,0.999999999999852,0.000189278308199868,-0.0010565392040717,-0.00213229347188266,0.00318611586048591
7.58279709337116,-9.14522484149908e-05,-1.59614284319268e-06,0.999999999998726,-0.000385588899597045,-0.00103039480620917,0.00957570536773379,-6.07979383696536e-05
7.58552737765399,-9.90622327519605e-05,-1.72896212589781e-06,0.999999999998505,-4.86466861859736e-05,-0.00102300729009581,0.00270576809888137,-0.000476534495446489
7.58886012236516,-0.00010534154345997,-1.83855677250814e-06,0.99999999999831,-3.28842008940573e-05,-0.00101507563834232,0.00237991578740572,-0.000807375532199242
7.59291582652627,-0.000119323036431435,-2.08257985920418e-06,0.999999999997831,-6.01678714725219e-05,-0.0010031921127166,0.00293007703561078,-0.00158814007858879
7.59543944646433,-8.79520160278641e-05,-1.53505226345245e-06,0.999999999998822,0.00021696119431284,-0.00101006101220234,-0.00272184388074879,0.000141725014292279
7.59796306640239,-8.85151850422723e-05,-1.54488141699907e-06,0.999999999998807,-3.89486285094079e-06,-0.00100558296826221,0.00177445259193086,0.000133086134269981
7.60181006418051,-7.96764540666898e-05,-1.39061645977731e-06,0.999999999999033,4.01000900232597e-05,-0.00100222460964339,0.000872981689232549,0.000626746683322043
7.60676206764424,-1.4534688543033e-05,-2.5367817082782e-07,0.999999999999968,0.000229591577888951,-0.00101705563250241,-0.00299495405599784,0.00428992760630895
7.60864450412739,-7.71718667101625e-05,-1.34690316400213e-06,0.999999999999093,-0.000580750002965921,-0.000991621815289345,0.0135111157484877,0.000808530358378114
7.61052694061055,-8.95304131218028e-05,-1.56260048964556e-06,0.999999999998779,-0.000114584118813019,-0.000984074004299401,0.0040095966357908,0.000133172193522943
7.61427546822959,-9.72560376869146e-05,-1.69743807507953e-06,0.999999999998559,-3.59708128464379e-05,-0.000975065007202891,0.00240334286207538,-0.000260035286138333
7.61780745886326,-0.000116812468859485,-2.03876218897994e-06,0.999999999997922,-9.66378876111503e-05,-0.000962230653621395,0.00363374507823425,-0.00130065783406179
7.62133944949694,-0.000129519942723483,-2.26054944751732e-06,0.999999999997445,-6.27938410773593e-05,-0.00095185200814583,0.00293846913879183,-0.00199933523511362
7.62515480858969,-8.90081753152081e-05,-1.5534857204421e-06,0.999999999998793,0.000185320361698106,-0.000959952755499879,-0.00212319395294719,9.05051303312381e-05
7.62753431511163,-8.05770495852967e-05,-1.4063348168057e-06,0.999999999999011,6.18409331010797e-05,-0.000959028752399461,0.000388317111930519,0.000648751652970011
7.62991382163356,-8.94508093712926e-05,-1.56121114210222e-06,0.999999999998781,-6.50875817607563e-05,-0.000951959965311488,0.00297069456326805,0.000197642356435702
7.63345156752685,-8.52544564486482e-05,-1.48797096702647e-06,0.999999999998893,2.07024973768393e-05,-0.000947651648051061,0.00121781422136465,0.000438409088823881
7.63836201746981,-5.85971023830367e-05,-1.02271236871203e-06,0.999999999999477,9.47486694132329e-05,-0.000949113286847038,-0.000297658832277851,0.00199274535367119
7.64055709608484,-9.36257882200488e-05,-1.63407826921404e-06,0.999999999998665,-0.000278516630937658,-0.00093308451985236,0.00730213801223255,2.58268972768914e-05
7.64275217469987,-9.4948290977107e-05,-1.65716029669138e-06,0.999999999998627,-1.05153534453302e-05,-0.000929050298600965,0.00183784818628582,-5.43308442406318e-05
7.64649017188174,-0.000102443590649195,-1.78797795439278e-06,0.999999999998402,-3.49967245390371e-05,-0.000920333488904692,0.0023319465671489,-0.000445668149465438
7.65143572639497,-0.000215294087052649,-3.75759067913518e-06,0.99999999999294,-0.000398259228461097,-0.000872228529152971,0.00972690921170877,-0.00654408423916801
7.65436097926479,-0.000108586146517068,-1.89518577877468e-06,0.999999999998204,0.000636664583626704,-0.000905481728207443,-0.0113676323156614,-0.00082289801143662
7.65728623213461,-6.73122277475949e-05,-1.17482000104755e-06,0.99999999999931,0.000246257609097487,-0.00091547771532209,-0.00341713607659964,0.00143281084286325
7.66008285722331,-7.66106553687463e-05,-1.3371081782949e-06,0.999999999999106,-5.80300083495935e-05,-0.000907707165047963,0.00277854557822099,0.000968481328320644
7.66323957476374,-8.41705064274647e-05,-1.46905247022978e-06,0.999999999998921,-4.17979405014739e-05,-0.000899995579751442,0.00244291267677399,0.000581937316932347
7.66777620432535,-0.000129407982966346,-2.25859538112556e-06,0.999999999997449,-0.000174037333261518,-0.000876716537573379,0.00513135178042283,-0.00171706192457154
7.67005906480429,-0.000109353869942731,-1.90858508029715e-06,0.999999999998179,0.000153320934002759,-0.000880243701823639,-0.00154506343370397,-0.000745999869734375
7.67234192528323,-9.89425113107319e-05,-1.72687259256314e-06,0.999999999998509,7.95985954510167e-05,-0.000880349536696595,-4.63606400532946e-05,-0.000199263777712907
7.67593293028563,-0.000103906817035243,-1.81351607253133e-06,0.999999999998356,-2.41279195964189e-05,-0.000872943234598816,0.00206245942092035,-0.000462710269220836
7.68092790858827,-0.000141930253597493,-2.47715023346424e-06,0.999999999996932,-0.000132860268999385,-0.000851610177123029,0.0042709009295445,-0.00260710036503254
7.68305040941219,-9.99278808580116e-05,-1.74407053551203e-06,0.999999999998479,0.000345384882629852,-0.000863240547768266,-0.00547956001435994,-0.000252770527663057
7.68517291023612,-9.61561437347867e-05,-1.67824130419216e-06,0.999999999998592,3.10149379344751e-05,-0.000861282484509108,0.000922526501325761,-3.15939904424225e-05
7.68896065804032,-8.87192204473508e-05,-1.54844250660833e-06,0.999999999998801,3.42680675413858e-05,-0.000858057828008013,0.00085133875532064,0.000370857966885877
7.69293051266713,-6.06808475229183e-05,-1.05908058217537e-06,0.999999999999439,0.000123269482244649,-0.000861902896480273,-0.000968566568229587,0.00189308060901
7.69690036729394,-4.68689651936588e-05,-8.18017759631877e-07,0.999999999999665,6.07233375538782e-05,-0.000860713921081947,0.000299500991874207,0.00274514657929171
7.69906822610406,-9.3028845887239e-05,-1.62365966006199e-06,0.999999999998682,-0.000371630244861673,-0.000840977854683251,0.00910394454959732,0.000177691777828516
7.70123608491418,-9.65810070828119e-05,-1.68565656848623e-06,0.999999999998579,-2.85982224187698e-05,-0.000836402050880385,0.00211074807155503,-2.53963624424614e-05
7.70500273650785,-0.000104245281442342,-1.81942339083601e-06,0.999999999998345,-3.55134577816803e-05,-0.000827939138139965,0.00224679998400965,-0.000430064912604266
7.70995371372604,-0.000235842890104833,-4.11623494973687e-06,0.999999999991528,-0.000463910750886471,-0.000773632760144576,0.0109688200131251,-0.00752689777681751
7.71400769834571,-0.000268022159338126,-4.6778691487381e-06,0.999999999989059,-0.000138538808529479,-0.000756075853667245,0.00433077777160795,-0.00974680464962548
7.71579096219928,-0.000141536965364379,-2.47028605888708e-06,0.999999999996949,0.00123794529085015,-0.000798374922991894,-0.0237200284411412,-0.002509722256265
7.71757422605284,-0.000106891107363585,-1.86560176459623e-06,0.99999999999826,0.000339088516308468,-0.000808019738057517,-0.00540851823264139,-0.000577061281559225
7.72044994028498,-9.39926925316342e-05,-1.64048195749097e-06,0.999999999998654,7.82830938450376e-05,-0.000808302326207401,-9.82671180350209e-05,0.00012276070044962
7.72437560363073,-6.35978581415637e-05,-1.10999202178634e-06,0.999999999999384,0.000135133833184759,-0.000813257853123679,-0.0012623412859977,0.00175316421850105
7.72832657264226,1.15458385758141e-05,2.01512898051728e-07,0.99999999999998,0.000331945129413155,-0.00083411544892024,-0.00527910893143296,0.00585833079178062
7.73177247497669,-9.2939587130043e-05,-1.62210180086269e-06,0.999999999998684,-0.000529212531851388,-0.0007918607858477,0.0122622927093366,0.000372433151944945
7.7340375232965,-0.000107417808308545,-1.87479443025914e-06,0.999999999998243,-0.000111561694815521,-0.000783374311712584,0.00374670776817502,-0.000552234909743701
7.7363025716163,-0.00010032398204749,-1.75098380543949e-06,0.999999999998467,5.46613614098703e-05,-0.000782567514516207,0.000356194253924529,-0.000194562945382404
7.739661643631,-0.000104442409341298,-1.82286392172032e-06,0.999999999998339,-2.13988018019392e-05,-0.000776180495745193,0.00190142359052379,-0.000417528346806221
7.74427616834886,-0.000141349600133992,-2.46701591871308e-06,0.999999999996957,-0.000139592273609639,-0.000756323613112894,0.00430312629065275,-0.00244612665472988
7.74693036892905,-9.41758715287772e-05,-1.64367903411161e-06,0.999999999998649,0.000310201456042871,-0.000769244389516092,-0.00486804821747766,0.000115222920568743
7.74958456950923,-9.14009632134717e-05,-1.59524774756862e-06,0.999999999998728,1.82470333646275e-05,-0.000766387022932585,0.00107654508285397,0.000280510504771329
7.75312034707152,-8.36322427953054e-05,-1.45965799760487e-06,0.999999999998935,3.83479298613116e-05,-0.000764047076494956,0.000661791189181401,0.000704348377051274
7.75753845701658,-5.6532118175483e-05,-9.86671595288548e-07,0.999999999999513,0.000107056277050232,-0.00076733755348354,-0.000744770281749753,0.00223881867005732
7.75965942026536,-9.3105794281607e-05,-1.62500266289784e-06,0.99999999999868,-0.000300962813937407,-0.000751295543152968,0.00756354941077832,0.000207559637190155
7.76178038351414,-9.68368229631127e-05,-1.69012139787636e-06,0.999999999998572,-3.07024343850172e-05,-0.000746940797189008,0.00205319256072447,-3.57992924123314e-06
7.76584160305963,-0.000105123306761134,-1.83474782356478e-06,0.999999999998317,-3.56115753085468e-05,-0.000738216807918696,0.00214812057624587,-0.000443790359552307
7.76962268288077,-0.00012745799421032,-2.22456165695611e-06,0.999999999997526,-0.000103095901655456,-0.000724919954802172,0.00351668140994157,-0.00165289957354954
7.77340376270191,-0.000133435027502587,-2.32888056740722e-06,0.999999999997288,-2.75897138875541e-05,-0.000717464561033522,0.00197176312622625,-0.00203706203639012
7.77583413189054,-9.48899970633373e-05,-1.65614287596223e-06,0.999999999998629,0.000276804731805975,-0.000727758896567836,-0.00423570854276102,8.14038760294315e-05
7.77826450107916,-9.48025439345786e-05,-1.65461653092422e-06,0.999999999998631,6.28030113759487e-07,-0.00072438626649714,0.00138770277638631,9.80082416434782e-05
7.78205382183954,-8.64739681172551e-05,-1.50925546091013e-06,0.999999999998861,3.83607192967532e-05,-0.000722060956900867,0.00061364812939199,0.000545788905885319
7.78697515379029,-7.01198110661155e-06,-1.22382157398007e-07,0.999999999999993,0.000281808526104931,-0.000743488918147214,-0.00435409792731033,0.00491790337453931
7.78925346195964,-9.07388221862263e-05,-1.58369120653067e-06,0.999999999998746,-0.000641400960936446,-0.000710564089361063,0.0144514377945105,0.000335663600401418
7.79153177012899,-9.74592305344316e-05,-1.7009844592852e-06,0.999999999998553,-5.14826107953293e-05,-0.000705033930459004,0.00242730942918273,-4.42621653019716e-05
7.79514936124637,-0.000105212037182304,-1.83629646156087e-06,0.999999999998314,-3.74038960970345e-05,-0.000697308250954599,0.00213558670776753,-0.00046173538285729
7.79984544944692,-0.000196157419385997,-3.42359282049431e-06,0.999999999994139,-0.000338003949489704,-0.000658547454025471,0.00825384772895855,-0.00538223744503173
7.80397534670552,-0.000200598604694736,-3.50110612682255e-06,0.999999999993871,-1.87688219524775e-05,-0.000651356893087076,0.00174109923035498,-0.00604220232426393
7.8058253612642,-0.000123506309531229,-2.15559174830552e-06,0.999999999997677,0.000727299345950346,-0.000676266375986665,-0.013464479391685,-0.00152614511775856
7.80767537582287,-0.000102620290608714,-1.79106195047452e-06,0.999999999998396,0.000197041583333764,-0.000681194186952337,-0.00266366064124551,-0.000347322509188861
7.81062945547232,-9.29183423662749e-05,-1.62173100978612e-06,0.999999999998685,5.73210477653644e-05,-0.000680664759535882,0.000179219073038299,0.000174756909459137
7.81466177948152,-6.00627467740912e-05,-1.0482926889993e-06,0.999999999999451,0.000142210377806807,-0.000686940361432323,-0.00155632381776056,0.00193319830168247
7.81870381618618,1.93379495385554e-05,3.37510890032303e-07,0.999999999999943,0.000342847846342728,-0.000709782604297238,-0.00565117155877553,0.00628663402478409
7.82132390583269,-9.30935803734416e-05,-1.62478948998581e-06,0.99999999999868,-0.000748943984658923,-0.000666315137005039,0.0165900687215578,0.00020146750879296
7.82394399547919,-0.000104831953013079,-1.82966274137319e-06,0.999999999998326,-7.81932219994019e-05,-0.000658669249245119,0.0029181779219318,-0.000461288635894136
7.82706060262956,-0.00010787768430825,-1.88282078060487e-06,0.999999999998228,-1.70563810794901e-05,-0.000653471585393704,0.00166773147870073,-0.000637255368044947
7.8309516210309,-0.000119913764397697,-2.09289000719904e-06,0.99999999999781,-5.39882377637124e-05,-0.000644076813551087,0.00241447633333682,-0.00131395988253984
7.83404525334745,-8.81901208680198e-05,-1.5392079768781e-06,0.999999999998815,0.000178974737030094,-0.000651310441492742,-0.00233823130918421,0.000383673354758688
7.837138885664,-7.33898302246571e-05,-1.28089417489957e-06,0.99999999999918,8.34985465457898e-05,-0.000652541141258575,-0.000397817077113592,0.00119015695976753
7.84039802859694,-7.21450721991522e-05,-1.2591690489639e-06,0.999999999999207,6.66590155224461e-06,-0.000648752234036834,0.00116254711735544,0.00127220946114015
7.84412038253405,-8.75669525489442e-05,-1.52833163791612e-06,0.999999999998832,-7.23097785702126e-05,-0.000638455822760358,0.00276610216288753,0.000488594604301043
7.84676756241554,-0.000108610483692522,-1.89561054261698e-06,0.999999999998203,-0.000138743463287266,-0.000627564265296369,0.00411440021139963,-0.000687481721292566
7.84941474229702,-0.000102413423313533,-1.78745143505892e-06,0.999999999998403,4.08582387297509e-05,-0.000626371848341719,0.000450448026970508,-0.000373094044025422
7.8530494280771,-0.000106817490127406,-1.86431690143869e-06,0.999999999998262,-2.114776105303e-05,-0.000620160957781871,0.00170878335450432,-0.000624324558725871
7.85701542531231,-8.92647839723038e-05,-1.55796438639753e-06,0.999999999998786,7.72447626340926e-05,-0.000621360226789094,-0.000302387756747481,0.000269848567850053
7.85977574252916,-7.74494156016396e-05,-1.35174730599366e-06,0.999999999999086,7.47077470462801e-05,-0.000622067047738747,-0.000256065116479365,0.000935694441767165
7.86253605974601,-8.65548748262192e-05,-1.51066754936851e-06,0.999999999998859,-5.75731812288706e-05,-0.000615346200297325,0.00243480981112991,0.000455992576977382
7.86623366795966,-8.50497097442671e-05,-1.48439746290242e-06,0.999999999998898,7.1046159972262e-06,-0.000611235861418145,0.00111162098353618,0.000545892615376484
7.86939988543254,-0.00010367014120343,-1.80938530000631e-06,0.999999999998363,-0.000102642297911624,-0.000600653518643979,0.00334226655774861,-0.000458637495703875
7.87256610290542,-0.000113263294290641,-1.97681740702569e-06,0.999999999998046,-5.2880798130201e-05,-0.000593298020379909,0.00232311846140486,-0.000990525770799905
7.8761152508195,-0.000121953709817304,-2.12849377133209e-06,0.999999999997735,-4.27359940973141e-05,-0.000585806044355093,0.00211092245411608,-0.0014859861487867
7.88023003098682,-8.01154008600785e-05,-1.39827752656301e-06,0.999999999999022,0.000177461787769117,-0.000595608775430404,-0.00238232194107369,0.000621004511607976
7.88249457626474,-8.33337878835502e-05,-1.454448976726e-06,0.999999999998942,-2.48047370528827e-05,-0.000591680969692101,0.00173447878327165,0.000569385665463862
7.88475912154265,-9.15379677402905e-05,-1.59763892765174e-06,0.999999999998724,-6.32312156980664e-05,-0.000585988922768218,0.00251354962048829,0.000144337777170326
7.88824947276087,-8.67018277982844e-05,-1.51323236257663e-06,0.999999999998855,2.4182828545938e-05,-0.000583449178924465,0.000727647071875926,0.000400182057539146
7.89305179374569,-4.31378496289391e-05,-7.5289750825513e-07,0.999999999999717,0.000158326537673345,-0.000593113229283117,-0.0020123707659707,0.00280136801965018
7.89542357829662,-9.34802287454242e-05,-1.63153777712438e-06,0.999999999998669,-0.000370455347018079,-0.000572344975901602,0.00875638277233099,3.77090949860238e-05
7.89779536284756,-9.56574438466847e-05,-1.66953734916546e-06,0.999999999998606,-1.60215109024589e-05,-0.000568714935277523,0.00153051027448639,-9.75795429165109e-05
7.90157465505219,-0.000103981295567636,-1.81481596814363e-06,0.999999999998353,-3.84406950064102e-05,-0.000561222822980943,0.00198241149160058,-0.00055295034313856
7.90644793989431,-0.000201391307926776,-3.51494140821277e-06,0.999999999993823,-0.000348866420732019,-0.000520770784240657,0.00830077453932488,-0.00587207525555397
7.90901188287163,-9.89402060815571e-05,-1.72683235872403e-06,0.999999999998509,0.000697405935043222,-0.000554164741084481,-0.0130244537960566,-0.000333210402296235
7.91157582584895,-8.84101656690505e-05,-1.54304848315797e-06,0.99999999999881,7.16801727620439e-05,-0.000554878709769851,-0.000278465118641808,0.000250359501612419
7.91485353102701,-8.20353607922208e-05,-1.43178714888523e-06,0.999999999998975,3.39448877274262e-05,-0.000553286628799605,0.000485730376515461,0.000590704946216899
7.91893927954162,-5.73455046402403e-05,-1.00086786718971e-06,0.999999999999499,0.000105468870674426,-0.000557280594419455,-0.000977535843326104,0.00193943051977806
7.92195987916985,-9.88707367956529e-05,-1.72561989095599e-06,0.999999999998511,-0.000239936473868962,-0.000538991094126022,0.00605492370538405,-0.000296697032947144
7.92498047879808,-0.000114642424164921,-2.00088776414444e-06,0.999999999997998,-9.11302082594732e-05,-0.000529875186587343,0.00301791321613372,-0.00116939342586289
7.92815339795201,-0.000114439409655625,-1.99734449252791e-06,0.999999999998005,1.11672294333219e-06,-0.000526279281521213,0.00113331127951118,-0.00118436893571781
7.9317890309703,-0.000105229657999338,-1.836604002835e-06,0.999999999998313,4.42125178433756e-05,-0.000525371338147393,0.00024973460446969,-0.00073489026540385
7.93453736236057,-8.21292853294029e-05,-1.43342644130746e-06,0.999999999998973,0.000146699034532617,-0.00053043801354589,-0.00184354602084634,0.000524501569747504
7.93728569375084,-8.50052917668338e-05,-1.48362222294913e-06,0.999999999998899,-1.82640935585344e-05,-0.000526278531743262,0.00151345715344058,0.000376211935904342
7.94095530479044,-7.88372841892974e-05,-1.37597018243327e-06,0.999999999999053,2.93360902161251e-05,-0.000524302652008006,0.00053844391515369,0.000708721032267053
7.94482378103728,-9.78418200293701e-05,-1.70766190565541e-06,0.999999999998542,-8.5742215295736e-05,-0.000513171352269205,0.00287743778908015,-0.000280249015480961
7.94758816426275,-0.000110323104190348,-1.92550140914113e-06,0.999999999998146,-7.8802208564588e-05,-0.00050562274223442,0.00273066699480372,-0.00099410151575583
7.95035254748822,-0.000100960084649448,-1.76208589022413e-06,0.999999999998448,5.91146398992437e-05,-0.000505854699807465,-8.39093403937935e-05,-0.000513045415239306
7.95402459015586,-0.000101888844154824,-1.77829580155212e-06,0.999999999998419,-4.41441257501996e-06,-0.000501427882470807,0.0012055462687507,-0.000588124304704675
7.9572169885347,-8.26527302772908e-05,-1.44256227910103e-06,0.999999999998959,0.00010516654959987,-0.000504724666264673,-0.00103269811678616,0.000434147698282567
7.96040938691355,-7.12568778489856e-05,-1.24366713315589e-06,0.999999999999227,6.23027336635762e-05,-0.000505249027687418,-0.000164253129001618,0.0010484537144061
7.96392249906983,-6.31808024221954e-05,-1.10271302631909e-06,0.999999999999392,4.01222905977532e-05,-0.000504256611618285,0.000282489150640465,0.00149551997242172
7.96796334260309,-0.000103820357291894,-1.81200706533946e-06,0.999999999998358,-0.000175531181344356,-0.000485381808963321,0.00467100557089095,-0.000579118728834017
7.97026783096991,-0.000102915366760416,-1.79621200086583e-06,0.999999999998387,6.85404391754031e-06,-0.000483194273301981,0.000949250034339581,-0.000651814995008482
7.97257231933674,-9.40570072056514e-05,-1.64160446030991e-06,0.999999999998653,6.70897465928232e-05,-0.000483842978228312,-0.000281496290313546,-0.000201652412569483
7.97609089411584,-9.84872372529194e-05,-1.71892656125541e-06,0.999999999998523,-2.19754036221683e-05,-0.000478463531056517,0.00152887106556336,-0.000453445274262993
7.9809508774799,-0.0001367872510051,-2.38738790478865e-06,0.99999999999715,-0.000137543957141418,-0.000459620461483613,0.00387718808097976,-0.00261104278976581
7.98299641815958,-9.62323521149699e-05,-1.67957139134396e-06,0.99999999999859,0.000346029057490357,-0.000471855662315039,-0.00598140186259676,-0.000365512174356776
7.98504195883925,-9.07212974771143e-05,-1.58338534265621e-06,0.999999999998746,4.70223103571622e-05,-0.000471634727149647,0.00010800819929265,-6.44184075218624e-05
7.98910768342888,-8.26010479718519e-05,-1.4416602527061e-06,0.999999999998961,3.48585072171179e-05,-0.000470207150408133,0.000351124801999059,0.000352456160982709
7.99273418390444,-6.3348895333221e-05,-1.10564680106575e-06,0.999999999999389,9.26550138087461e-05,-0.000473226047579975,-0.000832454646617604,0.00138146719027048
7.99636068438,-5.57892373282322e-05,-9.73705878554023e-07,0.999999999999526,3.6382436291106e-05,-0.000472106611257899,0.000308682248801437,0.00181450790564826
8,-0.000128434914315144,-2.24161212931418e-06,0.999999999997488,-0.000348391396392021,-0.00044246966256974,0.008143549992014,-0.00202691552347916
8.00307248396272,-0.000179411521684674,-3.13132176940565e-06,0.999999999995097,-0.000289573404089657,-0.000421147558743186,0.00693969572674429,-0.00484257703618544
8.00553723659321,-0.00010906476323802,-1.90353921641036e-06,0.999999999998188,0.000498136217731505,-0.00044361451420267,-0.00911529829870165,-0.0011127444115726
8.00852417708912,-9.45193449225539e-05,-1.649673775726e-06,0.999999999998639,8.49917971356791e-05,-0.00044570805481381,-0.000700897997133368,-0.000348765721587854
8.01198477359246,-7.86723605065824e-05,-1.37309172115539e-06,0.999999999999057,7.99232312417463e-05,-0.000447793069606643,-0.000602501560300204,0.000483295480598941
8.01544537009581,-5.38997859734251e-05,-9.40728731356386e-07,0.999999999999557,0.000124938862240027,-0.000453070380077061,-0.00152497133523728,0.00181112751973509
8.01890889985351,-4.71744382386796e-05,-8.2334927004358e-07,0.999999999999661,3.38901264098076e-05,-0.000451944342822293,0.000325112626002969,0.00219839525434147
8.02264967307196,-0.000108369525103404,-1.89140502187592e-06,0.999999999998211,-0.00028551737554315,-0.000426401568768929,0.0068282070475155,-0.00100064157304662
8.02501735536205,-0.000103336987911708,-1.80357067815191e-06,0.999999999998374,3.70971832208955e-05,-0.00042581095202562,0.000249449322564002,-0.000845721687960959
8.02738503765213,-9.18788054575932e-05,-1.60358766803365e-06,0.999999999998714,8.44636169962411e-05,-0.000427513448651981,-0.000719056198329424,-0.000256678414784414
8.03090148846517,-9.54380506558497e-05,-1.66570821562894e-06,0.999999999998613,-1.76656950141556e-05,-0.000422739431319729,0.00135762380481875,-0.00046455022668829
8.03585094756181,-0.00011335492567346,-1.97841667635404e-06,0.999999999998043,-6.31803303391359e-05,-0.000411461495501452,0.00227861986493387,-0.00156049636401992
8.03805237115293,-8.534738527352e-05,-1.4895928809905e-06,0.999999999998891,0.000222048949296407,-0.000419250816858794,-0.00353831102236108,3.62765058863225e-05
8.04025379474404,-8.55334965440044e-05,-1.49284113543551e-06,0.999999999998886,-1.47552450065801e-06,-0.000417021055180226,0.00101287261913762,3.51530478788012e-05
8.04392966861227,-7.84269798732571e-05,-1.36880902118323e-06,0.999999999999063,3.37422117022457e-05,-0.000415951883468768,0.00029086191468637,0.000404026139113404
8.04882994786165,1.63057101234653e-05,2.84588328530237e-07,0.999999999999959,0.00033740880173754,-0.00044487868948707,-0.00590309338430859,0.0055288672936472
8.05163681662813,-7.90582227920239e-05,-1.3798262884956e-06,0.999999999999048,-0.000592979136362855,-0.000408251113791553,0.0130492654779721,0.000391716588144645
8.0544436853946,-0.000100946464529436,-1.76184817428542e-06,0.999999999998448,-0.000136102510510491,-0.000397765992510422,0.00373552244635591,-0.000821785036987183
8.05745322599731,-0.00010126899899273,-1.76747746262104e-06,0.999999999998438,-1.87048094003432e-06,-0.000394768193918051,0.000996098404410379,-0.000865177558487035
8.06098272071099,-0.000102067528874496,-1.7814144382334e-06,0.999999999998413,-3.94871695326716e-06,-0.000391119891211877,0.00103366147342081,-0.000940244563736187
8.06427743194233,-7.47210885614677e-05,-1.30412901607151e-06,0.99999999999915,0.000144864113620201,-0.000397721165473552,-0.00200359721935075,0.000506076245780113
8.06757214317367,-4.65998213082647e-05,-8.1332031267014e-07,0.999999999999669,0.000148968655806043,-0.000404613661084427,-0.00209198777280195,0.00201773937383021
8.07073907738518,-5.31655525735098e-05,-9.27913941049757e-07,0.999999999999569,-3.61844044511907e-05,-0.000399305451494037,0.00167613509971072,0.00168299685351255
8.07419194091785,-8.02607519596012e-05,-1.40081438182107e-06,0.999999999999019,-0.000136958914332296,-0.000386444263370892,0.00372478900526102,0.000251569848846596
8.07696953938309,-0.000100562624587896,-1.75514890350488e-06,0.99999999999846,-0.000127568662684243,-0.000376642598698432,0.00352882707674578,-0.000881704857994079
8.07974713784832,-9.38475967111e-05,-1.63794955769176e-06,0.999999999998659,4.21944882530867e-05,-0.000376460191454721,6.56708469543865e-05,-0.000546860054162876
8.08331974426131,-9.55333125422347e-05,-1.66737084919802e-06,0.99999999999861,-8.23524567366962e-06,-0.000372570680205689,0.0010887040998668,-0.000663611973814899
8.08684702644153,-7.31993644444254e-05,-1.27756991992215e-06,0.999999999999184,0.000110510276570134,-0.000377283188091902,-0.00133601669655125,0.000504678565735939
8.09037430862174,-2.15047318825243e-05,-3.75328376108639e-07,0.99999999999993,0.000255789442896015,-0.000392455124427844,-0.00430131062976779,0.00327282904732442
8.09347565786454,-3.82832241389061e-05,-6.68168309502832e-07,0.999999999999777,-9.44233978400402e-05,-0.000383677773869442,0.00283017160313909,0.0024044124310673
8.09662178685317,-7.79680578878067e-05,-1.36079932152734e-06,0.999999999999074,-0.000220153405829538,-0.000366727581007284,0.00538763443057858,0.00028121583251347
8.09957064862919,-0.000101538806335917,-1.7721864891057e-06,0.99999999999843,-0.000139507104376198,-0.000355698988884931,0.0037399488209381,-0.00101561938827325
8.10251951040522,-9.83845078687437e-05,-1.717133595263e-06,0.999999999998526,1.86692012119306e-05,-0.000354187124006573,0.000512694386237408,-0.000875138519541205
8.1059850444194,-9.62613958091673e-05,-1.68007829943465e-06,0.999999999998589,1.069252117475e-05,-0.000351862740427755,0.000670714403410394,-0.000792110445810541
8.10927612861198,-7.12741424139755e-05,-1.24396845665889e-06,0.999999999999226,0.000132512514799569,-0.000357840317261036,-0.00181629410962898,0.000529003703158086
8.11256721280456,-4.71729494322674e-05,-8.23323285469763e-07,0.999999999999661,0.000127813555222135,-0.000363517845486729,-0.00172512396932572,0.0018238824223989
8.11580773314324,-5.03607840475248e-05,-8.78961495515031e-07,0.999999999999614,-1.71695296527515e-05,-0.000359549526156545,0.0012245932490591,0.00166856077273979
8.11938396668189,-8.06936158108636e-05,-1.40836928123846e-06,0.999999999999008,-0.000148035015051907,-0.000345650642901575,0.00388645850578346,7.50214911467734e-05
8.12203793625049,-9.71751455618429e-05,-1.6960262411581e-06,0.999999999998562,-0.000108387437189907,-0.000337492150574632,0.00307407154305175,-0.000868302628463218
8.12469190581908,-8.83138810619455e-05,-1.541367999745e-06,0.999999999998812,5.82743085088152e-05,-0.000338356108097564,-0.00032553407286772,-0.000418006981031947
8.12829335623728,-9.0890061725185e-05,-1.58633083444469e-06,0.999999999998742,-1.24846463170895e-05,-0.000334351362610303,0.00111198129148869,-0.000580508725063666
8.13204020451287,-7.07802721061362e-05,-1.23534879370926e-06,0.999999999999237,9.36739400477939e-05,-0.000338308991783902,-0.0010562555199745,0.000457967428737743
8.13500669129886,-5.70663386302497e-05,-9.95995501155723e-07,0.999999999999504,8.06857774268637e-05,-0.000340670705653373,-0.000796131599381878,0.00120658200654869
8.13797317808484,-6.54202429602077e-05,-1.14179863711002e-06,0.999999999999348,-4.91501046433899e-05,-0.000335196357360078,0.00184539783529769,0.000762455223465842
8.1416684342417,-7.1047664735866e-05,-1.24001567549361e-06,0.999999999999231,-2.65792232566311e-05,-0.000330093429600384,0.00138094019550408,0.000473181006390348
8.14454452313128,-9.08135331087843e-05,-1.5849951581165e-06,0.999999999998744,-0.000119947434125909,-0.000320662980569735,0.00327891431478814,-0.000616060924348371
8.14742061202086,-8.89262538630659e-05,-1.5520559213742e-06,0.999999999998796,1.14527881463157e-05,-0.000318944433696664,0.000597529123420502,-0.00053873827169531
8.15109514558877,-9.42977734594829e-05,-1.64580662416696e-06,0.999999999998646,-2.55136335157215e-05,-0.000313997251744019,0.00134634283813577,-0.000856628452968519
8.15461375946356,-6.97020540089156e-05,-1.21653033785819e-06,0.99999999999926,0.00012200153287214,-0.000319853558380289,-0.00166437888460398,0.000427907743937569
8.15813237333835,-9.44374097424485e-06,-1.64824373706069e-07,0.999999999999986,0.000298897805095492,-0.000338409369598173,-0.00527361395089335,0.00365240338809369
8.16113933550349,-3.34420105022962e-05,-5.83673191751558e-07,0.99999999999983,-0.000139293012363385,-0.000327431207095216,0.00365091474386243,0.00239927482023305
8.16414967531441,-7.0618749017288e-05,-1.23252968399087e-06,0.99999999999924,-0.000215542607478166,-0.0003117758422465,0.0052005307812626,0.000403362671382345
8.16727275879339,-9.5452268678431e-05,-1.66595636693611e-06,0.999999999998612,-0.00013878165148732,-0.00030043192368483,0.00363228156980718,-0.000949203148485735
8.17039584227237,-0.000101104309127582,-1.76460308222955e-06,0.999999999998443,-3.15863203649574e-05,-0.000295922705540047,0.00144383529134965,-0.00128336674616315
8.17378267132416,-9.66500487996771e-05,-1.68686157376676e-06,0.999999999998577,2.29540692116423e-05,-0.000294811253435306,0.000328168941432681,-0.00108070782193425
8.17704409752968,-6.61255539319127e-05,-1.1541086358167e-06,0.999999999999334,0.000163349683353232,-0.000303085439790682,-0.00253698407812745,0.000535322813345101
8.18030552373519,-3.83221327831838e-05,-6.68847393452966e-07,0.999999999999776,0.00014878804908833,-0.000310405782536924,-0.00224452196216098,0.00203039368469136
8.18343140459068,-4.70303852724845e-05,-8.20835071486213e-07,0.999999999999663,-4.86223516056765e-05,-0.000304860926243712,0.0017738540109314,0.00157844986758494
8.18687522481298,-7.16584874324172e-05,-1.25067654269433e-06,0.999999999999218,-0.000124815304941073,-0.000293420184729795,0.00332210765238017,0.000275014522684276
8.18969258759193,-9.23523662620716e-05,-1.61185286328018e-06,0.999999999998701,-0.000128196596932679,-0.000283878304566841,0.00338681274355059,-0.000876275366017776
8.19250995037088,-8.65037870354671e-05,-1.50977589921231e-06,0.99999999999886,3.62313880309104e-05,-0.000283786190209041,3.26952419789379e-05,-0.000589207888777946
8.1960792521524,-8.79504206855801e-05,-1.5350244194769e-06,0.999999999998822,-7.07379812917976e-06,-0.00028053465405238,0.000910972609122783,-0.000695596107784449
8.19954286321992,-6.49382950808685e-05,-1.13338705979255e-06,0.999999999999358,0.000115959139711633,-0.000286078388779151,-0.00160056502266239,0.000510489871563261
8.20300647428743,-2.21599546239712e-05,-3.8676417028083e-07,0.999999999999925,0.000215561988617754,-0.000298667068557255,-0.00363455351444423,0.00280161988674429
8.20614514930869,-3.40821161241476e-05,-5.94845142413388e-07,0.999999999999823,-6.62958002097965e-05,-0.000292061547985112,0.00210455702722031,0.00218761781113106
8.20939899527468,-7.0570299423588e-05,-1.23168407905956e-06,0.999999999999241,-0.000195718833436986,-0.00027664599895827,0.0047376394543525,0.000241051490439372
8.21226710622345,-9.25913367436907e-05,-1.6160236849995e-06,0.999999999998694,-0.000134004441531365,-0.000266676122995168,0.00347611237541796,-0.00097973626155019
8.21513521717222,-8.7030595518533e-05,-1.51897044176924e-06,0.999999999998846,3.38387339136579e-05,-0.00026652578789913,5.24160671340455e-05,-0.000709821249769588
8.2186464378022,-8.65254030664181e-05,-1.51015317012362e-06,0.99999999999886,2.51116992488286e-06,-0.000264114532275756,0.000686728598820414,-0.000712797214162188
8.2220150326751,-6.29791241397791e-05,-1.09919307626117e-06,0.999999999999396,0.000121997482442608,-0.000270017427289105,-0.00175233153171327,0.000526707528192852
8.225383627548,-3.24826436193342e-05,-5.66929080909279e-07,0.999999999999839,0.000158007719964837,-0.000278406241553543,-0.00249030072803545,0.00216183695558525
8.22859746876765,-3.79541206350454e-05,-6.62424369780614e-07,0.999999999999781,-2.97137544591178e-05,-0.000274129500337567,0.0013307257339982,0.00188714944799221
8.23205470451657,-7.15285227418179e-05,-1.24840823093204e-06,0.999999999999221,-0.000169494909722417,-0.000259696145450698,0.00417482518841599,0.00011095059979148
8.23477056310672,-8.96997436797969e-05,-1.56555586540679e-06,0.999999999998775,-0.000116776195794974,-0.000251286208838578,0.00309660327773137,-0.000917642881988891
8.23748642169687,-8.1208019108375e-05,-1.41734731246314e-06,0.999999999998996,5.45715279437706e-05,-0.000252367652549716,-0.000398195883636774,-0.000488625212284123
8.24106335112457,-8.28791722734413e-05,-1.44651443749864e-06,0.999999999998954,-8.15423553221439e-06,-0.000249234056608882,0.000876057524806579,-0.000604967547394071
8.24465936522108,-6.15687535841042e-05,-1.07457746639147e-06,0.999999999999423,0.000103430342908991,-0.000254275993755959,-0.00140209048456511,0.000504517132659046
8.24825537931758,-3.37193688059406e-07,-5.88514007357932e-09,1,0.000297188024750973,-0.000273531185928972,-0.00535459307339953,0.00377946450012338
8.25133305171835,-2.17867389958678e-05,-3.80250328750527e-07,0.999999999999928,-0.000121639063528537,-0.000263757531988489,0.00317566416037211,0.00266466448314852
8.25438886064448,-6.56730440432924e-05,-1.14621084836245e-06,0.999999999999343,-0.00025065720342117,-0.00024603137876969,0.00580080549776795,0.00030991744359157
8.25810451770195,-0.000149983710843273,-2.61770957857124e-06,0.999999999996574,-0.000396026518984203,-0.000213486522779647,0.00875884277978696,-0.00419698183873483
8.26111496809262,-0.000142528187154136,-2.4875861427358e-06,0.999999999996906,4.32239096977934e-05,-0.000214076062831041,-0.000195831179687304,-0.00388090043693017
8.2637504672429,-8.45634841628337e-05,-1.47591122559899e-06,0.999999999998911,0.000383864634155567,-0.000232894110310608,-0.00714022141785969,-0.000791156921263021
8.26791424551111,-4.23545642494493e-05,-7.39226599400304e-07,0.999999999999727,0.000176926958820685,-0.000245084491400216,-0.00292772100346025,0.00137251843682107
8.27034530483602,-5.31101676613582e-05,-9.26947291976784e-07,0.99999999999957,-7.72176518497106e-05,-0.000239621368497136,0.0022472190814566,0.000867320382391845
8.27277636416093,-6.49689066793926e-05,-1.13392133297609e-06,0.999999999999357,-8.51373880016129e-05,-0.000233773366164007,0.00240553666182372,0.000234805900685269
8.27645255245818,-6.06257573984023e-05,-1.05811907811723e-06,0.99999999999944,2.06197965744927e-05,-0.000232865684305031,0.000246908424047324,0.000459573613585714
8.28062545361574,-7.40003485429949e-05,-1.29154972969829e-06,0.999999999999166,-5.59396551146499e-05,-0.000225344775042186,0.0018023214494852,-0.000228932908843008
8.28332867825958,-8.4980225061755e-05,-1.48318472641288e-06,0.9999999999989,-7.08912583907334e-05,-0.000219660492417819,0.00210277848617444,-0.000868689430410814
8.28603190290342,-7.60352065992738e-05,-1.32706470259106e-06,0.999999999999119,5.7753255608128e-05,-0.00022107072743212,-0.000521686208178598,-0.000412738783013333
8.28975764972905,-7.869708339434e-05,-1.37352321694736e-06,0.999999999999057,-1.24695843627049e-05,-0.000217697256126192,0.00090544834735319,-0.00058430873594296
8.29313554564858,-5.85382217096151e-05,-1.02168470709503e-06,0.999999999999478,0.000104159073646592,-0.000222680302979733,-0.00147519253767826,0.000474720729686418
8.29651344156811,-3.20733637113245e-05,-5.59785798952251e-07,0.999999999999843,0.000136741604580744,-0.000229919186309077,-0.00214301550485825,0.00189171413824973
8.3,-1.76179788891831e-05,-3.07491739163093e-07,0.999999999999953,7.2361919273015e-05,-0.000232830860421882,-0.0008351141016804,0.00269325683259974
8.30353452480445,-7.00774633863179e-05,-1.22308246753672e-06,0.999999999999252,-0.000259042100149469,-0.000211928553089352,0.0059137531886158,-6.68821401822455e-05
8.30602094001785,-8.24936380651774e-05,-1.43978559618537e-06,0.999999999998963,-8.71548434389747e-05,-0.000205942440351796,0.00240752739336382,-0.000823634833975117
8.30850735523126,-7.24062639952553e-05,-1.26372770578509e-06,0.999999999999202,7.08079203549987e-05,-0.00020796619931445,-0.000813926391594167,-0.000309596078157396
8.3120458229235,-7.56036911261136e-05,-1.31953333681112e-06,0.999999999999129,-1.57711291665864e-05,-0.000204615837905524,0.000946839621081192,-0.000502576459715029
8.31705479715605,-6.98585058998083e-05,-1.21926093847524e-06,0.999999999999257,2.00185494435924e-05,-0.000203551229858844,0.000212540132420999,-0.000371072778598105
8.31919065295601,-6.21948080916923e-05,-1.08550417884583e-06,0.999999999999411,6.26244335559203e-05,-0.00020495908053326,-0.000659150619832795,0.000167754105523788
8.32132650875596,-6.46389008234565e-05,-1.12816164423915e-06,0.999999999999364,-1.99720718010025e-05,-0.000202778005986614,0.00102117125448663,4.8341338775326e-05
8.32484232161597,-5.83711556290523e-05,-1.01876885392081e-06,0.999999999999481,3.11145088417185e-05,-0.000202858988044506,-2.30336656462422e-05,0.00037094917734384
8.32958893981169,1.23276249183263e-05,2.15157643775689e-07,0.999999999999977,0.000259959079668339,-0.000225123899415836,-0.00469068933991781,0.00418789943778949
8.33257905021336,-5.97251712601425e-05,-1.04240088480679e-06,0.999999999999457,-0.000420572607580255,-0.000197699010819367,0.00917186488537789,0.000319273537497176
8.33556916061503,-9.22308065681113e-05,-1.60973124638286e-06,0.999999999998704,-0.000189735590117327,-0.000184348751896231,0.00446480468269173,-0.00146327094959561
8.33848121629687,-8.53964700471347e-05,-1.49044957190267e-06,0.999999999998889,4.09613302465772e-05,-0.000185045544860129,-0.000239278722670928,-0.00113343601238892
8.34173144431849,-7.64809913559095e-05,-1.33484511434955e-06,0.999999999999109,4.78749357024666e-05,-0.0001862921229556,-0.000383535581867037,-0.000683805147193058
8.34513966309293,-5.21522293578383e-05,-9.10228114549401e-07,0.999999999999586,0.000124586192348882,-0.000192939183724844,-0.00195030343095283,0.000595861810012775
8.34854788186738,-1.66915026327786e-05,-2.91321678047284e-07,0.999999999999958,0.000181592344113099,-0.000203557788353237,-0.00311558773984937,0.00249744418708319
8.35171756910234,-2.71297811066744e-05,-4.73504005656801e-07,0.999999999999888,-5.74764366655631e-05,-0.000198003651829673,0.00175226642626254,0.0019588186483127
8.35511353131043,-6.29393338014447e-05,-1.09849860384675e-06,0.999999999999397,-0.00018404050454396,-0.000183307159562274,0.00432763716638644,5.76197047942628e-05
8.35787124849513,-8.11620925085255e-05,-1.41654574208152e-06,0.999999999998997,-0.000115329860509185,-0.000175243358788179,0.00292408547868491,-0.000970398194198714
8.36062896567983,-7.26944605394373e-05,-1.26875768437393e-06,0.999999999999195,5.35907229819481e-05,-0.000176679760803571,-0.000520866325003557,-0.000543182383869558
8.36419553005105,-7.35039580414184e-05,-1.28288608107016e-06,0.999999999999177,-3.96134633381148e-06,-0.000174366983584148,0.000648460809535714,-0.00061461926870241
8.36766202329199,-5.18431200641214e-05,-9.04833139625529e-07,0.999999999999591,0.000109059188975207,-0.000180115382481106,-0.00165827494745099,0.000520178524251682
8.37112851653293,-1.23832271810501e-05,-2.16128086331779e-07,0.999999999999977,0.000198674858257413,-0.000192206486364407,-0.00348799292048404,0.00263313873862842
8.37431722873254,-2.08954972144621e-05,-3.6469522523366e-07,0.999999999999933,-4.65915797982159e-05,-0.000187403596780915,0.0015062160780997,0.00220107169496421
8.37764023112919,-5.93882929203544e-05,-1.03652124859884e-06,0.999999999999463,-0.000202174402294229,-0.000171875184870861,0.00467300653339913,0.000152716773932732
8.38042582900122,-7.94771507252372e-05,-1.38713796025874e-06,0.999999999999038,-0.000125867669264339,-0.000163198606703764,0.00311479925161352,-0.000972648058610764
8.38321142687325,-7.17675320461924e-05,-1.25257973023627e-06,0.999999999999216,4.83049730090838e-05,-0.000164416262603084,-0.000437125513178401,-0.00058666172007451
8.38675196793557,-7.22064939548004e-05,-1.26024106083231e-06,0.999999999999206,-2.16388694868941e-06,-0.000162334554384753,0.000587963303260875,-0.000638472432868569
8.3902152977102,-4.99807660788415e-05,-8.72328930744769e-07,0.99999999999962,0.000112005542449254,-0.000168367891973229,-0.00174206269142388,0.000526357927825157
8.39367862748483,-9.68856342435762e-06,-1.69097331543336e-07,0.999999999999986,0.000203050718517629,-0.000180838655674399,-0.00360080168874854,0.00268424880731742
8.39685067860501,-1.94613710130976e-05,-3.39665001130732e-07,0.999999999999942,-5.37720431117385e-05,-0.000175671400418212,0.00162899495008165,0.00218471424237157
8.40015690007559,-5.72350016575451e-05,-9.98939226308408e-07,0.999999999999501,-0.000199404132797988,-0.00016048548125469,0.00459313427690203,0.000173280349549191
8.40296499206261,-7.78185557523649e-05,-1.35819001702512e-06,0.999999999999078,-0.000127934124799693,-0.000151686104122107,0.00313357866239572,-0.000976256036914896
8.40577308404964,-7.05955900854496e-05,-1.23212548437905e-06,0.999999999999241,4.4893305927551e-05,-0.000152783733397223,-0.000390880811664128,-0.000616522761783053
8.40930736799711,-7.07720854880168e-05,-1.23520591026848e-06,0.999999999999237,-8.71584155435832e-07,-0.000150880727108538,0.000538441822152792,-0.000654706687495559
8.41273655893369,-4.8250625416076e-05,-8.42132279656886e-07,0.999999999999645,0.00011462576388474,-0.000157116764304067,-0.00181851559474627,0.00052755328746823
8.41616574987027,-1.20705721583982e-05,-2.10671226763606e-07,0.999999999999978,0.000184142867682846,-0.000168222026462909,-0.00323844964139752,0.00246598788915333
8.41935857897628,-1.9770610100461e-05,-3.45062241381085e-07,0.99999999999994,-4.20915151281525e-05,-0.000163853728251137,0.00136815910489585,0.0020754200625536
8.42272621497844,-5.6173933355142e-05,-9.80420090842936e-07,0.999999999999519,-0.000188665832368796,-0.00014919924759666,0.00435156312769336,0.000141839782187536
8.42549171692402,-7.56664747028825e-05,-1.32062911694191e-06,0.999999999999128,-0.00012301890680031,-0.00014087307558879,0.00301072722844438,-0.000952977591616911
8.4282572188696,-6.77122001860847e-05,-1.18180083701642e-06,0.999999999999302,5.02000297441693e-05,-0.000142315493641554,-0.000521575497377661,-0.000553334979598217
8.4318108597423,-6.85703910919314e-05,-1.19677909393411e-06,0.999999999999284,-4.21490450335888e-06,-0.000140239770977827,0.000584111545898982,-0.000626988128106828
8.43530809762778,-4.65956486338009e-05,-8.13247485762134e-07,0.999999999999669,0.000109667006000751,-0.000146324528145948,-0.00173987511498617,0.000523034637891997
8.43880533551325,-1.65724292832365e-06,-2.892434560464e-08,1,0.000224269313624805,-0.000160587861520543,-0.00407845672547604,0.00292913310427909
8.44195401542853,-1.38751521313433e-05,-2.42167088907047e-07,0.999999999999971,-6.77244905929112e-05,-0.000154705489687073,0.0018682025457478,0.0023011620759737
8.44519513608521,-5.30030784881352e-05,-9.25078233310805e-07,0.999999999999572,-0.000210702166547231,-0.000139217873205615,0.00477847575638032,0.000212945378486175
8.44805235763137,-7.47801668219511e-05,-1.3051601262333e-06,0.999999999999148,-0.00013302499886064,-0.000130095783735554,0.00319264338543005,-0.000996147755731336
8.45090957917753,-6.8671779608231e-05,-1.19854865736725e-06,0.999999999999282,3.73129864603474e-05,-0.000130898612425273,-0.00028098230282417,-0.000696739161449302
8.45441973037902,-6.80306579792638e-05,-1.18735897403603e-06,0.999999999999295,3.18780664676012e-06,-0.00012945476341927,0.00041133527393138,-0.000691950895214628
8.45778660191995,-4.48098877958955e-05,-7.82080079487522e-07,0.999999999999694,0.000120372544548154,-0.000136120342969647,-0.00197975463849534,0.000530717014803286
8.46115347346088,-1.5108553118237e-05,-2.63693997125689e-07,0.999999999999965,0.000153966694618373,-0.000145101281722477,-0.00266744324624432,0.00212346847451532
8.46437978662152,-1.98744789473138e-05,-3.46875094748916e-07,0.99999999999994,-2.57820904176911e-05,-0.000141900310943976,0.00099214509538576,0.00188672297536851
8.46785710160727,-5.39359198950179e-05,-9.41359387259837e-07,0.999999999999557,-0.000170960725429446,-0.000128174472237409,0.00394725205016042,8.68443175158228e-05
8.47055297656184,-7.14622093061894e-05,-1.24725084314201e-06,0.999999999999222,-0.000113466485292352,-0.000120699695617875,0.00277267185811839,-0.000909176843034619
8.4732488515164,-6.26729474899872e-05,-1.09384928562957e-06,0.999999999999402,5.69023267391132e-05,-0.000122590346474119,-0.000701312519351555,-0.000463687341969523
8.47683035801983,-6.45373254763567e-05,-1.1263888199934e-06,0.999999999999366,-9.08543215898658e-06,-0.00012029677035116,0.000640394236549554,-0.00058944190265621
8.48046526851895,-4.35531263256038e-05,-7.60145453918733e-07,0.999999999999711,0.000100757189527326,-0.000126116874098752,-0.00160116837787317,0.000501320267109628
8.48410017901807,2.5048094741748e-05,4.37171724594967e-07,0.999999999999904,0.000329393854072393,-0.000148883434281712,-0.00626330694757477,0.00416971293184305
8.48715184293931,-7.58632682844167e-07,-1.32406381288686e-08,1,-0.000147595663988288,-0.000138345605652161,0.00345314192569541,0.00282565407611884
8.49014060815209,-4.69287817537976e-05,-8.19061755553515e-07,0.999999999999665,-0.000269616734689775,-0.000120602246206054,0.00593668561525776,0.000345503788889746
8.49387952282331,-0.000125900539748987,-2.19737894865605e-06,0.999999999997586,-0.000368640986571509,-9.08724691477525e-05,0.00795144571957377,-0.00387270401837727
8.49694899782452,-0.000129904147810617,-2.2672550912907e-06,0.99999999999743,-2.27648515160042e-05,-8.81086246101821e-05,0.000900429075484571,-0.00416852438117756
8.49959447051032,-6.80615163726008e-05,-1.18789755460163e-06,0.999999999999294,0.000408001769395539,-0.000108953858262387,-0.00787958755505489,-0.000872183908914879
8.50360670620434,-2.9215817471475e-05,-5.09912208538902e-07,0.99999999999987,0.000168979441330565,-0.000121039428047758,-0.00301217842295925,0.00112672297173513
8.50611338119482,-3.41572043379847e-05,-5.96155678974287e-07,0.999999999999822,-3.44055255520514e-05,-0.000118208242039512,0.00112945875273284,0.000921797431451983
8.50862005618529,-4.61893033958253e-05,-8.06155423459661e-07,0.999999999999675,-8.37762156177341e-05,-0.000112861209204265,0.00213311771792079,0.00027968150761055
8.51231929877469,-4.2468105798664e-05,-7.41208273271914e-07,0.999999999999725,1.75568778251534e-05,-0.000112618758986681,6.5540502339202e-05,0.000473729831159501
8.51612519518533,-6.01387917335944e-05,-1.04961992392218e-06,0.999999999999449,-8.10352194002508e-05,-0.000104735846985869,0.00207123661558055,-0.000463636694228121
8.51911377465439,-7.37968157482116e-05,-1.28799741229354e-06,0.999999999999171,-7.97628073266885e-05,-9.86323901486769e-05,0.00204226017757568,-0.00123074412088668
8.52210235412346,-6.55881602497657e-05,-1.14472934668383e-06,0.999999999999345,4.79385163060909e-05,-0.00010031329883777,-0.000562444032856674,-0.000817682372360523
8.52580298860695,-5.88748383426143e-05,-1.02755977565784e-06,0.999999999999472,3.16620221609789e-05,-0.000101178119828722,-0.000233695328411558,-0.00050026403319161
8.52866205203927,-3.84625515312846e-05,-6.71298162938853e-07,0.999999999999775,0.000124607802923168,-0.000107268958694164,-0.00213036157106332,0.000602961802766853
8.53152111547159,-4.04034142832143e-05,-7.05172608289335e-07,0.999999999999751,-1.18480915699817e-05,-0.000105417210678438,0.000647676436554171,0.000500643021231452
8.5351905478557,-3.47605607951589e-05,-6.06686235715144e-07,0.999999999999816,2.68396749864399e-05,-0.000105943553732384,-0.000143439910822344,0.000804074138766819
8.53872701264419,-5.8409446443911e-05,-1.01943715471336e-06,0.99999999999948,-0.00011671285978602,-9.61170717893883e-05,0.00277861721540399,-0.000456643514806399
8.54226347743269,-0.000120502529661303,-2.10316589957031e-06,0.999999999997788,-0.000306444093090515,-7.26290818604078e-05,0.00664165807768304,-0.00380613958957214
8.54526706641854,-9.48472237067817e-05,-1.6553963400582e-06,0.99999999999863,0.00014907817335291,-8.05680511027463e-05,-0.0026431609916499,-0.00248889402241079
8.54825902508738,-5.60690886175661e-05,-9.78590204968848e-07,0.999999999999521,0.000226208383872211,-9.31858995313282e-05,-0.00421725358709205,-0.000429601563937667
8.55139349897735,-3.06003567409255e-05,-5.34076977413966e-07,0.999999999999857,0.000141814302227128,-0.000101022447137592,-0.00250011577105314,0.000932105369368901
8.55452797286731,-2.38383145933187e-05,-4.16057077779612e-07,0.999999999999913,3.76522197272344e-05,-0.000102214274032793,-0.000380231878470903,0.00130167349115675
8.55790484524192,-2.83090054109152e-05,-4.9408535238534e-07,0.999999999999878,-2.31066697079213e-05,-9.93265745459838e-05,0.000855140250051469,0.00107216009150106
8.56116122372717,-5.86993871160796e-05,-1.02449757407815e-06,0.999999999999475,-0.000162884082453992,-8.72761051230025e-05,0.0037005739589432,-0.000562205783076078
8.56441760221242,-8.58137647898605e-05,-1.49773273911449e-06,0.999999999998878,-0.000145325602407761,-7.63995276044459e-05,0.00334008395148805,-0.00204587465482237
8.5675408498063,-7.6584161087062e-05,-1.33664576584655e-06,0.999999999999107,5.15767541399749e-05,-7.85068829745515e-05,-0.000674732087917499,-0.00159008984366586
8.57098675637261,-5.1768797085476e-05,-9.03535958938277e-07,0.999999999999592,0.000125688203836714,-8.60449242015524e-05,-0.00218753500187745,-0.000303326507617021
8.57380606096262,-3.06453400629893e-05,-5.34862084492464e-07,0.999999999999857,0.000130767663682725,-9.25108785539843e-05,-0.00229345717924127,0.000848814693449774
8.57662536555264,-3.6013928785148e-05,-6.28561633879553e-07,0.999999999999802,-3.32349862867037e-05,-8.95617074453762e-05,0.0010460633161297,0.000565549493142373
8.58019516098586,-3.40302491207238e-05,-5.939398924305e-07,0.999999999999824,9.69852253349136e-06,-8.89596159181131e-05,0.000168662753517953,0.000673026168467582
8.58365704141452,-5.65775684853045e-05,-9.87464852840985e-07,0.999999999999513,-0.000113673758675249,-7.96825698599876e-05,0.00267977079199802,-0.000535095836649877
8.58711892184319,-9.86921374494919e-05,-1.72250274432358e-06,0.999999999998517,-0.00021232330423578,-6.34562810640214e-05,0.00468713149697792,-0.00281758877961988
8.590257757564,-8.63754136435669e-05,-1.5075353608517e-06,0.999999999998864,6.84863441711372e-05,-6.67126950288425e-05,-0.00103745919011625,-0.00220670999013233
8.59351327012512,-4.95245296998463e-05,-8.6436610376393e-07,0.999999999999626,0.000197563131769016,-7.86606946756737e-05,-0.00367008249008897,-0.000266062632382088
8.59638075592017,-2.70987400847409e-05,-4.72962237620878e-07,0.999999999999888,0.000136497229321577,-8.5623128240378e-05,-0.00242806209423117,0.000954197541504356
8.59924824171522,-3.22496863385993e-05,-5.62863209343962e-07,0.999999999999842,-3.1351845536018e-05,-8.27846608392188e-05,0.000989880196114774,0.000683987392423581
8.60275999607955,-3.22228184548465e-05,-5.62394276309434e-07,0.999999999999842,1.33532413112756e-07,-8.15701445312129e-05,0.000345843183208162,0.000688238466606816
8.6061297808933,-5.52748232892295e-05,-9.64727659854947e-07,0.999999999999535,-0.000119394384443729,-7.22063250879463e-05,0.00277875887061267,-0.000550826599053706
8.60949956570705,-8.54171777304407e-05,-1.49081098915682e-06,0.999999999998889,-0.000156117781513967,-6.03297181525874e-05,0.00352444075565125,-0.00219305323213327
8.61271245946742,-7.94098868099609e-05,-1.38596398346939e-06,0.99999999999904,3.26332003195501e-05,-6.13713325647529e-05,-0.00032419821190915,-0.00191458661627406
8.61616712242976,-4.53059259729998e-05,-7.90737578893579e-07,0.999999999999687,0.000172296519534804,-7.23315646704185e-05,-0.00317259085044191,-0.00013652889114596
8.61888478551593,-2.66886196874054e-05,-4.65804286357788e-07,0.999999999999892,0.000119563493425304,-7.8039336559795e-05,-0.00210024999729228,0.000894777212354928
8.6216024486021,-3.47647702808437e-05,-6.06759705100159e-07,0.999999999999816,-5.18664066416253e-05,-7.42595788770036e-05,0.00139081172424275,0.000467055516098502
8.62517876179359,-3.25988264779158e-05,-5.68956854325907e-07,0.999999999999838,1.05703412285695e-05,-7.3844005240259e-05,0.000116201689978874,0.000582343915547858
8.62877113480666,-5.34175200238852e-05,-9.32311602666662e-07,0.999999999999565,-0.000101146163557908,-6.52584149988271e-05,0.0023899495431567,-0.000528672040341372
8.63236350781973,-0.000113463362572052,-1.98030925726512e-06,0.999999999998039,-0.000291728517831279,-4.27318085648236e-05,0.00627067577672304,-0.00376794597582693
8.63544372010316,-9.1958938583739e-05,-1.60498625492481e-06,0.999999999998712,0.000121849719371583,-4.93824944019715e-05,-0.00215916476696234,-0.00267359143331536
8.63850604809832,-4.78320545711049e-05,-8.34826840259287e-07,0.999999999999652,0.000251494750360673,-6.40910676014784e-05,-0.00480306917571779,-0.00032987486060067
8.6422194507277,3.75457959841345e-05,6.55297760205164e-07,0.999999999999785,0.000401282798874641,-9.32699659130145e-05,-0.00785772544046387,0.00420585385729373
8.64522423573111,2.94275796146494e-05,5.13608155168373e-07,0.999999999999868,-4.71546566146141e-05,-8.9430921805051e-05,0.00127764352644173,0.00383132312159174
8.64785869814745,-2.77996156447454e-05,-4.85194823789715e-07,0.999999999999882,-0.000379129712675235,-6.82497995350845e-05,0.00804001686972147,0.000760732022866204
8.65203655513792,-6.97174583745351e-05,-1.21679919475743e-06,0.99999999999926,-0.000175114747258498,-5.20374477912229e-05,0.00388054253193683,-0.00141799621066702
8.65446103821728,-5.80821312456073e-05,-1.01372442681115e-06,0.999999999999486,8.37600269001007e-05,-5.54246782254828e-05,-0.00139709386429201,-0.000885333467939693
8.65688552129664,-4.59007108723567e-05,-8.01118533728498e-07,0.999999999999679,8.76912257677901e-05,-5.90099103575488e-05,-0.0014787614574756,-0.000254183283858311
8.66055900007971,-4.97610566777214e-05,-8.68494278297641e-07,0.999999999999623,-1.83411280010003e-05,-5.65131097009544e-05,0.000679682884818719,-0.000481030692168783
8.66477083181023,-3.64945143144587e-05,-6.36949433703463e-07,0.999999999999797,5.49748564066493e-05,-5.99544689728058e-05,-0.000817069506104767,0.000167006557644327
8.66744580532247,-2.51029559200959e-05,-4.38129232788662e-07,0.999999999999904,7.43260447270413e-05,-6.32009133143588e-05,-0.00121363607029794,0.000810542253041483
8.67012077883472,-3.35188349994265e-05,-5.8501403217267e-07,0.999999999999829,-5.49107491014784e-05,-5.94082048371682e-05,0.00141784898423403,0.000362386661711479
8.67384806594713,-2.98144648908171e-05,-5.20360577064986e-07,0.999999999999865,1.73459819857806e-05,-5.96196093013913e-05,-5.67180519899177e-05,0.000560413387847068
8.67733415201614,-4.9605346595306e-05,-8.65776624680941e-07,0.999999999999625,-9.90841995229146e-05,-5.15554126687714e-05,0.00231325230444048,-0.000500280235781318
8.68082023808515,-8.89753588733955e-05,-1.55291296548368e-06,0.999999999998794,-0.000197108254701811,-3.65365591256981e-05,0.00430822797996198,-0.00263338794888629
8.68403066042257,-8.22991451241236e-05,-1.4363910539921e-06,0.999999999998968,3.62948856085909e-05,-3.79814414453132e-05,-0.000450059888624797,-0.00232496666702318
8.68734059137931,-4.21081289647559e-05,-7.34925492289316e-07,0.99999999999973,0.000211927551018973,-5.13239167635094e-05,-0.00403104339413425,-0.000210699893810194
8.6901209951314,-2.1119235993763e-05,-3.68600203596853e-07,0.999999999999932,0.000131752551555438,-5.79948776970549e-05,-0.00239927777702233,0.000942441363805771
8.69290139888349,-2.83414669322827e-05,-4.94651912813409e-07,0.999999999999878,-4.53357571258117e-05,-5.46381705460662e-05,0.00120727327765339,0.000561763811970355
8.69643579745339,-2.72956017533402e-05,-4.76398121908905e-07,0.999999999999887,5.1646101998699e-06,-5.4015649111003e-05,0.000176132211110813,0.000619284190297609
8.69993314728333,-4.90886648446248e-05,-8.56758826946588e-07,0.999999999999633,-0.000108756836900309,-4.52892961075591e-05,0.00249513300864196,-0.000546710954401438
8.70343049711326,-9.43014380401025e-05,-1.64587058316447e-06,0.999999999998646,-0.000225631347903439,-2.82421933275092e-05,0.00487429156618217,-0.00299352192001713
8.70656908938612,-8.07267860167824e-05,-1.4089482105453e-06,0.999999999999007,7.54868272212871e-05,-3.2208428346801e-05,-0.00126369871409824,-0.00231620683335336
8.70979890446609,-4.14005693444441e-05,-7.22576247260718e-07,0.999999999999739,0.000212511226274663,-4.53144764841645e-05,-0.00405783235660727,-0.000240258251566497
8.71267013995812,-1.8994070218283e-05,-3.31509063664029e-07,0.999999999999945,0.000136201709919905,-5.25063235520441e-05,-0.00250479178313702,0.000980199477229504
8.71554137545015,-2.4338479268933e-05,-4.2478659817125e-07,0.99999999999991,-3.24868979804191e-05,-4.98342650224779e-05,0.00093063022416186,0.000700817195818107
8.71904649619249,-2.47069007140956e-05,-4.31216765424293e-07,0.999999999999907,-1.83450663350098e-06,-4.87687647209184e-05,0.000303983908083116,0.000685282164569736
8.72239589991972,-4.76769943265765e-05,-8.3212052845332e-07,0.999999999999654,-0.000119694069654627,-3.97141246497083e-05,0.00270335880908733,-0.000549217678221535
8.72574530364696,-7.52872099728546e-05,-1.31400969866624e-06,0.999999999999137,-0.000143873121742491,-2.9016527187463e-05,0.00319388116017801,-0.00205464508095538
8.72898066436883,-7.08011339204376e-05,-1.23571290105676e-06,0.999999999999236,2.42003301456554e-05,-2.97703408398469e-05,-0.000232992150547012,-0.00185550584948641
8.73248832551354,-3.68988462813881e-05,-6.44006357797444e-07,0.999999999999793,0.000168689767582604,-4.09223425363373e-05,-0.00317932697498742,-9.1892784002076e-05
8.73516612860027,-1.95324557436154e-05,-3.40905663726159e-07,0.999999999999942,0.000113190060752851,-4.64123755740166e-05,-0.00205020042918099,0.000878012065932531
8.737843931687,-2.81012089721949e-05,-4.90458620355753e-07,0.99999999999988,-5.58491239966954e-05,-4.26835091533964e-05,0.00139250956842071,0.000424768038490784
8.74143165400166,-2.55100984965084e-05,-4.45235211272111e-07,0.999999999999901,1.26050471907482e-05,-4.26989543826741e-05,-4.3050236119359e-06,0.000563165535636764
8.74510933598265,-4.56795779968259e-05,-7.97259036966084e-07,0.999999999999682,-9.57189413097576e-05,-3.46052995274122e-05,0.00220074897642178,-0.000508299725419922
8.74878701796364,-0.000123096487691698,-2.14843900785916e-06,0.999999999997692,-0.000367399894248615,-6.16064971953086e-06,0.00773439627323293,-0.00467270676331477
8.75180736294239,-9.11591988089762e-05,-1.59102816269606e-06,0.999999999998734,0.000184552045903705,-1.67760705885315e-05,-0.00351463854085269,-0.00302637564081545
8.75472034272668,-4.19405202057254e-05,-7.32000167589052e-07,0.999999999999732,0.000294896655218845,-3.35687661160495e-05,-0.0057647827211419,-0.000400005948812857
8.75850113595479,3.28232258806066e-05,5.7287336274237e-07,0.999999999999836,0.000345132212106282,-5.92421229896833e-05,-0.00679046838182094,0.00356226672427911
8.76164243609495,5.18662858386408e-05,9.05237458664666e-07,0.99999999999959,0.000105804629004837,-6.52598785397187e-05,-0.00191568945389928,0.00464095016044958
8.76428632632543,-1.64505628047219e-05,-2.87116484748507e-07,0.999999999999959,-0.00045098466254881,-4.03333780234121e-05,0.00942796347172617,0.00098130868584379
8.76808940688992,-4.98580235822251e-05,-8.70186670046697e-07,0.999999999999621,-0.000153315233640762,-2.75526828734784e-05,0.0033606164616374,-0.00077219222635135
8.77071932860505,-5.30451240365939e-05,-9.25812066567216e-07,0.999999999999571,-2.11509704644276e-05,-2.58025155688308e-05,0.000665482662307647,-0.00100495158008572
8.77334925032018,-4.10453459914761e-05,-7.16376430171452e-07,0.999999999999743,7.96356922682079e-05,-2.94572120497243e-05,-0.00138965979856483,-0.000382543719365482
8.777054899856,-4.29321787528238e-05,-7.49307874291458e-07,0.999999999999719,-8.88682100174715e-06,-2.79294064630422e-05,0.000412290901207734,-0.000507544815220368
8.78044610477285,-2.41581830561013e-05,-4.21639835628461e-07,0.999999999999911,9.66228956072355e-05,-3.3829037565504e-05,-0.00173968581879464,0.000481258956960478
8.78383730968969,1.0415790181217e-06,1.81789832859133e-08,1,0.000129693967099922,-4.20204350710081e-05,-0.00241548290544618,0.00183346941027249
8.78719793979442,4.01071528735081e-06,7.00001871243421e-08,0.999999999999998,1.54200855861961e-05,-4.23190868660001e-05,-8.88677973133545e-05,0.00201503938495074
8.79081452048475,-3.77172524184004e-05,-6.58290239506834e-07,0.999999999999783,-0.000201375412023113,-2.66710755503622e-05,0.00432674192987094,-0.000171236922922427
8.79334503910892,-4.88876608954197e-05,-8.53250646223449e-07,0.999999999999636,-7.70436561323727e-05,-2.21381609513426e-05,0.00179129865148366,-0.000848159466237068
8.79587555773308,-3.86772991646392e-05,-6.75046216201755e-07,0.999999999999772,7.04220977945204e-05,-2.52123751344804e-05,-0.001214855387264,-0.000323766660240688
8.79945724564904,-4.18348481509821e-05,-7.30155842306435e-07,0.999999999999733,-1.53864958080463e-05,-2.33071287275383e-05,0.000531940931662624,-0.0005119151241029
8.8046049791163,-9.65956276545146e-06,-1.68591174560176e-07,0.999999999999986,0.000109089693807686,-3.36391326695667e-05,-0.00200709768828411,0.000989664702182933
8.80664358623304,-2.73101031693982e-05,-4.76651219365319e-07,0.999999999999886,-0.000151113003715054,-2.69246232630546e-05,0.00329367505459122,0.000219721204844402
8.80868219334977,-3.10752994495057e-05,-5.42366291437029e-07,0.999999999999853,-3.2235280418755e-05,-2.51514185823299e-05,0.000869811876043148,3.88550162755121e-05
8.81202478467635,-2.53098808188597e-05,-4.41740753576446e-07,0.999999999999902,3.01040504295175e-05,-2.64951219633936e-05,-0.000401994515566174,0.000339661948050562
8.8165576718728,2.81553904657931e-05,4.9140426581269e-07,0.999999999999879,0.000205861072413308,-4.45606532737455e-05,-0.00398543588830347,0.00322024124532553
8.82006210191153,-1.22118962508471e-05,-2.13137797489231e-07,0.999999999999977,-0.000201043266812679,-2.94783000689677e-05,0.00430379634865278,0.00111863702373013
8.82255465067363,-4.27965204804976e-05,-7.46940190781799e-07,0.999999999999721,-0.000214159257948923,-1.80894482144828e-05,0.0045691590983737,-0.000605876434098114
8.82504719943572,-3.63712154893207e-05,-6.34797463240965e-07,0.999999999999798,4.49911870315518e-05,-1.98657502097622e-05,-0.000712644832586348,-0.000286739888500424
8.82853787730724,-4.03151269864224e-05,-7.03631704272632e-07,0.999999999999752,-1.97194480743488e-05,-1.77560669232359e-05,0.000604376388821223,-0.00051457321141449
8.83331293454117,-5.63839475174646e-05,-9.84085529451282e-07,0.999999999999516,-5.87330813934629e-05,-1.10850971163858e-05,0.00139704499444546,-0.0014958797489645
8.83556455657345,-2.80717038895806e-05,-4.8994365951806e-07,0.99999999999988,0.000219460399147523,-2.07064800817856e-05,-0.00427308972263893,0.000106769430530379
8.83781617860573,-2.8978051930726e-05,-5.05762417005046e-07,0.999999999999872,-7.02549418162124e-06,-1.9939670092133e-05,0.000340558929811357,6.68038210520444e-05
8.84152324691784,-2.18024046622648e-05,-3.80523746208673e-07,0.999999999999928,3.37837504605245e-05,-2.17656911225367e-05,-0.000492578198367547,0.000441763667125169
8.84646053745838,6.93038400269771e-05,1.20958019274589e-06,0.999999999999268,0.000322060029868024,-5.32103684926332e-05,-0.00636881243100367,0.00538970905802518
8.84906118900522,-2.53836521603497e-05,-4.43028306379059e-07,0.999999999999902,-0.0006354594105981,-1.90376588024003e-05,0.013140057049077,0.000261334120356402
8.85166184055206,-3.55764248222839e-05,-6.20925749237053e-07,0.999999999999807,-6.84049514723556e-05,-1.49178703563616e-05,0.00158413704098357,-0.000316894865988439
8.85493623378235,-4.15381937139438e-05,-7.24978245639467e-07,0.999999999999737,-3.1777642171955e-05,-1.21793386034984e-05,0.000836347854475753,-0.000652730722639339
8.85898711028967,-6.30648304492575e-05,-1.1006889335513e-06,0.999999999999394,-9.27479984228806e-05,-3.76634437845084e-06,0.00207683305325399,-0.0018540522979958
8.86195433334012,-2.27320825835712e-05,-3.96749686918566e-07,0.999999999999921,0.00023723839922529,-1.75605493827394e-05,-0.00464886015299741,0.000307365654434093
8.86492155639057,-1.13695067669723e-05,-1.98435327411442e-07,0.99999999999998,6.68350023356396e-05,-2.10561623620213e-05,-0.00117807556757579,0.000927067097013208
8.86817439150552,-8.84003886443698e-06,-1.54287784188685e-07,0.999999999999988,1.35720199956543e-05,-2.13629233471701e-05,-9.43057284823207e-05,0.00106909486473067
8.87198265213936,-1.51709713759889e-05,-2.64783401236818e-07,0.999999999999965,-2.9014720281052e-05,-1.84238187683782e-05,0.000771770858506148,0.000765548088141025
8.87462340291247,-3.84605098755773e-05,-6.71262529324568e-07,0.999999999999775,-0.000153925592762109,-9.66893024426702e-06,0.0033153028348086,-0.000529608634249429
8.87726415368558,-3.40581199576463e-05,-5.94426330300084e-07,0.999999999999823,2.90963463144382e-05,-1.0765608785835e-05,-0.000415290436619589,-0.000314018564598232
8.88094827612607,-3.98461114568622e-05,-6.95445839038823e-07,0.999999999999758,-2.74202365340867e-05,-8.05848111214434e-06,0.000734809365709056,-0.000643424357517298
8.88594110605449,-2.40855736941366e-05,-4.20372563194406e-07,0.999999999999912,5.5093660266466e-05,-1.27958647005818e-05,-0.00094883736405162,-1.56728043068813e-05
8.88799247589753,-2.52296488299263e-05,-4.40340441204135e-07,0.999999999999903,-9.7339239325441e-06,-1.2034493656974e-05,0.000371152498994034,9.65643651893129e-05
8.89004384574058,-2.69552124138982e-05,-4.70457207196954e-07,0.999999999999889,-1.46812950843098e-05,-1.10691589004139e-05,0.00047058055368817,2.50985451806388e-05
8.89340662599308,-2.09948155973868e-05,-3.66428658023451e-07,0.999999999999933,3.09352801439309e-05,-1.26169708855674e-05,-0.000460277469514573,0.000336834789284075
8.89796114238591,3.66357216720423e-05,6.39413967021337e-07,0.999999999999796,0.000220845099301261,-3.2346316721602e-05,-0.00433182013947136,0.00344090722004441
8.90232033685434,7.04878198687976e-05,1.23024453926289e-06,0.999999999999243,0.000135536640202848,-4.36590420918904e-05,-0.00259514124736062,0.00563313366629141
8.90417990976887,-2.69162508479135e-06,-4.69777199588806e-08,0.999999999999999,-0.000686836342498992,-1.73292429080779e-05,0.0141590571567062,0.00135660520768442
8.90603948268339,-2.15747657088297e-05,-3.76550696965438e-07,0.999999999999929,-0.000177230467508111,-1.03092822258077e-05,0.00377503921865086,0.000284620258258673
8.90905482697338,-3.0614408577415e-05,-5.3432222822666e-07,0.999999999999857,-5.23228912150779e-05,-6.60376513975982e-06,0.00122888689638097,-0.000211441857817401
8.91316033694396,-6.82874471656783e-05,-1.19184079082247e-06,0.99999999999929,-0.000160155149374389,7.455649781261e-06,0.00342452338973107,-0.00224278419763557
8.917178059235,-0.000151204477527337,-2.63901597660674e-06,0.999999999996518,-0.000360197913383473,3.7583433650362e-05,0.00749872233237375,-0.00681093490497515
8.91974286310983,-3.05965307286127e-05,-5.34010200901886e-07,0.999999999999857,0.000820727774301231,-4.90434078393298e-06,-0.0165657011248556,-0.000284846860891872
8.92230766698466,-1.92955243063567e-05,-3.36770430044514e-07,0.999999999999943,7.69024769469022e-05,-8.52148575963605e-06,-0.00141030080748131,0.000344730426505322
8.92545236870928,-1.51821424248136e-05,-2.64978372819709e-07,0.999999999999965,2.28295283659924e-05,-9.49571228439819e-06,-0.000309799341900932,0.000564771772504715
8.92942145626986,1.33242413522968e-06,2.32551881927961e-08,1,7.26196025189431e-05,-1.47583204898691e-05,-0.001325898742505,0.00146708262205285
8.93255428433879,-3.26334347199793e-05,-5.69560882098241e-07,0.999999999999838,-0.000189227131923199,-2.20177528381101e-06,0.00400805436168378,-0.000358805755948513
8.93568711240771,-5.27593490388555e-05,-9.20824351936804e-07,0.999999999999576,-0.000112123443135281,5.428355031132e-06,0.00243554071499447,-0.00146369853324492
8.93885579250675,-5.0669575014373e-05,-8.84350914586947e-07,0.999999999999609,1.15106089001897e-05,5.1587865372953e-06,-8.50728017379582e-05,-0.0013818718676652
8.94239537724178,-3.47538130104984e-05,-6.06568464655602e-07,0.999999999999816,7.84788247000559e-05,2.24379478468465e-08,-0.00145111615456346,-0.000571606753489329
8.94518121377057,-1.19315814747106e-05,-2.0824538170366e-07,0.999999999999978,0.000142981499034751,-7.68515176044819e-06,-0.00276670566583686,0.000673438612605127
8.94796705029936,-1.56990671006635e-05,-2.74000410398095e-07,0.999999999999962,-2.36033335103934e-05,-5.9397946565315e-06,0.000626510954925116,0.000478426700898421
8.95157341897245,-1.14128449414289e-05,-1.99191721247512e-07,0.99999999999998,2.07434946151777e-05,-6.94412185155928e-06,-0.000278487111570682,0.000711748019926666
8.95526478252481,-3.31436988364505e-05,-5.78466670985442e-07,0.999999999999833,-0.000102746571655212,1.31090138446032e-06,0.00223630729374859,-0.000435105956824127
8.95817940320464,-4.64862514878079e-05,-8.11338145372272e-07,0.999999999999671,-7.98976950923934e-05,6.46759869127816e-06,0.00176925160193471,-0.0011858512024701
8.96109402388447,-3.7318025394751e-05,-6.51322413481216e-07,0.999999999999788,5.49010487020008e-05,3.61514018640333e-06,-0.000978672293316433,-0.000716578383932314
8.96476228804981,-3.33271766691726e-05,-5.81668963270866e-07,0.999999999999831,1.89881227389139e-05,2.70448247306266e-06,-0.000248253035303034,-0.000534650662616759
8.96765954081681,-1.44902426512181e-05,-2.52902443676665e-07,0.999999999999968,0.000113475262959034,-3.59664747730579e-06,-0.00217486372681621,0.000482070724313776
8.97055679358382,-1.46443694800029e-05,-2.55592464304618e-07,0.999999999999967,-9.2847288251518e-07,-3.14725822256511e-06,0.000155108749867844,0.000477846781280127
8.97429860036608,-6.46411278347747e-06,-1.12820051291937e-07,0.999999999999994,3.81560089338548e-05,-5.55190050447383e-06,-0.00064264202344947,0.000922894406455953
8.97785356210129,-3.0978507422217e-05,-5.40676951871162e-07,0.999999999999854,-0.000120354853989322,3.64057970084207e-06,0.00258581692012608,-0.000375407766554679
8.9814085238365,-0.000103475825017007,-1.80599384276331e-06,0.999999999998369,-0.000355929820104547,2.98924376097769e-05,0.00738456834820418,-0.00427450951817211
8.98434627657768,-7.05794299434391e-05,-1.23184343669338e-06,0.999999999999241,0.000195438641933116,1.85767391933559e-05,-0.00385182124343581,-0.00256993015182348
8.98722892278515,-3.11690994813316e-05,-5.44003410830866e-07,0.999999999999852,0.000238614098420681,4.93418615662513e-06,-0.00473264911987715,-0.000468830009253755
8.99048207048386,-6.52666941809817e-06,-1.13911870535035e-07,0.999999999999994,0.000132207812288218,-3.41223129621136e-06,-0.00256564356305323,0.000845172606504219
8.99373521818256,8.65242788273335e-06,1.51013354845058e-07,0.999999999999989,8.1436580787829e-05,-8.39714607903668e-06,-0.00153233583117487,0.00166960928568074
8.99706277810611,2.77214705015912e-06,4.8383093374725e-08,0.999999999999999,-3.08424983556099e-05,-5.88726916525742e-06,0.000754269486182655,0.00137341500724784
9,-2.62137305652344e-05,-4.57515907593999e-07,0.999999999999895,-0.000172237242961195,4.78704007589016e-06,0.00363415146242612,-0.000193988342113631
9.0035095418855,-5.79597550416865e-05,-1.01158855912664e-06,0.999999999999488,-0.000157876061779569,1.65099454237847e-05,0.00334029503860231,-0.00190762702291626
9.00691612765755,-7.41360764278667e-05,-1.29391862817607e-06,0.999999999999163,-8.28777221363649e-05,2.26783089502945e-05,0.00181071722224644,-0.00282021033295098
9.01023719731909,-3.45055375430025e-05,-6.02235240295872e-07,0.999999999999819,0.000208271267504295,8.98494499143306e-06,-0.00412317878104416,-0.000742153502619197
9.01293084569863,-7.85481666935287e-06,-1.37092413020742e-07,0.999999999999991,0.000172681345794415,-1.70636211479342e-07,-0.00339895187228952,0.00072317994223484
9.01562449407817,-1.33631658891005e-05,-2.33231243254996e-07,0.999999999999973,-3.56909353739883e-05,2.10794064547863e-06,0.000845907310794125,0.000437556103624856
9.01915278480037,-9.96485860309191e-06,-1.73919592119636e-07,0.999999999999985,1.68103072578723e-05,1.31387328533002e-06,-0.000225057236681569,0.000621685085493982
9.02402634012432,-4.57098067885644e-05,-7.9778662891082e-07,0.999999999999682,-0.000128010660662055,1.45921003028749e-05,0.00272454627780785,-0.00112473787627334
9.02612972100613,-2.8559681301717e-05,-4.98460472035201e-07,0.999999999999876,0.000142307158662418,8.73311074360838e-06,-0.00278551051306309,-0.000372135057047738
9.02823310188794,-2.27311155006168e-05,-3.96732808136871e-07,0.999999999999921,4.83638815860338e-05,6.89966197532199e-06,-0.000871667506412776,-8.83006386341644e-05
9.0316364560786,-2.78828833911556e-05,-4.86648120125289e-07,0.999999999999882,-2.64196163406221e-05,9.11603302040019e-06,0.000651231379667203,-0.000374376655216936
9.03626612222249,-8.16748526823064e-05,-1.42549509538709e-06,0.999999999998984,-0.000202789347240958,2.87623134972255e-05,0.0042435631136749,-0.00330858935165543
9.03930349752844,-2.25981477114607e-05,-3.94412082417001e-07,0.999999999999922,0.000339465133251889,8.08670424251471e-06,-0.00680706438029038,-0.00015592729323055
9.04234087283439,8.12806343947589e-06,1.41861468829829e-07,0.99999999999999,0.00017655821135972,-2.50945569579128e-06,-0.00348859092834078,0.00150843057460348
9.04530184154713,2.22492694490671e-06,3.88323008049606e-08,0.999999999999999,-3.47957638260011e-05,-9.0247005813137e-08,0.00081703284454331,0.00120953555501136
9.04857838922348,-7.89340479913213e-06,-1.37765902937577e-07,0.999999999999991,-5.38976450785376e-05,3.85851805405882e-06,0.00120516026315756,0.000676338768583934
9.05177828100424,-3.05840579850862e-05,-5.33792510460591e-07,0.999999999999858,-0.000123762500314413,1.22666182286589e-05,0.00262762016676373,-0.00054664141082975
9.05497817278501,-4.44056164798318e-05,-7.75024213950842e-07,0.9999999999997,-7.53874568322487e-05,1.75169207652614e-05,0.00164077503125651,-0.00130938176207673
9.05836078937874,-4.67921080172657e-05,-8.16676348850031e-07,0.999999999999666,-1.23135843939201e-05,1.87157421192238e-05,0.00035440651363906,-0.00146877846955756
9.06226063300429,-1.09711154619057e-05,-1.91482087426712e-07,0.999999999999982,0.00016031264877602,6.37490877832883e-06,-0.00316444312281115,0.000358280517042567
9.06468434935344,-5.50384188992616e-06,-9.60601624883987e-08,0.999999999999995,3.93700875813052e-05,4.67637973974613e-06,-0.000700795305184004,0.000732298507778061
9.06710806570259,-1.49592147387057e-05,-2.61087550703274e-07,0.999999999999966,-6.8088573265881e-05,8.28256446778672e-06,0.00148787407788204,0.000235590415612141
9.07069880085021,-1.05031387240899e-05,-1.83314352529083e-07,0.999999999999983,2.16594081648116e-05,7.05485313186121e-06,-0.000341910858208743,0.000472577170726847
9.07574550377245,8.01818154641408e-07,1.39943668007576e-08,1,3.90965591535711e-05,3.52977406589893e-06,-0.000698491494402828,0.00121835765560784
9.07787663261249,-2.01129132756979e-05,-3.51036558828998e-07,0.999999999999938,-0.000171285245064593,1.11734792066563e-05,0.00358669311641844,-3.88083479960712e-05
9.08000776145253,-1.97086281954567e-05,-3.43980453062101e-07,0.999999999999941,3.31097099074458e-06,1.12344530461059e-05,2.86110526515725e-05,-4.16051473873736e-05
9.08356178528669,-2.59609330987127e-05,-4.53103759462494e-07,0.999999999999897,-3.07041571729279e-05,1.37963842314713e-05,0.00072085368723206,-0.000384829755424423
9.0883331356421,-0.000106910160643731,-1.86593430706808e-06,0.999999999998259,-0.000296107064534376,4.30327079148906e-05,0.00612747367215361,-0.00477763578055691
9.09149715635518,-3.2936724788436e-05,-5.7485429238141e-07,0.999999999999835,0.000408050430690933,1.70176985127533e-05,-0.0082221362504309,-0.000855386335128819
9.09466117706826,3.91562098445075e-05,6.8340478438842e-07,0.999999999999767,0.000397677256526137,-8.33136372861773e-06,-0.00801166128166312,0.00302698092930629
9.09732560751467,8.65269156228061e-06,1.51017956921328e-07,0.999999999999989,-0.000199812619685403,2.75877842888648e-06,0.00416229373614846,0.00143701915632815
9.10013032329925,-9.68268561544475e-06,-1.68994744425004e-07,0.999999999999986,-0.000114098085484029,9.53155250931513e-06,0.0024147808907011,0.000456751744133893
9.10438940079777,-2.7616820508122e-05,-4.82004446799004e-07,0.999999999999884,-7.34923707029216e-05,1.62878603433396e-05,0.0015863312739356,-0.000460131799606516
9.10699260774135,-3.29538863652778e-05,-5.75153818402133e-07,0.999999999999835,-3.57825457683125e-05,1.84139118719125e-05,0.000816704770173517,-0.000800144899545958
9.10959581468494,-2.34633150699346e-05,-4.09512101403152e-07,0.999999999999916,6.36298690764191e-05,1.52648135385323e-05,-0.00120969957503495,-0.0003080550701019
9.11338140792424,-2.74287174728443e-05,-4.78721429500413e-07,0.999999999999885,-1.82822938763403e-05,1.70002346570506e-05,0.00045842778365609,-0.000539474424192461
9.11694466310083,-8.17645894392875e-06,-1.42706129725695e-07,0.99999999999999,9.43000944703778e-05,1.04554828461497e-05,-0.00183673396558693,0.00047041973224836
9.12050791827743,4.14153649175727e-05,7.2283447872653e-07,0.999999999999739,0.000242907275947605,-6.88286779189046e-06,-0.00486587397723802,0.00312970138066924
9.12367673710113,3.09431517322325e-05,5.40059878671618e-07,0.999999999999854,-5.76790943955502e-05,-2.89612769693793e-06,0.00125811550509842,0.0026058726299537
9.12685197695954,-1.26226581361624e-05,-2.20306944829682e-07,0.999999999999976,-0.000239467522898334,1.2857396832787e-05,0.0049613651982868,0.000283344304408133
9.1297295394282,-3.58079420058227e-05,-6.24966486364748e-07,0.999999999999805,-0.000140625806022313,2.1335652311149e-05,0.00294633238051132,-0.000993805066121741
9.13260710189686,-3.05756734425665e-05,-5.3364617258735e-07,0.999999999999858,3.17353019341699e-05,1.97051785073744e-05,-0.000566616301655095,-0.000736127122084355
9.13609085014939,-2.96227010157212e-05,-5.1701366605818e-07,0.999999999999866,4.77431356215128e-06,1.96419286619964e-05,-1.81556877228711e-05,-0.00070763995118314
9.13947087307042,-5.93169954355239e-06,-1.03527687274034e-07,0.999999999999995,0.000122332300237348,1.14806475415985e-05,-0.00241456383908739,0.00054611292119424
9.14285089599145,2.617715617824e-05,4.56877564119047e-07,0.999999999999896,0.000165799245888799,3.22524983591017e-07,-0.00330119730508155,0.00227491204729633
9.14604675614332,1.91794469862474e-05,3.34744498621714e-07,0.999999999999944,-3.82160231341249e-05,3.05511677986949e-06,0.000855041105186782,0.00192608612353074
9.14947158639952,-1.46644631918888e-05,-2.55943165735973e-07,0.999999999999967,-0.000172472099394966,1.5349546609519e-05,0.00358979245975873,0.000140098887732977
9.15221416044054,-3.35809282238446e-05,-5.86097763381946e-07,0.999999999999828,-0.000120381288784723,2.22810220045174e-05,0.00252736126402268,-0.000919702613334672
9.15495673448156,-2.55347170998185e-05,-4.45664886957116e-07,0.999999999999901,5.12047712565716e-05,1.96215814303422e-05,-0.000969687794894373,-0.000508809516647501
9.15852596901815,-2.70161768076467e-05,-4.71521236594348e-07,0.999999999999889,-7.24422824338997e-06,2.04084030635252e-05,0.000220445483511178,-0.00060771965292129
9.16206604158938,-5.47708650834169e-06,-9.55931929871222e-08,0.999999999999995,0.000106192185624266,1.30026461436843e-05,-0.0020919788424765,0.00052454868649307
9.16560611416061,4.59024101250908e-05,8.0114819128353e-07,0.999999999999679,0.000253311582242398,-5.01877190429128e-06,-0.0050906916978041,0.00328192524224665
9.16872389375499,2.99479971302742e-05,5.22691154301074e-07,0.999999999999863,-8.93126112842089e-05,8.7379053614867e-07,0.00188998685188187,0.00246378175523226
9.1718824964097,-1.11942533387348e-05,-1.95376578063289e-07,0.999999999999981,-0.000227337152171703,1.57241874504012e-05,0.00470157171941049,0.000269210467909651
9.17480586997838,-3.45012407410617e-05,-6.02160246954698e-07,0.999999999999819,-0.000139148712723277,2.42128134757507e-05,0.00290370896018417,-0.00101027676890228
9.17772924354706,-3.04339074949286e-05,-5.31171890033858e-07,0.999999999999859,2.4283026186366e-05,2.29638601407299e-05,-0.000427230152314585,-0.000815050492403054
9.18120385038654,-2.86987197808998e-05,-5.00887151283906e-07,0.999999999999875,8.71601886171936e-06,2.25786676853912e-05,-0.000110859292326884,-0.000745546893398296
9.18450759388037,-4.45462639013908e-06,-7.77478974541562e-08,0.999999999999997,0.00012807872482263,1.41741799599977e-05,-0.00254392864976052,0.000541796899878381
9.18781133737419,1.99803266045237e-05,3.48722484872751e-07,0.999999999999939,0.000129087013905416,5.69911757235454e-06,-0.00256529067813279,0.00186068371029821
9.19105892752323,1.68858805662957e-05,2.94714212980381e-07,0.999999999999957,-1.66302610285557e-05,7.00827225569167e-06,0.000403115732975847,0.00171735852717058
9.19463236945243,-1.4658707349461e-05,-2.55842707334384e-07,0.999999999999967,-0.000154069082756529,1.84533218379642e-05,0.00320280833130855,6.67115815453009e-05
9.19727905185208,-3.0889454134433e-05,-5.39122678789605e-07,0.999999999999855,-0.000107032098559363,2.43908695242476e-05,0.00224339259106289,-0.000859003693257097
9.19992573425174,-2.1959404109489e-05,-3.83263903486547e-07,0.999999999999927,5.88883559747743e-05,2.13787105378571e-05,-0.00113808856959294,-0.000399608874550985
9.20352585660283,-2.46679337409795e-05,-4.30536663443882e-07,0.999999999999907,-1.31308759389885e-05,2.25619102127407e-05,0.000328655406537915,-0.00056160620209364
9.2072866639746,-4.84684053203798e-06,-8.45933256031763e-08,0.999999999999996,9.19864549396802e-05,1.5739023173687e-05,-0.00181420805815722,0.000468644533904413
9.21024491360619,8.57891687710178e-06,1.49730345760335e-07,0.999999999999989,7.92102427265473e-05,1.1140096687806e-05,-0.00155461068490628,0.00120845379182405
9.21320316323777,2.97243039539975e-08,5.18786971860825e-10,1,-5.04391371152014e-05,1.43541275865555e-05,0.00108646371977343,0.000760025370404173
9.21690034958171,-5.343910608996e-06,-9.32688350592354e-08,0.999999999999996,-2.53672964536692e-05,1.64792445870909e-05,0.000574793046074248,0.0004918118903973
9.21978079854261,-2.51051974690515e-05,-4.38168355198283e-07,0.999999999999904,-0.000119738111947351,2.36714023273947e-05,0.00249688775532158,-0.00059032422335239
9.22266124750351,-2.35370981054873e-05,-4.10799858305662e-07,0.999999999999916,9.50146913349831e-06,2.32760622250479e-05,-0.000137249473159576,-0.000523684759163148
9.22634164937262,-2.92928396740078e-05,-5.11256499570237e-07,0.999999999999869,-2.72950196302446e-05,2.5527598229838e-05,0.000611763629316297,-0.00085415268838988
9.22986122912364,-4.74039524550656e-06,-8.27355048799742e-08,0.999999999999997,0.000121753454959041,1.69884345281329e-05,-0.00242618843889987,0.00043559561899136
9.23338080887466,5.61324955877886e-05,9.79696865367944e-07,0.99999999999952,0.000301863417057355,-4.47040510968891e-06,-0.00609698917366965,0.00370075781231505
9.2363818311581,3.14410298397192e-05,5.48749490920857e-07,0.999999999999849,-0.000143600191449657,4.47072533978727e-06,0.00297936156582479,0.00241765008396576
9.23938271168263,-5.85831132222739e-06,-1.0224682117973e-07,0.999999999999995,-0.000216935098475393,1.78934322903913e-05,0.00447292281079094,0.000421697338081949
9.24251673680762,-3.08203335340813e-05,-5.37916296732514e-07,0.999999999999855,-0.00013901275777202,2.69332273483805e-05,0.00288440414401407,-0.00092984480791891
9.24565076193262,-3.72866141889092e-05,-6.50774184517255e-07,0.999999999999788,-3.60105242566692e-05,2.93929489226625e-05,0.000784844242205429,-0.00130045376332868
9.24903267041625,-3.28320668831709e-05,-5.73027667346294e-07,0.999999999999836,2.29889476747735e-05,2.79789817127048e-05,-0.000418097419490553,-0.00109018790032766
9.2522946427797,-2.0387217985184e-06,-3.55824079163265e-08,0.999999999999999,0.000164760825521555,1.71895569372326e-05,-0.00330763831612337,0.000547672926460696
9.25555661514314,2.62010247470912e-05,4.5729414923324e-07,0.999999999999895,0.000151097710904201,7.30608587393562e-06,-0.00302990643760494,0.00207402162602608
9.25867258151459,1.67933470523114e-05,2.93099198492914e-07,0.999999999999957,-5.2694712062616e-05,1.08022325790602e-05,0.00112201040972658,0.00159222855894575
9.26210177677411,-7.76654846783175e-06,-1.35551842279385e-07,0.999999999999991,-0.000125000476302078,1.96997742877555e-05,0.00259464423438858,0.000299559442112253
9.26493456975117,-2.88395155736817e-05,-5.03344501440906e-07,0.999999999999873,-0.000129833934968138,2.73266605072496e-05,0.00269235566497879,-0.000863784587320371
9.26776736272823,-2.34883746170028e-05,-4.09949473008549e-07,0.999999999999916,3.29692389061778e-05,2.55544742089785e-05,-0.000625596827097353,-0.000596636577198857
9.2713316550263,-2.4968249598552e-05,-4.35778163954471e-07,0.999999999999905,-7.24651313246035e-06,2.62430642043517e-05,0.000193191225014061,-0.00069643733191816
9.27477633660155,-1.84208924233206e-06,-3.21505223942621e-08,0.999999999999999,0.000117174151730114,1.81728181600256e-05,-0.00234281336838554,0.000525044017126189
9.2782210181768,3.85266819271254e-05,6.72417449496882e-07,0.999999999999774,0.000204537910544067,3.96809565513194e-06,-0.00412366780342084,0.00269615445207609
9.28136840073944,2.75301990262378e-05,4.80492616737168e-07,0.999999999999885,-6.09791879252503e-05,8.01571744101351e-06,0.00128602789947762,0.00213837021092599
9.28465208355132,-8.17778717842313e-06,-1.4272931179086e-07,0.99999999999999,-0.000189793583677866,2.08553876206237e-05,0.0039101432492685,0.000243676654648382
9.28750023683236,-2.99106677316647e-05,-5.22039633387549e-07,0.999999999999864,-0.000133177636232341,2.87042668793391e-05,0.00275577838838812,-0.00095601793195196
9.2903483901134,-2.40224732669982e-05,-4.19271252981425e-07,0.999999999999912,3.60824612531022e-05,2.67284599938947e-05,-0.000693715081486335,-0.000660972092818287
9.29387067982646,-2.40646448213098e-05,-4.20007285454846e-07,0.999999999999912,-2.08964206065572e-07,2.68874855801799e-05,4.51483549737012e-05,-0.000683841320860863
9.29726373598001,-9.85311874985572e-07,-1.7196936377497e-08,1,0.000118716086869323,1.88160144398448e-05,-0.00237882038347338,0.000538269257280795
9.3,-7.34492927259862e-07,-1.28193199132958e-08,1,1.59985163427719e-06,1.88353386708536e-05,7.06226843157841e-06,0.000568668443993121
9.30331579742204,1.53116674587092e-06,2.67239011124948e-08,1,1.19257047378675e-05,1.81590392850552e-05,-0.000203962817904319,0.000695150615009495
9.30759055655535,1.19190474839519e-06,2.08026622296506e-08,1,-1.38516316315872e-06,1.84437555056804e-05,6.66040382032974e-05,0.000741637831315081
9.31005040192474,-1.95592511868062e-05,-3.41373332434369e-07,0.999999999999942,-0.000147235269001388,2.59159131432379e-05,0.00303765339502175,-0.000436089067966446
9.31251024729413,-1.46829098636317e-05,-2.56265120893922e-07,0.999999999999967,3.45990087830357e-05,2.42730508317639e-05,-0.000667872189007169,-0.000191508563187933
9.31622926237277,-2.0941660097421e-05,-3.65500919533505e-07,0.999999999999933,-2.93722387056488e-05,2.66349171355204e-05,0.000635078442495329,-0.000537777977190202
9.32127318347335,-5.54197044317909e-05,-9.67256312816694e-07,0.999999999999532,-0.000119303094018344,3.90761255324306e-05,0.00246657474390017,-0.00255013765099917
9.32335693271812,-1.49076799872137e-05,-2.60188099610543e-07,0.999999999999966,0.000339325000347207,2.47423504686914e-05,-0.00687883875648218,-0.000245606455982479
9.32544068196289,-1.09871078098312e-05,-1.91761206553135e-07,0.999999999999982,3.28383529011637e-05,2.34204719382754e-05,-0.000634375049556196,-1.78387794034684e-05
9.32901621947523,-3.99213860516984e-06,-6.96759628561876e-08,0.999999999999998,3.41445847724219e-05,2.10550100691942e-05,-0.000661568186858549,0.000350961281044414
9.33378449867515,9.45494308842003e-05,1.65019887481536e-06,0.999999999998638,0.000360690883558372,-1.38306580635333e-05,-0.0073161966130905,0.00565438197006701
9.33785879671462,0.000166035405556114,2.89786450183422e-06,0.999999999995801,0.000306228364968613,-3.91188557606377e-05,-0.00620676186477142,0.00985392122800488
9.33961730840187,3.25126134140405e-05,5.67452152503051e-07,0.999999999999839,-0.00132521857331663,8.42163414412191e-06,0.027034503239022,0.00236118029327025
9.34137582008912,-9.45595977283417e-07,-1.65037631972091e-08,1,-0.000332073946357567,2.03762753662662e-05,0.00679815852737033,0.000511291243254912
9.34447507229437,-1.30121757057974e-05,-2.27105308914181e-07,0.999999999999974,-6.79523742405182e-05,2.47648164316786e-05,0.0014159999815365,-0.000139826164992943
9.348657595504,-7.11495759241171e-05,-1.24179436127321e-06,0.999999999999229,-0.000242602133091197,4.55692905911843e-05,0.00497414434225049,-0.00325023284110688
9.35238840653059,-0.000157528533937915,-2.74939158305279e-06,0.99999999999622,-0.000404093697332176,7.64005109231929e-05,0.00826394585849129,-0.0079831104115654
9.35539868049546,-2.55843770864457e-05,-4.46531617230257e-07,0.9999999999999,0.000765000127130506,2.95646213180172e-05,-0.0155586800908142,-0.000935680420969539
9.35839530337407,4.09846636464507e-05,7.15317323452929e-07,0.999999999999744,0.00038771943876435,5.97710365872324e-06,-0.00787136674009226,0.00267846188393489
9.36096086088578,9.55062339254424e-06,1.66689823817887e-07,0.999999999999986,-0.000213843383799013,1.72295555348617e-05,0.00438596750405224,0.00103437871035073
9.36384501122044,-2.13957607918588e-06,-3.73426471787045e-08,0.999999999999999,-7.07426615543462e-05,2.14678831651306e-05,0.00146952382451691,0.000411812588251695
9.36819253633343,-1.56354641148071e-05,-2.72890328880801e-07,0.999999999999963,-5.41797173289395e-05,2.63870087709388e-05,0.00113147721472932,-0.00026375493160868
9.37078519699625,-2.32948884774457e-05,-4.06572502816304e-07,0.999999999999917,-5.15617704439208e-05,2.91803146099229e-05,0.00107738967888748,-0.000725336331082176
9.37337785765908,-1.48422846680364e-05,-2.59046735975505e-07,0.999999999999966,5.69013018001832e-05,2.6242657661132e-05,-0.00113306650226689,-0.000286951889018798
9.37716965623059,-1.95253346229781e-05,-3.40781376724607e-07,0.999999999999942,-2.15556388894526e-05,2.80062545274036e-05,0.000465108268018375,-0.000553337677501627
9.38085749381152,-5.57411046942651e-07,-9.72865805613793e-09,1,8.97687903556795e-05,2.13536744168378e-05,-0.0018039243769745,0.000437310064702279
9.38454533139245,7.56209515244148e-05,1.31983458759168e-06,0.999999999999129,0.000360526518988456,-5.64720094481899e-06,-0.00732160101119027,0.00451668430864226
9.38758895989815,4.86067273997348e-05,8.48347431744613e-07,0.99999999999964,-0.000154909561060212,4.03397164420004e-06,0.00318079968396562,0.0031212857946397
9.39049603903083,-1.59099082874822e-06,-2.77680283306897e-08,1,-0.000301373103410273,2.19551386741579e-05,0.00616466432870323,0.000429739034646936
9.39431111790504,-8.03056095275478e-05,-1.40159729407618e-06,0.999999999999018,-0.00036010507542387,5.0037740098617e-05,0.00736094910495479,-0.00375592506846593
9.39744456714633,-0.000100523455048485,-1.75446526607569e-06,0.999999999998461,-0.000112613272093449,5.72985383906271e-05,0.00231719033336892,-0.00491604645065137
9.40004774879543,-2.73505895426114e-05,-4.77357839880081e-07,0.999999999999886,0.000490594817552619,3.13331797609627e-05,-0.00997447052480663,-0.00100770822525836
9.40374492209519,6.36087451432671e-07,1.11018203581196e-08,1,0.000132117058259019,2.14601490653711e-05,-0.00267042680856472,0.000449378320099988
9.40647626989713,1.0349870327869e-05,1.80639314375778e-07,0.999999999999984,6.20710016854315e-05,1.80638030103945e-05,-0.00124346890299561,0.00100835716139368
9.40920761769907,-2.73400589395164e-08,-4.7717404618387e-10,1,-6.63102986347557e-05,2.18113204012402e-05,0.00137203961655314,0.000461755187721637
9.41289771469473,1.1068411866509e-06,1.93180230037392e-08,1,5.36441103667054e-06,2.14831747395406e-05,-8.89260260868927e-05,0.000532894413623468
9.41606219437639,-1.6789848016616e-05,-2.93038128799384e-07,0.999999999999957,-9.8706954452345e-05,2.79107620418553e-05,0.00203116718984272,-0.000431373047642972
9.41922667405805,-2.5822719381791e-05,-4.50691475030792e-07,0.999999999999898,-4.98196740352103e-05,3.11845192365636e-05,0.00103453253742793,-0.000931026286315632
9.42280739115796,-3.53808709595229e-05,-6.17512690466881e-07,0.999999999999809,-4.65887728021218e-05,3.46513561318343e-05,0.000968196257493606,-0.00147100481394828
9.42696950058187,9.79689431130372e-06,1.70988062202151e-07,0.999999999999985,0.000189447386495791,1.86600366013949e-05,-0.00384211895981832,0.000805323025697849
9.4291989283754,2.79197614260102e-06,4.87291763255186e-08,0.999999999999999,-5.48386838232404e-05,2.11919311532677e-05,0.00113567012989176,0.000563674543693577
9.43142835616894,-5.26484192292941e-06,-9.18888261521476e-08,0.999999999999996,-6.30735845696282e-05,2.40965860756813e-05,0.00130287014938602,0.000149586094578176
9.43488533605489,-4.88350583386722e-07,-8.52332558413342e-09,1,2.41151245649051e-05,2.24573552493703e-05,-0.000474180030081768,0.000404764412243151
9.43963274742701,4.48557969886911e-05,7.82881346058737e-07,0.999999999999694,0.000166702358319257,6.41054306179684e-06,-0.0033801183276077,0.00289436385761215
9.44216253841063,-8.94813816622172e-06,-1.56174472923936e-07,0.999999999999988,-0.000371198974563791,2.55858739938032e-05,0.00757980839370406,-3.81776788035766e-05
9.44469232939426,-1.13878622812964e-05,-1.98755691572293e-07,0.99999999999998,-1.68319117760956e-05,2.64934038772309e-05,0.000358737100931072,-0.000187501120134409
9.44829850425959,-1.93936827160295e-05,-3.38483617481825e-07,0.999999999999943,-3.87468525868771e-05,2.93960308554869e-05,0.000804904666759277,-0.000625009973402215
9.4528797097058,-6.80690559927406e-05,-1.18802914579742e-06,0.999999999999294,-0.000185441482223525,4.67744067484962e-05,0.00379340680025212,-0.00332034819216548
9.45530862628342,-7.97094033537369e-06,-1.39119153332291e-07,0.99999999999999,0.000431842740969842,2.54364535887755e-05,-0.00878496748564795,-3.97716894929554e-05
9.45773754286104,-5.21055329973653e-06,-9.09413109310573e-08,0.999999999999996,1.98351161358092e-05,2.44889923338992e-05,-0.000390075667319021,0.000121532771643532
9.46136505315405,2.69152988386867e-06,4.69760583893289e-08,0.999999999999999,3.80198423105872e-05,2.17283008156933e-05,-0.000761043055762862,0.000543489577702788
9.46603761516527,6.79116752542465e-05,1.18528233373148e-06,0.999999999999298,0.000243615017330717,-1.40472459596824e-06,-0.00495082255861107,0.00410683401140016
9.46863211871501,-6.68060218468171e-06,-1.16598504138622e-07,0.999999999999993,-0.00050178418063954,2.51558132654102e-05,0.0102372331940292,6.0554266225684e-05
9.47122662226474,-1.27899408730615e-05,-2.23226579370319e-07,0.999999999999975,-4.10976794549272e-05,2.73604569433711e-05,0.000849736234967093,-0.000290707286993016
9.47460330534742,-1.92755752684335e-05,-3.36422253650148e-07,0.999999999999943,-3.35227415508793e-05,2.97074108658512e-05,0.000695047140941315,-0.000648213388090929
9.47882712559717,-4.56560614135418e-05,-7.96848595158956e-07,0.999999999999682,-0.000109007087016995,3.91376732078327e-05,0.00223263817690506,-0.0021159895238325
9.48152994465648,-2.3829071722155e-06,-4.15895759245479e-08,0.999999999999999,0.000279433806947738,2.37781890945669e-05,-0.00568276446784225,0.000229763729750071
9.4842327637158,-3.419629735972e-08,-5.96837980918158e-10,1,1.51666600849198e-05,2.29720639602322e-05,-0.000298253459312159,0.000368910466785746
9.48773591164689,7.05936114245514e-06,1.2320909502319e-07,0.999999999999992,3.53413374026153e-05,2.04857492164689e-05,-0.000709737297044732,0.000753510320824628
9.49211860211056,2.41784590163936e-05,4.21993717894565e-07,0.999999999999911,6.81737908137178e-05,1.44414663207483e-05,-0.00137912612031966,0.00175088777987309
9.49443316965886,-8.87722233116314e-06,-1.54936758110363e-07,0.999999999999988,-0.000249260591434745,2.62189878113673e-05,0.0050884328259372,-9.61597125135767e-05
9.49674773720716,-8.33300591473319e-06,-1.45438389800256e-07,0.999999999999989,4.10373346722294e-06,2.60467880163447e-05,-7.43982586073475e-05,-8.28291976574104e-05
9.50053365012937,-1.58747958716262e-05,-2.77067456041877e-07,0.999999999999962,-3.4768117742323e-05,2.87626303564723e-05,0.000717354676647256,-0.000492492747537408
9.50552701680464,-0.000112581805601203,-1.96492318557992e-06,0.99999999999807,-0.000338019584642079,6.31967777214799e-05,0.00689597812545331,-0.00578004476392667
9.50797032210987,-1.24068850773549e-05,-2.16540994516392e-07,0.999999999999977,0.000715580728827726,2.75905820689913e-05,-0.0145729621166373,-0.000342457432111954
9.5104136274151,-3.99187116191851e-06,-6.96712950908897e-08,0.999999999999998,6.01110713062148e-05,2.46168208560512e-05,-0.00121710586334635,0.000127891062804281
9.51384074196903,3.52122420315166e-06,6.14569560459101e-08,0.999999999999998,3.82619982709131e-05,2.19701746771967e-05,-0.000772266621732062,0.00053015588511045
9.51819704400245,4.99398787932213e-05,8.71615312988494e-07,0.99999999999962,0.000185973872042565,5.49240726367104e-06,-0.00378251261898288,0.00305518097339405
9.52123107755203,-6.72910811984131e-06,-1.17445092413916e-07,0.999999999999993,-0.00032598861853018,2.56659787686885e-05,0.00664909308857031,1.88204523796473e-05
9.52426511110162,-3.42995349091088e-05,-5.98639816066647e-07,0.999999999999821,-0.000158599012103551,3.54898280224933e-05,0.00323788418725875,-0.0014863248763068
9.52724857729478,-2.83460086128702e-05,-4.94731180093235e-07,0.999999999999878,3.48281593441535e-05,3.33899976661199e-05,-0.000703822406697413,-0.00119306873836092
9.53057953801676,-1.82874663378076e-05,-3.19176499442367e-07,0.999999999999949,5.27039179694466e-05,2.98312286558225e-05,-0.00106839116619122,-0.000675343300261279
9.53358694286473,2.16076853635708e-06,3.77125253329299e-08,0.999999999999999,0.000118670096916543,2.25748241762111e-05,-0.00241284590750102,0.000425130773204666
9.5365943477127,6.26609773066436e-06,1.09364036651838e-07,0.999999999999994,2.38250301975102e-05,2.11296756547118e-05,-0.000480530089747328,0.000654221434935408
9.54022309286912,1.52359966632272e-05,2.65918306596182e-07,0.999999999999965,4.31428119627877e-05,1.79563491087562e-05,-0.000874496942928198,0.00114912660494308
9.54464135187389,-2.27115827429713e-05,-3.96391897203964e-07,0.999999999999921,-0.000149902982845733,3.14713208745772e-05,0.00305889078735033,-0.00072272079827877
9.54679948837597,-1.42322459293209e-05,-2.48399551420207e-07,0.999999999999969,6.85741358995303e-05,2.84631760316482e-05,-0.0013938621769391,-0.000425178232259246
9.54895762487806,-7.90070799499107e-06,-1.37893367751233e-07,0.99999999999999,5.12044458551054e-05,2.62191339696114e-05,-0.00103980543393249,-0.000110715551092283
9.55237012466947,-1.2859462042292e-05,-2.24439952673228e-07,0.999999999999975,-2.53616381573957e-05,2.7994075420191e-05,0.000520129394599861,-0.000382303275106606
9.55702820384218,-6.33277089409026e-05,-1.10527702876318e-06,0.999999999999389,-0.000189098777292287,4.59560416969037e-05,0.0038560886603097,-0.00313873593895791
9.55988395888541,-4.58290541817496e-06,-7.99867888546405e-08,0.999999999999997,0.000359025975403154,2.50715908943912e-05,-0.00731311001341283,2.07632929882951e-05
9.56273971392864,8.50082223663249e-06,1.48367337155985e-07,0.999999999999989,7.99627848165174e-05,2.04252527539918e-05,-0.00162700864397014,0.000741606369520647
9.56593253972355,1.19015270477059e-05,2.07720832997627e-07,0.999999999999978,1.85896443007721e-05,1.92223881378401e-05,-0.000376739820277903,0.00093414173895608
9.56968491578454,1.40626108900577e-05,2.45438861458314e-07,0.99999999999997,1.00517719566687e-05,1.84604100943833e-05,-0.000203065479331691,0.00108083222887568
9.57231799026619,-9.89954587093401e-06,-1.72779669900007e-07,0.999999999999985,-0.000158832776767987,2.69858468225046e-05,0.00323782589042448,-0.000231681206690078
9.57495106474785,-9.10751550141399e-06,-1.58956132176096e-07,0.999999999999987,5.24996076647955e-06,2.67071862511957e-05,-0.00010583087309164,-0.000201455887969575
9.57885083925273,-1.90901394847825e-05,-3.33185788674422e-07,0.999999999999944,-4.46768540797356e-05,3.02607404672714e-05,0.00091122043380464,-0.000747127648863544
9.58384221585669,-5.61480432568271e-05,-9.79968223383677e-07,0.99999999999952,-0.000129579970823265,4.34411559622427e-05,0.00264063735132857,-0.00294577337713496
9.58585209468398,-1.24751835107785e-05,-2.17733027053589e-07,0.999999999999976,0.000379244353431795,2.79107081189663e-05,-0.00772705679190099,-0.000425623020507792
9.58786197351126,-6.16805167939312e-06,-1.07652810238575e-07,0.999999999999994,5.47695788027545e-05,2.56677559032954e-05,-0.00111596390052026,-6.2098468954611e-05
9.59127167170446,7.45790568505723e-07,1.30165009507452e-08,1,3.53900270206146e-05,2.32080440742455e-05,-0.000721386964382575,0.000305011336199871
9.59585315138083,7.77865162429336e-05,1.35763082209482e-06,0.999999999999078,0.000293489094381052,-4.19330677927363e-06,-0.00598089542878859,0.00444443374441464
9.59989324588008,0.000168764672156693,2.94549919017883e-06,0.999999999995662,0.000393027531505428,-3.65511421447515e-05,-0.00800917784757409,0.00957955491150947
9.60192348370394,1.96535271080349e-05,3.43018757665162e-07,0.999999999999941,-0.00128185988948458,1.64747921773453e-05,0.0261180900577132,0.00135568093779549
9.60395372152779,-1.40338191294613e-06,-2.44936350438463e-08,1,-0.000181019380286521,2.39604137936524e-05,0.00368706637633355,0.000190404304493338
9.60726148842746,-9.4240277230737e-06,-1.6448031256686e-07,0.999999999999986,-4.23205992952416e-05,2.68075157988302e-05,0.00086073235857748,-0.000241147960918618
9.61170851696863,-8.38398280510807e-05,-1.46328104379674e-06,0.999999999998929,-0.0002920603542809,5.326404683148e-05,0.00594926045284819,-0.00423164551240687
9.61557153262405,-0.000185012139102021,-3.2290709834824e-06,0.999999999994787,-0.000457101419511991,8.92351164555434e-05,0.00931165515044425,-0.00982698835619851
9.61798980816116,-1.64898192258588e-05,-2.87801638549894e-07,0.999999999999959,0.00121626725317375,2.92965945221793e-05,-0.0247856462233387,-0.000679159469792242
9.62040808369827,-1.52031481266469e-06,-2.65344991478396e-08,1,0.000108038614869456,2.39664760959702e-05,-0.00220409888964883,0.000155724293938784
9.62355024203667,3.92742421890271e-06,6.85464837424188e-08,0.999999999999998,3.02597681753715e-05,2.20198522395494e-05,-0.000619518065856841,0.00045079445070162
9.627605859858,2.93420189214682e-05,5.12114839362073e-07,0.999999999999869,0.000109371339993488,1.29685117585446e-05,-0.00223180311355122,0.00183135139480735
9.63205966685255,7.88109063026923e-06,1.37550980146273e-07,0.999999999999991,-8.40997060882818e-05,2.05865048714847e-05,0.00171044527126059,0.000938945913333484
9.63405863060868,-2.43906054694327e-06,-4.25696371996538e-08,0.999999999999999,-9.01069950835551e-05,2.42478661492121e-05,0.00183162964635907,0.00014601880605886
9.63605759436481,-4.05219316214678e-06,-7.07241126062617e-08,0.999999999999997,-1.40845352099314e-05,2.48134878908535e-05,0.000282957477296166,2.20922581989531e-05
9.63925599629782,-9.95102495007628e-06,-1.73678149326935e-07,0.999999999999985,-3.21892116366614e-05,2.68981108465229e-05,0.000651770165017834,-0.000298966939906822
9.64360717040569,-5.43538668929891e-05,-9.48653938473258e-07,0.99999999999955,-0.000178107280916481,4.26702064294934e-05,0.00362479073279386,-0.00269713676123919
9.64787875953273,-0.000121573506296018,-2.12185796805797e-06,0.999999999997749,-0.000274652827014113,6.65545887107685e-05,0.00559145123065419,-0.00654725490529604
9.649689210596,-3.02947014462673e-05,-5.28742286146029e-07,0.99999999999986,0.000879955119603322,3.40845474069194e-05,-0.0179347798803506,-0.00144138028181858
9.65149966165927,-9.50697416905793e-06,-1.65928001152112e-07,0.999999999999986,0.000200399940299483,2.66826307718783e-05,-0.00408843784028171,-0.000294823160128092
9.65489254161508,-4.32164233163068e-07,-7.542688778052e-09,1,4.66816729258879e-05,2.34374219606755e-05,-0.000956476165813892,0.000184659512721881
9.65941812118871,0.000105447584040351,1.84040752977652e-06,0.999999999998306,0.000408334488100743,-1.42426694133493e-05,-0.00832602559760928,0.00583441666371961
9.66216677692277,3.56803377861711e-05,6.2273937259239e-07,0.999999999999806,-0.000443004972247279,1.05536376604228e-05,0.00902124873860964,0.00214195594622786
9.66491543265683,1.17882741468832e-06,2.05744196990837e-08,1,-0.000219076163461047,2.28072824532897e-05,0.00445805003552106,0.000287550524178054
9.6692186338135,-7.06504511745626e-05,-1.2330829910153e-06,0.99999999999924,-0.00029133135195702,4.83261804573101e-05,0.00593021266609533,-0.00350371406707366
9.67172331154402,-2.85272519055244e-05,-4.97894472297206e-07,0.999999999999876,0.000293526192914662,3.33290442725648e-05,-0.005987651026712,-0.00131686855999606
9.67422798927454,-9.51033117810559e-06,-1.65986592013013e-07,0.999999999999986,0.000132515203948008,2.65493165875176e-05,-0.00270682635231999,-0.000307606756711002
9.67817207196666,-1.04754569001377e-05,-1.82831213558161e-07,0.999999999999983,-4.27085912240536e-06,2.68656034324232e-05,8.01927519262607e-05,-0.000378769670149586
9.68115864367881,4.05885589648647e-06,7.08403992576749e-08,0.999999999999997,8.49373921890892e-05,2.16756788320897e-05,-0.0017377532169134,0.000406086848001157
9.68414521539096,5.33013272666287e-06,9.30283656485699e-08,0.999999999999996,7.42924280057293e-06,2.12020420266054e-05,-0.000158588793819098,0.0004813291611318
9.68801884012816,1.67598556923455e-05,2.92514663990538e-07,0.999999999999957,5.14986122497963e-05,1.71084833745199e-05,-0.00105677728995782,0.00111095312709645
9.6913783153775,-1.11726643589467e-05,-1.9499977928384e-07,0.999999999999981,-0.000145116247952607,2.70167038673876e-05,0.00294933576153116,-0.000373787655248517
9.69473779062684,-5.22278490532286e-05,-9.11547927213315e-07,0.999999999999585,-0.00021329168835806,4.15910037911096e-05,0.00433826679525913,-0.00259016625462903
9.69779204391978,-3.93297218144685e-05,-6.86433139555861e-07,0.999999999999764,7.37053433578051e-05,3.69791118508376e-05,-0.00150999000342873,-0.00193537518074147
9.70097528285707,-1.16046355107375e-05,-2.02539098156222e-07,0.999999999999979,0.00015201310706878,2.70926415958355e-05,-0.00310578955892656,-0.000468397941547606
9.70398720494884,1.21590635397701e-05,2.12215692728183e-07,0.999999999999977,0.000137704355639662,1.8616026576663e-05,-0.00281435401079176,0.000817523656102993
9.70699912704061,1.34857395630827e-05,2.35370557442253e-07,0.999999999999972,7.68773693626403e-06,1.81183664200885e-05,-0.000165230089428264,0.000903058211670582
9.71047576455486,1.37732666090586e-05,2.40388851083065e-07,0.999999999999971,1.44343309310963e-06,1.79856290606956e-05,-3.81798099021938e-05,0.00093526027297159
9.71384734209619,-1.37495972054517e-05,-2.39975742058141e-07,0.999999999999971,-0.000142474728002841,2.77435714082713e-05,0.00289417705153294,-0.000529681479954023
9.71721891963752,-5.2476304031698e-05,-9.15884284630576e-07,0.999999999999581,-0.000200472489298381,4.14852398571269e-05,0.00407573851718165,-0.00262297009110908
9.72030059988831,-3.83583885401627e-05,-6.6948017578505e-07,0.999999999999776,7.99577142314617e-05,3.64353244642923e-05,-0.00163868895597976,-0.00190184171488357
9.72356766742207,-8.53647845286102e-06,-1.48989655527976e-07,0.999999999999989,0.000159314282572615,2.57982243167548e-05,-0.00325585560678576,-0.000326524913748925
9.7264947557288,1.42718809988291e-05,2.49091313882383e-07,0.999999999999969,0.000135998961321058,1.7658403290319e-05,-0.00278085939796188,0.000916528878449128
9.72942184403553,1.12480124876203e-05,1.9631485221441e-07,0.999999999999981,-1.80303619629859e-05,1.87050288712667e-05,0.000357565427233989,0.000768964944139977
9.73292874040457,1.1075216376136e-05,1.93298991134367e-07,0.999999999999981,-8.59980097122945e-07,1.87313906737689e-05,7.51713188189093e-06,0.000774699355232273
9.73626136826559,-1.35599065149949e-05,-2.36665014949289e-07,0.999999999999972,-0.000129016507096923,2.74586033362889e-05,0.00261871802866979,-0.000539849408246738
9.73959399612662,-4.19277745626801e-05,-7.31777714152628e-07,0.999999999999732,-0.000148565252362366,3.75126236704706e-05,0.00301684459034737,-0.00207757521494596
9.74279670476089,-3.6156632300681e-05,-6.31052280079775e-07,0.999999999999801,3.1450077286211e-05,3.54262246127822e-05,-0.000651448288291348,-0.001800285499331
9.74627137522205,-4.99305022775257e-06,-8.71451661917349e-08,0.999999999999996,0.000156534877182668,2.43057979071126e-05,-0.00320042629365025,-0.000169487274352141
9.74899697402101,1.39148453772188e-05,2.42859866738379e-07,0.99999999999997,0.000121076158771177,1.75520119843874e-05,-0.00247790904710108,0.000883900068854619
9.75172257281998,6.08494788224916e-06,1.06202375357504e-07,0.999999999999994,-5.01385205455508e-05,2.030670791128e-05,0.0010106754992473,0.000477412947406523
9.7553030992942,8.19935740857298e-06,1.43105783327388e-07,0.99999999999999,1.0306698815264e-05,1.95148514346911e-05,-0.000221156436711178,0.000600772493560235
9.75889373888781,-1.29565484851594e-05,-2.26134430760313e-07,0.999999999999974,-0.000102834106420835,2.69981223091213e-05,0.00208410526296117,-0.000517396340355016
9.76248437848141,-7.35617044767226e-05,-1.28389394649751e-06,0.999999999999176,-0.000294588049889846,4.85103227845113e-05,0.00599118901092162,-0.00377586920891202
9.7655592806544,-5.18249191913364e-05,-9.04515474468695e-07,0.999999999999591,0.000123379037993947,4.07437812719835e-05,-0.00252578491138626,-0.00265993043383435
9.76861520186383,-8.12647768375777e-06,-1.41833792171415e-07,0.99999999999999,0.000249575047924464,2.51668210083011e-05,-0.00509730428114578,-0.000329735057552739
9.77234672331674,7.78161748627158e-05,1.35814846266162e-06,0.999999999999078,0.000401976050188302,-5.44246166590277e-06,-0.00820289607348712,0.0042453628681069
9.77536111153461,7.13563459816366e-05,1.24540317957146e-06,0.999999999999225,-3.74023765160652e-05,-3.18117136465146e-06,0.000750165585125392,0.00396986096078689
9.77798556651674,1.19004245171774e-05,2.07701590209801e-07,0.999999999999978,-0.000395396985822968,1.79316068288732e-05,0.00804463339523374,0.000787612984918986
9.78211541278266,-2.77333544825338e-05,-4.84038348342924e-07,0.999999999999883,-0.000167497745439273,3.1976248104263e-05,0.00340076612325281,-0.00126195799805103
9.78456879452778,-1.92496330857683e-05,-3.35969477147487e-07,0.999999999999944,6.03529685057347e-05,2.89279869672719e-05,-0.00124247322825363,-0.000886004773070288
9.78702217627289,-7.28360101883117e-06,-1.27122819180217e-07,0.999999999999992,8.51260340479604e-05,2.46413813744878e-05,-0.00174722323638377,-0.000258988082436216
9.79070801581748,-1.120518955605e-05,-1.95567451063153e-07,0.999999999999981,-1.85696178726351e-05,2.5989037007627e-05,0.000365630575296258,-0.000478944862009567
9.79477361142312,4.19504603812798e-06,7.32173656380768e-08,0.999999999999997,6.61120393599454e-05,2.04594447022585e-05,-0.00136009402846337,0.000305312867076016
9.79755527942376,1.5673984723794e-05,2.73562640337495e-07,0.999999999999963,7.20234314997515e-05,1.6341001818239e-05,-0.00148056593492334,0.000953492189228402
9.80033694742441,6.75410885506922e-06,1.17881437559062e-07,0.999999999999993,-5.59668525296344e-05,1.94767375334239e-05,0.00112728611554618,0.000486510295323731
9.80405636358186,8.00375400252077e-06,1.39691859863662e-07,0.99999999999999,5.86393707541761e-06,1.89830097214243e-05,-0.000132743363769646,0.000568103525324906
9.80711246059249,-9.69932396022005e-06,-1.69285138323415e-07,0.999999999999986,-0.000101101829265248,2.52378932297748e-05,0.00204669010394222,-0.000387167681613612
9.81016855760313,-1.45984526682695e-05,-2.54791064757851e-07,0.999999999999968,-2.79787998014896e-05,2.6938806363857e-05,0.000556563855193115,-0.000662181200563106
9.8138555322336,-2.56274652918278e-05,-4.4728364828295e-07,0.9999999999999,-5.22088169346714e-05,3.08106911085748e-05,0.0010501522610753,-0.00127483585582561
9.81826853084064,1.8670533319181e-05,3.25862279523008e-07,0.999999999999947,0.000175197410343954,1.49946682084077e-05,-0.00358396281270373,0.000913315885940054
9.82039224569611,5.87434956174676e-06,1.02526741265567e-07,0.999999999999995,-0.000105162676468907,1.95168553023936e-05,0.00212937583515482,0.000397790340219859
9.82251596055157,-1.83285599805611e-07,-3.19893718810059e-09,1,-4.97833681304326e-05,2.16415864287004e-05,0.00100047853450735,9.71888953902653e-05
9.82587456535042,4.79974137262533e-06,8.3771290196504e-08,0.999999999999996,2.58947487404684e-05,1.98220874650906e-05,-0.000541742501003941,0.000365082050810541
9.8304591879428,5.28690311270137e-05,9.22738665505627e-07,0.999999999999574,0.000182995951881237,2.66171949451013e-06,-0.00374302739752082,0.00297759945431995
9.83350054075507,-1.50649562029698e-06,-2.62933087410567e-08,1,-0.000312042710210452,2.19560862719509e-05,0.00634400806759471,6.70381799359497e-05
9.83654189356734,-2.93370302678835e-05,-5.12027770931778e-07,0.999999999999869,-0.000159710001493793,3.18095568911291e-05,0.00323983149190269,-0.00144924812655969
9.8395426048951,-2.47059267551526e-05,-4.31199766633958e-07,0.999999999999907,2.69362812577126e-05,3.0118699813486e-05,-0.000563485418273674,-0.00122543647181569
9.84286995422211,-1.46217447058602e-05,-2.55197587503308e-07,0.999999999999967,5.28956120423561e-05,2.6483435228549e-05,-0.00109254070663176,-0.000705102587427692
9.84591008762785,6.98297279386915e-06,1.21875866830204e-07,0.999999999999993,0.000124031877555475,1.87550619398969e-05,-0.00254211649858883,0.00045772712576587
9.8489502210336,1.24850618903847e-05,2.17905437302479e-07,0.999999999999976,3.15872883376922e-05,1.6753148376335e-05,-0.000658495301482392,0.00076406796549787
9.85251001996802,2.00823212927149e-05,3.50502628001232e-07,0.999999999999939,3.72485056435064e-05,1.39980427148496e-05,-0.000773949796669826,0.00118805864502663
9.85680710626234,-1.58783275314259e-05,-2.77129095133442e-07,0.999999999999962,-0.000146059836863065,2.67229247690512e-05,0.00296128147834171,-0.000600394838268739
9.8590295507304,-1.16352539308861e-05,-2.03073490399573e-07,0.999999999999979,3.33216896071934e-05,2.51794077975331e-05,-0.000694513178485172,-0.000507472350876272
9.86125199519846,-4.36333814048021e-06,-7.61546169292264e-08,0.999999999999997,5.71077816766425e-05,2.25591944345907e-05,-0.00117897810298556,-0.000138781163140341
9.86472887850335,-9.29002705389815e-06,-1.62141559689871e-07,0.999999999999987,-2.47310407685415e-05,2.42579285389601e-05,0.000488579556863828,-0.00040751590565552
9.86948920222861,-5.84376958684192e-05,-1.01993020018283e-06,0.99999999999948,-0.000180195442579089,4.16627483053192e-05,0.00365622608269254,-0.00310862465184519
9.87205061083717,-7.28989638240044e-07,-1.27232694002111e-08,1,0.000393223840747609,2.10996516563904e-05,-0.0080280422968017,2.69509007292487e-05
9.87461201944573,2.57367668332798e-06,4.49191320058808e-08,0.999999999999999,2.25041804003501e-05,1.98851173859857e-05,-0.000474166545058378,0.000219549997085971
9.87815423357308,1.03878309185725e-05,1.81301851669556e-07,0.999999999999984,3.85021104767513e-05,1.70504181530332e-05,-0.000800261963573143,0.000641653492444737
9.88262659220426,5.04102389551215e-05,8.79824646483864e-07,0.999999999999613,0.000156186668471907,2.74647664582186e-06,-0.0031982993062122,0.00285689716680054
9.88509884377737,-2.5957973096186e-06,-4.53052097672553e-08,0.999999999999999,-0.000374205386827529,2.15577997289854e-05,0.00760898416963554,-3.95756403146589e-05
9.88757109535048,-4.36838001741254e-06,-7.62426142821759e-08,0.999999999999997,-1.25138577527453e-05,2.21485802644591e-05,0.000238964570555462,-0.000151022360053565
9.8912118093626,-1.22309925137957e-05,-2.13471090152511e-07,0.999999999999977,-3.76927370327318e-05,2.48863079360907e-05,0.000751975481324638,-0.000577411574289439
9.8958924075729,-7.08254622385759e-05,-1.23613751030975e-06,0.999999999999236,-0.000218490537792448,4.56486080092926e-05,0.00443582190574244,-0.00380368045076761
9.89834316199791,-2.50514318330863e-06,-4.37229967826274e-08,0.999999999999999,0.000486549978797338,2.13117505081882e-05,-0.00993035338535716,-8.06548080923669e-05
9.90079391642292,1.29512316047378e-06,2.26041633691024e-08,1,2.70639764942523e-05,1.99203301823931e-05,-0.000567751836574907,0.000139567586978608
9.90435369359307,8.95531583354674e-06,1.5629974685137e-07,0.999999999999988,3.75572899908923e-05,1.71377380856424e-05,-0.000781675920640202,0.00055159233867849
9.90891701062916,6.46495776128341e-05,1.12834798936733e-06,0.999999999999363,0.000213013523896926,-2.74417411167291e-06,-0.00435689916788141,0.00359814270568658
9.91158965203246,-2.19650709559908e-06,-3.83362808616218e-08,0.999999999999999,-0.000436528547672227,2.09844091051976e-05,0.00887832658268826,-2.09108205679178e-05
9.91426229343575,-8.71813289507396e-06,-1.52160123645465e-07,0.999999999999988,-4.25885203467622e-05,2.32591988842656e-05,0.000851139167515379,-0.000392578982706071
9.91759830163624,-1.45862157156206e-05,-2.54577489643718e-07,0.999999999999968,-3.07005738125666e-05,2.5290386769955e-05,0.000608867773584995,-0.0007163773308293
9.92171907154983,-3.21746259605371e-05,-5.61553158608986e-07,0.999999999999842,-7.44947365181218e-05,3.14761244070177e-05,0.00150111211418296,-0.00170925921426307
9.92432213618114,3.05197903429777e-06,5.3267082850333e-08,0.999999999999999,0.000236190924368329,1.89045275266578e-05,-0.00482953697313258,0.000212312215851467
9.92692520081245,3.09887076478954e-06,5.40854979393723e-08,0.999999999999999,3.14404444359796e-07,1.88439392684972e-05,-2.32757409984624e-05,0.00022665239658783
9.9306334359335,1.15921537699391e-05,2.02321250682909e-07,0.99999999999998,3.99747448327204e-05,1.57605402537411e-05,-0.000831500407635009,0.000686504619469977
9.93537436127217,4.90966200703469e-05,8.56897671828178e-07,0.999999999999633,0.000138069337605001,2.34240238871262e-06,-0.00283027824875717,0.00282273732429045
9.93749318574583,3.27831268028818e-06,5.72173501809089e-08,0.999999999999998,-0.000377416974169916,1.86003016545465e-05,0.00767307507908899,0.000255060752413557
9.9396120102195,-9.12634445798304e-07,-1.59284759462941e-08,1,-3.4521890338901e-05,2.00543323464191e-05,0.000686244051805876,1.23842344241555e-05
9.943319273559,-8.21200086704531e-06,-1.43326453306569e-07,0.99999999999999,-3.43644261800241e-05,2.25864997152797e-05,0.000683028729542541,-0.000378495168745435
9.94821691623401,-0.000133622243078998,-2.33214809562661e-06,0.999999999997281,-0.000446913298410151,6.71023956814597e-05,0.0090892494451133,-0.00713811630136409
9.95222318400636,-0.000197685716541924,-3.45026663781395e-06,0.999999999994048,-0.000279092313776014,8.98139766456354e-05,0.00566901222152727,-0.0109946927400497
9.95397091358871,-4.98267638676723e-05,-8.69641085104516e-07,0.999999999999622,0.00147655883311848,3.72012691078358e-05,-0.0301034599798685,-0.00269137578733681
9.95571864317106,-1.18258221918044e-05,-2.06399534002399e-07,0.999999999999979,0.000379487512142334,2.3656524936585e-05,-0.00774990840005457,-0.000593284079640997
9.95873580952984,1.55652856343523e-06,2.71665483332822e-08,1,7.74123977802971e-05,1.88445149715306e-05,-0.00159487724335835,0.000124643399428374
9.96282117226864,4.98830809498752e-05,8.70624003614073e-07,0.999999999999621,0.000206458400197901,1.58602816282252e-06,-0.00422446864871897,0.00270444128533704
9.9665885098033,0.000131959218579113,2.30312284256235e-06,0.999999999997348,0.0003802417027337,-2.7669256303487e-05,-0.00776550659376484,0.00718746581224281
9.96968859913326,1.57641103134965e-05,2.75135628618106e-07,0.999999999999962,-0.000654170573197267,1.35997029991402e-05,0.0133121839115153,0.000995988657405034
9.97276704161142,-6.67137074979479e-05,-1.16437385205136e-06,0.999999999999322,-0.000467609673035457,4.2877270188353e-05,0.00951051299380948,-0.00347145851764523
9.97528447591564,-2.31708596526037e-05,-4.04407791455433e-07,0.999999999999918,0.000301881188844383,2.73467857622451e-05,-0.00616917168406799,-0.00119361765491299
9.9780452831695,-8.00506492380005e-06,-1.39714739756219e-07,0.99999999999999,9.58752376971544e-05,2.19041176567181e-05,-0.0019714045947722,-0.000389472289581049
9.98224184538598,-2.40410943800861e-07,-4.19596252715208e-09,1,3.22928078360832e-05,1.90676870328789e-05,-0.000675893857285879,-1.2366858904395e-05
9.98498948490379,1.29803861802945e-05,2.26550477026508e-07,0.999999999999974,8.3979880933356e-05,1.43169175068387e-05,-0.00172903668594153,0.000726260124741376
9.9877371244216,6.50065267748765e-06,1.13457792750744e-07,0.999999999999994,-4.115994239514e-05,1.65722103081701e-05,0.000820811022228666,0.00038935249059383
9.99152133098621,1.08507930412303e-05,1.89382065021957e-07,0.999999999999982,2.00634587396175e-05,1.49572712211762e-05,-0.000426757646397382,0.000635681826787013
9.99488014872932,-9.99952270505344e-06,-1.74524594831111e-07,0.999999999999985,-0.000108343675568478,2.23120374275368e-05,0.00218968898251455,-0.000475389946766513
9.99823896647243,-3.62685766391125e-05,-6.3300607736437e-07,0.9999999999998,-0.000136500851668388,3.1593665867254e-05,0.00276336173904017,-0.00189730788177325
10,-6.47095376865023e-06,-1.12939449007282e-07,0.999999999999994,0.00029531898184541,2.09646164591042e-05,-0.00603568827154941,-0.000307812376728922
10.0038095079498,-1.77411140953729e-05,-3.09640853936228e-07,0.999999999999952,-5.16343337566746e-05,2.49037024420922e-05,0.0010340143753183,-0.000923179060926221
10.0085088601975,-3.07730761793871e-05,-5.37091500297317e-07,0.999999999999856,-4.84004250741048e-05,2.94520884293287e-05,0.000967875091609282,-0.00180226524490659
10.01060458733,-1.68855136901383e-06,-2.94707809783491e-08,1,0.000242216990679174,1.90712615813667e-05,-0.00495332941344115,-8.54076501612338e-05
10.0127003144625,-2.55423319418348e-07,-4.45797791022335e-09,1,1.19351430251707e-05,1.85235531228258e-05,-0.000261345310678588,1.46303280002737e-05
10.0161482733269,6.00496102359223e-06,1.04806341315613e-07,0.999999999999995,3.16895657754046e-05,1.62342336918688e-05,-0.000663963672699734,0.000349710337082219
10.0207918060406,7.67258663908896e-05,1.33911898996588e-06,0.999999999999103,0.000265813277255517,-9.00157516356871e-06,-0.00543461420685492,0.00416860119749371
10.0250552614041,0.000121628980957821,2.12282618355786e-06,0.999999999997747,0.000183819725261929,-2.50467956532644e-05,-0.00376343109556041,0.00697044032038193
10.0269034303155,2.85298713490589e-05,4.97940190211454e-07,0.999999999999876,-0.000879186952729866,8.02697332130483e-06,0.0178954254508217,0.00162347398306726
10.0287515992269,5.63779642758894e-06,9.83981102186009e-08,0.999999999999995,-0.000216182664651143,1.61340267927882e-05,0.0043865327576155,0.000339914267686925
10.0317684394579,-4.1992115462384e-06,-7.32900674696221e-08,0.999999999999997,-5.69099337534496e-05,1.95769547689761e-05,0.00114123643037648,-0.0001913571569281
10.0358760133386,-4.40865771466464e-05,-7.6945592714339e-07,0.999999999999704,-0.000169483466367221,3.36867926589551e-05,0.00343507829670588,-0.00232976158379179
10.0398456414462,-0.000129021674187273,-2.25185302100139e-06,0.999999999997465,-0.000373434753511155,6.38191654776202e-05,0.00759072940904489,-0.00699018134679882
10.0424939093831,-5.29331233791661e-06,-9.23857286330834e-08,0.999999999999996,0.000815426287597531,1.97679338650204e-05,-0.0166339783820181,-0.000305711787171247
10.04514217732,9.69528865758989e-06,1.69214709006204e-07,0.999999999999986,9.87817108653501e-05,1.43886095328135e-05,-0.00203126136037933,0.000531063668929405
10.0481800816196,1.1382488339822e-05,1.98661898599756e-07,0.99999999999998,9.69325781511186e-06,1.37323805781053e-05,-0.000216013702208107,0.000631566416212061
10.0519451348892,1.95907514060259e-05,3.41923114974855e-07,0.999999999999941,3.80502495228699e-05,1.07435171897955e-05,-0.000793843585811704,0.00109271583085229
10.0551750887984,-9.21077189731118e-06,-1.60758296258244e-07,0.999999999999987,-0.000155631140681102,2.09265226656174e-05,0.00315267826171745,-0.000445959730161172
10.0584050427076,-3.32193016609384e-05,-5.79786189196563e-07,0.999999999999832,-0.000129731849035796,2.94047649721373e-05,0.00262488027535714,-0.00175009578420121
10.0615852860848,-2.94380492295394e-05,-5.1379088441962e-07,0.999999999999868,2.07516522949576e-05,2.80006969211887e-05,-0.000441497044224853,-0.00157393094606489
10.0650807380451,-6.88813794116932e-06,-1.20220686404948e-07,0.999999999999993,0.000112594938360068,1.99157867163002e-05,-0.00231297992266202,-0.000400829676974211
10.0678542274786,1.47123312337564e-05,2.56778620673046e-07,0.999999999999967,0.000135929599199348,1.21823076037712e-05,-0.00278835715728551,0.000789654023852472
10.0706277169121,9.14708998469628e-06,1.59646837209147e-07,0.999999999999987,-3.50215083897603e-05,1.41098627650833e-05,0.000694992790683257,0.000505311418736347
10.0742100945542,1.19519593288919e-05,2.08601042353615e-07,0.999999999999978,1.36652832376348e-05,1.30455263760533e-05,-0.000297103347369133,0.000667618205658141
10.077819819068,-1.00935030982036e-05,-1.761648621239e-07,0.999999999999984,-0.000106591487247602,2.08184020090179e-05,0.0021533154686183,-0.000494079657406304
10.0814295435818,-7.97874007256996e-05,-1.39255284427112e-06,0.99999999999903,-0.000336975294792021,4.55367009991446e-05,0.00684769679674789,-0.00423638116465
10.084443245019,-5.0850268720895e-05,-8.87504614703388e-07,0.999999999999606,0.000167584029169792,3.51888491972458e-05,-0.00343360217240474,-0.00273696180442542
10.0874015131887,-6.97628595423464e-06,-1.21759159462029e-07,0.999999999999993,0.00025884923587565,1.95301295335059e-05,-0.00529320493122862,-0.000391430763098107
10.0912915806315,8.03862799943282e-05,1.40300525933062e-06,0.999999999999016,0.000391963491947643,-1.16125294525411e-05,-0.00800568613370955,0.00424524087829893
10.0944218593695,0.000100537750868542,1.75471477520494e-06,0.99999999999846,0.000112357251643167,-1.88374290457485e-05,-0.00230806908841121,0.00540510025475791
10.0969773120061,1.86910825460325e-05,3.26220931190305e-07,0.999999999999947,-0.000558998364351728,1.0222514606928e-05,0.0113717402689927,0.0010255795098164
10.1006719342062,-8.18685501050903e-06,-1.42887575316777e-07,0.99999999999999,-0.000126970629496621,1.97122148904993e-05,0.00256851709578006,-0.000377419180298794
10.1034032032667,-1.88086405288167e-05,-3.28272705051892e-07,0.999999999999946,-6.78750886976859e-05,2.34382181079815e-05,0.00136420218404689,-0.00098878230693185
10.1061344723271,-8.73008727789309e-06,-1.52368766985703e-07,0.999999999999988,6.44037383989451e-05,1.98025182318165e-05,-0.00133113940651798,-0.000462378236953301
10.1098162093097,-9.98694412868649e-06,-1.74305057258295e-07,0.999999999999985,-5.95813616678399e-06,2.01802428445994e-05,0.000102594132760813,-0.0005452275014576
10.11303747526,8.72889724752384e-06,1.52347997037561e-07,0.999999999999988,0.000101405180242415,1.34636106820674e-05,-0.00208509085130632,0.000456214787099054
10.1162587412103,2.12712848042831e-05,3.7125395596417e-07,0.999999999999931,6.79564998066326e-05,8.94255418857441e-06,-0.00140350302126231,0.00113999807994209
10.119761021121,2.90584628536171e-05,5.07165852364064e-07,0.999999999999871,3.88066916021696e-05,6.10740670230841e-06,-0.000809514818500214,0.00158184156453565
10.1237554663243,-1.29244838262848e-05,-2.25574796889423e-07,0.999999999999975,-0.000183439905159208,2.096363759705e-05,0.00371922260506639,-0.000559073514844625
10.1260762647939,-1.26833451336217e-05,-2.21366132748497e-07,0.999999999999975,1.81345523795368e-06,2.08336070811762e-05,-5.60283529902094e-05,-0.000657830786491035
10.1283970632635,-3.65491904513085e-06,-6.37903712313805e-08,0.999999999999998,6.7897218815586e-05,1.75789886555642e-05,-0.00140237011883969,-0.000192080193208993
10.1319221988051,-8.17745481241315e-06,-1.42723510909664e-07,0.99999999999999,-2.23915190626005e-05,1.91210273691459e-05,0.000437440970816104,-0.000439582106247988
10.1368028830016,-4.36619794825465e-05,-7.62045299908572e-07,0.99999999999971,-0.000126892411814528,3.16483319675389e-05,0.00256671075079506,-0.00243910795040721
10.1389172267933,-4.26042149920383e-06,-7.43583826838598e-08,0.999999999999997,0.000325248391445282,1.75962883584512e-05,-0.00664605428124027,-0.000244589491808181
10.1410315705851,-2.66672171659789e-07,-4.65430741890683e-09,1,3.2967238127196e-05,1.61362468504918e-05,-0.000690541204162437,-1.80418844356785e-05
10.1449706191225,7.70229712621987e-06,1.34430444819434e-07,0.999999999999991,3.53092252902082e-05,1.3228047413518e-05,-0.000738299975061227,0.000404751486920076
10.1488169632952,3.20787446000913e-05,5.59879713177915e-07,0.999999999999843,0.000110611336182174,4.48655242018324e-06,-0.00227267623510814,0.00172217347169585
10.1526633074679,4.17949856454483e-05,7.29460110336775e-07,0.999999999999734,4.40887215352848e-05,9.59158025918476e-07,-0.000917077161036161,0.0023172887933587
10.1549793027391,2.69304655184248e-07,4.70025292391315e-09,1,-0.000312936674110583,1.56833874491072e-05,0.00635762499454857,2.5273526430365e-05
10.1572952980102,-1.08137596824551e-06,-1.88735710978258e-08,1,-1.01787012759843e-05,1.6120131643206e-05,0.000188577325496802,-6.03713699965438e-05
10.1611356152029,-9.349349789073e-06,-1.6317693673996e-07,0.999999999999987,-3.75758976155087e-05,1.89883627690176e-05,0.000746873495580072,-0.000504784857160986
10.1661324364511,-0.000125481929118649,-2.19007281487283e-06,0.999999999997602,-0.000405637059534822,6.01952132044214e-05,0.00824661287421015,-0.00682392751628368
10.1686861928318,-7.81423111117524e-06,-1.36384061401783e-07,0.999999999999991,0.000804183503545108,1.83003807961674e-05,-0.0164051797282003,-0.000461162873398565
10.1712399492126,5.14724533653188e-06,8.98363785304047e-08,0.999999999999996,8.85834066386888e-05,1.36429857913047e-05,-0.0018237428753848,0.000260154015761421
10.1744734674406,1.13304581482772e-05,1.97753800446855e-07,0.99999999999998,3.33746137511249e-05,1.13833519586117e-05,-0.00069881586351728,0.000597408238919738
10.1784948254591,3.45095187285746e-05,6.02304725092237e-07,0.999999999999819,0.000100600573930858,3.06472155190237e-06,-0.00206861223705555,0.00186912186206013
10.1816678799491,-4.9954735737196e-06,-8.71874615577745e-08,0.999999999999996,-0.000217296043553455,1.70547944230552e-05,0.00440902383346222,-0.000239716214068587
10.184840934439,-3.54357691198738e-05,-6.18470844118291e-07,0.999999999999809,-0.000167435946732055,2.78209843803132e-05,0.00339300506539967,-0.00189123149996858
10.1878690429421,-2.69325554810096e-05,-4.70061769119646e-07,0.99999999999989,4.90104878499243e-05,2.47400627427732e-05,-0.0010174409650123,-0.00146252974099844
10.1911659437151,-9.96503541490092e-06,-1.73922678067859e-07,0.999999999999985,8.98234770900245e-05,1.86439478171808e-05,-0.00184904410090635,-0.000573132521702501
10.1941274985026,1.13929343994461e-05,1.98844216734055e-07,0.99999999999998,0.000125868647231107,1.09929070746209e-05,-0.00258345406098316,0.000584040888086601
10.1970890532901,1.25772607057386e-05,2.19514610196842e-07,0.999999999999976,6.97957490103361e-06,1.05164304548586e-05,-0.000160887322353562,0.000660366806209551
10.2006912482115,1.80938132256244e-05,3.15796615028036e-07,0.99999999999995,2.67287048402456e-05,8.4873407554185e-06,-0.000563292587911962,0.000972752746195978
10.2042171923253,-8.31493620499082e-06,-1.45123013870372e-07,0.999999999999989,-0.000130722329685089,1.78136348306094e-05,0.00264504875123445,-0.000419808825113187
10.2077431364391,-7.7615163484979e-05,-1.35464015228614e-06,0.999999999999083,-0.000343033553389096,4.23936823567591e-05,0.00697119600670484,-0.00414224749552856
10.2106763777918,-4.47304358225876e-05,-7.80693380956092e-07,0.999999999999695,0.000195669807672353,3.06436744171009e-05,-0.00400581013527136,-0.0024290104223088
10.2135928576072,-7.52565175244369e-06,-1.31347401438623e-07,0.999999999999991,0.00022264717077139,1.73578807309575e-05,-0.00455542109904185,-0.000440496428450125
10.2168314119316,1.69994757418894e-05,2.96696822808871e-07,0.999999999999956,0.000132171389260219,8.57555582124495e-06,-0.00271180410456879,0.000875675462697584
10.220069966256,3.05545784440151e-05,5.33277995406924e-07,0.999999999999858,7.30514757209268e-05,3.69474140426699e-06,-0.00150709666354539,0.00162056988011654
10.2234093369388,2.45608207542781e-05,4.28667189154297e-07,0.999999999999908,-3.1326503161441e-05,5.76448408199284e-06,0.000619800218158747,0.00132532513381649
10.2266663501508,-1.02233207429616e-05,-1.78430607452111e-07,0.999999999999984,-0.000186397093625001,1.80746942643167e-05,0.00377960093534261,-0.000530247883447345
10.2299233633627,-4.2948284998866e-05,-7.49588981315031e-07,0.999999999999719,-0.000175362621117635,2.9652481837529e-05,0.00355472539402658,-0.00230431418977061
10.2329583846137,-2.88314503015196e-05,-5.03203735886607e-07,0.999999999999873,8.11807315497366e-05,2.45756322798418e-05,-0.00167275585169183,-0.00157685657747569
10.2362775696222,-6.03497615030216e-06,-1.05330204102105e-07,0.999999999999994,0.000119870851058781,1.64068093464809e-05,-0.002461092982935,-0.000376658771463157
10.2392351070064,1.64341322723935e-05,2.8682971786152e-07,0.999999999999959,0.000132596775970397,8.36137515320658e-06,-0.00272031529884154,0.000845781169857769
10.2421926443907,1.50033027176008e-05,2.61857031095545e-07,0.999999999999966,-8.44374339913841e-06,8.81572324006513e-06,0.000153623784868431,0.000784503235439568
10.2457148482521,1.56829831141388e-05,2.73719691876392e-07,0.999999999999963,3.3679654124562e-06,8.50915347204097e-06,-8.70391891233265e-05,0.000838504378396271
10.2490520768554,-1.00362429168612e-05,-1.75165483429187e-07,0.999999999999985,-0.00013450836866805,1.75944926190298e-05,0.0027224203753789,-0.000531398293448624
10.2523893054588,-4.08354601770056e-05,-7.12713231655713e-07,0.999999999999746,-0.000161076094005376,2.84864133972423e-05,0.00326376226290308,-0.00219800951360504
10.2555549656647,-3.3077438019409e-05,-5.77310201563006e-07,0.999999999999833,4.27724459625787e-05,2.56690306048459e-05,-0.000889982692123943,-0.00181321007706919
10.2589682706448,-3.17388037492121e-06,-5.53946626068072e-08,0.999999999999998,0.000152906213185034,1.49713615441208e-05,-0.00313410876643653,-0.000242515348260556
10.2617558049017,1.73564649317288e-05,3.02927459565595e-07,0.999999999999954,0.00012854447305308,7.61907974234048e-06,-0.00263755746984794,0.000892335777101735
10.2645433391586,1.07115404361824e-05,1.86951648571891e-07,0.999999999999983,-4.16051607997472e-05,9.9313241029742e-06,0.000829494509313623,0.00055101478629831
10.268105756729,1.22403862463383e-05,2.13635041714431e-07,0.999999999999977,7.49024857846664e-06,9.32254907434613e-06,-0.000170888172595924,0.000646146217414211
10.2716005176296,-9.939762704585e-06,-1.73481586061944e-07,0.999999999999985,-0.000110770561646025,1.71469431791826e-05,0.00223889253869314,-0.000528970863862284
10.2750952785302,-5.57985426001962e-05,-9.73868286187588e-07,0.999999999999526,-0.000229024738142113,3.33923274669162e-05,0.00464849663535316,-0.00299895243235912
10.2782260788803,-4.21152020754951e-05,-7.35048941360072e-07,0.99999999999973,7.62806049954951e-05,2.8468791158851e-05,-0.00157261267326402,-0.00230569852116064
10.281442758806,-3.5236247297809e-06,-6.14988531393722e-08,0.999999999999998,0.000209392946694222,1.46855485340287e-05,-0.00428492823130177,-0.000257771733061076
10.284330949679,1.91273031620323e-05,3.33834417204579e-07,0.999999999999944,0.000136879204918755,6.57772233471932e-06,-0.00280723350912343,0.000983317359857296
10.2872191405519,1.42101227486366e-05,2.48013429076252e-07,0.999999999999969,-2.97144447522145e-05,8.27419266875265e-06,0.000587381654695297,0.000736170752353994
10.290717021646,1.34656425795394e-05,2.35019798909703e-07,0.999999999999972,-3.7147146564464e-06,8.47572666823614e-06,5.76160235482813e-05,0.000712056126582194
10.2940575966877,-1.0079156101416e-05,-1.75914459792184e-07,0.999999999999985,-0.000123013030261622,1.67888335110147e-05,0.00248852569958317,-0.000542771858877617
10.2973981717295,-3.74996750161051e-05,-6.54492797458845e-07,0.999999999999786,-0.000143262262240976,2.64802704297264e-05,0.00290112833796352,-0.00202761652943834
10.3,-9.69106316836605e-06,-1.6914096030674e-07,0.999999999999986,0.000186542610306602,1.65434962465761e-05,-0.00381915067021991,-0.00055097260716266
10.3036160068459,-4.54808002117157e-06,-7.93789710136172e-08,0.999999999999997,2.48235119892716e-05,1.46493093046295e-05,-0.000523833892648966,-0.000291741227533625
10.3067349919827,1.32567167844136e-05,2.3137335589241e-07,0.999999999999973,9.96325129096231e-05,8.26125330680345e-06,-0.00204812005112762,0.000668948410123171
10.3098539771195,1.72065304904597e-05,3.00310609903312e-07,0.999999999999955,2.21024631370577e-05,6.80069091996589e-06,-0.000468281291119369,0.000893658613728425
10.3134828782879,2.13880145736506e-05,3.73291274774726e-07,0.99999999999993,2.01109541112434e-05,5.24877196597195e-06,-0.000427655337521652,0.00114246425057525
10.3166242869158,-8.90206628851322e-06,-1.55370366965347e-07,0.999999999999988,-0.00016828808485418,1.59649658777406e-05,0.00341127028698673,-0.000480983652729759
10.3197656955438,-2.54970083461122e-05,-4.45006745048117e-07,0.999999999999901,-9.2199523330685e-05,2.18106342616616e-05,0.00186084304089982,-0.00138822478652565
10.3230044259306,-2.45246882269408e-05,-4.28036557585195e-07,0.999999999999908,5.23976541291932e-06,2.14070450128696e-05,-0.000124613413462113,-0.00135804430632515
10.3266922606571,-4.644486241973e-06,-8.10615769860068e-08,0.999999999999997,9.40863694640904e-05,1.42710654478686e-05,-0.00193500525219837,-0.000340402914847859
10.3293465579114,1.463201486984e-05,2.55376835679476e-07,0.999999999999967,0.000126752349277077,7.36875197485715e-06,-0.00260042972269312,0.000738236194519722
10.3320008551658,7.57673764029095e-06,1.32239018382862e-07,0.999999999999991,-4.63918715569387e-05,9.83093351625997e-06,0.000927620874937862,0.000373826412866103
10.3356258114858,1.1449780185941e-05,1.99836362874277e-07,0.99999999999998,1.86477680068612e-05,8.38947814568379e-06,-0.000397647652359514,0.000591188643243527
10.339481672328,-7.4985748452123e-06,-1.30874820256178e-07,0.999999999999991,-8.5768443589247e-05,1.5060380757735e-05,0.0017300682999443,-0.000392385146250842
10.342339124595,-1.97725713973565e-05,-3.4509647246952e-07,0.99999999999994,-7.49694595737287e-05,1.93749932355425e-05,0.00150995084945543,-0.00108127453356944
10.345196576862,-1.05963296827516e-05,-1.8494084159082e-07,0.999999999999983,5.60484011331791e-05,1.6061249889459e-05,-0.00115968458489201,-0.000603380884028617
10.3488912898233,-9.18568856486602e-06,-1.60320509519704e-07,0.999999999999987,6.66366571056831e-06,1.54946248698101e-05,-0.000153361039293787,-0.00054826142947047
10.3517025298966,6.41188759428706e-06,1.11908549788087e-07,0.999999999999994,9.68359343986629e-05,9.89836147671594e-06,-0.00199067431004341,0.000300842314350284
10.3545137699698,5.94838258250162e-06,1.03818861232936e-07,0.999999999999995,-2.87762280861611e-06,1.0014096307729e-05,4.11686046012834e-05,0.000283958830472998
10.3585032572498,1.78965730844984e-05,3.12354125148289e-07,0.999999999999951,5.22711940852442e-05,5.6953248565951e-06,-0.00108253796740901,0.000937032605503372
10.3622393052513,-2.47628636626145e-06,-4.32193503135086e-08,0.999999999999999,-9.51736903053426e-05,1.28758849894672e-05,0.00192196677611369,-0.000117438309354776
10.3650300948083,-1.81935370489152e-05,-3.17537124087138e-07,0.99999999999995,-9.82939659787432e-05,1.8416875353657e-05,0.00198545617680482,-0.000996317372459328
10.3678208843654,-9.60195665054911e-06,-1.67585758185848e-07,0.999999999999986,5.37308037157327e-05,1.53129108186356e-05,-0.00111221733906453,-0.000550544486440728
10.371434229218,-1.01327721366585e-05,-1.76850236139031e-07,0.999999999999984,-2.56396173936138e-06,1.54390871430989e-05,3.49195356686019e-05,-0.000594553234278168
10.374683155492,1.01148761105895e-05,1.76537891561103e-07,0.999999999999984,0.000108770743900014,8.18214004543872e-06,-0.0022336447446399,0.000488131109396397
10.377932081766,2.5671539508856e-05,4.48052888485331e-07,0.9999999999999,8.3570685828245e-05,2.59369420777129e-06,-0.00172009007479679,0.00133491039502324
10.3813535030657,3.05878331594466e-05,5.33858399683018e-07,0.999999999999857,2.50789083485046e-05,7.8660581639979e-07,-0.000528168919598121,0.00162423654200039
10.3852143331314,-7.35359309111184e-06,-1.28344411291809e-07,0.999999999999992,-0.000171518248592778,1.42143210415171e-05,0.00347793479557151,-0.000323614866140625
10.3876291476597,-1.32583176946863e-05,-2.31401297047698e-07,0.999999999999973,-4.26769362807932e-05,1.62724620805755e-05,0.000852297770658761,-0.00072957327227185
10.3900439621881,-3.76759483657733e-06,-6.57569347794121e-08,0.999999999999998,6.85950661321263e-05,1.28558591463906e-05,-0.00141485107617513,-0.000236866504406319
10.3936190805684,-8.04196617705261e-06,-1.40358788123589e-07,0.99999999999999,-2.08669603098137e-05,1.43150187192874e-05,0.000408143008898839,-0.000471993979512792
10.3986309508383,-2.28155341614478e-05,-3.98206191718497e-07,0.999999999999921,-5.14473419517859e-05,1.94831239485416e-05,0.00103117298551496,-0.0014044914860507
10.4007831676223,1.69276538629598e-06,2.95443294546586e-08,1,0.000198748808367252,1.07312130447105e-05,-0.00406646345702198,3.11625834907501e-05
10.4029353844063,1.53690746968467e-06,2.68240956444925e-08,1,-1.26392184577128e-06,1.07503171357582e-05,8.87647154759278e-06,4.13521044750653e-05
10.406529289909,8.08617376413406e-06,1.41130356072522e-07,0.99999999999999,3.1805583186265e-05,8.36044267837305e-06,-0.000664979770788236,0.000392572903363456
10.4113427861685,9.41872946215846e-05,1.64387840469186e-06,0.999999999998649,0.000312194705802899,-2.23412348195327e-05,-0.00637824895724582,0.00505620083078456
10.4144008592713,1.2356611190951e-05,2.15663549670871e-07,0.999999999999977,-0.000467030972453971,6.70968723655055e-06,0.00949974741603615,0.000690540318885657
10.417458932374,-3.92856479118137e-05,-6.8566390484033e-07,0.999999999999765,-0.000294737053111978,2.50242733005949e-05,0.00598893010355398,-0.00210793402196321
10.4202140213284,-2.21248143979195e-05,-3.86150857636333e-07,0.999999999999925,0.00010871265943301,1.88749608884149e-05,-0.00223198325499686,-0.0012244710648046
10.4232108197506,-8.93032373982095e-06,-1.55863552528888e-07,0.999999999999988,7.6844442857385e-05,1.41324448638706e-05,-0.00158252753654085,-0.000527421772721411
10.4277053172994,3.11380034618478e-05,5.43460682906611e-07,0.999999999999852,0.000155595642859039,-1.92693084386023e-07,-0.0031872612661783,0.00152370027196462
10.4300603475609,1.55499372643344e-05,2.71397603741191e-07,0.999999999999963,-0.000115524239160151,5.31245359575166e-06,0.00233761186427356,0.000778582447856867
10.4324153778225,4.56820603598914e-06,7.97302362374891e-08,0.999999999999997,-8.1386371390841e-05,9.17905697431288e-06,0.00164184870219277,0.000203511067619719
10.4360848493156,9.35758707726351e-06,1.63320704540321e-07,0.999999999999987,2.27799748438971e-05,7.41517156169372e-06,-0.000480691951400637,0.000465569222292652
10.4412769364698,2.41456518602779e-05,4.2142112500213e-07,0.999999999999911,4.97103405225689e-05,2.07145247672884e-06,-0.00102920442708015,0.00143528712431945
10.4433430372323,2.04144481754051e-06,3.56299335638568e-08,0.999999999999999,-0.00018672428685013,9.8977929564411e-06,0.00378797618284748,9.60366219573682e-05
10.4454091379948,6.24414285157625e-07,1.08980851724873e-08,1,-1.19703011780733e-05,1.03677508536435e-05,0.000227461267007027,-3.16234566597293e-06
10.4488876826598,-5.80264126743783e-06,-1.01275195428887e-07,0.999999999999995,-3.22471870873927e-05,1.25965681199406e-05,0.000640732685935317,-0.000348030017927547
10.4535625735287,-8.3154176267513e-05,-1.45131416265132e-06,0.999999999998947,-0.000288785129978287,4.0029399762674e-05,0.00586812236087921,-0.00452326419409503
10.4577677166612,-0.000138864090222533,-2.42363558716729e-06,0.999999999997063,-0.000231221956989047,5.9771584385345e-05,0.00469477114109334,-0.00789340866776017
10.4596112127799,-3.10896638069925e-05,-5.42616996770108e-07,0.999999999999853,0.00102035397379119,2.14148580326399e-05,-0.0208065132132965,-0.00177176716821771
10.4614547088986,-5.82539358923462e-06,-1.01672298356714e-07,0.999999999999995,0.00023918938257422,1.24003789931704e-05,-0.00488988229915708,-0.000363655089705601
10.4645050855855,4.33284829576325e-06,7.56224687504938e-08,0.999999999999997,5.81222535149323e-05,8.73847686660378e-06,-0.00120047538469353,0.000182831065162016
10.4686534487587,4.93858657802386e-05,8.61945961813056e-07,0.999999999999629,0.000189550302185795,-7.35091292436113e-06,-0.00387849113471595,0.00259455815776182
10.4725679500578,0.000137717659831893,2.40362660220576e-06,0.999999999997111,0.0003938383264158,-3.88273253196405e-05,-0.00804097635691588,0.00743646513043273
10.4758724758034,-1.04248782840159e-05,-1.81948450175734e-07,0.999999999999983,-0.000782434531126291,1.38055078657453e-05,0.0159274998098731,-0.000418973752622574
10.4785694874534,-5.34650428806795e-05,-9.33141032987676e-07,0.999999999999565,-0.000278527748599491,2.90684610658293e-05,0.00565920922153499,-0.00286554267752417
10.4808458046686,-1.03921242282439e-05,-1.8137678405913e-07,0.999999999999984,0.000330254607705297,1.37136140524494e-05,-0.00674547769996407,-0.000595582454328922
10.4838094299885,-5.74826875802788e-06,-1.00326216117112e-07,0.999999999999995,2.73484530579862e-05,1.2014967890618e-05,-0.000573164951196973,-0.000353684859271765
10.4881757239819,-7.03942985033395e-06,-1.22861228351499e-07,0.999999999999992,-5.16113030148051e-06,1.24047925838009e-05,8.92804501424601e-05,-0.000464559050603971
10.4908374958852,1.03517299204783e-05,1.80671770389556e-07,0.999999999999984,0.000114034188413683,6.17798564760108e-06,-0.00233934655646453,0.000499977477500849
10.4934992677886,6.05464009364807e-06,1.05673404657416e-07,0.999999999999994,-2.81761054122264e-05,7.66433777507132e-06,0.000558407024132542,0.00028032786356863
10.4973185532839,1.30447645468305e-05,2.27674091489616e-07,0.999999999999974,3.19433273535079e-05,5.11845890632949e-06,-0.000666585117003895,0.000664999515761987
10.5011914579065,-4.68634141471137e-06,-8.17920875592823e-08,0.999999999999997,-7.99054480291239e-05,1.13639174052579e-05,0.00161260322868858,-0.000248803860738196
10.5040001817576,-1.81733070901426e-05,-3.17184044699013e-07,0.99999999999995,-8.38074405389467e-05,1.6116392538652e-05,0.00169204072218282,-0.00100561843760093
10.5068089056087,-9.36079165382296e-06,-1.63376634952415e-07,0.999999999999987,5.47606022882752e-05,1.29385306119991e-05,-0.00113142554951799,-0.000547064083957375
10.5104745267283,-9.65731413540816e-06,-1.68551928562261e-07,0.999999999999986,-1.41184629861464e-06,1.29870069858741e-05,1.32246002227696e-05,-0.000580010632068091
10.5135275145038,8.43838221362066e-06,1.47277553169407e-07,0.999999999999989,0.000103449310957787,6.50427070575353e-06,-0.00212340721842205,0.000394747003559726
10.5165805022792,1.33597523011638e-05,2.33171664906196e-07,0.999999999999973,2.81344433894596e-05,4.70699930338214e-06,-0.000588692629833142,0.000669390268654679
10.5202554317879,2.40496886757758e-05,4.19746251471871e-07,0.999999999999912,5.0769568810655e-05,8.48828429334182e-07,-0.00104986255244511,0.00126161741281858
10.52466199747,-1.96379109691796e-05,-3.42746204625687e-07,0.999999999999941,-0.000173035536310363,1.63192980570078e-05,0.00351077704125523,-0.000900008671714601
10.5267930536062,-7.3348367178268e-06,-1.28017050822251e-07,0.999999999999992,0.000100761847688364,1.19103677935196e-05,-0.00206889447384901,-0.000408829747327031
10.5289241097423,-1.12686918430886e-06,-1.96675775054524e-08,1,5.08430873688226e-05,9.6699477740773e-06,-0.00105131910017047,-0.000100875248770083
10.5322926497686,-6.0699074026427e-06,-1.05939869467292e-07,0.999999999999994,-2.5611182080883e-05,1.13766443050311e-05,0.000506657637314236,-0.000368498734845825
10.5368915341942,-5.44186208437836e-05,-9.49784108118295e-07,0.999999999999549,-0.000183488898734681,2.85014249708812e-05,0.00372368145864514,-0.00300018051617595
10.5398899127995,9.17971764057999e-07,1.60216297231526e-08,1,0.000322109334731831,8.77632522372592e-06,-0.00657858874526311,-3.52676973218393e-05
10.5428882914049,2.43383812691515e-05,4.24784887752397e-07,0.99999999999991,0.000136328099893952,4.02117565272023e-07,-0.00279291202369437,0.00124310839662234
10.5459344206042,2.22302291450439e-05,3.87990692053811e-07,0.999999999999925,-1.20790003609776e-05,1.10625153484152e-06,0.000231156961339222,0.00115010633651594
10.5493600294786,1.47423254122021e-05,2.57302117843354e-07,0.999999999999967,-3.81504658018123e-05,3.71810735478175e-06,0.000762450097415756,0.000770358000234024
10.552276220472,-6.69833428040417e-06,-1.16907987592258e-07,0.999999999999993,-0.000128321535275675,1.1299676391564e-05,0.00259981909752516,-0.000390369560001753
10.5551924114654,-8.7047004629865e-06,-1.51925683478989e-07,0.999999999999988,-1.20080255255832e-05,1.1969781202523e-05,0.000229787696507495,-0.000509634023868865
10.5588722412948,-1.79521667502477e-05,-3.13324417658868e-07,0.999999999999951,-4.38603798719042e-05,1.52039035407185e-05,0.000878878233006285,-0.00102011572501018
10.5634319010573,9.88452620637011e-06,1.72517527300822e-07,0.999999999999985,0.000106552236408946,5.23578963246148e-06,-0.00218615300865391,0.000292625794594058
10.5655553701967,6.8520771309372e-06,1.1959130653546e-07,0.999999999999993,-2.49244125021629e-05,6.28389572830863e-06,0.000493581976970147,0.000293344916856437
10.5676788393361,2.43191956961492e-06,4.24450036334637e-08,0.999999999999999,-3.63303150827762e-05,7.82482482354136e-06,0.000725665876965481,8.05334397402826e-05
10.5710744711547,7.7438628394707e-06,1.351559033716e-07,0.999999999999991,2.73029894548958e-05,5.88597683579827e-06,-0.000570982983807889,0.000367280312798982
10.5756931015989,6.15998753147012e-05,1.07512064305931e-06,0.999999999999422,0.00020351590174839,-1.33344559939265e-05,-0.00416150048419321,0.00329273804388102
10.5787725946479,3.65644105625426e-06,6.38169353367361e-08,0.999999999999998,-0.000328399412381468,7.22779448416273e-06,0.00667715437279511,0.00019874563355383
10.5818520876969,-3.24628589414845e-05,-5.66583773139356e-07,0.999999999999839,-0.00020470924871282,2.00284819445478e-05,0.00415675153563427,-0.00176115197038675
10.5847675527531,-2.31792663125724e-05,-4.04554515350983e-07,0.999999999999918,5.55757845375393e-05,1.6684627611515e-05,-0.0011469368586521,-0.00129133450001108
10.587949147642,-1.05160263441119e-05,-1.83539283931214e-07,0.999999999999983,6.9466804900028e-05,1.21352158189352e-05,-0.00142991548308623,-0.00062670986455315
10.591277951259,1.23813738824425e-05,2.16095740169053e-07,0.999999999999977,0.000120053649925545,3.94422821904921e-06,-0.00246064008047119,0.000594829016727641
10.5946067548759,3.64639227665715e-05,6.36415510469549e-07,0.999999999999797,0.0001262675179035,-4.66796465795613e-06,-0.0025871736119101,0.00190081877482017
10.5978826478643,3.31585020640101e-05,5.7872503604628e-07,0.999999999999833,-1.76106101838106e-05,-3.53893961089492e-06,0.000344646498235942,0.00175323249138035
10.6015138907851,-4.26433595021165e-06,-7.44267027423543e-08,0.999999999999997,-0.000179870020551506,9.71882434995696e-06,0.00365102645294653,-0.000197271258693101
10.604088790634,-1.56966243298041e-05,-2.73957776003726e-07,0.999999999999962,-7.7490809339608e-05,1.37478098080988e-05,0.0015647154043017,-0.000872498163561964
10.606663690483,-5.58327443459229e-06,-9.744652192606e-08,0.999999999999995,6.85507260220583e-05,1.01146951534499e-05,-0.00141097319034386,-0.000344975244639204
10.6102683287029,-8.66388009629387e-06,-1.51213233678331e-07,0.999999999999989,-1.49159800433834e-05,1.1159526083926e-05,0.000289857363409108,-0.000519230599458908
10.6141791369841,9.36081859828385e-06,1.63377105221973e-07,0.999999999999987,8.04412582461141e-05,4.69427987891701e-06,-0.00165317390680153,0.000414638464916949
10.6170435471807,2.120190930899e-05,3.70043125151102e-07,0.999999999999931,7.21495895303991e-05,4.43310343989833e-07,-0.00148406451702313,0.0010791975545748
10.6199079573773,1.2060098832111e-05,2.10488432736259e-07,0.999999999999978,-5.57024593076684e-05,3.65470434103561e-06,0.00112113621187793,0.000602614634093994
10.6236203226119,1.0521631353007e-05,1.83637109791038e-07,0.999999999999983,-7.23294214008376e-06,4.15047873490503e-06,0.000133546772079277,0.000540990190784818
10.6264756403009,-6.12709210006364e-06,-1.06937930719044e-07,0.999999999999994,-0.000101766273374187,1.00318823092596e-05,0.00205980707400407,-0.00036459352900621
10.62933095799,-5.84579160851659e-06,-1.0202831095407e-07,0.999999999999995,1.71946532740265e-06,9.89245792927327e-06,-4.88297258560412e-05,-0.000358849942083287
10.6332165796544,-1.65659978559902e-05,-2.89131206465346e-07,0.999999999999958,-4.81526282460979e-05,1.36515707868556e-05,0.000967441810409478,-0.000947926475462287
10.6368631936504,6.18433044220392e-06,1.07936928247775e-07,0.999999999999994,0.000108886801603361,5.51065929207515e-06,-0.00223245770009501,0.000239987287203842
10.6397202906887,2.16091053787536e-05,3.77150037269657e-07,0.999999999999929,9.42260992248098e-05,-1.37228427280956e-08,-0.00193356475500385,0.00109860174339607
10.6425773877269,1.29606718152885e-05,2.26206396447212e-07,0.999999999999974,-5.28311215199178e-05,3.02328907158572e-06,0.00106297121646403,0.000650014437974657
10.6461892153721,1.14668302135241e-05,2.00133941993159e-07,0.99999999999998,-7.21863195471628e-06,3.50579813882962e-06,0.000133591387699429,0.000588082654407229
10.6490948090192,-5.19344359061747e-06,-9.06426901728713e-08,0.999999999999996,-0.000100074775582568,9.39162048265494e-06,0.00202568667842901,-0.000314513958603481
10.6520004026662,-6.4104275001978e-06,-1.11883066338841e-07,0.999999999999994,-7.31016747207188e-06,9.78534127250573e-06,0.000135504422735079,-0.000388852012053285
10.6558746513086,-1.8752462025417e-05,-3.27292205198726e-07,0.999999999999946,-5.56002360056044e-05,1.41227117330217e-05,0.00111953848627231,-0.00106547136285593
10.6595726708094,4.03678517514032e-06,7.04551925018944e-08,0.999999999999998,0.00010755686864697,5.9684744831588e-06,-0.00220502819093202,0.000116555198369024
10.6623348224128,1.94859022912978e-05,3.40093152705047e-07,0.999999999999942,9.76188127661899e-05,4.37710219906615e-07,-0.00200233913897567,0.000983715072307652
10.6650969740162,1.05594239613399e-05,1.84296715239362e-07,0.999999999999983,-5.64040139123723e-05,3.57583000236385e-06,0.00113611424463662,0.000519688463444282
10.6687079258375,1.14960333936698e-05,2.00643633638754e-07,0.99999999999998,4.52703863361253e-06,3.19519160332567e-06,-0.000105412206495526,0.00058413236938366
10.6720378087847,-8.96566857767208e-06,-1.56480436322974e-07,0.999999999999988,-0.000107248235336909,1.04284536833947e-05,0.00217222713075574,-0.000507081555766732
10.6753676917319,-3.10643703653036e-05,-5.42175542933475e-07,0.999999999999853,-0.000115828427824797,1.82439597609652e-05,0.00234708132435362,-0.00170487202141591
10.6787107625644,-3.27212754644701e-05,-5.71093992307009e-07,0.999999999999837,-8.65026522684266e-06,1.87894777051136e-05,0.000163178697513536,-0.00182333757090703
10.682377669571,4.95816804371475e-06,8.65363572299884e-08,0.999999999999996,0.000179341976315464,5.34125937213694e-06,-0.00366745551730667,0.000133672933495521
10.6849086836308,1.65010789148331e-05,2.87998157195246e-07,0.999999999999958,7.95972662367951e-05,1.2037925627708e-06,-0.00163470716149566,0.000821354811039146
10.6874396976906,6.71100752591059e-06,1.17129177453258e-07,0.999999999999993,-6.75100871454442e-05,4.65295843339495e-06,0.00136276045456894,0.000311493114924694
10.691033167238,1.02461394622444e-05,1.78828869234684e-07,0.999999999999984,1.71699498123463e-05,3.34959107122837e-06,-0.000362704440643363,0.000508930827227136
10.6961880838102,-2.09776813928777e-05,-3.66129609740059e-07,0.999999999999933,-0.000105716255800906,1.43892376909456e-05,0.00214157619530441,-0.000954568586986951
10.6982217472215,-3.64688754492409e-06,-6.36501951088979e-08,0.999999999999998,0.000148736222991357,8.1988298159895e-06,-0.00304396875145909,-0.000210201293099167
10.7002554106328,1.64166005285179e-08,2.86523731207278e-10,1,3.14391843237772e-05,6.8700369307728e-06,-0.000653398629212216,-4.13316343508594e-05
10.7035913439641,-5.58568035084136e-06,-9.74885130861336e-08,0.999999999999995,-2.93096495357239e-05,8.82011553990734e-06,0.000584567620338734,-0.000343440057628529
10.7081145308439,-5.85339701127599e-05,-1.02161050273144e-06,0.999999999999478,-0.000204307718034229,2.75934279855244e-05,0.00415046137705154,-0.00320891160006436
10.7125200522588,-8.26967359478835e-05,-1.44333032294242e-06,0.999999999998958,-9.57252911740849e-05,3.61292452990159e-05,0.0019375271414404,-0.00489998989342926
10.7143778612555,-2.13335057653362e-05,-3.72339916598301e-07,0.999999999999931,0.00057648036381859,1.42848590395152e-05,-0.0117581442967835,-0.00125660140080101
10.7162356702522,-4.0702076686408e-06,-7.10385250577043e-08,0.999999999999997,0.000162181038023683,8.12252424381446e-06,-0.00331699050145782,-0.000275385199880728
10.7192329529863,4.93137333774444e-06,8.60687013887028e-08,0.999999999999996,5.24165520522161e-05,4.88400281270283e-06,-0.00108048579944848,0.000211032802343462
10.7233146737739,4.03230404311899e-05,7.03769819939e-07,0.999999999999752,0.000151333506308506,-7.75311860151764e-06,-0.0030960278941188,0.00211001319222114
10.7273620689383,0.000120866772228178,2.10952313163818e-06,0.999999999997775,0.000347322970600388,-3.6446778995753e-05,-0.00708941411168909,0.00654000856466503
10.7299024193634,4.95369366416435e-06,8.645826457485e-08,0.999999999999996,-0.000796372361479466,4.74486195868239e-06,0.0162149444212783,0.000255490837803834
10.7324427697886,-4.93537924384593e-06,-8.61386176396994e-08,0.999999999999996,-6.79421549505782e-05,8.2305958725075e-06,0.00137214688151318,-0.000303583667514704
10.7356317479604,-9.51050481798402e-06,-1.65989622600604e-07,0.999999999999986,-2.50396837664098e-05,9.81881708413074e-06,0.000498034519535733,-0.000555722045024417
10.7396769092768,-2.92939618029115e-05,-5.11276084414238e-07,0.999999999999869,-8.53578967084459e-05,1.68053756097806e-05,0.00172713965629437,-0.00164618172691451
10.742762856399,7.37678508687621e-06,1.28749187978006e-07,0.999999999999992,0.000207399947909818,3.72659081453016e-06,-0.00423817527567281,0.000318792209925609
10.7458488035212,2.55533315903784e-05,4.45989771105966e-07,0.999999999999901,0.00010280169120462,-2.77469205654557e-06,-0.00210673826014435,0.00131175116619559
10.7490244571867,2.47293159126193e-05,4.3160798444102e-07,0.999999999999907,-4.52876421034982e-06,-2.51956110901273e-06,8.03396637050264e-05,0.00128782392106922
10.7526079690983,1.18665516371663e-05,2.07110396926474e-07,0.999999999999979,-6.26473674575915e-05,2.01239149795104e-06,0.00126466793435114,0.000633207737480088
10.7553755884013,-1.10290771152448e-05,-1.92493709117379e-07,0.999999999999981,-0.000144385503316738,1.01219292112037e-05,0.00293014928196345,-0.000622961556053688
10.7581432077042,-7.44405366505616e-06,-1.29923246150381e-07,0.999999999999992,2.26080454420054e-05,8.81412162682924e-06,-0.000472538828944432,-0.000444388598736623
10.761772518254,-1.23266189243003e-05,-2.15140085867681e-07,0.999999999999977,-2.34801730375403e-05,1.05076980230001e-05,0.000466638600613488,-0.000718185917517815
10.7655410632947,8.58960076218743e-06,1.49916814731985e-07,0.999999999999989,9.68694540368058e-05,3.02468353493537e-06,-0.00198565080352572,0.000370598826429868
10.7683907656817,2.14477751205604e-05,3.74334293081094e-07,0.99999999999993,7.87511985010715e-05,-1.58130275528076e-06,-0.00161630432398738,0.00109168329053644
10.7712404680687,1.21761589066656e-05,2.12514063167347e-07,0.999999999999977,-5.67849578436242e-05,1.68294329534753e-06,0.00114546910775579,0.000608760493075721
10.7749113164012,1.08074759065862e-05,1.88626038399888e-07,0.999999999999982,-6.5074943455732e-06,2.12724784666748e-06,0.000121035932588513,0.000554730769726606
10.7776213319753,-3.03060558501973e-06,-5.28940457879233e-08,0.999999999999999,-8.91212901125374e-05,7.0172364639661e-06,0.00180441347424501,-0.000201179331742598
10.7803313475494,-2.32934245203821e-06,-4.06546951945448e-08,0.999999999999999,4.51633957767799e-06,6.73662328913633e-06,-0.000103546701913024,-0.000170042098074974
10.7845427152311,-1.56868325996216e-05,-2.73786878072575e-07,0.999999999999962,-5.53578315875636e-05,1.14387692595629e-05,0.00111653655671897,-0.000895922342555767
10.788532316499,-3.60383902284437e-06,-6.28988566604894e-08,0.999999999999998,5.28594230986653e-05,7.09581352678485e-06,-0.00108856886721462,-0.000306177958057627
10.7911428120033,1.47297420476312e-05,2.57082496700612e-07,0.999999999999967,0.00012257494901986,5.46351150399742e-07,-0.00250889624804769,0.000728198456063867
10.7937533075077,7.22408358434725e-06,1.26084043986133e-07,0.999999999999992,-5.01814511829927e-05,3.18621611776773e-06,0.00101125053193109,0.00034004968987079
10.7973791511212,1.12721849348836e-05,1.9673674100742e-07,0.999999999999981,1.94858644090478e-05,1.7057770202024e-06,-0.000408301972001425,0.000566265956272273
10.8013616596932,-5.88961783235851e-06,-1.02793222858827e-07,0.999999999999995,-7.52113795738565e-05,7.76477357572438e-06,0.00152140201231267,-0.000314220008135045
10.8041349662909,-1.74049272236854e-05,-3.037732861233e-07,0.999999999999954,-7.24694714353463e-05,1.18289311332627e-05,0.00146545555435114,-0.000967230851307674
10.8069082728886,-8.20980833082948e-06,-1.43288186330634e-07,0.99999999999999,5.78677813426644e-05,8.527898765808e-06,-0.00119028756870083,-0.000487188645813227
10.8106137123062,-9.3402440459417e-06,-1.63018011541478e-07,0.999999999999987,-5.32455749176795e-06,8.88883171105727e-06,9.74062464880083e-05,-0.000563917203663779
10.8137066296257,8.67210765960639e-06,1.51356831747551e-07,0.999999999999989,0.000101643468223243,2.4488898484161e-06,-0.00208215778090455,0.000405107854874794
10.8167995469453,1.49306340250951e-05,2.605887231482e-07,0.999999999999966,3.53167835135563e-05,1.89245494783991e-07,-0.000730586730958858,0.00075181048275549
10.8204417822085,2.54072572434729e-05,4.43440292799766e-07,0.999999999999902,5.02031188095267e-05,-3.57631179077705e-06,-0.00103385888429243,0.00133413962711108
10.8247593635919,-1.86974265651273e-05,-3.2633165521132e-07,0.999999999999947,-0.000178287768004024,1.20630261278684e-05,0.00362224507892273,-0.000864542113972175
10.8269246470019,-8.34012396971782e-06,-1.45562623296075e-07,0.999999999999989,8.34851599924251e-05,8.35528828279692e-06,-0.00171235683416661,-0.000465696343241921
10.8290899304119,-1.43611572108557e-06,-2.50649477725957e-08,1,5.56498400926847e-05,5.87647759482819e-06,-0.0011447973399173,-0.000118631274196572
10.8324918526578,-6.29625105042572e-06,-1.0989031136208e-07,0.999999999999994,-2.49345391983331e-05,7.56836448783862e-06,0.00049733261689366,-0.00038181066431129
10.8371435477439,-5.44695219989486e-05,-9.50672500868993e-07,0.999999999999548,-0.000180747485365657,2.46506758609391e-05,0.00367227667694924,-0.00301142013846356
10.8399678681586,2.4392805798844e-06,4.25734774989393e-08,0.999999999999999,0.00035167609638692,4.38177061870005e-06,-0.00717656011589254,5.57575548166364e-05
10.8427921885732,1.30451130143398e-05,2.27680173394991e-07,0.999999999999974,6.55402605654255e-05,5.80132479666662e-07,-0.00134603641970695,0.000645459684158665
10.8460392843825,1.75065961743886e-05,3.0554774406012e-07,0.999999999999953,2.39806815808919e-05,-1.04072350236254e-06,-0.000499170975304756,0.000896485450368931
10.8498971844274,2.24613471435336e-05,3.92024462088074e-07,0.999999999999923,2.24154895203426e-05,-2.84309293957638e-06,-0.000467189252240013,0.0012022097941728
10.8523752762017,-1.569502946758e-06,-2.73929940406804e-08,1,-0.000169250170834471,5.67713059932017e-06,0.00343821953148132,-0.000118853663112463
10.8548533679759,-1.09517247236234e-06,-1.91143655199295e-08,1,3.340727170359e-06,5.48258708631557e-06,-7.8505370555343e-05,-0.000101953419917165
10.8589245605965,-1.14121275229325e-05,-1.99179199932636e-07,0.99999999999998,-4.42290137534554e-05,9.10947246824464e-06,0.000890865581626449,-0.000658230514156509
10.8641507739866,-0.000122590767207398,-2.13961252031335e-06,0.999999999997711,-0.000371288574646967,4.85938941806575e-05,0.00755507262443467,-0.00683066436123085
10.8660414565865,-2.22097299555474e-05,-3.87632913703106e-07,0.999999999999925,0.000926638668335861,1.28761422316957e-05,-0.0188914585404012,-0.0012674400124425
10.8679321391863,-3.33817843653338e-06,-5.82622047365841e-08,0.999999999999998,0.00017420729898553,6.14551379371285e-06,-0.00355989336251308,-0.000228306989367947
10.871459963807,4.73622958324847e-06,8.26628003580445e-08,0.999999999999997,3.99467151139951e-05,3.2379862851245e-06,-0.000824170082475375,0.000198930959298626
10.8750566072441,2.62420961200808e-05,4.58010979920224e-07,0.999999999999895,0.000104360686882838,-4.44675728314741e-06,-0.00213664315153669,0.00135488547401289
10.8786532506811,4.61866723800719e-05,8.06109503572093e-07,0.999999999999675,9.67842739335807e-05,-1.15758899888443e-05,-0.00198216276661641,0.00245833287791839
10.882351562112,2.63199928275006e-06,4.59370533941178e-08,0.999999999999999,-0.000205545818510973,3.87723698539506e-06,0.00417842771298802,0.000213346726951115
10.8847468039051,-1.16014929515306e-05,-2.02484250151123e-07,0.999999999999979,-0.000103714499415665,8.91476555005521e-06,0.00210313989146544,-0.000646227678804114
10.8871420456981,-3.41856621464293e-06,-5.96652361429583e-08,0.999999999999998,5.9626136460548e-05,5.98066604849624e-06,-0.00122497006777247,-0.000224960662785719
10.8906648406629,-7.77146183242251e-06,-1.35637596668844e-07,0.999999999999991,-2.15659330975724e-05,7.49378321485344e-06,0.000429521780718252,-0.000463252923840471
10.8955400344388,-3.39584768972421e-05,-5.92687230819269e-07,0.999999999999824,-9.37500446451248e-05,1.67582843754617e-05,0.00190033495822888,-0.00197339530856519
10.8977486079844,5.90348429823655e-07,1.03035238344015e-08,1,0.000273022719057685,4.45024302147451e-06,-0.00557284650022516,-2.97554272125283e-05
10.89995718153,1.58869423556622e-06,2.77279452180849e-08,1,7.88944584550422e-06,4.07369583568333e-06,-0.000170493387709185,3.87577466980313e-05
10.9037110272814,8.96567255242626e-06,1.56480505695521e-07,0.999999999999988,3.42988415094508e-05,1.41363563449437e-06,-0.000708622670553929,0.000434092822484948
10.9086729315449,0.000122319294770288,2.13487443245738e-06,0.999999999997721,0.000398716666359603,-3.89468987383376e-05,-0.00813408164063354,0.00657719620654254
10.9115186703407,1.22575920221263e-05,2.13935339152291e-07,0.999999999999977,-0.000675022983900131,1.67900141894173e-07,0.0137450418635276,0.000670061080146264
10.9143644091364,-1.90151361889546e-05,-3.31876734212378e-07,0.999999999999945,-0.000191799779438667,1.12622539167196e-05,0.00389858471599681,-0.00104130220734463
10.9172526973538,-1.56662366306449e-05,-2.73427410601293e-07,0.999999999999963,2.0236665877215e-05,1.00436059034806e-05,-0.000421927426054426,-0.000882271668013688
10.9205904185732,-1.26911888290867e-05,-2.21503031059885e-07,0.999999999999975,1.55568353757482e-05,8.9538066561828e-06,-0.000326509967621388,-0.000737203017034726
10.9242001196099,1.18758807398106e-05,2.07273220483873e-07,0.999999999999979,0.000118784422086802,1.82593998499267e-07,-0.00242990003012573,0.000556599960248426
10.9278098206465,8.91566732413888e-05,1.55607749818633e-06,0.999999999998789,0.000373660938679146,-2.73353143791874e-05,-0.00762332062914515,0.0047055877102908
10.9307617615745,5.04300668183214e-05,8.80170707980335e-07,0.999999999999613,-0.000228970296728161,-1.35899393909307e-05,0.00465638551839284,0.00268245902779622
10.9336707758669,7.44984543279688e-06,1.30024331566967e-07,0.999999999999992,-0.000257869608400868,1.66843024048347e-06,0.0052452027036383,0.000381578985024617
10.9376312019107,-7.66401867400565e-05,-1.33762359795689e-06,0.999999999999105,-0.000370578294684117,3.15376944320745e-05,0.00754193207030057,-0.00407648296631221
10.9401778818394,-2.8091769234668e-05,-4.90293865855384e-07,0.99999999999988,0.000332719366318385,1.42481467465298e-05,-0.00678905405053608,-0.00154376119199578
10.9427245617681,-5.75336245307538e-06,-1.00415117866783e-07,0.999999999999995,0.000153092951960975,6.28032323923587e-06,-0.00312871021498017,-0.000353795450292327
10.94673018397,-3.51651954749676e-06,-6.13748443145596e-08,0.999999999999998,9.74636937395272e-06,5.44809385631057e-06,-0.000207765321085584,-0.000256508142797044
10.9496889446429,1.30345366405756e-05,2.27495580849883e-07,0.999999999999974,9.76322376509745e-05,-4.64916684236492e-07,-0.00199847544101744,0.000644756988543183
10.9526477053157,1.17659961923523e-05,2.05355373333663e-07,0.999999999999979,-7.48293287772537e-06,-4.04824773818972e-08,0.000143449996057025,0.00058871713266638
10.9563854640644,1.70651148922961e-05,2.97842442101681e-07,0.999999999999956,2.47439909814856e-05,-1.95859614296613e-06,-0.000513172142602181,0.000892975520780723
10.9595954856193,-8.45090916150339e-06,-1.47496189655187e-07,0.999999999999989,-0.000138733844662771,7.08715518839124e-06,0.00281797214652538,-0.000471543173610835
10.9628055071741,-2.68104966089674e-05,-4.67931439921239e-07,0.999999999999891,-9.98233951981934e-05,1.35878386857775e-05,0.00202512144740362,-0.00147080969639316
10.9660922693616,-2.74527190952672e-05,-4.79140336837514e-07,0.999999999999885,-3.41031576884737e-06,1.37869527856233e-05,6.05806226586067e-05,-0.00152922187813045
10.9697696785423,-2.34921373771675e-06,-4.10015145562398e-08,0.999999999999999,0.000119143342703431,4.82643910267416e-06,-0.00243663765508775,-0.000236293454492514
10.9723791001895,1.52908037085204e-05,2.66874869989836e-07,0.999999999999964,0.000117986445338907,-1.46965332081082e-06,-0.00241283060949105,0.000762610092568688
10.9749885218368,7.29765908236326e-06,1.27368178675307e-07,0.999999999999992,-5.34626864397595e-05,1.35027466524862e-06,0.0010806716457886,0.000348595745403693
10.9786025439059,1.10371109604351e-05,1.92633926167545e-07,0.999999999999981,1.80590340189282e-05,-1.10272039943532e-08,-0.000376672262423912,0.0005584017263061
10.9825597704172,-6.55762755172271e-06,-1.14452191897056e-07,0.999999999999993,-7.76013496286646e-05,6.21229964372269e-06,0.00157264862901275,-0.000347339620009547
10.9853579717877,-1.80901765877683e-05,-3.15733143723744e-07,0.99999999999995,-7.19322611858438e-05,1.02894405549121e-05,0.00145705772083034,-0.000999537415219681
10.9881561731581,-8.85060603948595e-06,-1.54472216185924e-07,0.999999999999988,5.76302081913341e-05,6.97943196404053e-06,-0.00118290578579419,-0.000517197384628917
10.9918629392063,-9.31870931133135e-06,-1.62642159518985e-07,0.999999999999987,-2.2040623083992e-06,7.1141935001883e-06,3.63555547862063e-05,-0.000559553518575714
10.9947448412886,6.02931115740583e-06,1.05231331323962e-07,0.999999999999994,9.29502402215801e-05,1.63143766613009e-06,-0.00190247818195183,0.000272572131897892
10.9976267433709,6.91527086287451e-06,1.20694245224389e-07,0.999999999999993,5.36552369197681e-06,1.29205222438492e-06,-0.000117764390342064,0.000328295171761626
11,1.93227670094665e-06,3.37245904910929e-08,0.999999999999999,-3.66457018034584e-05,3.0442376608007e-06,0.000738304241912463,6.30281184729037e-05
11.0052720928256,1.28451855233362e-05,2.24190780411726e-07,0.999999999999975,3.61272451419601e-05,-8.80793992639835e-07,-0.000744492136861066,0.000669898956765636
11.007828951964,-9.6773766735956e-07,-1.6890208590994e-08,1,-9.42879431169692e-05,4.01027155485845e-06,0.00191291943853225,-8.62802221791851e-05
11.0103858111024,-7.34427248057998e-07,-1.28181735949732e-08,1,1.59259262069304e-06,3.90609737662879e-06,-4.07430259507704e-05,-7.87617515243115e-05
11.0148728675678,-1.47632542046507e-05,-2.57667394180049e-07,0.999999999999967,-5.45678937801995e-05,8.85831386569346e-06,0.00110366707603194,-0.000835380685649315
11.0204772659755,-0.000189880632804408,-3.3140422282012e-06,0.999999999994509,-0.000545352883872212,7.10885361280776e-05,0.0111038184181364,-0.0106766663023588
11.0221487185156,-5.23553535777564e-05,-9.13773300977515e-07,0.999999999999583,0.00143603773938169,2.21677416911361e-05,-0.0292684316557255,-0.00292499893485709
11.0238201710558,-1.21077175644958e-05,-2.11319536401999e-07,0.999999999999978,0.000420265456365198,7.84094582035485e-06,-0.00857146435612353,-0.000701842471872594
11.0268133120869,3.0911664347608e-06,5.39510320137104e-08,0.999999999999999,8.86261508097614e-05,2.4114863806214e-06,-0.00181396712795976,0.000115126525306809
11.0308229970211,4.92241780888733e-05,8.59123979238784e-07,0.999999999999631,0.000200807036068943,-1.40274322483342e-05,-0.00409980307638914,0.00257923325714887
11.0345395347347,0.000120846213808878,2.1091643195324e-06,0.999999999997776,0.000336345393656004,-3.95282369729248e-05,-0.00686144112886205,0.00649333305207162
11.0376420624729,1.91233240935541e-05,3.33764969358473e-07,0.999999999999944,-0.000572242861293195,-3.37605765554535e-06,0.01165249189289,0.00107784153593575
11.0402032268286,-1.32281868283836e-05,-2.30875414224237e-07,0.999999999999973,-0.000220462377721032,8.10876948794201e-06,0.00448422106067329,-0.000727181398793929
11.0427643911842,-6.14178712395839e-06,-1.07194407269667e-07,0.999999999999994,4.82909293506845e-05,5.56832013069223e-06,-0.000991911882436415,-0.000366099132973665
11.0462003545609,-9.05920782385645e-06,-1.58113004148725e-07,0.999999999999987,-1.48193072212666e-05,6.57892716431101e-06,0.000294126253061171,-0.000529767073015695
11.05,-1.91877209857401e-06,-3.34888907155176e-08,0.999999999999999,3.2798879640007e-05,4.00980817610616e-06,-0.000676147032493426,-0.000170396422652864
11.0529685260919,1.55191613325837e-05,2.70860462401773e-07,0.999999999999963,0.000102525409476664,-2.21468593495557e-06,-0.0020968298469678,0.000780630323578406
11.0559370521839,1.33102358227969e-05,2.323074393247e-07,0.999999999999973,-1.29872609783959e-05,-1.45190303858695e-06,0.00025695677677964,0.000675665608550741
11.0596097599115,1.57923651406932e-05,2.75628768382271e-07,0.999999999999962,1.1795474148815e-05,-2.3626727662552e-06,-0.000247983176230748,0.000829672506262952
11.0627232201605,-8.36362706660082e-06,-1.45972829721099e-07,0.999999999999989,-0.000135412552073986,6.20439265424641e-06,0.00275162190464581,-0.000467375878262249
11.0658366804096,-1.88216664113757e-05,-3.28500049590526e-07,0.999999999999946,-5.86251968130093e-05,9.89998946628714e-06,0.00118697414337652,-0.00104229985138004
11.0692543011876,-2.37070521831146e-05,-4.13766116537448e-07,0.999999999999914,-2.49489549852718e-05,1.1611534062745e-05,0.000500800032431331,-0.00132441060390319
11.0732333836275,2.74043560893006e-06,4.78296243147253e-08,0.999999999999999,0.00011600557360219,2.17547713768246e-06,-0.00237141528670503,6.46607021977938e-06
11.0756471268075,1.30307835511163e-05,2.27430077081696e-07,0.999999999999974,7.44074407969364e-05,-1.50170152932238e-06,-0.00152343409913293,0.000642995876011074
11.0780608699875,4.84383745464744e-06,8.45409120150192e-08,0.999999999999996,-5.91981641829008e-05,1.39204917711137e-06,0.00119886437396364,0.000219660774580348
11.081660840645,9.60827880909098e-06,1.67696100668237e-07,0.999999999999986,2.30988517869412e-05,-3.2894853017555e-07,-0.000478058815211982,0.000480597436038156
11.0866619263754,3.18363470898848e-05,5.55649078526176e-07,0.999999999999846,7.75737507351501e-05,-8.27005976959747e-06,-0.00158787744650988,0.00180889888828617
11.0888107626316,1.08255034325528e-06,1.88940678083995e-08,1,-0.000249788698027565,2.65084972699898e-06,0.00508224368652588,4.18828670853962e-05
11.0909595988879,1.08758005646354e-07,1.89818528643146e-09,1,-7.90934277691132e-06,2.98144579077451e-06,0.000153848885794459,-2.85383006344591e-05
11.0945801347255,-6.65948273389633e-06,-1.16229900186204e-07,0.999999999999993,-3.2627238279092e-05,5.36229959369323e-06,0.00065759708222399,-0.00039117033653675
11.0994119461843,-0.000100635946780033,-1.75642861717246e-06,0.999999999998457,-0.000339458344135281,3.87489943971275e-05,0.00690976771091606,-0.00547508380278011
11.1,-5.71236791442745e-05,-9.96996281920241e-07,0.999999999999503,0.00129143339438957,2.32702756131673e-05,-0.0263219426037649,-0.00311870372708281
11.1029402690783,-1.05550674720595e-05,-1.84220680157592e-07,0.999999999999983,0.000276428986635645,6.68765818122574e-06,-0.00563982988974597,-0.000631774624727024
11.1060088502471,1.54767591672194e-05,2.7012040500619e-07,0.999999999999963,0.000148062267274507,-2.5919851773355e-06,-0.00302408274319301,0.000773287865536234
11.1090774314159,2.09768286488915e-05,3.66114726549822e-07,0.999999999999933,3.1282966382195e-05,-4.56958629502827e-06,-0.000644467592325785,0.00108571883441561
11.1124713661112,2.0259876081217e-05,3.53601543663276e-07,0.999999999999937,-3.68692506187697e-06,-4.33832736234187e-06,6.8138886999014e-05,0.00106734430522163
11.1167952723401,-4.05323594943089e-05,-7.07423126777616e-07,0.99999999999975,-0.00024538568004992,1.72523810777749e-05,0.00499333410516811,-0.0020462487663142
11.119006231264,-1.30639505160742e-05,-2.28008949823105e-07,0.999999999999974,0.000216835406464904,7.46744663537947e-06,-0.00442565184560721,-0.000713609211941555
11.121217190188,-2.45813735133075e-06,-4.29025902469742e-08,0.999999999999999,8.37222064914721e-05,3.68021924173496e-06,-0.00171293430764303,-0.000165192051476485
11.1246713799876,-6.89690146468907e-06,-1.20373638744443e-07,0.999999999999993,-2.24281388668356e-05,5.23503964523403e-06,0.00045012593219008,-0.000406539846070747
11.1294400673746,-4.86267903274576e-05,-8.48697595890965e-07,0.99999999999964,-0.000152730489135048,2.00428526376539e-05,0.00310521780748907,-0.00271239394464935
11.1318779934981,9.89568408670127e-07,1.72712269050145e-08,1,0.000355207163343793,2.38109978580191e-06,-0.00724458082674274,2.03224885700607e-07
11.1343159196217,2.87111268024436e-06,5.01103694660232e-08,0.999999999999999,1.34701138986445e-05,1.69554656851473e-06,-0.000281203441998663,0.000114996066520461
11.1380480471149,1.13491217566317e-05,1.98079541862944e-07,0.99999999999998,3.9647405579291e-05,-1.34464357667576e-06,-0.000814599755962673,0.00057191470524428
11.1428396299727,8.84560031687907e-05,1.54384849844932e-06,0.999999999998808,0.000280861042483426,-2.87983108243978e-05,-0.00572956120398509,0.00479718245637393
11.1452923561005,3.89970986766472e-06,6.80627770632617e-08,0.999999999999998,-0.00060169201309697,1.25653996615167e-06,0.0122536513353056,0.000198228909517877
11.1477450822282,-2.09840739846575e-06,-3.6624118151436e-08,0.999999999999999,-4.2681852665858e-05,3.37339017085921e-06,0.000863060160182627,-0.000143238090636003
11.15121859029,-9.48261909146314e-06,-1.65502924858504e-07,0.999999999999986,-3.7103356150152e-05,5.97665617679618e-06,0.000749463067200831,-0.00054207838780996
11.1556517961944,-5.77901209025629e-05,-1.00862788487515e-06,0.999999999999491,-0.000190184028940568,2.31274628337588e-05,0.00386871420523098,-0.00318088051588975
11.1585071558757,2.43511510910781e-06,4.25007763189922e-08,0.999999999999999,0.000368124782348319,1.69060074735368e-06,-0.00750758730222654,6.2169478471693e-05
11.1613625155569,1.53451866495766e-05,2.67824031368186e-07,0.999999999999964,7.89123894012691e-05,-2.91902128545473e-06,-0.00161437526173774,0.000777370248579342
11.1645332313144,1.77298678224588e-05,3.09444569445299e-07,0.999999999999952,1.31265434245245e-05,-3.78738857691851e-06,-0.000273871061895366,0.000918775871304892
11.1682775005278,1.89071081650886e-05,3.29991289511494e-07,0.999999999999946,5.48751141953779e-06,-4.22977162706792e-06,-0.000118149370395071,0.0010153321383112
11.170835162143,-2.62812102902564e-06,-4.58693650973989e-08,0.999999999999999,-0.000146954801358008,3.41260960878052e-06,0.00298803453525854,-0.000165627089126898
11.1733928237583,-1.87965739346527e-06,-3.28062103254235e-08,0.999999999999999,5.10746014802239e-06,3.13022170457429e-06,-0.000110408625802323,-0.000133735508404901
11.1774542458279,-1.26810762888566e-05,-2.21326533937129e-07,0.999999999999975,-4.64173189537132e-05,6.94608333063695e-06,0.000939538309646662,-0.000717840005256169
11.1826548240632,-9.07681070312605e-05,-1.58420232349745e-06,0.999999999998745,-0.000262062356892411,3.46830928492313e-05,0.00533344721746915,-0.00514979121913692
11.1845504864401,-1.7747962519548e-05,-3.09760381486657e-07,0.999999999999952,0.000672293736243042,8.70373515415439e-06,-0.0137046332785089,-0.00102368154169975
11.186446148817,-2.86667343620719e-06,-5.00328900412751e-08,0.999999999999999,0.000137011471352913,3.39985404365324e-06,-0.00279790387527569,-0.000193494085663071
11.1898094753246,5.21387545270546e-06,9.09992934386201e-08,0.999999999999996,4.19323497615152e-05,5.05428681336215e-07,-0.000860584113898938,0.000237643802789567
11.1943190900548,9.12257400747898e-05,1.59218952687295e-06,0.999999999998732,0.000332886581949444,-3.01112521307752e-05,-0.00678920099477332,0.00484287746117159
11.1973604225911,4.95613802724778e-05,8.65009267587594e-07,0.999999999999626,-0.000239099227264361,-1.53119463574842e-05,0.00486605972763567,0.00265946011565546
11.2004017551274,-1.49205137422064e-06,-2.60412090890561e-08,1,-0.000292980286120755,2.82631820795903e-06,0.00596392020566224,-7.41088323761905e-05
11.2037181935158,-4.67336368081875e-05,-8.15655833733995e-07,0.999999999999667,-0.000238091148451171,1.889604054694e-05,0.00484547591643128,-0.00251076348090142
11.206706983792,-3.45670127073103e-05,-6.03308184321247e-07,0.999999999999818,7.10480260523583e-05,1.45511133282938e-05,-0.00145374108486537,-0.00189456184766884
11.2097736919954,-9.93934037113811e-06,-1.73474214952754e-07,0.999999999999985,0.000140161352456077,5.77431717782813e-06,-0.00286195998070559,-0.00058735498695892
11.2126874041904,7.35474288021924e-06,1.28364478897436e-07,0.999999999999992,0.000103592487400666,-3.93244878160214e-07,-0.00211673687832384,0.000349821563998509
11.2156011163854,8.53794729619126e-06,1.49015291680284e-07,0.999999999999989,7.08745799199124e-06,-8.31067641230913e-07,-0.000150262872160575,0.00042300857862876
11.2194309526276,1.99252786707129e-05,3.47761717181332e-07,0.999999999999939,5.18942359227603e-05,-4.90307553491362e-06,-0.00106323289981883,0.00104897929075234
11.2230966959026,-3.71254395464842e-06,-6.4796115633626e-08,0.999999999999998,-0.000112544115030563,3.48243125941693e-06,0.00228753247711086,-0.000181649281042587
11.2258907531972,-1.88611570123636e-05,-3.29189290601356e-07,0.999999999999946,-9.46269697063954e-05,8.85358522223726e-06,0.00192234925651998,-0.00103018012636462
11.2286848104917,-9.84732558739027e-06,-1.71868254015844e-07,0.999999999999985,5.63055871808079e-05,5.63184227312595e-06,-0.00115306975108019,-0.00056149955959684
11.2322973194826,-9.96582878545838e-06,-1.73936524996275e-07,0.999999999999985,-5.72530334364907e-07,5.65334015974847e-06,5.95095726458553e-06,-0.000583274315175133
11.2354935442859,9.64216052760999e-06,1.68287448212627e-07,0.999999999999986,0.00010707130889277,-1.33809898847991e-06,-0.00218740532296961,0.000467689165271234
11.2386897690892,2.13916429974342e-05,3.73354602716407e-07,0.99999999999993,6.41591775051755e-05,-5.53457280600044e-06,-0.00131294701584767,0.00111030959068758
11.2421800911453,2.84273021601108e-05,4.96150020153209e-07,0.999999999999877,3.51816868082624e-05,-8.05609968316824e-06,-0.000722433871905534,0.00151169968247446
11.2461937283119,-1.16515127081278e-05,-2.03357259594791e-07,0.999999999999979,-0.00017428263959062,6.17580033119199e-06,0.00354588604393934,-0.000527229643846476
11.248518567158,-1.19677446036924e-05,-2.08876547372215e-07,0.999999999999978,-2.37405176991797e-06,6.27483445273719e-06,4.25982737298623e-05,-0.000653327276124997
11.2508434060041,-3.036139900893e-06,-5.29906378217571e-08,0.999999999999999,6.70523506651071e-05,3.08554034711723e-06,-0.00137183448690701,-0.000191929960889929
11.2543765821146,-7.6212674228196e-06,-1.33016209703185e-07,0.999999999999991,-2.26497546059883e-05,4.69685667309117e-06,0.000456053215464771,-0.000441898909931731
11.2592682283482,-4.30519538444539e-05,-7.5139834400228e-07,0.999999999999718,-0.000126415955847947,1.72703104328922e-05,0.00257039310677472,-0.00243971544621265
11.2613961088538,-3.32716293547793e-06,-5.80699479744095e-08,0.999999999999998,0.000325830512664165,3.13164296120094e-06,-0.00664448376423295,-0.000225299510144397
11.2635239893594,4.02380052110008e-07,7.02285675366599e-09,1,3.05904417831496e-05,1.79392863249945e-06,-0.000628660455876439,-1.19756669411367e-05
11.2674288964522,8.30268903490439e-06,1.44909260428312e-07,0.999999999999989,3.53110587267007e-05,-1.03657919120278e-06,-0.000724859198046613,0.000408635123026104
11.2713268381494,3.41385372027493e-05,5.95829876002514e-07,0.999999999999822,0.00011568172399685,-1.02453834889594e-05,-0.00236247871647532,0.00180638006093679
11.2752247798467,4.38366449764598e-05,7.65093787866981e-07,0.999999999999707,4.3423920882396e-05,-1.37144205679167e-05,-0.000889966384419427,0.00241403353402989
11.2773734372959,4.12085055197063e-06,7.1922410114513e-08,0.999999999999997,-0.000322606741250471,3.98377229076596e-07,0.00656819345596261,0.000205327378756391
11.2795220947451,6.43079662017972e-07,1.12238574548259e-08,1,-2.8249525154445e-05,1.62394745843215e-06,0.000570388839694898,6.24898403030149e-06
11.2834537014818,-7.41512219074126e-06,-1.2941829666613e-07,0.999999999999992,-3.57721826062244e-05,4.46941393596223e-06,0.000723741378040579,-0.000422671860029067
11.2873690755797,-3.37179863296938e-05,-5.8848987859556e-07,0.999999999999827,-0.000117248459648898,1.38035295693689e-05,0.00238396520996105,-0.00184627385454897
11.2912844496776,-4.08159291862343e-05,-7.12372351560578e-07,0.999999999999746,-3.16400093240347e-05,1.63073416013152e-05,0.000639482197443439,-0.00232029360920821
11.2935496941709,5.93587411775029e-07,1.03600547338656e-08,1,0.00031905271524417,1.56949331325011e-06,-0.00650607399393097,-1.58151064686668e-05
11.2958149386643,1.66377778908548e-06,2.90384004410935e-08,1,8.2456201801085e-06,1.17753450820216e-06,-0.000173031567320435,5.65425997566396e-05
11.2995519553569,9.12881550517429e-06,1.593278873724e-07,0.999999999999987,3.48645718356849e-05,-1.49608394757261e-06,-0.000715441935554768,0.000457289965128347
11.3,5.84932546915584e-06,1.02089988457531e-07,0.999999999999995,-0.000127750436921618,-3.32008436133897e-07,0.00259812393563278,0.000282036259531205
11.3022402232154,1.45400585246313e-06,2.53771894687485e-08,1,-3.42433729193068e-05,1.21997099832503e-06,0.00069277892656534,4.81960911734492e-05
11.3075650699692,1.52728063462191e-05,2.66560756761005e-07,0.999999999999964,4.52939921928728e-05,-3.72081794686217e-06,-0.000927874392200032,0.000804144426752422
11.3106901437678,-3.57165709230251e-06,-6.23371760128858e-08,0.999999999999998,-0.000105244853070613,2.96565625074133e-06,0.00213962121486183,-0.000204665885921552
11.3138152175665,-1.42599204520632e-05,-2.48882562960979e-07,0.999999999999969,-5.96931141365667e-05,6.75150078159257e-06,0.00121144164098938,-0.000787444640806874
11.3173932218327,-2.86217712412106e-05,-4.99544145911728e-07,0.999999999999875,-7.00562560306615e-05,1.18416656165419e-05,0.00142262682106144,-0.00157622845358803
11.321335011487,-1.63920654795221e-05,-2.8609551382016e-07,0.999999999999959,5.4150183243754e-05,7.47282644390251e-06,-0.00110833899211594,-0.00101074158008128
11.3237244734281,8.74368023710363e-06,1.52606008879016e-07,0.999999999999988,0.000183598455850946,-1.47739066499968e-06,-0.00374570398255021,0.000421199819721622
11.3261139353692,3.89510228067264e-06,6.79823594996778e-08,0.999999999999998,-3.5415357710468e-05,2.35653682402307e-07,0.000716916355913493,0.000177499242191418
11.3297101849734,9.51795650599494e-06,1.66119679091226e-07,0.999999999999986,2.72887953822494e-05,-1.78106512611209e-06,-0.000560783880567919,0.000483205076304168
11.3345863090836,5.28008697619337e-05,9.21549025262327e-07,0.999999999999575,0.000154924142433311,-1.71964877791199e-05,-0.00316140900121047,0.00290635743823842
11.3365861348937,8.42360390457355e-06,1.47019623018658e-07,0.999999999999989,-0.000387298432853191,-1.42403839449197e-06,0.00788691160235624,0.000438856816936238
11.3385859607038,1.72212590179667e-06,3.00567671202285e-08,1,-5.84865218289501e-05,9.49895576732329e-07,0.0011870703734275,6.63442787506311e-05
11.3425789998975,-5.87337845485879e-06,-1.02509792252983e-07,0.999999999999995,-3.31994135150777e-05,3.63273195576433e-06,0.000671878298432898,-0.000334042728372738
11.3461688133048,-2.46442729999583e-05,-4.30123705609599e-07,0.999999999999908,-9.12621008920029e-05,1.02918810122587e-05,0.00185501258729242,-0.00134708014332288
11.349758626712,-3.34615131605912e-05,-5.84013577351697e-07,0.999999999999829,-4.28684876575996e-05,1.34110886142768e-05,0.000868905218224367,-0.00185435660208226
11.3528819842376,8.62524700742157e-06,1.50538959077294e-07,0.999999999999989,0.000235180420560355,-1.57074374272454e-06,-0.00479670746440171,0.000398276982201742
11.3560053417632,3.30369604408686e-05,5.76603734544242e-07,0.999999999999834,0.000136412425403093,-1.02664201329948e-05,-0.00278407973439501,0.00172870987841222
11.3590536208003,2.47441783460421e-05,4.31867382839105e-07,0.999999999999907,-4.74813328910569e-05,-7.33068341614253e-06,0.000963080046520162,0.00130764891976355
11.3624774063708,9.42346023838034e-06,1.64470408090506e-07,0.999999999999986,-7.80998018849818e-05,-1.89711739866999e-06,0.00158700534997649,0.000510619939442216
11.3653959007221,-1.25953853893658e-05,-2.1983094560202e-07,0.999999999999976,-0.000131677950146043,5.92065636545923e-06,0.00267870100918165,-0.000687451978286861
11.3683143950734,-1.15793130760422e-05,-2.02097138296168e-07,0.99999999999998,6.07635484986573e-06,5.54641725085649e-06,-0.000128230200080913,-0.000647139491574967
11.3718950824631,-1.52433098439392e-05,-2.66045945678398e-07,0.999999999999965,-1.78593662114055e-05,6.83377540964054e-06,0.000359528218650609,-0.000859888052775144
11.3753827992869,1.01226169515624e-05,1.76672994722955e-07,0.999999999999984,0.000126936607176064,-2.20252882921629e-06,-0.00259089389862402,0.000481380910650701
11.3788705161107,6.54786682891377e-05,1.14281835146641e-06,0.999999999999347,0.000277013704253925,-2.19042158633925e-05,-0.00564887805679999,0.00345928653784849
11.3818881725967,4.28206690539589e-05,7.47361662898358e-07,0.999999999999721,-0.000131047616056372,-1.38588092654681e-05,0.0026661108165333,0.00228722532400645
11.3849511106857,7.24318617884763e-06,1.26417447155838e-07,0.999999999999992,-0.000202728294762526,-1.21902133852704e-06,0.00412668737001485,0.000391187868894527
11.3880342437096,-1.74628966939396e-05,-3.04785044244873e-07,0.999999999999954,-0.00013985854261093,7.55434707561327e-06,0.0028456016480901,-0.000944718082074552
11.3911173767335,-2.09170021642734e-05,-3.65070557413342e-07,0.999999999999933,-1.95533286111262e-05,8.76973444925691e-06,0.000394205298381641,-0.00114815158959502
11.3945304538253,-1.75112960862524e-05,-3.05629772996697e-07,0.999999999999953,1.74155997119658e-05,7.54420115539983e-06,-0.000359069912837895,-0.000986970205124472
11.397784509217,1.12810147618614e-05,1.96890850560564e-07,0.999999999999981,0.000154429031796381,-2.70895110095911e-06,-0.00315088436490795,0.000550580776306496
11.4010385646088,3.62368820977063e-05,6.32452903261923e-07,0.9999999999998,0.000133852070806117,-1.15974994071461e-05,-0.00273152950277549,0.00190564357708812
11.4042062375106,2.96847216706557e-05,5.18096130691031e-07,0.999999999999866,-3.61011935624111e-05,-9.28008303184279e-06,0.000731583230697141,0.00158116350453511
11.4077156479103,4.03317362236301e-06,7.03921590148209e-08,0.999999999999998,-0.000127572418349705,-1.71430953540464e-07,0.00259549355612023,0.000242465364866322
11.4104685816196,-1.56561195894943e-05,-2.73250834922656e-07,0.999999999999963,-0.000124827921856356,6.81954784007076e-06,0.0025394649969413,-0.000849978468788899
11.4132215153289,-8.73937864521886e-06,-1.5253093193755e-07,0.999999999999988,4.38513657551056e-05,4.34857799188696e-06,-0.000897576952127869,-0.000493818047132773
11.4168103998048,-1.1036448349015e-05,-1.92622361416602e-07,0.999999999999981,-1.1171000278376e-05,5.1511503832124e-06,0.000223627257082407,-0.000629639538664511
11.4203711180381,1.06263631133174e-05,1.85465023839864e-07,0.999999999999983,0.000106182899202736,-2.56714587895386e-06,-0.00216762342776002,0.000514414901380577
11.4239318362714,6.72097091450694e-05,1.17303071388894e-06,0.999999999999312,0.000277350137062779,-2.27042883825851e-05,-0.00565535972919007,0.00355633149331992
11.4270150098465,4.75515378749647e-05,8.29930900304827e-07,0.999999999999656,-0.000111281381092089,-1.57248431644835e-05,0.00226372114578879,0.00254781283855928
11.4301056266488,5.82939353907018e-06,1.01742110651259e-07,0.999999999999995,-0.000235612771248059,-8.9872789812845e-07,0.0047971379872663,0.000323919917933608
11.4330980752059,-1.87230558056091e-05,-3.26778969842512e-07,0.999999999999947,-0.000143200817761578,7.82145885933194e-06,0.00291406404852503,-0.00101122747070872
11.4360905237631,-1.74597234360218e-05,-3.04729660446193e-07,0.999999999999954,7.36831694019045e-06,7.36063202184994e-06,-0.00015399657794633,-0.000961626671318999
11.4395290921088,-1.45914135088927e-05,-2.54668208250155e-07,0.999999999999968,1.45588067946843e-05,6.32739236196418e-06,-0.000300485421836641,-0.000826636814329708
11.4427944012073,1.11776403559904e-05,1.95086626815823e-07,0.999999999999981,0.000137737292704966,-2.84941678148219e-06,-0.0028103952387817,0.000549759526457516
11.4460597103057,3.36941758660432e-05,5.88074307608432e-07,0.999999999999827,0.000120352367553405,-1.08693050822684e-05,-0.00245608855363271,0.0017728099105331
11.4492953765728,3.02715617354466e-05,5.28338422004248e-07,0.99999999999986,-1.8461695574981e-05,-9.66397629356935e-06,0.000372513321593075,0.00161615605609119
11.4528927841629,1.30064841242031e-06,2.27005972075715e-08,1,-0.0001405561677767,6.26175256912777e-07,0.00286043526976796,0.000109832064433704
11.4555462142971,-1.54853023060332e-05,-2.70269510906946e-07,0.999999999999963,-0.000110411841764749,6.58590534777382e-06,0.00224604748923922,-0.000839133279668319
11.4581996444313,-6.96859023234171e-06,-1.21624843776679e-07,0.999999999999993,5.60198157142562e-05,3.54727632998138e-06,-0.00114517016242192,-0.000396948490311747
11.4618058889756,-9.92964908874189e-06,-1.733050701662e-07,0.999999999999985,-1.43307603672934e-05,4.58721979038942e-06,0.000288372972949347,-0.000566078356072824
11.4655602429859,9.85102721208648e-06,1.71932859554466e-07,0.999999999999985,9.19566798375705e-05,-2.46119040414951e-06,-0.00187739626450519,0.000468843355883064
11.4685190088075,2.32550837611736e-05,4.05877779459535e-07,0.999999999999918,7.90684136582647e-05,-7.23861242173279e-06,-0.0016146671637907,0.00121278205110415
11.4714777746292,1.46276508480818e-05,2.55300669131166e-07,0.999999999999967,-5.08918648532355e-05,-4.18077502728614e-06,0.00103348408720274,0.000765476057764168
11.4751724973062,9.11454339025394e-06,1.59078791975817e-07,0.999999999999987,-2.60430580495608e-05,-2.23296827405974e-06,0.000527186185130255,0.000496289652210741
11.4780533180568,-1.07507940813204e-05,-1.87636753922958e-07,0.999999999999982,-0.000120353043774764,4.82174158524515e-06,0.00244885415309028,-0.000586290310311196
11.4809341388074,-9.30144216699714e-06,-1.62340790997936e-07,0.999999999999987,8.78081807767847e-06,4.29621537643845e-06,-0.000182422390808415,-0.000520953488664869
11.4846145868632,-1.51974663848776e-05,-2.65245826377271e-07,0.999999999999965,-2.79599205902245e-05,6.38028228694969e-06,0.000566253586209924,-0.000852513195880969
11.4881353348259,9.24687835143581e-06,1.61388472763939e-07,0.999999999999987,0.000121177177027997,-2.32524066709167e-06,-0.00247263452152493,0.000437452458921332
11.4916560827886,7.03137360552946e-05,1.22720620354283e-06,0.999999999999247,0.000302724802253792,-2.40548971526772e-05,-0.00617188640484763,0.00371900899489066
11.4946554785896,4.53124831429776e-05,7.90852023099305e-07,0.999999999999687,-0.00014548069324145,-1.51733549619929e-05,0.00296111043015546,0.0024246005530449
11.4976532411772,7.85725534690605e-06,1.37134975973439e-07,0.999999999999991,-0.000218068318629031,-1.86283202328863e-06,0.00444015246363487,0.000425290294688554
11.5007904007479,-1.72109604449376e-05,-3.00387927194665e-07,0.999999999999955,-0.000139464663274271,7.04190284804479e-06,0.00283847049236643,-0.000926418042392203
11.5039275603186,-2.39686547126782e-05,-4.18331942009877e-07,0.999999999999913,-3.75957971395616e-05,9.43472027899233e-06,0.000762733733177122,-0.00130736389159698
11.5073078119535,-1.95558497805359e-05,-3.41313966695755e-07,0.999999999999942,2.27846869504632e-05,7.85412829086863e-06,-0.000467595954047405,-0.00109374003896693
11.5105694852707,1.12480186825072e-05,1.96314960335584e-07,0.999999999999981,0.000164832242455166,-3.11159366027297e-06,-0.00336199272112663,0.000550104987879015
11.5138311585879,3.94890962907914e-05,6.89214748911336e-07,0.999999999999763,0.000151118686833401,-1.31656723113274e-05,-0.00308249100178587,0.00208200302253581
11.5169448903845,2.98653286607912e-05,5.21248317321012e-07,0.999999999999864,-5.39437699086327e-05,-9.75294569822559e-06,0.00109602458917037,0.00159380673223857
11.5203712524845,5.26967865620155e-06,9.19732430727873e-08,0.999999999999996,-0.000125285962697201,-1.01655610864329e-06,0.00254975666161238,0.000304625444199437
11.5232073746728,-1.59411739580277e-05,-2.78225972200756e-07,0.999999999999961,-0.000130530065593992,6.51769544330489e-06,0.00265653277668551,-0.00086114693879688
11.5260434968611,-1.07611617572743e-05,-1.87817704004134e-07,0.999999999999982,3.18774235359323e-05,4.66646668100939e-06,-0.000652732371659306,-0.000598566786374985
11.5296067767216,-1.23241877249722e-05,-2.15097653434632e-07,0.999999999999977,-7.65585373553088e-06,5.21111374239594e-06,0.0001528499255501,-0.000697122081984433
11.5330476268982,1.07589260891154e-05,1.8777868423378e-07,0.999999999999982,0.000117086277226155,-3.00888047903578e-06,-0.00238894279018215,0.000527750568186709
11.5364884770747,5.05927418329702e-05,8.83009922596686e-07,0.99999999999961,0.000202052168122748,-1.71858512740112e-05,-0.00412019415767673,0.00267581254741343
11.5396374426249,3.97002827981411e-05,6.92900648800375e-07,0.99999999999976,-6.03719763741664e-05,-1.33214973094553e-05,0.00122718203899657,0.00212838673854117
11.542926935015,4.08611290370217e-06,7.13161237778288e-08,0.999999999999997,-0.000188960621063233,-6.65567607329672e-07,0.00384738075092735,0.000244307579916932
11.545771378173,-1.76509122382242e-05,-3.0806653453757e-07,0.999999999999953,-0.000133376776138545,7.05621724125007e-06,0.00271469121364742,-0.0009514134551595
11.5486158213309,-1.17668904598115e-05,-2.05370981245219e-07,0.999999999999979,3.61039217836651e-05,4.95502411836081e-06,-0.000738701041370377,-0.000652064309442732
11.5521401804318,-1.19831494881703e-05,-2.09145413327244e-07,0.999999999999978,-1.0709555904803e-06,5.02137159140552e-06,1.88254009152423e-05,-0.000678663767855017
11.5555381129209,1.09430443267226e-05,1.90992153692995e-07,0.999999999999982,0.00011775912803258,-3.14214958511212e-06,-0.00240249657781718,0.00054031651858528
11.5589360454099,4.41638078954022e-05,7.70803857992959e-07,0.999999999999703,0.000170636616876323,-1.49666103270618e-05,-0.00347989866784247,0.00233487154305426
11.5621343800598,3.71036467851752e-05,6.47580800898271e-07,0.99999999999979,-3.85272557697329e-05,-1.24648539059116e-05,0.000782205958720312,0.00198995388114856
11.565539942943,2.16435730012891e-06,3.77751610768245e-08,0.999999999999999,-0.000179061629671833,-4.87272978918019e-08,0.00364583683629862,0.000151033252999168
11.5682883461035,-1.71201580466749e-05,-2.98803126376274e-07,0.999999999999955,-0.000122463215112017,6.8015000159371e-06,0.00249243903237975,-0.000922702295107377
11.5710367492639,-9.23444667145075e-06,-1.61171499016646e-07,0.999999999999987,5.00769426189088e-05,3.98912998344107e-06,-0.00102327419534494,-0.000515190601456763
11.5746005095977,-1.07187626567441e-05,-1.87077700099998e-07,0.999999999999982,-7.26934436021884e-06,4.50686998698911e-06,0.000145279130766502,-0.000607458581083707
11.5781325971301,1.07808429886009e-05,1.88161206291631e-07,0.999999999999982,0.000106237148130661,-3.14920442224443e-06,-0.00216757776781339,0.000529834649489864
11.5816646846625,6.08311674092459e-05,1.06170415912301e-06,0.999999999999436,0.000247316337665709,-2.09587979571101e-05,-0.00504222881551547,0.00322305565253867
11.5847872458214,4.53734430295917e-05,7.91915973832364e-07,0.999999999999686,-8.63996480968939e-05,-1.54698150029405e-05,0.00175784641992006,0.00243686212440245
11.5879601318055,4.50947651435204e-06,7.87052127168003e-08,0.999999999999997,-0.000224782978237538,-9.45601230832314e-07,0.00457760343260408,0.000264114526812265
11.5908722831657,-1.86650877428326e-05,-3.2576723628606e-07,0.999999999999947,-0.000138891286536657,7.28810923224429e-06,0.00282736350029848,-0.00100365715108011
11.5937844345259,-1.4335067254549e-05,-2.50194122086702e-07,0.999999999999969,2.59509568194511e-05,5.7402253254015e-06,-0.000531525911742032,-0.000788696868253533
11.597265538097,-1.29463421186916e-05,-2.25956296060786e-07,0.999999999999974,6.96268454252545e-06,5.23691473170487e-06,-0.000144583630853433,-0.000730988034710904
11.6005780334403,1.09612728894542e-05,1.91310302130567e-07,0.999999999999982,0.000125967452012629,-3.27440478928993e-06,-0.00256945856191772,0.000544154141970512
11.6038905287835,3.58823852178587e-05,6.26265765520537e-07,0.999999999999804,0.000131307494296692,-1.21459771515108e-05,-0.00267821428951791,0.00189507298341533
11.6071368143173,3.25307986658775e-05,5.67769545022911e-07,0.999999999999839,-1.80194317130131e-05,-1.09623677497599e-05,0.000364604219012619,0.00174436573733326
11.6106990506575,4.33019290963745e-07,7.55761235196868e-09,1,-0.00015726411141138,4.43840507754927e-07,0.00320197964659339,6.99281721279253e-05
11.6133501075528,-1.59986166555275e-05,-2.79228536403355e-07,0.999999999999961,-0.000108178043729608,6.28044891785241e-06,0.00220161567272484,-0.000861318460505588
11.6160011644482,-7.15497204292804e-06,-1.24877820037239e-07,0.999999999999992,5.82223326238669e-05,3.12843061630106e-06,-0.00118896667479103,-0.000401787363149803
11.6195992257988,-9.91296663373605e-06,-1.73013906399032e-07,0.999999999999985,-1.33783395198395e-05,4.10006649533055e-06,0.000270044277833762,-0.000560037269998673
11.6233471519504,9.89611436345985e-06,1.72719778796276e-07,0.999999999999985,9.22466642127523e-05,-2.95440041266103e-06,-0.00188223209923515,0.000476971513881871
11.62631521337,2.33839443722522e-05,4.08126821398989e-07,0.999999999999917,7.93134000017509e-05,-7.7584849560749e-06,-0.00161859337265896,0.00122495636026436
11.6292832747896,1.48182207646403e-05,2.58626741630363e-07,0.999999999999967,-5.03696044769319e-05,-4.7194741738756e-06,0.00102390427709073,0.000781088547756713
11.6329796833926,8.83637474943067e-06,1.54223833317654e-07,0.999999999999988,-2.82444176292152e-05,-2.60106285124602e-06,0.000573099878861546,0.000487459439506644
11.635854412352,-1.11595687198948e-05,-1.94771217264731e-07,0.999999999999981,-0.000121401027891373,4.50313365016978e-06,0.00247125784785471,-0.000602985148480587
11.6387291413114,-9.42115040184705e-06,-1.64430093837817e-07,0.999999999999986,1.05544292541103e-05,3.87783231830216e-06,-0.000217516621808518,-0.000522333703607429
11.6424024791263,-1.50031658940751e-05,-2.61854643074527e-07,0.999999999999966,-2.65220772353088e-05,5.85407437019851e-06,0.000537996272466295,-0.000836956387541041
11.6459203230808,9.29982269584523e-06,1.62312525894194e-07,0.999999999999987,0.000120575890930753,-2.79752292831633e-06,-0.00245934652316157,0.000445961519563439
11.6494381670353,6.89658526188537e-05,1.20368119964386e-06,0.999999999999276,0.000296024692175164,-2.4025358183514e-05,-0.00603433112150041,0.00365277674038371
11.652447397051,4.49849685069723e-05,7.85135814352544e-07,0.999999999999692,-0.000139087202742866,-1.55036537948935e-05,0.00283185543949856,0.00241241070008546
11.6554615480773,7.60655459176247e-06,1.32759422358948e-07,0.999999999999991,-0.000216437858057125,-2.21742796431735e-06,0.00440794960658387,0.00041786732043508
11.6585804143168,-1.7456175637587e-05,-3.04667739682309e-07,0.999999999999954,-0.000140251978906562,6.68857380734278e-06,0.00285552540174186,-0.000934765434728414
11.6616992805564,-2.30889637803129e-05,-4.02978438840165e-07,0.999999999999919,-3.15212938314911e-05,8.68453948454805e-06,0.000639965142428007,-0.00125535258633551
11.665088135647,-1.89589740900574e-05,-3.30896520671792e-07,0.999999999999945,2.12702863475874e-05,7.20790453347594e-06,-0.000435732691890796,-0.00105633560731068
11.6683497323947,1.11663432592825e-05,1.94889455282353e-07,0.999999999999981,0.000161205083470859,-3.51323889579517e-06,-0.00328708428991914,0.000551504728237987
11.6716113291423,3.85544300426003e-05,6.72901745473142e-07,0.999999999999774,0.000146557752896455,-1.32607219495193e-05,-0.00298856167940736,0.00203741401799091
11.6747405555713,2.9789699661591e-05,5.19928342274979e-07,0.999999999999865,-4.88853736434867e-05,-1.01504601361832e-05,0.000993939519519066,0.00159504672078639
11.678188938619,4.80327001927567e-06,8.38328766986918e-08,0.999999999999996,-0.000126463754042213,-1.27176333474252e-06,0.00257474203963327,0.000286753697327494
11.6810012277897,-1.60178171163817e-05,-2.79563647663161e-07,0.999999999999961,-0.000129217339435012,6.12668706281587e-06,0.00263075734693171,-0.000860419504599195
11.6838135169604,-1.0264476860515e-05,-1.79148917210756e-07,0.999999999999984,3.57056918250095e-05,4.07437512479279e-06,-0.000729765615639148,-0.000566979370070673
11.6873843574578,-1.2023582340318e-05,-2.09851099723193e-07,0.999999999999978,-8.598026860876e-06,4.69219449061007e-06,0.00017301791168476,-0.000675460776841431
11.6908543837669,1.06348672415101e-05,1.85613448876837e-07,0.999999999999983,0.000113965864626145,-3.37352635466246e-06,-0.00232439760585034,0.000525552549223955
11.6943244100761,5.3937814112901e-05,9.41392447598648e-07,0.999999999999557,0.00021780209467712,-1.87810237533602e-05,-0.00444016731457661,0.00285877136002385
11.6974600346595,4.13904242234307e-05,7.22399181496019e-07,0.999999999999739,-6.98403971134712e-05,-1.43250727368518e-05,0.00142107286698562,0.00222452411961994
11.70070370482,4.33276854620521e-06,7.5621076858129e-08,0.999999999999997,-0.000199397001743023,-1.15258614416976e-06,0.00406098214093263,0.00026011120925455
11.703578780371,-1.80538990774848e-05,-3.15099981724871e-07,0.99999999999995,-0.000135899405648128,6.80286962418113e-06,0.00276704233577719,-0.000967947200414964
11.7064538559221,-1.28872092771045e-05,-2.24924233279029e-07,0.999999999999975,3.13646535001439e-05,4.95939286728857e-06,-0.000641192457085378,-0.000707468358668324
11.7099611609001,-1.25169734556811e-05,-2.18462399186366e-07,0.999999999999976,1.84239298642692e-06,4.82048246222558e-06,-3.96060239801465e-05,-0.000703413182153877
11.713321756917,1.08805032382066e-05,1.89900605780609e-07,0.999999999999982,0.000121515053551223,-3.50740623163849e-06,-0.00247809872171294,0.000542303445476577
11.716682352934,4.0356767936574e-05,7.04358475956436e-07,0.999999999999752,0.000153085306170979,-1.39969631006508e-05,-0.0031213382435799,0.00213676461992377
11.7199000418606,3.49596201418331e-05,6.10160476721477e-07,0.999999999999814,-2.92750484536109e-05,-1.20837520138174e-05,0.000594591686913837,0.00187889522156334
11.723370943468,1.42044072402803e-06,2.47913674637012e-08,1,-0.000168650447484633,-1.62550267810841e-07,0.00343461241329887,0.000119889404096573
11.7260786180228,-1.67295737896022e-05,-2.919861450839e-07,0.999999999999957,-0.00011699246203219,6.28675909806814e-06,0.00238186282559452,-0.000897176249401004
11.7287862925776,-8.36614978261278e-06,-1.460168594216e-07,0.999999999999989,5.39094646377288e-05,3.30706249830888e-06,-0.00110046334574457,-0.000463727854959048
11.7323664056194,-1.04293085361451e-05,-1.82025772662081e-07,0.999999999999983,-1.0058038061989e-05,4.03384100766614e-06,0.000203004346755268,-0.000586066499793894
11.7359798870153,1.0473370682665e-05,1.82794802194349e-07,0.999999999999983,0.000100960966691174,-3.40695856095303e-06,-0.00205917749485125,0.000515709684458695
11.7395933684113,7.47476924618684e-05,1.30459334172738e-06,0.999999999999149,0.000310448129271791,-2.62721870598395e-05,-0.00632775597640189,0.00396779312654968
11.7426584995715,5.10941289290938e-05,8.91760778251053e-07,0.999999999999602,-0.000134686752995199,-1.7865538097202e-05,0.00274267185420886,0.00274926980536031
11.7456827018769,5.99384587476651e-06,1.04612345371755e-07,0.999999999999995,-0.000260282994781792,-1.83170935566661e-06,0.00530183735156407,0.000340336995435128
11.749410982463,-7.61905276948324e-05,-1.32977556710636e-06,0.999999999999116,-0.000384731749496709,2.73895198735025e-05,0.00783772265924687,-0.00403604535848114
11.7524494804796,-7.44085348129734e-05,-1.29867392407084e-06,0.999999999999157,1.02358608972959e-05,2.67498368410908e-05,-0.000210526065476454,-0.00401079474868193
11.7550886517987,-1.46766086066783e-05,-2.56155143213072e-07,0.999999999999967,0.000395017471321904,5.5020292655736e-06,-0.00805093910414393,-0.000816122553624944
11.759178784219,2.542946850659e-05,4.43827952472186e-07,0.999999999999902,0.000171139470258758,-8.76900371414007e-06,-0.00348913715095139,0.00125918019508696
11.7616461734475,1.74207858753326e-05,3.04050071809472e-07,0.999999999999954,-5.66501138319095e-05,-5.92478644146147e-06,0.00115272338867916,0.000905525477175559
11.764113562676,5.28135698722751e-06,9.21770684003279e-08,0.999999999999996,-8.58693071044518e-05,-1.61183244343468e-06,0.00174798282662161,0.00026776596818818
11.7678028352789,9.07693005572652e-06,1.5842231544566e-07,0.999999999999987,1.79561811164479e-05,-2.96811763778842e-06,-0.000367629432775863,0.00047935767782201
11.7717850385029,-7.34140314076958e-06,-1.28131656522682e-07,0.999999999999992,-7.19586509899987e-05,2.86414328360966e-06,0.0014645814372863,-0.000366656637449905
11.7746318986312,-1.92749050804894e-05,-3.36410556663917e-07,0.999999999999943,-7.31609179068019e-05,7.10308836702683e-06,0.00148898958583428,-0.0010366692465909
11.7774787587596,-1.03676978041794e-05,-1.80950462534715e-07,0.999999999999984,5.46075631120471e-05,3.9304031383734e-06,-0.00111445068799687,-0.000572370607592456
11.7811930634008,-9.71332905576764e-06,-1.69529573352776e-07,0.999999999999986,3.07483911124816e-06,3.6912836742708e-06,-6.43779892064883e-05,-0.000556967976662386
11.7839115227105,4.37451888969032e-06,7.63497578157826e-08,0.999999999999997,9.04480454382296e-05,-1.32338619772718e-06,-0.00184467350827978,0.000212581655974259
11.7866299820203,3.64380173955789e-06,6.35963376451821e-08,0.999999999999998,-4.69141477488619e-06,-1.06800990728689e-06,9.39415534108289e-05,0.000180180808779194
11.7908126956969,1.67902693451432e-05,2.93045482369416e-07,0.999999999999957,5.48565267577475e-05,-5.75025403228161e-06,-0.00111942735911164,0.000895191461463016
11.7947734080016,3.56333476596165e-06,6.21919240168122e-08,0.999999999999998,-5.8285868953033e-05,-1.05241021832703e-06,0.00118611084384388,0.000241503308514269
11.7974062696012,-1.42231260643418e-05,-2.48240379748984e-07,0.999999999999969,-0.000117906806729152,5.26860957761763e-06,0.00240081734526528,-0.000761142396709217
11.8000391312008,-6.50654530303439e-06,-1.13560638468122e-07,0.999999999999994,5.11533691336299e-05,2.51998591164313e-06,-0.00104396815480817,-0.000361533590895698
11.8036643841349,-1.02483648874074e-05,-1.78867710231036e-07,0.999999999999984,-1.80144869748356e-05,3.84489074585442e-06,0.000365465488415137,-0.00057182864332513
11.8075382803922,8.36915236793952e-06,1.46069264421624e-07,0.999999999999989,8.38785948489587e-05,-2.78250816321219e-06,-0.00171078378688744,0.000393530717654993
11.8103945950099,2.05352944300204e-05,3.584085006703e-07,0.999999999999936,7.43402827324873e-05,-7.11355358161498e-06,-0.0015163054488631,0.00107636939753473
11.8132509096275,1.13770829851558e-05,1.98567557363592e-07,0.99999999999998,-5.59605522162291e-05,-3.86089282022878e-06,0.00113876137498736,0.000599145531539555
11.8169497301699,1.00500348428509e-05,1.75406197947897e-07,0.999999999999985,-6.26182296498539e-06,-3.39451498407138e-06,0.000126088257273521,0.000548247151608911
11.8197603404817,-5.52843410581132e-06,-9.6489377625956e-08,0.999999999999995,-9.67389802951749e-05,2.14143855131765e-06,0.00196966242957321,-0.000300046514917948
11.8225709507936,-5.05632936607062e-06,-8.82495955032098e-08,0.999999999999996,2.931670067549e-06,1.96924878495822e-06,-6.12641907825051e-05,-0.000282891553130765
11.8265618151927,-1.70091198742293e-05,-2.96865144671701e-07,0.999999999999956,-5.22732742352157e-05,6.21408012875778e-06,0.00106363707691537,-0.000936476342154293
11.8302987288647,3.33974233716623e-06,5.82894999518013e-08,0.999999999999998,9.50395636053494e-05,-1.02850272456214e-06,-0.00193811885660344,0.000116397099321701
11.8330890190724,1.90670270477378e-05,3.32782400549833e-07,0.999999999999945,9.83743195752874e-05,-6.62562686354486e-06,-0.00200592903332371,0.000995658069064881
11.8358793092801,1.04817194076879e-05,1.82940514934344e-07,0.999999999999983,-5.37011831970407e-05,-3.57634009684096e-06,0.00109282065295997,0.000550032910290904
11.8394926580699,1.10314946688385e-05,1.92535903387433e-07,0.999999999999981,2.65553895052476e-06,-3.77698851922043e-06,-5.55297686586574e-05,0.000594800740206542
11.842743768019,-9.22724718364134e-06,-1.61045844249915e-07,0.999999999999987,-0.000108757240808126,3.42317402827227e-06,0.00221467826681615,-0.000488596832591664
11.8459948779682,-2.49441575721345e-05,-4.35357678770008e-07,0.999999999999905,-8.43748254619199e-05,9.00804234287383e-06,0.00171783434023797,-0.0013441805740352
11.8494138571998,-2.97712037957143e-05,-5.19605528517424e-07,0.999999999999865,-2.4641228869871e-05,1.07197906576472e-05,0.000500660635474995,-0.00162902086461864
11.8532689467921,8.13101199547521e-06,1.41912930840196e-07,0.99999999999999,0.000171596131174699,-2.76552056982635e-06,-0.00349805391155403,0.000317271694949549
11.8556871516488,1.42249164543607e-05,2.48271627949709e-07,0.999999999999969,4.39825008265334e-05,-4.93558517277042e-06,-0.000897386586959985,0.000732557410286222
11.8581053565055,4.72070269287446e-06,8.2391804998422e-08,0.999999999999997,-6.85962657341317e-05,-1.55873331003637e-06,0.00139642919554432,0.000238943771601083
11.8616815543457,8.98306135430759e-06,1.56783997541328e-07,0.999999999999988,2.08020349730816e-05,-3.07940066154089e-06,-0.000425219022952924,0.000473282770201303
11.8666977784708,2.2741218172072e-05,3.96909133017012e-07,0.999999999999921,4.78696983002228e-05,-7.97825628856724e-06,-0.000976602222076985,0.00135283718211589
11.8688470705967,-8.66775738808255e-07,-1.51280905186104e-08,1,-0.000191708339024795,4.14135598674358e-07,0.00390472369302604,-3.62844692859391e-05
11.8709963627226,-6.11889436441314e-07,-1.06794853240735e-08,1,2.06980016393591e-06,3.205590873411e-07,-4.35382934713966e-05,-4.14807662059777e-05
11.8745826464191,-7.1193640022288e-06,-1.24256342486853e-07,0.999999999999992,-3.16697915657517e-05,2.63019169202109e-06,0.000644018376726576,-0.000390688627176428
11.8793888021132,-9.19943334687131e-05,-1.60560401220597e-06,0.999999999998711,-0.000308218826854602,3.28085609764817e-05,0.00627910771210162,-0.00498815649963279
11.8824556667579,-1.13830646745373e-05,-1.98671957538132e-07,0.99999999999998,0.000458752575565588,4.13605305482421e-06,-0.00934912728254252,-0.000688977523773616
11.8855225314026,4.12469509591097e-05,7.19895100645035e-07,0.999999999999741,0.000299513400361429,-1.4584920326699e-05,-0.00610427115323065,0.0021618501875152
11.8882736774047,2.3392701787763e-05,4.08279667133617e-07,0.999999999999917,-0.000113267501353297,-8.23849512310666e-06,0.00230682966256241,0.00124183451542194
11.8912585474453,9.79704678773118e-06,1.70990723417842e-07,0.999999999999985,-7.94972445982177e-05,-3.40700024258567e-06,0.00161866172219073,0.000523016782689013
11.8957446177371,-2.92500936806018e-05,-5.10510441243267e-07,0.99999999999987,-0.000151914954590916,1.04746914057834e-05,0.00309439904986174,-0.00147581232809461
11.8981090932379,-1.4631662924394e-05,-2.55370693072654e-07,0.999999999999967,0.000107905431068579,5.27245593903189e-06,-0.00220016467283118,-0.000780683812438516
11.9004735687388,-3.66234750616367e-06,-6.39200223347594e-08,0.999999999999998,8.09696148971876e-05,1.36842003087409e-06,-0.00165112131918875,-0.000206173323131869
11.9041515016188,-8.44220130322425e-06,-1.47344208857419e-07,0.999999999999989,-2.26823569769548e-05,3.06389830339267e-06,0.000460986735705135,-0.000468051492546411
11.9093675912219,-1.92402011847371e-05,-3.3580485941977e-07,0.999999999999944,-3.61306390234689e-05,6.89691416527633e-06,0.000734844711952886,-0.00123322227250074
11.9114194115165,-9.1832091020049e-07,-1.60277234729097e-08,1,0.000155850459611986,3.79447799466086e-07,-0.0031764313780894,-8.88039532648975e-05
11.913471231811,3.03013339804059e-07,5.28858045704521e-09,1,1.03889721661159e-05,-5.71476658444455e-08,-0.000212784456060865,9.87704632012525e-07
11.9169174654227,6.65888505758034e-06,1.16219468766629e-07,0.999999999999993,3.21890216417215e-05,-2.32149595301156e-06,-0.000657050142937693,0.000342092374598463
11.9215557917531,7.95367039925474e-05,1.38817736085363e-06,0.999999999999036,0.000274227771289585,-2.82447799680822e-05,-0.00558893061176196,0.00427518496410029
11.9257673336693,0.000138031982516221,2.40911256796096e-06,0.999999999997098,0.000242413640278375,-4.9050667739913e-05,-0.0049402067426726,0.00777532430152199
11.9276190422295,3.07981977244706e-05,5.37529953972211e-07,0.999999999999856,-0.00101073281957182,-1.0918038547374e-05,0.0205932132160989,0.00170031605472519
11.9294707507896,6.4326081883176e-06,1.12270192376889e-07,0.999999999999994,-0.000229658041635216,-2.25501301101866e-06,0.00467839579237776,0.000343352388864471
11.9325570009505,-3.434893017816e-06,-5.99501926146534e-08,0.999999999999998,-5.58024709644176e-05,1.25086984894098e-06,0.00113596846567933,-0.000186975164022146
11.936749283954,-5.25030725353984e-05,-9.1635148315598e-07,0.99999999999958,-0.000204280409936169,1.86969004677644e-05,0.00416146300330649,-0.0028134502758616
11.9406465883535,-0.000143472267561491,-2.50406345424766e-06,0.999999999996865,-0.000407387211357408,5.10442793480943e-05,0.00829993645994719,-0.00780317870958305
11.9439064672365,1.11029824538174e-05,1.93783600610271e-07,0.999999999999981,0.000827591193306431,-3.9325033035229e-06,-0.016864670321777,0.000408895055662487
11.9465784407132,4.92068871317559e-05,8.58822195106263e-07,0.999999999999631,0.000248894160180953,-1.7485770148739e-05,-0.00507238075664528,0.00258751469035709
11.9488740680474,1.07049117238375e-05,1.86835955716306e-07,0.999999999999983,-0.000292724445888681,-3.79516140784044e-06,0.00596377667077797,0.000559869712959733
11.9518819887035,6.82770970170825e-06,1.19166014665169e-07,0.999999999999993,-2.24972493587969e-05,-2.4193357427337e-06,0.000457400916586408,0.000358809578155756
11.9563121585913,7.70444834778133e-06,1.34467990718621e-07,0.999999999999991,3.45403820647854e-06,-2.73538294082506e-06,-7.13397468042533e-05,0.000452873178041601
11.9589232378782,-9.30006405776032e-06,-1.62316738454301e-07,0.999999999999987,-0.000113663622036088,3.30924602568613e-06,0.00231499250016197,-0.000496471896757908
11.9615343171651,-4.53627990949181e-06,-7.91730202127024e-08,0.999999999999997,3.18426631694443e-05,1.61239718534733e-06,-0.00064986492323285,-0.000252022320333997
11.9653515382604,-1.13740336062451e-05,-1.98514335661461e-07,0.99999999999998,-3.12639253710505e-05,4.04035183957915e-06,0.000636052927929974,-0.000627418626521266
11.9693713521492,3.65600570777843e-06,6.38093370724393e-08,0.999999999999998,6.52576661480929e-05,-1.30907630746485e-06,-0.0013307651286856,0.000133015730586354
11.9720856981687,1.67983890442179e-05,2.93187197852542e-07,0.999999999999957,8.45057553955072e-05,-5.98540916064353e-06,-0.00172282119510012,0.000877891192105688
11.9748000441881,8.14478634242168e-06,1.42153338546724e-07,0.99999999999999,-5.56428171730691e-05,-2.91037363195038e-06,0.00113288265631421,0.000427150079055053
11.9784811056581,1.07025043053804e-05,1.86793938337755e-07,0.999999999999983,1.21270997933136e-05,-3.82340296203443e-06,-0.00024803425249622,0.000577552695494821
11.981896951188,-9.6217929812504e-06,-1.679319674681e-07,0.999999999999986,-0.000103847174204163,3.40156331352552e-06,0.00211513261128414,-0.00050258496067998
11.985312796718,-4.05361228999089e-05,-7.07488810596422e-07,0.99999999999975,-0.000157957038277512,1.43926719797838e-05,0.00321768316799083,-0.00217191419345875
11.9885803229203,-3.82010667114774e-05,-6.66734391889234e-07,0.999999999999778,1.24725606420108e-05,1.35590634721497e-05,-0.000255119150094175,-0.00208076919866098
11.9920435458154,-5.74847568951775e-08,-1.00329827752936e-09,1,0.000192228774688871,-9.62808128637304e-09,-0.00391793770259043,-7.79915336967484e-05
11.9947114993155,1.72347351724918e-05,3.00802874469249e-07,0.999999999999955,0.000113122725991209,-6.16152033720103e-06,-0.00230584688066387,0.000898960600087524
11.9973794528156,8.22436621369504e-06,1.43542269318757e-07,0.99999999999999,-5.89442826292917e-05,-2.95936575950777e-06,0.00120022878119795,0.000431100070922728
12,2.0391711115648e-06,3.55902499083584e-08,0.999999999999999,-4.11944574221764e-05,-7.61963274053891e-07,0.000838528112959915,0.000101305141990669
12.0054658795276,-2.21345359981003e-06,-3.86320531568059e-08,0.999999999999999,-1.35792058149793e-05,7.46025669611422e-07,0.000275891361317181,-6.72558146798485e-05
12.0079115134621,-8.19423895591306e-06,-1.43016449475865e-07,0.99999999999999,-4.26819381462106e-05,2.87065859579937e-06,0.000868745275508179,-0.000437804260904668
12.0103571473965,-2.67783997066753e-06,-4.67371243296567e-08,0.999999999999999,3.9367839883738e-05,9.06688918693734e-07,-0.000803051368166509,-0.000151481590966982
12.014317807147,-1.01147349663621e-05,-1.76535428129615e-07,0.999999999999984,-3.27718895278412e-05,3.54818181106576e-06,0.000666932546289722,-0.00055621005481258
12.0197819349957,-3.23437220461722e-05,-5.64504442055552e-07,0.999999999999841,-7.10029165985024e-05,1.14475140952377e-05,0.00144567120369038,-0.00204700965571633
12.0216688944099,-1.02123371903985e-05,-1.78238908296321e-07,0.999999999999984,0.000204702618861978,3.57661450819867e-06,-0.00417120767308929,-0.000603825329508739
12.023555853824,-2.29467316618294e-06,-4.00496020070553e-08,0.999999999999999,7.32338519070747e-05,7.59481571532239e-07,-0.00149294834619483,-0.000139144525213778
12.0267295088035,5.18953796986055e-06,9.05745242313288e-08,0.999999999999996,4.11588931624801e-05,-1.90473002786012e-06,-0.000839477390122498,0.00026369106945386
12.0310141260809,5.39859355251944e-05,9.42232324683878e-07,0.999999999999556,0.000198771032586305,-1.92619742874271e-05,-0.00405106060496713,0.0028855384209791
12.0350695736335,0.000138010977059022,2.40874595357196e-06,0.999999999997099,0.000361615730413769,-4.91467776262301e-05,-0.00736905186200741,0.0075558071025167
12.0373491183475,1.03182280114685e-05,1.80087051771631e-07,0.999999999999984,-0.000977677203761291,-3.73679450881443e-06,0.0199206371514153,0.000577051298788515
12.0396286630614,-4.43430253826331e-07,-7.73931793222366e-09,1,-8.23964401982588e-05,8.85747730628724e-08,0.00167812864491513,-2.67044650784011e-05
12.0429856909648,-7.28164499283281e-06,-1.27088680086291e-07,0.999999999999992,-3.55520911918155e-05,2.51795633760501e-06,0.000723670352010958,-0.000394812261723996
12.0473922381634,-6.11975029540387e-05,-1.06809792054673e-06,0.99999999999943,-0.000213547977144962,2.16890884277635e-05,0.00435060178094335,-0.0033101874110317
12.0516164517934,-8.60958027040587e-05,-1.5026552293327e-06,0.999999999998871,-0.000102872947927252,3.05391421904086e-05,0.00209507722334874,-0.00494220470370722
12.0535589445031,-1.61070805048562e-05,-2.81121587693527e-07,0.99999999999996,0.000628848507636332,5.64852205918213e-06,-0.0128137521473854,-0.000920018834875778
12.0555014372129,-2.80234750048754e-06,-4.89101906685409e-08,0.999999999999999,0.000119542995376938,9.1566754045121e-07,-0.00243648508686885,-0.000165719211101596
12.0586731424847,4.83168230166412e-06,8.43287645743766e-08,0.999999999999996,4.20086180232739e-05,-1.80155135034804e-06,-0.000856705985581324,0.000244834888674242
12.0629788483287,5.59985388580133e-05,9.77358879378162e-07,0.999999999999522,0.00020740620635724,-2.00014825166175e-05,-0.00422693324288127,0.00299145092169404
12.0670083652765,0.000147995209915602,2.58300369020454e-06,0.999999999996664,0.000398470792314265,-5.27209686023809e-05,-0.00811995246817849,0.00808435171660679
12.0693429793501,1.00973378488777e-05,1.76231791149157e-07,0.999999999999984,-0.00103090781740357,-3.68144245185781e-06,0.0210054101471446,0.000568010238502497
12.0716775934236,-1.23844521528219e-06,-2.16149466122441e-08,1,-8.47449435012227e-05,3.48253564464084e-07,0.00172606516081219,-6.80879236283823e-05
12.0749744497228,-7.75502887257317e-06,-1.35350787413625e-07,0.999999999999991,-3.4498270619061e-05,2.66356537009162e-06,0.000702278654426365,-0.000420172262116675
12.0792758707522,-5.06765993116151e-05,-8.84473511701461e-07,0.999999999999609,-0.000174157033027941,1.79251349621748e-05,0.0035480297063916,-0.00274679256008936
12.0835960970214,-5.13043741326087e-05,-8.95430249288913e-07,0.999999999999599,-2.53614901276513e-06,1.81439120385359e-05,5.06401893629298e-05,-0.00308198148984755
12.0855473657671,-1.03566435133542e-05,-1.80757528763343e-07,0.999999999999984,0.000366260527714148,3.58156818965098e-06,-0.00746301291439281,-0.000612133147808126
12.0874986345129,-1.86424840983699e-06,-3.25372728267241e-08,0.999999999999999,7.59609645060198e-05,5.60323380300804e-07,-0.00154834889655824,-0.000115037916873525
12.0906356373782,5.10866429503279e-06,8.91630123273971e-08,0.999999999999996,3.87950825610993e-05,-1.9214930957244e-06,-0.000791142559501504,0.000261087559081533
12.0949032431508,4.88606705803037e-05,8.52779576358524e-07,0.999999999999636,0.000178933248458473,-1.74840288063504e-05,-0.00364666666507697,0.00261384261945467
12.099038382528,0.000132010111768524,2.30401109628443e-06,0.999999999997346,0.000350951053286387,-4.70567724768073e-05,-0.00715157119811679,0.00724536715819614
12.1012531526184,1.15989111882825e-05,2.02439189881936e-07,0.999999999999979,-0.000948889419958323,-4.23604111037322e-06,0.0193341654523743,0.00064549882299936
12.1034679227088,3.84839537280282e-07,6.71671701739239e-09,1,-8.83714628955924e-05,-2.49362497257023e-07,0.00180004174267445,1.83716962522328e-05
12.1068769317768,-6.74031595756012e-06,-1.17640706084138e-07,0.999999999999993,-3.64790531857677e-05,2.28258336608894e-06,0.000742721950237525,-0.000363842399222882
12.1113745719165,-7.40261214219594e-05,-1.29199955129394e-06,0.999999999999165,-0.000261105559521702,2.62092581477255e-05,0.00531982862975329,-0.00399207805839049
12.1154761076912,-0.000128545395672133,-2.2435403927557e-06,0.999999999997483,-0.000231996231100609,4.55945323165999e-05,0.00472634526029893,-0.00719071829704156
12.1173301457703,-2.68410967584734e-05,-4.6846551328172e-07,0.99999999999989,0.00095741015221467,9.42485818254422e-06,-0.0195085929155095,-0.00149100134677236
12.1191841838493,-5.17230307053585e-06,-9.0273718491863e-08,0.999999999999996,0.000203982754757383,1.7177581639542e-06,-0.00415692649772095,-0.000291174823844512
12.1224697699953,3.9192206765118e-06,6.84033049173704e-08,0.999999999999998,4.82948905800113e-05,-1.51739224478913e-06,-0.000984649394368752,0.000194053950640126
12.12689003558,8.42560484056623e-05,1.470545459398e-06,0.999999999998919,0.000317207671710733,-3.00907788955744e-05,-0.00646417870215167,0.00448852923362515
12.1298335075927,4.23244269320292e-05,7.38700603983605e-07,0.999999999999727,-0.000248633196534336,-1.51796269970947e-05,0.00506583783857638,0.00228550300780191
12.1327769796053,3.39569302047188e-06,5.92660235942254e-08,0.999999999999998,-0.000230827600014259,-1.33663824770219e-06,0.00470294559958241,0.00019993966103339
12.1365271653148,-5.89336268493406e-05,-1.02858582866254e-06,0.999999999999471,-0.000290079461802592,2.08282080986e-05,0.00591033299776358,-0.00311999762116106
12.1397579538196,-8.18394792595708e-05,-1.42836837119664e-06,0.99999999999898,-0.000123741477331784,2.89724097075405e-05,0.00252080926893272,-0.0044057408979594
12.142536068409,-1.84688874901853e-05,-3.2234289588412e-07,0.999999999999948,0.000398120898083474,6.43387941984169e-06,-0.00811288719826363,-0.00102071041040232
12.1457736010189,1.21114881713489e-05,2.11385345906383e-07,0.999999999999978,0.000164856483655167,-4.44335875028612e-06,-0.00335973084465496,0.000613775007305218
12.1490111336288,3.62948924342406e-05,6.33465374634635e-07,0.999999999999799,0.000130370896476806,-1.3045435122322e-05,-0.00265698524415661,0.00192880123344651
12.1521592552564,2.79698185031898e-05,4.88165424065874e-07,0.999999999999881,-4.61544907598619e-05,-1.00861334068835e-05,0.000940021405005177,0.00150852404806869
12.1556916772957,2.45598249105832e-06,4.28649808402998e-08,0.999999999999999,-0.000126060940133334,-1.01394941117725e-06,0.00256826163315074,0.000177654389939491
12.1584403626758,-1.6297191067336e-05,-2.84439642951618e-07,0.99999999999996,-0.00011907678709359,5.65387202419477e-06,0.00242582198882296,-0.000865372069433545
12.1611890480559,-9.00023411775768e-06,-1.57083718805198e-07,0.999999999999988,4.63333945270874e-05,3.05740355369813e-06,-0.000944621923377114,-0.000488738621872445
12.1647868841483,-1.12071009712124e-05,-1.95600811551109e-07,0.999999999999981,-1.07056274261555e-05,3.84049065982347e-06,0.000217655025411905,-0.000619893770435208
12.1683189662114,1.03121947571738e-05,1.79981751619579e-07,0.999999999999984,0.000106334608443115,-3.81432109091526e-06,-0.00216722364145173,0.000518103221678054
12.1718510482745,6.08962606478368e-05,1.06284025045721e-06,0.999999999999435,0.000249954129904406,-2.18055233504503e-05,-0.00509365352730473,0.00323957639767795
12.1749680952337,4.5277655450904e-05,7.90244165201751e-07,0.999999999999688,-8.74533136086593e-05,-1.6252107131995e-05,0.00178162738359447,0.00244487558665548
12.1781280535216,4.69078333399156e-06,8.18696136758295e-08,0.999999999999997,-0.000224172120955113,-1.81915035775249e-06,0.00456745167477497,0.000286135980350623
12.1810550922768,-1.88302685041411e-05,-3.28650184431843e-07,0.999999999999946,-0.000140250892606706,6.54443554193214e-06,0.00285735400151383,-0.000998860136597556
12.183982131032,-1.51027190264989e-05,-2.63592173015996e-07,0.999999999999965,2.22265630411737e-05,5.21741967214936e-06,-0.000453364639411326,-0.000816392009955138
12.1874557829719,-1.35465078876391e-05,-2.36431164786683e-07,0.999999999999972,7.81915076677469e-06,4.66240329385346e-06,-0.000159778926587898,-0.00075010289820281
12.1907647178977,1.07512454731773e-05,1.87644632197079e-07,0.999999999999982,0.00012816081503399,-3.98023469963347e-06,-0.0026119093265099,0.000545856775103542
12.1940736528234,3.58352707885316e-05,6.25443463603581e-07,0.999999999999804,0.000132308081369093,-1.29023611006983e-05,-0.00269637409050374,0.00190563491928184
12.1973114129272,3.20786988669156e-05,5.59878914983423e-07,0.999999999999843,-2.02499711276671e-05,-1.15675317838836e-05,0.000412269369571263,0.00173302255383396
12.2008655042349,5.72701026355547e-07,9.99551853945512e-09,1,-0.000154718421347956,-3.63950654352654e-07,0.00315230537422004,8.89738402327158e-05
12.2035278384305,-1.62682560495538e-05,-2.83934631622195e-07,0.99999999999996,-0.000110403175771572,5.62402998065642e-06,0.00224914687452136,-0.000862702495158303
12.2061901726261,-7.57883165184555e-06,-1.32275565779065e-07,0.999999999999991,5.69646989069456e-05,2.53262213924122e-06,-0.00116116445730277,-0.000411487279467754
12.2097874574522,-1.02650546152256e-05,-1.79159000932725e-07,0.999999999999984,-1.30330061200253e-05,3.48651381569837e-06,0.00026516990524182,-0.000566201325888653
12.2135090407784,9.78478885760083e-06,1.70776782177588e-07,0.999999999999985,9.40287378887186e-05,-3.6455128273059e-06,-0.00191639579659391,0.000484839719132772
12.2172306241046,9.83893470446684e-05,1.71721805481597e-06,0.999999999998526,0.000415533158092183,-3.51580959329798e-05,-0.00846752049962773,0.00523351272785627
12.220216700154,5.96618459815006e-05,1.04129565019475e-06,0.999999999999458,-0.000226358067725636,-2.13858434416274e-05,0.00461215731399825,0.00321897596643571
12.2230507510767,7.67722328580703e-06,1.3399282374811e-07,0.999999999999991,-0.000320143445261921,-2.89911933548524e-06,0.00652307407673863,0.000431431030869857
12.226895965383,-6.33956529948057e-05,-1.10646287621094e-06,0.999999999999388,-0.000322597286167911,2.23760074887108e-05,0.00657313866291487,-0.00333932269236878
12.2301174369262,-0.00010091405316077,-1.76128248918712e-06,0.999999999998449,-0.000203267234926052,3.57175178430231e-05,0.00414143355775469,-0.0054179991593854
12.2327420681808,-2.129681146005e-05,-3.71699480154324e-07,0.999999999999931,0.000529439328518192,7.40157740968024e-06,-0.0107885404412185,-0.00116444112593965
12.2362975199941,7.98795924209325e-06,1.39416189289638e-07,0.99999999999999,0.000143755476456439,-3.01457814506047e-06,-0.00292962922902578,0.000374661856957106
12.2390994780699,2.02972298476906e-05,3.54253489876261e-07,0.999999999999937,7.66739882526875e-05,-7.39295439480147e-06,-0.00156261304820816,0.00107060335435126
12.2419014361457,1.04458037280527e-05,1.82313668071618e-07,0.999999999999983,-6.13641664702582e-05,-3.89023864349504e-06,0.00125009570328257,0.000556477526923234
12.2455612090971,1.00129680009624e-05,1.74759259513628e-07,0.999999999999985,-2.06417410541336e-06,-3.73737852727395e-06,4.17676501385836e-05,0.000550419878971863
12.2484992946576,-6.04257268674316e-06,-1.05462788674748e-07,0.999999999999994,-9.53757276356888e-05,1.97162693729763e-06,0.00194310388415119,-0.000318343784370197
12.2514373802181,-7.72347021639579e-06,-1.34799984955825e-07,0.999999999999991,-9.98514021358452e-06,2.56846320866893e-06,0.000203137811708318,-0.000417416588090784
12.2553078037285,-2.048103352395e-05,-3.57461469204256e-07,0.999999999999936,-5.75289716096579e-05,7.10428512131587e-06,0.0011719187578395,-0.00111734655283011
12.2589455232626,3.94471730945082e-06,6.88483051103287e-08,0.999999999999998,0.000117191490525265,-1.58373408393737e-06,-0.00238831474603818,0.000155956221059751
12.2617401385225,1.9607348502845e-05,3.42212788960619e-07,0.999999999999941,9.7818289254983e-05,-7.15458353709381e-06,-0.00199342268435735,0.00103233893325902
12.2645347537825,1.06665116069919e-05,1.86165747244198e-07,0.999999999999983,-5.58384704882181e-05,-3.97559676805656e-06,0.0011375400451865,0.000567908876772214
12.2681364678477,1.07329167394284e-05,1.87324735445439e-07,0.999999999999982,3.21787954360978e-07,-4.00014348006463e-06,-6.81528615641538e-06,0.000586905472546727
12.2713560017924,-9.16798399982118e-06,-1.60011506567038e-07,0.999999999999987,-0.000107884013019867,3.07650249688119e-06,0.00219803428024185,-0.000478683796598732
12.2745755357372,-2.24878506220482e-05,-3.92487035051387e-07,0.999999999999923,-7.22078202852952e-05,7.81261713357862e-06,0.00147105597207069,-0.00120557367188493
12.2780351805196,-2.86071581679604e-05,-4.99289099669677e-07,0.999999999999875,-3.08708180558869e-05,9.98782109675228e-06,0.000628736214244233,-0.00155852664748745
12.2819828462117,1.06553703922415e-05,1.85971296364133e-07,0.999999999999983,0.000173586227784373,-3.9770255382183e-06,-0.00353749474357798,0.000447110158980471
12.2843453285876,1.32857776632764e-05,2.31880563912089e-07,0.999999999999973,1.94326391662665e-05,-4.91255125277511e-06,-0.000395992674523837,0.000688572807625768
12.2867078109635,4.05205446335459e-06,7.07216918556694e-08,0.999999999999997,-6.82159044651166e-05,-1.62918597938345e-06,0.00138979461047203,0.000210307841631706
12.2902613057519,8.52228308620641e-06,1.48741899641325e-07,0.999999999999989,2.1955908881737e-05,-3.21982511493991e-06,-0.000447626697175025,0.000454846240411147
12.295205016822,3.65913673168549e-05,6.38639837485717e-07,0.999999999999796,9.90951798967371e-05,-1.32028362867656e-05,-0.00201933548105145,0.00207455055116855
12.2974704146551,-1.65955683918464e-06,-2.89647309677619e-08,1,-0.000294696392263829,3.99597900562889e-07,0.00600443506595169,-7.37579503828844e-05
12.2997358124881,-1.41657849075956e-06,-2.47239587766865e-08,1,1.87197680210261e-06,3.12566001459153e-07,-3.84179316465029e-05,-7.75174121731025e-05
12.3,-9.52009459356442e-07,-1.6615699575901e-08,1,3.06913038545105e-05,1.47282660070349e-07,-0.000625628896047278,-5.32794175521728e-05
12.3013209375593,-4.65176588691935e-08,-8.11886307586969e-10,1,1.19640880506333e-05,-1.75057697157751e-07,-0.000244023916929067,-6.3995708034441e-06
12.3071583451045,-3.12579380576702e-05,-5.4555393649076e-07,0.999999999999851,-9.33191739589224e-05,1.09236886855434e-05,0.00190131429006615,-0.00166697157216961
12.3102311287748,-2.37696231225395e-05,-4.14858185446479e-07,0.999999999999914,4.25333394950952e-05,8.25976039628208e-06,-0.000866942998623855,-0.00128808153759418
12.3133039124451,-4.45453782139489e-06,-7.77463516379558e-08,0.999999999999997,0.000109708938206666,1.38987409997766e-06,-0.00223572077744428,-0.000259710437476252
12.3166613328965,1.73378430291927e-05,3.02602446053355e-07,0.999999999999954,0.000113286019190708,-6.36104620475836e-06,-0.00230859387940172,0.000907576372957174
12.320018753348,3.57102926738869e-05,6.23262184010095e-07,0.999999999999806,9.55077693116322e-05,-1.28955816149296e-05,-0.00194629642152784,0.00191141631241441
12.3234034306283,2.76436718364451e-05,4.82473090886776e-07,0.999999999999884,-4.15960168320624e-05,-1.00272698080795e-05,0.000847440263663156,0.00151278085925057
12.3264131134167,-9.86504357236786e-06,-1.72177491190522e-07,0.999999999999985,-0.000217514810725852,3.31164666757566e-06,0.00443200078320164,-0.000505980710520684
12.3294227962052,-2.05713173852306e-05,-3.59037219845017e-07,0.999999999999935,-6.20861870795185e-05,7.11852654302187e-06,0.00126487744490532,-0.00109971860816255
12.3326551567912,-1.99802358113281e-05,-3.48720900232549e-07,0.999999999999939,3.19157449730273e-06,6.90761623613292e-06,-6.52496221493061e-05,-0.00108510982764772
12.3364915798474,-6.59376467061072e-06,-1.15082903603836e-07,0.999999999999993,6.08999563419918e-05,2.14588579485692e-06,-0.00124119013247178,-0.000419129651671747
12.3391126056743,1.26976957042755e-05,2.21616597455946e-07,0.999999999999975,0.000128460962725643,-4.71511225355032e-06,-0.00261767662792186,0.000661853223328069
12.3417336315013,6.18678639993645e-06,1.07979792796498e-07,0.999999999999994,-4.33558507858518e-05,-2.39996444634698e-06,0.000883298357227725,0.000326388006942159
12.3453918012752,1.08863962005637e-05,1.90003457376436e-07,0.999999999999982,2.24220497269767e-05,-4.07190046070555e-06,-0.000457041667746207,0.000587568306537251
12.3493863626783,-5.86706175290739e-06,-1.02399545006064e-07,0.999999999999995,-7.32002772949998e-05,1.88584356243763e-06,0.00149146387346673,-0.000269008441194734
12.3521371767489,-1.76470416344828e-05,-3.07998979758242e-07,0.999999999999953,-7.47413054737885e-05,6.07460993177984e-06,0.00152273700142561,-0.000937920342267364
12.3548879908195,-8.55285784266839e-06,-1.49275529809582e-07,0.999999999999989,5.77005373228086e-05,2.83986155742925e-06,-0.00117592403242544,-0.000463298489474565
12.3585873847658,-1.02303141888737e-05,-1.78552666109338e-07,0.999999999999984,-7.91403584622559e-06,3.43577811397992e-06,0.000161084914235294,-0.000568272650818249
12.3617993045042,8.88864089113937e-06,1.55136049577784e-07,0.999999999999988,0.000103890739141719,-3.36414616685709e-06,-0.00211709034927709,0.000455761923516946
12.3650112242426,2.12784499126715e-05,3.71379010696808e-07,0.999999999999931,6.73251446893834e-05,-7.77084035980286e-06,-0.00137198141667432,0.0011323190318183
12.3685050117248,2.87858537247032e-05,5.02407925493523e-07,0.999999999999874,3.75034015269826e-05,-1.0441121164057e-05,-0.000764293998367428,0.00155951427280632
12.3724938814221,-1.12824175316658e-05,-1.96915333512299e-07,0.999999999999981,-0.000175318652168102,3.80875029352116e-06,0.0035724083609958,-0.000480940048275891
12.3748258189449,-1.25563353674142e-05,-2.19149394145988e-07,0.999999999999976,-9.53458676192719e-06,4.26090120023104e-06,0.000193894948859556,-0.000657004182492513
12.3771577564676,-3.61978984630276e-06,-6.31772510482426e-08,0.999999999999998,6.68852152249643e-05,1.08232071815829e-06,-0.00136306416922201,-0.00019532032728282
12.3806925453187,-8.1799343037002e-06,-1.42766786196398e-07,0.99999999999999,-2.25160648907176e-05,2.7036120045086e-06,0.000458667081573783,-0.000444132579261009
12.3855889479037,-4.25077975360326e-05,-7.41901024774833e-07,0.999999999999725,-0.000122362127742955,1.491077662764e-05,0.00249308842796034,-0.00238488773401035
12.3877384050417,-3.12412814277146e-06,-5.45263223455774e-08,0.999999999999999,0.000319789908931136,9.0464391331284e-07,-0.00651612561440262,-0.000187250254717857
12.3898878621798,8.61369030700384e-08,1.50337256604338e-09,1,2.60669049499517e-05,-2.37222777228774e-07,-0.000531234919890503,-1.42289521640549e-06
12.3937540482602,7.92062713419129e-06,1.3824102231444e-07,0.99999999999999,3.53675811001572e-05,-3.02391566669234e-06,-0.000720786023093754,0.000416268418430981
12.3977323933266,3.61820006371847e-05,6.31495041077517e-07,0.999999999999801,0.000123984724937416,-1.30750979746474e-05,-0.00252647322949863,0.00194618813072357
12.401710738393,4.410332923284e-05,7.69748306204047e-07,0.999999999999704,3.47514513746896e-05,-1.5892023121088e-05,-0.000708064559365426,0.00248265575661089
12.4039534396337,-1.37456658399445e-08,-2.39907126785944e-10,1,-0.000343330711802954,-2.03068093656706e-07,0.0069955617550442,1.62080457903537e-05
12.4061961408744,-1.07768745951191e-06,-1.88091944759358e-08,1,-8.2798756304044e-06,1.74997945288971e-07,0.000168576193781241,-5.80622377226965e-05
12.4098312528553,-7.98207225623962e-06,-1.39313442003473e-07,0.99999999999999,-3.3150078501018e-05,2.63011867431103e-06,0.000675390673494384,-0.000428867206309127
12.4146557904709,-9.41527929436151e-05,-1.64327623681383e-06,0.99999999999865,-0.000311732007218671,3.32750041095717e-05,0.00635188029961867,-0.00510669578532
12.4175113409252,-5.90235735190357e-06,-1.03015569420011e-07,0.999999999999995,0.000539391858786851,1.88954563329749e-06,-0.0109910362218309,-0.000366609362551975
12.4203668913795,1.80997502718431e-05,3.15900236032396e-07,0.99999999999995,0.000146702295112419,-6.64660202158982e-06,-0.00298931774855822,0.000949971281249691
12.4233513260729,1.70409290350965e-05,2.97420319261129e-07,0.999999999999956,-6.19209956656299e-06,-6.27018430093987e-06,0.000126126975231139,0.000910756105562515
12.4268102658256,1.53600012553574e-05,2.68082595016446e-07,0.999999999999964,-8.48171010260228e-06,-5.67254131470261e-06,0.000172782132378126,0.00083932047572728
12.4301120433726,-1.06540300642885e-05,-1.85947903228296e-07,0.999999999999983,-0.000137510929121179,3.57885459950732e-06,0.00280194403844898,-0.000547898988713202
12.4334138209196,-3.73767599808288e-05,-6.52347525393069e-07,0.999999999999787,-0.000141257130597159,1.3082175513019e-05,0.00287824384838855,-0.00199612716612828
12.436608130212,-3.14892434267894e-05,-5.49590976759429e-07,0.999999999999849,3.21686284035766e-05,1.09879793713815e-05,-0.000655602181859145,-0.00170910400791159
12.440106444505,-2.27477990103663e-06,-3.97023990312799e-08,0.999999999999999,0.000145752649714885,5.97758771589953e-07,-0.00297006493122334,-0.000181075570677904
12.4428325579184,1.65993091827057e-05,2.89712598794739e-07,0.999999999999958,0.000120836864748087,-6.11453340850138e-06,-0.00246222044432753,0.000871666650186708
12.4455586713318,8.89342296495362e-06,1.55219512510916e-07,0.999999999999988,-4.93351030890667e-05,-3.37409562107582e-06,0.00100525450406051,0.000473408838211525
12.4491452247735,1.1111523516773e-05,1.93932670280467e-07,0.999999999999981,1.07939720957722e-05,-4.1630631572453e-06,-0.000219979305758976,0.000604568619201074
12.4527383032404,-1.0093873417665e-05,-1.76171325417787e-07,0.999999999999984,-0.000103004707275491,3.37831598819083e-06,0.00209886291517495,-0.000513819292012322
12.4563313817073,-7.14323892167506e-05,-1.24673038439807e-06,0.999999999999223,-0.000297950370093618,2.51924548565827e-05,0.00607115571494006,-0.00380918757438504
12.4594023160962,-4.93009119884623e-05,-8.60463238434505e-07,0.99999999999963,0.00012578163420075,1.73212491013156e-05,-0.0025631305519333,-0.00267052559246953
12.4624499810829,-5.56267719376693e-06,-9.70870322568313e-08,0.999999999999995,0.0002504790419914,1.7660623728756e-06,-0.00510396870927573,-0.000335904304384786
12.4661919283203,8.0318117501347e-05,1.40181559940173e-06,0.999999999999017,0.000400567548542876,-2.87767787115682e-05,-0.00816228534150273,0.00423703319562474
12.4692150418118,7.55777338876294e-05,1.31908029753484e-06,0.99999999999913,-2.73675805086193e-05,-2.70906179101675e-05,0.000557756368098065,0.00405597229829673
12.4718352130037,1.47759481405351e-05,2.57888945156268e-07,0.999999999999967,-0.000405008403904346,-5.467200308023e-06,0.00825267359215557,0.000803270616028555
12.4759301748985,-2.34662730607454e-05,-4.09563728082042e-07,0.999999999999916,-0.000162993622501442,8.13349815536137e-06,0.00332132479197556,-0.00117303368357988
12.4784039189943,-1.68746957519431e-05,-2.94519001143704e-07,0.999999999999957,4.65063169368703e-05,5.78880610362099e-06,-0.00094783128770462,-0.000893722848320949
12.48087766309,-4.9713835295797e-06,-8.67670109705826e-08,0.999999999999996,8.39828139575209e-05,1.55539795221105e-06,-0.00171133633372098,-0.000268479925848562
12.4845704796576,-8.80765761182939e-06,-1.53722624714763e-07,0.999999999999988,-1.81313131912384e-05,2.91960194282807e-06,0.000369421000382722,-0.000482199144470813
12.4885419256221,7.71834063344513e-06,1.34710456844082e-07,0.999999999999991,7.26267168531923e-05,-2.95793806907637e-06,-0.00147994963660506,0.000370183234710804
12.4913951505599,1.97477539294632e-05,3.44663325942774e-07,0.999999999999941,7.35844084042157e-05,-7.23594030839851e-06,-0.00149935680938204,0.00104508642080455
12.4942483754978,1.08599019711972e-05,1.89541045841213e-07,0.999999999999982,-5.4367350446737e-05,-4.07503950661537e-06,0.00110783442265931,0.0005820044190231
12.4979610897473,9.99720686690533e-06,1.74484175830484e-07,0.999999999999985,-4.05548851840277e-06,-3.76815838491214e-06,8.26568114551796e-05,0.000555862768808983
12.5007277370708,-4.89830276803974e-06,-8.54915110618454e-08,0.999999999999996,-9.39677727188673e-05,1.52916424664202e-06,0.00191470831372993,-0.000256436146078323
12.5034943843944,-4.25492017070964e-06,-7.42623663884024e-08,0.999999999999997,4.05875536714469e-06,1.30029737842655e-06,-8.2723542775973e-05,-0.000229404502844411
12.5075723644507,-1.6833708980209e-05,-2.93803647027181e-07,0.999999999999957,-5.38357906629849e-05,5.7737277431487e-06,0.00109697210456227,-0.00091527114920557
12.5114067689657,6.55200899958406e-07,1.14354129663042e-08,1,7.96053360563973e-05,-4.46249332123467e-07,-0.00162214942396524,-2.2804002965275e-05
12.5141288932525,1.69762343588882e-05,2.96291184152784e-07,0.999999999999956,0.000104644660264469,-6.25040322438357e-06,-0.00213221487368296,0.000893371034412528
12.5168510175392,8.6354245982838e-06,1.5071659154776e-07,0.999999999999989,-5.347830490792e-05,-3.28399539561862e-06,0.0010897400398595,0.000460484543575808
12.5204696682656,1.08060686803086e-05,1.88601477668023e-07,0.999999999999982,1.04693403661693e-05,-4.05586148398332e-06,-0.000213302179939023,0.00058953022142799
12.5239783695363,-1.01171035465532e-05,-1.76576767652547e-07,0.999999999999984,-0.000104077895820303,3.38534094273093e-06,0.00212078539964911,-0.000518292296125557
12.527487070807,-5.48586971088072e-05,-9.57464887902834e-07,0.999999999999542,-0.000222557596100477,1.92971698516513e-05,0.00453496256338961,-0.00292730248160958
12.5306496428311,-4.36692918267952e-05,-7.62172924391751e-07,0.99999999999971,6.17509931864238e-05,1.5317613542034e-05,-0.00125832906865178,-0.00236774860917039
12.5338899745207,-3.33607016377393e-06,-5.82254084354016e-08,0.999999999999998,0.000217245511694187,9.73494793398731e-07,-0.00442674396416558,-0.000228418509760595
12.5367371032935,1.86656005291629e-05,3.25776186095883e-07,0.999999999999947,0.000134873279421288,-6.85091958118069e-06,-0.00274817719842723,0.000982207389549911
12.5395842320664,1.25594751029875e-05,2.19204192869385e-07,0.999999999999976,-3.74313920192599e-05,-4.67918995854899e-06,0.000762778854025891,0.000671427139839716
12.5430944732996,1.23113903402358e-05,2.14874296935338e-07,0.999999999999977,-1.23350380969869e-06,-4.59079048166752e-06,2.51833053656702e-05,0.000673317371261391
12.5464819104578,-1.05647013206238e-05,-1.84388822534678e-07,0.999999999999983,-0.000117865838040158,3.5449769864897e-06,0.00240174712857799,-0.000543456787163198
12.5498693476161,-4.22817153297072e-05,-7.37955145894284e-07,0.999999999999728,-0.000163417444366525,1.48247980163963e-05,0.00332989823953117,-0.00225745784843614
12.5530801545603,-3.60608251051326e-05,-6.29380129070353e-07,0.999999999999802,3.38154920902923e-05,1.26123314141159e-05,-0.000689068710997789,-0.00195675370356814
12.556515796853,-1.14767332023709e-06,-2.00306781754324e-08,1,0.000177361145015266,1.95782266483196e-07,-0.00361404013859048,-0.000121660864928161
12.5592400957485,1.7388032784957e-05,3.03478422542215e-07,0.999999999999954,0.000118749488629208,-6.39589703253926e-06,-0.00241958740644461,0.000914682013513434
12.5619643946441,9.11138064835689e-06,1.59023591716323e-07,0.999999999999987,-5.30245895789042e-05,-3.45221207375142e-06,0.00108052936614798,0.000486150472037885
12.5655363920222,1.08715839311484e-05,1.89744934505447e-07,0.999999999999982,8.60060619781293e-06,-4.07799674272671e-06,-0.000175191805235491,0.000592786558053966
12.569110459435,-1.02809662218643e-05,-1.79436710857852e-07,0.999999999999984,-0.000103294538889872,3.44491421162153e-06,0.0021048598376939,-0.000524056325859262
12.5726845268478,-6.70843128136479e-05,-1.17084213503571e-06,0.999999999999315,-0.000277388563135692,2.36464944017561e-05,0.00565226613184749,-0.00357749802197119
12.5757797822643,-4.78761486671588e-05,-8.35596427416119e-07,0.999999999999651,0.000108309545580355,1.68152231862077e-05,-0.00220701373433065,-0.00259352943466378
12.578878375356,-4.87430361415129e-06,-8.50726468087992e-08,0.999999999999996,0.00024221437226643,1.52218565681029e-06,-0.00493547783686754,-0.000301355238693251
12.582575011385,8.29057773206626e-05,1.4469787831703e-06,0.999999999998953,0.000414444759489084,-2.96957592492902e-05,-0.00844496040744828,0.00437791866574667
12.5855473319344,6.83700802050406e-05,1.19328300943028e-06,0.999999999999288,-8.53527637830822e-05,-2.45257489329733e-05,0.00173938518083673,0.00367067163159297
12.5881787109763,1.33417259872627e-05,2.32857046376623e-07,0.999999999999973,-0.000364989592060657,-4.95536271448167e-06,0.00743731173160263,0.000726536211463822
12.5924414346798,-3.11022817866452e-05,-5.42837222059996e-07,0.999999999999853,-0.000181971509856662,1.08513915440348e-05,0.00370813483532964,-0.00156445931089627
12.5948263214849,-1.61218441490277e-05,-2.81379261893914e-07,0.99999999999996,0.000109631182332531,5.52341748630199e-06,-0.00223405741793142,-0.000850898049255836
12.5972112082899,-4.23756836594292e-06,-7.39595202640599e-08,0.999999999999997,8.69725729503236e-05,1.29697794029354e-06,-0.00177217616243738,-0.000227673365029815
12.6008655759997,-8.55764411651389e-06,-1.49359066047088e-07,0.999999999999989,-2.06327200137588e-05,2.83355767242252e-06,0.000420477591245249,-0.000465451424411579
12.6061007284523,-5.84866628864036e-06,-1.02078483587171e-07,0.999999999999995,9.03136687772423e-06,1.86939320322837e-06,-0.000184171230528741,-0.000517776589571717
12.6081404050115,5.63800114704285e-07,9.84016832471147e-09,1,5.48707840008748e-05,-4.10042967219339e-07,-0.00111754785833994,-1.78324698725381e-06
12.6101800815707,3.22188031540832e-07,5.62324196090686e-09,1,-2.06744855931695e-06,-3.23835605793202e-07,4.22652116273094e-05,1.10070929042184e-05
12.6135795618824,6.4449548333021e-06,1.12485681983444e-07,0.999999999999994,3.14349342322283e-05,-2.50108633389159e-06,-0.000640465756073041,0.000340099804221117
12.6181680007618,7.11156611868731e-05,1.24120243744336e-06,0.99999999999923,0.000245991454855524,-2.55000165388665e-05,-0.0050123649479586,0.00383276947689386
12.6224378418728,0.000121642749607558,2.12306649182933e-06,0.999999999997746,0.000206533224883139,-4.34670794098828e-05,-0.00420789963936958,0.00690571635614375
12.6243032354184,2.72034019841246e-05,4.74788932366514e-07,0.999999999999887,-0.000883608482125148,-9.8824530000749e-06,0.0180040434296476,0.00151653369282535
12.6261686289641,5.57340266215562e-06,9.72742269940325e-08,0.999999999999995,-0.000202378048453508,-2.19012476869148e-06,0.00412370260913447,0.000306285725739066
12.6292431239067,-3.8182093950754e-06,-6.66403254746466e-08,0.999999999999998,-5.33143021958265e-05,1.15012569300054e-06,0.00108643875630521,-0.000199101334447305
12.6334229368112,-4.95829406955519e-05,-8.6538556795836e-07,0.999999999999626,-0.000191095931980516,1.74261774258495e-05,0.0038939665733469,-0.00265075142598703
12.6373690580685,-0.000139028527440658,-2.42650555803639e-06,0.999999999997056,-0.000395608722664992,4.92361654380015e-05,0.00806107717884573,-0.00756277962596795
12.6399706702624,-5.96267952646403e-06,-1.04068389978053e-07,0.999999999999995,0.000892691529295236,1.9133744651934e-06,-0.0181897944215688,-0.000366106601571536
12.6425722824564,8.46531425146327e-06,1.47747605904033e-07,0.999999999999989,9.67922876693758e-05,-3.21736716229695e-06,-0.00197213929093618,0.000441640114010931
12.6456289921755,1.10308118816477e-05,1.92523986502862e-07,0.999999999999981,1.46485550524022e-05,-4.12943864944103e-06,-0.000298383415820474,0.000588935272471309
12.6494542948511,2.20685106213201e-05,3.85168171353365e-07,0.999999999999926,5.03605076993462e-05,-8.05440891917186e-06,-0.00102605482559397,0.00120317317928108
12.6527204047135,-8.06224259144317e-06,-1.40712678315203e-07,0.99999999999999,-0.000161011378008709,2.66159979356082e-06,0.00328097007274139,-0.000402198955259841
12.6559865145759,-3.84689050538895e-05,-6.71409052827408e-07,0.999999999999775,-0.000162485769577454,1.34755955957923e-05,0.00331097123425395,-0.00204816333883138
12.6590944293558,-3.088921541247e-05,-5.39118512305354e-07,0.999999999999855,4.25656911105259e-05,1.07800980660718e-05,-0.000867300978486237,-0.00167025321877071
12.6624427876247,-7.89740810857005e-06,-1.37835773868245e-07,0.99999999999999,0.000119844624205861,2.60350302958265e-06,-0.00244197137222503,-0.000462554725892726
12.6653404359334,1.5079358111023e-05,2.63184448124661e-07,0.999999999999965,0.000138395063608834,-5.56752411193244e-06,-0.00281988228768045,0.000791065877351346
12.668238084242,1.2614455488138e-05,2.20163781614274e-07,0.999999999999976,-1.48467522376086e-05,-4.69054242263525e-06,0.000302652908800726,0.000674344823034958
12.6717765623672,1.45486672751291e-05,2.53922145728152e-07,0.999999999999968,9.54036252873271e-06,-5.37798508914311e-06,-0.00019427636463899,0.00079403194101121
12.6752440750821,-1.01924349764952e-05,-1.77891549135272e-07,0.999999999999984,-0.000124531250600686,3.42134355789674e-06,0.00253764855977736,-0.000516210152100627
12.678711587797,-5.88692515281541e-05,-1.02746226735081e-06,0.999999999999472,-0.000245008681455988,2.07329895146277e-05,0.0049925255882166,-0.003137380762093
12.6817778010337,-4.08201297149804e-05,-7.12445664617522e-07,0.999999999999746,0.000102737995832965,1.43141234170629e-05,-0.00209341803784879,-0.00220935574650594
12.6849308103739,-5.62095403637229e-06,-9.81041550379614e-08,0.999999999999995,0.000194842908249007,1.796180130264e-06,-0.00397015737543927,-0.000338045951047347
12.6879186712802,1.82992100401223e-05,3.19381465714133e-07,0.999999999999949,0.000139727261019866,-6.71033632284258e-06,-0.00284702558778374,0.00096275349268555
12.6909065321866,1.71487832181695e-05,2.99302729867802e-07,0.999999999999955,-6.72010393913733e-06,-6.30078316354925e-06,0.000137072364521197,0.000918655597484139
12.6943672067055,1.52562480108508e-05,2.6627175929018e-07,0.999999999999965,-9.54466257859777e-06,-5.6272451615677e-06,0.000194626220494165,0.000836080074595505
12.6976465444417,-1.06359836099268e-05,-1.85632933181374e-07,0.999999999999983,-0.000137803644767641,3.58142651363338e-06,0.00280808883256089,-0.00054589665878959
12.7009258821779,-3.47979861411064e-05,-6.07339431225626e-07,0.999999999999816,-0.000128595018863095,1.21746459613215e-05,0.00262041306476173,-0.00185695575311861
12.704144450347,-3.04843343481964e-05,-5.32052004654802e-07,0.999999999999858,2.33915898668143e-05,1.06407556786712e-05,-0.000476575359614512,-0.00165312170201689
12.7076995786969,-1.62216535357109e-06,-2.83121264315934e-08,1,0.000141693865493888,3.76421755708655e-07,-0.00288719081640801,-0.000148695015269826
12.7103843072565,1.61864945115206e-05,2.82507623582021e-07,0.99999999999996,0.000115773249742874,-5.95646719524137e-06,-0.00235885632775942,0.000851436649621208
12.713069035816,8.00940344363717e-06,1.3979046121204e-07,0.99999999999999,-5.31588796430425e-05,-3.04798596312082e-06,0.00108334275426192,0.000427683872687217
12.7166677810599,1.0684074273183e-05,1.86472273594663e-07,0.999999999999983,1.29716913032579e-05,-3.99871891152469e-06,-0.000264184565445919,0.000582314276067596
12.7203502659827,-9.77480606372919e-06,-1.7060254955598e-07,0.999999999999985,-9.69657257607158e-05,3.27780870115057e-06,0.00197598300198072,-0.000492099840649071
12.7240327509056,-8.96536966248391e-05,-1.56475219268693e-06,0.999999999998776,-0.000378589368952133,3.1686261407346e-05,0.00771447902736358,-0.00477581793972424
12.7270411517366,-5.62832472420598e-05,-9.82327978087804e-07,0.999999999999517,0.000193599273276779,1.981848997944e-05,-0.00394487706084992,-0.00304394082480498
12.7299333798043,-7.05869724010722e-06,-1.23197507741307e-07,0.999999999999992,0.000297047967945725,2.31267965647993e-06,-0.00605270743287734,-0.000407100513012151
12.7337530533243,6.81465994943591e-05,1.18938253521419e-06,0.999999999999293,0.000343636710329732,-2.4432965143579e-05,-0.00700207613551946,0.00358717453883307
12.7369197178439,9.34450794530605e-05,1.63092430624289e-06,0.99999999999867,0.000139434338024003,-3.34293052399052e-05,-0.00284095143036254,0.00501302428214254
12.7395431058516,1.92883047012563e-05,3.36644424164817e-07,0.999999999999943,-0.000493361972476671,-7.05589668648739e-06,0.0100531863664209,0.00104944107700492
12.743242064949,-1.13944587255891e-05,-1.98870821244126e-07,0.99999999999998,-0.000144774578825655,3.85677111789412e-06,0.00295019964191146,-0.000554697274478951
12.7459469026783,-1.92949040532459e-05,-3.36759604585534e-07,0.999999999999943,-5.09785788059679e-05,6.66657121883989e-06,0.00103880542277626,-0.00102331509594666
12.7486517404076,-8.21259968759709e-06,-1.43336904696826e-07,0.99999999999999,7.15099090019921e-05,2.72555095847711e-06,-0.00145702650389896,-0.000442212074410486
12.7523441925864,-9.38601019504899e-06,-1.63816781529359e-07,0.999999999999987,-5.54641626780574e-06,3.14325998710905e-06,0.00011312510180399,-0.000519374960786091
12.7555468287858,8.52141097117749e-06,1.48726678362614e-07,0.999999999999989,9.75894358382758e-05,-3.22489512040988e-06,-0.00198841039415192,0.00044030849295212
12.7587494649851,1.94136442349691e-05,3.3883201171102e-07,0.999999999999943,5.93590159836688e-05,-7.09810923219049e-06,-0.00120938310524931,0.00103590307578455
12.7622996704597,2.85439077554336e-05,4.9818517171784e-07,0.999999999999876,4.4885616100445e-05,-1.03445779190173e-05,-0.000914445293414798,0.00155005635983409
12.7663795121612,-1.6643526052306e-05,-2.9048432875419e-07,0.999999999999958,-0.000193308848277451,5.72706845811262e-06,0.00393928185282416,-0.000744424803056496
12.7686450672246,-1.18188666955231e-05,-2.06278137691178e-07,0.999999999999979,3.71680178616972e-05,4.01084156599868e-06,-0.00075753042591703,-0.000612261229404533
12.770910622288,-3.18311263936585e-06,-5.55557960187809e-08,0.999999999999998,6.6527776838218e-05,9.3983343707887e-07,-0.00135552129300911,-0.000168625334036263
12.7743943469063,-7.79273594586957e-06,-1.36008899993938e-07,0.999999999999991,-2.3093990711009e-05,2.57964711757405e-06,0.000470707033464298,-0.000419350186835049
12.7791937698525,-4.98061347256284e-05,-8.69281038653989e-07,0.999999999999622,-0.000152783396437793,1.75214760318211e-05,0.00311325529793393,-0.00274735727988128
12.7815487719281,-8.95783340124172e-07,-1.5634368669679e-08,1,0.000362482342932142,1.27723914076246e-07,-0.00738587549358817,-6.47112148881584e-05
12.7839037740037,1.34755218763183e-06,2.35192225166279e-08,1,1.66257140881002e-05,-6.696936861145e-07,-0.00033860590121876,6.87553178052161e-05
12.7877106649904,9.87625167634074e-06,1.72373109507754e-07,0.999999999999985,3.91011687788064e-05,-3.70229413511364e-06,-0.000796608166517461,0.00052663943874906
12.7926233719578,0.00011580126772379,2.0211133997622e-06,0.999999999997958,0.000376318046754404,-4.13721495015078e-05,-0.00766784089021007,0.00629280677710605
12.7951994213703,6.46011040453692e-06,1.12750196601512e-07,0.999999999999994,-0.000740810014703616,-2.48612591634777e-06,0.0150952164955579,0.000380015321716895
12.7977754707828,-5.57847434584394e-06,-9.73627445730135e-08,0.999999999999995,-8.1564018203144e-05,1.79548128161423e-06,0.00166208271361643,-0.00029171616640924
12.8010108601925,-1.15105069034504e-05,-2.00896244038746e-07,0.99999999999998,-3.20003209363971e-05,3.90556639859214e-06,0.000652188917546988,-0.000616508578819681
12.8050264210763,-3.30262376741489e-05,-5.7641658696006e-07,0.999999999999834,-9.35162867130414e-05,1.15577968922221e-05,0.00190564424624652,-0.00180123378967363
12.8081257356368,6.1135734317657e-06,1.0670198544676e-07,0.999999999999994,0.000220409564464533,-2.36139910683904e-06,-0.00449105624085177,0.000294239600202552
12.8112250501972,2.73237060205757e-05,4.76888633906025e-07,0.999999999999886,0.000119441457534989,-9.90398416835038e-06,-0.00243363005413104,0.001450732286006
12.8143451582507,2.42500869781328e-05,4.23243861663406e-07,0.99999999999991,-1.71932418118147e-05,-8.81031205576638e-06,0.000350523793995239,0.00130749942000438
12.8178397833629,1.09107382003179e-05,1.90428305418666e-07,0.999999999999982,-6.6621039100964e-05,-4.06565243121583e-06,0.0013577020344622,0.000621206733214656
12.8206768308599,-1.16683548436782e-05,-2.03651210313211e-07,0.999999999999979,-0.000138904800203054,3.96464216701311e-06,0.00283051115881285,-0.000611385934833798
12.8235138783569,-9.57317451330964e-06,-1.67083415125258e-07,0.999999999999986,1.28893842021082e-05,3.21986092085005e-06,-0.000262519836894158,-0.000512608004527001
12.8271353580798,-1.46079671031681e-05,-2.54957122973299e-07,0.999999999999967,-2.42645864593486e-05,5.01089082112131e-06,0.000494557484037915,-0.000796322762590942
12.8307998768551,8.28650150907365e-06,1.44626734804813e-07,0.99999999999999,0.000109041290897143,-3.1308747396226e-06,-0.00222178301161105,0.000402640163643349
12.8336951267832,2.1950798070717e-05,3.83113699774421e-07,0.999999999999927,8.23718058535728e-05,-7.98982935745865e-06,-0.0016782504925697,0.00116461102326819
12.8365903767112,1.28155060314307e-05,2.23672775557656e-07,0.999999999999975,-5.50698309921109e-05,-4.74044788268229e-06,0.00112231467249614,0.000689741464907677
12.8402453612154,9.68347751373709e-06,1.69008565657546e-07,0.999999999999986,-1.49560715885543e-05,-3.62590587003277e-06,0.000304937547987933,0.000543241431764
12.8431263409699,-7.96735815010306e-06,-1.39056632404903e-07,0.99999999999999,-0.000106930705632752,2.6517792010654e-06,0.00217901047769974,-0.000416168984286824
12.8460073207244,-7.8364341327232e-06,-1.36771577231686e-07,0.999999999999991,7.93152110717528e-07,2.60560143516553e-06,-1.60284937191016e-05,-0.00041934216807164
12.8498193317355,-1.74305858574027e-05,-3.04221113763231e-07,0.999999999999954,-4.39268239372004e-05,6.01815381596515e-06,0.000895210525587901,-0.000948791763196003
12.8534237774058,6.42638664937061e-06,1.12161606037723e-07,0.999999999999994,0.000115519210964959,-2.46590995835659e-06,-0.00235377768187532,0.000301501706328795
12.8570282230761,9.28475851220289e-05,1.6204960629044e-06,0.999999999998687,0.000418465027587773,-3.32000802226676e-05,-0.00852673977511144,0.00493256411637603
12.8599172757141,5.14941071783265e-05,8.98741715636522e-07,0.999999999999596,-0.000249823882678564,-1.84924084899851e-05,0.00509082857806993,0.00277536486909386
12.8626932007902,8.85506801355967e-06,1.5455009232465e-07,0.999999999999988,-0.000268087791606423,-3.32787613476125e-06,0.00546287523603545,0.00049139516498731
12.8660285193623,-1.40978185311202e-05,-2.46053350716716e-07,0.99999999999997,-0.000120109499099433,4.83559976555664e-06,0.00244758505781544,-0.000735179552107565
12.8693638379345,-3.6089624864402e-05,-6.29882779693385e-07,0.999999999999802,-0.000115080290134334,1.26571661859195e-05,0.00234507326694571,-0.00193095345943596
12.8726661590161,-3.04356896974381e-05,-5.31202995335586e-07,0.999999999999859,2.98819472482561e-05,1.06467606147664e-05,-0.000608785615166746,-0.00165824359487986
12.8764743830434,2.24231701153904e-05,3.91358147248348e-07,0.999999999999923,0.000242254955583807,-8.15174760660834e-06,-0.00493629263579837,0.00109252080131582
12.8788937232744,1.68700352672365e-05,2.94437660340834e-07,0.999999999999957,-4.00607098030758e-05,-6.17594818110495e-06,0.000816668693479643,0.000886942984761933
12.8813130635053,4.91176056639501e-06,8.57263939532144e-08,0.999999999999996,-8.62678443141238e-05,-1.92265444034516e-06,0.00175803869432063,0.000261359763521787
12.8848913768402,8.55873628543222e-06,1.49378127990701e-07,0.999999999999989,1.77881946270135e-05,-3.21905507658052e-06,-0.0003622937722067,0.000463293499256976
12.8900182692841,3.69471545073375e-06,6.44849495396103e-08,0.999999999999998,-1.65584083108202e-05,-1.48745430970163e-06,0.000337748604215933,0.000374759524854545
12.8921116179999,-2.57985622649975e-06,-4.50269853804973e-08,0.999999999999999,-5.23142341702079e-05,7.43531445343433e-07,0.0010657496948161,-0.000112394773088082
12.8942049667158,-8.41033090864857e-07,-1.46787965538164e-08,1,1.44974359012002e-05,1.25351292665351e-07,-0.000295306820121193,-4.16294145316883e-05
12.8976745738902,-6.8631099937929e-06,-1.19783866318213e-07,0.999999999999993,-3.02930748300182e-05,2.26758760905455e-06,0.000617429065804611,-0.000365425559789289
12.9023574738177,-7.56437625905308e-05,-1.32023271580129e-06,0.999999999999128,-0.000256347320686842,2.67291993832253e-05,0.00522360335526881,-0.00408937542883665
12.9056318631708,-1.48638906405552e-05,-2.59423831334055e-07,0.999999999999966,0.000323971516548487,5.11379559139699e-06,-0.00660135416452604,-0.000878854825691548
12.9082476518622,1.51948243340432e-05,2.65199713891206e-07,0.999999999999965,0.000200560369015491,-5.57548316487732e-06,-0.00408644581696631,0.000793809751474623
12.9108634405537,7.86914679324973e-06,1.37342520864961e-07,0.999999999999991,-4.8879022011142e-05,-2.9696627061846e-06,0.000996189205650541,0.000419449625562365
12.9143079312204,1.02600344302493e-05,1.7907138217583e-07,0.999999999999984,1.21146681318889e-05,-3.81934646098453e-06,-0.000246679070146995,0.000556136812877329
12.9190877469895,-4.26469716255186e-06,-7.44330070869896e-08,0.999999999999997,-5.30364351913273e-05,1.34772513186616e-06,0.001081018985352,-8.90569408302385e-05
12.9212983568068,-7.10465966810776e-06,-1.23999703442128e-07,0.999999999999992,-2.24221823165479e-05,2.3574332074582e-06,0.000456755447149515,-0.000360220214143918
12.9235089666242,-2.0307119907116e-06,-3.5442610397646e-08,0.999999999999999,4.00600288435611e-05,5.53204738591659e-07,-0.000816167762720743,-0.000106257889121626
12.9270742781705,-7.78036982873313e-06,-1.3579307053422e-07,0.999999999999991,-2.81463369558317e-05,2.59857920323497e-06,0.000573687443030689,-0.000416682325649171
12.9319135320884,-7.16784823851221e-05,-1.25102552045281e-06,0.999999999999218,-0.000230455452192446,2.53236339550664e-05,0.0046959831282816,-0.00391132139112497
12.9344968495652,-7.3981581083189e-07,-1.2912221757328e-08,1,0.000479272605800307,9.57692096459658e-08,-0.00976568500479853,-6.48820839209058e-05
12.9370801670419,4.95506828475853e-06,8.64822562301842e-08,0.999999999999996,3.84755179654525e-05,-1.92901658668983e-06,-0.000783792861137602,0.00025999183692664
12.9405056305999,1.20928027005466e-05,2.11059222918598e-07,0.999999999999978,3.6367914759757e-05,-4.46687271178627e-06,-0.000740879615899476,0.000648181682799071
12.944790540433,4.29816906596647e-05,7.50172020084772e-07,0.999999999999719,0.000125816602488001,-1.54511489417772e-05,-0.00256347896638967,0.00235760172380024
12.9474563391281,-3.97661478321263e-06,-6.94050210505408e-08,0.999999999999998,-0.00030744145933391,1.24930107016785e-06,0.00626470784990823,-0.000192695796585455
12.9501221378233,-6.301434749414e-06,-1.09980783976858e-07,0.999999999999994,-1.52208653263056e-05,2.07644972702311e-06,0.00031028173970976,-0.000333878895610166
12.9536238861553,-1.33445423350865e-05,-2.3290620091903e-07,0.999999999999973,-3.51040124212929e-05,4.58179492143968e-06,0.000715455525896634,-0.000718724708401393
12.9580228391829,-3.51624815550056e-05,-6.13701076306585e-07,0.999999999999812,-8.65648878274707e-05,1.23413915916421e-05,0.00176396443008533,-0.00196840084925287
12.9602748167671,-5.03178996840841e-07,-8.78213022175481e-09,1,0.00026861677057049,1.59605971668597e-08,-0.00547315882739911,-4.14304847560079e-05
12.9625267943514,7.55900443071788e-07,1.31929515488867e-08,1,9.75812633486932e-06,-4.31373284770154e-07,-0.000198640468298083,3.80999530466341e-05
12.9664370995883,9.01629531700239e-06,1.57364039613837e-07,0.999999999999988,3.68695227948361e-05,-3.36843645133884e-06,-0.000751108414475534,0.000480319935163518
12.9715399880466,0.000153684418548474,2.6822991126807e-06,0.999999999996403,0.000494805068474206,-5.48166526988948e-05,-0.0100821753536397,0.00832681484024788
12.9741813271669,1.29473895051865e-05,2.25974576403661e-07,0.999999999999974,-0.00092995424836653,-4.76490995874658e-06,0.018949381529949,0.000740793381863549
12.9768226662872,-8.4696600721973e-06,-1.47823454784543e-07,0.999999999999989,-0.000141518379188171,2.85207870375304e-06,0.00288376021239363,-0.000441250597989732
12.9798662913443,-1.22688386493856e-05,-2.14131629827712e-07,0.999999999999977,-2.17859209983583e-05,4.20366581721689e-06,0.000444071489784661,-0.000655954741860189
12.9835634339645,-2.20658927430018e-05,-3.85122480757295e-07,0.999999999999926,-4.6249460325913e-05,7.68839157362721e-06,0.000942545666868164,-0.00120101151492167
12.9870416128717,6.97339468191845e-06,1.21708697240539e-07,0.999999999999993,0.000145717397385899,-2.63865269648306e-06,-0.0029690951919612,0.000330435623626202
12.9905197917788,7.54770511469488e-05,1.31732305221004e-06,0.999999999999132,0.000343747227176645,-2.70005702390817e-05,-0.00700421634213761,0.00401033849934152
12.9934157851444,4.23068515164166e-05,7.38393855113759e-07,0.999999999999727,-0.000199906948675731,-1.52032077553964e-05,0.00407368422315307,0.00228073481860489
12.9963113530018,8.30833122189984e-06,1.45007735168395e-07,0.999999999999989,-0.000204929101708603,-3.11149757418247e-06,0.00417593742466511,0.000463948034329195
13,-3.17892603520086e-05,-5.54827259916214e-07,0.999999999999846,-0.000189726746805054,1.11495042678066e-05,0.0038661877509201,-0.00166320128030773
13.0034760842628,-9.58788081119675e-05,-1.6734008844409e-06,0.9999999999986,-0.000321791285811031,3.39426167414126e-05,0.00655712311617296,-0.00513476035427702
13.0063347011826,-3.2686504335961e-05,-5.70487121629891e-07,0.999999999999837,0.000385820763591317,1.14692956856183e-05,-0.00786160639438795,-0.00178008395406459
13.0096590621943,8.56533526379134e-06,1.49493301890335e-07,0.999999999999989,0.000216577086845302,-3.20100421721781e-06,-0.00441296834234515,0.000410181213619124
13.0130618155718,7.45867178172589e-05,1.30178380416672e-06,0.999999999999153,0.000338634739116007,-2.66801021598413e-05,-0.00690002928147878,0.00396370971043052
13.0158970735771,3.67519925441886e-05,6.41443276564455e-07,0.999999999999794,-0.000232903152504375,-1.32238795869998e-05,0.00474603106581009,0.00198086538986738
13.0188153938972,7.65877476426059e-06,1.33670836304999e-07,0.999999999999991,-0.000173994758825225,-2.87667641268717e-06,0.0035456022778827,0.000427409313150174
13.0221023791782,-1.32579195102939e-05,-2.31394347419021e-07,0.999999999999973,-0.000111063832816052,4.56267464430257e-06,0.00226327483115464,-0.000692697143233563
13.0253893644593,-2.90142474726527e-05,-5.06394148386212e-07,0.999999999999872,-8.36632285979886e-05,1.01667078739622e-05,0.00170491582726507,-0.00155295540348929
13.028794389034,-2.82915900312864e-05,-4.93781396670333e-07,0.999999999999878,3.70415879213365e-06,9.91012339285418e-06,-7.53546635207956e-05,-0.00154326087961366
13.0328359212426,4.03533212504523e-05,7.04298319935329e-07,0.999999999999752,0.00029644195685125,-1.45026733312225e-05,-0.00604048055633561,0.00200899182396406
13.0350963801032,1.55495547616646e-05,2.71390927810205e-07,0.999999999999963,-0.000191513059440483,-5.68038221004433e-06,0.00390287621469601,0.000811538436940699
13.0373568389637,3.71465477609827e-06,6.48329564178475e-08,0.999999999999998,-9.13787793250067e-05,-1.47094268416073e-06,0.00186220576685961,0.000196385722353789
13.0408235082642,7.76225472330522e-06,1.35476902300157e-07,0.999999999999991,2.03780458300033e-05,-2.90981120939737e-06,-0.000415057913093781,0.000417547771829663
13.0456498947036,4.16414920525253e-05,7.26781141759554e-07,0.999999999999736,0.00012251489740478,-1.49572948165462e-05,-0.00249617053222025,0.00231710372787536
13.0477101868062,5.25888782723722e-06,9.17849075783401e-08,0.999999999999996,-0.000308206896192739,-2.01827869447575e-06,0.0062801852737172,0.000294843148953649
13.0497704789087,6.39930590333517e-07,1.11688957855509e-08,1,-3.91284379979483e-05,-3.75307735417564e-07,0.000797445642302142,3.62586965196702e-05
13.0538819547119,-7.4238965111129e-06,-1.29571437446239e-07,0.999999999999992,-3.42310985083553e-05,2.49323507629909e-06,0.000697691765455669,-0.00039012730482305
13.0575261041402,-2.65798902412203e-05,-4.63906599527988e-07,0.999999999999892,-9.17457334445482e-05,9.30642089471145e-06,0.00186962306361114,-0.00142573850538918
13.0611702535685,-3.283769957337e-05,-5.73125976336012e-07,0.999999999999836,-2.99711575929291e-05,1.1532334533076e-05,0.00061081843161334,-0.001802493454442
13.064044278387,8.00492149474503e-06,1.39712236446966e-07,0.99999999999999,0.00024802785563699,-2.9922927227904e-06,-0.00505375846524059,0.000404536122841791
13.0669183032055,1.35418828842864e-05,2.36350443250262e-07,0.999999999999972,3.3624694602788e-05,-4.96085560336139e-06,-0.000684949854257081,0.000720264023891456
13.0702440543957,1.68048697300767e-05,2.93300307158565e-07,0.999999999999957,1.71239099535546e-05,-6.12066158777738e-06,-0.00034873504303207,0.000908028874474908
13.0743052373698,1.26845927420648e-05,2.21387907623604e-07,0.999999999999975,-1.77072542638941e-05,-4.65428565467953e-06,0.000361071131845551,0.000751340120089872
13.0768181323531,-9.34830505486636e-06,-1.63158702688246e-07,0.999999999999987,-0.000153029319915763,3.18158397786846e-06,0.00311826386883234,-0.000485924342299828
13.0793310273364,-4.26024303552423e-06,-7.43552679050555e-08,0.999999999999997,3.53390950970417e-05,1.37242751558124e-06,-0.000719949092310301,-0.00022652951200652
13.0830246544867,-1.02926356940401e-05,-1.79640381569291e-07,0.999999999999984,-2.85045320979214e-05,3.51837448670926e-06,0.000580986354006608,-0.000556228566262558
13.0880521459957,-2.79551544865015e-05,-4.87909488693097e-07,0.999999999999881,-6.13166837915898e-05,9.79977735185235e-06,0.0012494109346314,-0.00167172675510697
13.0901420769924,-1.20163053640814e-06,-2.09724092528276e-08,1,0.000223422247036121,2.86356236605495e-07,-0.0045520264210269,-9.0392646874148e-05
13.0922320079892,2.62819482160803e-07,4.58706530209251e-09,1,1.22298174412878e-05,-2.33980829158016e-07,-0.00024897332331889,1.02778684125295e-05
13.0957344265486,6.71394000725513e-06,1.17180358907974e-07,0.999999999999993,3.21472981303466e-05,-2.52765162908886e-06,-0.000654881979706078,0.000356223343487452
13.1004369178277,8.63587778202348e-05,1.50724501096078e-06,0.999999999998864,0.000295601750125874,-3.08514610080666e-05,-0.00602314979399677,0.00465716582196887
13.1046589406528,0.000133583901221609,2.33147890397383e-06,0.999999999997282,0.000195222509957979,-4.7643557103751e-05,-0.00397726321986741,0.00760034711731586
13.1064939631902,3.21468597399279e-05,5.6106854663852e-07,0.999999999999843,-0.000964789435120639,-1.15703500833687e-05,0.0196581820028021,0.00179245407057513
13.1083289857277,6.86810744513869e-06,1.19871088298406e-07,0.999999999999993,-0.000240431629223421,-2.58025829551367e-06,0.00489917241036246,0.000378945067185284
13.1113255028774,-3.51906229040174e-06,-6.14192235502831e-08,0.999999999999998,-6.05003418261586e-05,1.11431161869381e-06,0.00123295470359582,-0.000181172029609331
13.1154069209094,-4.23928022918083e-05,-7.39893979138986e-07,0.999999999999726,-0.000166235056119398,1.49400184368733e-05,0.00338747629131162,-0.0022633324047765
13.1193622685716,-0.000126261108084272,-2.20367205328519e-06,0.999999999997572,-0.000370075704881758,4.4766952538648e-05,0.00754091337828068,-0.00685879342328791
13.1220702580643,-4.91765049439158e-06,-8.582919258946e-08,0.999999999999996,0.000782072037712461,1.61321468752432e-06,-0.0159357109644208,-0.000312767238904448
13.1247782475571,1.31300912192577e-05,2.29163322863241e-07,0.999999999999974,0.000116319696326825,-4.80460431883982e-06,-0.00236995713002233,0.000690489183587224
13.1277552385922,1.27872131246921e-05,2.23178971180107e-07,0.999999999999975,-2.01020144586991e-06,-4.68208613091012e-06,4.11550409404812e-05,0.000685494096256551
13.131391847972,1.67340030265806e-05,2.92063449852524e-07,0.999999999999957,1.89419515482308e-05,-6.0849952635944e-06,-0.000385773941097064,0.00091650008477288
13.1346861913466,-9.74895326495095e-06,-1.70151333096444e-07,0.999999999999986,-0.000140305587606985,3.3339682079515e-06,0.00285913227632503,-0.000495161000936614
13.1379805347212,-3.72338055853056e-05,-6.49852500510991e-07,0.999999999999789,-0.000145613590591912,1.3109115614578e-05,0.00296725213348065,-0.00198388445719975
13.1411605815505,-3.17292330074846e-05,-5.53779585113041e-07,0.999999999999847,3.02111637199394e-05,1.11518564766906e-05,-0.000615481231230699,-0.001717276293702
13.1446161604989,-4.6350576578961e-06,-8.08970171500639e-08,0.999999999999997,0.000136846118992558,1.51651518594433e-06,-0.00278834355532965,-0.000298931524792002
13.1473876581155,1.61452009195513e-05,2.81786914442183e-07,0.99999999999996,0.000130862075950107,-5.87308727214427e-06,-0.00266628497674571,0.000850292730009573
13.150159155732,9.71215230239635e-06,1.69509035131963e-07,0.999999999999986,-4.05116275907418e-05,-3.58469761491974e-06,0.000825687037780952,0.000520471395714155
13.1537313797312,1.18191260969873e-05,2.06282665100813e-07,0.999999999999979,1.02943236417975e-05,-4.33334649274887e-06,-0.000209575009292522,0.000646528037963288
13.157288421161,-1.02088531675727e-05,-1.78178100626794e-07,0.999999999999984,-0.000108084421651407,3.50134825941896e-06,0.0022025874330785,-0.000516718839553465
13.1608454625908,-6.72913377312337e-05,-1.17445540148125e-06,0.99999999999931,-0.000280085942354909,2.38026347286568e-05,0.00570735170506769,-0.00358538576926537
13.1639192934181,-4.67635707686751e-05,-8.16178279902666e-07,0.999999999999667,0.000116557202299565,1.65024337172948e-05,-0.00237495211069945,-0.00253009993641002
13.1670026642896,-5.48412119915423e-06,-9.57159715036609e-08,0.999999999999995,0.000233660606666264,1.82231525890064e-06,-0.00476106153636686,-0.000329332829943928
13.170007895387,1.9161917938752e-05,3.34438559028181e-07,0.999999999999944,0.000143135258684997,-6.94216712288369e-06,-0.00291640878780402,0.00100994175586795
13.1730131264843,1.84438567231191e-05,3.21906026584515e-07,0.999999999999948,-4.17023917215149e-06,-6.68619421815869e-06,8.51757806406492e-05,0.000989787354427577
13.1764468091289,1.5364605756792e-05,2.68162958726892e-07,0.999999999999964,-1.56517283107133e-05,-5.590415063456e-06,0.000319126508806407,0.000843979858571931
13.1797043397883,-1.07284387998694e-05,-1.8724658065643e-07,0.999999999999982,-0.000139802073102869,3.68984924936979e-06,0.00284886476386165,-0.000549925176655617
13.1829618704477,-3.28637710429138e-05,-5.73581009320386e-07,0.999999999999835,-0.000118597326949659,1.15624823154004e-05,0.00241674872445498,-0.00175258216103005
13.1861958864271,-2.94532812028875e-05,-5.1405673250612e-07,0.999999999999868,1.84056842002361e-05,1.03499723519232e-05,-0.000374923924687636,-0.00159611991294137
13.1897988674787,-1.00649294206145e-06,-1.75666157370568e-08,1,0.000137799813448201,2.33535957765513e-07,-0.00280779616913077,-0.000117802013112054
13.1924528998196,1.58584446211129e-05,2.76782072883602e-07,0.999999999999962,0.000110906217714699,-5.76357848274703e-06,-0.00225962372353767,0.000835249479775393
13.1951069321605,7.40221591215315e-06,1.29193039610587e-07,0.999999999999992,-5.56093575044732e-05,-2.75569812148184e-06,0.00113332468294486,0.000396376061193235
13.1987144653592,1.0395998722325e-05,1.81444406737694e-07,0.999999999999984,1.44839601603346e-05,-3.8197489411837e-06,-0.000294952467820462,0.000567393433105178
13.2024700070998,-9.38400636305282e-06,-1.63781808063369e-07,0.999999999999987,-9.19244781837569e-05,3.21554639361801e-06,0.00187331038256447,-0.000467245017628086
13.2054269654903,-2.27732945124045e-05,-3.97468970767805e-07,0.999999999999921,-7.90295742588816e-05,7.97764220300846e-06,0.00161047102476961,-0.00121037235315874
13.2083839238808,-1.41354501087257e-05,-2.46710145648652e-07,0.99999999999997,5.0984425618643e-05,4.90609447480821e-06,-0.00103875243494872,-0.000762375591184367
13.2120783500587,-8.71296594488978e-06,-1.52069943352465e-07,0.999999999999988,2.56170235214613e-05,2.97811274495882e-06,-0.00052186229661608,-0.000497783194177296
13.2149602467121,1.11212188798495e-05,1.94101886288327e-07,0.999999999999981,0.000120119446070999,-4.07512043760649e-06,-0.00244742752111998,0.000583071235838891
13.2178421433655,9.72343357058343e-06,1.69705930405628e-07,0.999999999999986,-8.46524314252592e-06,-3.57747359720404e-06,0.0001726803214177,0.000520565916854061
13.2215241211586,1.56809453579046e-05,2.73684126320753e-07,0.999999999999963,2.82397672548236e-05,-5.69550690418303e-06,-0.000575243368098765,0.000855572530143816
13.2250455397364,-8.79023790378824e-06,-1.53418593454709e-07,0.999999999999988,-0.00012128712061404,3.00808011394296e-06,0.00247161387545647,-0.000435595728496481
13.2285669583141,-7.01521812583391e-05,-1.22438654041357e-06,0.99999999999925,-0.000304129691857019,2.48312898884199e-05,0.00619727796979138,-0.00373276655517828
13.2315644017638,-4.49440682426346e-05,-7.84421970074914e-07,0.999999999999692,0.000146779940217166,1.58665457498054e-05,-0.00299079675373518,-0.00242730171512118
13.2345588301727,-7.46793325345871e-06,-1.30340023592026e-07,0.999999999999991,0.000218432988592941,2.53902426758295e-06,-0.00445077312338612,-0.000426635052785699
13.2376996473625,1.75966460878885e-05,3.07119411541829e-07,0.999999999999953,0.000139282043077133,-6.37435696049299e-06,-0.00283791786955491,0.000924750365356138
13.2408404645524,2.4582905027924e-05,4.29052632442329e-07,0.999999999999908,3.88221324356657e-05,-8.85832873384636e-06,-0.000790867988554688,0.00131806988946014
13.2442189922113,2.01110962199266e-05,3.51004845223098e-07,0.999999999999938,-2.31011242461804e-05,-7.26730726575684e-06,0.000470921545916901,0.00110151564998232
13.2474807898791,-1.08331732497649e-05,-1.8907454164737e-07,0.999999999999982,-0.000165577219031771,3.73823916954147e-06,0.00337407391761599,-0.000549656106034772
13.2507425875468,-3.92648193710256e-05,-6.85300378225191e-07,0.999999999999765,-0.000152132623517407,1.38500579362209e-05,0.00310007541750816,-0.00209170617139223
13.2538531040404,-2.9460056728187e-05,-5.14174987731149e-07,0.999999999999868,5.50151046765126e-05,1.0363453123674e-05,-0.00112090863999835,-0.00159375108399551
13.2572747936545,-4.93790780439916e-06,-8.61827493466893e-08,0.999999999999996,0.000125082133876296,1.642819456782e-06,-0.00254863376010201,-0.000308016359050904
13.2601159101212,1.63467022087421e-05,2.85303775385574e-07,0.999999999999959,0.000130753712169853,-5.92619949354603e-06,-0.00266410020108433,0.000861342440203692
13.2629570265879,1.12902562255231e-05,1.97052144529164e-07,0.999999999999981,-3.10623066283116e-05,-4.12739385871735e-06,0.000633133367072757,0.000605513620112287
13.2665186535451,1.28088560818317e-05,2.23556712042062e-07,0.999999999999975,7.4417022983592e-06,-4.66681573004338e-06,-0.000151453781604945,0.000701936013562866
13.2699537323576,-1.03680022932512e-05,-1.80955776871555e-07,0.999999999999984,-0.000117759303641815,3.5763863443199e-06,0.00239971264833574,-0.000528055904496147
13.2733888111701,-4.95570932772924e-05,-8.64934445406591e-07,0.999999999999626,-0.000199115859015551,1.75140175128736e-05,0.0040574414531261,-0.00264158775242862
13.2765402055807,-3.8963359066492e-05,-6.80038903347018e-07,0.999999999999769,5.86710255740457e-05,1.37467776964195e-05,-0.00119541997147481,-0.00210970608426485
13.2798385488657,-3.63571793029478e-06,-6.34552485574375e-08,0.999999999999998,0.000186937380831303,1.18328452250841e-06,-0.00380903141005934,-0.000241443206186078
13.2826773288114,1.79764560980794e-05,3.13748346751693e-07,0.999999999999951,0.000132875250118496,-6.50222067509934e-06,-0.00270732686039802,0.000948148460667979
13.285516108757,1.19712188974173e-05,2.08937185236895e-07,0.999999999999978,-3.69211997835695e-05,-4.36599003561523e-06,0.000752517165960772,0.000642323467616924
13.289043588537,1.22916371384057e-05,2.14529538525591e-07,0.999999999999977,1.58536792201969e-06,-4.47930562868303e-06,-3.21236690602971e-05,0.000674482486827089
13.2924490764352,-1.05541987564875e-05,-1.84205518210597e-07,0.999999999999983,-0.000117086029563973,3.64614872137866e-06,0.00238598832026321,-0.000539771191984405
13.2958545643335,-4.45970973881351e-05,-7.78366186255442e-07,0.999999999999697,-0.000174471525312822,1.57535787476388e-05,0.00355527031307994,-0.0023781404638007
13.2990485897571,-3.71537407438572e-05,-6.4845510541263e-07,0.99999999999979,4.06731517799625e-05,1.31067461686259e-05,-0.000828682376621686,-0.00201301767273999
13.3,-1.53009889154385e-05,-2.67052635385555e-07,0.999999999999964,0.000400881189657924,5.33529562920641e-06,-0.00816834861449294,-0.000826280141342923
13.3044861579068,-2.28294893789848e-05,-3.9844975621235e-07,0.999999999999921,-2.92894551544606e-05,8.01278251772539e-06,0.000596832956875084,-0.00134574907881635
13.3067429868723,3.81385003187731e-06,6.65642402335497e-08,0.999999999999998,0.000206047513370642,-1.46170379935035e-06,-0.00419814104740546,0.000185006481308268
13.3089998158378,1.75768949893893e-06,3.06774689842136e-08,1,-1.59014137968789e-05,-7.30010339833086e-07,0.000324213075381337,9.16800841593455e-05
13.3126210893143,8.1462348444249e-06,1.42178619675902e-07,0.99999999999999,3.07905910495426e-05,-3.00145330510135e-06,-0.000627249772778791,0.000435916112963172
13.3174792828422,8.19213647708369e-05,1.42979754297791e-06,0.999999999998978,0.000265040681455936,-2.9237596190283e-05,-0.00540039064603764,0.00446241862018782
13.3200863641828,1.95772544079491e-06,3.41687547919286e-08,0.999999999999999,-0.000535322303323978,-7.99266714617332e-07,0.0109081097828182,0.000133510651077276
13.3226934455234,-5.78611515837537e-06,-1.00986760413203e-07,0.999999999999995,-5.18416948109582e-05,1.95502330295753e-06,0.00105646493445177,-0.000303394302709871
13.326036381711,-1.23263036184183e-05,-2.15134582741888e-07,0.999999999999977,-3.4145977045866e-05,4.28144465167577e-06,0.000695921554627701,-0.00066042433034439
13.3301860028083,-3.67374100131926e-05,-6.411887633853e-07,0.999999999999794,-0.000102673032226087,1.29633707946574e-05,0.00209222141962463,-0.00201295793562974
13.3329778554628,5.49407549529443e-06,9.58897067460259e-08,0.999999999999995,0.000264010519653221,-2.0552325692079e-06,-0.00537943982796431,0.00027255173616854
13.3357697081174,9.64451619107099e-06,1.6832856229609e-07,0.999999999999986,2.59465181413436e-05,-3.53076939539376e-06,-0.000528515293872795,0.000512306019605407
13.3391877361433,1.56292274852509e-05,2.72781479160819e-07,0.999999999999963,3.05594091309154e-05,-5.65858789529506e-06,-0.000622528102101959,0.000843422081019127
13.3433856962505,2.2095388802691e-05,3.85637284115236e-07,0.999999999999926,2.68834867584955e-05,-7.95717128377641e-06,-0.000547547696926102,0.00126223416826289
13.3458104638065,-5.65331689880575e-06,-9.86689935427953e-08,0.999999999999995,-0.000199733073990132,1.9113661611433e-06,0.00406989008937083,-0.000287305836502644
13.3482352313624,-2.8524666976493e-06,-4.97849356774699e-08,0.999999999999999,2.01603068078481e-05,9.15568769752831e-07,-0.000410677464301234,-0.000150370519513772
13.3519755941514,-9.94570206007983e-06,-1.73585247370775e-07,0.999999999999985,-3.30984769861172e-05,3.43873897789963e-06,0.000674579004884033,-0.000534528316981745
13.3569597661185,-6.80062261462341e-05,-1.18693255810736e-06,0.999999999999296,-0.000203313071343801,2.40873362219596e-05,0.00414283403148154,-0.00377723655772479
13.3588875414929,-1.20604035298017e-05,-2.10493750714185e-07,0.999999999999978,0.000506510675674004,4.1917452118952e-06,-0.0103204923535784,-0.000665993279650958
13.3608153168672,-2.10223027387182e-06,-3.66908399141653e-08,0.999999999999999,9.01572419253044e-05,6.5061481252756e-07,-0.0018368999036626,-0.000115294396986329
13.364668115317,5.24866530773766e-06,9.16064909552235e-08,0.999999999999996,3.32997774322817e-05,-1.96311385969575e-06,-0.000678397457403193,0.000271418774910116
13.3682066026286,2.40274262162645e-05,4.19357698253806e-07,0.999999999999912,9.26246665395955e-05,-8.64101107898473e-06,-0.00188721807684699,0.00128354234765872
13.3717450899403,3.47553884628721e-05,6.06595961486731e-07,0.999999999999816,5.29147759312598e-05,-1.24555993222663e-05,-0.00107802795581444,0.00188867003547732
13.3756492748492,-1.43501185684605e-05,-2.50456817071209e-07,0.999999999999969,-0.000219521564312935,5.00940474532785e-06,0.00447340596701733,-0.000632721983852238
13.3779670503316,-1.31263235658154e-05,-2.290975649056e-07,0.999999999999974,9.21541034823001e-06,4.57388288544527e-06,-0.000187905111252183,-0.000682435793440846
13.380284825814,-3.73771291277601e-06,-6.52353968222489e-08,0.999999999999998,7.0698033233114e-05,1.23517044535306e-06,-0.00144048138631598,-0.000197423053759695
13.3837878943808,-8.08938268020301e-06,-1.41186362223346e-07,0.99999999999999,-2.16812671384247e-05,2.78328280113785e-06,0.000441930360842802,-0.000435016826831501
13.388644006404,-4.21394712761265e-05,-7.35472518817917e-07,0.99999999999973,-0.000122379004801048,1.4893014293967e-05,0.00249370925446475,-0.00235232523762176
13.3907647309518,-4.01981092048132e-06,-7.01589358700229e-08,0.999999999999998,0.000313719942374829,1.33693447327599e-06,-0.00639219262792116,-0.000229736606780245
13.3928854554997,-2.54238885197724e-07,-4.43730563330017e-09,1,3.09901775329563e-05,-1.87155667432138e-09,-0.00063129652141784,-1.54860043627016e-05
13.3968540387312,7.7969101850697e-06,1.36081754211746e-07,0.999999999999991,3.54078651370916e-05,-2.86461488117855e-06,-0.000721351464121171,0.000412513966928723
13.4006979137239,3.20032889974935e-05,5.58562764473507e-07,0.999999999999844,0.000109910184660518,-1.14727173746505e-05,-0.00223943351690035,0.00172196640549084
13.4045417887166,4.03729194134641e-05,7.04640372407228e-07,0.999999999999752,3.80026947313362e-05,-1.44483139313635e-05,-0.000774113768618543,0.00224568027250127
13.4067890751442,1.52460914295361e-06,2.66094493505494e-08,1,-0.000301710950033657,-6.3239865196256e-07,0.00614782126121961,9.61654556762701e-05
13.4090363615717,-5.72841852750414e-07,-9.99797642371926e-09,1,-1.62896128082892e-05,1.13793546456046e-07,0.000332041429729513,-2.81063805445461e-05
13.4129721661782,-9.03762815210718e-06,-1.577363678252e-07,0.999999999999988,-3.75370238545875e-05,3.12476898135623e-06,0.000765021573967749,-0.000480671213499874
13.4180815054535,-0.000166614967295847,-2.90797976241111e-06,0.999999999995772,-0.000538277700194396,5.91656179561136e-05,0.0109683162451776,-0.00901364309875196
13.4208269129409,-1.73164180673698e-05,-3.02228509927432e-07,0.999999999999954,0.000949130963034389,6.06979342487674e-06,-0.0193398702283361,-0.000988456946456451
13.4235723204284,1.49258128732791e-05,2.60504578175272e-07,0.999999999999966,0.000204972518897311,-5.39617909372308e-06,-0.00417641919132323,0.000780238675107801
13.4264477834636,1.3925367791937e-05,2.43043517520471e-07,0.99999999999997,-6.0724344013256e-06,-5.03987514715275e-06,0.000123911850789362,0.000744849578804449
13.4298478357765,1.46269664942188e-05,2.55288724903007e-07,0.999999999999967,3.60147617024583e-06,-5.28883462668086e-06,-7.32222497232704e-05,0.000796396081461787
13.4343562421532,-2.66030941390282e-05,-4.64311583944032e-07,0.999999999999892,-0.000159613009282116,9.37556794636267e-06,0.00325267984912073,-0.00127463610956436
13.4365748675765,-1.13329256098334e-05,-1.97796865775177e-07,0.99999999999998,0.000120126054344449,3.9445058555297e-06,-0.00244794007758362,-0.000585185697002379
13.4387934929998,-2.77461817324051e-06,-4.84262226087172e-08,0.999999999999999,6.73257601747546e-05,9.01046465606377e-07,-0.00137177702822927,-0.000145411853300954
13.4422979826353,-7.72128756290317e-06,-1.34761890465949e-07,0.999999999999991,-2.46357321142455e-05,2.66074456385478e-06,0.00050212678058022,-0.000413734633200034
13.4471097441272,-5.65013334959485e-05,-9.861343012715e-07,0.999999999999514,-0.00017693570478049,2.00090825935569e-05,0.00360540273221986,-0.00310134029631121
13.4495621898477,-1.67383522446611e-07,-2.92139358027919e-09,1,0.000400911180001875,-2.48084489694103e-08,-0.00816894371001212,-2.70559156151388e-05
13.4520146355681,2.45062456338502e-06,4.2771467361317e-08,0.999999999999999,1.86315483192446e-05,-9.55451170502243e-07,-0.000379475359539317,0.000128452735410689
13.4556759357178,1.06667750186671e-05,1.86170344645219e-07,0.999999999999983,3.91661080554025e-05,-3.87691323763164e-06,-0.00079793022907993,0.000571517099104098
13.4603649587881,7.72209522818404e-05,1.34775986884313e-06,0.999999999999092,0.000247725273851846,-2.75450708793547e-05,-0.00504756689968518,0.00421867089577951
13.4628933705398,1.22057774588735e-06,2.13031004423049e-08,1,-0.000524620551816073,-5.16350453278402e-07,0.0106899995255038,9.07948705810489e-05
13.4654217822915,-4.08765755911468e-06,-7.13430831005859e-08,0.999999999999997,-3.66420475146782e-05,1.37169828472445e-06,0.000746733097061691,-0.000213688782686642
13.4688607729852,-1.11427244807715e-05,-1.94477229832038e-07,0.999999999999981,-3.58053154835067e-05,3.88119491573149e-06,0.000729718936323716,-0.000596509862294386
13.473213305492,-4.7782064444974e-05,-8.33954347964817e-07,0.999999999999652,-0.000146920698955843,1.69118598984205e-05,0.00299381221443219,-0.00261331660832382
13.475931606936,3.62415269816686e-06,6.32533971780479e-08,0.999999999999998,0.000330061902129752,-1.36965356066473e-06,-0.00672534442416664,0.000170979475145196
13.4786499083799,8.00595816661318e-06,1.39730329784328e-07,0.99999999999999,2.81340882105914e-05,-2.92752575739134e-06,-0.000573105017550545,0.000424264977695768
13.4820545578415,1.42089706254767e-05,2.47993320733724e-07,0.999999999999969,3.17985719734614e-05,-5.13305261804006e-06,-0.000647798513626142,0.000765351413664698
13.4862648434118,2.87699253680057e-05,5.02129923224719e-07,0.999999999999874,6.03608943498897e-05,-1.03105791798718e-05,-0.00122973287094102,0.00160927754744884
13.4885911250501,-9.57751856509863e-07,-1.67159233131854e-08,1,-0.000223036556704921,2.61743391988462e-07,0.00454473026725686,-3.85595408747684e-05
13.4909174066884,-1.18181036521842e-06,-2.06264820072582e-08,1,-1.68103407156162e-06,3.41679117993684e-07,3.43620156254052e-05,-6.10146781269887e-05
13.4948995828589,-1.00351964444391e-05,-1.75147219039889e-07,0.999999999999985,-3.88030891696963e-05,3.49081000312072e-06,0.000790806521436817,-0.000536207861304112
13.5000740536555,-0.000150272674141537,-2.62275293954335e-06,0.999999999996561,-0.000473015660291554,5.33646356172629e-05,0.00963843986655568,-0.00818550598332713
13.5024064513511,-1.28540452101565e-05,-2.24345411117435e-07,0.999999999999975,0.0010283012767983,4.4941178841601e-06,-0.0209529094564102,-0.000718744410266893
13.5047388490468,5.04567774163722e-07,8.80636895861614e-09,1,9.99622750921946e-05,-2.56280705499317e-07,-0.00203670180198586,2.18454516091357e-05
13.5081551393288,8.37998022886704e-06,1.46258246245757e-07,0.999999999999989,4.02342500022317e-05,-3.05662929452647e-06,-0.000819704520942585,0.000445094218330598
13.5125369194532,6.74939956619308e-05,1.17799244962719e-06,0.999999999999306,0.000235460058261954,-2.40791378136339e-05,-0.00479770958886214,0.00364119836816722
13.5166504190161,8.37036929229549e-05,1.46090503758332e-06,0.999999999998933,6.87766179706622e-05,-2.98419092327451e-05,-0.0014009412985384,0.00478092387756974
13.5186247562157,1.40089677630269e-05,2.44502612270562e-07,0.99999999999997,-0.000616106724580349,-5.05688746898413e-06,0.0125535910318419,0.000795659097457885
13.5205990934154,2.31747189793935e-06,4.04475149414837e-08,0.999999999999999,-0.000103353721624623,-8.98891962998284e-07,0.0021060209505526,0.000131325722620726
13.5238171997862,-4.95063928812112e-06,-8.64049556563016e-08,0.999999999999996,-3.94183584953469e-05,1.68633823685267e-06,0.000803338952174114,-0.000259184255051611
13.5281803124658,-6.00099001125754e-05,-1.04737034075716e-06,0.999999999999452,-0.000220247666210891,2.12680673546479e-05,0.0044880182006917,-0.00321635474249613
13.5322255756608,-0.00015261560941233,-2.66364487417966e-06,0.999999999996453,-0.000399547434992717,5.42017542763788e-05,0.00814129645818469,-0.00836206922883946
13.5344790438865,-1.26209814571401e-05,-2.20277681260244e-07,0.999999999999976,0.00108426964490074,4.41534913984225e-06,-0.022093235914209,-0.0007103919222849
13.5367325121122,8.0407984257779e-08,1.40338407019001e-09,1,9.83732820360689e-05,-1.01313716272241e-07,-0.00200431619337488,-1.05359133477776e-06
13.5400682577881,7.04971095761056e-06,1.23040667524226e-07,0.999999999999992,3.64647953634839e-05,-2.57943839547695e-06,-0.000742899765157491,0.000373902526439775
13.5444571759295,6.17070057467781e-05,1.07699042182813e-06,0.99999999999942,0.000217354191523841,-2.20170171390586e-05,-0.00442878589142686,0.00332492349983521
13.5486209657097,0.000103583761689302,1.80787769307849e-06,0.999999999998366,0.000175534143135444,-3.69080549132705e-05,-0.00357631834471456,0.00583032844776566
13.5505661123799,1.84000012051007e-05,3.21140603399926e-07,0.999999999999948,-0.000764331611821331,-6.61446940568678e-06,0.0155739338176123,0.00102863631448495
13.5525112590501,3.19645484106262e-06,5.57886613678548e-08,0.999999999999998,-0.000136417446609214,-1.20745405515617e-06,0.00277974686089557,0.000178077906271579
13.5557941540292,-4.65935689627227e-06,-8.13211188654548e-08,0.999999999999997,-4.1764899915699e-05,1.58678758481259e-06,0.000851151699280617,-0.000242389631428368
13.5602249451297,-7.38281356145846e-05,-1.28854404708303e-06,0.99999999999917,-0.000272462163263892,2.6186428305695e-05,0.00555197484214462,-0.00395000580733332
13.5641358060062,-0.000175379054601646,-3.06094194182885e-06,0.999999999995315,-0.000453198912133811,6.23013963870523e-05,0.00923453153194182,-0.00956558355694906
13.5665139345711,-1.20488018153073e-05,-2.1029126259738e-07,0.999999999999978,0.0011986949407679,4.21582092466995e-06,-0.0244249097041255,-0.000685747617371201
13.568892063136,2.13139477439361e-06,3.71998564729702e-08,0.999999999999999,0.000104069696955679,-8.2673452478143e-07,-0.00212038807484416,0.000107089691592129
13.5720845373182,8.10364560699439e-06,1.41435297256826e-07,0.99999999999999,3.26503629587842e-05,-2.950284414469e-06,-0.000665173708078409,0.00043167280887695
13.5762270561574,3.94583008419965e-05,6.88677266935235e-07,0.999999999999763,0.000132103676751768,-1.41005870453193e-05,-0.00269167215974993,0.00213466216904087
13.5806086924342,3.24941072482541e-05,5.67129158978159e-07,0.999999999999839,-2.77403463636739e-05,-1.16218718552331e-05,0.000565705374321078,0.0020247328621094
13.582604340123,5.15165138670163e-06,8.99132786128749e-08,0.999999999999996,-0.000239128320608025,-1.89891778696688e-06,0.00487207943690731,0.000319140522556192
13.5845999878119,8.08989716356771e-07,1.41195341652007e-08,1,-3.79795215710166e-05,-3.54458811598422e-07,0.000773913644166929,5.02052035183286e-05
13.5878061020507,-5.48336557655916e-06,-9.57027834014744e-08,0.999999999999995,-3.42540250867335e-05,1.8837190344749e-06,0.000698096723750351,-0.000289033633382043
13.5921631846017,-5.28196748782611e-05,-9.21877236458461e-07,0.999999999999575,-0.000189616433332261,1.8718791272291e-05,0.00386384054943049,-0.00283895309521952
13.5963703998444,-0.000128981566415747,-2.25115300833263e-06,0.999999999997466,-0.000315951453684908,4.58041673313086e-05,0.00643783940135464,-0.00714617197503952
13.5983510382295,-2.03440840632416e-05,-3.55071250206065e-07,0.999999999999937,0.000957308397288264,7.16980039986592e-06,-0.0195060174640847,-0.00112502004936317
13.6003316766147,-3.20847248713948e-06,-5.59984088602353e-08,0.999999999999998,0.000150998205216546,1.07611111691374e-06,-0.00307662889325704,-0.000176799497531438
13.6037562284814,4.65563834854667e-06,8.12562179642506e-08,0.999999999999997,4.00795876852543e-05,-1.7202840844845e-06,-0.000816572594091017,0.00024192095131362
13.6083417296995,0.000102640408220135,1.79141306903145e-06,0.999999999998395,0.000372948728992488,-3.65669600994086e-05,-0.00759931670668787,0.00548715168171153
13.6113114403887,4.83867955044361e-05,8.44508896041499e-07,0.999999999999643,-0.000318854013772188,-1.72716560979649e-05,0.00649736826946544,0.00262907384526309
13.6142811510779,-6.09244165413713e-07,-1.06333166350343e-08,1,-0.000287954720905662,1.53564763863464e-07,0.00586764930511586,9.17930389254524e-07
13.6176498253775,-4.32060100451776e-05,-7.54087131938021e-07,0.999999999999716,-0.000220696258880178,1.53029757830432e-05,0.00449714328899936,-0.00228883905575886
13.6207396278832,-4.03782367649088e-05,-7.04733177697424e-07,0.999999999999752,1.59731743852775e-05,1.4297467468192e-05,-0.000325428021038866,-0.00217332242974693
13.6238223885938,-1.26373071202268e-05,-2.20562617833679e-07,0.999999999999976,0.000157057457690066,4.43198601025919e-06,-0.00320020993657127,-0.00070225592502002
13.6266261070163,5.76242254961264e-06,1.00573246381907e-07,0.999999999999995,0.000114539271002146,-2.11126948667905e-06,-0.00233377768761746,0.000298463545443931
13.6294298254389,5.72225373001165e-06,9.98721682232298e-08,0.999999999999995,-2.50052984292269e-07,-2.09661395652166e-06,5.22717618126466e-06,0.000305500496433851
13.6333280868913,1.70323520545982e-05,2.97270622711555e-07,0.999999999999956,5.06375616149144e-05,-6.11841438471673e-06,-0.00103169078761788,0.000923683776378928
13.6372365465157,1.18058289701989e-07,2.06050586457303e-09,1,-7.55310647198948e-05,-1.02307281609265e-07,0.00153925271877507,6.95023096865754e-05
13.6398838551373,-1.54455461683815e-05,-2.69575635407049e-07,0.999999999999964,-0.000102608414849414,5.43274406167726e-06,0.00209082208938034,-0.000813083550692002
13.6425311637588,-7.06101152638953e-06,-1.23237899656768e-07,0.999999999999992,5.52779281420224e-05,2.45109992277452e-06,-0.00112629261079043,-0.00037748684581944
13.6461679584174,-1.03938952013393e-05,-1.81407693370609e-07,0.999999999999984,-1.59947973900498e-05,3.63675034048589e-06,0.000326015221921072,-0.000566689107286623
13.649908437162,9.29160797641592e-06,1.62169151993025e-07,0.999999999999987,9.18537087956088e-05,-3.36389609199774e-06,-0.00187159102095425,0.00046378286424827
13.6528812752121,2.30786654589223e-05,4.02798699224471e-07,0.999999999999919,8.09427029588081e-05,-8.26664221038854e-06,-0.00164918035756283,0.00122743305432758
13.6558541132621,1.46833270219957e-05,2.56272401680876e-07,0.999999999999967,-4.92883551258885e-05,-5.28052281036708e-06,0.00100446756591775,0.000792759199001025
13.6595438820163,8.60235442018693e-06,1.50139408055749e-07,0.999999999999989,-2.87641314932108e-05,-3.1173402620462e-06,0.000586265073078917,0.000493718937235169
13.66241745473,-1.14622963425937e-05,-2.00054811017564e-07,0.99999999999998,-0.000121867185543321,4.01863685891571e-06,0.00248331183231524,-0.000600526899685782
13.6652910274437,-9.74138005989613e-06,-1.70019155733309e-07,0.999999999999986,1.04523735004181e-05,3.40685631590048e-06,-0.000212898925472615,-0.000520902863091646
13.6689638280937,-1.53533047205238e-05,-2.67965718435124e-07,0.999999999999964,-2.66680857569159e-05,5.40298751574109e-06,0.000543490210896568,-0.000837170785795332
13.6724884470391,8.91137333593099e-06,1.55532805586426e-07,0.999999999999988,0.000120154414018127,-3.22620119611092e-06,-0.00244826145621146,0.000443163205084657
13.6760130659845,7.00088099706495e-05,1.22188423939056e-06,0.999999999999253,0.000302543750210665,-2.4954388785972e-05,-0.0061646912549873,0.00372620778114807
13.679015986656,4.50992575887389e-05,7.87130535128451e-07,0.99999999999969,-0.000144776952784412,-1.60950152301287e-05,0.0029502522794374,0.0024366921384613
13.6820162689102,7.34384614676166e-06,1.28174295020889e-07,0.999999999999992,-0.000219631416071976,-2.66736454952896e-06,0.00447546248749112,0.000421239185686713
13.6851480598834,-1.77760090521678e-05,-3.1024988582464e-07,0.999999999999952,-0.000139991520696348,6.26651373211402e-06,0.00285264194130732,-0.000933756038634612
13.6882798508566,-2.41754375176961e-05,-4.21940982793949e-07,0.999999999999911,-3.56636499447248e-05,8.54262595284868e-06,0.000726776544217227,-0.00129564725249086
13.6916612522733,-1.97346334087956e-05,-3.44434329657549e-07,0.999999999999941,2.29214587640737e-05,6.96353523467551e-06,-0.000466992978236812,-0.0010804659691762
13.6949207224356,1.08394602598139e-05,1.89184270672832e-07,0.999999999999982,0.000163713295029325,-3.90949176683986e-06,-0.00333582651777653,0.000551236284387497
13.698180192598,3.85174613253375e-05,6.72256519636667e-07,0.999999999999774,0.000148205758881228,-1.37524196406207e-05,-0.00301979382644259,0.00205277863966179
13.7013013559993,2.93475119392225e-05,5.12210710607756e-07,0.999999999999869,-5.12776130078799e-05,-1.04907552236096e-05,0.00104501559117255,0.00158860315501518
13.7047406729172,4.67952183478615e-06,8.16730634359843e-08,0.999999999999997,-0.000125181150053805,-1.71734163420377e-06,0.00255091746385948,0.000296398804377776
13.7075645246104,-1.63309518868943e-05,-2.85028880411082e-07,0.999999999999959,-0.000129858782855873,5.754921829967e-06,0.0026461246113282,-0.000859857697959174
13.7103883763036,-1.08596578578318e-05,-1.89536785259237e-07,0.999999999999982,3.38162571997371e-05,3.80932575856666e-06,-0.000688986633423962,-0.000581674253954617
13.7139560580904,-1.25369662898355e-05,-2.18811339969166e-07,0.999999999999976,-8.20548368928998e-06,4.4061270531764e-06,0.000167279855737869,-0.000686163518214059
13.717411972376,1.03297958427745e-05,1.80288948515236e-07,0.999999999999984,0.00011548327171791,-3.72589739857737e-06,-0.00235307469444554,0.000526430310465329
13.7208678866617,5.19408735504293e-05,9.06539259816904e-07,0.999999999999589,0.000210147084467865,-1.85239867253039e-05,-0.00428196075005101,0.00276924814049821
13.7240098320243,4.02066404325444e-05,7.01738256713318e-07,0.999999999999754,-6.51828658568616e-05,-1.43503164479055e-05,0.0013283713736731,0.00217756892232723
13.7272753322574,3.86340947593861e-06,6.74292157078774e-08,0.999999999999998,-0.00019424559660957,-1.42480094621324e-06,0.00395820382148816,0.000252751638319534
13.7301358123157,-1.82158895100767e-05,-3.17927248130329e-07,0.999999999999949,-0.000134717409659613,6.42757722362973e-06,0.00274512599625957,-0.000960085997352265
13.7329962923741,-1.26948949156677e-05,-2.21567714473087e-07,0.999999999999975,3.36864902719329e-05,4.46429395458617e-06,-0.000686347476306113,-0.000680497903590111
13.7365118636783,-1.26096120511713e-05,-2.20079247692093e-07,0.999999999999976,4.23392573269222e-07,4.43422854653459e-06,-8.55206891002504e-06,-0.000691449738446098
13.7398897389562,1.05616590120926e-05,1.84335724233947e-07,0.999999999999983,0.000119724660813303,-3.80608769400525e-06,-0.00243949689150827,0.00054135770158333
13.7432676142342,4.17186251638418e-05,7.28127368514334e-07,0.999999999999735,0.00016098630041939,-1.48862991375154e-05,-0.00328023107180247,0.00222553189503435
13.7464766250392,3.55944333422149e-05,6.21240057203259e-07,0.999999999999807,-3.33084921821256e-05,-1.27078068746646e-05,0.00067886722582807,0.00192954468532598
13.7499175405146,1.41247103791106e-06,2.46522702006097e-08,1,-0.000173380541102698,-5.5084220767307e-07,0.00353306111531223,0.000133743058189245
13.7526435156562,-1.72526055805639e-05,-3.01114771928784e-07,0.999999999999955,-0.000119504773593975,6.08721304495631e-06,0.00243511217367002,-0.000909126659671881
13.7553694907979,-9.0828143654249e-06,-1.58525016024103e-07,0.999999999999987,5.23077975746882e-05,3.18190077957028e-06,-0.00106578824618129,-0.000486279621382672
13.7589424560374,-1.0888341402326e-05,-1.90037407551805e-07,0.999999999999982,-8.81967481221592e-06,3.82429351090411e-06,0.000179792605937728,-0.000595342984834788
13.7625177365936,1.02964255574828e-05,1.79706527164567e-07,0.999999999999984,0.00010341676098106,-3.70957933691056e-06,-0.00210721165219872,0.000523121897297266
13.7660930171497,6.75068030235861e-05,1.17821598025657e-06,0.999999999999306,0.00027928142628488,-2.40554129229891e-05,-0.00569069567171111,0.00359831752546194
13.7691854128637,4.79978630587564e-05,8.37720744296557e-07,0.999999999999649,-0.000110107265515405,-1.71167327945208e-05,0.00224378791402843,0.00259840251201028
13.772278939854,4.98623408967387e-06,8.70262021399911e-08,0.999999999999996,-0.000242666233239402,-1.81977176300231e-06,0.00494482869538944,0.000305414216335863
13.7759815710832,-8.27218737378571e-05,-1.44376906014413e-06,0.999999999998958,-0.000413434438255647,2.93731192228451e-05,0.00842452003872589,-0.00436935825443978
13.7789594164536,-6.91969197317599e-05,-1.20771408155715e-06,0.999999999999271,7.92703949405879e-05,2.45630053021381e-05,-0.00161530009867095,-0.00371651469275622
13.781588769287,-1.3466929819306e-05,-2.35042265481892e-07,0.999999999999972,0.000369928221007083,4.74348097969185e-06,-0.00753779563942841,-0.000734817987435254
13.7858319341649,3.01104941472711e-05,5.25527262272338e-07,0.999999999999862,0.000179245810532255,-1.07544313280355e-05,-0.00365244169242337,0.00151197772274428
13.7882270054532,1.62250472637272e-05,2.83180496043732e-07,0.99999999999996,-0.000101185617067774,-5.81552574789315e-06,0.00206211214015013,0.000855195230056735
13.7906220767415,4.33994387919659e-06,7.57463100437555e-08,0.999999999999997,-8.66087731971568e-05,-1.58842685076032e-06,0.00176491569072305,0.000231791067717858
13.7942821330673,8.61985524922489e-06,1.5044485514429e-07,0.999999999999989,2.04091244648375e-05,-3.11015674807563e-06,-0.00041576679752428,0.000467635418321609
13.7995412453173,5.55651302670159e-07,9.69794472458983e-09,1,-2.67624845652894e-05,-2.40590695478139e-07,0.000545636966116802,0.000242945527882129
13.8015655173096,-7.96984763457901e-07,-1.39100082105686e-08,1,-1.16624411272836e-05,2.39647344591071e-07,0.000237239877797633,-1.04816192982323e-05
13.8035897893018,-2.56333984354799e-07,-4.47387201174687e-09,1,4.66149619960895e-06,4.74055819873798e-08,-9.49683458251839e-05,-8.57921528913366e-06
13.8069563912267,-6.3193003374769e-06,-1.10292597311361e-07,0.999999999999994,-3.14319089876312e-05,2.20392905975272e-06,0.000640563846246383,-0.000334662621434045
13.8115049403249,-6.7010201276186e-05,-1.16954864469329e-06,0.999999999999316,-0.000232877786853915,2.37882366475371e-05,0.00474531704986694,-0.00361193913296051
13.8157789195195,-0.000120056799106374,-2.09538643381008e-06,0.999999999997805,-0.000216621969117573,4.26521479485826e-05,0.00441366474702262,-0.0067991552550211
13.8176560532259,-2.58038959093131e-05,-4.50362943459395e-07,0.999999999999899,0.000876348597210066,9.13403274871263e-06,-0.0178560083845627,-0.00143891427619055
13.8195331869323,-5.14161551506115e-06,-8.97381196094411e-08,0.999999999999996,0.000192114617422505,1.78615506304865e-06,-0.00391441358744617,-0.000283770501052443
13.8226476688765,3.95141011980592e-06,6.89651166872368e-08,0.999999999999998,5.09565440229464e-05,-1.44739420871075e-06,-0.00103823021925498,0.000204960432205202
13.8268766014883,5.40686548523366e-05,9.43676049297541e-07,0.999999999999555,0.000206839647941417,-1.9270662796911e-05,-0.00421460217599737,0.00288962119415145
13.830807581756,0.000146425595538361,2.55560875133513e-06,0.999999999996734,0.000410058711134389,-5.21153277379147e-05,-0.00835533701642878,0.00796587214256986
13.8333766679895,6.85458380840788e-06,1.19635056310609e-07,0.999999999999993,-0.000948186815688025,-2.47865191209649e-06,0.0193207511594635,0.000412356905750452
13.8359457542231,-7.34988501184427e-06,-1.28279693099665e-07,0.999999999999992,-9.64991934376319e-05,2.5730396711891e-06,0.00196633788204345,-0.000383476366638596
13.8390166971773,-1.05018356527002e-05,-1.83291609642946e-07,0.999999999999983,-1.79136888455674e-05,3.69421093588618e-06,0.000365090228452104,-0.000561399144246965
13.8428841367985,-2.36972557318349e-05,-4.13595136207605e-07,0.999999999999915,-5.95493528327136e-05,8.38721983478573e-06,0.00121346662353066,-0.00129141170327287
13.8461813781126,7.30965692473649e-06,1.27577580527855e-07,0.999999999999992,0.000164128938461968,-2.63982734381226e-06,-0.00334432518828919,0.00035762490343812
13.8494786194267,4.38926616778662e-05,7.66071463742629e-07,0.999999999999707,0.000193644875334204,-1.56497929676961e-05,-0.00394571230448504,0.00233406217216157
13.8525289097104,3.25365765362264e-05,5.67870387884252e-07,0.999999999999839,-6.49777750378972e-05,-1.16106992952151e-05,0.00132416697977429,0.00175667833862774
13.8557627091401,8.51110799094282e-06,1.48546857434751e-07,0.999999999999989,-0.000129668997589148,-3.0659387190157e-06,0.0026423285556316,0.000487450340825061
13.8587572786357,-1.46959143743047e-05,-2.56492092422777e-07,0.999999999999967,-0.000135257822685926,5.18754734800698e-06,0.00275615111926094,-0.000770990253475974
13.8617518481313,-1.5631451237456e-05,-2.72820290958546e-07,0.999999999999963,-5.4526029733892e-06,5.52042355134887e-06,0.000111159952651016,-0.000836930883207161
13.8652551737095,-1.70316985056818e-05,-2.97259216131141e-07,0.999999999999956,-6.97592177125917e-06,6.01859423997857e-06,0.000142199369574236,-0.000930612883537972
13.8686583131838,1.02114503900703e-05,1.78223430710784e-07,0.999999999999984,0.000139718824466434,-3.66992183081828e-06,-0.00284693476244971,0.000515137744113983
13.8720614526581,5.36915281421427e-05,9.37093946507447e-07,0.999999999999561,0.000222991305978436,-1.91327610246259e-05,-0.00454369834403342,0.00285996115998368
13.8751179874172,3.6968382328545e-05,6.45219990769154e-07,0.999999999999792,-9.54917835851104e-05,-1.31849157263991e-05,0.00194594394206613,0.00199947614644133
13.878317661471,5.89581784291127e-06,1.02901433456631e-07,0.999999999999995,-0.000169491813288237,-2.13395364528134e-06,0.00345377744584288,0.000351304240723806
13.8812990589986,-1.75951243436533e-05,-3.07092852094551e-07,0.999999999999953,-0.000137517483583213,6.22047454050283e-06,0.00280218525324366,-0.0009262466032699
13.8842804565261,-1.64483674590357e-05,-2.87078168738062e-07,0.999999999999959,6.71318841968507e-06,5.81279033060936e-06,-0.000136742653780623,-0.000881828662075488
13.8877581216009,-1.53248779540509e-05,-2.67469577764477e-07,0.999999999999964,5.63843571815774e-06,5.41341049187089e-06,-0.000114841374930431,-0.000840314895653531
13.8910534141371,1.06043212182246e-05,1.85080320197114e-07,0.999999999999983,0.000137332237728634,-3.80778972768411e-06,-0.00279829487620994,0.00054271218749218
13.8943487066733,3.65817464986831e-05,6.38471922531884e-07,0.999999999999796,0.000137587664026597,-1.30460176506718e-05,-0.00280346215748945,0.00195097669385194
13.8975506583709,3.12893946611746e-05,5.46102957793405e-07,0.999999999999851,-2.88477071054289e-05,-1.11634437621899e-05,0.000587945748802142,0.00169553546884326
13.9010633961513,2.28993200558806e-06,3.99668531443088e-08,0.999999999999999,-0.000144085934188877,-8.49621160489616e-07,0.00293612083977799,0.000180249022713156
13.9037789653611,-1.64099613991284e-05,-2.86407856539962e-07,0.999999999999959,-0.000120186481900765,5.80076538637657e-06,0.00244898436867621,-0.000864190733836121
13.9064945345709,-8.61218030208604e-06,-1.50310902046801e-07,0.999999999999989,5.01172844359333e-05,3.0277038617334e-06,-0.00102117136791526,-0.000460922409793165
13.9100841418161,-1.09725190405074e-05,-1.91506584494622e-07,0.999999999999982,-1.14763760024659e-05,3.86734462373595e-06,0.000233908810806646,-0.000599403329685083
13.9137023897293,1.0056109580833e-05,1.75512222126883e-07,0.999999999999985,0.000101435505646374,-3.61107616739108e-06,-0.00206686246235502,0.000508391613808142
13.9173206376424,7.63323135359845e-05,1.33225019686717e-06,0.999999999999113,0.000319695610282954,-2.71811455673055e-05,-0.00651422179072703,0.00406711977962255
13.9203728465382,5.12211054213239e-05,8.93976936113101e-07,0.9999999999996,-0.000143592157588292,-1.82501198596981e-05,0.00292608599626763,0.00277118126697428
13.9233745082866,6.05801842557001e-06,1.0573236767268e-07,0.999999999999994,-0.000262602729584813,-2.18811082295205e-06,0.00535103898528623,0.000357649119847963
13.9271374216947,-7.64278115335906e-05,-1.33391695135446e-06,0.99999999999911,-0.00038258901093399,2.71475027187515e-05,0.00779598421763119,-0.00403153337815787
13.9302020951701,-8.00488706584599e-05,-1.39711635549275e-06,0.999999999999024,-2.06219046324882e-05,2.84351256247018e-05,0.00042015011266536,-0.00429767585872449
13.9328256638885,-1.58781198869876e-05,-2.7712547105432e-07,0.999999999999962,0.000426895959147969,5.61367971338565e-06,-0.00869862708421571,-0.00086556411010619
13.9368099424906,1.99996629698501e-05,3.49059968113065e-07,0.999999999999939,0.000157164069507324,-7.14590062228886e-06,-0.00320248195714458,0.000993932823427654
13.9393417999242,1.75867705948692e-05,3.06947051673384e-07,0.999999999999953,-1.66332100229148e-05,-6.28723375368363e-06,0.000339145031327514,0.000930226289623947
13.9418736573577,5.64444781581386e-06,9.85141988429541e-08,0.999999999999995,-8.23240874749055e-05,-2.03982591353256e-06,0.00167758570602427,0.00030261521132398
13.9455784284754,8.9656397571437e-06,1.56479933309862e-07,0.999999999999988,1.56462390319602e-05,-3.22064525986193e-06,-0.000318729365135184,0.000490191085209293
13.9493060903354,-9.43308052079127e-06,-1.64638313693548e-07,0.999999999999986,-8.61446823954408e-05,3.32303951642517e-06,0.0017554394744287,-0.000474979624495794
13.9530337521953,-8.9777159015946e-05,-1.56690701791413e-06,0.999999999998772,-0.000376179159189668,3.18967697526754e-05,0.00766532247551983,-0.0047820125307845
13.9560850196874,-6.05955023092466e-05,-1.05759102719598e-06,0.999999999999441,0.000166919482492844,2.15185387360004e-05,-0.0034012852179458,-0.00327700648638669
13.9589830548572,-6.99994986141747e-06,-1.22172172556255e-07,0.999999999999993,0.000322776916025801,2.45808862450489e-06,-0.00657702512038887,-0.000405487889780211
13.9626753346869,6.172362192144e-05,1.07728042878507e-06,0.99999999999942,0.000324854197583411,-2.1982548101986e-05,-0.00661938906408782,0.00325265309951464
13.9657947605927,7.52235405567716e-05,1.31289845772278e-06,0.999999999999138,7.5532497341458e-05,-2.67830820375219e-05,-0.00153891583915698,0.00403756272858996
13.9684941563784,1.70292998329784e-05,2.97217351394789e-07,0.999999999999956,-0.000376262388681163,-6.08670457906002e-06,0.0076670407385232,0.000929770996173681
13.9724007016575,-2.12099583586442e-05,-3.70183607569225e-07,0.999999999999931,-0.000170841731320326,7.51325484873757e-06,0.00348132645499594,-0.0010608835978256
13.9749582105104,-1.85777891318368e-05,-3.24243588091765e-07,0.999999999999947,1.79627997872116e-05,6.5769847802757e-06,-0.000366086736092702,-0.000983053834916343
13.9775157193632,-6.07295961542897e-06,-1.05993140629884e-07,0.999999999999994,8.53371229664037e-05,2.12989395737306e-06,-0.00173883692249053,-0.000325189343871735
13.9812236898979,-8.87593244718592e-06,-1.54914245387991e-07,0.999999999999988,-1.31934987887841e-05,3.12693938965431e-06,0.000268892490637903,-0.000485913853483627
13.9848093857746,9.76175445220986e-06,1.70374755962277e-07,0.999999999999985,9.07185139318085e-05,-3.50117510102382e-06,-0.00184848763489774,0.000498604884784587
13.9883950816514,6.00129219007246e-05,1.04742308090967e-06,0.999999999999451,0.00024459640613533,-2.13721415581993e-05,-0.00498396045605744,0.00320053480949998
13.9915786624416,4.93886961951699e-05,8.61995361872804e-07,0.999999999999629,-5.82450175617896e-05,-1.75932904235295e-05,0.00118698138468918,0.00267615040316129
13.9947671469362,3.22695535653665e-06,5.6320995786432e-08,0.999999999999998,-0.000252682541644595,-1.17606275431704e-06,0.00514891249968019,0.000221895648283447
13.9983126279775,-8.38372492288388e-05,-1.46323603485779e-06,0.99999999999893,-0.000428589805713477,2.97876318409271e-05,0.00873328449220254,-0.00443463800509071
14,-1.29521929321421e-05,-2.26058412019416e-07,0.999999999999974,0.000733197899648717,4.5780249943739e-06,-0.0149401593187962,-0.000680977938205506
14.0028599569442,-9.71734352523946e-06,-1.69599639062781e-07,0.999999999999986,1.97411268971392e-05,3.42770904060224e-06,-0.000402214430566031,-0.000520307342169377
14.0065432002333,-1.41865610123973e-05,-2.47602199201391e-07,0.999999999999969,-2.11776833668604e-05,5.01729329268915e-06,0.00043157188579225,-0.000775822577237206
14.0099538344621,9.60477962633917e-06,1.67635028408088e-07,0.999999999999986,0.000121747804000389,-3.44366991876817e-06,-0.00248075948453203,0.000487029865898555
14.013364468691,4.77102043843271e-05,8.32700153305845e-07,0.999999999999653,0.000194997493215392,-1.69951373191906e-05,-0.00397329836364271,0.0025424027436564
14.0165073459443,3.80113627892815e-05,6.63423433842969e-07,0.99999999999978,-5.38604297326422e-05,-1.35454562486789e-05,0.00109761877172375,0.0020573955082191
14.019796143104,5.06125456758591e-06,8.83355564859758e-08,0.999999999999996,-0.000174862677578794,-1.82677509748906e-06,0.00356321189242699,0.000315530348398175
14.0226608481665,-1.74321125148716e-05,-3.04247758962614e-07,0.999999999999954,-0.000137041442972184,6.17276820495936e-06,0.00279244917994879,-0.000918099914250618
14.0255255532289,-1.25766695864016e-05,-2.1950429321814e-07,0.999999999999976,2.95819164266232e-05,4.44608087587175e-06,-0.000602745236051522,-0.000673997804119675
14.0290448036637,-1.29799143256446e-05,-2.26542241609276e-07,0.999999999999974,-1.99984301246998e-06,4.58963109917733e-06,4.07899994517882e-05,-0.000711083550656213
14.0324557964084,1.05712030424133e-05,1.84502298986953e-07,0.999999999999983,0.000120505838436345,-3.78590117039876e-06,-0.00245545297118388,0.000540075679492933
14.035866789153,4.68375926030391e-05,8.17470204630682e-07,0.999999999999666,0.000185567063029872,-1.66833402593858e-05,-0.00378113940850701,0.00249768971600447
14.0390317388318,3.74125572135008e-05,6.52972304966298e-07,0.999999999999787,-5.19748862886743e-05,-1.33310439204867e-05,0.00105919419868373,0.00202691120833681
14.0423778289082,2.93188226068006e-06,5.11709987296818e-08,0.999999999999999,-0.000179852093786911,-1.06801490025966e-06,0.00366488311441141,0.000207269008889585
14.0451822972766,-1.7781085757999e-05,-3.10338491056549e-07,0.999999999999952,-0.000128904819844724,6.29830397473687e-06,0.00262663646274319,-0.000937290656628354
14.047986765645,-1.09853211852938e-05,-1.91730024072461e-07,0.999999999999982,4.22926741914407e-05,3.8815552522765e-06,-0.000861749324652393,-0.000588708102306533
14.051531446156,-1.18063722620938e-05,-2.06060068689666e-07,0.999999999999979,-4.04269004575794e-06,4.17369391298922e-06,8.24160766552239e-05,-0.00064689050167593
14.0549770235309,1.04944555374221e-05,1.83162802332166e-07,0.999999999999983,0.000112963033089803,-3.75719626593545e-06,-0.00230175941963905,0.000536658051640426
14.0584226009059,4.88695199357202e-05,8.52934026747222e-07,0.999999999999636,0.000194385773856447,-1.74045727470896e-05,-0.00396083877851857,0.00260637609868129
14.0615977686556,3.95006786824934e-05,6.89416899781791e-07,0.999999999999762,-5.14987363999852e-05,-1.407225793408e-05,0.00104949252314821,0.00214045315519564
14.0649235848094,2.54577554713398e-06,4.44321653142481e-08,0.999999999999999,-0.00019393276857217,-9.29309621288559e-07,0.00395179640275442,0.000187672383933869
14.0677230876559,-1.80772688344466e-05,-3.15507860929246e-07,0.99999999999995,-0.000128572838098927,6.40501644093593e-06,0.00261986733513543,-0.000953086045909891
14.0705225905024,-1.09879851935822e-05,-1.91776519788395e-07,0.999999999999982,4.41976121919383e-05,3.88387346490979e-06,-0.000900568105925431,-0.000588890284571128
14.0740625674773,-1.16554672721449e-05,-2.03426279757369e-07,0.999999999999979,-3.29091405157589e-06,4.12138914386261e-06,6.70952609682183e-05,-0.000638724796849348
14.0775087859347,1.05221901989454e-05,1.83646863492674e-07,0.999999999999983,0.000112318225913827,-3.76570417685257e-06,-0.00228862256358422,0.000538347595242149
14.0809550043922,4.86394213233206e-05,8.4891804835658e-07,0.99999999999964,0.000193043822694888,-1.73213930961529e-05,-0.00393349669695885,0.00259424840826681
14.0841346509381,3.95209133273699e-05,6.89770060957857e-07,0.999999999999762,-5.00521001627108e-05,-1.40781135996611e-05,0.00102001258619327,0.00214173236079598
14.0874670849813,2.32111476447086e-06,4.05110949566692e-08,0.999999999999999,-0.000194830252477183,-8.48074844872576e-07,0.00397008270329137,0.000176446441798818
14.0902586822527,-1.8077032340221e-05,-3.15503733326348e-07,0.99999999999995,-0.000127530869846245,6.40625745949037e-06,0.00259863139238024,-0.000953113202373413
14.0930502795241,-1.07929196359503e-05,-1.8837198355048e-07,0.999999999999982,4.55408633179263e-05,3.81581919525877e-06,-0.000927941250968979,-0.000578417074543102
14.0965928957093,-1.1538756027161e-05,-2.01389284258299e-07,0.99999999999998,-3.67448801318473e-06,4.08119379894938e-06,7.49092167532932e-05,-0.000632267749356719
14.1000485847973,1.05164861910549e-05,1.83547309774425e-07,0.999999999999983,0.000111392137494803,-3.76237306186906e-06,-0.00226975479015041,0.000537905755798049
14.1035042738854,4.9699287334244e-05,8.67416199877165e-07,0.999999999999624,0.000197896533132098,-1.76970283408454e-05,-0.00403238107480746,0.00265070741435452
14.1066795236484,4.00927001388834e-05,6.99749623438246e-07,0.999999999999755,-5.28042166601038e-05,-1.42801731728287e-05,0.00107609020485858,0.00217261913757648
14.1099967778419,2.45800460874962e-06,4.29002734518758e-08,0.999999999999999,-0.000198009953919539,-8.95482469104284e-07,0.00403487038470316,0.000182949506939432
14.1127981585872,-1.8188352308428e-05,-3.17446633294775e-07,0.99999999999995,-0.00012863189245343,6.44712201655058e-06,0.00262106623601701,-0.000959028936927458
14.1155995393324,-1.10738199419403e-05,-1.93274618759864e-07,0.999999999999981,4.4325290214328e-05,3.91698676409462e-06,-0.000903174356691125,-0.000593536350617177
14.1191372979308,-1.16508676359501e-05,-2.03346000961375e-07,0.999999999999979,-2.84682572918981e-06,4.1223241188098e-06,5.80416523641848e-05,-0.000638578168024983
14.1225777042865,1.052960252478e-05,1.83776232983718e-07,0.999999999999983,0.000112522241246956,-3.76578369707119e-06,-0.00229278375875059,0.000538931673750756
14.1260181106422,4.78203852221236e-05,8.34623171697999e-07,0.999999999999652,0.000189177344598731,-1.70275706178436e-05,-0.00385471527186041,0.00255065748806123
14.1292032346956,3.91725741174559e-05,6.83690394831065e-07,0.999999999999766,-4.73867812805526e-05,-1.39517051051777e-05,0.000965697241663757,0.00212298882933733
14.1325491080198,2.12034149692915e-06,3.70069403880789e-08,0.999999999999999,-0.000193277925305126,-7.74154775715803e-07,0.00393844866570128,0.000166665260892119
14.1353301201695,-1.79979543642438e-05,-3.14123562279732e-07,0.999999999999951,-0.000126259967153858,6.38063294570679e-06,0.0025727279624985,-0.000948938345476244
14.1381111323191,-1.05129922268617e-05,-1.83486328595307e-07,0.999999999999983,4.69747080038534e-05,3.71875254193466e-06,-0.000957162450411556,-0.000563376085815898
14.1416581415021,-1.14095985942398e-05,-1.99135061800399e-07,0.99999999999998,-4.41181073904976e-06,4.03773285749265e-06,8.99293740445539e-05,-0.000625053751716481
14.1451298579276,1.05029854792305e-05,1.83311677901725e-07,0.999999999999983,0.000110160708083405,-3.75511703129667e-06,-0.002244667747476,0.000536836322068053
14.1486015743532,5.17119839299068e-05,9.02544382315147e-07,0.999999999999593,0.000207169197093034,-1.84103827949402e-05,-0.00422133145893955,0.00275785991673513
14.1517669484458,4.10774292602203e-05,7.16936388845842e-07,0.999999999999743,-5.86369850887612e-05,-1.46279511711672e-05,0.00119493984378988,0.00222571858642686
14.1550551808879,2.78195088974232e-06,4.85542026547892e-08,0.999999999999999,-0.000203264884086788,-1.00828793490144e-06,0.00414194053374886,0.000198530054940395
14.1578772906752,-1.8380433715482e-05,-3.20799086279729e-07,0.999999999999949,-0.000130878426697025,6.51783537693456e-06,0.0026668428512505,-0.000969212553029318
14.1606994004626,-1.16794420233764e-05,-2.03844718103706e-07,0.999999999999979,4.14421751769929e-05,4.13475890212136e-06,-0.00084443081750257,-0.000626121864843756
14.1642271914207,-1.1912236749371e-05,-2.07907752553589e-07,0.999999999999978,-1.1517219977405e-06,4.217648145121e-06,2.349607558496e-05,-0.000653216358628324
14.1676380868296,1.05469625664377e-05,1.84079222868928e-07,0.999999999999983,0.000114922015609983,-3.76959622327428e-06,-0.00234168551390277,0.000540410445881518
14.1710489822384,4.44601115944605e-05,7.75975333127364e-07,0.999999999999699,0.00017353100558838,-1.58301788485264e-05,-0.00353589928142569,0.00237167186144004
14.1742518159718,3.74503437883924e-05,6.53631805111208e-07,0.999999999999786,-3.81985261180925e-05,-1.33368872970557e-05,0.000778464247297758,0.00203002096041722
14.1776515690611,1.50625849850057e-06,2.6289170184981e-08,1,-0.000184525940104928,-5.53426074172946e-07,0.00376011459865874,0.000137163636261573
14.1803960604802,-1.76203739166178e-05,-3.07533540277504e-07,0.999999999999953,-0.000121633723517015,6.24865456475317e-06,0.00247844849929271,-0.0009288684289082
14.1831405518992,-9.57653798790855e-06,-1.67142118831316e-07,0.999999999999986,5.11538933845715e-05,3.38800553051283e-06,-0.00104232391267791,-0.000512998332579578
14.1867032227087,-1.10223488386239e-05,-1.92376278537358e-07,0.999999999999981,-7.08293329800163e-06,3.9022950080485e-06,0.000144355037286102,-0.000603236415133604
14.1902382102943,1.04105347171851e-05,1.81698107708056e-07,0.999999999999983,0.000105820565754795,-3.71998057515633e-06,-0.0021562382889924,0.000530327581324537
14.1937731978799,6.07193816977108e-05,1.05975313040004e-06,0.999999999999438,0.00024838984619537,-2.16115262327022e-05,-0.00506127538619322,0.00323722138668815
14.1968960235832,4.5184116483399e-05,7.88611602239873e-07,0.999999999999689,-8.68257001593194e-05,-1.60862024026994e-05,0.00176933468436963,0.00244695140758459
14.2000669769028,4.11016346168901e-06,7.17358852016409e-08,0.999999999999997,-0.000226075771158538,-1.47846973033831e-06,0.00460673217168729,0.000262736812566078
14.202979261855,-1.90701474616654e-05,-3.32836862046894e-07,0.999999999999945,-0.000138919355036633,6.76534136146225e-06,0.00283070208684429,-0.00100546353110905
14.2058915468073,-1.47254610447041e-05,-2.57007779104247e-07,0.999999999999967,2.6037659152906e-05,5.22024454784958e-06,-0.000530544517088705,-0.000789826936245509
14.209372105523,-1.33071078071285e-05,-2.32252845152232e-07,0.999999999999973,7.1123448772035e-06,4.71589289407281e-06,-0.000144905371511051,-0.000730644700502923
14.2126836062229,1.05933688201519e-05,1.84889164789757e-07,0.999999999999983,0.0001259676647383,-3.78392276426846e-06,-0.00256675641308863,0.000544065764039614
14.2159951069228,3.53995035916805e-05,6.17837891246344e-07,0.999999999999809,0.000130740943667473,-1.26057086662146e-05,-0.00266398430847073,0.00188872049361467
14.2192426006603,3.21189521223032e-05,5.60581466824583e-07,0.999999999999843,-1.76309576090184e-05,-1.14387105948932e-05,0.00035935344781063,0.0017416678802568
14.2228076547708,1.94425744419175e-08,3.39336939075559e-10,1,-0.00015714828233034,-2.24669866380008e-08,0.00320226376775446,6.72937423669369e-05
14.2254566372189,-1.63396114767728e-05,-2.85180018766334e-07,0.999999999999959,-0.000107784540404357,5.79528538547921e-06,0.00219622156286311,-0.000860403299715739
14.228105619667,-7.47607391798893e-06,-1.30482104991379e-07,0.999999999999991,5.83989953905273e-05,2.64310750511731e-06,-0.00118995800921508,-0.000399881928853583
14.2317041051254,-1.0251971666507e-05,-1.78930660401716e-07,0.999999999999984,-1.3463596274218e-05,3.63042730705898e-06,0.000274370930037001,-0.000559156289407361
14.2354573135874,9.51106911046905e-06,1.65999471362412e-07,0.999999999999986,9.19027374180734e-05,-3.39804622317193e-06,-0.00187265738135164,0.000475018968127696
14.2384216105613,2.2934088955151e-05,4.0027536321264e-07,0.99999999999992,7.90325307880182e-05,-8.17152241572036e-06,-0.00161032320130755,0.00121960375804966
14.2413859075351,1.43368799867274e-05,2.50225760231672e-07,0.999999999999969,-5.06189509030007e-05,-5.11380923792154e-06,0.00103151378042687,0.000773882548639024
14.2450827598841,8.54480920415756e-06,1.49135054567265e-07,0.999999999999989,-2.73450752480176e-05,-3.0536170501587e-06,0.000557282789050576,0.000490068148476646
14.2479597223359,-1.13988373645196e-05,-1.98947242910218e-07,0.99999999999998,-0.000120989517003852,4.03913830492563e-06,0.00246536250437626,-0.000597356127235996
14.2508366847877,-9.75939647696159e-06,-1.70333601530514e-07,0.999999999999985,9.94578200425665e-06,3.45614448698631e-06,-0.000202642136528852,-0.000522038463157497
14.2545125727439,-1.54464374654616e-05,-2.6959119147571e-07,0.999999999999964,-2.7002343686254e-05,5.47874779110835e-06,0.000550235297764231,-0.000842450705845804
14.2580308697274,8.91181834904208e-06,1.55540572530429e-07,0.999999999999988,0.000120834530454378,-3.1839508072499e-06,-0.00246218515346054,0.000443168936580631
14.261549166711,6.89490229715191e-05,1.20338746688592e-06,0.999999999999276,0.000297827869351417,-2.4535308083883e-05,-0.00606866258774382,0.00366968157821494
14.2645554716546,4.4691954911667e-05,7.80021762361361e-07,0.999999999999696,-0.000140825934981505,-1.59081820428801e-05,0.00286967762844955,0.00241458225867526
14.2675650169851,7.32133287146452e-06,1.27781364241546e-07,0.999999999999992,-0.000216723898959066,-2.61756989986983e-06,0.00441615283488836,0.000420180525238588
14.2706892466739,-1.77400405838693e-05,-3.09622117625932e-07,0.999999999999952,-0.000140003625033516,6.29530400168023e-06,0.00285282286815831,-0.000932111993390552
14.2738134763627,-2.36978904607396e-05,-4.1360621431685e-07,0.999999999999915,-3.32831152152915e-05,8.41417123575696e-06,0.000678204692081886,-0.00127023566719615
14.2771999028209,-1.9491026109623e-05,-3.40182580205096e-07,0.999999999999942,2.16817447589988e-05,6.91806165831652e-06,-0.000441795974579281,-0.00106736370401502
14.2804616076619,1.08353360466772e-05,1.89112289574541e-07,0.999999999999982,0.000162275526318445,-3.8670723567363e-06,-0.00330659410969974,0.000551039271635163
14.283723312503,3.84855579759619e-05,6.7169970114765e-07,0.999999999999774,0.000147955573875661,-1.37003307641569e-05,-0.00301476034361294,0.00205097693117744
14.2868478626983,2.94641326763624e-05,5.14246126446949e-07,0.999999999999868,-5.03923972606793e-05,-1.04916866961787e-05,0.00102691391319001,0.00159482123500653
14.2902894952847,4.59698480241419e-06,8.02325204662685e-08,0.999999999999997,-0.000126106896968147,-1.64766277895448e-06,0.00256971762531058,0.000292248223764121
14.2931089997791,-1.63458823425939e-05,-2.85289466021863e-07,0.999999999999959,-0.00012964050499385,5.80037465058779e-06,0.0026416121855102,-0.000860835924815951
14.2959285042735,-1.07591838064294e-05,-1.87783182249448e-07,0.999999999999982,3.45827729537694e-05,3.81355675421748e-06,-0.000704669171589288,-0.000576452744346412
14.299497078073,-1.24564678291909e-05,-2.17406376788131e-07,0.999999999999976,-8.3011298639306e-06,4.41723671606858e-06,0.000169165609503548,-0.000681904738449936
14.3,-8.20866500768129e-06,-1.43268231577284e-07,0.99999999999999,0.000147414819745631,2.9066082097671e-06,-0.0030037038062622,-0.000447882718632841
14.3025146096349,-2.16560338140554e-07,-3.77969092978493e-09,1,5.54712503736156e-05,6.44352889763194e-08,-0.00113026407016985,-1.38934999101484e-05
14.3070543261538,2.1248877391866e-05,3.70862872840639e-07,0.999999999999931,8.25255414536581e-05,-7.56939818528741e-06,-0.00168156611595448,0.00112417173161275
14.3102591101365,2.67103651515826e-05,4.66183816305054e-07,0.999999999999891,2.97433287168902e-05,-9.51148143068362e-06,-0.00060599505485323,0.00143694499331931
14.3134638941192,1.14101332315456e-05,1.99144392981691e-07,0.99999999999998,-8.33252489914823e-05,-4.06991810495645e-06,0.001697950113044,0.00063264305156965
14.3164849468311,-8.11391271691593e-06,-1.41614492129621e-07,0.99999999999999,-0.00011279474991189,2.87366542115305e-06,0.00229839866703401,-0.000420541339203099
14.319505999543,-1.23159916269788e-05,-2.14954604538831e-07,0.999999999999977,-2.42763431832587e-05,4.36813675013473e-06,0.000494685618389415,-0.000657420528308479
14.3231530745056,-2.17124401379911e-05,-3.78953569050108e-07,0.999999999999928,-4.49672590218051e-05,7.70991316695819e-06,0.000916289478876075,-0.00117931648207217
14.3275828817554,1.99164754098117e-05,3.47608071293695e-07,0.99999999999994,0.000164016536018705,-7.09573788739074e-06,-0.00334227884407283,0.000877155636525508
14.3297233418064,8.33724722749695e-06,1.4551241467259e-07,0.999999999999989,-9.44169252436204e-05,-2.9767420685432e-06,0.0019243507100008,0.000419218710032991
14.3318638018573,2.02106753174447e-06,3.52742828340959e-08,0.999999999999999,-5.15020739525594e-05,-7.30254135664192e-07,0.00104953509029137,0.000104590708121735
14.3352506057652,6.99501132354916e-06,1.22085978810219e-07,0.999999999999993,2.5632336071873e-05,-2.49904354676838e-06,-0.000522259173905123,0.000373743749658833
14.3398741030158,5.6307719525693e-05,9.82755100012685e-07,0.999999999999517,0.000186151104794133,-2.00361479482761e-05,-0.00379303878669322,0.00305966273546027
14.3428125015317,-5.72699709791893e-07,-9.99549556108455e-09,1,-0.000337854307432682,1.92807282162486e-07,0.00688434707562723,5.82621978943934e-06
14.3457509000477,-1.89952031786065e-05,-3.31528837551969e-07,0.999999999999945,-0.000109424688395222,6.74454045596054e-06,0.00222969523643306,-0.00100460624914397
14.3488576560846,-1.95871959630283e-05,-3.41861060788179e-07,0.999999999999942,-3.32572725810107e-06,6.95509335922296e-06,6.77725900460671e-05,-0.0010531766320039
14.3524183459194,-1.58519923538151e-05,-2.76669459575036e-07,0.999999999999962,1.83086997849212e-05,5.62668974144177e-06,-0.000373074791515545,-0.000879491397848001
14.3551950562062,6.05419868521747e-06,1.05665700626956e-07,0.999999999999994,0.000137693572868056,-2.16380512626553e-06,-0.00280565635705107,0.000312325011174697
14.3579717664929,6.01353308413831e-06,1.04955951995822e-07,0.999999999999994,-2.55607736435741e-07,-2.149188945986e-06,5.26384778033333e-06,0.000320580248088273
14.3617781221393,1.60749322694556e-05,2.8056049513708e-07,0.999999999999961,4.61345600507138e-05,-5.72722084325681e-06,-0.000940015129877486,0.000870688669895746
14.3665920871048,1.14178031418071e-05,1.99278258169085e-07,0.99999999999998,-1.68846756366613e-05,-4.06964794120592e-06,0.000344325917189852,0.000830547967949234
14.3686406795048,-1.91230663897766e-07,-3.33760471579066e-09,1,-9.89049177781726e-05,5.80208406137881e-08,0.002014880452442,2.25573245063547e-05
14.3706892719048,-3.13708557408559e-07,-5.475247218461e-09,1,-1.04346892170957e-06,1.0149533600294e-07,2.12216424256706e-05,-1.17424435838519e-05
14.3740383079391,-6.26291663405274e-06,-1.09308516042141e-07,0.999999999999994,-3.1003927028372e-05,2.21736935724078e-06,0.000631785982458881,-0.000331915541115841
14.3785717781164,-6.44648750019125e-05,-1.12512432066972e-06,0.999999999999367,-0.000224070251907801,2.29162570651228e-05,0.0045657932882977,-0.00347543909936972
14.3828674353996,-0.000115986401760608,-2.02434459826217e-06,0.999999999997951,-0.000209332406729241,4.12375543116812e-05,0.00426507424553124,-0.00658092357486012
14.3847473476817,-2.49918706538619e-05,-4.36190429142424e-07,0.999999999999905,0.000844802273104235,8.87813604280239e-06,-0.0172132596705067,-0.00139552743702881
14.3866272599638,-4.98293604961514e-06,-8.69686404821037e-08,0.999999999999996,0.000185764938073388,1.76250822241009e-06,-0.00378508502141062,-0.000275441652826169
14.3897390583928,4.00643209544464e-06,6.99254313230847e-08,0.999999999999998,5.04190985964502e-05,-1.43434970756164e-06,-0.00102733451503652,0.000207854470333192
14.3939650162284,5.33076993166589e-05,9.30394869738695e-07,0.999999999999567,0.000203615244608884,-1.89676573780975e-05,-0.00414895471094473,0.00284932554371777
14.397907781128,0.00014518847733422,2.53401696543658e-06,0.999999999996789,0.000406725264262734,-5.16431915512459e-05,-0.00828746704546666,0.0079011799314046
14.4004604067419,6.7649065518293e-06,1.18069892919157e-07,0.999999999999993,-0.000946455704035887,-2.41474964403092e-06,0.0192854140613607,0.00040603911955464
14.4030130323558,-6.71799873722836e-06,-1.17251197109456e-07,0.999999999999993,-9.21878589439453e-05,2.38018856101589e-06,0.0018784337895003,-0.000350309945651562
14.4061061008467,-1.02984882871042e-05,-1.79742528588038e-07,0.999999999999984,-2.02036688358298e-05,3.65360038135241e-06,0.000411698552438873,-0.000550590827959222
14.4100142963601,-2.52204783429503e-05,-4.40180386012392e-07,0.999999999999903,-6.66389019011323e-05,8.96042902222466e-06,0.00135787184206852,-0.00137408300602198
14.4132941014768,6.8713656364156e-06,1.19927954463847e-07,0.999999999999993,0.000170774884647452,-2.45264067484487e-06,-0.00347980117441763,0.000333319611649663
14.4165739065936,4.27829420386145e-05,7.46703202263649e-07,0.999999999999721,0.00019110136898138,-1.52239975560425e-05,-0.00389393772698236,0.00227419535247172
14.4196180701986,3.17838698503577e-05,5.5473317791407e-07,0.999999999999846,-6.30616646339384e-05,-1.13120399842505e-05,0.00128506811045279,0.00171534882956019
14.422853881545,8.85327950608077e-06,1.54518876980446e-07,0.999999999999988,-0.000123682828842612,-3.15683541862142e-06,0.00252029667134361,0.000504681314062141
14.4258521499447,-1.4131188500155e-05,-2.46635766547662e-07,0.99999999999997,-0.000133795441254984,5.01734534176809e-06,0.00272630054114699,-0.000741027110232074
14.4288504183443,-1.54440800132728e-05,-2.69550046173057e-07,0.999999999999964,-7.64250446300774e-06,5.48426486977023e-06,0.000155729729887165,-0.000826888731377109
14.4323621249122,-1.73955374632478e-05,-3.03609403887691e-07,0.999999999999954,-9.69880514113457e-06,6.17828022738302e-06,0.000197629085517045,-0.000950166660565718
14.435780440766,1.00345792651538e-05,1.75136447229285e-07,0.999999999999985,0.000140053134813984,-3.57691659144511e-06,-0.00285380205805782,0.000504285492060978
14.4391987566199,5.67921806399201e-05,9.91210541553824e-07,0.999999999999509,0.000238735719346693,-2.02055528093711e-05,-0.0048645698434112,0.00302423835720319
14.4422330855504,3.78789484532538e-05,6.61112367702445e-07,0.999999999999782,-0.000108787867568057,-1.34789818718583e-05,0.00221682325533404,0.00204784914775136
14.4453871722071,6.30133005781735e-06,1.09978956763797e-07,0.999999999999994,-0.000174736293234118,-2.24858594954052e-06,0.00356058572401745,0.000370197264564874
14.4484115590419,-1.75836098061122e-05,-3.06891885502615e-07,0.999999999999953,-0.000137836482249733,6.24582494250163e-06,0.002808639025405,-0.000925395892914949
14.4514359458767,-1.82343835055492e-05,-3.18250029243175e-07,0.999999999999949,-3.75551950233338e-06,6.47725527525905e-06,7.65214059581101e-05,-0.000977750211566644
14.454892010654,-1.64311440081007e-05,-2.8677756281069e-07,0.999999999999959,9.10644575857383e-06,5.83594185636927e-06,-0.000185561747309936,-0.000900989505497729
14.4581665948109,1.06579407957236e-05,1.86016158367999e-07,0.999999999999983,0.000144382828025118,-3.79792711090411e-06,-0.00294201294139571,0.000544738861772847
14.4614411789677,3.58691999946829e-05,6.26035639963508e-07,0.999999999999804,0.000134374155774585,-1.27638442967628e-05,-0.00273803229853812,0.0019125299021601
14.4646315430208,3.02532419584457e-05,5.28018681577351e-07,0.999999999999861,-3.07228130570432e-05,-1.07663534931513e-05,0.000626101213024124,0.00163886543070135
14.4681495051513,2.82352965308773e-06,4.92798889740741e-08,0.999999999999999,-0.000136084123377132,-1.01097919364387e-06,0.00277301856518723,0.000206923956710368
14.4708763745264,-1.62440175073894e-05,-2.83511589255544e-07,0.99999999999996,-0.000122041591456841,5.77003010610744e-06,0.0024867378546703,-0.0008555324016168
14.4736032439015,-8.76222007028621e-06,-1.52929590010823e-07,0.999999999999988,4.78871486980991e-05,3.10920679050263e-06,-0.000975779529419974,-0.000469162009021034
14.4771941924171,-1.11500767852883e-05,-1.94605551753464e-07,0.999999999999981,-1.16058366086917e-05,3.95845050134066e-06,0.00023649565209339,-0.000609364605743575
14.4807969515421,1.00700847555621e-05,1.75756134939446e-07,0.999999999999985,0.000102799458371074,-3.58826726230396e-06,-0.00209470505847784,0.000509211354177146
14.4843997106671,7.37587981955967e-05,1.28733388082686e-06,0.999999999999171,0.000308535127472159,-2.62383035113818e-05,-0.00628685833915917,0.00392996555906572
14.4874589497183,5.00866596734212e-05,8.74177122626956e-07,0.999999999999618,-0.000135052132667309,-1.78192268970886e-05,0.00275201658760946,0.0027098106218236
14.490482331546,5.90957391617633e-06,1.03141522227252e-07,0.999999999999995,-0.000255024222654188,-2.10802066437385e-06,0.00519656699947454,0.000350359476077704
14.4942461245982,-7.90378694175753e-05,-1.37947105509758e-06,0.999999999999049,-0.000393914478498777,2.81028524956684e-05,0.00802670942350967,-0.00417042043932753
14.4972936820657,-7.92718849956812e-05,-1.38355539743649e-06,0.999999999999043,-1.34020191003565e-06,2.81857514416499e-05,2.72017662883132e-05,-0.00425645332604522
14.4999082494866,-1.54715543041895e-05,-2.70029563009204e-07,0.999999999999964,0.000425892950979832,5.49591512857869e-06,-0.00867823722256936,-0.00084352202008031
14.5039234235616,2.02888918459496e-05,3.54107964292843e-07,0.999999999999937,0.000155444699442673,-7.22214302169577e-06,-0.00316749857232521,0.00100749988258548
14.5064422286288,1.73208447820772e-05,3.02305770674122e-07,0.999999999999954,-2.05661781033807e-05,-6.16615731513868e-06,0.000419240742496809,0.000915631771674461
14.5089610336959,5.47798286588335e-06,9.56088373774992e-08,0.999999999999995,-8.20615044777654e-05,-1.95424539607355e-06,0.00167218653558977,0.000293398255118624
14.5126643052991,8.96614925815837e-06,1.5648882578011e-07,0.999999999999988,1.64395148202414e-05,-3.19462973997775e-06,-0.000334942849685791,0.00048955561892449
14.5164501433648,-9.13904102138641e-06,-1.59506356298018e-07,0.999999999999987,-8.34676963439148e-05,3.24450066265446e-06,0.00170084675858409,-0.000457067883084655
14.5194514804826,-2.32834403317684e-05,-4.06372694980988e-07,0.999999999999917,-8.22521193019385e-05,8.27474349222045e-06,0.00167600060641117,-0.00123811930534313
14.5224528176005,-1.544684354028e-05,-2.69598278818301e-07,0.999999999999964,4.55711607167065e-05,5.4877332905984e-06,-0.000928589522664397,-0.000833707349105536
14.5261504740746,-8.34213408971796e-06,-1.45597706508438e-07,0.999999999999989,3.35349087126447e-05,2.96095365249015e-06,-0.000683346237218844,-0.000481803727600206
14.5290013037696,1.19836153147842e-05,2.091535435354e-07,0.999999999999978,0.000124437896329276,-4.26748429689586e-06,-0.0025355558636006,0.000628874240120901
14.5318521334647,9.51203164085149e-06,1.66016270686737e-07,0.999999999999986,-1.51314801174242e-05,-3.38835494859704e-06,0.000308376663056473,0.000509282719515987
14.53551514715,1.46164498622404e-05,2.55105175048763e-07,0.999999999999967,2.43212043455663e-05,-5.2035152861001e-06,-0.000495537416297996,0.000797776088749329
14.5390537750675,-9.09609354480137e-06,-1.58756781426186e-07,0.999999999999987,-0.000116955488434951,3.22977616268432e-06,0.00238320943753275,-0.000453048750485075
14.5425924029849,-7.10047880436111e-05,-1.2392673360414e-06,0.999999999999232,-0.000305347321001773,2.5246941743606e-05,0.00622194988977134,-0.00377920842394841
14.5456020480993,-4.60011187160251e-05,-8.02870981195339e-07,0.999999999999678,0.000144999273422771,1.63544840953008e-05,-0.00295465322665486,-0.00248528189948055
14.5486011365867,-7.21263508613602e-06,-1.25884229997938e-07,0.999999999999992,0.000225730835899435,2.5598227550769e-06,-0.00459961798332152,-0.000414277353254314
14.5517253073343,1.80606172013796e-05,3.15217235106393e-07,0.99999999999995,0.00014118993510514,-6.4282019437505e-06,-0.00287693132837512,0.000949602145366126
14.5548494780818,2.39461418501929e-05,4.17939018435461e-07,0.999999999999913,3.28796956470904e-05,-8.52114729830502e-06,-0.000669920284028662,0.00128408540347386
14.5582303188855,1.93354975598805e-05,3.37468094931238e-07,0.999999999999943,-2.38020445730364e-05,-6.88122407344406e-06,0.000485063722332543,0.00105954457030731
14.5614853695105,-1.08825249759309e-05,-1.8993589176051e-07,0.999999999999982,-0.000162026354566546,3.86558195201716e-06,0.00330157876595075,-0.000553577911750976
14.5647404201355,-3.75775888864556e-05,-6.55852651029433e-07,0.999999999999785,-0.000143136563129416,1.33593523321593e-05,0.00291662756558819,-0.00200234471825602
14.5678741345783,-2.91577287885461e-05,-5.08898369763645e-07,0.999999999999871,4.68945987083958e-05,1.03648441270522e-05,-0.000955577880398689,-0.00157801996565679
14.5713363825068,-4.37398201773158e-06,-7.6340387632441e-08,0.999999999999997,0.000124935588400281,1.5506850969009e-06,-0.00254579083076896,-0.000281352512340117
14.5741391661366,1.6263431891802e-05,2.83850434185791e-07,0.99999999999996,0.000128511818748349,-5.78854098754605e-06,-0.00261854893346938,0.00085689556859574
14.5769419497663,1.03250614862695e-05,1.8020631840626e-07,0.999999999999984,-3.69789928409495e-05,-3.67648482141633e-06,0.000753556622675314,0.000553531478236679
14.5805170861531,1.22017698794116e-05,2.12961058966403e-07,0.999999999999977,9.16181566711638e-06,-4.34376196304476e-06,-0.000186643828219451,0.000668181018726959
14.5840006020532,-1.02997957501017e-05,-1.79765348122193e-07,0.999999999999984,-0.000112738514289099,3.65881604330746e-06,0.00229727041175316,-0.000523782918878729
14.5874841179534,-5.53958005651662e-05,-9.66839111640135e-07,0.999999999999533,-0.000225942348498457,1.96967081151123e-05,0.00460393824267663,-0.00295261141749789
14.590612146594,-4.19377370252587e-05,-7.31951591926231e-07,0.999999999999732,7.50912305169651e-05,1.49103491291669e-05,-0.00153015190584929,-0.00227040062014524
14.593832678161,-4.23839343165881e-06,-7.39739203773475e-08,0.999999999999997,0.000204307164164052,1.50295824033391e-06,-0.0041630987338643,-0.000270010142063621
14.5967246593739,1.8492333931598e-05,3.22752113484647e-07,0.999999999999948,0.000137181400794996,-6.58076135825325e-06,-0.00279521857280959,0.000975197439103503
14.5996166405868,1.37818005441691e-05,2.40537796348895e-07,0.999999999999971,-2.84283717917288e-05,-4.90536289714488e-06,0.000579325499633265,0.000739473934210704
14.6031146068555,1.30894881254557e-05,2.284546651899e-07,0.999999999999974,-3.45433038258156e-06,-4.65899008894055e-06,7.04331572357888e-05,0.000718675615733476
14.6064575611747,-1.0597455152694e-05,-1.84960484746947e-07,0.999999999999983,-0.000123667603701121,3.76511255526659e-06,0.00251995745076228,-0.000543144345640981
14.6098005154939,-3.8509540954556e-05,-6.72118283088551e-07,0.999999999999774,-0.000145726729062611,1.36917148549e-05,0.00296941009413229,-0.00205395061296102
14.6130254107107,-3.37292078010142e-05,-5.8868573021702e-07,0.999999999999827,2.58713996149081e-05,1.199153902087e-05,-0.000527203434437867,-0.00182812852638082
14.6165247836093,-9.00650152063598e-07,-1.57193105620974e-08,1,0.000163734027854299,3.16277734643176e-07,-0.00333638672541488,-0.000109185187052102
14.6192164935364,1.67977880842966e-05,2.93176709123241e-07,0.999999999999957,0.000114758286759415,-5.97766711354391e-06,-0.00233827010290372,0.000885387122047394
14.6219082034635,8.29992584966056e-06,1.44861033747964e-07,0.999999999999989,-5.51009133201868e-05,-2.95536587781625e-06,0.00112281832649146,0.000444681169552076
14.6254945954425,1.05879075037173e-05,1.84793846836479e-07,0.999999999999983,1.11345366937289e-05,-3.7689296896274e-06,-0.000226847432341461,0.000578788460967542
14.6291442002997,-1.00472578671675e-05,-1.75357730578976e-07,0.999999999999985,-9.86823482305951e-05,3.5699137440273e-06,0.00201085972891437,-0.000506926066223771
14.6327938051568,-8.17188416109128e-05,-1.42626284702569e-06,0.999999999998983,-0.00034275083616329,2.90591431361452e-05,0.00698410660603857,-0.00435331303955239
14.6358326157588,-5.35997069059754e-05,-9.35491363613078e-07,0.999999999999562,0.000161501175191548,1.90586560780755e-05,-0.0032909214715051,-0.00289897289633171
14.6387919717976,-6.36510397768092e-06,-1.1109202164232e-07,0.999999999999994,0.000278573896197874,2.26023136977982e-06,-0.00567637840392865,-0.000372028155560258
14.6425517671806,7.13973031321589e-05,1.24611801670031e-06,0.999999999999224,0.00036097976088923,-2.53951932298483e-05,-0.00735556640256832,0.00376473092652419
14.645649953882,8.14591206885625e-05,1.42172986179437e-06,0.999999999998989,5.66821376567558e-05,-2.89731286384464e-05,-0.00115484822363968,0.00437319448128207
14.6482917275026,1.67104916074047e-05,2.91653098176087e-07,0.999999999999957,-0.000427771991814156,-5.94591517167365e-06,0.00871657332292011,0.000911550844939102
14.6522137231167,-1.9258395265205e-05,-3.36122406028307e-07,0.999999999999943,-0.000160065325406805,6.84640705146743e-06,0.00326168702926815,-0.000957306969114126
14.6547732126981,-1.81247493426322e-05,-3.16336552127605e-07,0.99999999999995,7.73039048265311e-06,6.44294062859041e-06,-0.00015763550115811,-0.00095885817211027
14.6573327022795,-6.02607164764751e-06,-1.05174791212528e-07,0.999999999999994,8.25015121950404e-05,2.14015890766745e-06,-0.00168110929309819,-0.000322809090166932
14.6610395573618,-8.97799540558347e-06,-1.56695580056355e-07,0.999999999999988,-1.38987868960866e-05,3.1899842910717e-06,0.000283211876399412,-0.00049138526450835
14.6646534339672,9.73672625842137e-06,1.6993793157484e-07,0.999999999999986,9.03831390224201e-05,-3.46572004957558e-06,-0.00184170769162252,0.000495885341330117
14.6682673105725,6.54681760874284e-05,1.1426352280008e-06,0.999999999999347,0.000269156200570404,-2.32858781586922e-05,-0.00548445900996626,0.00349040510024558
14.6714197650728,5.14430351028628e-05,8.97850339763856e-07,0.999999999999597,-7.76489837425604e-05,-1.8297681055647e-05,0.0015823216806747,0.00278614520583365
14.6745421786184,4.25111830474664e-06,7.41960113096285e-08,0.999999999999997,-0.000263787713066292,-1.51427474643938e-06,0.00537513883533684,0.000271715732402275
14.6781186097023,-7.82530486678565e-05,-1.36577334897703e-06,0.999999999999067,-0.000402627459195526,2.78275344525349e-05,0.00820421490331406,-0.00413662517803669
14.6810247855248,-5.49525294518743e-05,-9.59102571234214e-07,0.99999999999954,0.000139933301553971,1.95406623156549e-05,-0.00285146964358913,-0.00295198501468132
14.6837146196795,-1.14842918667854e-05,-2.00438705335409e-07,0.99999999999998,0.000282048565918094,4.08168670480925e-06,-0.0057471854105446,-0.00062797728156363
14.688200809798,4.60103303708713e-05,8.03031754901962e-07,0.999999999999678,0.000223679878414511,-1.63662017939781e-05,-0.00455796298394265,0.00233585107618393
14.690478854368,1.57704742072849e-05,2.75246699517961e-07,0.999999999999962,-0.000231683375437148,-5.61108392846467e-06,0.00472120607600983,0.000827412066376232
14.6927568989381,3.63197019647724e-06,6.33898382628331e-08,0.999999999999998,-9.29994364645068e-05,-1.29403820185044e-06,0.00189506640185299,0.000192764537236555
14.6963327354016,8.14349556051787e-06,1.42130810152578e-07,0.99999999999999,2.20202944661598e-05,-2.89842961893271e-06,-0.000448675836673691,0.000439164066312791
14.7013393457833,3.96689127632628e-05,6.92353138405283e-07,0.99999999999976,0.000109899170557087,-1.41093491562504e-05,-0.00223922348307076,0.00224893144076366
14.7034942878355,1.99974892101538e-06,3.49022028849224e-08,0.999999999999999,-0.000305089844456301,-7.13273157247049e-07,0.00621644372537941,0.00012644258670338
14.7056492298877,-3.1225690764336e-07,-5.44991115047247e-09,1,-1.87253824268979e-05,1.08909236899513e-07,0.000381533412141741,-1.37186862610083e-05
14.7093706506075,-7.59027529674582e-06,-1.32475295061004e-07,0.999999999999991,-3.41335724919129e-05,2.6973160246597e-06,0.000695542638869729,-0.000402864574709801
14.714293914852,-0.000125673836449387,-2.19342222965291e-06,0.999999999997594,-0.000418613917970249,4.46921983613203e-05,0.0085298859153378,-0.00678199825012597
14.71757456631,-3.71191830634356e-05,-6.47851960107422e-07,0.99999999999979,0.000471116877035585,1.31983260585276e-05,-0.00959988365290955,-0.00211911490981828
14.7199707978047,7.98946590702119e-06,1.39442485553354e-07,0.99999999999999,0.000328555253281639,-2.84344201307851e-06,-0.00669458193297419,0.00040359277699138
14.7223670292994,4.05715437660483e-06,7.08107021334522e-08,0.999999999999997,-2.86415496882742e-05,-1.44480796181301e-06,0.000583680689600385,0.000214043098845719
14.7257788697238,8.52446270850631e-06,1.48779941226908e-07,0.999999999999989,2.28525456629594e-05,-3.03348131885064e-06,-0.000465635305119661,0.000457975170671132
14.7303928745914,4.14532997848195e-05,7.23496567061295e-07,0.999999999999738,0.00012455917198454,-1.47438267940543e-05,-0.00253800024303533,0.00228773901501757
14.7328179446259,-8.7440095834292e-07,-1.52611757056777e-08,1,-0.000304633570263268,3.09296563547196e-07,0.00620729428142944,-3.17412399510252e-05
14.7352430146605,-1.9841310313091e-06,-3.46296192873346e-08,0.999999999999999,-7.98675638460744e-06,7.0392512874699e-07,0.000162728729304966,-0.000103706934236748
14.7390544883594,-1.07280796552394e-05,-1.87240312400145e-07,0.999999999999982,-4.00398127254061e-05,3.81365319879035e-06,0.000815886010421518,-0.000574532851531374
14.7439612215589,-0.000100054799789499,-1.7462856887496e-06,0.999999999998475,-0.000317735917764368,3.55811582046319e-05,0.00647426785084605,-0.0054715564269527
14.7463216859023,-5.93798952695267e-06,-1.03637468194264e-07,0.999999999999995,0.000695900459201768,2.11007464752574e-06,-0.014179872553287,-0.000342785871564629
14.7486821502458,1.38019729827259e-06,2.40889871819869e-08,1,5.41107328009949e-05,-4.92412403515672e-07,-0.00110253182100859,6.96632683844954e-05
14.7521994200687,9.03566930233887e-06,1.57702179447192e-07,0.999999999999988,3.79877572644201e-05,-3.21493923081935e-06,-0.000774045485390417,0.000481388667743489
14.7567278068165,7.41488908197686e-05,1.2941422815064e-06,0.999999999999163,0.000250959152863879,-2.63714207887086e-05,-0.00511362718065304,0.00401480392638102
14.7598429978154,6.88966341724179e-06,1.20247310985073e-07,0.999999999999993,-0.000376829212371768,-2.45127918659065e-06,0.00767854735397791,0.000430979279121749
14.7629581888144,-4.3780793472083e-05,-7.64118995223414e-07,0.999999999999708,-0.000283888309418858,1.55689927546983e-05,0.00578464432754423,-0.00231105890174988
14.7657420223458,-2.49677584476019e-05,-4.35769591753267e-07,0.999999999999905,0.000117948648783157,8.87818472860698e-06,-0.00240345119438164,-0.00133922158142461
14.7687378429108,-9.6149478583493e-06,-1.67812497535772e-07,0.999999999999986,8.94436393636513e-05,3.41811518942708e-06,-0.00182256227322141,-0.000526257216059448
14.7734202440128,5.60674999648339e-05,9.78562477748001e-07,0.999999999999521,0.000244826308193594,-1.99417930897382e-05,-0.00498887382142351,0.00285833755033251
14.775636016742,1.54516019870907e-05,2.69681329382427e-07,0.999999999999964,-0.000319925026173368,-5.49648294233324e-06,0.00651931037755101,0.000808061548994884
14.7778517894711,3.29122396624245e-06,5.74426946314774e-08,0.999999999999998,-9.57853808557866e-05,-1.1716567005585e-06,0.00195183656919765,0.000173994370697501
14.7813736200566,7.86716244198759e-06,1.3730788740192e-07,0.999999999999991,2.2677181889529e-05,-2.7989723271074e-06,-0.000462065277435596,0.000423139140698084
14.7862577409875,4.83393898285198e-05,8.43681510912627e-07,0.999999999999644,0.000144626562999416,-1.71919061928557e-05,-0.00294688318928889,0.00268255863323923
14.788356615762,5.4324718528375e-06,9.48145203539311e-08,0.999999999999996,-0.000356794507065541,-1.93294583177363e-06,0.00727006705997607,0.000305500804640367
14.7904554905365,5.34747784126964e-07,9.33310950075939e-09,1,-4.07272562860145e-05,-1.91166511477615e-07,0.000829863382732686,3.09518079395426e-05
14.794478111765,-7.55288870101298e-06,-1.31822775869354e-07,0.999999999999991,-3.5090523654237e-05,2.68518464337518e-06,0.000715043995314872,-0.000397726535089707
14.7982021862149,-2.87635346321686e-05,-5.02018383842737e-07,0.999999999999874,-9.94060706755789e-05,1.0228501594039e-05,0.00202555481960189,-0.00154432934039222
14.8019262606649,-3.68452826332079e-05,-6.43071495777319e-07,0.999999999999793,-3.78760182778537e-05,1.31024386398074e-05,0.000771718472438893,-0.00202999334463398
14.8046042417566,6.03946397983774e-06,1.05408531503769e-07,0.999999999999994,0.000279494141913377,-2.14881330337921e-06,-0.00569505587269947,0.000303506013725527
14.8072822228482,6.89074006728691e-06,1.20266102073252e-07,0.999999999999993,5.5480490940013e-06,-2.4514377447614e-06,-0.000113004696829889,0.000365745209542491
14.8107786000492,1.31186098886011e-05,2.28962935840774e-07,0.999999999999974,3.10884173872899e-05,-4.66622518217762e-06,-0.000633452087719352,0.000707572592114375
14.815227927231,2.8236536552425e-05,4.92820532199524e-07,0.999999999999879,5.93028081725359e-05,-1.00422025657949e-05,-0.00120826748943419,0.00160728959602514
14.8175446123282,-2.97488004038308e-06,-5.19214515565467e-08,0.999999999999999,-0.000235138553969374,1.05738535902681e-06,0.00479115091570968,-0.000142891648253582
14.8198612974254,-1.77797715766783e-06,-3.1031555426554e-08,1,9.01714961403867e-06,6.31668918782428e-07,-0.000183761030258454,-9.27570530080741e-05
14.8236056191372,-9.03862671096622e-06,-1.57753795965066e-07,0.999999999999988,-3.38438441704749e-05,3.21386776147318e-06,0.000689630603734843,-0.000483777643592125
14.8285713211404,-9.53722738539364e-05,-1.66456019386412e-06,0.999999999998615,-0.000303442775451326,3.39169737058019e-05,0.00618303432724249,-0.00520807723412385
14.8309944132225,-4.7571529198677e-06,-8.30279814725533e-08,0.999999999999997,0.000652691750358977,1.69114950080373e-06,-0.0132994632940825,-0.000279794839556595
14.8334175053047,2.198670999302e-06,3.83740481059339e-08,0.999999999999999,5.01021114599075e-05,-7.82473665292651e-07,-0.00102085396766325,0.000113231986944816
14.8369042288592,9.81879523556565e-06,1.71370305439752e-07,0.999999999999985,3.81436197201224e-05,-3.49243417961179e-06,-0.00077722264811772,0.000524162114359343
14.8413561988376,6.38090470021434e-05,1.11367796274699e-06,0.99999999999938,0.000211660829226332,-2.26931533900793e-05,-0.00431285909470592,0.00346467893449737
14.8443153478961,3.75836468487635e-07,6.55958382417714e-09,1,-0.000374134035502247,-1.33832367573487e-07,0.00762358386693127,6.22632564795436e-05
14.8472744969547,-2.26726172653942e-05,-3.95711821325632e-07,0.999999999999922,-0.00013594158225633,8.06297863294204e-06,0.00276998922270196,-0.00119875831040375
14.8502914225314,-1.98187373616772e-05,-3.45902220549274e-07,0.99999999999994,1.65100528701386e-05,7.04795215430478e-06,-0.000336443990027823,-0.00106521034988758
14.8537273133009,-1.37242669183989e-05,-2.39533645148595e-07,0.999999999999971,3.09580782788589e-05,4.8804436637941e-06,-0.000630843247327065,-0.000759154386915483
14.8567369345049,8.61968297429313e-06,1.50441848379512e-07,0.999999999999989,0.000129576271261349,-3.06585757292184e-06,-0.00264029945896813,0.000446101606587378
14.859746555709,1.33766549166952e-05,2.33466671199417e-07,0.999999999999973,2.75864692568489e-05,-4.75751978730384e-06,-0.00056208476073776,0.00071406432853047
14.8633107633708,2.10054160651363e-05,3.66613671087932e-07,0.999999999999933,3.7356689767404e-05,-7.47047208142083e-06,-0.000761165608612657,0.00114034754302604
14.8676335279904,-1.06785380854045e-05,-1.86375648889919e-07,0.999999999999983,-0.000127924920424633,3.79837856837733e-06,0.00260686196020969,-0.00041814025103992
14.8698579440307,-9.34138391513772e-06,-1.63037906011991e-07,0.999999999999987,1.04916267706402e-05,3.32213384200521e-06,-0.00021409876467992,-0.000477667854857849
14.8720823600711,-2.56223078743608e-06,-4.47193634367266e-08,0.999999999999999,5.31908332026319e-05,9.11116714984138e-07,-0.00108388767356974,-0.000134107922958814
14.8755692005547,-7.63065258626792e-06,-1.33180011706195e-07,0.999999999999991,-2.53698580946417e-05,2.71366007366103e-06,0.000516956071583016,-0.000408702948740719
14.8803363903114,-5.84508605104612e-05,-1.02015996653131e-06,0.99999999999948,-0.000186059292811297,2.07869787135308e-05,0.00379118926712361,-0.0031975987896834
14.882904247958,7.61407258052494e-07,1.32890636015981e-08,1,0.000402455732513904,-2.70932709920082e-07,-0.00820057585814998,1.94848497719808e-05
14.8854721056045,4.33881741882037e-06,7.57266496012972e-08,0.999999999999997,2.43150495836964e-05,-1.543080573116e-06,-0.00049541214440211,0.000228381095028169
14.8889955352763,1.20224275627078e-05,2.09830945051766e-07,0.999999999999978,3.80607271728252e-05,-4.27561032792965e-06,-0.000775531232166988,0.000645260520669481
14.8934367179611,5.00483162570681e-05,8.73507903765132e-07,0.999999999999619,0.000149436986903827,-1.77986675223567e-05,-0.0030449225249294,0.00275261732523952
14.8959308302534,-1.54356290376481e-06,-2.69402548823404e-08,1,-0.000361029517974559,5.49139846867518e-07,0.00735644799401897,-6.40553526026913e-05
14.8984249425457,-3.16627701471093e-06,-5.52619589369226e-08,0.999999999999998,-1.1355424590352e-05,1.12617718966214e-06,0.000231359808692771,-0.000166330766483785
14.902057247516,-1.1033323876035e-05,-1.92567829075713e-07,0.999999999999981,-3.78013055788291e-05,3.92401382025121e-06,0.000770264791488032,-0.000591777676938674
14.9067196385206,-6.50989209695415e-05,-1.13619051041383e-06,0.999999999999355,-0.000202390292965191,2.31513996255354e-05,0.00412393250294377,-0.00357538927568794
14.909125494214,-1.22575241231299e-06,-2.13934154091248e-08,1,0.000463368230287445,4.36014370707929e-07,-0.00944170729632209,-8.55719769897073e-05
14.9115313499075,2.06127880482208e-06,3.59761019457189e-08,0.999999999999999,2.38457848950895e-05,-7.32870510935716e-07,-0.0004858499555155,0.000107077964949984
14.9151565193531,9.8966419513529e-06,1.72728986942104e-07,0.999999999999985,3.7723170474201e-05,-3.51938763403466e-06,-0.000768658448900145,0.000529117369191877
14.919829239268,7.90352077590704e-05,1.37942460039311e-06,0.999999999999049,0.000258242658543553,-2.81073255733993e-05,-0.00526201835059619,0.00430271395649082
14.9225034909911,1.08820844405765e-06,1.89928202968105e-08,1,-0.000508714930746912,-3.86530914991024e-07,0.0103658135168665,8.92744514194225e-05
14.9251777427142,-7.94394765478436e-06,-1.38648042182068e-07,0.99999999999999,-5.89476529525972e-05,2.82554619208898e-06,0.00120111247545669,-0.000418152712136432
14.9284434791687,-1.32900422629707e-05,-2.31954995218034e-07,0.999999999999973,-2.85714889535508e-05,4.72680361711072e-06,0.000582183360932656,-0.000713117236386428
14.9324512669381,-2.86731385569965e-05,-5.00440674700104e-07,0.999999999999875,-6.69909922699259e-05,1.01974436110537e-05,0.00136500241745755,-0.00157676728259685
14.9352469678023,6.36841653566646e-06,1.1114983668583e-07,0.999999999999994,0.00021876106962473,-2.26455284138637e-06,-0.0044575571772973,0.000322309505905428
14.9380426686664,8.83266472261252e-06,1.5415908113434e-07,0.999999999999988,1.53840652268882e-05,-3.14082967886749e-06,-0.000313437266742966,0.000469638384345522
14.9415529245969,1.57686811556695e-05,2.75215404863613e-07,0.999999999999962,3.44864665501448e-05,-5.60746144772837e-06,-0.000702692857075193,0.000851878321474358
14.94590487556,1.98910052313613e-05,3.47163532818664e-07,0.99999999999994,1.65323848005341e-05,-7.07295341071675e-06,-0.000336743675517858,0.00116980028431264
14.9482357374176,-5.56780823893102e-06,-9.71765858890132e-08,0.999999999999995,-0.000190633399084722,1.98073050484264e-06,0.0038842644775841,-0.000280581456897516
14.9505665992751,-2.3896588926218e-06,-4.1707415675812e-08,0.999999999999999,2.37977081450708e-05,8.50390562637523e-07,-0.000484945059497421,-0.00012549989930153
14.9542282135655,-8.81415321662753e-06,-1.53835994405399e-07,0.999999999999988,-3.06227171512513e-05,3.13519987249653e-06,0.00062398962006905,-0.000472717341040994
14.9591466139474,-7.36739686377671e-05,-1.28585332573972e-06,0.999999999999173,-0.00023015965424353,2.62013641137799e-05,0.0046897695287394,-0.00404554312324539
14.9614789631593,-3.5556197467591e-06,-6.20572715298732e-08,0.999999999999998,0.000524705326265729,1.2650051305869e-06,-0.01069152031594,-0.000210478277491921
14.9638113123712,1.12736853865521e-06,1.96762928829304e-08,1,3.50434506097164e-05,-4.00339368212529e-07,-0.000714020220592494,5.70880321151154e-05
14.9674735901027,9.1232779446976e-06,1.59231238709554e-07,0.999999999999987,3.81060520421614e-05,-3.24396611722807e-06,-0.000776463981585353,0.000486186536918329
14.9722060972097,9.73261393558413e-05,1.69866158001345e-06,0.999999999998557,0.00032528854293957,-3.46119643092171e-05,-0.00662819885578927,0.00527194282411144
14.9751194843374,7.4842623580585e-06,1.30625020231195e-07,0.999999999999991,-0.000538217713980121,-2.66070577550401e-06,0.0109670487078324,0.000454942478917502
14.978032871465,-2.35640981257902e-05,-4.11271097558053e-07,0.999999999999915,-0.000186002097917658,8.38113571874952e-06,0.0037900357935469,-0.00124121218963065
14.9809302237468,-1.83160126194456e-05,-3.19674726046152e-07,0.999999999999949,3.16138193098619e-05,6.5146104581476e-06,-0.000644217574910064,-0.000982073465639711
14.984232465259,-1.2716623845486e-05,-2.21946955841352e-07,0.999999999999975,2.95943739556461e-05,4.52319142800646e-06,-0.000603050692314786,-0.000696681100526686
14.9877216070948,1.17397179338067e-05,2.04896731200351e-07,0.999999999999979,0.000122334862589539,-4.17449027227176e-06,-0.00249278536371352,0.000599155820472169
14.9912107489307,6.07313855990529e-05,1.05996263800154e-06,0.999999999999438,0.000245064817377343,-2.15977281885825e-05,-0.00499355965910877,0.00323827809304012
14.9942915705094,4.12220577107168e-05,7.19460631499063e-07,0.999999999999741,-0.000110523117876266,-1.46592179517348e-05,0.0022521623078509,0.00223242053870394
14.997481398118,3.59368404212451e-06,6.27216188114513e-08,0.999999999999998,-0.000205885424938741,-1.27699810355008e-06,0.00419527996180952,0.000232760996618504
15,-6.03157427878508e-06,-1.05270830243402e-07,0.999999999999994,-6.67006763783993e-05,2.14595563938941e-06,0.00135906900072329,-0.000315101010138875
